2024-10-29 10:56:46,880 DEBUG [main][ClasspathLoggingApplicationListener.java:51] - Application started with classpath: [file:/C:/Program%20Files/Java/jdk1.8.0_202/jre/lib/charsets.jar, file:/C:/Program%20Files/Java/jdk1.8.0_202/jre/lib/deploy.jar, file:/C:/Program%20Files/Java/jdk1.8.0_202/jre/lib/ext/access-bridge-64.jar, file:/C:/Program%20Files/Java/jdk1.8.0_202/jre/lib/ext/cldrdata.jar, file:/C:/Program%20Files/Java/jdk1.8.0_202/jre/lib/ext/dnsns.jar, file:/C:/Program%20Files/Java/jdk1.8.0_202/jre/lib/ext/jaccess.jar, file:/C:/Program%20Files/Java/jdk1.8.0_202/jre/lib/ext/jfxrt.jar, file:/C:/Program%20Files/Java/jdk1.8.0_202/jre/lib/ext/localedata.jar, file:/C:/Program%20Files/Java/jdk1.8.0_202/jre/lib/ext/nashorn.jar, file:/C:/Program%20Files/Java/jdk1.8.0_202/jre/lib/ext/sunec.jar, file:/C:/Program%20Files/Java/jdk1.8.0_202/jre/lib/ext/sunjce_provider.jar, file:/C:/Program%20Files/Java/jdk1.8.0_202/jre/lib/ext/sunmscapi.jar, file:/C:/Program%20Files/Java/jdk1.8.0_202/jre/lib/ext/sunpkcs11.jar, file:/C:/Program%20Files/Java/jdk1.8.0_202/jre/lib/ext/zipfs.jar, file:/C:/Program%20Files/Java/jdk1.8.0_202/jre/lib/javaws.jar, file:/C:/Program%20Files/Java/jdk1.8.0_202/jre/lib/jce.jar, file:/C:/Program%20Files/Java/jdk1.8.0_202/jre/lib/jfr.jar, file:/C:/Program%20Files/Java/jdk1.8.0_202/jre/lib/jfxswt.jar, file:/C:/Program%20Files/Java/jdk1.8.0_202/jre/lib/jsse.jar, file:/C:/Program%20Files/Java/jdk1.8.0_202/jre/lib/management-agent.jar, file:/C:/Program%20Files/Java/jdk1.8.0_202/jre/lib/plugin.jar, file:/C:/Program%20Files/Java/jdk1.8.0_202/jre/lib/resources.jar, file:/C:/Program%20Files/Java/jdk1.8.0_202/jre/lib/rt.jar, file:/D:/itcast2023/xc_edu3.1/code_402/xuecheng-plus-project/xuecheng-plus-content/xuecheng-plus-content-api/target/classes/, file:/D:/itcast2023/xc_edu3.1/code_402/xuecheng-plus-project/xuecheng-plus-content/xuecheng-plus-content-model/target/classes/, file:/D:/develop/repository/com/baomidou/mybatis-plus-annotation/3.4.1/mybatis-plus-annotation-3.4.1.jar, file:/D:/develop/repository/com/baomidou/mybatis-plus-core/3.4.1/mybatis-plus-core-3.4.1.jar, file:/D:/develop/repository/com/github/jsqlparser/jsqlparser/3.2/jsqlparser-3.2.jar, file:/D:/develop/repository/org/mybatis/mybatis/3.5.6/mybatis-3.5.6.jar, file:/D:/develop/repository/org/springframework/cloud/spring-cloud-context/2.2.6.RELEASE/spring-cloud-context-2.2.6.RELEASE.jar, file:/D:/develop/repository/org/springframework/security/spring-security-crypto/5.3.6.RELEASE/spring-security-crypto-5.3.6.RELEASE.jar, file:/D:/develop/repository/org/springframework/boot/spring-boot-starter-web/2.3.7.RELEASE/spring-boot-starter-web-2.3.7.RELEASE.jar, file:/D:/develop/repository/org/springframework/boot/spring-boot-starter-json/2.3.7.RELEASE/spring-boot-starter-json-2.3.7.RELEASE.jar, file:/D:/develop/repository/com/fasterxml/jackson/core/jackson-databind/2.11.3/jackson-databind-2.11.3.jar, file:/D:/develop/repository/org/springframework/boot/spring-boot-starter-tomcat/2.3.7.RELEASE/spring-boot-starter-tomcat-2.3.7.RELEASE.jar, file:/D:/develop/repository/org/apache/tomcat/embed/tomcat-embed-core/9.0.41/tomcat-embed-core-9.0.41.jar, file:/D:/develop/repository/org/apache/tomcat/embed/tomcat-embed-websocket/9.0.41/tomcat-embed-websocket-9.0.41.jar, file:/D:/develop/repository/org/springframework/spring-web/5.2.12.RELEASE/spring-web-5.2.12.RELEASE.jar, file:/D:/develop/repository/org/springframework/spring-beans/5.2.12.RELEASE/spring-beans-5.2.12.RELEASE.jar, file:/D:/develop/repository/org/springframework/spring-webmvc/5.2.12.RELEASE/spring-webmvc-5.2.12.RELEASE.jar, file:/D:/develop/repository/org/springframework/spring-aop/5.2.12.RELEASE/spring-aop-5.2.12.RELEASE.jar, file:/D:/develop/repository/org/springframework/spring-context/5.2.12.RELEASE/spring-context-5.2.12.RELEASE.jar, file:/D:/develop/repository/org/springframework/spring-expression/5.2.12.RELEASE/spring-expression-5.2.12.RELEASE.jar, file:/D:/develop/repository/org/springframework/boot/spring-boot-starter/2.3.7.RELEASE/spring-boot-starter-2.3.7.RELEASE.jar, file:/D:/develop/repository/org/springframework/boot/spring-boot/2.3.7.RELEASE/spring-boot-2.3.7.RELEASE.jar, file:/D:/develop/repository/org/springframework/boot/spring-boot-autoconfigure/2.3.7.RELEASE/spring-boot-autoconfigure-2.3.7.RELEASE.jar, file:/D:/develop/repository/jakarta/annotation/jakarta.annotation-api/1.3.5/jakarta.annotation-api-1.3.5.jar, file:/D:/develop/repository/org/springframework/spring-core/5.2.12.RELEASE/spring-core-5.2.12.RELEASE.jar, file:/D:/develop/repository/org/springframework/spring-jcl/5.2.12.RELEASE/spring-jcl-5.2.12.RELEASE.jar, file:/D:/develop/repository/org/yaml/snakeyaml/1.26/snakeyaml-1.26.jar, file:/D:/develop/repository/org/springframework/boot/spring-boot-starter-validation/2.3.7.RELEASE/spring-boot-starter-validation-2.3.7.RELEASE.jar, file:/D:/develop/repository/org/glassfish/jakarta.el/3.0.3/jakarta.el-3.0.3.jar, file:/D:/develop/repository/org/hibernate/validator/hibernate-validator/6.1.6.Final/hibernate-validator-6.1.6.Final.jar, file:/D:/develop/repository/jakarta/validation/jakarta.validation-api/2.0.2/jakarta.validation-api-2.0.2.jar, file:/D:/develop/repository/org/jboss/logging/jboss-logging/3.4.1.Final/jboss-logging-3.4.1.Final.jar, file:/D:/develop/repository/com/fasterxml/classmate/1.5.1/classmate-1.5.1.jar, file:/D:/develop/repository/org/springframework/boot/spring-boot-starter-log4j2/2.3.7.RELEASE/spring-boot-starter-log4j2-2.3.7.RELEASE.jar, file:/D:/develop/repository/org/apache/logging/log4j/log4j-slf4j-impl/2.13.3/log4j-slf4j-impl-2.13.3.jar, file:/D:/develop/repository/org/slf4j/slf4j-api/1.7.30/slf4j-api-1.7.30.jar, file:/D:/develop/repository/org/apache/logging/log4j/log4j-api/2.13.3/log4j-api-2.13.3.jar, file:/D:/develop/repository/org/apache/logging/log4j/log4j-core/2.13.3/log4j-core-2.13.3.jar, file:/D:/develop/repository/org/apache/logging/log4j/log4j-jul/2.13.3/log4j-jul-2.13.3.jar, file:/D:/develop/repository/org/slf4j/jul-to-slf4j/1.7.30/jul-to-slf4j-1.7.30.jar, file:/D:/develop/repository/com/spring4all/swagger-spring-boot-starter/1.9.0.RELEASE/swagger-spring-boot-starter-1.9.0.RELEASE.jar, file:/D:/develop/repository/io/springfox/springfox-swagger-ui/2.9.2/springfox-swagger-ui-2.9.2.jar, file:/D:/develop/repository/io/springfox/springfox-spring-web/2.9.2/springfox-spring-web-2.9.2.jar, file:/D:/develop/repository/io/springfox/springfox-swagger2/2.9.2/springfox-swagger2-2.9.2.jar, file:/D:/develop/repository/io/swagger/swagger-models/1.5.20/swagger-models-1.5.20.jar, file:/D:/develop/repository/io/springfox/springfox-spi/2.9.2/springfox-spi-2.9.2.jar, file:/D:/develop/repository/io/springfox/springfox-core/2.9.2/springfox-core-2.9.2.jar, file:/D:/develop/repository/net/bytebuddy/byte-buddy/1.10.18/byte-buddy-1.10.18.jar, file:/D:/develop/repository/io/springfox/springfox-schema/2.9.2/springfox-schema-2.9.2.jar, file:/D:/develop/repository/io/springfox/springfox-swagger-common/2.9.2/springfox-swagger-common-2.9.2.jar, file:/D:/develop/repository/com/google/guava/guava/25.0-jre/guava-25.0-jre.jar, file:/D:/develop/repository/com/google/code/findbugs/jsr305/1.3.9/jsr305-1.3.9.jar, file:/D:/develop/repository/org/checkerframework/checker-compat-qual/2.0.0/checker-compat-qual-2.0.0.jar, file:/D:/develop/repository/com/google/errorprone/error_prone_annotations/2.1.3/error_prone_annotations-2.1.3.jar, file:/D:/develop/repository/com/google/j2objc/j2objc-annotations/1.1/j2objc-annotations-1.1.jar, file:/D:/develop/repository/org/codehaus/mojo/animal-sniffer-annotations/1.14/animal-sniffer-annotations-1.14.jar, file:/D:/develop/repository/org/springframework/plugin/spring-plugin-core/1.2.0.RELEASE/spring-plugin-core-1.2.0.RELEASE.jar, file:/D:/develop/repository/org/springframework/plugin/spring-plugin-metadata/1.2.0.RELEASE/spring-plugin-metadata-1.2.0.RELEASE.jar, file:/D:/develop/repository/org/mapstruct/mapstruct/1.2.0.Final/mapstruct-1.2.0.Final.jar, file:/D:/develop/repository/io/springfox/springfox-bean-validators/2.9.2/springfox-bean-validators-2.9.2.jar, file:/D:/itcast2023/xc_edu3.1/code_402/xuecheng-plus-project/xuecheng-plus-base/target/classes/, file:/D:/develop/repository/org/projectlombok/lombok/1.18.8/lombok-1.18.8.jar, file:/D:/develop/repository/org/apache/commons/commons-lang3/3.10/commons-lang3-3.10.jar, file:/D:/develop/repository/com/alibaba/fastjson/1.2.83/fastjson-1.2.83.jar, file:/D:/develop/repository/commons-lang/commons-lang/2.6/commons-lang-2.6.jar, file:/D:/develop/repository/commons-codec/commons-codec/1.14/commons-codec-1.14.jar, file:/D:/develop/repository/io/swagger/swagger-annotations/1.5.20/swagger-annotations-1.5.20.jar, file:/D:/develop/repository/com/j256/simplemagic/simplemagic/1.17/simplemagic-1.17.jar, file:/D:/develop/repository/com/google/zxing/core/3.3.3/core-3.3.3.jar, file:/D:/develop/repository/com/google/zxing/javase/3.3.3/javase-3.3.3.jar, file:/D:/develop/repository/com/beust/jcommander/1.72/jcommander-1.72.jar, file:/D:/develop/repository/com/github/jai-imageio/jai-imageio-core/1.4.0/jai-imageio-core-1.4.0.jar, file:/D:/develop/repository/com/fasterxml/jackson/module/jackson-module-parameter-names/2.11.3/jackson-module-parameter-names-2.11.3.jar, file:/D:/develop/repository/com/fasterxml/jackson/core/jackson-core/2.11.3/jackson-core-2.11.3.jar, file:/D:/develop/repository/com/fasterxml/jackson/datatype/jackson-datatype-jdk8/2.11.3/jackson-datatype-jdk8-2.11.3.jar, file:/D:/develop/repository/com/fasterxml/jackson/datatype/jackson-datatype-jsr310/2.11.3/jackson-datatype-jsr310-2.11.3.jar, file:/D:/develop/repository/com/fasterxml/jackson/core/jackson-annotations/2.11.3/jackson-annotations-2.11.3.jar, file:/D:/IntelliJ%20IDEA%202022.2.3/lib/idea_rt.jar]
2024-10-29 10:56:46,880 DEBUG [main][ClasspathLoggingApplicationListener.java:51] - Application started with classpath: [file:/C:/Program%20Files/Java/jdk1.8.0_202/jre/lib/charsets.jar, file:/C:/Program%20Files/Java/jdk1.8.0_202/jre/lib/deploy.jar, file:/C:/Program%20Files/Java/jdk1.8.0_202/jre/lib/ext/access-bridge-64.jar, file:/C:/Program%20Files/Java/jdk1.8.0_202/jre/lib/ext/cldrdata.jar, file:/C:/Program%20Files/Java/jdk1.8.0_202/jre/lib/ext/dnsns.jar, file:/C:/Program%20Files/Java/jdk1.8.0_202/jre/lib/ext/jaccess.jar, file:/C:/Program%20Files/Java/jdk1.8.0_202/jre/lib/ext/jfxrt.jar, file:/C:/Program%20Files/Java/jdk1.8.0_202/jre/lib/ext/localedata.jar, file:/C:/Program%20Files/Java/jdk1.8.0_202/jre/lib/ext/nashorn.jar, file:/C:/Program%20Files/Java/jdk1.8.0_202/jre/lib/ext/sunec.jar, file:/C:/Program%20Files/Java/jdk1.8.0_202/jre/lib/ext/sunjce_provider.jar, file:/C:/Program%20Files/Java/jdk1.8.0_202/jre/lib/ext/sunmscapi.jar, file:/C:/Program%20Files/Java/jdk1.8.0_202/jre/lib/ext/sunpkcs11.jar, file:/C:/Program%20Files/Java/jdk1.8.0_202/jre/lib/ext/zipfs.jar, file:/C:/Program%20Files/Java/jdk1.8.0_202/jre/lib/javaws.jar, file:/C:/Program%20Files/Java/jdk1.8.0_202/jre/lib/jce.jar, file:/C:/Program%20Files/Java/jdk1.8.0_202/jre/lib/jfr.jar, file:/C:/Program%20Files/Java/jdk1.8.0_202/jre/lib/jfxswt.jar, file:/C:/Program%20Files/Java/jdk1.8.0_202/jre/lib/jsse.jar, file:/C:/Program%20Files/Java/jdk1.8.0_202/jre/lib/management-agent.jar, file:/C:/Program%20Files/Java/jdk1.8.0_202/jre/lib/plugin.jar, file:/C:/Program%20Files/Java/jdk1.8.0_202/jre/lib/resources.jar, file:/C:/Program%20Files/Java/jdk1.8.0_202/jre/lib/rt.jar, file:/D:/itcast2023/xc_edu3.1/code_402/xuecheng-plus-project/xuecheng-plus-content/xuecheng-plus-content-api/target/classes/, file:/D:/itcast2023/xc_edu3.1/code_402/xuecheng-plus-project/xuecheng-plus-content/xuecheng-plus-content-model/target/classes/, file:/D:/develop/repository/com/baomidou/mybatis-plus-annotation/3.4.1/mybatis-plus-annotation-3.4.1.jar, file:/D:/develop/repository/com/baomidou/mybatis-plus-core/3.4.1/mybatis-plus-core-3.4.1.jar, file:/D:/develop/repository/com/github/jsqlparser/jsqlparser/3.2/jsqlparser-3.2.jar, file:/D:/develop/repository/org/mybatis/mybatis/3.5.6/mybatis-3.5.6.jar, file:/D:/develop/repository/org/springframework/cloud/spring-cloud-context/2.2.6.RELEASE/spring-cloud-context-2.2.6.RELEASE.jar, file:/D:/develop/repository/org/springframework/security/spring-security-crypto/5.3.6.RELEASE/spring-security-crypto-5.3.6.RELEASE.jar, file:/D:/develop/repository/org/springframework/boot/spring-boot-starter-web/2.3.7.RELEASE/spring-boot-starter-web-2.3.7.RELEASE.jar, file:/D:/develop/repository/org/springframework/boot/spring-boot-starter-json/2.3.7.RELEASE/spring-boot-starter-json-2.3.7.RELEASE.jar, file:/D:/develop/repository/com/fasterxml/jackson/core/jackson-databind/2.11.3/jackson-databind-2.11.3.jar, file:/D:/develop/repository/org/springframework/boot/spring-boot-starter-tomcat/2.3.7.RELEASE/spring-boot-starter-tomcat-2.3.7.RELEASE.jar, file:/D:/develop/repository/org/apache/tomcat/embed/tomcat-embed-core/9.0.41/tomcat-embed-core-9.0.41.jar, file:/D:/develop/repository/org/apache/tomcat/embed/tomcat-embed-websocket/9.0.41/tomcat-embed-websocket-9.0.41.jar, file:/D:/develop/repository/org/springframework/spring-web/5.2.12.RELEASE/spring-web-5.2.12.RELEASE.jar, file:/D:/develop/repository/org/springframework/spring-beans/5.2.12.RELEASE/spring-beans-5.2.12.RELEASE.jar, file:/D:/develop/repository/org/springframework/spring-webmvc/5.2.12.RELEASE/spring-webmvc-5.2.12.RELEASE.jar, file:/D:/develop/repository/org/springframework/spring-aop/5.2.12.RELEASE/spring-aop-5.2.12.RELEASE.jar, file:/D:/develop/repository/org/springframework/spring-context/5.2.12.RELEASE/spring-context-5.2.12.RELEASE.jar, file:/D:/develop/repository/org/springframework/spring-expression/5.2.12.RELEASE/spring-expression-5.2.12.RELEASE.jar, file:/D:/develop/repository/org/springframework/boot/spring-boot-starter/2.3.7.RELEASE/spring-boot-starter-2.3.7.RELEASE.jar, file:/D:/develop/repository/org/springframework/boot/spring-boot/2.3.7.RELEASE/spring-boot-2.3.7.RELEASE.jar, file:/D:/develop/repository/org/springframework/boot/spring-boot-autoconfigure/2.3.7.RELEASE/spring-boot-autoconfigure-2.3.7.RELEASE.jar, file:/D:/develop/repository/jakarta/annotation/jakarta.annotation-api/1.3.5/jakarta.annotation-api-1.3.5.jar, file:/D:/develop/repository/org/springframework/spring-core/5.2.12.RELEASE/spring-core-5.2.12.RELEASE.jar, file:/D:/develop/repository/org/springframework/spring-jcl/5.2.12.RELEASE/spring-jcl-5.2.12.RELEASE.jar, file:/D:/develop/repository/org/yaml/snakeyaml/1.26/snakeyaml-1.26.jar, file:/D:/develop/repository/org/springframework/boot/spring-boot-starter-validation/2.3.7.RELEASE/spring-boot-starter-validation-2.3.7.RELEASE.jar, file:/D:/develop/repository/org/glassfish/jakarta.el/3.0.3/jakarta.el-3.0.3.jar, file:/D:/develop/repository/org/hibernate/validator/hibernate-validator/6.1.6.Final/hibernate-validator-6.1.6.Final.jar, file:/D:/develop/repository/jakarta/validation/jakarta.validation-api/2.0.2/jakarta.validation-api-2.0.2.jar, file:/D:/develop/repository/org/jboss/logging/jboss-logging/3.4.1.Final/jboss-logging-3.4.1.Final.jar, file:/D:/develop/repository/com/fasterxml/classmate/1.5.1/classmate-1.5.1.jar, file:/D:/develop/repository/org/springframework/boot/spring-boot-starter-log4j2/2.3.7.RELEASE/spring-boot-starter-log4j2-2.3.7.RELEASE.jar, file:/D:/develop/repository/org/apache/logging/log4j/log4j-slf4j-impl/2.13.3/log4j-slf4j-impl-2.13.3.jar, file:/D:/develop/repository/org/slf4j/slf4j-api/1.7.30/slf4j-api-1.7.30.jar, file:/D:/develop/repository/org/apache/logging/log4j/log4j-api/2.13.3/log4j-api-2.13.3.jar, file:/D:/develop/repository/org/apache/logging/log4j/log4j-core/2.13.3/log4j-core-2.13.3.jar, file:/D:/develop/repository/org/apache/logging/log4j/log4j-jul/2.13.3/log4j-jul-2.13.3.jar, file:/D:/develop/repository/org/slf4j/jul-to-slf4j/1.7.30/jul-to-slf4j-1.7.30.jar, file:/D:/develop/repository/com/spring4all/swagger-spring-boot-starter/1.9.0.RELEASE/swagger-spring-boot-starter-1.9.0.RELEASE.jar, file:/D:/develop/repository/io/springfox/springfox-swagger-ui/2.9.2/springfox-swagger-ui-2.9.2.jar, file:/D:/develop/repository/io/springfox/springfox-spring-web/2.9.2/springfox-spring-web-2.9.2.jar, file:/D:/develop/repository/io/springfox/springfox-swagger2/2.9.2/springfox-swagger2-2.9.2.jar, file:/D:/develop/repository/io/swagger/swagger-models/1.5.20/swagger-models-1.5.20.jar, file:/D:/develop/repository/io/springfox/springfox-spi/2.9.2/springfox-spi-2.9.2.jar, file:/D:/develop/repository/io/springfox/springfox-core/2.9.2/springfox-core-2.9.2.jar, file:/D:/develop/repository/net/bytebuddy/byte-buddy/1.10.18/byte-buddy-1.10.18.jar, file:/D:/develop/repository/io/springfox/springfox-schema/2.9.2/springfox-schema-2.9.2.jar, file:/D:/develop/repository/io/springfox/springfox-swagger-common/2.9.2/springfox-swagger-common-2.9.2.jar, file:/D:/develop/repository/com/google/guava/guava/25.0-jre/guava-25.0-jre.jar, file:/D:/develop/repository/com/google/code/findbugs/jsr305/1.3.9/jsr305-1.3.9.jar, file:/D:/develop/repository/org/checkerframework/checker-compat-qual/2.0.0/checker-compat-qual-2.0.0.jar, file:/D:/develop/repository/com/google/errorprone/error_prone_annotations/2.1.3/error_prone_annotations-2.1.3.jar, file:/D:/develop/repository/com/google/j2objc/j2objc-annotations/1.1/j2objc-annotations-1.1.jar, file:/D:/develop/repository/org/codehaus/mojo/animal-sniffer-annotations/1.14/animal-sniffer-annotations-1.14.jar, file:/D:/develop/repository/org/springframework/plugin/spring-plugin-core/1.2.0.RELEASE/spring-plugin-core-1.2.0.RELEASE.jar, file:/D:/develop/repository/org/springframework/plugin/spring-plugin-metadata/1.2.0.RELEASE/spring-plugin-metadata-1.2.0.RELEASE.jar, file:/D:/develop/repository/org/mapstruct/mapstruct/1.2.0.Final/mapstruct-1.2.0.Final.jar, file:/D:/develop/repository/io/springfox/springfox-bean-validators/2.9.2/springfox-bean-validators-2.9.2.jar, file:/D:/itcast2023/xc_edu3.1/code_402/xuecheng-plus-project/xuecheng-plus-base/target/classes/, file:/D:/develop/repository/org/projectlombok/lombok/1.18.8/lombok-1.18.8.jar, file:/D:/develop/repository/org/apache/commons/commons-lang3/3.10/commons-lang3-3.10.jar, file:/D:/develop/repository/com/alibaba/fastjson/1.2.83/fastjson-1.2.83.jar, file:/D:/develop/repository/commons-lang/commons-lang/2.6/commons-lang-2.6.jar, file:/D:/develop/repository/commons-codec/commons-codec/1.14/commons-codec-1.14.jar, file:/D:/develop/repository/io/swagger/swagger-annotations/1.5.20/swagger-annotations-1.5.20.jar, file:/D:/develop/repository/com/j256/simplemagic/simplemagic/1.17/simplemagic-1.17.jar, file:/D:/develop/repository/com/google/zxing/core/3.3.3/core-3.3.3.jar, file:/D:/develop/repository/com/google/zxing/javase/3.3.3/javase-3.3.3.jar, file:/D:/develop/repository/com/beust/jcommander/1.72/jcommander-1.72.jar, file:/D:/develop/repository/com/github/jai-imageio/jai-imageio-core/1.4.0/jai-imageio-core-1.4.0.jar, file:/D:/develop/repository/com/fasterxml/jackson/module/jackson-module-parameter-names/2.11.3/jackson-module-parameter-names-2.11.3.jar, file:/D:/develop/repository/com/fasterxml/jackson/core/jackson-core/2.11.3/jackson-core-2.11.3.jar, file:/D:/develop/repository/com/fasterxml/jackson/datatype/jackson-datatype-jdk8/2.11.3/jackson-datatype-jdk8-2.11.3.jar, file:/D:/develop/repository/com/fasterxml/jackson/datatype/jackson-datatype-jsr310/2.11.3/jackson-datatype-jsr310-2.11.3.jar, file:/D:/develop/repository/com/fasterxml/jackson/core/jackson-annotations/2.11.3/jackson-annotations-2.11.3.jar, file:/D:/IntelliJ%20IDEA%202022.2.3/lib/idea_rt.jar]
2024-10-29 10:56:46,905 DEBUG [background-preinit][LoggerProviders.java:152] - Logging Provider: org.jboss.logging.Log4j2LoggerProvider
2024-10-29 10:56:46,905 DEBUG [background-preinit][LoggerProviders.java:152] - Logging Provider: org.jboss.logging.Log4j2LoggerProvider
2024-10-29 10:56:46,905 INFO [background-preinit][Version.java:21] - HV000001: Hibernate Validator 6.1.6.Final
2024-10-29 10:56:46,905 INFO [background-preinit][Version.java:21] - HV000001: Hibernate Validator 6.1.6.Final
2024-10-29 10:56:46,909 DEBUG [background-preinit][ValidationXmlParser.java:120] - Trying to load META-INF/validation.xml for XML based Validator configuration.
2024-10-29 10:56:46,909 DEBUG [background-preinit][ValidationXmlParser.java:120] - Trying to load META-INF/validation.xml for XML based Validator configuration.
2024-10-29 10:56:46,910 DEBUG [background-preinit][ResourceLoaderHelper.java:60] - Trying to load META-INF/validation.xml via TCCL
2024-10-29 10:56:46,910 DEBUG [background-preinit][ResourceLoaderHelper.java:60] - Trying to load META-INF/validation.xml via TCCL
2024-10-29 10:56:46,911 DEBUG [background-preinit][ResourceLoaderHelper.java:66] - Trying to load META-INF/validation.xml via Hibernate Validator's class loader
2024-10-29 10:56:46,911 DEBUG [background-preinit][ResourceLoaderHelper.java:66] - Trying to load META-INF/validation.xml via Hibernate Validator's class loader
2024-10-29 10:56:46,911 DEBUG [background-preinit][ValidationXmlParser.java:127] - No META-INF/validation.xml found. Using annotation based configuration only.
2024-10-29 10:56:46,911 DEBUG [background-preinit][ValidationXmlParser.java:127] - No META-INF/validation.xml found. Using annotation based configuration only.
2024-10-29 10:56:46,913 DEBUG [background-preinit][TraversableResolvers.java:60] - Cannot find javax.persistence.Persistence on classpath. Assuming non JPA 2 environment. All properties will per default be traversable.
2024-10-29 10:56:46,913 DEBUG [background-preinit][TraversableResolvers.java:60] - Cannot find javax.persistence.Persistence on classpath. Assuming non JPA 2 environment. All properties will per default be traversable.
2024-10-29 10:56:46,932 DEBUG [background-preinit][ResourceBundleMessageInterpolator.java:172] - Loaded expression factory via original TCCL
2024-10-29 10:56:46,932 DEBUG [background-preinit][ResourceBundleMessageInterpolator.java:172] - Loaded expression factory via original TCCL
2024-10-29 10:56:46,941 DEBUG [main][PropertySourcesPropertyResolver.java:115] - Found key 'spring.application.name' in PropertySource 'configurationProperties' with value of type String
2024-10-29 10:56:46,941 DEBUG [main][PropertySourcesPropertyResolver.java:115] - Found key 'spring.application.name' in PropertySource 'configurationProperties' with value of type String
2024-10-29 10:56:46,943 DEBUG [main][SpringApplication.java:679] - Loading source class org.springframework.cloud.bootstrap.BootstrapImportSelectorConfiguration
2024-10-29 10:56:46,943 DEBUG [main][SpringApplication.java:679] - Loading source class org.springframework.cloud.bootstrap.BootstrapImportSelectorConfiguration
2024-10-29 10:56:46,954 DEBUG [main][DeferredLog.java:222] - Loaded config file 'file:/D:/itcast2023/xc_edu3.1/code_402/xuecheng-plus-project/xuecheng-plus-content/xuecheng-plus-content-api/target/classes/bootstrap.yml' (classpath:/bootstrap.yml)
2024-10-29 10:56:46,954 DEBUG [main][DeferredLog.java:222] - Loaded config file 'file:/D:/itcast2023/xc_edu3.1/code_402/xuecheng-plus-project/xuecheng-plus-content/xuecheng-plus-content-api/target/classes/bootstrap.yml' (classpath:/bootstrap.yml)
2024-10-29 10:56:46,955 DEBUG [main][AbstractApplicationContext.java:596] - Refreshing org.springframework.context.annotation.AnnotationConfigApplicationContext@1b410b60
2024-10-29 10:56:46,955 DEBUG [main][AbstractApplicationContext.java:596] - Refreshing org.springframework.context.annotation.AnnotationConfigApplicationContext@1b410b60
2024-10-29 10:56:46,961 DEBUG [main][DefaultSingletonBeanRegistry.java:225] - Creating shared instance of singleton bean 'org.springframework.context.annotation.internalConfigurationAnnotationProcessor'
2024-10-29 10:56:46,961 DEBUG [main][DefaultSingletonBeanRegistry.java:225] - Creating shared instance of singleton bean 'org.springframework.context.annotation.internalConfigurationAnnotationProcessor'
2024-10-29 10:56:46,967 DEBUG [main][DefaultSingletonBeanRegistry.java:225] - Creating shared instance of singleton bean 'org.springframework.boot.autoconfigure.internalCachingMetadataReaderFactory'
2024-10-29 10:56:46,967 DEBUG [main][DefaultSingletonBeanRegistry.java:225] - Creating shared instance of singleton bean 'org.springframework.boot.autoconfigure.internalCachingMetadataReaderFactory'
2024-10-29 10:56:47,022 DEBUG [background-preinit][ValidatorFactoryConfigurationHelper.java:300] - HV000252: Using org.hibernate.validator.internal.engine.DefaultPropertyNodeNameProvider as property node name provider.
2024-10-29 10:56:47,022 DEBUG [background-preinit][ValidatorFactoryConfigurationHelper.java:300] - HV000252: Using org.hibernate.validator.internal.engine.DefaultPropertyNodeNameProvider as property node name provider.
2024-10-29 10:56:47,025 DEBUG [background-preinit][ValidatorFactoryConfigurationHelper.java:375] - HV000234: Using org.hibernate.validator.messageinterpolation.ResourceBundleMessageInterpolator as ValidatorFactory-scoped message interpolator.
2024-10-29 10:56:47,025 DEBUG [background-preinit][ValidatorFactoryConfigurationHelper.java:375] - HV000234: Using org.hibernate.validator.messageinterpolation.ResourceBundleMessageInterpolator as ValidatorFactory-scoped message interpolator.
2024-10-29 10:56:47,025 DEBUG [background-preinit][ValidatorFactoryConfigurationHelper.java:376] - HV000234: Using org.hibernate.validator.internal.engine.resolver.TraverseAllTraversableResolver as ValidatorFactory-scoped traversable resolver.
2024-10-29 10:56:47,025 DEBUG [background-preinit][ValidatorFactoryConfigurationHelper.java:376] - HV000234: Using org.hibernate.validator.internal.engine.resolver.TraverseAllTraversableResolver as ValidatorFactory-scoped traversable resolver.
2024-10-29 10:56:47,025 DEBUG [background-preinit][ValidatorFactoryConfigurationHelper.java:377] - HV000234: Using org.hibernate.validator.internal.util.ExecutableParameterNameProvider as ValidatorFactory-scoped parameter name provider.
2024-10-29 10:56:47,025 DEBUG [background-preinit][ValidatorFactoryConfigurationHelper.java:377] - HV000234: Using org.hibernate.validator.internal.util.ExecutableParameterNameProvider as ValidatorFactory-scoped parameter name provider.
2024-10-29 10:56:47,025 DEBUG [background-preinit][ValidatorFactoryConfigurationHelper.java:378] - HV000234: Using org.hibernate.validator.internal.engine.DefaultClockProvider as ValidatorFactory-scoped clock provider.
2024-10-29 10:56:47,025 DEBUG [background-preinit][ValidatorFactoryConfigurationHelper.java:378] - HV000234: Using org.hibernate.validator.internal.engine.DefaultClockProvider as ValidatorFactory-scoped clock provider.
2024-10-29 10:56:47,026 DEBUG [background-preinit][ValidatorFactoryConfigurationHelper.java:379] - HV000234: Using org.hibernate.validator.internal.engine.scripting.DefaultScriptEvaluatorFactory as ValidatorFactory-scoped script evaluator factory.
2024-10-29 10:56:47,026 DEBUG [background-preinit][ValidatorFactoryConfigurationHelper.java:379] - HV000234: Using org.hibernate.validator.internal.engine.scripting.DefaultScriptEvaluatorFactory as ValidatorFactory-scoped script evaluator factory.
2024-10-29 10:56:47,048 DEBUG [main][DefaultSingletonBeanRegistry.java:225] - Creating shared instance of singleton bean 'propertySourcesPlaceholderConfigurer'
2024-10-29 10:56:47,048 DEBUG [main][DefaultSingletonBeanRegistry.java:225] - Creating shared instance of singleton bean 'propertySourcesPlaceholderConfigurer'
2024-10-29 10:56:47,050 DEBUG [main][DefaultSingletonBeanRegistry.java:225] - Creating shared instance of singleton bean 'org.springframework.context.event.internalEventListenerProcessor'
2024-10-29 10:56:47,050 DEBUG [main][DefaultSingletonBeanRegistry.java:225] - Creating shared instance of singleton bean 'org.springframework.context.event.internalEventListenerProcessor'
2024-10-29 10:56:47,051 DEBUG [main][DefaultSingletonBeanRegistry.java:225] - Creating shared instance of singleton bean 'org.springframework.context.event.internalEventListenerFactory'
2024-10-29 10:56:47,051 DEBUG [main][DefaultSingletonBeanRegistry.java:225] - Creating shared instance of singleton bean 'org.springframework.context.event.internalEventListenerFactory'
2024-10-29 10:56:47,052 DEBUG [main][DefaultSingletonBeanRegistry.java:225] - Creating shared instance of singleton bean 'org.springframework.context.annotation.internalAutowiredAnnotationProcessor'
2024-10-29 10:56:47,052 DEBUG [main][DefaultSingletonBeanRegistry.java:225] - Creating shared instance of singleton bean 'org.springframework.context.annotation.internalAutowiredAnnotationProcessor'
2024-10-29 10:56:47,052 DEBUG [main][DefaultSingletonBeanRegistry.java:225] - Creating shared instance of singleton bean 'org.springframework.context.annotation.internalCommonAnnotationProcessor'
2024-10-29 10:56:47,052 DEBUG [main][DefaultSingletonBeanRegistry.java:225] - Creating shared instance of singleton bean 'org.springframework.context.annotation.internalCommonAnnotationProcessor'
2024-10-29 10:56:47,054 DEBUG [main][DefaultSingletonBeanRegistry.java:225] - Creating shared instance of singleton bean 'org.springframework.boot.context.properties.ConfigurationPropertiesBindingPostProcessor'
2024-10-29 10:56:47,054 DEBUG [main][DefaultSingletonBeanRegistry.java:225] - Creating shared instance of singleton bean 'org.springframework.boot.context.properties.ConfigurationPropertiesBindingPostProcessor'
2024-10-29 10:56:47,054 DEBUG [main][DefaultSingletonBeanRegistry.java:225] - Creating shared instance of singleton bean 'org.springframework.boot.context.internalConfigurationPropertiesBinder'
2024-10-29 10:56:47,054 DEBUG [main][DefaultSingletonBeanRegistry.java:225] - Creating shared instance of singleton bean 'org.springframework.boot.context.internalConfigurationPropertiesBinder'
2024-10-29 10:56:47,054 DEBUG [main][DefaultSingletonBeanRegistry.java:225] - Creating shared instance of singleton bean 'org.springframework.boot.context.internalConfigurationPropertiesBinderFactory'
2024-10-29 10:56:47,054 DEBUG [main][DefaultSingletonBeanRegistry.java:225] - Creating shared instance of singleton bean 'org.springframework.boot.context.internalConfigurationPropertiesBinderFactory'
2024-10-29 10:56:47,055 DEBUG [main][DefaultSingletonBeanRegistry.java:225] - Creating shared instance of singleton bean 'configurationPropertiesBeans'
2024-10-29 10:56:47,055 DEBUG [main][DefaultSingletonBeanRegistry.java:225] - Creating shared instance of singleton bean 'configurationPropertiesBeans'
2024-10-29 10:56:47,059 DEBUG [main][DefaultSingletonBeanRegistry.java:225] - Creating shared instance of singleton bean 'bootstrapImportSelectorConfiguration'
2024-10-29 10:56:47,059 DEBUG [main][DefaultSingletonBeanRegistry.java:225] - Creating shared instance of singleton bean 'bootstrapImportSelectorConfiguration'
2024-10-29 10:56:47,060 DEBUG [main][DefaultSingletonBeanRegistry.java:225] - Creating shared instance of singleton bean 'org.springframework.cloud.bootstrap.config.PropertySourceBootstrapConfiguration'
2024-10-29 10:56:47,060 DEBUG [main][DefaultSingletonBeanRegistry.java:225] - Creating shared instance of singleton bean 'org.springframework.cloud.bootstrap.config.PropertySourceBootstrapConfiguration'
2024-10-29 10:56:47,063 DEBUG [main][DefaultSingletonBeanRegistry.java:225] - Creating shared instance of singleton bean 'org.springframework.boot.context.properties.BoundConfigurationProperties'
2024-10-29 10:56:47,063 DEBUG [main][DefaultSingletonBeanRegistry.java:225] - Creating shared instance of singleton bean 'org.springframework.boot.context.properties.BoundConfigurationProperties'
2024-10-29 10:56:47,063 DEBUG [main][DefaultSingletonBeanRegistry.java:225] - Creating shared instance of singleton bean 'org.springframework.boot.context.properties.ConfigurationBeanFactoryMetadata'
2024-10-29 10:56:47,063 DEBUG [main][DefaultSingletonBeanRegistry.java:225] - Creating shared instance of singleton bean 'org.springframework.boot.context.properties.ConfigurationBeanFactoryMetadata'
2024-10-29 10:56:47,064 DEBUG [main][DefaultSingletonBeanRegistry.java:225] - Creating shared instance of singleton bean 'spring.cloud.config-org.springframework.cloud.bootstrap.config.PropertySourceBootstrapProperties'
2024-10-29 10:56:47,064 DEBUG [main][DefaultSingletonBeanRegistry.java:225] - Creating shared instance of singleton bean 'spring.cloud.config-org.springframework.cloud.bootstrap.config.PropertySourceBootstrapProperties'
2024-10-29 10:56:47,069 DEBUG [main][DefaultSingletonBeanRegistry.java:225] - Creating shared instance of singleton bean 'org.springframework.cloud.bootstrap.encrypt.EncryptionBootstrapConfiguration'
2024-10-29 10:56:47,069 DEBUG [main][DefaultSingletonBeanRegistry.java:225] - Creating shared instance of singleton bean 'org.springframework.cloud.bootstrap.encrypt.EncryptionBootstrapConfiguration'
2024-10-29 10:56:47,070 DEBUG [main][DefaultSingletonBeanRegistry.java:225] - Creating shared instance of singleton bean 'encrypt-org.springframework.cloud.bootstrap.encrypt.KeyProperties'
2024-10-29 10:56:47,070 DEBUG [main][DefaultSingletonBeanRegistry.java:225] - Creating shared instance of singleton bean 'encrypt-org.springframework.cloud.bootstrap.encrypt.KeyProperties'
2024-10-29 10:56:47,072 DEBUG [main][DefaultSingletonBeanRegistry.java:225] - Creating shared instance of singleton bean 'environmentDecryptApplicationListener'
2024-10-29 10:56:47,072 DEBUG [main][DefaultSingletonBeanRegistry.java:225] - Creating shared instance of singleton bean 'environmentDecryptApplicationListener'
2024-10-29 10:56:47,072 DEBUG [main][DefaultSingletonBeanRegistry.java:225] - Creating shared instance of singleton bean 'org.springframework.cloud.autoconfigure.ConfigurationPropertiesRebinderAutoConfiguration'
2024-10-29 10:56:47,072 DEBUG [main][DefaultSingletonBeanRegistry.java:225] - Creating shared instance of singleton bean 'org.springframework.cloud.autoconfigure.ConfigurationPropertiesRebinderAutoConfiguration'
2024-10-29 10:56:47,073 DEBUG [main][DefaultSingletonBeanRegistry.java:225] - Creating shared instance of singleton bean 'configurationPropertiesRebinder'
2024-10-29 10:56:47,073 DEBUG [main][DefaultSingletonBeanRegistry.java:225] - Creating shared instance of singleton bean 'configurationPropertiesRebinder'
2024-10-29 10:56:47,073 DEBUG [main][ConstructorResolver.java:807] - Autowiring by type from bean name 'configurationPropertiesRebinder' via factory method to bean named 'configurationPropertiesBeans'
2024-10-29 10:56:47,073 DEBUG [main][ConstructorResolver.java:807] - Autowiring by type from bean name 'configurationPropertiesRebinder' via factory method to bean named 'configurationPropertiesBeans'
2024-10-29 10:56:47,076 DEBUG [main][DefaultSingletonBeanRegistry.java:225] - Creating shared instance of singleton bean 'org.springframework.boot.autoconfigure.context.PropertyPlaceholderAutoConfiguration'
2024-10-29 10:56:47,076 DEBUG [main][DefaultSingletonBeanRegistry.java:225] - Creating shared instance of singleton bean 'org.springframework.boot.autoconfigure.context.PropertyPlaceholderAutoConfiguration'
2024-10-29 10:56:47,076 DEBUG [main][DefaultSingletonBeanRegistry.java:225] - Creating shared instance of singleton bean 'org.springframework.cloud.util.random.CachedRandomPropertySourceAutoConfiguration'
2024-10-29 10:56:47,076 DEBUG [main][DefaultSingletonBeanRegistry.java:225] - Creating shared instance of singleton bean 'org.springframework.cloud.util.random.CachedRandomPropertySourceAutoConfiguration'
2024-10-29 10:56:47,082 DEBUG [main][ConditionEvaluationReportLoggingListener.java:126] - 


============================
CONDITIONS EVALUATION REPORT
============================


Positive matches:
-----------------

   ConfigurationPropertiesRebinderAutoConfiguration matched:
      - @ConditionalOnBean (types: org.springframework.boot.context.properties.ConfigurationPropertiesBindingPostProcessor; SearchStrategy: all) found bean 'org.springframework.boot.context.properties.ConfigurationPropertiesBindingPostProcessor' (OnBeanCondition)

   ConfigurationPropertiesRebinderAutoConfiguration#configurationPropertiesBeans matched:
      - @ConditionalOnMissingBean (types: org.springframework.cloud.context.properties.ConfigurationPropertiesBeans; SearchStrategy: current) did not find any beans (OnBeanCondition)

   ConfigurationPropertiesRebinderAutoConfiguration#configurationPropertiesRebinder matched:
      - @ConditionalOnMissingBean (types: org.springframework.cloud.context.properties.ConfigurationPropertiesRebinder; SearchStrategy: current) did not find any beans (OnBeanCondition)

   EncryptionBootstrapConfiguration matched:
      - @ConditionalOnClass found required class 'org.springframework.security.crypto.encrypt.TextEncryptor' (OnClassCondition)

   PropertyPlaceholderAutoConfiguration#propertySourcesPlaceholderConfigurer matched:
      - @ConditionalOnMissingBean (types: org.springframework.context.support.PropertySourcesPlaceholderConfigurer; SearchStrategy: current) did not find any beans (OnBeanCondition)


Negative matches:
-----------------

   EncryptionBootstrapConfiguration.RsaEncryptionConfiguration:
      Did not match:
         - @ConditionalOnClass did not find required class 'org.springframework.security.rsa.crypto.RsaSecretEncryptor' (OnClassCondition)

   EncryptionBootstrapConfiguration.VanillaEncryptionConfiguration:
      Did not match:
         - Keystore nor key found in Environment (EncryptionBootstrapConfiguration.KeyCondition)
      Matched:
         - @ConditionalOnMissingClass did not find unwanted class 'org.springframework.security.rsa.crypto.RsaSecretEncryptor' (OnClassCondition)


Exclusions:
-----------

    None


Unconditional classes:
----------------------

    None



2024-10-29 10:56:47,082 DEBUG [main][ConditionEvaluationReportLoggingListener.java:126] - 


============================
CONDITIONS EVALUATION REPORT
============================


Positive matches:
-----------------

   ConfigurationPropertiesRebinderAutoConfiguration matched:
      - @ConditionalOnBean (types: org.springframework.boot.context.properties.ConfigurationPropertiesBindingPostProcessor; SearchStrategy: all) found bean 'org.springframework.boot.context.properties.ConfigurationPropertiesBindingPostProcessor' (OnBeanCondition)

   ConfigurationPropertiesRebinderAutoConfiguration#configurationPropertiesBeans matched:
      - @ConditionalOnMissingBean (types: org.springframework.cloud.context.properties.ConfigurationPropertiesBeans; SearchStrategy: current) did not find any beans (OnBeanCondition)

   ConfigurationPropertiesRebinderAutoConfiguration#configurationPropertiesRebinder matched:
      - @ConditionalOnMissingBean (types: org.springframework.cloud.context.properties.ConfigurationPropertiesRebinder; SearchStrategy: current) did not find any beans (OnBeanCondition)

   EncryptionBootstrapConfiguration matched:
      - @ConditionalOnClass found required class 'org.springframework.security.crypto.encrypt.TextEncryptor' (OnClassCondition)

   PropertyPlaceholderAutoConfiguration#propertySourcesPlaceholderConfigurer matched:
      - @ConditionalOnMissingBean (types: org.springframework.context.support.PropertySourcesPlaceholderConfigurer; SearchStrategy: current) did not find any beans (OnBeanCondition)


Negative matches:
-----------------

   EncryptionBootstrapConfiguration.RsaEncryptionConfiguration:
      Did not match:
         - @ConditionalOnClass did not find required class 'org.springframework.security.rsa.crypto.RsaSecretEncryptor' (OnClassCondition)

   EncryptionBootstrapConfiguration.VanillaEncryptionConfiguration:
      Did not match:
         - Keystore nor key found in Environment (EncryptionBootstrapConfiguration.KeyCondition)
      Matched:
         - @ConditionalOnMissingClass did not find unwanted class 'org.springframework.security.rsa.crypto.RsaSecretEncryptor' (OnClassCondition)


Exclusions:
-----------

    None


Unconditional classes:
----------------------

    None



2024-10-29 10:56:47,083 DEBUG [main][PropertySourcesPropertyResolver.java:115] - Found key 'spring.liveBeansView.mbeanDomain' in PropertySource 'systemProperties' with value of type String
2024-10-29 10:56:47,083 DEBUG [main][PropertySourcesPropertyResolver.java:115] - Found key 'spring.liveBeansView.mbeanDomain' in PropertySource 'systemProperties' with value of type String
2024-10-29 10:56:47,113 DEBUG [main][ClasspathLoggingApplicationListener.java:51] - Application started with classpath: [file:/C:/Program%20Files/Java/jdk1.8.0_202/jre/lib/charsets.jar, file:/C:/Program%20Files/Java/jdk1.8.0_202/jre/lib/deploy.jar, file:/C:/Program%20Files/Java/jdk1.8.0_202/jre/lib/ext/access-bridge-64.jar, file:/C:/Program%20Files/Java/jdk1.8.0_202/jre/lib/ext/cldrdata.jar, file:/C:/Program%20Files/Java/jdk1.8.0_202/jre/lib/ext/dnsns.jar, file:/C:/Program%20Files/Java/jdk1.8.0_202/jre/lib/ext/jaccess.jar, file:/C:/Program%20Files/Java/jdk1.8.0_202/jre/lib/ext/jfxrt.jar, file:/C:/Program%20Files/Java/jdk1.8.0_202/jre/lib/ext/localedata.jar, file:/C:/Program%20Files/Java/jdk1.8.0_202/jre/lib/ext/nashorn.jar, file:/C:/Program%20Files/Java/jdk1.8.0_202/jre/lib/ext/sunec.jar, file:/C:/Program%20Files/Java/jdk1.8.0_202/jre/lib/ext/sunjce_provider.jar, file:/C:/Program%20Files/Java/jdk1.8.0_202/jre/lib/ext/sunmscapi.jar, file:/C:/Program%20Files/Java/jdk1.8.0_202/jre/lib/ext/sunpkcs11.jar, file:/C:/Program%20Files/Java/jdk1.8.0_202/jre/lib/ext/zipfs.jar, file:/C:/Program%20Files/Java/jdk1.8.0_202/jre/lib/javaws.jar, file:/C:/Program%20Files/Java/jdk1.8.0_202/jre/lib/jce.jar, file:/C:/Program%20Files/Java/jdk1.8.0_202/jre/lib/jfr.jar, file:/C:/Program%20Files/Java/jdk1.8.0_202/jre/lib/jfxswt.jar, file:/C:/Program%20Files/Java/jdk1.8.0_202/jre/lib/jsse.jar, file:/C:/Program%20Files/Java/jdk1.8.0_202/jre/lib/management-agent.jar, file:/C:/Program%20Files/Java/jdk1.8.0_202/jre/lib/plugin.jar, file:/C:/Program%20Files/Java/jdk1.8.0_202/jre/lib/resources.jar, file:/C:/Program%20Files/Java/jdk1.8.0_202/jre/lib/rt.jar, file:/D:/itcast2023/xc_edu3.1/code_402/xuecheng-plus-project/xuecheng-plus-content/xuecheng-plus-content-api/target/classes/, file:/D:/itcast2023/xc_edu3.1/code_402/xuecheng-plus-project/xuecheng-plus-content/xuecheng-plus-content-model/target/classes/, file:/D:/develop/repository/com/baomidou/mybatis-plus-annotation/3.4.1/mybatis-plus-annotation-3.4.1.jar, file:/D:/develop/repository/com/baomidou/mybatis-plus-core/3.4.1/mybatis-plus-core-3.4.1.jar, file:/D:/develop/repository/com/github/jsqlparser/jsqlparser/3.2/jsqlparser-3.2.jar, file:/D:/develop/repository/org/mybatis/mybatis/3.5.6/mybatis-3.5.6.jar, file:/D:/develop/repository/org/springframework/cloud/spring-cloud-context/2.2.6.RELEASE/spring-cloud-context-2.2.6.RELEASE.jar, file:/D:/develop/repository/org/springframework/security/spring-security-crypto/5.3.6.RELEASE/spring-security-crypto-5.3.6.RELEASE.jar, file:/D:/develop/repository/org/springframework/boot/spring-boot-starter-web/2.3.7.RELEASE/spring-boot-starter-web-2.3.7.RELEASE.jar, file:/D:/develop/repository/org/springframework/boot/spring-boot-starter-json/2.3.7.RELEASE/spring-boot-starter-json-2.3.7.RELEASE.jar, file:/D:/develop/repository/com/fasterxml/jackson/core/jackson-databind/2.11.3/jackson-databind-2.11.3.jar, file:/D:/develop/repository/org/springframework/boot/spring-boot-starter-tomcat/2.3.7.RELEASE/spring-boot-starter-tomcat-2.3.7.RELEASE.jar, file:/D:/develop/repository/org/apache/tomcat/embed/tomcat-embed-core/9.0.41/tomcat-embed-core-9.0.41.jar, file:/D:/develop/repository/org/apache/tomcat/embed/tomcat-embed-websocket/9.0.41/tomcat-embed-websocket-9.0.41.jar, file:/D:/develop/repository/org/springframework/spring-web/5.2.12.RELEASE/spring-web-5.2.12.RELEASE.jar, file:/D:/develop/repository/org/springframework/spring-beans/5.2.12.RELEASE/spring-beans-5.2.12.RELEASE.jar, file:/D:/develop/repository/org/springframework/spring-webmvc/5.2.12.RELEASE/spring-webmvc-5.2.12.RELEASE.jar, file:/D:/develop/repository/org/springframework/spring-aop/5.2.12.RELEASE/spring-aop-5.2.12.RELEASE.jar, file:/D:/develop/repository/org/springframework/spring-context/5.2.12.RELEASE/spring-context-5.2.12.RELEASE.jar, file:/D:/develop/repository/org/springframework/spring-expression/5.2.12.RELEASE/spring-expression-5.2.12.RELEASE.jar, file:/D:/develop/repository/org/springframework/boot/spring-boot-starter/2.3.7.RELEASE/spring-boot-starter-2.3.7.RELEASE.jar, file:/D:/develop/repository/org/springframework/boot/spring-boot/2.3.7.RELEASE/spring-boot-2.3.7.RELEASE.jar, file:/D:/develop/repository/org/springframework/boot/spring-boot-autoconfigure/2.3.7.RELEASE/spring-boot-autoconfigure-2.3.7.RELEASE.jar, file:/D:/develop/repository/jakarta/annotation/jakarta.annotation-api/1.3.5/jakarta.annotation-api-1.3.5.jar, file:/D:/develop/repository/org/springframework/spring-core/5.2.12.RELEASE/spring-core-5.2.12.RELEASE.jar, file:/D:/develop/repository/org/springframework/spring-jcl/5.2.12.RELEASE/spring-jcl-5.2.12.RELEASE.jar, file:/D:/develop/repository/org/yaml/snakeyaml/1.26/snakeyaml-1.26.jar, file:/D:/develop/repository/org/springframework/boot/spring-boot-starter-validation/2.3.7.RELEASE/spring-boot-starter-validation-2.3.7.RELEASE.jar, file:/D:/develop/repository/org/glassfish/jakarta.el/3.0.3/jakarta.el-3.0.3.jar, file:/D:/develop/repository/org/hibernate/validator/hibernate-validator/6.1.6.Final/hibernate-validator-6.1.6.Final.jar, file:/D:/develop/repository/jakarta/validation/jakarta.validation-api/2.0.2/jakarta.validation-api-2.0.2.jar, file:/D:/develop/repository/org/jboss/logging/jboss-logging/3.4.1.Final/jboss-logging-3.4.1.Final.jar, file:/D:/develop/repository/com/fasterxml/classmate/1.5.1/classmate-1.5.1.jar, file:/D:/develop/repository/org/springframework/boot/spring-boot-starter-log4j2/2.3.7.RELEASE/spring-boot-starter-log4j2-2.3.7.RELEASE.jar, file:/D:/develop/repository/org/apache/logging/log4j/log4j-slf4j-impl/2.13.3/log4j-slf4j-impl-2.13.3.jar, file:/D:/develop/repository/org/slf4j/slf4j-api/1.7.30/slf4j-api-1.7.30.jar, file:/D:/develop/repository/org/apache/logging/log4j/log4j-api/2.13.3/log4j-api-2.13.3.jar, file:/D:/develop/repository/org/apache/logging/log4j/log4j-core/2.13.3/log4j-core-2.13.3.jar, file:/D:/develop/repository/org/apache/logging/log4j/log4j-jul/2.13.3/log4j-jul-2.13.3.jar, file:/D:/develop/repository/org/slf4j/jul-to-slf4j/1.7.30/jul-to-slf4j-1.7.30.jar, file:/D:/develop/repository/com/spring4all/swagger-spring-boot-starter/1.9.0.RELEASE/swagger-spring-boot-starter-1.9.0.RELEASE.jar, file:/D:/develop/repository/io/springfox/springfox-swagger-ui/2.9.2/springfox-swagger-ui-2.9.2.jar, file:/D:/develop/repository/io/springfox/springfox-spring-web/2.9.2/springfox-spring-web-2.9.2.jar, file:/D:/develop/repository/io/springfox/springfox-swagger2/2.9.2/springfox-swagger2-2.9.2.jar, file:/D:/develop/repository/io/swagger/swagger-models/1.5.20/swagger-models-1.5.20.jar, file:/D:/develop/repository/io/springfox/springfox-spi/2.9.2/springfox-spi-2.9.2.jar, file:/D:/develop/repository/io/springfox/springfox-core/2.9.2/springfox-core-2.9.2.jar, file:/D:/develop/repository/net/bytebuddy/byte-buddy/1.10.18/byte-buddy-1.10.18.jar, file:/D:/develop/repository/io/springfox/springfox-schema/2.9.2/springfox-schema-2.9.2.jar, file:/D:/develop/repository/io/springfox/springfox-swagger-common/2.9.2/springfox-swagger-common-2.9.2.jar, file:/D:/develop/repository/com/google/guava/guava/25.0-jre/guava-25.0-jre.jar, file:/D:/develop/repository/com/google/code/findbugs/jsr305/1.3.9/jsr305-1.3.9.jar, file:/D:/develop/repository/org/checkerframework/checker-compat-qual/2.0.0/checker-compat-qual-2.0.0.jar, file:/D:/develop/repository/com/google/errorprone/error_prone_annotations/2.1.3/error_prone_annotations-2.1.3.jar, file:/D:/develop/repository/com/google/j2objc/j2objc-annotations/1.1/j2objc-annotations-1.1.jar, file:/D:/develop/repository/org/codehaus/mojo/animal-sniffer-annotations/1.14/animal-sniffer-annotations-1.14.jar, file:/D:/develop/repository/org/springframework/plugin/spring-plugin-core/1.2.0.RELEASE/spring-plugin-core-1.2.0.RELEASE.jar, file:/D:/develop/repository/org/springframework/plugin/spring-plugin-metadata/1.2.0.RELEASE/spring-plugin-metadata-1.2.0.RELEASE.jar, file:/D:/develop/repository/org/mapstruct/mapstruct/1.2.0.Final/mapstruct-1.2.0.Final.jar, file:/D:/develop/repository/io/springfox/springfox-bean-validators/2.9.2/springfox-bean-validators-2.9.2.jar, file:/D:/itcast2023/xc_edu3.1/code_402/xuecheng-plus-project/xuecheng-plus-base/target/classes/, file:/D:/develop/repository/org/projectlombok/lombok/1.18.8/lombok-1.18.8.jar, file:/D:/develop/repository/org/apache/commons/commons-lang3/3.10/commons-lang3-3.10.jar, file:/D:/develop/repository/com/alibaba/fastjson/1.2.83/fastjson-1.2.83.jar, file:/D:/develop/repository/commons-lang/commons-lang/2.6/commons-lang-2.6.jar, file:/D:/develop/repository/commons-codec/commons-codec/1.14/commons-codec-1.14.jar, file:/D:/develop/repository/io/swagger/swagger-annotations/1.5.20/swagger-annotations-1.5.20.jar, file:/D:/develop/repository/com/j256/simplemagic/simplemagic/1.17/simplemagic-1.17.jar, file:/D:/develop/repository/com/google/zxing/core/3.3.3/core-3.3.3.jar, file:/D:/develop/repository/com/google/zxing/javase/3.3.3/javase-3.3.3.jar, file:/D:/develop/repository/com/beust/jcommander/1.72/jcommander-1.72.jar, file:/D:/develop/repository/com/github/jai-imageio/jai-imageio-core/1.4.0/jai-imageio-core-1.4.0.jar, file:/D:/develop/repository/com/fasterxml/jackson/module/jackson-module-parameter-names/2.11.3/jackson-module-parameter-names-2.11.3.jar, file:/D:/develop/repository/com/fasterxml/jackson/core/jackson-core/2.11.3/jackson-core-2.11.3.jar, file:/D:/develop/repository/com/fasterxml/jackson/datatype/jackson-datatype-jdk8/2.11.3/jackson-datatype-jdk8-2.11.3.jar, file:/D:/develop/repository/com/fasterxml/jackson/datatype/jackson-datatype-jsr310/2.11.3/jackson-datatype-jsr310-2.11.3.jar, file:/D:/develop/repository/com/fasterxml/jackson/core/jackson-annotations/2.11.3/jackson-annotations-2.11.3.jar, file:/D:/IntelliJ%20IDEA%202022.2.3/lib/idea_rt.jar]
2024-10-29 10:56:47,113 DEBUG [main][ClasspathLoggingApplicationListener.java:51] - Application started with classpath: [file:/C:/Program%20Files/Java/jdk1.8.0_202/jre/lib/charsets.jar, file:/C:/Program%20Files/Java/jdk1.8.0_202/jre/lib/deploy.jar, file:/C:/Program%20Files/Java/jdk1.8.0_202/jre/lib/ext/access-bridge-64.jar, file:/C:/Program%20Files/Java/jdk1.8.0_202/jre/lib/ext/cldrdata.jar, file:/C:/Program%20Files/Java/jdk1.8.0_202/jre/lib/ext/dnsns.jar, file:/C:/Program%20Files/Java/jdk1.8.0_202/jre/lib/ext/jaccess.jar, file:/C:/Program%20Files/Java/jdk1.8.0_202/jre/lib/ext/jfxrt.jar, file:/C:/Program%20Files/Java/jdk1.8.0_202/jre/lib/ext/localedata.jar, file:/C:/Program%20Files/Java/jdk1.8.0_202/jre/lib/ext/nashorn.jar, file:/C:/Program%20Files/Java/jdk1.8.0_202/jre/lib/ext/sunec.jar, file:/C:/Program%20Files/Java/jdk1.8.0_202/jre/lib/ext/sunjce_provider.jar, file:/C:/Program%20Files/Java/jdk1.8.0_202/jre/lib/ext/sunmscapi.jar, file:/C:/Program%20Files/Java/jdk1.8.0_202/jre/lib/ext/sunpkcs11.jar, file:/C:/Program%20Files/Java/jdk1.8.0_202/jre/lib/ext/zipfs.jar, file:/C:/Program%20Files/Java/jdk1.8.0_202/jre/lib/javaws.jar, file:/C:/Program%20Files/Java/jdk1.8.0_202/jre/lib/jce.jar, file:/C:/Program%20Files/Java/jdk1.8.0_202/jre/lib/jfr.jar, file:/C:/Program%20Files/Java/jdk1.8.0_202/jre/lib/jfxswt.jar, file:/C:/Program%20Files/Java/jdk1.8.0_202/jre/lib/jsse.jar, file:/C:/Program%20Files/Java/jdk1.8.0_202/jre/lib/management-agent.jar, file:/C:/Program%20Files/Java/jdk1.8.0_202/jre/lib/plugin.jar, file:/C:/Program%20Files/Java/jdk1.8.0_202/jre/lib/resources.jar, file:/C:/Program%20Files/Java/jdk1.8.0_202/jre/lib/rt.jar, file:/D:/itcast2023/xc_edu3.1/code_402/xuecheng-plus-project/xuecheng-plus-content/xuecheng-plus-content-api/target/classes/, file:/D:/itcast2023/xc_edu3.1/code_402/xuecheng-plus-project/xuecheng-plus-content/xuecheng-plus-content-model/target/classes/, file:/D:/develop/repository/com/baomidou/mybatis-plus-annotation/3.4.1/mybatis-plus-annotation-3.4.1.jar, file:/D:/develop/repository/com/baomidou/mybatis-plus-core/3.4.1/mybatis-plus-core-3.4.1.jar, file:/D:/develop/repository/com/github/jsqlparser/jsqlparser/3.2/jsqlparser-3.2.jar, file:/D:/develop/repository/org/mybatis/mybatis/3.5.6/mybatis-3.5.6.jar, file:/D:/develop/repository/org/springframework/cloud/spring-cloud-context/2.2.6.RELEASE/spring-cloud-context-2.2.6.RELEASE.jar, file:/D:/develop/repository/org/springframework/security/spring-security-crypto/5.3.6.RELEASE/spring-security-crypto-5.3.6.RELEASE.jar, file:/D:/develop/repository/org/springframework/boot/spring-boot-starter-web/2.3.7.RELEASE/spring-boot-starter-web-2.3.7.RELEASE.jar, file:/D:/develop/repository/org/springframework/boot/spring-boot-starter-json/2.3.7.RELEASE/spring-boot-starter-json-2.3.7.RELEASE.jar, file:/D:/develop/repository/com/fasterxml/jackson/core/jackson-databind/2.11.3/jackson-databind-2.11.3.jar, file:/D:/develop/repository/org/springframework/boot/spring-boot-starter-tomcat/2.3.7.RELEASE/spring-boot-starter-tomcat-2.3.7.RELEASE.jar, file:/D:/develop/repository/org/apache/tomcat/embed/tomcat-embed-core/9.0.41/tomcat-embed-core-9.0.41.jar, file:/D:/develop/repository/org/apache/tomcat/embed/tomcat-embed-websocket/9.0.41/tomcat-embed-websocket-9.0.41.jar, file:/D:/develop/repository/org/springframework/spring-web/5.2.12.RELEASE/spring-web-5.2.12.RELEASE.jar, file:/D:/develop/repository/org/springframework/spring-beans/5.2.12.RELEASE/spring-beans-5.2.12.RELEASE.jar, file:/D:/develop/repository/org/springframework/spring-webmvc/5.2.12.RELEASE/spring-webmvc-5.2.12.RELEASE.jar, file:/D:/develop/repository/org/springframework/spring-aop/5.2.12.RELEASE/spring-aop-5.2.12.RELEASE.jar, file:/D:/develop/repository/org/springframework/spring-context/5.2.12.RELEASE/spring-context-5.2.12.RELEASE.jar, file:/D:/develop/repository/org/springframework/spring-expression/5.2.12.RELEASE/spring-expression-5.2.12.RELEASE.jar, file:/D:/develop/repository/org/springframework/boot/spring-boot-starter/2.3.7.RELEASE/spring-boot-starter-2.3.7.RELEASE.jar, file:/D:/develop/repository/org/springframework/boot/spring-boot/2.3.7.RELEASE/spring-boot-2.3.7.RELEASE.jar, file:/D:/develop/repository/org/springframework/boot/spring-boot-autoconfigure/2.3.7.RELEASE/spring-boot-autoconfigure-2.3.7.RELEASE.jar, file:/D:/develop/repository/jakarta/annotation/jakarta.annotation-api/1.3.5/jakarta.annotation-api-1.3.5.jar, file:/D:/develop/repository/org/springframework/spring-core/5.2.12.RELEASE/spring-core-5.2.12.RELEASE.jar, file:/D:/develop/repository/org/springframework/spring-jcl/5.2.12.RELEASE/spring-jcl-5.2.12.RELEASE.jar, file:/D:/develop/repository/org/yaml/snakeyaml/1.26/snakeyaml-1.26.jar, file:/D:/develop/repository/org/springframework/boot/spring-boot-starter-validation/2.3.7.RELEASE/spring-boot-starter-validation-2.3.7.RELEASE.jar, file:/D:/develop/repository/org/glassfish/jakarta.el/3.0.3/jakarta.el-3.0.3.jar, file:/D:/develop/repository/org/hibernate/validator/hibernate-validator/6.1.6.Final/hibernate-validator-6.1.6.Final.jar, file:/D:/develop/repository/jakarta/validation/jakarta.validation-api/2.0.2/jakarta.validation-api-2.0.2.jar, file:/D:/develop/repository/org/jboss/logging/jboss-logging/3.4.1.Final/jboss-logging-3.4.1.Final.jar, file:/D:/develop/repository/com/fasterxml/classmate/1.5.1/classmate-1.5.1.jar, file:/D:/develop/repository/org/springframework/boot/spring-boot-starter-log4j2/2.3.7.RELEASE/spring-boot-starter-log4j2-2.3.7.RELEASE.jar, file:/D:/develop/repository/org/apache/logging/log4j/log4j-slf4j-impl/2.13.3/log4j-slf4j-impl-2.13.3.jar, file:/D:/develop/repository/org/slf4j/slf4j-api/1.7.30/slf4j-api-1.7.30.jar, file:/D:/develop/repository/org/apache/logging/log4j/log4j-api/2.13.3/log4j-api-2.13.3.jar, file:/D:/develop/repository/org/apache/logging/log4j/log4j-core/2.13.3/log4j-core-2.13.3.jar, file:/D:/develop/repository/org/apache/logging/log4j/log4j-jul/2.13.3/log4j-jul-2.13.3.jar, file:/D:/develop/repository/org/slf4j/jul-to-slf4j/1.7.30/jul-to-slf4j-1.7.30.jar, file:/D:/develop/repository/com/spring4all/swagger-spring-boot-starter/1.9.0.RELEASE/swagger-spring-boot-starter-1.9.0.RELEASE.jar, file:/D:/develop/repository/io/springfox/springfox-swagger-ui/2.9.2/springfox-swagger-ui-2.9.2.jar, file:/D:/develop/repository/io/springfox/springfox-spring-web/2.9.2/springfox-spring-web-2.9.2.jar, file:/D:/develop/repository/io/springfox/springfox-swagger2/2.9.2/springfox-swagger2-2.9.2.jar, file:/D:/develop/repository/io/swagger/swagger-models/1.5.20/swagger-models-1.5.20.jar, file:/D:/develop/repository/io/springfox/springfox-spi/2.9.2/springfox-spi-2.9.2.jar, file:/D:/develop/repository/io/springfox/springfox-core/2.9.2/springfox-core-2.9.2.jar, file:/D:/develop/repository/net/bytebuddy/byte-buddy/1.10.18/byte-buddy-1.10.18.jar, file:/D:/develop/repository/io/springfox/springfox-schema/2.9.2/springfox-schema-2.9.2.jar, file:/D:/develop/repository/io/springfox/springfox-swagger-common/2.9.2/springfox-swagger-common-2.9.2.jar, file:/D:/develop/repository/com/google/guava/guava/25.0-jre/guava-25.0-jre.jar, file:/D:/develop/repository/com/google/code/findbugs/jsr305/1.3.9/jsr305-1.3.9.jar, file:/D:/develop/repository/org/checkerframework/checker-compat-qual/2.0.0/checker-compat-qual-2.0.0.jar, file:/D:/develop/repository/com/google/errorprone/error_prone_annotations/2.1.3/error_prone_annotations-2.1.3.jar, file:/D:/develop/repository/com/google/j2objc/j2objc-annotations/1.1/j2objc-annotations-1.1.jar, file:/D:/develop/repository/org/codehaus/mojo/animal-sniffer-annotations/1.14/animal-sniffer-annotations-1.14.jar, file:/D:/develop/repository/org/springframework/plugin/spring-plugin-core/1.2.0.RELEASE/spring-plugin-core-1.2.0.RELEASE.jar, file:/D:/develop/repository/org/springframework/plugin/spring-plugin-metadata/1.2.0.RELEASE/spring-plugin-metadata-1.2.0.RELEASE.jar, file:/D:/develop/repository/org/mapstruct/mapstruct/1.2.0.Final/mapstruct-1.2.0.Final.jar, file:/D:/develop/repository/io/springfox/springfox-bean-validators/2.9.2/springfox-bean-validators-2.9.2.jar, file:/D:/itcast2023/xc_edu3.1/code_402/xuecheng-plus-project/xuecheng-plus-base/target/classes/, file:/D:/develop/repository/org/projectlombok/lombok/1.18.8/lombok-1.18.8.jar, file:/D:/develop/repository/org/apache/commons/commons-lang3/3.10/commons-lang3-3.10.jar, file:/D:/develop/repository/com/alibaba/fastjson/1.2.83/fastjson-1.2.83.jar, file:/D:/develop/repository/commons-lang/commons-lang/2.6/commons-lang-2.6.jar, file:/D:/develop/repository/commons-codec/commons-codec/1.14/commons-codec-1.14.jar, file:/D:/develop/repository/io/swagger/swagger-annotations/1.5.20/swagger-annotations-1.5.20.jar, file:/D:/develop/repository/com/j256/simplemagic/simplemagic/1.17/simplemagic-1.17.jar, file:/D:/develop/repository/com/google/zxing/core/3.3.3/core-3.3.3.jar, file:/D:/develop/repository/com/google/zxing/javase/3.3.3/javase-3.3.3.jar, file:/D:/develop/repository/com/beust/jcommander/1.72/jcommander-1.72.jar, file:/D:/develop/repository/com/github/jai-imageio/jai-imageio-core/1.4.0/jai-imageio-core-1.4.0.jar, file:/D:/develop/repository/com/fasterxml/jackson/module/jackson-module-parameter-names/2.11.3/jackson-module-parameter-names-2.11.3.jar, file:/D:/develop/repository/com/fasterxml/jackson/core/jackson-core/2.11.3/jackson-core-2.11.3.jar, file:/D:/develop/repository/com/fasterxml/jackson/datatype/jackson-datatype-jdk8/2.11.3/jackson-datatype-jdk8-2.11.3.jar, file:/D:/develop/repository/com/fasterxml/jackson/datatype/jackson-datatype-jsr310/2.11.3/jackson-datatype-jsr310-2.11.3.jar, file:/D:/develop/repository/com/fasterxml/jackson/core/jackson-annotations/2.11.3/jackson-annotations-2.11.3.jar, file:/D:/IntelliJ%20IDEA%202022.2.3/lib/idea_rt.jar]
2024-10-29 10:56:47,121 INFO [main][SpringApplication.java:651] - No active profile set, falling back to default profiles: default
2024-10-29 10:56:47,121 INFO [main][SpringApplication.java:651] - No active profile set, falling back to default profiles: default
2024-10-29 10:56:47,121 DEBUG [main][SpringApplication.java:679] - Loading source class com.xuecheng.ContentApplication,class org.springframework.cloud.bootstrap.BootstrapApplicationListener$BootstrapMarkerConfiguration
2024-10-29 10:56:47,121 DEBUG [main][SpringApplication.java:679] - Loading source class com.xuecheng.ContentApplication,class org.springframework.cloud.bootstrap.BootstrapApplicationListener$BootstrapMarkerConfiguration
2024-10-29 10:56:47,129 DEBUG [main][AbstractApplicationContext.java:596] - Refreshing org.springframework.boot.web.servlet.context.AnnotationConfigServletWebServerApplicationContext@85e6769
2024-10-29 10:56:47,129 DEBUG [main][AbstractApplicationContext.java:596] - Refreshing org.springframework.boot.web.servlet.context.AnnotationConfigServletWebServerApplicationContext@85e6769
2024-10-29 10:56:47,133 DEBUG [main][DefaultSingletonBeanRegistry.java:225] - Creating shared instance of singleton bean 'org.springframework.context.annotation.internalConfigurationAnnotationProcessor'
2024-10-29 10:56:47,133 DEBUG [main][DefaultSingletonBeanRegistry.java:225] - Creating shared instance of singleton bean 'org.springframework.context.annotation.internalConfigurationAnnotationProcessor'
2024-10-29 10:56:47,133 DEBUG [main][DefaultSingletonBeanRegistry.java:225] - Creating shared instance of singleton bean 'org.springframework.boot.autoconfigure.internalCachingMetadataReaderFactory'
2024-10-29 10:56:47,133 DEBUG [main][DefaultSingletonBeanRegistry.java:225] - Creating shared instance of singleton bean 'org.springframework.boot.autoconfigure.internalCachingMetadataReaderFactory'
2024-10-29 10:56:47,147 DEBUG [main][ClassPathScanningCandidateComponentProvider.java:435] - Identified candidate component class: file [D:\itcast2023\xc_edu3.1\code_402\xuecheng-plus-project\xuecheng-plus-content\xuecheng-plus-content-api\target\classes\com\xuecheng\content\api\CourseBaseInfoController.class]
2024-10-29 10:56:47,147 DEBUG [main][ClassPathScanningCandidateComponentProvider.java:435] - Identified candidate component class: file [D:\itcast2023\xc_edu3.1\code_402\xuecheng-plus-project\xuecheng-plus-content\xuecheng-plus-content-api\target\classes\com\xuecheng\content\api\CourseBaseInfoController.class]
2024-10-29 10:56:47,161 DEBUG [main][PropertySourcesPropertyResolver.java:115] - Found key 'swagger.enabled' in PropertySource 'configurationProperties' with value of type Boolean
2024-10-29 10:56:47,161 DEBUG [main][PropertySourcesPropertyResolver.java:115] - Found key 'swagger.enabled' in PropertySource 'configurationProperties' with value of type Boolean
2024-10-29 10:56:47,167 DEBUG [main][ClassPathScanningCandidateComponentProvider.java:435] - Identified candidate component class: URL [jar:file:/D:/develop/repository/io/springfox/springfox-swagger2/2.9.2/springfox-swagger2-2.9.2.jar!/springfox/documentation/swagger2/mappers/ServiceModelToSwagger2MapperImpl.class]
2024-10-29 10:56:47,167 DEBUG [main][ClassPathScanningCandidateComponentProvider.java:435] - Identified candidate component class: URL [jar:file:/D:/develop/repository/io/springfox/springfox-swagger2/2.9.2/springfox-swagger2-2.9.2.jar!/springfox/documentation/swagger2/mappers/ServiceModelToSwagger2MapperImpl.class]
2024-10-29 10:56:47,168 DEBUG [main][ClassPathScanningCandidateComponentProvider.java:435] - Identified candidate component class: URL [jar:file:/D:/develop/repository/io/springfox/springfox-swagger2/2.9.2/springfox-swagger2-2.9.2.jar!/springfox/documentation/swagger2/mappers/VendorExtensionsMapperImpl.class]
2024-10-29 10:56:47,168 DEBUG [main][ClassPathScanningCandidateComponentProvider.java:435] - Identified candidate component class: URL [jar:file:/D:/develop/repository/io/springfox/springfox-swagger2/2.9.2/springfox-swagger2-2.9.2.jar!/springfox/documentation/swagger2/mappers/VendorExtensionsMapperImpl.class]
2024-10-29 10:56:47,169 DEBUG [main][ClassPathScanningCandidateComponentProvider.java:435] - Identified candidate component class: URL [jar:file:/D:/develop/repository/io/springfox/springfox-swagger2/2.9.2/springfox-swagger2-2.9.2.jar!/springfox/documentation/swagger2/mappers/ParameterMapperImpl.class]
2024-10-29 10:56:47,169 DEBUG [main][ClassPathScanningCandidateComponentProvider.java:435] - Identified candidate component class: URL [jar:file:/D:/develop/repository/io/springfox/springfox-swagger2/2.9.2/springfox-swagger2-2.9.2.jar!/springfox/documentation/swagger2/mappers/ParameterMapperImpl.class]
2024-10-29 10:56:47,171 DEBUG [main][ClassPathScanningCandidateComponentProvider.java:435] - Identified candidate component class: URL [jar:file:/D:/develop/repository/io/springfox/springfox-swagger2/2.9.2/springfox-swagger2-2.9.2.jar!/springfox/documentation/swagger2/mappers/ModelMapperImpl.class]
2024-10-29 10:56:47,171 DEBUG [main][ClassPathScanningCandidateComponentProvider.java:435] - Identified candidate component class: URL [jar:file:/D:/develop/repository/io/springfox/springfox-swagger2/2.9.2/springfox-swagger2-2.9.2.jar!/springfox/documentation/swagger2/mappers/ModelMapperImpl.class]
2024-10-29 10:56:47,171 DEBUG [main][ClassPathScanningCandidateComponentProvider.java:435] - Identified candidate component class: URL [jar:file:/D:/develop/repository/io/springfox/springfox-swagger2/2.9.2/springfox-swagger2-2.9.2.jar!/springfox/documentation/swagger2/mappers/LicenseMapperImpl.class]
2024-10-29 10:56:47,171 DEBUG [main][ClassPathScanningCandidateComponentProvider.java:435] - Identified candidate component class: URL [jar:file:/D:/develop/repository/io/springfox/springfox-swagger2/2.9.2/springfox-swagger2-2.9.2.jar!/springfox/documentation/swagger2/mappers/LicenseMapperImpl.class]
2024-10-29 10:56:47,172 DEBUG [main][ClassPathScanningCandidateComponentProvider.java:435] - Identified candidate component class: URL [jar:file:/D:/develop/repository/io/springfox/springfox-swagger2/2.9.2/springfox-swagger2-2.9.2.jar!/springfox/documentation/swagger2/mappers/SecurityMapperImpl.class]
2024-10-29 10:56:47,172 DEBUG [main][ClassPathScanningCandidateComponentProvider.java:435] - Identified candidate component class: URL [jar:file:/D:/develop/repository/io/springfox/springfox-swagger2/2.9.2/springfox-swagger2-2.9.2.jar!/springfox/documentation/swagger2/mappers/SecurityMapperImpl.class]
2024-10-29 10:56:47,179 DEBUG [main][ClassPathScanningCandidateComponentProvider.java:435] - Identified candidate component class: URL [jar:file:/D:/develop/repository/io/springfox/springfox-spring-web/2.9.2/springfox-spring-web-2.9.2.jar!/springfox/documentation/spring/web/scanners/ApiListingReferenceScanner.class]
2024-10-29 10:56:47,179 DEBUG [main][ClassPathScanningCandidateComponentProvider.java:435] - Identified candidate component class: URL [jar:file:/D:/develop/repository/io/springfox/springfox-spring-web/2.9.2/springfox-spring-web-2.9.2.jar!/springfox/documentation/spring/web/scanners/ApiListingReferenceScanner.class]
2024-10-29 10:56:47,180 DEBUG [main][ClassPathScanningCandidateComponentProvider.java:435] - Identified candidate component class: URL [jar:file:/D:/develop/repository/io/springfox/springfox-spring-web/2.9.2/springfox-spring-web-2.9.2.jar!/springfox/documentation/spring/web/scanners/ApiDocumentationScanner.class]
2024-10-29 10:56:47,180 DEBUG [main][ClassPathScanningCandidateComponentProvider.java:435] - Identified candidate component class: URL [jar:file:/D:/develop/repository/io/springfox/springfox-spring-web/2.9.2/springfox-spring-web-2.9.2.jar!/springfox/documentation/spring/web/scanners/ApiDocumentationScanner.class]
2024-10-29 10:56:47,180 DEBUG [main][ClassPathScanningCandidateComponentProvider.java:435] - Identified candidate component class: URL [jar:file:/D:/develop/repository/io/springfox/springfox-spring-web/2.9.2/springfox-spring-web-2.9.2.jar!/springfox/documentation/spring/web/scanners/ApiDescriptionReader.class]
2024-10-29 10:56:47,180 DEBUG [main][ClassPathScanningCandidateComponentProvider.java:435] - Identified candidate component class: URL [jar:file:/D:/develop/repository/io/springfox/springfox-spring-web/2.9.2/springfox-spring-web-2.9.2.jar!/springfox/documentation/spring/web/scanners/ApiDescriptionReader.class]
2024-10-29 10:56:47,181 DEBUG [main][ClassPathScanningCandidateComponentProvider.java:435] - Identified candidate component class: URL [jar:file:/D:/develop/repository/io/springfox/springfox-spring-web/2.9.2/springfox-spring-web-2.9.2.jar!/springfox/documentation/spring/web/scanners/ApiListingReader.class]
2024-10-29 10:56:47,181 DEBUG [main][ClassPathScanningCandidateComponentProvider.java:435] - Identified candidate component class: URL [jar:file:/D:/develop/repository/io/springfox/springfox-spring-web/2.9.2/springfox-spring-web-2.9.2.jar!/springfox/documentation/spring/web/scanners/ApiListingReader.class]
2024-10-29 10:56:47,181 DEBUG [main][ClassPathScanningCandidateComponentProvider.java:435] - Identified candidate component class: URL [jar:file:/D:/develop/repository/io/springfox/springfox-spring-web/2.9.2/springfox-spring-web-2.9.2.jar!/springfox/documentation/spring/web/scanners/CachingOperationReader.class]
2024-10-29 10:56:47,181 DEBUG [main][ClassPathScanningCandidateComponentProvider.java:435] - Identified candidate component class: URL [jar:file:/D:/develop/repository/io/springfox/springfox-spring-web/2.9.2/springfox-spring-web-2.9.2.jar!/springfox/documentation/spring/web/scanners/CachingOperationReader.class]
2024-10-29 10:56:47,182 DEBUG [main][ClassPathScanningCandidateComponentProvider.java:435] - Identified candidate component class: URL [jar:file:/D:/develop/repository/io/springfox/springfox-spring-web/2.9.2/springfox-spring-web-2.9.2.jar!/springfox/documentation/spring/web/scanners/MediaTypeReader.class]
2024-10-29 10:56:47,182 DEBUG [main][ClassPathScanningCandidateComponentProvider.java:435] - Identified candidate component class: URL [jar:file:/D:/develop/repository/io/springfox/springfox-spring-web/2.9.2/springfox-spring-web-2.9.2.jar!/springfox/documentation/spring/web/scanners/MediaTypeReader.class]
2024-10-29 10:56:47,182 DEBUG [main][ClassPathScanningCandidateComponentProvider.java:435] - Identified candidate component class: URL [jar:file:/D:/develop/repository/io/springfox/springfox-spring-web/2.9.2/springfox-spring-web-2.9.2.jar!/springfox/documentation/spring/web/scanners/ApiListingScanner.class]
2024-10-29 10:56:47,182 DEBUG [main][ClassPathScanningCandidateComponentProvider.java:435] - Identified candidate component class: URL [jar:file:/D:/develop/repository/io/springfox/springfox-spring-web/2.9.2/springfox-spring-web-2.9.2.jar!/springfox/documentation/spring/web/scanners/ApiListingScanner.class]
2024-10-29 10:56:47,183 DEBUG [main][ClassPathScanningCandidateComponentProvider.java:435] - Identified candidate component class: URL [jar:file:/D:/develop/repository/io/springfox/springfox-spring-web/2.9.2/springfox-spring-web-2.9.2.jar!/springfox/documentation/spring/web/scanners/ApiModelReader.class]
2024-10-29 10:56:47,183 DEBUG [main][ClassPathScanningCandidateComponentProvider.java:435] - Identified candidate component class: URL [jar:file:/D:/develop/repository/io/springfox/springfox-spring-web/2.9.2/springfox-spring-web-2.9.2.jar!/springfox/documentation/spring/web/scanners/ApiModelReader.class]
2024-10-29 10:56:47,183 DEBUG [main][ClassPathScanningCandidateComponentProvider.java:435] - Identified candidate component class: URL [jar:file:/D:/develop/repository/io/springfox/springfox-spring-web/2.9.2/springfox-spring-web-2.9.2.jar!/springfox/documentation/spring/web/scanners/ApiDescriptionLookup.class]
2024-10-29 10:56:47,183 DEBUG [main][ClassPathScanningCandidateComponentProvider.java:435] - Identified candidate component class: URL [jar:file:/D:/develop/repository/io/springfox/springfox-spring-web/2.9.2/springfox-spring-web-2.9.2.jar!/springfox/documentation/spring/web/scanners/ApiDescriptionLookup.class]
2024-10-29 10:56:47,186 DEBUG [main][ClassPathScanningCandidateComponentProvider.java:435] - Identified candidate component class: URL [jar:file:/D:/develop/repository/io/springfox/springfox-spring-web/2.9.2/springfox-spring-web-2.9.2.jar!/springfox/documentation/spring/web/readers/operation/OperationModelsProvider.class]
2024-10-29 10:56:47,186 DEBUG [main][ClassPathScanningCandidateComponentProvider.java:435] - Identified candidate component class: URL [jar:file:/D:/develop/repository/io/springfox/springfox-spring-web/2.9.2/springfox-spring-web-2.9.2.jar!/springfox/documentation/spring/web/readers/operation/OperationModelsProvider.class]
2024-10-29 10:56:47,186 DEBUG [main][ClassPathScanningCandidateComponentProvider.java:435] - Identified candidate component class: URL [jar:file:/D:/develop/repository/io/springfox/springfox-spring-web/2.9.2/springfox-spring-web-2.9.2.jar!/springfox/documentation/spring/web/readers/operation/OperationDeprecatedReader.class]
2024-10-29 10:56:47,186 DEBUG [main][ClassPathScanningCandidateComponentProvider.java:435] - Identified candidate component class: URL [jar:file:/D:/develop/repository/io/springfox/springfox-spring-web/2.9.2/springfox-spring-web-2.9.2.jar!/springfox/documentation/spring/web/readers/operation/OperationDeprecatedReader.class]
2024-10-29 10:56:47,186 DEBUG [main][ClassPathScanningCandidateComponentProvider.java:435] - Identified candidate component class: URL [jar:file:/D:/develop/repository/io/springfox/springfox-spring-web/2.9.2/springfox-spring-web-2.9.2.jar!/springfox/documentation/spring/web/readers/operation/ResponseMessagesReader.class]
2024-10-29 10:56:47,186 DEBUG [main][ClassPathScanningCandidateComponentProvider.java:435] - Identified candidate component class: URL [jar:file:/D:/develop/repository/io/springfox/springfox-spring-web/2.9.2/springfox-spring-web-2.9.2.jar!/springfox/documentation/spring/web/readers/operation/ResponseMessagesReader.class]
2024-10-29 10:56:47,187 DEBUG [main][ClassPathScanningCandidateComponentProvider.java:435] - Identified candidate component class: URL [jar:file:/D:/develop/repository/io/springfox/springfox-spring-web/2.9.2/springfox-spring-web-2.9.2.jar!/springfox/documentation/spring/web/readers/operation/OperationParameterReader.class]
2024-10-29 10:56:47,187 DEBUG [main][ClassPathScanningCandidateComponentProvider.java:435] - Identified candidate component class: URL [jar:file:/D:/develop/repository/io/springfox/springfox-spring-web/2.9.2/springfox-spring-web-2.9.2.jar!/springfox/documentation/spring/web/readers/operation/OperationParameterReader.class]
2024-10-29 10:56:47,187 DEBUG [main][ClassPathScanningCandidateComponentProvider.java:435] - Identified candidate component class: URL [jar:file:/D:/develop/repository/io/springfox/springfox-spring-web/2.9.2/springfox-spring-web-2.9.2.jar!/springfox/documentation/spring/web/readers/operation/DefaultTagsProvider.class]
2024-10-29 10:56:47,187 DEBUG [main][ClassPathScanningCandidateComponentProvider.java:435] - Identified candidate component class: URL [jar:file:/D:/develop/repository/io/springfox/springfox-spring-web/2.9.2/springfox-spring-web-2.9.2.jar!/springfox/documentation/spring/web/readers/operation/DefaultTagsProvider.class]
2024-10-29 10:56:47,188 DEBUG [main][ClassPathScanningCandidateComponentProvider.java:435] - Identified candidate component class: URL [jar:file:/D:/develop/repository/io/springfox/springfox-spring-web/2.9.2/springfox-spring-web-2.9.2.jar!/springfox/documentation/spring/web/readers/operation/OperationTagsReader.class]
2024-10-29 10:56:47,188 DEBUG [main][ClassPathScanningCandidateComponentProvider.java:435] - Identified candidate component class: URL [jar:file:/D:/develop/repository/io/springfox/springfox-spring-web/2.9.2/springfox-spring-web-2.9.2.jar!/springfox/documentation/spring/web/readers/operation/OperationTagsReader.class]
2024-10-29 10:56:47,188 DEBUG [main][ClassPathScanningCandidateComponentProvider.java:435] - Identified candidate component class: URL [jar:file:/D:/develop/repository/io/springfox/springfox-spring-web/2.9.2/springfox-spring-web-2.9.2.jar!/springfox/documentation/spring/web/readers/operation/ApiOperationReader.class]
2024-10-29 10:56:47,188 DEBUG [main][ClassPathScanningCandidateComponentProvider.java:435] - Identified candidate component class: URL [jar:file:/D:/develop/repository/io/springfox/springfox-spring-web/2.9.2/springfox-spring-web-2.9.2.jar!/springfox/documentation/spring/web/readers/operation/ApiOperationReader.class]
2024-10-29 10:56:47,188 DEBUG [main][ClassPathScanningCandidateComponentProvider.java:435] - Identified candidate component class: URL [jar:file:/D:/develop/repository/io/springfox/springfox-spring-web/2.9.2/springfox-spring-web-2.9.2.jar!/springfox/documentation/spring/web/readers/operation/DefaultOperationReader.class]
2024-10-29 10:56:47,188 DEBUG [main][ClassPathScanningCandidateComponentProvider.java:435] - Identified candidate component class: URL [jar:file:/D:/develop/repository/io/springfox/springfox-spring-web/2.9.2/springfox-spring-web-2.9.2.jar!/springfox/documentation/spring/web/readers/operation/DefaultOperationReader.class]
2024-10-29 10:56:47,189 DEBUG [main][ClassPathScanningCandidateComponentProvider.java:435] - Identified candidate component class: URL [jar:file:/D:/develop/repository/io/springfox/springfox-spring-web/2.9.2/springfox-spring-web-2.9.2.jar!/springfox/documentation/spring/web/readers/operation/OperationParameterRequestConditionReader.class]
2024-10-29 10:56:47,189 DEBUG [main][ClassPathScanningCandidateComponentProvider.java:435] - Identified candidate component class: URL [jar:file:/D:/develop/repository/io/springfox/springfox-spring-web/2.9.2/springfox-spring-web-2.9.2.jar!/springfox/documentation/spring/web/readers/operation/OperationParameterRequestConditionReader.class]
2024-10-29 10:56:47,189 DEBUG [main][ClassPathScanningCandidateComponentProvider.java:435] - Identified candidate component class: URL [jar:file:/D:/develop/repository/io/springfox/springfox-spring-web/2.9.2/springfox-spring-web-2.9.2.jar!/springfox/documentation/spring/web/readers/operation/OperationParameterHeadersConditionReader.class]
2024-10-29 10:56:47,189 DEBUG [main][ClassPathScanningCandidateComponentProvider.java:435] - Identified candidate component class: URL [jar:file:/D:/develop/repository/io/springfox/springfox-spring-web/2.9.2/springfox-spring-web-2.9.2.jar!/springfox/documentation/spring/web/readers/operation/OperationParameterHeadersConditionReader.class]
2024-10-29 10:56:47,190 DEBUG [main][ClassPathScanningCandidateComponentProvider.java:435] - Identified candidate component class: URL [jar:file:/D:/develop/repository/io/springfox/springfox-spring-web/2.9.2/springfox-spring-web-2.9.2.jar!/springfox/documentation/spring/web/readers/operation/OperationResponseClassReader.class]
2024-10-29 10:56:47,190 DEBUG [main][ClassPathScanningCandidateComponentProvider.java:435] - Identified candidate component class: URL [jar:file:/D:/develop/repository/io/springfox/springfox-spring-web/2.9.2/springfox-spring-web-2.9.2.jar!/springfox/documentation/spring/web/readers/operation/OperationResponseClassReader.class]
2024-10-29 10:56:47,190 DEBUG [main][ClassPathScanningCandidateComponentProvider.java:435] - Identified candidate component class: URL [jar:file:/D:/develop/repository/io/springfox/springfox-spring-web/2.9.2/springfox-spring-web-2.9.2.jar!/springfox/documentation/spring/web/readers/operation/CachingOperationNameGenerator.class]
2024-10-29 10:56:47,190 DEBUG [main][ClassPathScanningCandidateComponentProvider.java:435] - Identified candidate component class: URL [jar:file:/D:/develop/repository/io/springfox/springfox-spring-web/2.9.2/springfox-spring-web-2.9.2.jar!/springfox/documentation/spring/web/readers/operation/CachingOperationNameGenerator.class]
2024-10-29 10:56:47,192 DEBUG [main][ClassPathScanningCandidateComponentProvider.java:435] - Identified candidate component class: URL [jar:file:/D:/develop/repository/io/springfox/springfox-spring-web/2.9.2/springfox-spring-web-2.9.2.jar!/springfox/documentation/spring/web/readers/parameter/ParameterMultiplesReader.class]
2024-10-29 10:56:47,192 DEBUG [main][ClassPathScanningCandidateComponentProvider.java:435] - Identified candidate component class: URL [jar:file:/D:/develop/repository/io/springfox/springfox-spring-web/2.9.2/springfox-spring-web-2.9.2.jar!/springfox/documentation/spring/web/readers/parameter/ParameterMultiplesReader.class]
2024-10-29 10:56:47,193 DEBUG [main][ClassPathScanningCandidateComponentProvider.java:435] - Identified candidate component class: URL [jar:file:/D:/develop/repository/io/springfox/springfox-spring-web/2.9.2/springfox-spring-web-2.9.2.jar!/springfox/documentation/spring/web/readers/parameter/ModelAttributeParameterExpander.class]
2024-10-29 10:56:47,193 DEBUG [main][ClassPathScanningCandidateComponentProvider.java:435] - Identified candidate component class: URL [jar:file:/D:/develop/repository/io/springfox/springfox-spring-web/2.9.2/springfox-spring-web-2.9.2.jar!/springfox/documentation/spring/web/readers/parameter/ModelAttributeParameterExpander.class]
2024-10-29 10:56:47,193 DEBUG [main][ClassPathScanningCandidateComponentProvider.java:435] - Identified candidate component class: URL [jar:file:/D:/develop/repository/io/springfox/springfox-spring-web/2.9.2/springfox-spring-web-2.9.2.jar!/springfox/documentation/spring/web/readers/parameter/ParameterTypeReader.class]
2024-10-29 10:56:47,193 DEBUG [main][ClassPathScanningCandidateComponentProvider.java:435] - Identified candidate component class: URL [jar:file:/D:/develop/repository/io/springfox/springfox-spring-web/2.9.2/springfox-spring-web-2.9.2.jar!/springfox/documentation/spring/web/readers/parameter/ParameterTypeReader.class]
2024-10-29 10:56:47,194 DEBUG [main][ClassPathScanningCandidateComponentProvider.java:435] - Identified candidate component class: URL [jar:file:/D:/develop/repository/io/springfox/springfox-spring-web/2.9.2/springfox-spring-web-2.9.2.jar!/springfox/documentation/spring/web/readers/parameter/ParameterRequiredReader.class]
2024-10-29 10:56:47,194 DEBUG [main][ClassPathScanningCandidateComponentProvider.java:435] - Identified candidate component class: URL [jar:file:/D:/develop/repository/io/springfox/springfox-spring-web/2.9.2/springfox-spring-web-2.9.2.jar!/springfox/documentation/spring/web/readers/parameter/ParameterRequiredReader.class]
2024-10-29 10:56:47,195 DEBUG [main][ClassPathScanningCandidateComponentProvider.java:435] - Identified candidate component class: URL [jar:file:/D:/develop/repository/io/springfox/springfox-spring-web/2.9.2/springfox-spring-web-2.9.2.jar!/springfox/documentation/spring/web/readers/parameter/ParameterDataTypeReader.class]
2024-10-29 10:56:47,195 DEBUG [main][ClassPathScanningCandidateComponentProvider.java:435] - Identified candidate component class: URL [jar:file:/D:/develop/repository/io/springfox/springfox-spring-web/2.9.2/springfox-spring-web-2.9.2.jar!/springfox/documentation/spring/web/readers/parameter/ParameterDataTypeReader.class]
2024-10-29 10:56:47,196 DEBUG [main][ClassPathScanningCandidateComponentProvider.java:435] - Identified candidate component class: URL [jar:file:/D:/develop/repository/io/springfox/springfox-spring-web/2.9.2/springfox-spring-web-2.9.2.jar!/springfox/documentation/spring/web/readers/parameter/ParameterDefaultReader.class]
2024-10-29 10:56:47,196 DEBUG [main][ClassPathScanningCandidateComponentProvider.java:435] - Identified candidate component class: URL [jar:file:/D:/develop/repository/io/springfox/springfox-spring-web/2.9.2/springfox-spring-web-2.9.2.jar!/springfox/documentation/spring/web/readers/parameter/ParameterDefaultReader.class]
2024-10-29 10:56:47,197 DEBUG [main][ClassPathScanningCandidateComponentProvider.java:435] - Identified candidate component class: URL [jar:file:/D:/develop/repository/io/springfox/springfox-spring-web/2.9.2/springfox-spring-web-2.9.2.jar!/springfox/documentation/spring/web/readers/parameter/ParameterNameReader.class]
2024-10-29 10:56:47,197 DEBUG [main][ClassPathScanningCandidateComponentProvider.java:435] - Identified candidate component class: URL [jar:file:/D:/develop/repository/io/springfox/springfox-spring-web/2.9.2/springfox-spring-web-2.9.2.jar!/springfox/documentation/spring/web/readers/parameter/ParameterNameReader.class]
2024-10-29 10:56:47,197 DEBUG [main][ClassPathScanningCandidateComponentProvider.java:435] - Identified candidate component class: URL [jar:file:/D:/develop/repository/io/springfox/springfox-spring-web/2.9.2/springfox-spring-web-2.9.2.jar!/springfox/documentation/spring/web/readers/parameter/ExpandedParameterBuilder.class]
2024-10-29 10:56:47,197 DEBUG [main][ClassPathScanningCandidateComponentProvider.java:435] - Identified candidate component class: URL [jar:file:/D:/develop/repository/io/springfox/springfox-spring-web/2.9.2/springfox-spring-web-2.9.2.jar!/springfox/documentation/spring/web/readers/parameter/ExpandedParameterBuilder.class]
2024-10-29 10:56:47,201 DEBUG [main][ClassPathScanningCandidateComponentProvider.java:435] - Identified candidate component class: URL [jar:file:/D:/develop/repository/io/springfox/springfox-spring-web/2.9.2/springfox-spring-web-2.9.2.jar!/springfox/documentation/spring/web/plugins/DocumentationPluginsBootstrapper.class]
2024-10-29 10:56:47,201 DEBUG [main][ClassPathScanningCandidateComponentProvider.java:435] - Identified candidate component class: URL [jar:file:/D:/develop/repository/io/springfox/springfox-spring-web/2.9.2/springfox-spring-web-2.9.2.jar!/springfox/documentation/spring/web/plugins/DocumentationPluginsBootstrapper.class]
2024-10-29 10:56:47,202 DEBUG [main][ClassPathScanningCandidateComponentProvider.java:435] - Identified candidate component class: URL [jar:file:/D:/develop/repository/io/springfox/springfox-spring-web/2.9.2/springfox-spring-web-2.9.2.jar!/springfox/documentation/spring/web/plugins/WebMvcRequestHandlerProvider.class]
2024-10-29 10:56:47,202 DEBUG [main][ClassPathScanningCandidateComponentProvider.java:435] - Identified candidate component class: URL [jar:file:/D:/develop/repository/io/springfox/springfox-spring-web/2.9.2/springfox-spring-web-2.9.2.jar!/springfox/documentation/spring/web/plugins/WebMvcRequestHandlerProvider.class]
2024-10-29 10:56:47,202 DEBUG [main][ClassPathScanningCandidateComponentProvider.java:435] - Identified candidate component class: URL [jar:file:/D:/develop/repository/io/springfox/springfox-spring-web/2.9.2/springfox-spring-web-2.9.2.jar!/springfox/documentation/spring/web/plugins/DocumentationPluginsManager.class]
2024-10-29 10:56:47,202 DEBUG [main][ClassPathScanningCandidateComponentProvider.java:435] - Identified candidate component class: URL [jar:file:/D:/develop/repository/io/springfox/springfox-spring-web/2.9.2/springfox-spring-web-2.9.2.jar!/springfox/documentation/spring/web/plugins/DocumentationPluginsManager.class]
2024-10-29 10:56:47,203 DEBUG [main][ClassPathScanningCandidateComponentProvider.java:435] - Identified candidate component class: URL [jar:file:/D:/develop/repository/io/springfox/springfox-spring-web/2.9.2/springfox-spring-web-2.9.2.jar!/springfox/documentation/spring/web/paths/QueryStringUriTemplateDecorator.class]
2024-10-29 10:56:47,203 DEBUG [main][ClassPathScanningCandidateComponentProvider.java:435] - Identified candidate component class: URL [jar:file:/D:/develop/repository/io/springfox/springfox-spring-web/2.9.2/springfox-spring-web-2.9.2.jar!/springfox/documentation/spring/web/paths/QueryStringUriTemplateDecorator.class]
2024-10-29 10:56:47,204 DEBUG [main][ClassPathScanningCandidateComponentProvider.java:435] - Identified candidate component class: URL [jar:file:/D:/develop/repository/io/springfox/springfox-spring-web/2.9.2/springfox-spring-web-2.9.2.jar!/springfox/documentation/spring/web/paths/PathMappingDecorator.class]
2024-10-29 10:56:47,204 DEBUG [main][ClassPathScanningCandidateComponentProvider.java:435] - Identified candidate component class: URL [jar:file:/D:/develop/repository/io/springfox/springfox-spring-web/2.9.2/springfox-spring-web-2.9.2.jar!/springfox/documentation/spring/web/paths/PathMappingDecorator.class]
2024-10-29 10:56:47,204 DEBUG [main][ClassPathScanningCandidateComponentProvider.java:435] - Identified candidate component class: URL [jar:file:/D:/develop/repository/io/springfox/springfox-spring-web/2.9.2/springfox-spring-web-2.9.2.jar!/springfox/documentation/spring/web/paths/PathSanitizer.class]
2024-10-29 10:56:47,204 DEBUG [main][ClassPathScanningCandidateComponentProvider.java:435] - Identified candidate component class: URL [jar:file:/D:/develop/repository/io/springfox/springfox-spring-web/2.9.2/springfox-spring-web-2.9.2.jar!/springfox/documentation/spring/web/paths/PathSanitizer.class]
2024-10-29 10:56:47,204 DEBUG [main][ClassPathScanningCandidateComponentProvider.java:435] - Identified candidate component class: URL [jar:file:/D:/develop/repository/io/springfox/springfox-spring-web/2.9.2/springfox-spring-web-2.9.2.jar!/springfox/documentation/spring/web/paths/OperationPathDecorator.class]
2024-10-29 10:56:47,204 DEBUG [main][ClassPathScanningCandidateComponentProvider.java:435] - Identified candidate component class: URL [jar:file:/D:/develop/repository/io/springfox/springfox-spring-web/2.9.2/springfox-spring-web-2.9.2.jar!/springfox/documentation/spring/web/paths/OperationPathDecorator.class]
2024-10-29 10:56:47,218 DEBUG [main][ClassPathScanningCandidateComponentProvider.java:435] - Identified candidate component class: URL [jar:file:/D:/develop/repository/io/springfox/springfox-schema/2.9.2/springfox-schema-2.9.2.jar!/springfox/documentation/schema/CachingModelDependencyProvider.class]
2024-10-29 10:56:47,218 DEBUG [main][ClassPathScanningCandidateComponentProvider.java:435] - Identified candidate component class: URL [jar:file:/D:/develop/repository/io/springfox/springfox-schema/2.9.2/springfox-schema-2.9.2.jar!/springfox/documentation/schema/CachingModelDependencyProvider.class]
2024-10-29 10:56:47,219 DEBUG [main][ClassPathScanningCandidateComponentProvider.java:435] - Identified candidate component class: URL [jar:file:/D:/develop/repository/io/springfox/springfox-schema/2.9.2/springfox-schema-2.9.2.jar!/springfox/documentation/schema/TypeNameExtractor.class]
2024-10-29 10:56:47,219 DEBUG [main][ClassPathScanningCandidateComponentProvider.java:435] - Identified candidate component class: URL [jar:file:/D:/develop/repository/io/springfox/springfox-schema/2.9.2/springfox-schema-2.9.2.jar!/springfox/documentation/schema/TypeNameExtractor.class]
2024-10-29 10:56:47,219 DEBUG [main][ClassPathScanningCandidateComponentProvider.java:435] - Identified candidate component class: URL [jar:file:/D:/develop/repository/io/springfox/springfox-schema/2.9.2/springfox-schema-2.9.2.jar!/springfox/documentation/schema/plugins/PropertyDiscriminatorBasedInheritancePlugin.class]
2024-10-29 10:56:47,219 DEBUG [main][ClassPathScanningCandidateComponentProvider.java:435] - Identified candidate component class: URL [jar:file:/D:/develop/repository/io/springfox/springfox-schema/2.9.2/springfox-schema-2.9.2.jar!/springfox/documentation/schema/plugins/PropertyDiscriminatorBasedInheritancePlugin.class]
2024-10-29 10:56:47,219 DEBUG [main][ClassPathScanningCandidateComponentProvider.java:435] - Identified candidate component class: URL [jar:file:/D:/develop/repository/io/springfox/springfox-schema/2.9.2/springfox-schema-2.9.2.jar!/springfox/documentation/schema/plugins/XmlModelPlugin.class]
2024-10-29 10:56:47,219 DEBUG [main][ClassPathScanningCandidateComponentProvider.java:435] - Identified candidate component class: URL [jar:file:/D:/develop/repository/io/springfox/springfox-schema/2.9.2/springfox-schema-2.9.2.jar!/springfox/documentation/schema/plugins/XmlModelPlugin.class]
2024-10-29 10:56:47,220 DEBUG [main][ClassPathScanningCandidateComponentProvider.java:435] - Identified candidate component class: URL [jar:file:/D:/develop/repository/io/springfox/springfox-schema/2.9.2/springfox-schema-2.9.2.jar!/springfox/documentation/schema/plugins/SchemaPluginsManager.class]
2024-10-29 10:56:47,220 DEBUG [main][ClassPathScanningCandidateComponentProvider.java:435] - Identified candidate component class: URL [jar:file:/D:/develop/repository/io/springfox/springfox-schema/2.9.2/springfox-schema-2.9.2.jar!/springfox/documentation/schema/plugins/SchemaPluginsManager.class]
2024-10-29 10:56:47,220 DEBUG [main][ClassPathScanningCandidateComponentProvider.java:435] - Identified candidate component class: URL [jar:file:/D:/develop/repository/io/springfox/springfox-schema/2.9.2/springfox-schema-2.9.2.jar!/springfox/documentation/schema/property/CachingModelPropertiesProvider.class]
2024-10-29 10:56:47,220 DEBUG [main][ClassPathScanningCandidateComponentProvider.java:435] - Identified candidate component class: URL [jar:file:/D:/develop/repository/io/springfox/springfox-schema/2.9.2/springfox-schema-2.9.2.jar!/springfox/documentation/schema/property/CachingModelPropertiesProvider.class]
2024-10-29 10:56:47,220 DEBUG [main][ClassPathScanningCandidateComponentProvider.java:435] - Identified candidate component class: URL [jar:file:/D:/develop/repository/io/springfox/springfox-schema/2.9.2/springfox-schema-2.9.2.jar!/springfox/documentation/schema/property/ObjectMapperBeanPropertyNamingStrategy.class]
2024-10-29 10:56:47,220 DEBUG [main][ClassPathScanningCandidateComponentProvider.java:435] - Identified candidate component class: URL [jar:file:/D:/develop/repository/io/springfox/springfox-schema/2.9.2/springfox-schema-2.9.2.jar!/springfox/documentation/schema/property/ObjectMapperBeanPropertyNamingStrategy.class]
2024-10-29 10:56:47,221 DEBUG [main][ClassPathScanningCandidateComponentProvider.java:435] - Identified candidate component class: URL [jar:file:/D:/develop/repository/io/springfox/springfox-schema/2.9.2/springfox-schema-2.9.2.jar!/springfox/documentation/schema/property/bean/AccessorsProvider.class]
2024-10-29 10:56:47,221 DEBUG [main][ClassPathScanningCandidateComponentProvider.java:435] - Identified candidate component class: URL [jar:file:/D:/develop/repository/io/springfox/springfox-schema/2.9.2/springfox-schema-2.9.2.jar!/springfox/documentation/schema/property/bean/AccessorsProvider.class]
2024-10-29 10:56:47,221 DEBUG [main][ClassPathScanningCandidateComponentProvider.java:435] - Identified candidate component class: URL [jar:file:/D:/develop/repository/io/springfox/springfox-schema/2.9.2/springfox-schema-2.9.2.jar!/springfox/documentation/schema/property/field/FieldProvider.class]
2024-10-29 10:56:47,221 DEBUG [main][ClassPathScanningCandidateComponentProvider.java:435] - Identified candidate component class: URL [jar:file:/D:/develop/repository/io/springfox/springfox-schema/2.9.2/springfox-schema-2.9.2.jar!/springfox/documentation/schema/property/field/FieldProvider.class]
2024-10-29 10:56:47,222 DEBUG [main][ClassPathScanningCandidateComponentProvider.java:435] - Identified candidate component class: URL [jar:file:/D:/develop/repository/io/springfox/springfox-schema/2.9.2/springfox-schema-2.9.2.jar!/springfox/documentation/schema/property/XmlPropertyPlugin.class]
2024-10-29 10:56:47,222 DEBUG [main][ClassPathScanningCandidateComponentProvider.java:435] - Identified candidate component class: URL [jar:file:/D:/develop/repository/io/springfox/springfox-schema/2.9.2/springfox-schema-2.9.2.jar!/springfox/documentation/schema/property/XmlPropertyPlugin.class]
2024-10-29 10:56:47,222 DEBUG [main][ClassPathScanningCandidateComponentProvider.java:435] - Identified candidate component class: URL [jar:file:/D:/develop/repository/io/springfox/springfox-schema/2.9.2/springfox-schema-2.9.2.jar!/springfox/documentation/schema/property/OptimizedModelPropertiesProvider.class]
2024-10-29 10:56:47,222 DEBUG [main][ClassPathScanningCandidateComponentProvider.java:435] - Identified candidate component class: URL [jar:file:/D:/develop/repository/io/springfox/springfox-schema/2.9.2/springfox-schema-2.9.2.jar!/springfox/documentation/schema/property/OptimizedModelPropertiesProvider.class]
2024-10-29 10:56:47,223 DEBUG [main][ClassPathScanningCandidateComponentProvider.java:435] - Identified candidate component class: URL [jar:file:/D:/develop/repository/io/springfox/springfox-schema/2.9.2/springfox-schema-2.9.2.jar!/springfox/documentation/schema/property/FactoryMethodProvider.class]
2024-10-29 10:56:47,223 DEBUG [main][ClassPathScanningCandidateComponentProvider.java:435] - Identified candidate component class: URL [jar:file:/D:/develop/repository/io/springfox/springfox-schema/2.9.2/springfox-schema-2.9.2.jar!/springfox/documentation/schema/property/FactoryMethodProvider.class]
2024-10-29 10:56:47,225 DEBUG [main][ClassPathScanningCandidateComponentProvider.java:435] - Identified candidate component class: URL [jar:file:/D:/develop/repository/io/springfox/springfox-schema/2.9.2/springfox-schema-2.9.2.jar!/springfox/documentation/schema/CachingModelProvider.class]
2024-10-29 10:56:47,225 DEBUG [main][ClassPathScanningCandidateComponentProvider.java:435] - Identified candidate component class: URL [jar:file:/D:/develop/repository/io/springfox/springfox-schema/2.9.2/springfox-schema-2.9.2.jar!/springfox/documentation/schema/CachingModelProvider.class]
2024-10-29 10:56:47,226 DEBUG [main][ClassPathScanningCandidateComponentProvider.java:435] - Identified candidate component class: URL [jar:file:/D:/develop/repository/io/springfox/springfox-schema/2.9.2/springfox-schema-2.9.2.jar!/springfox/documentation/schema/DefaultModelDependencyProvider.class]
2024-10-29 10:56:47,226 DEBUG [main][ClassPathScanningCandidateComponentProvider.java:435] - Identified candidate component class: URL [jar:file:/D:/develop/repository/io/springfox/springfox-schema/2.9.2/springfox-schema-2.9.2.jar!/springfox/documentation/schema/DefaultModelDependencyProvider.class]
2024-10-29 10:56:47,226 DEBUG [main][ClassPathScanningCandidateComponentProvider.java:435] - Identified candidate component class: URL [jar:file:/D:/develop/repository/io/springfox/springfox-schema/2.9.2/springfox-schema-2.9.2.jar!/springfox/documentation/schema/JacksonEnumTypeDeterminer.class]
2024-10-29 10:56:47,226 DEBUG [main][ClassPathScanningCandidateComponentProvider.java:435] - Identified candidate component class: URL [jar:file:/D:/develop/repository/io/springfox/springfox-schema/2.9.2/springfox-schema-2.9.2.jar!/springfox/documentation/schema/JacksonEnumTypeDeterminer.class]
2024-10-29 10:56:47,227 DEBUG [main][ClassPathScanningCandidateComponentProvider.java:435] - Identified candidate component class: URL [jar:file:/D:/develop/repository/io/springfox/springfox-schema/2.9.2/springfox-schema-2.9.2.jar!/springfox/documentation/schema/DefaultModelProvider.class]
2024-10-29 10:56:47,227 DEBUG [main][ClassPathScanningCandidateComponentProvider.java:435] - Identified candidate component class: URL [jar:file:/D:/develop/repository/io/springfox/springfox-schema/2.9.2/springfox-schema-2.9.2.jar!/springfox/documentation/schema/DefaultModelProvider.class]
2024-10-29 10:56:47,234 DEBUG [main][ClassPathScanningCandidateComponentProvider.java:435] - Identified candidate component class: URL [jar:file:/D:/develop/repository/io/springfox/springfox-swagger-common/2.9.2/springfox-swagger-common-2.9.2.jar!/springfox/documentation/swagger/schema/ApiModelPropertyPropertyBuilder.class]
2024-10-29 10:56:47,234 DEBUG [main][ClassPathScanningCandidateComponentProvider.java:435] - Identified candidate component class: URL [jar:file:/D:/develop/repository/io/springfox/springfox-swagger-common/2.9.2/springfox-swagger-common-2.9.2.jar!/springfox/documentation/swagger/schema/ApiModelPropertyPropertyBuilder.class]
2024-10-29 10:56:47,235 DEBUG [main][ClassPathScanningCandidateComponentProvider.java:435] - Identified candidate component class: URL [jar:file:/D:/develop/repository/io/springfox/springfox-swagger-common/2.9.2/springfox-swagger-common-2.9.2.jar!/springfox/documentation/swagger/schema/ApiModelTypeNameProvider.class]
2024-10-29 10:56:47,235 DEBUG [main][ClassPathScanningCandidateComponentProvider.java:435] - Identified candidate component class: URL [jar:file:/D:/develop/repository/io/springfox/springfox-swagger-common/2.9.2/springfox-swagger-common-2.9.2.jar!/springfox/documentation/swagger/schema/ApiModelTypeNameProvider.class]
2024-10-29 10:56:47,235 DEBUG [main][ClassPathScanningCandidateComponentProvider.java:435] - Identified candidate component class: URL [jar:file:/D:/develop/repository/io/springfox/springfox-swagger-common/2.9.2/springfox-swagger-common-2.9.2.jar!/springfox/documentation/swagger/schema/ApiModelBuilder.class]
2024-10-29 10:56:47,235 DEBUG [main][ClassPathScanningCandidateComponentProvider.java:435] - Identified candidate component class: URL [jar:file:/D:/develop/repository/io/springfox/springfox-swagger-common/2.9.2/springfox-swagger-common-2.9.2.jar!/springfox/documentation/swagger/schema/ApiModelBuilder.class]
2024-10-29 10:56:47,236 DEBUG [main][ClassPathScanningCandidateComponentProvider.java:435] - Identified candidate component class: URL [jar:file:/D:/develop/repository/io/springfox/springfox-swagger-common/2.9.2/springfox-swagger-common-2.9.2.jar!/springfox/documentation/swagger/readers/operation/OperationImplicitParameterReader.class]
2024-10-29 10:56:47,236 DEBUG [main][ClassPathScanningCandidateComponentProvider.java:435] - Identified candidate component class: URL [jar:file:/D:/develop/repository/io/springfox/springfox-swagger-common/2.9.2/springfox-swagger-common-2.9.2.jar!/springfox/documentation/swagger/readers/operation/OperationImplicitParameterReader.class]
2024-10-29 10:56:47,236 DEBUG [main][ClassPathScanningCandidateComponentProvider.java:435] - Identified candidate component class: URL [jar:file:/D:/develop/repository/io/springfox/springfox-swagger-common/2.9.2/springfox-swagger-common-2.9.2.jar!/springfox/documentation/swagger/readers/operation/VendorExtensionsReader.class]
2024-10-29 10:56:47,236 DEBUG [main][ClassPathScanningCandidateComponentProvider.java:435] - Identified candidate component class: URL [jar:file:/D:/develop/repository/io/springfox/springfox-swagger-common/2.9.2/springfox-swagger-common-2.9.2.jar!/springfox/documentation/swagger/readers/operation/VendorExtensionsReader.class]
2024-10-29 10:56:47,236 DEBUG [main][ClassPathScanningCandidateComponentProvider.java:435] - Identified candidate component class: URL [jar:file:/D:/develop/repository/io/springfox/springfox-swagger-common/2.9.2/springfox-swagger-common-2.9.2.jar!/springfox/documentation/swagger/readers/operation/SwaggerOperationResponseClassReader.class]
2024-10-29 10:56:47,236 DEBUG [main][ClassPathScanningCandidateComponentProvider.java:435] - Identified candidate component class: URL [jar:file:/D:/develop/repository/io/springfox/springfox-swagger-common/2.9.2/springfox-swagger-common-2.9.2.jar!/springfox/documentation/swagger/readers/operation/SwaggerOperationResponseClassReader.class]
2024-10-29 10:56:47,237 DEBUG [main][ClassPathScanningCandidateComponentProvider.java:435] - Identified candidate component class: URL [jar:file:/D:/develop/repository/io/springfox/springfox-swagger-common/2.9.2/springfox-swagger-common-2.9.2.jar!/springfox/documentation/swagger/readers/operation/SwaggerOperationModelsProvider.class]
2024-10-29 10:56:47,237 DEBUG [main][ClassPathScanningCandidateComponentProvider.java:435] - Identified candidate component class: URL [jar:file:/D:/develop/repository/io/springfox/springfox-swagger-common/2.9.2/springfox-swagger-common-2.9.2.jar!/springfox/documentation/swagger/readers/operation/SwaggerOperationModelsProvider.class]
2024-10-29 10:56:47,237 DEBUG [main][ClassPathScanningCandidateComponentProvider.java:435] - Identified candidate component class: URL [jar:file:/D:/develop/repository/io/springfox/springfox-swagger-common/2.9.2/springfox-swagger-common-2.9.2.jar!/springfox/documentation/swagger/readers/operation/SwaggerMediaTypeReader.class]
2024-10-29 10:56:47,237 DEBUG [main][ClassPathScanningCandidateComponentProvider.java:435] - Identified candidate component class: URL [jar:file:/D:/develop/repository/io/springfox/springfox-swagger-common/2.9.2/springfox-swagger-common-2.9.2.jar!/springfox/documentation/swagger/readers/operation/SwaggerMediaTypeReader.class]
2024-10-29 10:56:47,237 DEBUG [main][ClassPathScanningCandidateComponentProvider.java:435] - Identified candidate component class: URL [jar:file:/D:/develop/repository/io/springfox/springfox-swagger-common/2.9.2/springfox-swagger-common-2.9.2.jar!/springfox/documentation/swagger/readers/operation/OperationHttpMethodReader.class]
2024-10-29 10:56:47,237 DEBUG [main][ClassPathScanningCandidateComponentProvider.java:435] - Identified candidate component class: URL [jar:file:/D:/develop/repository/io/springfox/springfox-swagger-common/2.9.2/springfox-swagger-common-2.9.2.jar!/springfox/documentation/swagger/readers/operation/OperationHttpMethodReader.class]
2024-10-29 10:56:47,238 DEBUG [main][ClassPathScanningCandidateComponentProvider.java:435] - Identified candidate component class: URL [jar:file:/D:/develop/repository/io/springfox/springfox-swagger-common/2.9.2/springfox-swagger-common-2.9.2.jar!/springfox/documentation/swagger/readers/operation/OperationImplicitParametersReader.class]
2024-10-29 10:56:47,238 DEBUG [main][ClassPathScanningCandidateComponentProvider.java:435] - Identified candidate component class: URL [jar:file:/D:/develop/repository/io/springfox/springfox-swagger-common/2.9.2/springfox-swagger-common-2.9.2.jar!/springfox/documentation/swagger/readers/operation/OperationImplicitParametersReader.class]
2024-10-29 10:56:47,238 DEBUG [main][ClassPathScanningCandidateComponentProvider.java:435] - Identified candidate component class: URL [jar:file:/D:/develop/repository/io/springfox/springfox-swagger-common/2.9.2/springfox-swagger-common-2.9.2.jar!/springfox/documentation/swagger/readers/operation/OperationAuthReader.class]
2024-10-29 10:56:47,238 DEBUG [main][ClassPathScanningCandidateComponentProvider.java:435] - Identified candidate component class: URL [jar:file:/D:/develop/repository/io/springfox/springfox-swagger-common/2.9.2/springfox-swagger-common-2.9.2.jar!/springfox/documentation/swagger/readers/operation/OperationAuthReader.class]
2024-10-29 10:56:47,238 DEBUG [main][ClassPathScanningCandidateComponentProvider.java:435] - Identified candidate component class: URL [jar:file:/D:/develop/repository/io/springfox/springfox-swagger-common/2.9.2/springfox-swagger-common-2.9.2.jar!/springfox/documentation/swagger/readers/operation/OperationHiddenReader.class]
2024-10-29 10:56:47,238 DEBUG [main][ClassPathScanningCandidateComponentProvider.java:435] - Identified candidate component class: URL [jar:file:/D:/develop/repository/io/springfox/springfox-swagger-common/2.9.2/springfox-swagger-common-2.9.2.jar!/springfox/documentation/swagger/readers/operation/OperationHiddenReader.class]
2024-10-29 10:56:47,238 DEBUG [main][ClassPathScanningCandidateComponentProvider.java:435] - Identified candidate component class: URL [jar:file:/D:/develop/repository/io/springfox/springfox-swagger-common/2.9.2/springfox-swagger-common-2.9.2.jar!/springfox/documentation/swagger/readers/operation/OperationSummaryReader.class]
2024-10-29 10:56:47,238 DEBUG [main][ClassPathScanningCandidateComponentProvider.java:435] - Identified candidate component class: URL [jar:file:/D:/develop/repository/io/springfox/springfox-swagger-common/2.9.2/springfox-swagger-common-2.9.2.jar!/springfox/documentation/swagger/readers/operation/OperationSummaryReader.class]
2024-10-29 10:56:47,239 DEBUG [main][ClassPathScanningCandidateComponentProvider.java:435] - Identified candidate component class: URL [jar:file:/D:/develop/repository/io/springfox/springfox-swagger-common/2.9.2/springfox-swagger-common-2.9.2.jar!/springfox/documentation/swagger/readers/operation/SwaggerResponseMessageReader.class]
2024-10-29 10:56:47,239 DEBUG [main][ClassPathScanningCandidateComponentProvider.java:435] - Identified candidate component class: URL [jar:file:/D:/develop/repository/io/springfox/springfox-swagger-common/2.9.2/springfox-swagger-common-2.9.2.jar!/springfox/documentation/swagger/readers/operation/SwaggerResponseMessageReader.class]
2024-10-29 10:56:47,239 DEBUG [main][ClassPathScanningCandidateComponentProvider.java:435] - Identified candidate component class: URL [jar:file:/D:/develop/repository/io/springfox/springfox-swagger-common/2.9.2/springfox-swagger-common-2.9.2.jar!/springfox/documentation/swagger/readers/operation/OperationNicknameIntoUniqueIdReader.class]
2024-10-29 10:56:47,239 DEBUG [main][ClassPathScanningCandidateComponentProvider.java:435] - Identified candidate component class: URL [jar:file:/D:/develop/repository/io/springfox/springfox-swagger-common/2.9.2/springfox-swagger-common-2.9.2.jar!/springfox/documentation/swagger/readers/operation/OperationNicknameIntoUniqueIdReader.class]
2024-10-29 10:56:47,239 DEBUG [main][ClassPathScanningCandidateComponentProvider.java:435] - Identified candidate component class: URL [jar:file:/D:/develop/repository/io/springfox/springfox-swagger-common/2.9.2/springfox-swagger-common-2.9.2.jar!/springfox/documentation/swagger/readers/operation/OperationPositionReader.class]
2024-10-29 10:56:47,239 DEBUG [main][ClassPathScanningCandidateComponentProvider.java:435] - Identified candidate component class: URL [jar:file:/D:/develop/repository/io/springfox/springfox-swagger-common/2.9.2/springfox-swagger-common-2.9.2.jar!/springfox/documentation/swagger/readers/operation/OperationPositionReader.class]
2024-10-29 10:56:47,239 DEBUG [main][ClassPathScanningCandidateComponentProvider.java:435] - Identified candidate component class: URL [jar:file:/D:/develop/repository/io/springfox/springfox-swagger-common/2.9.2/springfox-swagger-common-2.9.2.jar!/springfox/documentation/swagger/readers/operation/OperationNotesReader.class]
2024-10-29 10:56:47,239 DEBUG [main][ClassPathScanningCandidateComponentProvider.java:435] - Identified candidate component class: URL [jar:file:/D:/develop/repository/io/springfox/springfox-swagger-common/2.9.2/springfox-swagger-common-2.9.2.jar!/springfox/documentation/swagger/readers/operation/OperationNotesReader.class]
2024-10-29 10:56:47,239 DEBUG [main][ClassPathScanningCandidateComponentProvider.java:435] - Identified candidate component class: URL [jar:file:/D:/develop/repository/io/springfox/springfox-swagger-common/2.9.2/springfox-swagger-common-2.9.2.jar!/springfox/documentation/swagger/readers/operation/SwaggerOperationTagsReader.class]
2024-10-29 10:56:47,239 DEBUG [main][ClassPathScanningCandidateComponentProvider.java:435] - Identified candidate component class: URL [jar:file:/D:/develop/repository/io/springfox/springfox-swagger-common/2.9.2/springfox-swagger-common-2.9.2.jar!/springfox/documentation/swagger/readers/operation/SwaggerOperationTagsReader.class]
2024-10-29 10:56:47,240 DEBUG [main][ClassPathScanningCandidateComponentProvider.java:435] - Identified candidate component class: URL [jar:file:/D:/develop/repository/io/springfox/springfox-swagger-common/2.9.2/springfox-swagger-common-2.9.2.jar!/springfox/documentation/swagger/readers/parameter/ApiParamParameterBuilder.class]
2024-10-29 10:56:47,240 DEBUG [main][ClassPathScanningCandidateComponentProvider.java:435] - Identified candidate component class: URL [jar:file:/D:/develop/repository/io/springfox/springfox-swagger-common/2.9.2/springfox-swagger-common-2.9.2.jar!/springfox/documentation/swagger/readers/parameter/ApiParamParameterBuilder.class]
2024-10-29 10:56:47,240 DEBUG [main][ClassPathScanningCandidateComponentProvider.java:435] - Identified candidate component class: URL [jar:file:/D:/develop/repository/io/springfox/springfox-swagger-common/2.9.2/springfox-swagger-common-2.9.2.jar!/springfox/documentation/swagger/readers/parameter/SwaggerExpandedParameterBuilder.class]
2024-10-29 10:56:47,240 DEBUG [main][ClassPathScanningCandidateComponentProvider.java:435] - Identified candidate component class: URL [jar:file:/D:/develop/repository/io/springfox/springfox-swagger-common/2.9.2/springfox-swagger-common-2.9.2.jar!/springfox/documentation/swagger/readers/parameter/SwaggerExpandedParameterBuilder.class]
2024-10-29 10:56:47,244 DEBUG [main][ClassPathScanningCandidateComponentProvider.java:435] - Identified candidate component class: URL [jar:file:/D:/develop/repository/io/springfox/springfox-swagger-common/2.9.2/springfox-swagger-common-2.9.2.jar!/springfox/documentation/swagger/web/SwaggerApiListingReader.class]
2024-10-29 10:56:47,244 DEBUG [main][ClassPathScanningCandidateComponentProvider.java:435] - Identified candidate component class: URL [jar:file:/D:/develop/repository/io/springfox/springfox-swagger-common/2.9.2/springfox-swagger-common-2.9.2.jar!/springfox/documentation/swagger/web/SwaggerApiListingReader.class]
2024-10-29 10:56:47,244 DEBUG [main][ClassPathScanningCandidateComponentProvider.java:435] - Identified candidate component class: URL [jar:file:/D:/develop/repository/io/springfox/springfox-swagger-common/2.9.2/springfox-swagger-common-2.9.2.jar!/springfox/documentation/swagger/web/ClassOrApiAnnotationResourceGrouping.class]
2024-10-29 10:56:47,244 DEBUG [main][ClassPathScanningCandidateComponentProvider.java:435] - Identified candidate component class: URL [jar:file:/D:/develop/repository/io/springfox/springfox-swagger-common/2.9.2/springfox-swagger-common-2.9.2.jar!/springfox/documentation/swagger/web/ClassOrApiAnnotationResourceGrouping.class]
2024-10-29 10:56:47,245 DEBUG [main][ClassPathScanningCandidateComponentProvider.java:435] - Identified candidate component class: URL [jar:file:/D:/develop/repository/io/springfox/springfox-swagger-common/2.9.2/springfox-swagger-common-2.9.2.jar!/springfox/documentation/swagger/web/InMemorySwaggerResourcesProvider.class]
2024-10-29 10:56:47,245 DEBUG [main][ClassPathScanningCandidateComponentProvider.java:435] - Identified candidate component class: URL [jar:file:/D:/develop/repository/io/springfox/springfox-swagger-common/2.9.2/springfox-swagger-common-2.9.2.jar!/springfox/documentation/swagger/web/InMemorySwaggerResourcesProvider.class]
2024-10-29 10:56:47,245 DEBUG [main][ClassPathScanningCandidateComponentProvider.java:435] - Identified candidate component class: URL [jar:file:/D:/develop/repository/io/springfox/springfox-swagger-common/2.9.2/springfox-swagger-common-2.9.2.jar!/springfox/documentation/swagger/web/ApiResourceController.class]
2024-10-29 10:56:47,245 DEBUG [main][ClassPathScanningCandidateComponentProvider.java:435] - Identified candidate component class: URL [jar:file:/D:/develop/repository/io/springfox/springfox-swagger-common/2.9.2/springfox-swagger-common-2.9.2.jar!/springfox/documentation/swagger/web/ApiResourceController.class]
2024-10-29 10:56:47,363 DEBUG [main][PropertySourcesPropertyResolver.java:115] - Found key 'spring.jmx.enabled' in PropertySource 'configurationProperties' with value of type String
2024-10-29 10:56:47,363 DEBUG [main][PropertySourcesPropertyResolver.java:115] - Found key 'spring.jmx.enabled' in PropertySource 'configurationProperties' with value of type String
2024-10-29 10:56:47,365 DEBUG [main][PropertySourcesPropertyResolver.java:115] - Found key 'spring.application.admin.enabled' in PropertySource 'configurationProperties' with value of type String
2024-10-29 10:56:47,365 DEBUG [main][PropertySourcesPropertyResolver.java:115] - Found key 'spring.application.admin.enabled' in PropertySource 'configurationProperties' with value of type String
2024-10-29 10:56:47,397 DEBUG [main][PropertySourcesPropertyResolver.java:115] - Found key 'swagger.enabled' in PropertySource 'configurationProperties' with value of type Boolean
2024-10-29 10:56:47,397 DEBUG [main][PropertySourcesPropertyResolver.java:115] - Found key 'swagger.enabled' in PropertySource 'configurationProperties' with value of type Boolean
2024-10-29 10:56:47,405 DEBUG [main][PropertySourcesPropertyResolver.java:115] - Found key 'swagger.enabled' in PropertySource 'configurationProperties' with value of type Boolean
2024-10-29 10:56:47,405 DEBUG [main][PropertySourcesPropertyResolver.java:115] - Found key 'swagger.enabled' in PropertySource 'configurationProperties' with value of type Boolean
2024-10-29 10:56:47,450 DEBUG [main][PropertySourcesPropertyResolver.java:115] - Found key 'spring.jmx.enabled' in PropertySource 'configurationProperties' with value of type String
2024-10-29 10:56:47,450 DEBUG [main][PropertySourcesPropertyResolver.java:115] - Found key 'spring.jmx.enabled' in PropertySource 'configurationProperties' with value of type String
2024-10-29 10:56:47,452 DEBUG [main][PropertySourcesPropertyResolver.java:115] - Found key 'spring.application.admin.enabled' in PropertySource 'configurationProperties' with value of type String
2024-10-29 10:56:47,452 DEBUG [main][PropertySourcesPropertyResolver.java:115] - Found key 'spring.application.admin.enabled' in PropertySource 'configurationProperties' with value of type String
2024-10-29 10:56:47,476 DEBUG [main][DefaultSingletonBeanRegistry.java:225] - Creating shared instance of singleton bean 'refreshScope'
2024-10-29 10:56:47,476 DEBUG [main][DefaultSingletonBeanRegistry.java:225] - Creating shared instance of singleton bean 'refreshScope'
2024-10-29 10:56:47,477 DEBUG [main][DefaultSingletonBeanRegistry.java:225] - Creating shared instance of singleton bean 'org.springframework.cloud.autoconfigure.RefreshAutoConfiguration$RefreshScopeBeanDefinitionEnhancer'
2024-10-29 10:56:47,477 DEBUG [main][DefaultSingletonBeanRegistry.java:225] - Creating shared instance of singleton bean 'org.springframework.cloud.autoconfigure.RefreshAutoConfiguration$RefreshScopeBeanDefinitionEnhancer'
2024-10-29 10:56:47,510 DEBUG [main][GenericScope.java:291] - Generating bean factory id from names: [accessorsProvider, apiDescriptionLookup, apiDescriptionReader, apiDocumentationScanner, apiListingBuilderPluginRegistry, apiListingReader, apiListingReferenceScanner, apiListingScanner, apiListingScannerPluginRegistry, apiModelBuilder, apiModelPropertyPropertyBuilder, apiModelReader, apiModelTypeNameProvider, apiOperationReader, apiResourceController, applicationAvailability, applicationTaskExecutor, basicErrorController, beanNameHandlerMapping, beanNameViewResolver, bootstrapApplicationListener.BootstrapMarkerConfiguration, cachingModelDependencyProvider, cachingModelPropertiesProvider, cachingModelProvider, cachingOperationNameGenerator, cachingOperationReader, characterEncodingFilter, classOrApiAnnotationResourceGrouping, com.spring4all.swagger.Swagger2Configuration, com.spring4all.swagger.SwaggerAutoConfiguration, configurationPropertiesBeans, configurationPropertiesRebinder, contentApplication, contextRefresher, conventionErrorViewResolver, courseBaseInfoController, createRestApi, decimalMinMaxPlugin, defaultModelDependencyProvider, defaultModelProvider, defaultOperationReader, defaultServletHandlerMapping, defaultTagsProvider, defaultValidator, defaultViewResolver, defaults, defaultsProviderPluginRegistry, descriptionResolver, dispatcherServlet, dispatcherServletRegistration, documentationPluginRegistry, documentationPluginsBootstrapper, documentationPluginsManager, environmentManager, error, errorAttributes, errorPageCustomizer, errorPageRegistrarBeanPostProcessor, expandedParameterBuilder, expandedParameterBuilderPluginRegistry, expanderMinMax, expanderNotNull, expanderPattern, expanderSize, factoryMethodProvider, fieldProvider, formContentFilter, handlerExceptionResolver, handlerFunctionAdapter, httpRequestHandlerAdapter, inMemorySwaggerResourcesProvider, jacksonEnumTypeDeterminer, jacksonObjectMapper, jacksonObjectMapperBuilder, jsonComponentModule, jsonSerializer, licenseMapperImpl, lifecycleProcessor, localeCharsetMappingsCustomizer, loggingRebinder, mappingJackson2HttpMessageConverter, mbeanExporter, mbeanServer, mediaTypeReader, messageConverters, methodResolver, methodValidationPostProcessor, minMaxPlugin, modelAttributeParameterExpander, modelBuilderPluginRegistry, modelMapperImpl, modelPropertyBuilderPluginRegistry, multipartConfigElement, multipartResolver, mvcContentNegotiationManager, mvcConversionService, mvcHandlerMappingIntrospector, mvcPathMatcher, mvcResourceUrlProvider, mvcUriComponentsContributor, mvcUrlPathHelper, mvcValidator, mvcViewResolver, notNullPlugin, objectMapperBeanPropertyNamingStrategy, objectMapperConfigurer, objectNamingStrategy, operationAuthReader, operationBuilderPluginRegistry, operationDeprecatedReader, operationHiddenReader, operationHttpMethodReader, operationImplicitParameterReader, operationImplicitParametersReader, operationModelsProvider, operationModelsProviderPluginRegistry, operationNicknameIntoUniqueIdReader, operationNotesReader, operationParameterHeadersConditionReader, operationParameterReader, operationParameterRequestConditionReader, operationPathDecorator, operationPositionReader, operationResponseClassReader, operationSummaryReader, operationTagsReader, optimized, org.springframework.boot.autoconfigure.AutoConfigurationPackages, org.springframework.boot.autoconfigure.admin.SpringApplicationAdminJmxAutoConfiguration, org.springframework.boot.autoconfigure.aop.AopAutoConfiguration, org.springframework.boot.autoconfigure.aop.AopAutoConfiguration$ClassProxyingConfiguration, org.springframework.boot.autoconfigure.availability.ApplicationAvailabilityAutoConfiguration, org.springframework.boot.autoconfigure.context.ConfigurationPropertiesAutoConfiguration, org.springframework.boot.autoconfigure.context.LifecycleAutoConfiguration, org.springframework.boot.autoconfigure.context.PropertyPlaceholderAutoConfiguration, org.springframework.boot.autoconfigure.http.HttpMessageConvertersAutoConfiguration, org.springframework.boot.autoconfigure.http.HttpMessageConvertersAutoConfiguration$StringHttpMessageConverterConfiguration, org.springframework.boot.autoconfigure.http.JacksonHttpMessageConvertersConfiguration, org.springframework.boot.autoconfigure.http.JacksonHttpMessageConvertersConfiguration$MappingJackson2HttpMessageConverterConfiguration, org.springframework.boot.autoconfigure.info.ProjectInfoAutoConfiguration, org.springframework.boot.autoconfigure.internalCachingMetadataReaderFactory, org.springframework.boot.autoconfigure.jackson.JacksonAutoConfiguration, org.springframework.boot.autoconfigure.jackson.JacksonAutoConfiguration$Jackson2ObjectMapperBuilderCustomizerConfiguration, org.springframework.boot.autoconfigure.jackson.JacksonAutoConfiguration$JacksonObjectMapperBuilderConfiguration, org.springframework.boot.autoconfigure.jackson.JacksonAutoConfiguration$JacksonObjectMapperConfiguration, org.springframework.boot.autoconfigure.jackson.JacksonAutoConfiguration$ParameterNamesModuleConfiguration, org.springframework.boot.autoconfigure.jmx.JmxAutoConfiguration, org.springframework.boot.autoconfigure.task.TaskExecutionAutoConfiguration, org.springframework.boot.autoconfigure.task.TaskSchedulingAutoConfiguration, org.springframework.boot.autoconfigure.validation.ValidationAutoConfiguration, org.springframework.boot.autoconfigure.web.client.RestTemplateAutoConfiguration, org.springframework.boot.autoconfigure.web.embedded.EmbeddedWebServerFactoryCustomizerAutoConfiguration, org.springframework.boot.autoconfigure.web.embedded.EmbeddedWebServerFactoryCustomizerAutoConfiguration$TomcatWebServerFactoryCustomizerConfiguration, org.springframework.boot.autoconfigure.web.servlet.DispatcherServletAutoConfiguration, org.springframework.boot.autoconfigure.web.servlet.DispatcherServletAutoConfiguration$DispatcherServletConfiguration, org.springframework.boot.autoconfigure.web.servlet.DispatcherServletAutoConfiguration$DispatcherServletRegistrationConfiguration, org.springframework.boot.autoconfigure.web.servlet.HttpEncodingAutoConfiguration, org.springframework.boot.autoconfigure.web.servlet.MultipartAutoConfiguration, org.springframework.boot.autoconfigure.web.servlet.ServletWebServerFactoryAutoConfiguration, org.springframework.boot.autoconfigure.web.servlet.ServletWebServerFactoryConfiguration$EmbeddedTomcat, org.springframework.boot.autoconfigure.web.servlet.WebMvcAutoConfiguration, org.springframework.boot.autoconfigure.web.servlet.WebMvcAutoConfiguration$EnableWebMvcConfiguration, org.springframework.boot.autoconfigure.web.servlet.WebMvcAutoConfiguration$WebMvcAutoConfigurationAdapter, org.springframework.boot.autoconfigure.web.servlet.error.ErrorMvcAutoConfiguration, org.springframework.boot.autoconfigure.web.servlet.error.ErrorMvcAutoConfiguration$DefaultErrorViewResolverConfiguration, org.springframework.boot.autoconfigure.web.servlet.error.ErrorMvcAutoConfiguration$WhitelabelErrorViewConfiguration, org.springframework.boot.autoconfigure.websocket.servlet.WebSocketServletAutoConfiguration, org.springframework.boot.autoconfigure.websocket.servlet.WebSocketServletAutoConfiguration$TomcatWebSocketConfiguration, org.springframework.boot.context.internalConfigurationPropertiesBinder, org.springframework.boot.context.internalConfigurationPropertiesBinderFactory, org.springframework.boot.context.properties.BoundConfigurationProperties, org.springframework.boot.context.properties.ConfigurationBeanFactoryMetadata, org.springframework.boot.context.properties.ConfigurationPropertiesBindingPostProcessor, org.springframework.cloud.autoconfigure.ConfigurationPropertiesRebinderAutoConfiguration, org.springframework.cloud.autoconfigure.LifecycleMvcEndpointAutoConfiguration, org.springframework.cloud.autoconfigure.RefreshAutoConfiguration, org.springframework.cloud.autoconfigure.RefreshAutoConfiguration$RefreshScopeBeanDefinitionEnhancer, org.springframework.context.annotation.internalAutowiredAnnotationProcessor, org.springframework.context.annotation.internalCommonAnnotationProcessor, org.springframework.context.annotation.internalConfigurationAnnotationProcessor, org.springframework.context.event.internalEventListenerFactory, org.springframework.context.event.internalEventListenerProcessor, parameterBuilderPluginRegistry, parameterDataTypeReader, parameterDefaultReader, parameterMapperImpl, parameterMinMax, parameterMultiplesReader, parameterNameReader, parameterNamesModule, parameterNotNull, parameterPattern, parameterRequiredReader, parameterSize, parameterTypeReader, pathDecoratorRegistry, pathMappingDecorator, pathSanitizer, patternPlugin, preserveErrorControllerTargetClassPostProcessor, propertyDiscriminatorBasedInheritancePlugin, propertySourcesPlaceholderConfigurer, queryStringUriTemplateDecorator, refreshEventListener, refreshScope, requestContextFilter, requestMappingHandlerAdapter, requestMappingHandlerMapping, resourceGroupCache, resourceGroupingStrategyRegistry, resourceHandlerMapping, responseMessagesReader, restTemplateBuilder, routerFunctionMapping, schemaPluginsManager, securityMapperImpl, server-org.springframework.boot.autoconfigure.web.ServerProperties, serviceModelToSwagger2MapperImpl, servletWebServerFactoryCustomizer, simpleControllerHandlerAdapter, sizePlugin, spring.info-org.springframework.boot.autoconfigure.info.ProjectInfoProperties, spring.jackson-org.springframework.boot.autoconfigure.jackson.JacksonProperties, spring.lifecycle-org.springframework.boot.autoconfigure.context.LifecycleProperties, spring.mvc-org.springframework.boot.autoconfigure.web.servlet.WebMvcProperties, spring.resources-org.springframework.boot.autoconfigure.web.ResourceProperties, spring.servlet.multipart-org.springframework.boot.autoconfigure.web.servlet.MultipartProperties, spring.task.execution-org.springframework.boot.autoconfigure.task.TaskExecutionProperties, spring.task.scheduling-org.springframework.boot.autoconfigure.task.TaskSchedulingProperties, springApplicationAdminRegistrar, springfox.bean.validators.configuration.BeanValidatorPluginsConfiguration, springfox.documentation.schema.configuration.ModelsConfiguration, springfox.documentation.spring.web.SpringfoxWebMvcConfiguration, springfox.documentation.swagger.configuration.SwaggerCommonConfiguration, springfox.documentation.swagger2.configuration.Swagger2DocumentationConfiguration, standardJacksonObjectMapperBuilderCustomizer, stringHttpMessageConverter, swagger2ControllerMapping, swagger2Module, swaggerApiListingReader, swaggerExpandedParameterBuilder, swaggerMediaTypeReader, swaggerOperationModelsProvider, swaggerOperationResponseClassReader, swaggerOperationTagsReader, swaggerParameterDescriptionReader, swaggerProperties, swaggerResponseMessageReader, syntheticModelProviderPluginRegistry, taskExecutorBuilder, taskSchedulerBuilder, tomcatServletWebServerFactory, tomcatServletWebServerFactoryCustomizer, tomcatWebServerFactoryCustomizer, typeNameExtractor, typeNameProviderPluginRegistry, typeResolver, uiConfiguration, vendorExtensionsMapperImpl, vendorExtensionsReader, viewControllerHandlerMapping, viewResolver, webMvcRequestHandlerProvider, webServerFactoryCustomizerBeanPostProcessor, websocketServletWebServerCustomizer, welcomePageHandlerMapping, xmlModelPlugin, xmlPropertyPlugin]
2024-10-29 10:56:47,510 DEBUG [main][GenericScope.java:291] - Generating bean factory id from names: [accessorsProvider, apiDescriptionLookup, apiDescriptionReader, apiDocumentationScanner, apiListingBuilderPluginRegistry, apiListingReader, apiListingReferenceScanner, apiListingScanner, apiListingScannerPluginRegistry, apiModelBuilder, apiModelPropertyPropertyBuilder, apiModelReader, apiModelTypeNameProvider, apiOperationReader, apiResourceController, applicationAvailability, applicationTaskExecutor, basicErrorController, beanNameHandlerMapping, beanNameViewResolver, bootstrapApplicationListener.BootstrapMarkerConfiguration, cachingModelDependencyProvider, cachingModelPropertiesProvider, cachingModelProvider, cachingOperationNameGenerator, cachingOperationReader, characterEncodingFilter, classOrApiAnnotationResourceGrouping, com.spring4all.swagger.Swagger2Configuration, com.spring4all.swagger.SwaggerAutoConfiguration, configurationPropertiesBeans, configurationPropertiesRebinder, contentApplication, contextRefresher, conventionErrorViewResolver, courseBaseInfoController, createRestApi, decimalMinMaxPlugin, defaultModelDependencyProvider, defaultModelProvider, defaultOperationReader, defaultServletHandlerMapping, defaultTagsProvider, defaultValidator, defaultViewResolver, defaults, defaultsProviderPluginRegistry, descriptionResolver, dispatcherServlet, dispatcherServletRegistration, documentationPluginRegistry, documentationPluginsBootstrapper, documentationPluginsManager, environmentManager, error, errorAttributes, errorPageCustomizer, errorPageRegistrarBeanPostProcessor, expandedParameterBuilder, expandedParameterBuilderPluginRegistry, expanderMinMax, expanderNotNull, expanderPattern, expanderSize, factoryMethodProvider, fieldProvider, formContentFilter, handlerExceptionResolver, handlerFunctionAdapter, httpRequestHandlerAdapter, inMemorySwaggerResourcesProvider, jacksonEnumTypeDeterminer, jacksonObjectMapper, jacksonObjectMapperBuilder, jsonComponentModule, jsonSerializer, licenseMapperImpl, lifecycleProcessor, localeCharsetMappingsCustomizer, loggingRebinder, mappingJackson2HttpMessageConverter, mbeanExporter, mbeanServer, mediaTypeReader, messageConverters, methodResolver, methodValidationPostProcessor, minMaxPlugin, modelAttributeParameterExpander, modelBuilderPluginRegistry, modelMapperImpl, modelPropertyBuilderPluginRegistry, multipartConfigElement, multipartResolver, mvcContentNegotiationManager, mvcConversionService, mvcHandlerMappingIntrospector, mvcPathMatcher, mvcResourceUrlProvider, mvcUriComponentsContributor, mvcUrlPathHelper, mvcValidator, mvcViewResolver, notNullPlugin, objectMapperBeanPropertyNamingStrategy, objectMapperConfigurer, objectNamingStrategy, operationAuthReader, operationBuilderPluginRegistry, operationDeprecatedReader, operationHiddenReader, operationHttpMethodReader, operationImplicitParameterReader, operationImplicitParametersReader, operationModelsProvider, operationModelsProviderPluginRegistry, operationNicknameIntoUniqueIdReader, operationNotesReader, operationParameterHeadersConditionReader, operationParameterReader, operationParameterRequestConditionReader, operationPathDecorator, operationPositionReader, operationResponseClassReader, operationSummaryReader, operationTagsReader, optimized, org.springframework.boot.autoconfigure.AutoConfigurationPackages, org.springframework.boot.autoconfigure.admin.SpringApplicationAdminJmxAutoConfiguration, org.springframework.boot.autoconfigure.aop.AopAutoConfiguration, org.springframework.boot.autoconfigure.aop.AopAutoConfiguration$ClassProxyingConfiguration, org.springframework.boot.autoconfigure.availability.ApplicationAvailabilityAutoConfiguration, org.springframework.boot.autoconfigure.context.ConfigurationPropertiesAutoConfiguration, org.springframework.boot.autoconfigure.context.LifecycleAutoConfiguration, org.springframework.boot.autoconfigure.context.PropertyPlaceholderAutoConfiguration, org.springframework.boot.autoconfigure.http.HttpMessageConvertersAutoConfiguration, org.springframework.boot.autoconfigure.http.HttpMessageConvertersAutoConfiguration$StringHttpMessageConverterConfiguration, org.springframework.boot.autoconfigure.http.JacksonHttpMessageConvertersConfiguration, org.springframework.boot.autoconfigure.http.JacksonHttpMessageConvertersConfiguration$MappingJackson2HttpMessageConverterConfiguration, org.springframework.boot.autoconfigure.info.ProjectInfoAutoConfiguration, org.springframework.boot.autoconfigure.internalCachingMetadataReaderFactory, org.springframework.boot.autoconfigure.jackson.JacksonAutoConfiguration, org.springframework.boot.autoconfigure.jackson.JacksonAutoConfiguration$Jackson2ObjectMapperBuilderCustomizerConfiguration, org.springframework.boot.autoconfigure.jackson.JacksonAutoConfiguration$JacksonObjectMapperBuilderConfiguration, org.springframework.boot.autoconfigure.jackson.JacksonAutoConfiguration$JacksonObjectMapperConfiguration, org.springframework.boot.autoconfigure.jackson.JacksonAutoConfiguration$ParameterNamesModuleConfiguration, org.springframework.boot.autoconfigure.jmx.JmxAutoConfiguration, org.springframework.boot.autoconfigure.task.TaskExecutionAutoConfiguration, org.springframework.boot.autoconfigure.task.TaskSchedulingAutoConfiguration, org.springframework.boot.autoconfigure.validation.ValidationAutoConfiguration, org.springframework.boot.autoconfigure.web.client.RestTemplateAutoConfiguration, org.springframework.boot.autoconfigure.web.embedded.EmbeddedWebServerFactoryCustomizerAutoConfiguration, org.springframework.boot.autoconfigure.web.embedded.EmbeddedWebServerFactoryCustomizerAutoConfiguration$TomcatWebServerFactoryCustomizerConfiguration, org.springframework.boot.autoconfigure.web.servlet.DispatcherServletAutoConfiguration, org.springframework.boot.autoconfigure.web.servlet.DispatcherServletAutoConfiguration$DispatcherServletConfiguration, org.springframework.boot.autoconfigure.web.servlet.DispatcherServletAutoConfiguration$DispatcherServletRegistrationConfiguration, org.springframework.boot.autoconfigure.web.servlet.HttpEncodingAutoConfiguration, org.springframework.boot.autoconfigure.web.servlet.MultipartAutoConfiguration, org.springframework.boot.autoconfigure.web.servlet.ServletWebServerFactoryAutoConfiguration, org.springframework.boot.autoconfigure.web.servlet.ServletWebServerFactoryConfiguration$EmbeddedTomcat, org.springframework.boot.autoconfigure.web.servlet.WebMvcAutoConfiguration, org.springframework.boot.autoconfigure.web.servlet.WebMvcAutoConfiguration$EnableWebMvcConfiguration, org.springframework.boot.autoconfigure.web.servlet.WebMvcAutoConfiguration$WebMvcAutoConfigurationAdapter, org.springframework.boot.autoconfigure.web.servlet.error.ErrorMvcAutoConfiguration, org.springframework.boot.autoconfigure.web.servlet.error.ErrorMvcAutoConfiguration$DefaultErrorViewResolverConfiguration, org.springframework.boot.autoconfigure.web.servlet.error.ErrorMvcAutoConfiguration$WhitelabelErrorViewConfiguration, org.springframework.boot.autoconfigure.websocket.servlet.WebSocketServletAutoConfiguration, org.springframework.boot.autoconfigure.websocket.servlet.WebSocketServletAutoConfiguration$TomcatWebSocketConfiguration, org.springframework.boot.context.internalConfigurationPropertiesBinder, org.springframework.boot.context.internalConfigurationPropertiesBinderFactory, org.springframework.boot.context.properties.BoundConfigurationProperties, org.springframework.boot.context.properties.ConfigurationBeanFactoryMetadata, org.springframework.boot.context.properties.ConfigurationPropertiesBindingPostProcessor, org.springframework.cloud.autoconfigure.ConfigurationPropertiesRebinderAutoConfiguration, org.springframework.cloud.autoconfigure.LifecycleMvcEndpointAutoConfiguration, org.springframework.cloud.autoconfigure.RefreshAutoConfiguration, org.springframework.cloud.autoconfigure.RefreshAutoConfiguration$RefreshScopeBeanDefinitionEnhancer, org.springframework.context.annotation.internalAutowiredAnnotationProcessor, org.springframework.context.annotation.internalCommonAnnotationProcessor, org.springframework.context.annotation.internalConfigurationAnnotationProcessor, org.springframework.context.event.internalEventListenerFactory, org.springframework.context.event.internalEventListenerProcessor, parameterBuilderPluginRegistry, parameterDataTypeReader, parameterDefaultReader, parameterMapperImpl, parameterMinMax, parameterMultiplesReader, parameterNameReader, parameterNamesModule, parameterNotNull, parameterPattern, parameterRequiredReader, parameterSize, parameterTypeReader, pathDecoratorRegistry, pathMappingDecorator, pathSanitizer, patternPlugin, preserveErrorControllerTargetClassPostProcessor, propertyDiscriminatorBasedInheritancePlugin, propertySourcesPlaceholderConfigurer, queryStringUriTemplateDecorator, refreshEventListener, refreshScope, requestContextFilter, requestMappingHandlerAdapter, requestMappingHandlerMapping, resourceGroupCache, resourceGroupingStrategyRegistry, resourceHandlerMapping, responseMessagesReader, restTemplateBuilder, routerFunctionMapping, schemaPluginsManager, securityMapperImpl, server-org.springframework.boot.autoconfigure.web.ServerProperties, serviceModelToSwagger2MapperImpl, servletWebServerFactoryCustomizer, simpleControllerHandlerAdapter, sizePlugin, spring.info-org.springframework.boot.autoconfigure.info.ProjectInfoProperties, spring.jackson-org.springframework.boot.autoconfigure.jackson.JacksonProperties, spring.lifecycle-org.springframework.boot.autoconfigure.context.LifecycleProperties, spring.mvc-org.springframework.boot.autoconfigure.web.servlet.WebMvcProperties, spring.resources-org.springframework.boot.autoconfigure.web.ResourceProperties, spring.servlet.multipart-org.springframework.boot.autoconfigure.web.servlet.MultipartProperties, spring.task.execution-org.springframework.boot.autoconfigure.task.TaskExecutionProperties, spring.task.scheduling-org.springframework.boot.autoconfigure.task.TaskSchedulingProperties, springApplicationAdminRegistrar, springfox.bean.validators.configuration.BeanValidatorPluginsConfiguration, springfox.documentation.schema.configuration.ModelsConfiguration, springfox.documentation.spring.web.SpringfoxWebMvcConfiguration, springfox.documentation.swagger.configuration.SwaggerCommonConfiguration, springfox.documentation.swagger2.configuration.Swagger2DocumentationConfiguration, standardJacksonObjectMapperBuilderCustomizer, stringHttpMessageConverter, swagger2ControllerMapping, swagger2Module, swaggerApiListingReader, swaggerExpandedParameterBuilder, swaggerMediaTypeReader, swaggerOperationModelsProvider, swaggerOperationResponseClassReader, swaggerOperationTagsReader, swaggerParameterDescriptionReader, swaggerProperties, swaggerResponseMessageReader, syntheticModelProviderPluginRegistry, taskExecutorBuilder, taskSchedulerBuilder, tomcatServletWebServerFactory, tomcatServletWebServerFactoryCustomizer, tomcatWebServerFactoryCustomizer, typeNameExtractor, typeNameProviderPluginRegistry, typeResolver, uiConfiguration, vendorExtensionsMapperImpl, vendorExtensionsReader, viewControllerHandlerMapping, viewResolver, webMvcRequestHandlerProvider, webServerFactoryCustomizerBeanPostProcessor, websocketServletWebServerCustomizer, welcomePageHandlerMapping, xmlModelPlugin, xmlPropertyPlugin]
2024-10-29 10:56:47,511 INFO [main][GenericScope.java:295] - BeanFactory id=9ac44329-0e61-372d-9d7b-c403aeef7987
2024-10-29 10:56:47,511 INFO [main][GenericScope.java:295] - BeanFactory id=9ac44329-0e61-372d-9d7b-c403aeef7987
2024-10-29 10:56:47,511 DEBUG [main][DefaultSingletonBeanRegistry.java:225] - Creating shared instance of singleton bean 'propertySourcesPlaceholderConfigurer'
2024-10-29 10:56:47,511 DEBUG [main][DefaultSingletonBeanRegistry.java:225] - Creating shared instance of singleton bean 'propertySourcesPlaceholderConfigurer'
2024-10-29 10:56:47,513 DEBUG [main][DefaultSingletonBeanRegistry.java:225] - Creating shared instance of singleton bean 'org.springframework.context.event.internalEventListenerProcessor'
2024-10-29 10:56:47,513 DEBUG [main][DefaultSingletonBeanRegistry.java:225] - Creating shared instance of singleton bean 'org.springframework.context.event.internalEventListenerProcessor'
2024-10-29 10:56:47,513 DEBUG [main][DefaultSingletonBeanRegistry.java:225] - Creating shared instance of singleton bean 'preserveErrorControllerTargetClassPostProcessor'
2024-10-29 10:56:47,513 DEBUG [main][DefaultSingletonBeanRegistry.java:225] - Creating shared instance of singleton bean 'preserveErrorControllerTargetClassPostProcessor'
2024-10-29 10:56:47,513 DEBUG [main][DefaultSingletonBeanRegistry.java:225] - Creating shared instance of singleton bean 'org.springframework.context.event.internalEventListenerFactory'
2024-10-29 10:56:47,513 DEBUG [main][DefaultSingletonBeanRegistry.java:225] - Creating shared instance of singleton bean 'org.springframework.context.event.internalEventListenerFactory'
2024-10-29 10:56:47,514 DEBUG [main][DefaultSingletonBeanRegistry.java:225] - Creating shared instance of singleton bean 'org.springframework.context.annotation.internalAutowiredAnnotationProcessor'
2024-10-29 10:56:47,514 DEBUG [main][DefaultSingletonBeanRegistry.java:225] - Creating shared instance of singleton bean 'org.springframework.context.annotation.internalAutowiredAnnotationProcessor'
2024-10-29 10:56:47,515 DEBUG [main][DefaultSingletonBeanRegistry.java:225] - Creating shared instance of singleton bean 'org.springframework.context.annotation.internalCommonAnnotationProcessor'
2024-10-29 10:56:47,515 DEBUG [main][DefaultSingletonBeanRegistry.java:225] - Creating shared instance of singleton bean 'org.springframework.context.annotation.internalCommonAnnotationProcessor'
2024-10-29 10:56:47,515 DEBUG [main][DefaultSingletonBeanRegistry.java:225] - Creating shared instance of singleton bean 'org.springframework.boot.context.properties.ConfigurationPropertiesBindingPostProcessor'
2024-10-29 10:56:47,515 DEBUG [main][DefaultSingletonBeanRegistry.java:225] - Creating shared instance of singleton bean 'org.springframework.boot.context.internalConfigurationPropertiesBinder'
2024-10-29 10:56:47,515 DEBUG [main][DefaultSingletonBeanRegistry.java:225] - Creating shared instance of singleton bean 'org.springframework.boot.context.internalConfigurationPropertiesBinderFactory'
2024-10-29 10:56:47,515 DEBUG [main][DefaultSingletonBeanRegistry.java:225] - Creating shared instance of singleton bean 'org.springframework.boot.context.properties.ConfigurationPropertiesBindingPostProcessor'
2024-10-29 10:56:47,515 DEBUG [main][DefaultSingletonBeanRegistry.java:225] - Creating shared instance of singleton bean 'org.springframework.boot.context.internalConfigurationPropertiesBinder'
2024-10-29 10:56:47,515 DEBUG [main][DefaultSingletonBeanRegistry.java:225] - Creating shared instance of singleton bean 'org.springframework.boot.context.internalConfigurationPropertiesBinderFactory'
2024-10-29 10:56:47,515 DEBUG [main][DefaultSingletonBeanRegistry.java:225] - Creating shared instance of singleton bean 'methodValidationPostProcessor'
2024-10-29 10:56:47,515 DEBUG [main][DefaultSingletonBeanRegistry.java:225] - Creating shared instance of singleton bean 'methodValidationPostProcessor'
2024-10-29 10:56:47,519 DEBUG [main][ConstructorResolver.java:807] - Autowiring by type from bean name 'methodValidationPostProcessor' via factory method to bean named 'environment'
2024-10-29 10:56:47,519 DEBUG [main][ConstructorResolver.java:807] - Autowiring by type from bean name 'methodValidationPostProcessor' via factory method to bean named 'environment'
2024-10-29 10:56:47,522 DEBUG [main][DefaultSingletonBeanRegistry.java:225] - Creating shared instance of singleton bean 'objectMapperConfigurer'
2024-10-29 10:56:47,522 DEBUG [main][DefaultSingletonBeanRegistry.java:225] - Creating shared instance of singleton bean 'objectMapperConfigurer'
2024-10-29 10:56:47,522 DEBUG [main][DefaultSingletonBeanRegistry.java:225] - Creating shared instance of singleton bean 'webServerFactoryCustomizerBeanPostProcessor'
2024-10-29 10:56:47,522 DEBUG [main][DefaultSingletonBeanRegistry.java:225] - Creating shared instance of singleton bean 'webServerFactoryCustomizerBeanPostProcessor'
2024-10-29 10:56:47,523 DEBUG [main][DefaultSingletonBeanRegistry.java:225] - Creating shared instance of singleton bean 'errorPageRegistrarBeanPostProcessor'
2024-10-29 10:56:47,523 DEBUG [main][DefaultSingletonBeanRegistry.java:225] - Creating shared instance of singleton bean 'errorPageRegistrarBeanPostProcessor'
2024-10-29 10:56:47,523 DEBUG [main][DefaultSingletonBeanRegistry.java:225] - Creating shared instance of singleton bean 'configurationPropertiesBeans'
2024-10-29 10:56:47,523 DEBUG [main][DefaultSingletonBeanRegistry.java:225] - Creating shared instance of singleton bean 'configurationPropertiesBeans'
2024-10-29 10:56:47,524 DEBUG [main][UiApplicationContextUtils.java:85] - Unable to locate ThemeSource with name 'themeSource': using default [org.springframework.ui.context.support.ResourceBundleThemeSource@460510aa]
2024-10-29 10:56:47,524 DEBUG [main][UiApplicationContextUtils.java:85] - Unable to locate ThemeSource with name 'themeSource': using default [org.springframework.ui.context.support.ResourceBundleThemeSource@460510aa]
2024-10-29 10:56:47,524 DEBUG [main][DefaultSingletonBeanRegistry.java:225] - Creating shared instance of singleton bean 'tomcatServletWebServerFactory'
2024-10-29 10:56:47,524 DEBUG [main][DefaultSingletonBeanRegistry.java:225] - Creating shared instance of singleton bean 'tomcatServletWebServerFactory'
2024-10-29 10:56:47,524 DEBUG [main][DefaultSingletonBeanRegistry.java:225] - Creating shared instance of singleton bean 'org.springframework.boot.autoconfigure.web.servlet.ServletWebServerFactoryConfiguration$EmbeddedTomcat'
2024-10-29 10:56:47,524 DEBUG [main][DefaultSingletonBeanRegistry.java:225] - Creating shared instance of singleton bean 'org.springframework.boot.autoconfigure.web.servlet.ServletWebServerFactoryConfiguration$EmbeddedTomcat'
2024-10-29 10:56:47,540 DEBUG [main][DefaultSingletonBeanRegistry.java:225] - Creating shared instance of singleton bean 'websocketServletWebServerCustomizer'
2024-10-29 10:56:47,540 DEBUG [main][DefaultSingletonBeanRegistry.java:225] - Creating shared instance of singleton bean 'websocketServletWebServerCustomizer'
2024-10-29 10:56:47,541 DEBUG [main][DefaultSingletonBeanRegistry.java:225] - Creating shared instance of singleton bean 'org.springframework.boot.autoconfigure.websocket.servlet.WebSocketServletAutoConfiguration$TomcatWebSocketConfiguration'
2024-10-29 10:56:47,541 DEBUG [main][DefaultSingletonBeanRegistry.java:225] - Creating shared instance of singleton bean 'org.springframework.boot.autoconfigure.websocket.servlet.WebSocketServletAutoConfiguration$TomcatWebSocketConfiguration'
2024-10-29 10:56:47,541 DEBUG [main][DefaultSingletonBeanRegistry.java:225] - Creating shared instance of singleton bean 'servletWebServerFactoryCustomizer'
2024-10-29 10:56:47,541 DEBUG [main][DefaultSingletonBeanRegistry.java:225] - Creating shared instance of singleton bean 'servletWebServerFactoryCustomizer'
2024-10-29 10:56:47,542 DEBUG [main][DefaultSingletonBeanRegistry.java:225] - Creating shared instance of singleton bean 'org.springframework.boot.autoconfigure.web.servlet.ServletWebServerFactoryAutoConfiguration'
2024-10-29 10:56:47,542 DEBUG [main][DefaultSingletonBeanRegistry.java:225] - Creating shared instance of singleton bean 'org.springframework.boot.autoconfigure.web.servlet.ServletWebServerFactoryAutoConfiguration'
2024-10-29 10:56:47,543 DEBUG [main][DefaultSingletonBeanRegistry.java:225] - Creating shared instance of singleton bean 'server-org.springframework.boot.autoconfigure.web.ServerProperties'
2024-10-29 10:56:47,543 DEBUG [main][DefaultSingletonBeanRegistry.java:225] - Creating shared instance of singleton bean 'server-org.springframework.boot.autoconfigure.web.ServerProperties'
2024-10-29 10:56:47,545 DEBUG [main][DefaultSingletonBeanRegistry.java:225] - Creating shared instance of singleton bean 'org.springframework.boot.context.properties.BoundConfigurationProperties'
2024-10-29 10:56:47,545 DEBUG [main][DefaultSingletonBeanRegistry.java:225] - Creating shared instance of singleton bean 'org.springframework.boot.context.properties.BoundConfigurationProperties'
2024-10-29 10:56:47,551 DEBUG [main][ConstructorResolver.java:807] - Autowiring by type from bean name 'servletWebServerFactoryCustomizer' via factory method to bean named 'server-org.springframework.boot.autoconfigure.web.ServerProperties'
2024-10-29 10:56:47,551 DEBUG [main][ConstructorResolver.java:807] - Autowiring by type from bean name 'servletWebServerFactoryCustomizer' via factory method to bean named 'server-org.springframework.boot.autoconfigure.web.ServerProperties'
2024-10-29 10:56:47,551 DEBUG [main][DefaultSingletonBeanRegistry.java:225] - Creating shared instance of singleton bean 'tomcatServletWebServerFactoryCustomizer'
2024-10-29 10:56:47,551 DEBUG [main][DefaultSingletonBeanRegistry.java:225] - Creating shared instance of singleton bean 'tomcatServletWebServerFactoryCustomizer'
2024-10-29 10:56:47,551 DEBUG [main][ConstructorResolver.java:807] - Autowiring by type from bean name 'tomcatServletWebServerFactoryCustomizer' via factory method to bean named 'server-org.springframework.boot.autoconfigure.web.ServerProperties'
2024-10-29 10:56:47,551 DEBUG [main][ConstructorResolver.java:807] - Autowiring by type from bean name 'tomcatServletWebServerFactoryCustomizer' via factory method to bean named 'server-org.springframework.boot.autoconfigure.web.ServerProperties'
2024-10-29 10:56:47,552 DEBUG [main][DefaultSingletonBeanRegistry.java:225] - Creating shared instance of singleton bean 'tomcatWebServerFactoryCustomizer'
2024-10-29 10:56:47,552 DEBUG [main][DefaultSingletonBeanRegistry.java:225] - Creating shared instance of singleton bean 'tomcatWebServerFactoryCustomizer'
2024-10-29 10:56:47,552 DEBUG [main][DefaultSingletonBeanRegistry.java:225] - Creating shared instance of singleton bean 'org.springframework.boot.autoconfigure.web.embedded.EmbeddedWebServerFactoryCustomizerAutoConfiguration$TomcatWebServerFactoryCustomizerConfiguration'
2024-10-29 10:56:47,552 DEBUG [main][DefaultSingletonBeanRegistry.java:225] - Creating shared instance of singleton bean 'org.springframework.boot.autoconfigure.web.embedded.EmbeddedWebServerFactoryCustomizerAutoConfiguration$TomcatWebServerFactoryCustomizerConfiguration'
2024-10-29 10:56:47,553 DEBUG [main][ConstructorResolver.java:807] - Autowiring by type from bean name 'tomcatWebServerFactoryCustomizer' via factory method to bean named 'environment'
2024-10-29 10:56:47,553 DEBUG [main][ConstructorResolver.java:807] - Autowiring by type from bean name 'tomcatWebServerFactoryCustomizer' via factory method to bean named 'environment'
2024-10-29 10:56:47,553 DEBUG [main][ConstructorResolver.java:807] - Autowiring by type from bean name 'tomcatWebServerFactoryCustomizer' via factory method to bean named 'server-org.springframework.boot.autoconfigure.web.ServerProperties'
2024-10-29 10:56:47,553 DEBUG [main][ConstructorResolver.java:807] - Autowiring by type from bean name 'tomcatWebServerFactoryCustomizer' via factory method to bean named 'server-org.springframework.boot.autoconfigure.web.ServerProperties'
2024-10-29 10:56:47,554 DEBUG [main][DefaultSingletonBeanRegistry.java:225] - Creating shared instance of singleton bean 'localeCharsetMappingsCustomizer'
2024-10-29 10:56:47,554 DEBUG [main][DefaultSingletonBeanRegistry.java:225] - Creating shared instance of singleton bean 'localeCharsetMappingsCustomizer'
2024-10-29 10:56:47,554 DEBUG [main][DefaultSingletonBeanRegistry.java:225] - Creating shared instance of singleton bean 'org.springframework.boot.autoconfigure.web.servlet.HttpEncodingAutoConfiguration'
2024-10-29 10:56:47,554 DEBUG [main][DefaultSingletonBeanRegistry.java:225] - Creating shared instance of singleton bean 'org.springframework.boot.autoconfigure.web.servlet.HttpEncodingAutoConfiguration'
2024-10-29 10:56:47,555 DEBUG [main][ConstructorResolver.java:807] - Autowiring by type from bean name 'org.springframework.boot.autoconfigure.web.servlet.HttpEncodingAutoConfiguration' via constructor to bean named 'server-org.springframework.boot.autoconfigure.web.ServerProperties'
2024-10-29 10:56:47,555 DEBUG [main][ConstructorResolver.java:807] - Autowiring by type from bean name 'org.springframework.boot.autoconfigure.web.servlet.HttpEncodingAutoConfiguration' via constructor to bean named 'server-org.springframework.boot.autoconfigure.web.ServerProperties'
2024-10-29 10:56:47,567 DEBUG [main][DefaultSingletonBeanRegistry.java:225] - Creating shared instance of singleton bean 'errorPageCustomizer'
2024-10-29 10:56:47,567 DEBUG [main][DefaultSingletonBeanRegistry.java:225] - Creating shared instance of singleton bean 'errorPageCustomizer'
2024-10-29 10:56:47,567 DEBUG [main][DefaultSingletonBeanRegistry.java:225] - Creating shared instance of singleton bean 'org.springframework.boot.autoconfigure.web.servlet.error.ErrorMvcAutoConfiguration'
2024-10-29 10:56:47,567 DEBUG [main][DefaultSingletonBeanRegistry.java:225] - Creating shared instance of singleton bean 'org.springframework.boot.autoconfigure.web.servlet.error.ErrorMvcAutoConfiguration'
2024-10-29 10:56:47,568 DEBUG [main][ConstructorResolver.java:807] - Autowiring by type from bean name 'org.springframework.boot.autoconfigure.web.servlet.error.ErrorMvcAutoConfiguration' via constructor to bean named 'server-org.springframework.boot.autoconfigure.web.ServerProperties'
2024-10-29 10:56:47,568 DEBUG [main][ConstructorResolver.java:807] - Autowiring by type from bean name 'org.springframework.boot.autoconfigure.web.servlet.error.ErrorMvcAutoConfiguration' via constructor to bean named 'server-org.springframework.boot.autoconfigure.web.ServerProperties'
2024-10-29 10:56:47,569 DEBUG [main][DefaultSingletonBeanRegistry.java:225] - Creating shared instance of singleton bean 'dispatcherServletRegistration'
2024-10-29 10:56:47,569 DEBUG [main][DefaultSingletonBeanRegistry.java:225] - Creating shared instance of singleton bean 'dispatcherServletRegistration'
2024-10-29 10:56:47,569 DEBUG [main][DefaultSingletonBeanRegistry.java:225] - Creating shared instance of singleton bean 'org.springframework.boot.autoconfigure.web.servlet.DispatcherServletAutoConfiguration$DispatcherServletRegistrationConfiguration'
2024-10-29 10:56:47,569 DEBUG [main][DefaultSingletonBeanRegistry.java:225] - Creating shared instance of singleton bean 'org.springframework.boot.autoconfigure.web.servlet.DispatcherServletAutoConfiguration$DispatcherServletRegistrationConfiguration'
2024-10-29 10:56:47,569 DEBUG [main][DefaultSingletonBeanRegistry.java:225] - Creating shared instance of singleton bean 'dispatcherServlet'
2024-10-29 10:56:47,569 DEBUG [main][DefaultSingletonBeanRegistry.java:225] - Creating shared instance of singleton bean 'dispatcherServlet'
2024-10-29 10:56:47,569 DEBUG [main][DefaultSingletonBeanRegistry.java:225] - Creating shared instance of singleton bean 'org.springframework.boot.autoconfigure.web.servlet.DispatcherServletAutoConfiguration$DispatcherServletConfiguration'
2024-10-29 10:56:47,569 DEBUG [main][DefaultSingletonBeanRegistry.java:225] - Creating shared instance of singleton bean 'org.springframework.boot.autoconfigure.web.servlet.DispatcherServletAutoConfiguration$DispatcherServletConfiguration'
2024-10-29 10:56:47,570 DEBUG [main][DefaultSingletonBeanRegistry.java:225] - Creating shared instance of singleton bean 'spring.mvc-org.springframework.boot.autoconfigure.web.servlet.WebMvcProperties'
2024-10-29 10:56:47,570 DEBUG [main][DefaultSingletonBeanRegistry.java:225] - Creating shared instance of singleton bean 'spring.mvc-org.springframework.boot.autoconfigure.web.servlet.WebMvcProperties'
2024-10-29 10:56:47,571 DEBUG [main][ConstructorResolver.java:807] - Autowiring by type from bean name 'dispatcherServlet' via factory method to bean named 'spring.mvc-org.springframework.boot.autoconfigure.web.servlet.WebMvcProperties'
2024-10-29 10:56:47,571 DEBUG [main][ConstructorResolver.java:807] - Autowiring by type from bean name 'dispatcherServlet' via factory method to bean named 'spring.mvc-org.springframework.boot.autoconfigure.web.servlet.WebMvcProperties'
2024-10-29 10:56:47,576 DEBUG [main][ConstructorResolver.java:807] - Autowiring by type from bean name 'dispatcherServletRegistration' via factory method to bean named 'dispatcherServlet'
2024-10-29 10:56:47,576 DEBUG [main][ConstructorResolver.java:807] - Autowiring by type from bean name 'dispatcherServletRegistration' via factory method to bean named 'dispatcherServlet'
2024-10-29 10:56:47,577 DEBUG [main][ConstructorResolver.java:807] - Autowiring by type from bean name 'dispatcherServletRegistration' via factory method to bean named 'spring.mvc-org.springframework.boot.autoconfigure.web.servlet.WebMvcProperties'
2024-10-29 10:56:47,577 DEBUG [main][ConstructorResolver.java:807] - Autowiring by type from bean name 'dispatcherServletRegistration' via factory method to bean named 'spring.mvc-org.springframework.boot.autoconfigure.web.servlet.WebMvcProperties'
2024-10-29 10:56:47,578 DEBUG [main][DefaultSingletonBeanRegistry.java:225] - Creating shared instance of singleton bean 'multipartConfigElement'
2024-10-29 10:56:47,578 DEBUG [main][DefaultSingletonBeanRegistry.java:225] - Creating shared instance of singleton bean 'multipartConfigElement'
2024-10-29 10:56:47,578 DEBUG [main][DefaultSingletonBeanRegistry.java:225] - Creating shared instance of singleton bean 'org.springframework.boot.autoconfigure.web.servlet.MultipartAutoConfiguration'
2024-10-29 10:56:47,578 DEBUG [main][DefaultSingletonBeanRegistry.java:225] - Creating shared instance of singleton bean 'org.springframework.boot.autoconfigure.web.servlet.MultipartAutoConfiguration'
2024-10-29 10:56:47,578 DEBUG [main][DefaultSingletonBeanRegistry.java:225] - Creating shared instance of singleton bean 'spring.servlet.multipart-org.springframework.boot.autoconfigure.web.servlet.MultipartProperties'
2024-10-29 10:56:47,578 DEBUG [main][DefaultSingletonBeanRegistry.java:225] - Creating shared instance of singleton bean 'spring.servlet.multipart-org.springframework.boot.autoconfigure.web.servlet.MultipartProperties'
2024-10-29 10:56:47,580 DEBUG [main][ConstructorResolver.java:807] - Autowiring by type from bean name 'org.springframework.boot.autoconfigure.web.servlet.MultipartAutoConfiguration' via constructor to bean named 'spring.servlet.multipart-org.springframework.boot.autoconfigure.web.servlet.MultipartProperties'
2024-10-29 10:56:47,580 DEBUG [main][ConstructorResolver.java:807] - Autowiring by type from bean name 'org.springframework.boot.autoconfigure.web.servlet.MultipartAutoConfiguration' via constructor to bean named 'spring.servlet.multipart-org.springframework.boot.autoconfigure.web.servlet.MultipartProperties'
2024-10-29 10:56:47,582 DEBUG [main][ConstructorResolver.java:807] - Autowiring by type from bean name 'errorPageCustomizer' via factory method to bean named 'dispatcherServletRegistration'
2024-10-29 10:56:47,582 DEBUG [main][ConstructorResolver.java:807] - Autowiring by type from bean name 'errorPageCustomizer' via factory method to bean named 'dispatcherServletRegistration'
2024-10-29 10:56:47,608 DEBUG [main][DocumentRoot.java:81] - Code archive: D:\develop\repository\org\springframework\boot\spring-boot\2.3.7.RELEASE\spring-boot-2.3.7.RELEASE.jar
2024-10-29 10:56:47,608 DEBUG [main][DocumentRoot.java:81] - Code archive: D:\develop\repository\org\springframework\boot\spring-boot\2.3.7.RELEASE\spring-boot-2.3.7.RELEASE.jar
2024-10-29 10:56:47,609 DEBUG [main][DocumentRoot.java:125] - Code archive: D:\develop\repository\org\springframework\boot\spring-boot\2.3.7.RELEASE\spring-boot-2.3.7.RELEASE.jar
2024-10-29 10:56:47,609 DEBUG [main][DocumentRoot.java:125] - Code archive: D:\develop\repository\org\springframework\boot\spring-boot\2.3.7.RELEASE\spring-boot-2.3.7.RELEASE.jar
2024-10-29 10:56:47,609 DEBUG [main][DocumentRoot.java:149] - None of the document roots [src/main/webapp, public, static] point to a directory and will be ignored.
2024-10-29 10:56:47,609 DEBUG [main][DocumentRoot.java:149] - None of the document roots [src/main/webapp, public, static] point to a directory and will be ignored.
2024-10-29 10:56:47,619 INFO [main][TomcatWebServer.java:108] - Tomcat initialized with port(s): 63040 (http)
2024-10-29 10:56:47,619 INFO [main][TomcatWebServer.java:108] - Tomcat initialized with port(s): 63040 (http)
2024-10-29 10:56:47,626 INFO [main][DirectJDKLog.java:173] - Initializing ProtocolHandler ["http-nio-63040"]
2024-10-29 10:56:47,626 INFO [main][DirectJDKLog.java:173] - Initializing ProtocolHandler ["http-nio-63040"]
2024-10-29 10:56:47,626 INFO [main][DirectJDKLog.java:173] - Starting service [Tomcat]
2024-10-29 10:56:47,626 INFO [main][DirectJDKLog.java:173] - Starting service [Tomcat]
2024-10-29 10:56:47,626 INFO [main][DirectJDKLog.java:173] - Starting Servlet engine: [Apache Tomcat/9.0.41]
2024-10-29 10:56:47,626 INFO [main][DirectJDKLog.java:173] - Starting Servlet engine: [Apache Tomcat/9.0.41]
2024-10-29 10:56:47,667 INFO [main][DirectJDKLog.java:173] - Initializing Spring embedded WebApplicationContext
2024-10-29 10:56:47,667 INFO [main][DirectJDKLog.java:173] - Initializing Spring embedded WebApplicationContext
2024-10-29 10:56:47,667 DEBUG [main][ServletWebServerApplicationContext.java:279] - Published root WebApplicationContext as ServletContext attribute with name [org.springframework.web.context.WebApplicationContext.ROOT]
2024-10-29 10:56:47,667 DEBUG [main][ServletWebServerApplicationContext.java:279] - Published root WebApplicationContext as ServletContext attribute with name [org.springframework.web.context.WebApplicationContext.ROOT]
2024-10-29 10:56:47,667 INFO [main][ServletWebServerApplicationContext.java:285] - Root WebApplicationContext: initialization completed in 538 ms
2024-10-29 10:56:47,667 INFO [main][ServletWebServerApplicationContext.java:285] - Root WebApplicationContext: initialization completed in 538 ms
2024-10-29 10:56:47,670 DEBUG [main][DefaultSingletonBeanRegistry.java:225] - Creating shared instance of singleton bean 'requestContextFilter'
2024-10-29 10:56:47,670 DEBUG [main][DefaultSingletonBeanRegistry.java:225] - Creating shared instance of singleton bean 'requestContextFilter'
2024-10-29 10:56:47,671 DEBUG [main][DefaultSingletonBeanRegistry.java:225] - Creating shared instance of singleton bean 'formContentFilter'
2024-10-29 10:56:47,671 DEBUG [main][DefaultSingletonBeanRegistry.java:225] - Creating shared instance of singleton bean 'formContentFilter'
2024-10-29 10:56:47,671 DEBUG [main][DefaultSingletonBeanRegistry.java:225] - Creating shared instance of singleton bean 'org.springframework.boot.autoconfigure.web.servlet.WebMvcAutoConfiguration'
2024-10-29 10:56:47,671 DEBUG [main][DefaultSingletonBeanRegistry.java:225] - Creating shared instance of singleton bean 'org.springframework.boot.autoconfigure.web.servlet.WebMvcAutoConfiguration'
2024-10-29 10:56:47,673 DEBUG [main][DefaultSingletonBeanRegistry.java:225] - Creating shared instance of singleton bean 'characterEncodingFilter'
2024-10-29 10:56:47,673 DEBUG [main][DefaultSingletonBeanRegistry.java:225] - Creating shared instance of singleton bean 'characterEncodingFilter'
2024-10-29 10:56:47,677 DEBUG [main][ServletContextInitializerBeans.java:235] - Mapping filters: characterEncodingFilter urls=[/*] order=-2147483648, formContentFilter urls=[/*] order=-9900, requestContextFilter urls=[/*] order=-105
2024-10-29 10:56:47,677 DEBUG [main][ServletContextInitializerBeans.java:235] - Mapping filters: characterEncodingFilter urls=[/*] order=-2147483648, formContentFilter urls=[/*] order=-9900, requestContextFilter urls=[/*] order=-105
2024-10-29 10:56:47,677 DEBUG [main][ServletContextInitializerBeans.java:235] - Mapping servlets: dispatcherServlet urls=[/]
2024-10-29 10:56:47,677 DEBUG [main][ServletContextInitializerBeans.java:235] - Mapping servlets: dispatcherServlet urls=[/]
2024-10-29 10:56:47,684 DEBUG [main][GenericFilterBean.java:242] - Filter 'requestContextFilter' configured for use
2024-10-29 10:56:47,684 DEBUG [main][GenericFilterBean.java:242] - Filter 'requestContextFilter' configured for use
2024-10-29 10:56:47,685 DEBUG [main][GenericFilterBean.java:242] - Filter 'characterEncodingFilter' configured for use
2024-10-29 10:56:47,685 DEBUG [main][GenericFilterBean.java:242] - Filter 'characterEncodingFilter' configured for use
2024-10-29 10:56:47,685 DEBUG [main][GenericFilterBean.java:242] - Filter 'formContentFilter' configured for use
2024-10-29 10:56:47,685 DEBUG [main][GenericFilterBean.java:242] - Filter 'formContentFilter' configured for use
2024-10-29 10:56:47,688 DEBUG [main][DefaultSingletonBeanRegistry.java:225] - Creating shared instance of singleton bean 'contentApplication'
2024-10-29 10:56:47,688 DEBUG [main][DefaultSingletonBeanRegistry.java:225] - Creating shared instance of singleton bean 'contentApplication'
2024-10-29 10:56:47,689 DEBUG [main][DefaultSingletonBeanRegistry.java:225] - Creating shared instance of singleton bean 'bootstrapApplicationListener.BootstrapMarkerConfiguration'
2024-10-29 10:56:47,689 DEBUG [main][DefaultSingletonBeanRegistry.java:225] - Creating shared instance of singleton bean 'bootstrapApplicationListener.BootstrapMarkerConfiguration'
2024-10-29 10:56:47,689 DEBUG [main][DefaultSingletonBeanRegistry.java:225] - Creating shared instance of singleton bean 'courseBaseInfoController'
2024-10-29 10:56:47,689 DEBUG [main][DefaultSingletonBeanRegistry.java:225] - Creating shared instance of singleton bean 'courseBaseInfoController'
2024-10-29 10:56:47,692 DEBUG [main][DefaultSingletonBeanRegistry.java:225] - Creating shared instance of singleton bean 'serviceModelToSwagger2MapperImpl'
2024-10-29 10:56:47,692 DEBUG [main][DefaultSingletonBeanRegistry.java:225] - Creating shared instance of singleton bean 'serviceModelToSwagger2MapperImpl'
2024-10-29 10:56:47,696 DEBUG [main][DefaultSingletonBeanRegistry.java:225] - Creating shared instance of singleton bean 'modelMapperImpl'
2024-10-29 10:56:47,696 DEBUG [main][DefaultSingletonBeanRegistry.java:225] - Creating shared instance of singleton bean 'modelMapperImpl'
2024-10-29 10:56:47,697 DEBUG [main][DefaultSingletonBeanRegistry.java:225] - Creating shared instance of singleton bean 'parameterMapperImpl'
2024-10-29 10:56:47,697 DEBUG [main][DefaultSingletonBeanRegistry.java:225] - Creating shared instance of singleton bean 'parameterMapperImpl'
2024-10-29 10:56:47,698 DEBUG [main][DefaultSingletonBeanRegistry.java:225] - Creating shared instance of singleton bean 'securityMapperImpl'
2024-10-29 10:56:47,698 DEBUG [main][DefaultSingletonBeanRegistry.java:225] - Creating shared instance of singleton bean 'securityMapperImpl'
2024-10-29 10:56:47,701 DEBUG [main][DefaultSingletonBeanRegistry.java:225] - Creating shared instance of singleton bean 'licenseMapperImpl'
2024-10-29 10:56:47,701 DEBUG [main][DefaultSingletonBeanRegistry.java:225] - Creating shared instance of singleton bean 'licenseMapperImpl'
2024-10-29 10:56:47,702 DEBUG [main][DefaultSingletonBeanRegistry.java:225] - Creating shared instance of singleton bean 'vendorExtensionsMapperImpl'
2024-10-29 10:56:47,702 DEBUG [main][DefaultSingletonBeanRegistry.java:225] - Creating shared instance of singleton bean 'vendorExtensionsMapperImpl'
2024-10-29 10:56:47,702 DEBUG [main][DefaultSingletonBeanRegistry.java:225] - Creating shared instance of singleton bean 'apiListingReferenceScanner'
2024-10-29 10:56:47,702 DEBUG [main][DefaultSingletonBeanRegistry.java:225] - Creating shared instance of singleton bean 'apiListingReferenceScanner'
2024-10-29 10:56:47,703 DEBUG [main][DefaultSingletonBeanRegistry.java:225] - Creating shared instance of singleton bean 'apiDocumentationScanner'
2024-10-29 10:56:47,703 DEBUG [main][DefaultSingletonBeanRegistry.java:225] - Creating shared instance of singleton bean 'apiDocumentationScanner'
2024-10-29 10:56:47,704 DEBUG [main][DefaultSingletonBeanRegistry.java:225] - Creating shared instance of singleton bean 'apiListingScanner'
2024-10-29 10:56:47,704 DEBUG [main][DefaultSingletonBeanRegistry.java:225] - Creating shared instance of singleton bean 'apiListingScanner'
2024-10-29 10:56:47,705 DEBUG [main][DefaultSingletonBeanRegistry.java:225] - Creating shared instance of singleton bean 'apiDescriptionReader'
2024-10-29 10:56:47,705 DEBUG [main][DefaultSingletonBeanRegistry.java:225] - Creating shared instance of singleton bean 'apiDescriptionReader'
2024-10-29 10:56:47,708 DEBUG [main][DefaultSingletonBeanRegistry.java:225] - Creating shared instance of singleton bean 'cachingOperationReader'
2024-10-29 10:56:47,708 DEBUG [main][DefaultSingletonBeanRegistry.java:225] - Creating shared instance of singleton bean 'cachingOperationReader'
2024-10-29 10:56:47,708 DEBUG [main][DefaultSingletonBeanRegistry.java:225] - Creating shared instance of singleton bean 'apiOperationReader'
2024-10-29 10:56:47,708 DEBUG [main][DefaultSingletonBeanRegistry.java:225] - Creating shared instance of singleton bean 'apiOperationReader'
2024-10-29 10:56:47,709 DEBUG [main][DefaultSingletonBeanRegistry.java:225] - Creating shared instance of singleton bean 'documentationPluginsManager'
2024-10-29 10:56:47,709 DEBUG [main][DefaultSingletonBeanRegistry.java:225] - Creating shared instance of singleton bean 'documentationPluginsManager'
2024-10-29 10:56:47,712 DEBUG [main][DefaultSingletonBeanRegistry.java:225] - Creating shared instance of singleton bean 'documentationPluginRegistry'
2024-10-29 10:56:47,712 DEBUG [main][DefaultSingletonBeanRegistry.java:225] - Creating shared instance of singleton bean 'documentationPluginRegistry'
2024-10-29 10:56:47,718 DEBUG [main][DefaultSingletonBeanRegistry.java:225] - Creating shared instance of singleton bean 'apiListingBuilderPluginRegistry'
2024-10-29 10:56:47,718 DEBUG [main][DefaultSingletonBeanRegistry.java:225] - Creating shared instance of singleton bean 'apiListingBuilderPluginRegistry'
2024-10-29 10:56:47,719 DEBUG [main][DefaultSingletonBeanRegistry.java:225] - Creating shared instance of singleton bean 'parameterBuilderPluginRegistry'
2024-10-29 10:56:47,719 DEBUG [main][DefaultSingletonBeanRegistry.java:225] - Creating shared instance of singleton bean 'parameterBuilderPluginRegistry'
2024-10-29 10:56:47,719 DEBUG [main][DefaultSingletonBeanRegistry.java:225] - Creating shared instance of singleton bean 'expandedParameterBuilderPluginRegistry'
2024-10-29 10:56:47,719 DEBUG [main][DefaultSingletonBeanRegistry.java:225] - Creating shared instance of singleton bean 'expandedParameterBuilderPluginRegistry'
2024-10-29 10:56:47,720 DEBUG [main][DefaultSingletonBeanRegistry.java:225] - Creating shared instance of singleton bean 'operationBuilderPluginRegistry'
2024-10-29 10:56:47,720 DEBUG [main][DefaultSingletonBeanRegistry.java:225] - Creating shared instance of singleton bean 'operationBuilderPluginRegistry'
2024-10-29 10:56:47,721 DEBUG [main][DefaultSingletonBeanRegistry.java:225] - Creating shared instance of singleton bean 'resourceGroupingStrategyRegistry'
2024-10-29 10:56:47,721 DEBUG [main][DefaultSingletonBeanRegistry.java:225] - Creating shared instance of singleton bean 'resourceGroupingStrategyRegistry'
2024-10-29 10:56:47,721 DEBUG [main][DefaultSingletonBeanRegistry.java:225] - Creating shared instance of singleton bean 'operationModelsProviderPluginRegistry'
2024-10-29 10:56:47,721 DEBUG [main][DefaultSingletonBeanRegistry.java:225] - Creating shared instance of singleton bean 'operationModelsProviderPluginRegistry'
2024-10-29 10:56:47,722 DEBUG [main][DefaultSingletonBeanRegistry.java:225] - Creating shared instance of singleton bean 'defaultsProviderPluginRegistry'
2024-10-29 10:56:47,722 DEBUG [main][DefaultSingletonBeanRegistry.java:225] - Creating shared instance of singleton bean 'defaultsProviderPluginRegistry'
2024-10-29 10:56:47,723 DEBUG [main][DefaultSingletonBeanRegistry.java:225] - Creating shared instance of singleton bean 'pathDecoratorRegistry'
2024-10-29 10:56:47,723 DEBUG [main][DefaultSingletonBeanRegistry.java:225] - Creating shared instance of singleton bean 'pathDecoratorRegistry'
2024-10-29 10:56:47,723 DEBUG [main][DefaultSingletonBeanRegistry.java:225] - Creating shared instance of singleton bean 'apiListingScannerPluginRegistry'
2024-10-29 10:56:47,723 DEBUG [main][DefaultSingletonBeanRegistry.java:225] - Creating shared instance of singleton bean 'apiListingScannerPluginRegistry'
2024-10-29 10:56:47,724 DEBUG [main][DefaultSingletonBeanRegistry.java:225] - Creating shared instance of singleton bean 'cachingOperationNameGenerator'
2024-10-29 10:56:47,724 DEBUG [main][DefaultSingletonBeanRegistry.java:225] - Creating shared instance of singleton bean 'cachingOperationNameGenerator'
2024-10-29 10:56:47,725 DEBUG [main][ConstructorResolver.java:807] - Autowiring by type from bean name 'apiOperationReader' via constructor to bean named 'documentationPluginsManager'
2024-10-29 10:56:47,725 DEBUG [main][ConstructorResolver.java:807] - Autowiring by type from bean name 'apiOperationReader' via constructor to bean named 'documentationPluginsManager'
2024-10-29 10:56:47,725 DEBUG [main][ConstructorResolver.java:807] - Autowiring by type from bean name 'apiOperationReader' via constructor to bean named 'cachingOperationNameGenerator'
2024-10-29 10:56:47,725 DEBUG [main][ConstructorResolver.java:807] - Autowiring by type from bean name 'apiOperationReader' via constructor to bean named 'cachingOperationNameGenerator'
2024-10-29 10:56:47,726 DEBUG [main][ConstructorResolver.java:807] - Autowiring by type from bean name 'cachingOperationReader' via constructor to bean named 'apiOperationReader'
2024-10-29 10:56:47,726 DEBUG [main][ConstructorResolver.java:807] - Autowiring by type from bean name 'cachingOperationReader' via constructor to bean named 'apiOperationReader'
2024-10-29 10:56:47,733 DEBUG [main][DefaultSingletonBeanRegistry.java:225] - Creating shared instance of singleton bean 'apiDescriptionLookup'
2024-10-29 10:56:47,733 DEBUG [main][DefaultSingletonBeanRegistry.java:225] - Creating shared instance of singleton bean 'apiDescriptionLookup'
2024-10-29 10:56:47,734 DEBUG [main][ConstructorResolver.java:807] - Autowiring by type from bean name 'apiDescriptionReader' via constructor to bean named 'cachingOperationReader'
2024-10-29 10:56:47,734 DEBUG [main][ConstructorResolver.java:807] - Autowiring by type from bean name 'apiDescriptionReader' via constructor to bean named 'cachingOperationReader'
2024-10-29 10:56:47,734 DEBUG [main][ConstructorResolver.java:807] - Autowiring by type from bean name 'apiDescriptionReader' via constructor to bean named 'documentationPluginsManager'
2024-10-29 10:56:47,734 DEBUG [main][ConstructorResolver.java:807] - Autowiring by type from bean name 'apiDescriptionReader' via constructor to bean named 'documentationPluginsManager'
2024-10-29 10:56:47,734 DEBUG [main][ConstructorResolver.java:807] - Autowiring by type from bean name 'apiDescriptionReader' via constructor to bean named 'apiDescriptionLookup'
2024-10-29 10:56:47,734 DEBUG [main][ConstructorResolver.java:807] - Autowiring by type from bean name 'apiDescriptionReader' via constructor to bean named 'apiDescriptionLookup'
2024-10-29 10:56:47,734 DEBUG [main][DefaultSingletonBeanRegistry.java:225] - Creating shared instance of singleton bean 'apiModelReader'
2024-10-29 10:56:47,734 DEBUG [main][DefaultSingletonBeanRegistry.java:225] - Creating shared instance of singleton bean 'apiModelReader'
2024-10-29 10:56:47,735 DEBUG [main][DefaultSingletonBeanRegistry.java:225] - Creating shared instance of singleton bean 'cachingModelProvider'
2024-10-29 10:56:47,735 DEBUG [main][DefaultSingletonBeanRegistry.java:225] - Creating shared instance of singleton bean 'cachingModelProvider'
2024-10-29 10:56:47,736 DEBUG [main][DefaultSingletonBeanRegistry.java:225] - Creating shared instance of singleton bean 'defaultModelProvider'
2024-10-29 10:56:47,736 DEBUG [main][DefaultSingletonBeanRegistry.java:225] - Creating shared instance of singleton bean 'defaultModelProvider'
2024-10-29 10:56:47,737 DEBUG [main][DefaultSingletonBeanRegistry.java:225] - Creating shared instance of singleton bean 'typeResolver'
2024-10-29 10:56:47,737 DEBUG [main][DefaultSingletonBeanRegistry.java:225] - Creating shared instance of singleton bean 'typeResolver'
2024-10-29 10:56:47,737 DEBUG [main][DefaultSingletonBeanRegistry.java:225] - Creating shared instance of singleton bean 'springfox.documentation.schema.configuration.ModelsConfiguration'
2024-10-29 10:56:47,737 DEBUG [main][DefaultSingletonBeanRegistry.java:225] - Creating shared instance of singleton bean 'springfox.documentation.schema.configuration.ModelsConfiguration'
2024-10-29 10:56:47,742 DEBUG [main][DefaultSingletonBeanRegistry.java:225] - Creating shared instance of singleton bean 'cachingModelPropertiesProvider'
2024-10-29 10:56:47,742 DEBUG [main][DefaultSingletonBeanRegistry.java:225] - Creating shared instance of singleton bean 'cachingModelPropertiesProvider'
2024-10-29 10:56:47,743 DEBUG [main][DefaultSingletonBeanRegistry.java:225] - Creating shared instance of singleton bean 'optimized'
2024-10-29 10:56:47,743 DEBUG [main][DefaultSingletonBeanRegistry.java:225] - Creating shared instance of singleton bean 'optimized'
2024-10-29 10:56:47,746 DEBUG [main][DefaultSingletonBeanRegistry.java:225] - Creating shared instance of singleton bean 'accessorsProvider'
2024-10-29 10:56:47,746 DEBUG [main][DefaultSingletonBeanRegistry.java:225] - Creating shared instance of singleton bean 'accessorsProvider'
2024-10-29 10:56:47,747 DEBUG [main][ConstructorResolver.java:807] - Autowiring by type from bean name 'accessorsProvider' via constructor to bean named 'typeResolver'
2024-10-29 10:56:47,747 DEBUG [main][ConstructorResolver.java:807] - Autowiring by type from bean name 'accessorsProvider' via constructor to bean named 'typeResolver'
2024-10-29 10:56:47,748 DEBUG [main][DefaultSingletonBeanRegistry.java:225] - Creating shared instance of singleton bean 'fieldProvider'
2024-10-29 10:56:47,748 DEBUG [main][DefaultSingletonBeanRegistry.java:225] - Creating shared instance of singleton bean 'fieldProvider'
2024-10-29 10:56:47,748 DEBUG [main][ConstructorResolver.java:807] - Autowiring by type from bean name 'fieldProvider' via constructor to bean named 'typeResolver'
2024-10-29 10:56:47,748 DEBUG [main][ConstructorResolver.java:807] - Autowiring by type from bean name 'fieldProvider' via constructor to bean named 'typeResolver'
2024-10-29 10:56:47,748 DEBUG [main][DefaultSingletonBeanRegistry.java:225] - Creating shared instance of singleton bean 'factoryMethodProvider'
2024-10-29 10:56:47,748 DEBUG [main][DefaultSingletonBeanRegistry.java:225] - Creating shared instance of singleton bean 'factoryMethodProvider'
2024-10-29 10:56:47,749 DEBUG [main][ConstructorResolver.java:807] - Autowiring by type from bean name 'factoryMethodProvider' via constructor to bean named 'typeResolver'
2024-10-29 10:56:47,749 DEBUG [main][ConstructorResolver.java:807] - Autowiring by type from bean name 'factoryMethodProvider' via constructor to bean named 'typeResolver'
2024-10-29 10:56:47,750 DEBUG [main][DefaultSingletonBeanRegistry.java:225] - Creating shared instance of singleton bean 'objectMapperBeanPropertyNamingStrategy'
2024-10-29 10:56:47,750 DEBUG [main][DefaultSingletonBeanRegistry.java:225] - Creating shared instance of singleton bean 'objectMapperBeanPropertyNamingStrategy'
2024-10-29 10:56:47,750 DEBUG [main][DefaultSingletonBeanRegistry.java:225] - Creating shared instance of singleton bean 'schemaPluginsManager'
2024-10-29 10:56:47,750 DEBUG [main][DefaultSingletonBeanRegistry.java:225] - Creating shared instance of singleton bean 'schemaPluginsManager'
2024-10-29 10:56:47,751 DEBUG [main][DefaultSingletonBeanRegistry.java:225] - Creating shared instance of singleton bean 'modelPropertyBuilderPluginRegistry'
2024-10-29 10:56:47,751 DEBUG [main][DefaultSingletonBeanRegistry.java:225] - Creating shared instance of singleton bean 'modelPropertyBuilderPluginRegistry'
2024-10-29 10:56:47,752 DEBUG [main][DefaultSingletonBeanRegistry.java:225] - Creating shared instance of singleton bean 'modelBuilderPluginRegistry'
2024-10-29 10:56:47,752 DEBUG [main][DefaultSingletonBeanRegistry.java:225] - Creating shared instance of singleton bean 'modelBuilderPluginRegistry'
2024-10-29 10:56:47,752 DEBUG [main][DefaultSingletonBeanRegistry.java:225] - Creating shared instance of singleton bean 'syntheticModelProviderPluginRegistry'
2024-10-29 10:56:47,752 DEBUG [main][DefaultSingletonBeanRegistry.java:225] - Creating shared instance of singleton bean 'syntheticModelProviderPluginRegistry'
2024-10-29 10:56:47,753 DEBUG [main][ConstructorResolver.java:807] - Autowiring by type from bean name 'schemaPluginsManager' via constructor to bean named 'modelPropertyBuilderPluginRegistry'
2024-10-29 10:56:47,753 DEBUG [main][ConstructorResolver.java:807] - Autowiring by type from bean name 'schemaPluginsManager' via constructor to bean named 'modelPropertyBuilderPluginRegistry'
2024-10-29 10:56:47,753 DEBUG [main][ConstructorResolver.java:807] - Autowiring by type from bean name 'schemaPluginsManager' via constructor to bean named 'modelBuilderPluginRegistry'
2024-10-29 10:56:47,753 DEBUG [main][ConstructorResolver.java:807] - Autowiring by type from bean name 'schemaPluginsManager' via constructor to bean named 'modelBuilderPluginRegistry'
2024-10-29 10:56:47,753 DEBUG [main][ConstructorResolver.java:807] - Autowiring by type from bean name 'schemaPluginsManager' via constructor to bean named 'syntheticModelProviderPluginRegistry'
2024-10-29 10:56:47,753 DEBUG [main][ConstructorResolver.java:807] - Autowiring by type from bean name 'schemaPluginsManager' via constructor to bean named 'syntheticModelProviderPluginRegistry'
2024-10-29 10:56:47,753 DEBUG [main][DefaultSingletonBeanRegistry.java:225] - Creating shared instance of singleton bean 'typeNameExtractor'
2024-10-29 10:56:47,753 DEBUG [main][DefaultSingletonBeanRegistry.java:225] - Creating shared instance of singleton bean 'typeNameExtractor'
2024-10-29 10:56:47,754 DEBUG [main][DefaultSingletonBeanRegistry.java:225] - Creating shared instance of singleton bean 'typeNameProviderPluginRegistry'
2024-10-29 10:56:47,754 DEBUG [main][DefaultSingletonBeanRegistry.java:225] - Creating shared instance of singleton bean 'typeNameProviderPluginRegistry'
2024-10-29 10:56:47,755 DEBUG [main][DefaultSingletonBeanRegistry.java:225] - Creating shared instance of singleton bean 'jacksonEnumTypeDeterminer'
2024-10-29 10:56:47,755 DEBUG [main][DefaultSingletonBeanRegistry.java:225] - Creating shared instance of singleton bean 'jacksonEnumTypeDeterminer'
2024-10-29 10:56:47,755 DEBUG [main][ConstructorResolver.java:807] - Autowiring by type from bean name 'typeNameExtractor' via constructor to bean named 'typeResolver'
2024-10-29 10:56:47,755 DEBUG [main][ConstructorResolver.java:807] - Autowiring by type from bean name 'typeNameExtractor' via constructor to bean named 'typeResolver'
2024-10-29 10:56:47,755 DEBUG [main][ConstructorResolver.java:807] - Autowiring by type from bean name 'typeNameExtractor' via constructor to bean named 'typeNameProviderPluginRegistry'
2024-10-29 10:56:47,755 DEBUG [main][ConstructorResolver.java:807] - Autowiring by type from bean name 'typeNameExtractor' via constructor to bean named 'typeNameProviderPluginRegistry'
2024-10-29 10:56:47,756 DEBUG [main][ConstructorResolver.java:807] - Autowiring by type from bean name 'typeNameExtractor' via constructor to bean named 'jacksonEnumTypeDeterminer'
2024-10-29 10:56:47,756 DEBUG [main][ConstructorResolver.java:807] - Autowiring by type from bean name 'typeNameExtractor' via constructor to bean named 'jacksonEnumTypeDeterminer'
2024-10-29 10:56:47,756 DEBUG [main][ConstructorResolver.java:807] - Autowiring by type from bean name 'optimized' via constructor to bean named 'accessorsProvider'
2024-10-29 10:56:47,756 DEBUG [main][ConstructorResolver.java:807] - Autowiring by type from bean name 'optimized' via constructor to bean named 'accessorsProvider'
2024-10-29 10:56:47,756 DEBUG [main][ConstructorResolver.java:807] - Autowiring by type from bean name 'optimized' via constructor to bean named 'fieldProvider'
2024-10-29 10:56:47,756 DEBUG [main][ConstructorResolver.java:807] - Autowiring by type from bean name 'optimized' via constructor to bean named 'fieldProvider'
2024-10-29 10:56:47,756 DEBUG [main][ConstructorResolver.java:807] - Autowiring by type from bean name 'optimized' via constructor to bean named 'factoryMethodProvider'
2024-10-29 10:56:47,756 DEBUG [main][ConstructorResolver.java:807] - Autowiring by type from bean name 'optimized' via constructor to bean named 'factoryMethodProvider'
2024-10-29 10:56:47,756 DEBUG [main][ConstructorResolver.java:807] - Autowiring by type from bean name 'optimized' via constructor to bean named 'typeResolver'
2024-10-29 10:56:47,756 DEBUG [main][ConstructorResolver.java:807] - Autowiring by type from bean name 'optimized' via constructor to bean named 'typeResolver'
2024-10-29 10:56:47,756 DEBUG [main][ConstructorResolver.java:807] - Autowiring by type from bean name 'optimized' via constructor to bean named 'objectMapperBeanPropertyNamingStrategy'
2024-10-29 10:56:47,756 DEBUG [main][ConstructorResolver.java:807] - Autowiring by type from bean name 'optimized' via constructor to bean named 'objectMapperBeanPropertyNamingStrategy'
2024-10-29 10:56:47,756 DEBUG [main][ConstructorResolver.java:807] - Autowiring by type from bean name 'optimized' via constructor to bean named 'schemaPluginsManager'
2024-10-29 10:56:47,756 DEBUG [main][ConstructorResolver.java:807] - Autowiring by type from bean name 'optimized' via constructor to bean named 'schemaPluginsManager'
2024-10-29 10:56:47,756 DEBUG [main][ConstructorResolver.java:807] - Autowiring by type from bean name 'optimized' via constructor to bean named 'typeNameExtractor'
2024-10-29 10:56:47,756 DEBUG [main][ConstructorResolver.java:807] - Autowiring by type from bean name 'optimized' via constructor to bean named 'typeNameExtractor'
2024-10-29 10:56:47,757 DEBUG [main][ConstructorResolver.java:807] - Autowiring by type from bean name 'cachingModelPropertiesProvider' via constructor to bean named 'typeResolver'
2024-10-29 10:56:47,757 DEBUG [main][ConstructorResolver.java:807] - Autowiring by type from bean name 'cachingModelPropertiesProvider' via constructor to bean named 'typeResolver'
2024-10-29 10:56:47,757 DEBUG [main][ConstructorResolver.java:807] - Autowiring by type from bean name 'cachingModelPropertiesProvider' via constructor to bean named 'optimized'
2024-10-29 10:56:47,757 DEBUG [main][ConstructorResolver.java:807] - Autowiring by type from bean name 'cachingModelPropertiesProvider' via constructor to bean named 'optimized'
2024-10-29 10:56:47,758 DEBUG [main][DefaultSingletonBeanRegistry.java:225] - Creating shared instance of singleton bean 'cachingModelDependencyProvider'
2024-10-29 10:56:47,758 DEBUG [main][DefaultSingletonBeanRegistry.java:225] - Creating shared instance of singleton bean 'cachingModelDependencyProvider'
2024-10-29 10:56:47,758 DEBUG [main][DefaultSingletonBeanRegistry.java:225] - Creating shared instance of singleton bean 'defaultModelDependencyProvider'
2024-10-29 10:56:47,758 DEBUG [main][DefaultSingletonBeanRegistry.java:225] - Creating shared instance of singleton bean 'defaultModelDependencyProvider'
2024-10-29 10:56:47,759 DEBUG [main][ConstructorResolver.java:807] - Autowiring by type from bean name 'defaultModelDependencyProvider' via constructor to bean named 'typeResolver'
2024-10-29 10:56:47,759 DEBUG [main][ConstructorResolver.java:807] - Autowiring by type from bean name 'defaultModelDependencyProvider' via constructor to bean named 'typeResolver'
2024-10-29 10:56:47,759 DEBUG [main][ConstructorResolver.java:807] - Autowiring by type from bean name 'defaultModelDependencyProvider' via constructor to bean named 'cachingModelPropertiesProvider'
2024-10-29 10:56:47,759 DEBUG [main][ConstructorResolver.java:807] - Autowiring by type from bean name 'defaultModelDependencyProvider' via constructor to bean named 'cachingModelPropertiesProvider'
2024-10-29 10:56:47,759 DEBUG [main][ConstructorResolver.java:807] - Autowiring by type from bean name 'defaultModelDependencyProvider' via constructor to bean named 'typeNameExtractor'
2024-10-29 10:56:47,759 DEBUG [main][ConstructorResolver.java:807] - Autowiring by type from bean name 'defaultModelDependencyProvider' via constructor to bean named 'typeNameExtractor'
2024-10-29 10:56:47,759 DEBUG [main][ConstructorResolver.java:807] - Autowiring by type from bean name 'defaultModelDependencyProvider' via constructor to bean named 'jacksonEnumTypeDeterminer'
2024-10-29 10:56:47,759 DEBUG [main][ConstructorResolver.java:807] - Autowiring by type from bean name 'defaultModelDependencyProvider' via constructor to bean named 'jacksonEnumTypeDeterminer'
2024-10-29 10:56:47,759 DEBUG [main][ConstructorResolver.java:807] - Autowiring by type from bean name 'defaultModelDependencyProvider' via constructor to bean named 'schemaPluginsManager'
2024-10-29 10:56:47,759 DEBUG [main][ConstructorResolver.java:807] - Autowiring by type from bean name 'defaultModelDependencyProvider' via constructor to bean named 'schemaPluginsManager'
2024-10-29 10:56:47,760 DEBUG [main][ConstructorResolver.java:807] - Autowiring by type from bean name 'cachingModelDependencyProvider' via constructor to bean named 'defaultModelDependencyProvider'
2024-10-29 10:56:47,760 DEBUG [main][ConstructorResolver.java:807] - Autowiring by type from bean name 'cachingModelDependencyProvider' via constructor to bean named 'defaultModelDependencyProvider'
2024-10-29 10:56:47,760 DEBUG [main][ConstructorResolver.java:807] - Autowiring by type from bean name 'defaultModelProvider' via constructor to bean named 'typeResolver'
2024-10-29 10:56:47,760 DEBUG [main][ConstructorResolver.java:807] - Autowiring by type from bean name 'defaultModelProvider' via constructor to bean named 'typeResolver'
2024-10-29 10:56:47,760 DEBUG [main][ConstructorResolver.java:807] - Autowiring by type from bean name 'defaultModelProvider' via constructor to bean named 'cachingModelPropertiesProvider'
2024-10-29 10:56:47,760 DEBUG [main][ConstructorResolver.java:807] - Autowiring by type from bean name 'defaultModelProvider' via constructor to bean named 'cachingModelPropertiesProvider'
2024-10-29 10:56:47,760 DEBUG [main][ConstructorResolver.java:807] - Autowiring by type from bean name 'defaultModelProvider' via constructor to bean named 'cachingModelDependencyProvider'
2024-10-29 10:56:47,760 DEBUG [main][ConstructorResolver.java:807] - Autowiring by type from bean name 'defaultModelProvider' via constructor to bean named 'cachingModelDependencyProvider'
2024-10-29 10:56:47,760 DEBUG [main][ConstructorResolver.java:807] - Autowiring by type from bean name 'defaultModelProvider' via constructor to bean named 'schemaPluginsManager'
2024-10-29 10:56:47,760 DEBUG [main][ConstructorResolver.java:807] - Autowiring by type from bean name 'defaultModelProvider' via constructor to bean named 'schemaPluginsManager'
2024-10-29 10:56:47,761 DEBUG [main][ConstructorResolver.java:807] - Autowiring by type from bean name 'defaultModelProvider' via constructor to bean named 'typeNameExtractor'
2024-10-29 10:56:47,761 DEBUG [main][ConstructorResolver.java:807] - Autowiring by type from bean name 'defaultModelProvider' via constructor to bean named 'typeNameExtractor'
2024-10-29 10:56:47,761 DEBUG [main][ConstructorResolver.java:807] - Autowiring by type from bean name 'defaultModelProvider' via constructor to bean named 'jacksonEnumTypeDeterminer'
2024-10-29 10:56:47,761 DEBUG [main][ConstructorResolver.java:807] - Autowiring by type from bean name 'defaultModelProvider' via constructor to bean named 'jacksonEnumTypeDeterminer'
2024-10-29 10:56:47,761 DEBUG [main][ConstructorResolver.java:807] - Autowiring by type from bean name 'cachingModelProvider' via constructor to bean named 'defaultModelProvider'
2024-10-29 10:56:47,761 DEBUG [main][ConstructorResolver.java:807] - Autowiring by type from bean name 'cachingModelProvider' via constructor to bean named 'defaultModelProvider'
2024-10-29 10:56:47,761 DEBUG [main][ConstructorResolver.java:807] - Autowiring by type from bean name 'apiModelReader' via constructor to bean named 'cachingModelProvider'
2024-10-29 10:56:47,761 DEBUG [main][ConstructorResolver.java:807] - Autowiring by type from bean name 'apiModelReader' via constructor to bean named 'cachingModelProvider'
2024-10-29 10:56:47,761 DEBUG [main][ConstructorResolver.java:807] - Autowiring by type from bean name 'apiModelReader' via constructor to bean named 'typeResolver'
2024-10-29 10:56:47,761 DEBUG [main][ConstructorResolver.java:807] - Autowiring by type from bean name 'apiModelReader' via constructor to bean named 'typeResolver'
2024-10-29 10:56:47,761 DEBUG [main][ConstructorResolver.java:807] - Autowiring by type from bean name 'apiModelReader' via constructor to bean named 'documentationPluginsManager'
2024-10-29 10:56:47,761 DEBUG [main][ConstructorResolver.java:807] - Autowiring by type from bean name 'apiModelReader' via constructor to bean named 'documentationPluginsManager'
2024-10-29 10:56:47,762 DEBUG [main][ConstructorResolver.java:807] - Autowiring by type from bean name 'apiListingScanner' via constructor to bean named 'apiDescriptionReader'
2024-10-29 10:56:47,762 DEBUG [main][ConstructorResolver.java:807] - Autowiring by type from bean name 'apiListingScanner' via constructor to bean named 'apiDescriptionReader'
2024-10-29 10:56:47,762 DEBUG [main][ConstructorResolver.java:807] - Autowiring by type from bean name 'apiListingScanner' via constructor to bean named 'apiModelReader'
2024-10-29 10:56:47,762 DEBUG [main][ConstructorResolver.java:807] - Autowiring by type from bean name 'apiListingScanner' via constructor to bean named 'apiModelReader'
2024-10-29 10:56:47,762 DEBUG [main][ConstructorResolver.java:807] - Autowiring by type from bean name 'apiListingScanner' via constructor to bean named 'documentationPluginsManager'
2024-10-29 10:56:47,762 DEBUG [main][ConstructorResolver.java:807] - Autowiring by type from bean name 'apiListingScanner' via constructor to bean named 'documentationPluginsManager'
2024-10-29 10:56:47,762 DEBUG [main][ConstructorResolver.java:807] - Autowiring by type from bean name 'apiDocumentationScanner' via constructor to bean named 'apiListingReferenceScanner'
2024-10-29 10:56:47,762 DEBUG [main][ConstructorResolver.java:807] - Autowiring by type from bean name 'apiDocumentationScanner' via constructor to bean named 'apiListingReferenceScanner'
2024-10-29 10:56:47,762 DEBUG [main][ConstructorResolver.java:807] - Autowiring by type from bean name 'apiDocumentationScanner' via constructor to bean named 'apiListingScanner'
2024-10-29 10:56:47,762 DEBUG [main][ConstructorResolver.java:807] - Autowiring by type from bean name 'apiDocumentationScanner' via constructor to bean named 'apiListingScanner'
2024-10-29 10:56:47,762 DEBUG [main][DefaultSingletonBeanRegistry.java:225] - Creating shared instance of singleton bean 'apiListingReader'
2024-10-29 10:56:47,762 DEBUG [main][DefaultSingletonBeanRegistry.java:225] - Creating shared instance of singleton bean 'apiListingReader'
2024-10-29 10:56:47,762 DEBUG [main][DefaultSingletonBeanRegistry.java:225] - Creating shared instance of singleton bean 'mediaTypeReader'
2024-10-29 10:56:47,762 DEBUG [main][DefaultSingletonBeanRegistry.java:225] - Creating shared instance of singleton bean 'mediaTypeReader'
2024-10-29 10:56:47,763 DEBUG [main][DefaultSingletonBeanRegistry.java:225] - Creating shared instance of singleton bean 'operationModelsProvider'
2024-10-29 10:56:47,763 DEBUG [main][DefaultSingletonBeanRegistry.java:225] - Creating shared instance of singleton bean 'operationModelsProvider'
2024-10-29 10:56:47,763 DEBUG [main][ConstructorResolver.java:807] - Autowiring by type from bean name 'operationModelsProvider' via constructor to bean named 'typeResolver'
2024-10-29 10:56:47,763 DEBUG [main][ConstructorResolver.java:807] - Autowiring by type from bean name 'operationModelsProvider' via constructor to bean named 'typeResolver'
2024-10-29 10:56:47,763 DEBUG [main][DefaultSingletonBeanRegistry.java:225] - Creating shared instance of singleton bean 'operationDeprecatedReader'
2024-10-29 10:56:47,763 DEBUG [main][DefaultSingletonBeanRegistry.java:225] - Creating shared instance of singleton bean 'operationDeprecatedReader'
2024-10-29 10:56:47,763 DEBUG [main][DefaultSingletonBeanRegistry.java:225] - Creating shared instance of singleton bean 'responseMessagesReader'
2024-10-29 10:56:47,763 DEBUG [main][DefaultSingletonBeanRegistry.java:225] - Creating shared instance of singleton bean 'responseMessagesReader'
2024-10-29 10:56:47,764 DEBUG [main][ConstructorResolver.java:807] - Autowiring by type from bean name 'responseMessagesReader' via constructor to bean named 'typeNameExtractor'
2024-10-29 10:56:47,764 DEBUG [main][ConstructorResolver.java:807] - Autowiring by type from bean name 'responseMessagesReader' via constructor to bean named 'typeNameExtractor'
2024-10-29 10:56:47,764 DEBUG [main][DefaultSingletonBeanRegistry.java:225] - Creating shared instance of singleton bean 'operationParameterReader'
2024-10-29 10:56:47,764 DEBUG [main][DefaultSingletonBeanRegistry.java:225] - Creating shared instance of singleton bean 'operationParameterReader'
2024-10-29 10:56:47,765 DEBUG [main][DefaultSingletonBeanRegistry.java:225] - Creating shared instance of singleton bean 'modelAttributeParameterExpander'
2024-10-29 10:56:47,765 DEBUG [main][DefaultSingletonBeanRegistry.java:225] - Creating shared instance of singleton bean 'modelAttributeParameterExpander'
2024-10-29 10:56:47,766 DEBUG [main][ConstructorResolver.java:807] - Autowiring by type from bean name 'modelAttributeParameterExpander' via constructor to bean named 'fieldProvider'
2024-10-29 10:56:47,766 DEBUG [main][ConstructorResolver.java:807] - Autowiring by type from bean name 'modelAttributeParameterExpander' via constructor to bean named 'fieldProvider'
2024-10-29 10:56:47,766 DEBUG [main][ConstructorResolver.java:807] - Autowiring by type from bean name 'modelAttributeParameterExpander' via constructor to bean named 'accessorsProvider'
2024-10-29 10:56:47,766 DEBUG [main][ConstructorResolver.java:807] - Autowiring by type from bean name 'modelAttributeParameterExpander' via constructor to bean named 'accessorsProvider'
2024-10-29 10:56:47,766 DEBUG [main][ConstructorResolver.java:807] - Autowiring by type from bean name 'modelAttributeParameterExpander' via constructor to bean named 'jacksonEnumTypeDeterminer'
2024-10-29 10:56:47,766 DEBUG [main][ConstructorResolver.java:807] - Autowiring by type from bean name 'modelAttributeParameterExpander' via constructor to bean named 'jacksonEnumTypeDeterminer'
2024-10-29 10:56:47,766 DEBUG [main][ConstructorResolver.java:807] - Autowiring by type from bean name 'operationParameterReader' via constructor to bean named 'modelAttributeParameterExpander'
2024-10-29 10:56:47,766 DEBUG [main][ConstructorResolver.java:807] - Autowiring by type from bean name 'operationParameterReader' via constructor to bean named 'modelAttributeParameterExpander'
2024-10-29 10:56:47,766 DEBUG [main][ConstructorResolver.java:807] - Autowiring by type from bean name 'operationParameterReader' via constructor to bean named 'jacksonEnumTypeDeterminer'
2024-10-29 10:56:47,766 DEBUG [main][ConstructorResolver.java:807] - Autowiring by type from bean name 'operationParameterReader' via constructor to bean named 'jacksonEnumTypeDeterminer'
2024-10-29 10:56:47,767 DEBUG [main][DefaultSingletonBeanRegistry.java:225] - Creating shared instance of singleton bean 'defaultTagsProvider'
2024-10-29 10:56:47,767 DEBUG [main][DefaultSingletonBeanRegistry.java:225] - Creating shared instance of singleton bean 'defaultTagsProvider'
2024-10-29 10:56:47,767 DEBUG [main][DefaultSingletonBeanRegistry.java:225] - Creating shared instance of singleton bean 'operationTagsReader'
2024-10-29 10:56:47,767 DEBUG [main][DefaultSingletonBeanRegistry.java:225] - Creating shared instance of singleton bean 'operationTagsReader'
2024-10-29 10:56:47,768 DEBUG [main][ConstructorResolver.java:807] - Autowiring by type from bean name 'operationTagsReader' via constructor to bean named 'defaultTagsProvider'
2024-10-29 10:56:47,768 DEBUG [main][ConstructorResolver.java:807] - Autowiring by type from bean name 'operationTagsReader' via constructor to bean named 'defaultTagsProvider'
2024-10-29 10:56:47,768 DEBUG [main][DefaultSingletonBeanRegistry.java:225] - Creating shared instance of singleton bean 'defaultOperationReader'
2024-10-29 10:56:47,768 DEBUG [main][DefaultSingletonBeanRegistry.java:225] - Creating shared instance of singleton bean 'defaultOperationReader'
2024-10-29 10:56:47,768 DEBUG [main][DefaultSingletonBeanRegistry.java:225] - Creating shared instance of singleton bean 'operationParameterRequestConditionReader'
2024-10-29 10:56:47,768 DEBUG [main][DefaultSingletonBeanRegistry.java:225] - Creating shared instance of singleton bean 'operationParameterRequestConditionReader'
2024-10-29 10:56:47,769 DEBUG [main][ConstructorResolver.java:807] - Autowiring by type from bean name 'operationParameterRequestConditionReader' via constructor to bean named 'typeResolver'
2024-10-29 10:56:47,769 DEBUG [main][ConstructorResolver.java:807] - Autowiring by type from bean name 'operationParameterRequestConditionReader' via constructor to bean named 'typeResolver'
2024-10-29 10:56:47,769 DEBUG [main][DefaultSingletonBeanRegistry.java:225] - Creating shared instance of singleton bean 'operationParameterHeadersConditionReader'
2024-10-29 10:56:47,769 DEBUG [main][DefaultSingletonBeanRegistry.java:225] - Creating shared instance of singleton bean 'operationParameterHeadersConditionReader'
2024-10-29 10:56:47,769 DEBUG [main][ConstructorResolver.java:807] - Autowiring by type from bean name 'operationParameterHeadersConditionReader' via constructor to bean named 'typeResolver'
2024-10-29 10:56:47,769 DEBUG [main][ConstructorResolver.java:807] - Autowiring by type from bean name 'operationParameterHeadersConditionReader' via constructor to bean named 'typeResolver'
2024-10-29 10:56:47,769 DEBUG [main][DefaultSingletonBeanRegistry.java:225] - Creating shared instance of singleton bean 'operationResponseClassReader'
2024-10-29 10:56:47,769 DEBUG [main][DefaultSingletonBeanRegistry.java:225] - Creating shared instance of singleton bean 'operationResponseClassReader'
2024-10-29 10:56:47,770 DEBUG [main][ConstructorResolver.java:807] - Autowiring by type from bean name 'operationResponseClassReader' via constructor to bean named 'typeNameExtractor'
2024-10-29 10:56:47,770 DEBUG [main][ConstructorResolver.java:807] - Autowiring by type from bean name 'operationResponseClassReader' via constructor to bean named 'typeNameExtractor'
2024-10-29 10:56:47,770 DEBUG [main][DefaultSingletonBeanRegistry.java:225] - Creating shared instance of singleton bean 'parameterMultiplesReader'
2024-10-29 10:56:47,770 DEBUG [main][DefaultSingletonBeanRegistry.java:225] - Creating shared instance of singleton bean 'parameterMultiplesReader'
2024-10-29 10:56:47,770 DEBUG [main][DefaultSingletonBeanRegistry.java:225] - Creating shared instance of singleton bean 'parameterTypeReader'
2024-10-29 10:56:47,770 DEBUG [main][DefaultSingletonBeanRegistry.java:225] - Creating shared instance of singleton bean 'parameterTypeReader'
2024-10-29 10:56:47,771 DEBUG [main][DefaultSingletonBeanRegistry.java:225] - Creating shared instance of singleton bean 'parameterRequiredReader'
2024-10-29 10:56:47,771 DEBUG [main][DefaultSingletonBeanRegistry.java:225] - Creating shared instance of singleton bean 'parameterRequiredReader'
2024-10-29 10:56:47,772 DEBUG [main][DefaultSingletonBeanRegistry.java:225] - Creating shared instance of singleton bean 'descriptionResolver'
2024-10-29 10:56:47,772 DEBUG [main][DefaultSingletonBeanRegistry.java:225] - Creating shared instance of singleton bean 'descriptionResolver'
2024-10-29 10:56:47,772 DEBUG [main][DefaultSingletonBeanRegistry.java:225] - Creating shared instance of singleton bean 'springfox.documentation.spring.web.SpringfoxWebMvcConfiguration'
2024-10-29 10:56:47,772 DEBUG [main][DefaultSingletonBeanRegistry.java:225] - Creating shared instance of singleton bean 'springfox.documentation.spring.web.SpringfoxWebMvcConfiguration'
2024-10-29 10:56:47,773 DEBUG [main][ConstructorResolver.java:807] - Autowiring by type from bean name 'descriptionResolver' via factory method to bean named 'environment'
2024-10-29 10:56:47,773 DEBUG [main][ConstructorResolver.java:807] - Autowiring by type from bean name 'descriptionResolver' via factory method to bean named 'environment'
2024-10-29 10:56:47,775 DEBUG [main][ConstructorResolver.java:807] - Autowiring by type from bean name 'parameterRequiredReader' via constructor to bean named 'descriptionResolver'
2024-10-29 10:56:47,775 DEBUG [main][ConstructorResolver.java:807] - Autowiring by type from bean name 'parameterRequiredReader' via constructor to bean named 'descriptionResolver'
2024-10-29 10:56:47,775 DEBUG [main][DefaultSingletonBeanRegistry.java:225] - Creating shared instance of singleton bean 'parameterDataTypeReader'
2024-10-29 10:56:47,775 DEBUG [main][DefaultSingletonBeanRegistry.java:225] - Creating shared instance of singleton bean 'parameterDataTypeReader'
2024-10-29 10:56:47,776 DEBUG [main][ConstructorResolver.java:807] - Autowiring by type from bean name 'parameterDataTypeReader' via constructor to bean named 'typeNameExtractor'
2024-10-29 10:56:47,776 DEBUG [main][ConstructorResolver.java:807] - Autowiring by type from bean name 'parameterDataTypeReader' via constructor to bean named 'typeNameExtractor'
2024-10-29 10:56:47,776 DEBUG [main][ConstructorResolver.java:807] - Autowiring by type from bean name 'parameterDataTypeReader' via constructor to bean named 'typeResolver'
2024-10-29 10:56:47,776 DEBUG [main][ConstructorResolver.java:807] - Autowiring by type from bean name 'parameterDataTypeReader' via constructor to bean named 'typeResolver'
2024-10-29 10:56:47,776 DEBUG [main][ConstructorResolver.java:807] - Autowiring by type from bean name 'parameterDataTypeReader' via constructor to bean named 'jacksonEnumTypeDeterminer'
2024-10-29 10:56:47,776 DEBUG [main][ConstructorResolver.java:807] - Autowiring by type from bean name 'parameterDataTypeReader' via constructor to bean named 'jacksonEnumTypeDeterminer'
2024-10-29 10:56:47,776 DEBUG [main][DefaultSingletonBeanRegistry.java:225] - Creating shared instance of singleton bean 'parameterDefaultReader'
2024-10-29 10:56:47,776 DEBUG [main][DefaultSingletonBeanRegistry.java:225] - Creating shared instance of singleton bean 'parameterDefaultReader'
2024-10-29 10:56:47,776 DEBUG [main][ConstructorResolver.java:807] - Autowiring by type from bean name 'parameterDefaultReader' via constructor to bean named 'descriptionResolver'
2024-10-29 10:56:47,776 DEBUG [main][ConstructorResolver.java:807] - Autowiring by type from bean name 'parameterDefaultReader' via constructor to bean named 'descriptionResolver'
2024-10-29 10:56:47,776 DEBUG [main][DefaultSingletonBeanRegistry.java:225] - Creating shared instance of singleton bean 'parameterNameReader'
2024-10-29 10:56:47,776 DEBUG [main][DefaultSingletonBeanRegistry.java:225] - Creating shared instance of singleton bean 'parameterNameReader'
2024-10-29 10:56:47,777 DEBUG [main][DefaultSingletonBeanRegistry.java:225] - Creating shared instance of singleton bean 'expandedParameterBuilder'
2024-10-29 10:56:47,777 DEBUG [main][DefaultSingletonBeanRegistry.java:225] - Creating shared instance of singleton bean 'expandedParameterBuilder'
2024-10-29 10:56:47,777 DEBUG [main][ConstructorResolver.java:807] - Autowiring by type from bean name 'expandedParameterBuilder' via constructor to bean named 'typeResolver'
2024-10-29 10:56:47,777 DEBUG [main][ConstructorResolver.java:807] - Autowiring by type from bean name 'expandedParameterBuilder' via constructor to bean named 'typeResolver'
2024-10-29 10:56:47,777 DEBUG [main][ConstructorResolver.java:807] - Autowiring by type from bean name 'expandedParameterBuilder' via constructor to bean named 'jacksonEnumTypeDeterminer'
2024-10-29 10:56:47,777 DEBUG [main][ConstructorResolver.java:807] - Autowiring by type from bean name 'expandedParameterBuilder' via constructor to bean named 'jacksonEnumTypeDeterminer'
2024-10-29 10:56:47,777 DEBUG [main][DefaultSingletonBeanRegistry.java:225] - Creating shared instance of singleton bean 'documentationPluginsBootstrapper'
2024-10-29 10:56:47,777 DEBUG [main][DefaultSingletonBeanRegistry.java:225] - Creating shared instance of singleton bean 'documentationPluginsBootstrapper'
2024-10-29 10:56:47,779 DEBUG [main][DefaultSingletonBeanRegistry.java:225] - Creating shared instance of singleton bean 'webMvcRequestHandlerProvider'
2024-10-29 10:56:47,779 DEBUG [main][DefaultSingletonBeanRegistry.java:225] - Creating shared instance of singleton bean 'webMvcRequestHandlerProvider'
2024-10-29 10:56:47,779 DEBUG [main][DefaultSingletonBeanRegistry.java:225] - Creating shared instance of singleton bean 'methodResolver'
2024-10-29 10:56:47,779 DEBUG [main][DefaultSingletonBeanRegistry.java:225] - Creating shared instance of singleton bean 'methodResolver'
2024-10-29 10:56:47,780 DEBUG [main][ConstructorResolver.java:807] - Autowiring by type from bean name 'methodResolver' via factory method to bean named 'typeResolver'
2024-10-29 10:56:47,780 DEBUG [main][ConstructorResolver.java:807] - Autowiring by type from bean name 'methodResolver' via factory method to bean named 'typeResolver'
2024-10-29 10:56:47,781 DEBUG [main][DefaultSingletonBeanRegistry.java:225] - Creating shared instance of singleton bean 'requestMappingHandlerMapping'
2024-10-29 10:56:47,781 DEBUG [main][DefaultSingletonBeanRegistry.java:225] - Creating shared instance of singleton bean 'requestMappingHandlerMapping'
2024-10-29 10:56:47,781 DEBUG [main][DefaultSingletonBeanRegistry.java:225] - Creating shared instance of singleton bean 'org.springframework.boot.autoconfigure.web.servlet.WebMvcAutoConfiguration$EnableWebMvcConfiguration'
2024-10-29 10:56:47,781 DEBUG [main][DefaultSingletonBeanRegistry.java:225] - Creating shared instance of singleton bean 'org.springframework.boot.autoconfigure.web.servlet.WebMvcAutoConfiguration$EnableWebMvcConfiguration'
2024-10-29 10:56:47,782 DEBUG [main][DefaultSingletonBeanRegistry.java:225] - Creating shared instance of singleton bean 'spring.resources-org.springframework.boot.autoconfigure.web.ResourceProperties'
2024-10-29 10:56:47,782 DEBUG [main][DefaultSingletonBeanRegistry.java:225] - Creating shared instance of singleton bean 'spring.resources-org.springframework.boot.autoconfigure.web.ResourceProperties'
2024-10-29 10:56:47,784 DEBUG [main][ConstructorResolver.java:807] - Autowiring by type from bean name 'org.springframework.boot.autoconfigure.web.servlet.WebMvcAutoConfiguration$EnableWebMvcConfiguration' via constructor to bean named 'spring.resources-org.springframework.boot.autoconfigure.web.ResourceProperties'
2024-10-29 10:56:47,784 DEBUG [main][ConstructorResolver.java:807] - Autowiring by type from bean name 'org.springframework.boot.autoconfigure.web.servlet.WebMvcAutoConfiguration$EnableWebMvcConfiguration' via constructor to bean named 'spring.resources-org.springframework.boot.autoconfigure.web.ResourceProperties'
2024-10-29 10:56:47,784 DEBUG [main][ConstructorResolver.java:807] - Autowiring by type from bean name 'org.springframework.boot.autoconfigure.web.servlet.WebMvcAutoConfiguration$EnableWebMvcConfiguration' via constructor to bean named 'org.springframework.beans.factory.support.DefaultListableBeanFactory@7e22550a'
2024-10-29 10:56:47,784 DEBUG [main][ConstructorResolver.java:807] - Autowiring by type from bean name 'org.springframework.boot.autoconfigure.web.servlet.WebMvcAutoConfiguration$EnableWebMvcConfiguration' via constructor to bean named 'org.springframework.beans.factory.support.DefaultListableBeanFactory@7e22550a'
2024-10-29 10:56:47,790 DEBUG [main][DefaultSingletonBeanRegistry.java:225] - Creating shared instance of singleton bean 'org.springframework.boot.autoconfigure.web.servlet.WebMvcAutoConfiguration$WebMvcAutoConfigurationAdapter'
2024-10-29 10:56:47,790 DEBUG [main][DefaultSingletonBeanRegistry.java:225] - Creating shared instance of singleton bean 'org.springframework.boot.autoconfigure.web.servlet.WebMvcAutoConfiguration$WebMvcAutoConfigurationAdapter'
2024-10-29 10:56:47,790 DEBUG [main][ConstructorResolver.java:807] - Autowiring by type from bean name 'org.springframework.boot.autoconfigure.web.servlet.WebMvcAutoConfiguration$WebMvcAutoConfigurationAdapter' via constructor to bean named 'spring.resources-org.springframework.boot.autoconfigure.web.ResourceProperties'
2024-10-29 10:56:47,790 DEBUG [main][ConstructorResolver.java:807] - Autowiring by type from bean name 'org.springframework.boot.autoconfigure.web.servlet.WebMvcAutoConfiguration$WebMvcAutoConfigurationAdapter' via constructor to bean named 'spring.resources-org.springframework.boot.autoconfigure.web.ResourceProperties'
2024-10-29 10:56:47,790 DEBUG [main][ConstructorResolver.java:807] - Autowiring by type from bean name 'org.springframework.boot.autoconfigure.web.servlet.WebMvcAutoConfiguration$WebMvcAutoConfigurationAdapter' via constructor to bean named 'spring.mvc-org.springframework.boot.autoconfigure.web.servlet.WebMvcProperties'
2024-10-29 10:56:47,790 DEBUG [main][ConstructorResolver.java:807] - Autowiring by type from bean name 'org.springframework.boot.autoconfigure.web.servlet.WebMvcAutoConfiguration$WebMvcAutoConfigurationAdapter' via constructor to bean named 'spring.mvc-org.springframework.boot.autoconfigure.web.servlet.WebMvcProperties'
2024-10-29 10:56:47,790 DEBUG [main][ConstructorResolver.java:807] - Autowiring by type from bean name 'org.springframework.boot.autoconfigure.web.servlet.WebMvcAutoConfiguration$WebMvcAutoConfigurationAdapter' via constructor to bean named 'org.springframework.beans.factory.support.DefaultListableBeanFactory@7e22550a'
2024-10-29 10:56:47,790 DEBUG [main][ConstructorResolver.java:807] - Autowiring by type from bean name 'org.springframework.boot.autoconfigure.web.servlet.WebMvcAutoConfiguration$WebMvcAutoConfigurationAdapter' via constructor to bean named 'org.springframework.beans.factory.support.DefaultListableBeanFactory@7e22550a'
2024-10-29 10:56:47,792 DEBUG [main][DefaultSingletonBeanRegistry.java:225] - Creating shared instance of singleton bean 'mvcContentNegotiationManager'
2024-10-29 10:56:47,792 DEBUG [main][DefaultSingletonBeanRegistry.java:225] - Creating shared instance of singleton bean 'mvcContentNegotiationManager'
2024-10-29 10:56:47,796 DEBUG [main][DefaultSingletonBeanRegistry.java:225] - Creating shared instance of singleton bean 'mvcConversionService'
2024-10-29 10:56:47,796 DEBUG [main][DefaultSingletonBeanRegistry.java:225] - Creating shared instance of singleton bean 'mvcConversionService'
2024-10-29 10:56:47,799 DEBUG [main][DefaultSingletonBeanRegistry.java:225] - Creating shared instance of singleton bean 'mvcResourceUrlProvider'
2024-10-29 10:56:47,799 DEBUG [main][DefaultSingletonBeanRegistry.java:225] - Creating shared instance of singleton bean 'mvcResourceUrlProvider'
2024-10-29 10:56:47,802 DEBUG [main][ConstructorResolver.java:807] - Autowiring by type from bean name 'requestMappingHandlerMapping' via factory method to bean named 'mvcContentNegotiationManager'
2024-10-29 10:56:47,802 DEBUG [main][ConstructorResolver.java:807] - Autowiring by type from bean name 'requestMappingHandlerMapping' via factory method to bean named 'mvcContentNegotiationManager'
2024-10-29 10:56:47,802 DEBUG [main][ConstructorResolver.java:807] - Autowiring by type from bean name 'requestMappingHandlerMapping' via factory method to bean named 'mvcConversionService'
2024-10-29 10:56:47,802 DEBUG [main][ConstructorResolver.java:807] - Autowiring by type from bean name 'requestMappingHandlerMapping' via factory method to bean named 'mvcConversionService'
2024-10-29 10:56:47,802 DEBUG [main][ConstructorResolver.java:807] - Autowiring by type from bean name 'requestMappingHandlerMapping' via factory method to bean named 'mvcResourceUrlProvider'
2024-10-29 10:56:47,802 DEBUG [main][ConstructorResolver.java:807] - Autowiring by type from bean name 'requestMappingHandlerMapping' via factory method to bean named 'mvcResourceUrlProvider'
2024-10-29 10:56:47,803 DEBUG [main][ConstructorResolver.java:807] - Autowiring by type from bean name 'requestMappingHandlerMapping' via factory method to bean named 'mvcContentNegotiationManager'
2024-10-29 10:56:47,803 DEBUG [main][ConstructorResolver.java:807] - Autowiring by type from bean name 'requestMappingHandlerMapping' via factory method to bean named 'mvcContentNegotiationManager'
2024-10-29 10:56:47,803 DEBUG [main][ConstructorResolver.java:807] - Autowiring by type from bean name 'requestMappingHandlerMapping' via factory method to bean named 'mvcConversionService'
2024-10-29 10:56:47,803 DEBUG [main][ConstructorResolver.java:807] - Autowiring by type from bean name 'requestMappingHandlerMapping' via factory method to bean named 'mvcConversionService'
2024-10-29 10:56:47,803 DEBUG [main][ConstructorResolver.java:807] - Autowiring by type from bean name 'requestMappingHandlerMapping' via factory method to bean named 'mvcResourceUrlProvider'
2024-10-29 10:56:47,803 DEBUG [main][ConstructorResolver.java:807] - Autowiring by type from bean name 'requestMappingHandlerMapping' via factory method to bean named 'mvcResourceUrlProvider'
2024-10-29 10:56:47,824 DEBUG [main][AbstractHandlerMethodMapping.java:351] - 6 mappings in 'requestMappingHandlerMapping'
2024-10-29 10:56:47,824 DEBUG [main][AbstractHandlerMethodMapping.java:351] - 6 mappings in 'requestMappingHandlerMapping'
2024-10-29 10:56:47,824 DEBUG [main][ConstructorResolver.java:807] - Autowiring by type from bean name 'webMvcRequestHandlerProvider' via constructor to bean named 'methodResolver'
2024-10-29 10:56:47,824 DEBUG [main][ConstructorResolver.java:807] - Autowiring by type from bean name 'webMvcRequestHandlerProvider' via constructor to bean named 'methodResolver'
2024-10-29 10:56:47,825 DEBUG [main][ConstructorResolver.java:807] - Autowiring by type from bean name 'webMvcRequestHandlerProvider' via constructor to bean named 'requestMappingHandlerMapping'
2024-10-29 10:56:47,825 DEBUG [main][ConstructorResolver.java:807] - Autowiring by type from bean name 'webMvcRequestHandlerProvider' via constructor to bean named 'requestMappingHandlerMapping'
2024-10-29 10:56:47,825 DEBUG [main][DefaultSingletonBeanRegistry.java:225] - Creating shared instance of singleton bean 'resourceGroupCache'
2024-10-29 10:56:47,825 DEBUG [main][DefaultSingletonBeanRegistry.java:225] - Creating shared instance of singleton bean 'resourceGroupCache'
2024-10-29 10:56:47,826 DEBUG [main][DefaultSingletonBeanRegistry.java:225] - Creating shared instance of singleton bean 'defaults'
2024-10-29 10:56:47,826 DEBUG [main][DefaultSingletonBeanRegistry.java:225] - Creating shared instance of singleton bean 'defaults'
2024-10-29 10:56:47,831 DEBUG [main][ConstructorResolver.java:807] - Autowiring by type from bean name 'documentationPluginsBootstrapper' via constructor to bean named 'documentationPluginsManager'
2024-10-29 10:56:47,831 DEBUG [main][ConstructorResolver.java:807] - Autowiring by type from bean name 'documentationPluginsBootstrapper' via constructor to bean named 'documentationPluginsManager'
2024-10-29 10:56:47,831 DEBUG [main][ConstructorResolver.java:807] - Autowiring by type from bean name 'documentationPluginsBootstrapper' via constructor to bean named 'webMvcRequestHandlerProvider'
2024-10-29 10:56:47,831 DEBUG [main][ConstructorResolver.java:807] - Autowiring by type from bean name 'documentationPluginsBootstrapper' via constructor to bean named 'webMvcRequestHandlerProvider'
2024-10-29 10:56:47,831 DEBUG [main][ConstructorResolver.java:807] - Autowiring by type from bean name 'documentationPluginsBootstrapper' via constructor to bean named 'resourceGroupCache'
2024-10-29 10:56:47,831 DEBUG [main][ConstructorResolver.java:807] - Autowiring by type from bean name 'documentationPluginsBootstrapper' via constructor to bean named 'resourceGroupCache'
2024-10-29 10:56:47,831 DEBUG [main][ConstructorResolver.java:807] - Autowiring by type from bean name 'documentationPluginsBootstrapper' via constructor to bean named 'apiDocumentationScanner'
2024-10-29 10:56:47,831 DEBUG [main][ConstructorResolver.java:807] - Autowiring by type from bean name 'documentationPluginsBootstrapper' via constructor to bean named 'apiDocumentationScanner'
2024-10-29 10:56:47,831 DEBUG [main][ConstructorResolver.java:807] - Autowiring by type from bean name 'documentationPluginsBootstrapper' via constructor to bean named 'typeResolver'
2024-10-29 10:56:47,831 DEBUG [main][ConstructorResolver.java:807] - Autowiring by type from bean name 'documentationPluginsBootstrapper' via constructor to bean named 'typeResolver'
2024-10-29 10:56:47,831 DEBUG [main][ConstructorResolver.java:807] - Autowiring by type from bean name 'documentationPluginsBootstrapper' via constructor to bean named 'defaults'
2024-10-29 10:56:47,831 DEBUG [main][ConstructorResolver.java:807] - Autowiring by type from bean name 'documentationPluginsBootstrapper' via constructor to bean named 'defaults'
2024-10-29 10:56:47,831 DEBUG [main][ConstructorResolver.java:807] - Autowiring by type from bean name 'documentationPluginsBootstrapper' via constructor to bean named 'servletContext'
2024-10-29 10:56:47,831 DEBUG [main][ConstructorResolver.java:807] - Autowiring by type from bean name 'documentationPluginsBootstrapper' via constructor to bean named 'servletContext'
2024-10-29 10:56:47,831 DEBUG [main][ConstructorResolver.java:807] - Autowiring by type from bean name 'documentationPluginsBootstrapper' via constructor to bean named 'environment'
2024-10-29 10:56:47,831 DEBUG [main][ConstructorResolver.java:807] - Autowiring by type from bean name 'documentationPluginsBootstrapper' via constructor to bean named 'environment'
2024-10-29 10:56:47,833 DEBUG [main][DefaultSingletonBeanRegistry.java:225] - Creating shared instance of singleton bean 'queryStringUriTemplateDecorator'
2024-10-29 10:56:47,833 DEBUG [main][DefaultSingletonBeanRegistry.java:225] - Creating shared instance of singleton bean 'queryStringUriTemplateDecorator'
2024-10-29 10:56:47,834 DEBUG [main][DefaultSingletonBeanRegistry.java:225] - Creating shared instance of singleton bean 'pathMappingDecorator'
2024-10-29 10:56:47,834 DEBUG [main][DefaultSingletonBeanRegistry.java:225] - Creating shared instance of singleton bean 'pathMappingDecorator'
2024-10-29 10:56:47,834 DEBUG [main][DefaultSingletonBeanRegistry.java:225] - Creating shared instance of singleton bean 'pathSanitizer'
2024-10-29 10:56:47,834 DEBUG [main][DefaultSingletonBeanRegistry.java:225] - Creating shared instance of singleton bean 'pathSanitizer'
2024-10-29 10:56:47,834 DEBUG [main][DefaultSingletonBeanRegistry.java:225] - Creating shared instance of singleton bean 'operationPathDecorator'
2024-10-29 10:56:47,834 DEBUG [main][DefaultSingletonBeanRegistry.java:225] - Creating shared instance of singleton bean 'operationPathDecorator'
2024-10-29 10:56:47,834 DEBUG [main][DefaultSingletonBeanRegistry.java:225] - Creating shared instance of singleton bean 'propertyDiscriminatorBasedInheritancePlugin'
2024-10-29 10:56:47,834 DEBUG [main][DefaultSingletonBeanRegistry.java:225] - Creating shared instance of singleton bean 'propertyDiscriminatorBasedInheritancePlugin'
2024-10-29 10:56:47,834 DEBUG [main][ConstructorResolver.java:807] - Autowiring by type from bean name 'propertyDiscriminatorBasedInheritancePlugin' via constructor to bean named 'typeResolver'
2024-10-29 10:56:47,834 DEBUG [main][ConstructorResolver.java:807] - Autowiring by type from bean name 'propertyDiscriminatorBasedInheritancePlugin' via constructor to bean named 'typeResolver'
2024-10-29 10:56:47,834 DEBUG [main][ConstructorResolver.java:807] - Autowiring by type from bean name 'propertyDiscriminatorBasedInheritancePlugin' via constructor to bean named 'typeNameExtractor'
2024-10-29 10:56:47,834 DEBUG [main][ConstructorResolver.java:807] - Autowiring by type from bean name 'propertyDiscriminatorBasedInheritancePlugin' via constructor to bean named 'typeNameExtractor'
2024-10-29 10:56:47,835 DEBUG [main][DefaultSingletonBeanRegistry.java:225] - Creating shared instance of singleton bean 'xmlModelPlugin'
2024-10-29 10:56:47,835 DEBUG [main][DefaultSingletonBeanRegistry.java:225] - Creating shared instance of singleton bean 'xmlModelPlugin'
2024-10-29 10:56:47,835 DEBUG [main][ConstructorResolver.java:807] - Autowiring by type from bean name 'xmlModelPlugin' via constructor to bean named 'typeResolver'
2024-10-29 10:56:47,835 DEBUG [main][ConstructorResolver.java:807] - Autowiring by type from bean name 'xmlModelPlugin' via constructor to bean named 'typeResolver'
2024-10-29 10:56:47,836 DEBUG [main][DefaultSingletonBeanRegistry.java:225] - Creating shared instance of singleton bean 'xmlPropertyPlugin'
2024-10-29 10:56:47,836 DEBUG [main][DefaultSingletonBeanRegistry.java:225] - Creating shared instance of singleton bean 'xmlPropertyPlugin'
2024-10-29 10:56:47,836 DEBUG [main][DefaultSingletonBeanRegistry.java:225] - Creating shared instance of singleton bean 'apiModelPropertyPropertyBuilder'
2024-10-29 10:56:47,836 DEBUG [main][DefaultSingletonBeanRegistry.java:225] - Creating shared instance of singleton bean 'apiModelPropertyPropertyBuilder'
2024-10-29 10:56:47,836 DEBUG [main][ConstructorResolver.java:807] - Autowiring by type from bean name 'apiModelPropertyPropertyBuilder' via constructor to bean named 'descriptionResolver'
2024-10-29 10:56:47,836 DEBUG [main][ConstructorResolver.java:807] - Autowiring by type from bean name 'apiModelPropertyPropertyBuilder' via constructor to bean named 'descriptionResolver'
2024-10-29 10:56:47,836 DEBUG [main][DefaultSingletonBeanRegistry.java:225] - Creating shared instance of singleton bean 'apiModelTypeNameProvider'
2024-10-29 10:56:47,836 DEBUG [main][DefaultSingletonBeanRegistry.java:225] - Creating shared instance of singleton bean 'apiModelTypeNameProvider'
2024-10-29 10:56:47,837 DEBUG [main][DefaultSingletonBeanRegistry.java:225] - Creating shared instance of singleton bean 'apiModelBuilder'
2024-10-29 10:56:47,837 DEBUG [main][DefaultSingletonBeanRegistry.java:225] - Creating shared instance of singleton bean 'apiModelBuilder'
2024-10-29 10:56:47,837 DEBUG [main][ConstructorResolver.java:807] - Autowiring by type from bean name 'apiModelBuilder' via constructor to bean named 'typeResolver'
2024-10-29 10:56:47,837 DEBUG [main][ConstructorResolver.java:807] - Autowiring by type from bean name 'apiModelBuilder' via constructor to bean named 'typeResolver'
2024-10-29 10:56:47,837 DEBUG [main][ConstructorResolver.java:807] - Autowiring by type from bean name 'apiModelBuilder' via constructor to bean named 'typeNameExtractor'
2024-10-29 10:56:47,837 DEBUG [main][ConstructorResolver.java:807] - Autowiring by type from bean name 'apiModelBuilder' via constructor to bean named 'typeNameExtractor'
2024-10-29 10:56:47,837 DEBUG [main][DefaultSingletonBeanRegistry.java:225] - Creating shared instance of singleton bean 'operationImplicitParameterReader'
2024-10-29 10:56:47,837 DEBUG [main][DefaultSingletonBeanRegistry.java:225] - Creating shared instance of singleton bean 'operationImplicitParameterReader'
2024-10-29 10:56:47,838 DEBUG [main][ConstructorResolver.java:807] - Autowiring by type from bean name 'operationImplicitParameterReader' via constructor to bean named 'descriptionResolver'
2024-10-29 10:56:47,838 DEBUG [main][ConstructorResolver.java:807] - Autowiring by type from bean name 'operationImplicitParameterReader' via constructor to bean named 'descriptionResolver'
2024-10-29 10:56:47,838 DEBUG [main][DefaultSingletonBeanRegistry.java:225] - Creating shared instance of singleton bean 'vendorExtensionsReader'
2024-10-29 10:56:47,838 DEBUG [main][DefaultSingletonBeanRegistry.java:225] - Creating shared instance of singleton bean 'vendorExtensionsReader'
2024-10-29 10:56:47,839 DEBUG [main][DefaultSingletonBeanRegistry.java:225] - Creating shared instance of singleton bean 'swaggerOperationResponseClassReader'
2024-10-29 10:56:47,839 DEBUG [main][DefaultSingletonBeanRegistry.java:225] - Creating shared instance of singleton bean 'swaggerOperationResponseClassReader'
2024-10-29 10:56:47,839 DEBUG [main][ConstructorResolver.java:807] - Autowiring by type from bean name 'swaggerOperationResponseClassReader' via constructor to bean named 'typeResolver'
2024-10-29 10:56:47,839 DEBUG [main][ConstructorResolver.java:807] - Autowiring by type from bean name 'swaggerOperationResponseClassReader' via constructor to bean named 'typeResolver'
2024-10-29 10:56:47,839 DEBUG [main][ConstructorResolver.java:807] - Autowiring by type from bean name 'swaggerOperationResponseClassReader' via constructor to bean named 'typeNameExtractor'
2024-10-29 10:56:47,839 DEBUG [main][ConstructorResolver.java:807] - Autowiring by type from bean name 'swaggerOperationResponseClassReader' via constructor to bean named 'typeNameExtractor'
2024-10-29 10:56:47,839 DEBUG [main][DefaultSingletonBeanRegistry.java:225] - Creating shared instance of singleton bean 'swaggerOperationModelsProvider'
2024-10-29 10:56:47,839 DEBUG [main][DefaultSingletonBeanRegistry.java:225] - Creating shared instance of singleton bean 'swaggerOperationModelsProvider'
2024-10-29 10:56:47,840 DEBUG [main][ConstructorResolver.java:807] - Autowiring by type from bean name 'swaggerOperationModelsProvider' via constructor to bean named 'typeResolver'
2024-10-29 10:56:47,840 DEBUG [main][ConstructorResolver.java:807] - Autowiring by type from bean name 'swaggerOperationModelsProvider' via constructor to bean named 'typeResolver'
2024-10-29 10:56:47,840 DEBUG [main][DefaultSingletonBeanRegistry.java:225] - Creating shared instance of singleton bean 'swaggerMediaTypeReader'
2024-10-29 10:56:47,840 DEBUG [main][DefaultSingletonBeanRegistry.java:225] - Creating shared instance of singleton bean 'swaggerMediaTypeReader'
2024-10-29 10:56:47,840 DEBUG [main][DefaultSingletonBeanRegistry.java:225] - Creating shared instance of singleton bean 'operationHttpMethodReader'
2024-10-29 10:56:47,840 DEBUG [main][DefaultSingletonBeanRegistry.java:225] - Creating shared instance of singleton bean 'operationHttpMethodReader'
2024-10-29 10:56:47,840 DEBUG [main][DefaultSingletonBeanRegistry.java:225] - Creating shared instance of singleton bean 'operationImplicitParametersReader'
2024-10-29 10:56:47,840 DEBUG [main][DefaultSingletonBeanRegistry.java:225] - Creating shared instance of singleton bean 'operationImplicitParametersReader'
2024-10-29 10:56:47,841 DEBUG [main][ConstructorResolver.java:807] - Autowiring by type from bean name 'operationImplicitParametersReader' via constructor to bean named 'descriptionResolver'
2024-10-29 10:56:47,841 DEBUG [main][ConstructorResolver.java:807] - Autowiring by type from bean name 'operationImplicitParametersReader' via constructor to bean named 'descriptionResolver'
2024-10-29 10:56:47,841 DEBUG [main][DefaultSingletonBeanRegistry.java:225] - Creating shared instance of singleton bean 'operationAuthReader'
2024-10-29 10:56:47,841 DEBUG [main][DefaultSingletonBeanRegistry.java:225] - Creating shared instance of singleton bean 'operationAuthReader'
2024-10-29 10:56:47,841 DEBUG [main][DefaultSingletonBeanRegistry.java:225] - Creating shared instance of singleton bean 'operationHiddenReader'
2024-10-29 10:56:47,841 DEBUG [main][DefaultSingletonBeanRegistry.java:225] - Creating shared instance of singleton bean 'operationHiddenReader'
2024-10-29 10:56:47,841 DEBUG [main][DefaultSingletonBeanRegistry.java:225] - Creating shared instance of singleton bean 'operationSummaryReader'
2024-10-29 10:56:47,841 DEBUG [main][DefaultSingletonBeanRegistry.java:225] - Creating shared instance of singleton bean 'operationSummaryReader'
2024-10-29 10:56:47,841 DEBUG [main][ConstructorResolver.java:807] - Autowiring by type from bean name 'operationSummaryReader' via constructor to bean named 'descriptionResolver'
2024-10-29 10:56:47,841 DEBUG [main][ConstructorResolver.java:807] - Autowiring by type from bean name 'operationSummaryReader' via constructor to bean named 'descriptionResolver'
2024-10-29 10:56:47,842 DEBUG [main][DefaultSingletonBeanRegistry.java:225] - Creating shared instance of singleton bean 'swaggerResponseMessageReader'
2024-10-29 10:56:47,842 DEBUG [main][DefaultSingletonBeanRegistry.java:225] - Creating shared instance of singleton bean 'swaggerResponseMessageReader'
2024-10-29 10:56:47,842 DEBUG [main][ConstructorResolver.java:807] - Autowiring by type from bean name 'swaggerResponseMessageReader' via constructor to bean named 'typeNameExtractor'
2024-10-29 10:56:47,842 DEBUG [main][ConstructorResolver.java:807] - Autowiring by type from bean name 'swaggerResponseMessageReader' via constructor to bean named 'typeNameExtractor'
2024-10-29 10:56:47,842 DEBUG [main][ConstructorResolver.java:807] - Autowiring by type from bean name 'swaggerResponseMessageReader' via constructor to bean named 'typeResolver'
2024-10-29 10:56:47,842 DEBUG [main][ConstructorResolver.java:807] - Autowiring by type from bean name 'swaggerResponseMessageReader' via constructor to bean named 'typeResolver'
2024-10-29 10:56:47,842 DEBUG [main][DefaultSingletonBeanRegistry.java:225] - Creating shared instance of singleton bean 'operationNicknameIntoUniqueIdReader'
2024-10-29 10:56:47,842 DEBUG [main][DefaultSingletonBeanRegistry.java:225] - Creating shared instance of singleton bean 'operationNicknameIntoUniqueIdReader'
2024-10-29 10:56:47,842 DEBUG [main][DefaultSingletonBeanRegistry.java:225] - Creating shared instance of singleton bean 'operationPositionReader'
2024-10-29 10:56:47,842 DEBUG [main][DefaultSingletonBeanRegistry.java:225] - Creating shared instance of singleton bean 'operationPositionReader'
2024-10-29 10:56:47,843 DEBUG [main][DefaultSingletonBeanRegistry.java:225] - Creating shared instance of singleton bean 'operationNotesReader'
2024-10-29 10:56:47,843 DEBUG [main][DefaultSingletonBeanRegistry.java:225] - Creating shared instance of singleton bean 'operationNotesReader'
2024-10-29 10:56:47,843 DEBUG [main][ConstructorResolver.java:807] - Autowiring by type from bean name 'operationNotesReader' via constructor to bean named 'descriptionResolver'
2024-10-29 10:56:47,843 DEBUG [main][ConstructorResolver.java:807] - Autowiring by type from bean name 'operationNotesReader' via constructor to bean named 'descriptionResolver'
2024-10-29 10:56:47,843 DEBUG [main][DefaultSingletonBeanRegistry.java:225] - Creating shared instance of singleton bean 'swaggerOperationTagsReader'
2024-10-29 10:56:47,843 DEBUG [main][DefaultSingletonBeanRegistry.java:225] - Creating shared instance of singleton bean 'swaggerOperationTagsReader'
2024-10-29 10:56:47,843 DEBUG [main][ConstructorResolver.java:807] - Autowiring by type from bean name 'swaggerOperationTagsReader' via constructor to bean named 'defaultTagsProvider'
2024-10-29 10:56:47,843 DEBUG [main][ConstructorResolver.java:807] - Autowiring by type from bean name 'swaggerOperationTagsReader' via constructor to bean named 'defaultTagsProvider'
2024-10-29 10:56:47,843 DEBUG [main][DefaultSingletonBeanRegistry.java:225] - Creating shared instance of singleton bean 'swaggerParameterDescriptionReader'
2024-10-29 10:56:47,843 DEBUG [main][DefaultSingletonBeanRegistry.java:225] - Creating shared instance of singleton bean 'swaggerParameterDescriptionReader'
2024-10-29 10:56:47,844 DEBUG [main][ConstructorResolver.java:807] - Autowiring by type from bean name 'swaggerParameterDescriptionReader' via constructor to bean named 'descriptionResolver'
2024-10-29 10:56:47,844 DEBUG [main][ConstructorResolver.java:807] - Autowiring by type from bean name 'swaggerParameterDescriptionReader' via constructor to bean named 'descriptionResolver'
2024-10-29 10:56:47,844 DEBUG [main][ConstructorResolver.java:807] - Autowiring by type from bean name 'swaggerParameterDescriptionReader' via constructor to bean named 'jacksonEnumTypeDeterminer'
2024-10-29 10:56:47,844 DEBUG [main][ConstructorResolver.java:807] - Autowiring by type from bean name 'swaggerParameterDescriptionReader' via constructor to bean named 'jacksonEnumTypeDeterminer'
2024-10-29 10:56:47,844 DEBUG [main][DefaultSingletonBeanRegistry.java:225] - Creating shared instance of singleton bean 'swaggerExpandedParameterBuilder'
2024-10-29 10:56:47,844 DEBUG [main][DefaultSingletonBeanRegistry.java:225] - Creating shared instance of singleton bean 'swaggerExpandedParameterBuilder'
2024-10-29 10:56:47,845 DEBUG [main][ConstructorResolver.java:807] - Autowiring by type from bean name 'swaggerExpandedParameterBuilder' via constructor to bean named 'descriptionResolver'
2024-10-29 10:56:47,845 DEBUG [main][ConstructorResolver.java:807] - Autowiring by type from bean name 'swaggerExpandedParameterBuilder' via constructor to bean named 'descriptionResolver'
2024-10-29 10:56:47,845 DEBUG [main][ConstructorResolver.java:807] - Autowiring by type from bean name 'swaggerExpandedParameterBuilder' via constructor to bean named 'jacksonEnumTypeDeterminer'
2024-10-29 10:56:47,845 DEBUG [main][ConstructorResolver.java:807] - Autowiring by type from bean name 'swaggerExpandedParameterBuilder' via constructor to bean named 'jacksonEnumTypeDeterminer'
2024-10-29 10:56:47,845 DEBUG [main][DefaultSingletonBeanRegistry.java:225] - Creating shared instance of singleton bean 'swaggerApiListingReader'
2024-10-29 10:56:47,845 DEBUG [main][DefaultSingletonBeanRegistry.java:225] - Creating shared instance of singleton bean 'swaggerApiListingReader'
2024-10-29 10:56:47,846 DEBUG [main][DefaultSingletonBeanRegistry.java:225] - Creating shared instance of singleton bean 'classOrApiAnnotationResourceGrouping'
2024-10-29 10:56:47,846 DEBUG [main][DefaultSingletonBeanRegistry.java:225] - Creating shared instance of singleton bean 'classOrApiAnnotationResourceGrouping'
2024-10-29 10:56:47,846 DEBUG [main][DefaultSingletonBeanRegistry.java:225] - Creating shared instance of singleton bean 'inMemorySwaggerResourcesProvider'
2024-10-29 10:56:47,846 DEBUG [main][DefaultSingletonBeanRegistry.java:225] - Creating shared instance of singleton bean 'inMemorySwaggerResourcesProvider'
2024-10-29 10:56:47,847 DEBUG [main][ConstructorResolver.java:807] - Autowiring by type from bean name 'inMemorySwaggerResourcesProvider' via constructor to bean named 'environment'
2024-10-29 10:56:47,847 DEBUG [main][ConstructorResolver.java:807] - Autowiring by type from bean name 'inMemorySwaggerResourcesProvider' via constructor to bean named 'environment'
2024-10-29 10:56:47,847 DEBUG [main][ConstructorResolver.java:807] - Autowiring by type from bean name 'inMemorySwaggerResourcesProvider' via constructor to bean named 'resourceGroupCache'
2024-10-29 10:56:47,847 DEBUG [main][ConstructorResolver.java:807] - Autowiring by type from bean name 'inMemorySwaggerResourcesProvider' via constructor to bean named 'resourceGroupCache'
2024-10-29 10:56:47,848 DEBUG [main][DefaultSingletonBeanRegistry.java:225] - Creating shared instance of singleton bean 'apiResourceController'
2024-10-29 10:56:47,848 DEBUG [main][DefaultSingletonBeanRegistry.java:225] - Creating shared instance of singleton bean 'apiResourceController'
2024-10-29 10:56:47,848 DEBUG [main][ConstructorResolver.java:807] - Autowiring by type from bean name 'apiResourceController' via constructor to bean named 'inMemorySwaggerResourcesProvider'
2024-10-29 10:56:47,848 DEBUG [main][ConstructorResolver.java:807] - Autowiring by type from bean name 'apiResourceController' via constructor to bean named 'inMemorySwaggerResourcesProvider'
2024-10-29 10:56:47,849 DEBUG [main][DefaultSingletonBeanRegistry.java:225] - Creating shared instance of singleton bean 'uiConfiguration'
2024-10-29 10:56:47,849 DEBUG [main][DefaultSingletonBeanRegistry.java:225] - Creating shared instance of singleton bean 'com.spring4all.swagger.SwaggerAutoConfiguration'
2024-10-29 10:56:47,849 DEBUG [main][DefaultSingletonBeanRegistry.java:225] - Creating shared instance of singleton bean 'uiConfiguration'
2024-10-29 10:56:47,849 DEBUG [main][DefaultSingletonBeanRegistry.java:225] - Creating shared instance of singleton bean 'com.spring4all.swagger.SwaggerAutoConfiguration'
2024-10-29 10:56:47,852 DEBUG [main][DefaultSingletonBeanRegistry.java:225] - Creating shared instance of singleton bean 'swaggerProperties'
2024-10-29 10:56:47,852 DEBUG [main][DefaultSingletonBeanRegistry.java:225] - Creating shared instance of singleton bean 'swaggerProperties'
2024-10-29 10:56:47,857 DEBUG [main][ConstructorResolver.java:807] - Autowiring by type from bean name 'uiConfiguration' via factory method to bean named 'swaggerProperties'
2024-10-29 10:56:47,857 DEBUG [main][ConstructorResolver.java:807] - Autowiring by type from bean name 'uiConfiguration' via factory method to bean named 'swaggerProperties'
2024-10-29 10:56:47,859 DEBUG [main][DefaultSingletonBeanRegistry.java:225] - Creating shared instance of singleton bean 'jsonSerializer'
2024-10-29 10:56:47,859 DEBUG [main][DefaultSingletonBeanRegistry.java:225] - Creating shared instance of singleton bean 'jsonSerializer'
2024-10-29 10:56:47,860 DEBUG [main][DefaultSingletonBeanRegistry.java:225] - Creating shared instance of singleton bean 'swagger2Module'
2024-10-29 10:56:47,860 DEBUG [main][DefaultSingletonBeanRegistry.java:225] - Creating shared instance of singleton bean 'swagger2Module'
2024-10-29 10:56:47,860 DEBUG [main][DefaultSingletonBeanRegistry.java:225] - Creating shared instance of singleton bean 'springfox.documentation.swagger2.configuration.Swagger2DocumentationConfiguration'
2024-10-29 10:56:47,860 DEBUG [main][DefaultSingletonBeanRegistry.java:225] - Creating shared instance of singleton bean 'springfox.documentation.swagger2.configuration.Swagger2DocumentationConfiguration'
2024-10-29 10:56:47,863 DEBUG [main][ConstructorResolver.java:807] - Autowiring by type from bean name 'jsonSerializer' via factory method to bean named 'swagger2Module'
2024-10-29 10:56:47,863 DEBUG [main][ConstructorResolver.java:807] - Autowiring by type from bean name 'jsonSerializer' via factory method to bean named 'swagger2Module'
2024-10-29 10:56:47,864 DEBUG [main][DefaultSingletonBeanRegistry.java:225] - Creating shared instance of singleton bean 'springfox.documentation.swagger.configuration.SwaggerCommonConfiguration'
2024-10-29 10:56:47,864 DEBUG [main][DefaultSingletonBeanRegistry.java:225] - Creating shared instance of singleton bean 'springfox.documentation.swagger.configuration.SwaggerCommonConfiguration'
2024-10-29 10:56:47,865 DEBUG [main][DefaultSingletonBeanRegistry.java:225] - Creating shared instance of singleton bean 'swagger2ControllerMapping'
2024-10-29 10:56:47,865 DEBUG [main][DefaultSingletonBeanRegistry.java:225] - Creating shared instance of singleton bean 'swagger2ControllerMapping'
2024-10-29 10:56:47,866 DEBUG [main][ConstructorResolver.java:807] - Autowiring by type from bean name 'swagger2ControllerMapping' via factory method to bean named 'environment'
2024-10-29 10:56:47,866 DEBUG [main][ConstructorResolver.java:807] - Autowiring by type from bean name 'swagger2ControllerMapping' via factory method to bean named 'environment'
2024-10-29 10:56:47,866 DEBUG [main][ConstructorResolver.java:807] - Autowiring by type from bean name 'swagger2ControllerMapping' via factory method to bean named 'resourceGroupCache'
2024-10-29 10:56:47,866 DEBUG [main][ConstructorResolver.java:807] - Autowiring by type from bean name 'swagger2ControllerMapping' via factory method to bean named 'resourceGroupCache'
2024-10-29 10:56:47,866 DEBUG [main][ConstructorResolver.java:807] - Autowiring by type from bean name 'swagger2ControllerMapping' via factory method to bean named 'serviceModelToSwagger2MapperImpl'
2024-10-29 10:56:47,866 DEBUG [main][ConstructorResolver.java:807] - Autowiring by type from bean name 'swagger2ControllerMapping' via factory method to bean named 'serviceModelToSwagger2MapperImpl'
2024-10-29 10:56:47,866 DEBUG [main][ConstructorResolver.java:807] - Autowiring by type from bean name 'swagger2ControllerMapping' via factory method to bean named 'jsonSerializer'
2024-10-29 10:56:47,866 DEBUG [main][ConstructorResolver.java:807] - Autowiring by type from bean name 'swagger2ControllerMapping' via factory method to bean named 'jsonSerializer'
2024-10-29 10:56:47,869 INFO [main][PropertySourcedRequestMappingHandlerMapping.java:69] - Mapped URL path [/v2/api-docs] onto method [springfox.documentation.swagger2.web.Swagger2Controller#getDocumentation(String, HttpServletRequest)]
2024-10-29 10:56:47,869 INFO [main][PropertySourcedRequestMappingHandlerMapping.java:69] - Mapped URL path [/v2/api-docs] onto method [springfox.documentation.swagger2.web.Swagger2Controller#getDocumentation(String, HttpServletRequest)]
2024-10-29 10:56:47,869 DEBUG [main][DefaultSingletonBeanRegistry.java:225] - Creating shared instance of singleton bean 'springfox.bean.validators.configuration.BeanValidatorPluginsConfiguration'
2024-10-29 10:56:47,869 DEBUG [main][DefaultSingletonBeanRegistry.java:225] - Creating shared instance of singleton bean 'springfox.bean.validators.configuration.BeanValidatorPluginsConfiguration'
2024-10-29 10:56:47,869 DEBUG [main][DefaultSingletonBeanRegistry.java:225] - Creating shared instance of singleton bean 'expanderMinMax'
2024-10-29 10:56:47,869 DEBUG [main][DefaultSingletonBeanRegistry.java:225] - Creating shared instance of singleton bean 'expanderMinMax'
2024-10-29 10:56:47,872 DEBUG [main][DefaultSingletonBeanRegistry.java:225] - Creating shared instance of singleton bean 'expanderNotNull'
2024-10-29 10:56:47,872 DEBUG [main][DefaultSingletonBeanRegistry.java:225] - Creating shared instance of singleton bean 'expanderNotNull'
2024-10-29 10:56:47,872 DEBUG [main][DefaultSingletonBeanRegistry.java:225] - Creating shared instance of singleton bean 'expanderPattern'
2024-10-29 10:56:47,872 DEBUG [main][DefaultSingletonBeanRegistry.java:225] - Creating shared instance of singleton bean 'expanderPattern'
2024-10-29 10:56:47,872 DEBUG [main][DefaultSingletonBeanRegistry.java:225] - Creating shared instance of singleton bean 'expanderSize'
2024-10-29 10:56:47,872 DEBUG [main][DefaultSingletonBeanRegistry.java:225] - Creating shared instance of singleton bean 'expanderSize'
2024-10-29 10:56:47,872 DEBUG [main][DefaultSingletonBeanRegistry.java:225] - Creating shared instance of singleton bean 'parameterMinMax'
2024-10-29 10:56:47,872 DEBUG [main][DefaultSingletonBeanRegistry.java:225] - Creating shared instance of singleton bean 'parameterMinMax'
2024-10-29 10:56:47,873 DEBUG [main][DefaultSingletonBeanRegistry.java:225] - Creating shared instance of singleton bean 'parameterNotNull'
2024-10-29 10:56:47,873 DEBUG [main][DefaultSingletonBeanRegistry.java:225] - Creating shared instance of singleton bean 'parameterNotNull'
2024-10-29 10:56:47,873 DEBUG [main][DefaultSingletonBeanRegistry.java:225] - Creating shared instance of singleton bean 'parameterPattern'
2024-10-29 10:56:47,873 DEBUG [main][DefaultSingletonBeanRegistry.java:225] - Creating shared instance of singleton bean 'parameterPattern'
2024-10-29 10:56:47,873 DEBUG [main][DefaultSingletonBeanRegistry.java:225] - Creating shared instance of singleton bean 'parameterSize'
2024-10-29 10:56:47,873 DEBUG [main][DefaultSingletonBeanRegistry.java:225] - Creating shared instance of singleton bean 'parameterSize'
2024-10-29 10:56:47,873 DEBUG [main][DefaultSingletonBeanRegistry.java:225] - Creating shared instance of singleton bean 'minMaxPlugin'
2024-10-29 10:56:47,873 DEBUG [main][DefaultSingletonBeanRegistry.java:225] - Creating shared instance of singleton bean 'minMaxPlugin'
2024-10-29 10:56:47,874 DEBUG [main][DefaultSingletonBeanRegistry.java:225] - Creating shared instance of singleton bean 'decimalMinMaxPlugin'
2024-10-29 10:56:47,874 DEBUG [main][DefaultSingletonBeanRegistry.java:225] - Creating shared instance of singleton bean 'decimalMinMaxPlugin'
2024-10-29 10:56:47,874 DEBUG [main][DefaultSingletonBeanRegistry.java:225] - Creating shared instance of singleton bean 'sizePlugin'
2024-10-29 10:56:47,874 DEBUG [main][DefaultSingletonBeanRegistry.java:225] - Creating shared instance of singleton bean 'sizePlugin'
2024-10-29 10:56:47,874 DEBUG [main][DefaultSingletonBeanRegistry.java:225] - Creating shared instance of singleton bean 'notNullPlugin'
2024-10-29 10:56:47,874 DEBUG [main][DefaultSingletonBeanRegistry.java:225] - Creating shared instance of singleton bean 'notNullPlugin'
2024-10-29 10:56:47,874 DEBUG [main][DefaultSingletonBeanRegistry.java:225] - Creating shared instance of singleton bean 'patternPlugin'
2024-10-29 10:56:47,874 DEBUG [main][DefaultSingletonBeanRegistry.java:225] - Creating shared instance of singleton bean 'patternPlugin'
2024-10-29 10:56:47,874 DEBUG [main][DefaultSingletonBeanRegistry.java:225] - Creating shared instance of singleton bean 'com.spring4all.swagger.Swagger2Configuration'
2024-10-29 10:56:47,874 DEBUG [main][DefaultSingletonBeanRegistry.java:225] - Creating shared instance of singleton bean 'com.spring4all.swagger.Swagger2Configuration'
2024-10-29 10:56:47,874 DEBUG [main][DefaultSingletonBeanRegistry.java:225] - Creating shared instance of singleton bean 'createRestApi'
2024-10-29 10:56:47,874 DEBUG [main][DefaultSingletonBeanRegistry.java:225] - Creating shared instance of singleton bean 'createRestApi'
2024-10-29 10:56:47,875 DEBUG [main][ConstructorResolver.java:807] - Autowiring by type from bean name 'createRestApi' via factory method to bean named 'swaggerProperties'
2024-10-29 10:56:47,875 DEBUG [main][ConstructorResolver.java:807] - Autowiring by type from bean name 'createRestApi' via factory method to bean named 'swaggerProperties'
2024-10-29 10:56:47,883 DEBUG [main][DefaultSingletonBeanRegistry.java:225] - Creating shared instance of singleton bean 'org.springframework.boot.autoconfigure.AutoConfigurationPackages'
2024-10-29 10:56:47,883 DEBUG [main][DefaultSingletonBeanRegistry.java:225] - Creating shared instance of singleton bean 'org.springframework.boot.autoconfigure.AutoConfigurationPackages'
2024-10-29 10:56:47,884 DEBUG [main][DefaultSingletonBeanRegistry.java:225] - Creating shared instance of singleton bean 'org.springframework.boot.autoconfigure.context.PropertyPlaceholderAutoConfiguration'
2024-10-29 10:56:47,884 DEBUG [main][DefaultSingletonBeanRegistry.java:225] - Creating shared instance of singleton bean 'org.springframework.boot.autoconfigure.context.PropertyPlaceholderAutoConfiguration'
2024-10-29 10:56:47,884 DEBUG [main][DefaultSingletonBeanRegistry.java:225] - Creating shared instance of singleton bean 'org.springframework.boot.autoconfigure.websocket.servlet.WebSocketServletAutoConfiguration'
2024-10-29 10:56:47,884 DEBUG [main][DefaultSingletonBeanRegistry.java:225] - Creating shared instance of singleton bean 'org.springframework.boot.autoconfigure.websocket.servlet.WebSocketServletAutoConfiguration'
2024-10-29 10:56:47,884 DEBUG [main][DefaultSingletonBeanRegistry.java:225] - Creating shared instance of singleton bean 'org.springframework.boot.context.properties.ConfigurationBeanFactoryMetadata'
2024-10-29 10:56:47,884 DEBUG [main][DefaultSingletonBeanRegistry.java:225] - Creating shared instance of singleton bean 'org.springframework.boot.context.properties.ConfigurationBeanFactoryMetadata'
2024-10-29 10:56:47,884 DEBUG [main][DefaultSingletonBeanRegistry.java:225] - Creating shared instance of singleton bean 'org.springframework.boot.autoconfigure.web.servlet.DispatcherServletAutoConfiguration'
2024-10-29 10:56:47,884 DEBUG [main][DefaultSingletonBeanRegistry.java:225] - Creating shared instance of singleton bean 'org.springframework.boot.autoconfigure.web.servlet.DispatcherServletAutoConfiguration'
2024-10-29 10:56:47,884 DEBUG [main][DefaultSingletonBeanRegistry.java:225] - Creating shared instance of singleton bean 'org.springframework.boot.autoconfigure.task.TaskExecutionAutoConfiguration'
2024-10-29 10:56:47,884 DEBUG [main][DefaultSingletonBeanRegistry.java:225] - Creating shared instance of singleton bean 'org.springframework.boot.autoconfigure.task.TaskExecutionAutoConfiguration'
2024-10-29 10:56:47,884 DEBUG [main][DefaultSingletonBeanRegistry.java:225] - Creating shared instance of singleton bean 'taskExecutorBuilder'
2024-10-29 10:56:47,884 DEBUG [main][DefaultSingletonBeanRegistry.java:225] - Creating shared instance of singleton bean 'taskExecutorBuilder'
2024-10-29 10:56:47,885 DEBUG [main][DefaultSingletonBeanRegistry.java:225] - Creating shared instance of singleton bean 'spring.task.execution-org.springframework.boot.autoconfigure.task.TaskExecutionProperties'
2024-10-29 10:56:47,885 DEBUG [main][DefaultSingletonBeanRegistry.java:225] - Creating shared instance of singleton bean 'spring.task.execution-org.springframework.boot.autoconfigure.task.TaskExecutionProperties'
2024-10-29 10:56:47,886 DEBUG [main][ConstructorResolver.java:807] - Autowiring by type from bean name 'taskExecutorBuilder' via factory method to bean named 'spring.task.execution-org.springframework.boot.autoconfigure.task.TaskExecutionProperties'
2024-10-29 10:56:47,886 DEBUG [main][ConstructorResolver.java:807] - Autowiring by type from bean name 'taskExecutorBuilder' via factory method to bean named 'spring.task.execution-org.springframework.boot.autoconfigure.task.TaskExecutionProperties'
2024-10-29 10:56:47,888 DEBUG [main][DefaultSingletonBeanRegistry.java:225] - Creating shared instance of singleton bean 'org.springframework.boot.autoconfigure.validation.ValidationAutoConfiguration'
2024-10-29 10:56:47,888 DEBUG [main][DefaultSingletonBeanRegistry.java:225] - Creating shared instance of singleton bean 'org.springframework.boot.autoconfigure.validation.ValidationAutoConfiguration'
2024-10-29 10:56:47,888 DEBUG [main][DefaultSingletonBeanRegistry.java:225] - Creating shared instance of singleton bean 'defaultValidator'
2024-10-29 10:56:47,888 DEBUG [main][DefaultSingletonBeanRegistry.java:225] - Creating shared instance of singleton bean 'defaultValidator'
2024-10-29 10:56:47,889 DEBUG [main][ResourceBundleMessageInterpolator.java:172] - Loaded expression factory via original TCCL
2024-10-29 10:56:47,889 DEBUG [main][ResourceBundleMessageInterpolator.java:172] - Loaded expression factory via original TCCL
2024-10-29 10:56:47,890 DEBUG [main][AbstractConfigurationImpl.java:171] - Setting custom MessageInterpolator of type org.springframework.validation.beanvalidation.LocaleContextMessageInterpolator
2024-10-29 10:56:47,890 DEBUG [main][AbstractConfigurationImpl.java:171] - Setting custom MessageInterpolator of type org.springframework.validation.beanvalidation.LocaleContextMessageInterpolator
2024-10-29 10:56:47,890 DEBUG [main][AbstractConfigurationImpl.java:203] - Setting custom ConstraintValidatorFactory of type org.springframework.validation.beanvalidation.SpringConstraintValidatorFactory
2024-10-29 10:56:47,890 DEBUG [main][AbstractConfigurationImpl.java:203] - Setting custom ConstraintValidatorFactory of type org.springframework.validation.beanvalidation.SpringConstraintValidatorFactory
2024-10-29 10:56:47,890 DEBUG [main][AbstractConfigurationImpl.java:217] - Setting custom ParameterNameProvider of type org.springframework.validation.beanvalidation.LocalValidatorFactoryBean$1
2024-10-29 10:56:47,890 DEBUG [main][AbstractConfigurationImpl.java:217] - Setting custom ParameterNameProvider of type org.springframework.validation.beanvalidation.LocalValidatorFactoryBean$1
2024-10-29 10:56:47,891 DEBUG [main][ValidationXmlParser.java:120] - Trying to load META-INF/validation.xml for XML based Validator configuration.
2024-10-29 10:56:47,891 DEBUG [main][ValidationXmlParser.java:120] - Trying to load META-INF/validation.xml for XML based Validator configuration.
2024-10-29 10:56:47,891 DEBUG [main][ResourceLoaderHelper.java:53] - Trying to load META-INF/validation.xml via user class loader
2024-10-29 10:56:47,891 DEBUG [main][ResourceLoaderHelper.java:53] - Trying to load META-INF/validation.xml via user class loader
2024-10-29 10:56:47,891 DEBUG [main][ResourceLoaderHelper.java:60] - Trying to load META-INF/validation.xml via TCCL
2024-10-29 10:56:47,891 DEBUG [main][ResourceLoaderHelper.java:60] - Trying to load META-INF/validation.xml via TCCL
2024-10-29 10:56:47,891 DEBUG [main][ResourceLoaderHelper.java:66] - Trying to load META-INF/validation.xml via Hibernate Validator's class loader
2024-10-29 10:56:47,891 DEBUG [main][ResourceLoaderHelper.java:66] - Trying to load META-INF/validation.xml via Hibernate Validator's class loader
2024-10-29 10:56:47,891 DEBUG [main][ValidationXmlParser.java:127] - No META-INF/validation.xml found. Using annotation based configuration only.
2024-10-29 10:56:47,891 DEBUG [main][ValidationXmlParser.java:127] - No META-INF/validation.xml found. Using annotation based configuration only.
2024-10-29 10:56:47,892 DEBUG [main][TraversableResolvers.java:60] - Cannot find javax.persistence.Persistence on classpath. Assuming non JPA 2 environment. All properties will per default be traversable.
2024-10-29 10:56:47,892 DEBUG [main][TraversableResolvers.java:60] - Cannot find javax.persistence.Persistence on classpath. Assuming non JPA 2 environment. All properties will per default be traversable.
2024-10-29 10:56:47,893 DEBUG [main][ValidatorFactoryConfigurationHelper.java:300] - HV000252: Using org.hibernate.validator.internal.engine.DefaultPropertyNodeNameProvider as property node name provider.
2024-10-29 10:56:47,893 DEBUG [main][ValidatorFactoryConfigurationHelper.java:300] - HV000252: Using org.hibernate.validator.internal.engine.DefaultPropertyNodeNameProvider as property node name provider.
2024-10-29 10:56:47,893 DEBUG [main][ValidatorFactoryConfigurationHelper.java:375] - HV000234: Using org.springframework.validation.beanvalidation.LocaleContextMessageInterpolator as ValidatorFactory-scoped message interpolator.
2024-10-29 10:56:47,893 DEBUG [main][ValidatorFactoryConfigurationHelper.java:375] - HV000234: Using org.springframework.validation.beanvalidation.LocaleContextMessageInterpolator as ValidatorFactory-scoped message interpolator.
2024-10-29 10:56:47,893 DEBUG [main][ValidatorFactoryConfigurationHelper.java:376] - HV000234: Using org.hibernate.validator.internal.engine.resolver.TraverseAllTraversableResolver as ValidatorFactory-scoped traversable resolver.
2024-10-29 10:56:47,893 DEBUG [main][ValidatorFactoryConfigurationHelper.java:376] - HV000234: Using org.hibernate.validator.internal.engine.resolver.TraverseAllTraversableResolver as ValidatorFactory-scoped traversable resolver.
2024-10-29 10:56:47,893 DEBUG [main][ValidatorFactoryConfigurationHelper.java:377] - HV000234: Using org.hibernate.validator.internal.util.ExecutableParameterNameProvider as ValidatorFactory-scoped parameter name provider.
2024-10-29 10:56:47,893 DEBUG [main][ValidatorFactoryConfigurationHelper.java:377] - HV000234: Using org.hibernate.validator.internal.util.ExecutableParameterNameProvider as ValidatorFactory-scoped parameter name provider.
2024-10-29 10:56:47,893 DEBUG [main][ValidatorFactoryConfigurationHelper.java:378] - HV000234: Using org.hibernate.validator.internal.engine.DefaultClockProvider as ValidatorFactory-scoped clock provider.
2024-10-29 10:56:47,893 DEBUG [main][ValidatorFactoryConfigurationHelper.java:378] - HV000234: Using org.hibernate.validator.internal.engine.DefaultClockProvider as ValidatorFactory-scoped clock provider.
2024-10-29 10:56:47,893 DEBUG [main][ValidatorFactoryConfigurationHelper.java:379] - HV000234: Using org.hibernate.validator.internal.engine.scripting.DefaultScriptEvaluatorFactory as ValidatorFactory-scoped script evaluator factory.
2024-10-29 10:56:47,893 DEBUG [main][ValidatorFactoryConfigurationHelper.java:379] - HV000234: Using org.hibernate.validator.internal.engine.scripting.DefaultScriptEvaluatorFactory as ValidatorFactory-scoped script evaluator factory.
2024-10-29 10:56:47,894 DEBUG [main][DefaultSingletonBeanRegistry.java:225] - Creating shared instance of singleton bean 'org.springframework.boot.autoconfigure.web.servlet.error.ErrorMvcAutoConfiguration$WhitelabelErrorViewConfiguration'
2024-10-29 10:56:47,894 DEBUG [main][DefaultSingletonBeanRegistry.java:225] - Creating shared instance of singleton bean 'org.springframework.boot.autoconfigure.web.servlet.error.ErrorMvcAutoConfiguration$WhitelabelErrorViewConfiguration'
2024-10-29 10:56:47,895 DEBUG [main][DefaultSingletonBeanRegistry.java:225] - Creating shared instance of singleton bean 'error'
2024-10-29 10:56:47,895 DEBUG [main][DefaultSingletonBeanRegistry.java:225] - Creating shared instance of singleton bean 'error'
2024-10-29 10:56:47,895 DEBUG [main][DefaultSingletonBeanRegistry.java:225] - Creating shared instance of singleton bean 'beanNameViewResolver'
2024-10-29 10:56:47,895 DEBUG [main][DefaultSingletonBeanRegistry.java:225] - Creating shared instance of singleton bean 'beanNameViewResolver'
2024-10-29 10:56:47,895 DEBUG [main][DefaultSingletonBeanRegistry.java:225] - Creating shared instance of singleton bean 'org.springframework.boot.autoconfigure.web.servlet.error.ErrorMvcAutoConfiguration$DefaultErrorViewResolverConfiguration'
2024-10-29 10:56:47,895 DEBUG [main][DefaultSingletonBeanRegistry.java:225] - Creating shared instance of singleton bean 'org.springframework.boot.autoconfigure.web.servlet.error.ErrorMvcAutoConfiguration$DefaultErrorViewResolverConfiguration'
2024-10-29 10:56:47,896 DEBUG [main][ConstructorResolver.java:807] - Autowiring by type from bean name 'org.springframework.boot.autoconfigure.web.servlet.error.ErrorMvcAutoConfiguration$DefaultErrorViewResolverConfiguration' via constructor to bean named 'org.springframework.boot.web.servlet.context.AnnotationConfigServletWebServerApplicationContext@85e6769'
2024-10-29 10:56:47,896 DEBUG [main][ConstructorResolver.java:807] - Autowiring by type from bean name 'org.springframework.boot.autoconfigure.web.servlet.error.ErrorMvcAutoConfiguration$DefaultErrorViewResolverConfiguration' via constructor to bean named 'spring.resources-org.springframework.boot.autoconfigure.web.ResourceProperties'
2024-10-29 10:56:47,896 DEBUG [main][ConstructorResolver.java:807] - Autowiring by type from bean name 'org.springframework.boot.autoconfigure.web.servlet.error.ErrorMvcAutoConfiguration$DefaultErrorViewResolverConfiguration' via constructor to bean named 'org.springframework.boot.web.servlet.context.AnnotationConfigServletWebServerApplicationContext@85e6769'
2024-10-29 10:56:47,896 DEBUG [main][ConstructorResolver.java:807] - Autowiring by type from bean name 'org.springframework.boot.autoconfigure.web.servlet.error.ErrorMvcAutoConfiguration$DefaultErrorViewResolverConfiguration' via constructor to bean named 'spring.resources-org.springframework.boot.autoconfigure.web.ResourceProperties'
2024-10-29 10:56:47,896 DEBUG [main][DefaultSingletonBeanRegistry.java:225] - Creating shared instance of singleton bean 'conventionErrorViewResolver'
2024-10-29 10:56:47,896 DEBUG [main][DefaultSingletonBeanRegistry.java:225] - Creating shared instance of singleton bean 'conventionErrorViewResolver'
2024-10-29 10:56:47,897 DEBUG [main][DefaultSingletonBeanRegistry.java:225] - Creating shared instance of singleton bean 'errorAttributes'
2024-10-29 10:56:47,897 DEBUG [main][DefaultSingletonBeanRegistry.java:225] - Creating shared instance of singleton bean 'errorAttributes'
2024-10-29 10:56:47,897 DEBUG [main][DefaultSingletonBeanRegistry.java:225] - Creating shared instance of singleton bean 'basicErrorController'
2024-10-29 10:56:47,897 DEBUG [main][DefaultSingletonBeanRegistry.java:225] - Creating shared instance of singleton bean 'basicErrorController'
2024-10-29 10:56:47,897 DEBUG [main][ConstructorResolver.java:807] - Autowiring by type from bean name 'basicErrorController' via factory method to bean named 'errorAttributes'
2024-10-29 10:56:47,897 DEBUG [main][ConstructorResolver.java:807] - Autowiring by type from bean name 'basicErrorController' via factory method to bean named 'errorAttributes'
2024-10-29 10:56:47,898 DEBUG [main][DefaultSingletonBeanRegistry.java:225] - Creating shared instance of singleton bean 'requestMappingHandlerAdapter'
2024-10-29 10:56:47,898 DEBUG [main][DefaultSingletonBeanRegistry.java:225] - Creating shared instance of singleton bean 'requestMappingHandlerAdapter'
2024-10-29 10:56:47,899 DEBUG [main][DefaultSingletonBeanRegistry.java:225] - Creating shared instance of singleton bean 'mvcValidator'
2024-10-29 10:56:47,899 DEBUG [main][DefaultSingletonBeanRegistry.java:225] - Creating shared instance of singleton bean 'mvcValidator'
2024-10-29 10:56:47,900 DEBUG [main][ConstructorResolver.java:807] - Autowiring by type from bean name 'requestMappingHandlerAdapter' via factory method to bean named 'mvcContentNegotiationManager'
2024-10-29 10:56:47,900 DEBUG [main][ConstructorResolver.java:807] - Autowiring by type from bean name 'requestMappingHandlerAdapter' via factory method to bean named 'mvcConversionService'
2024-10-29 10:56:47,900 DEBUG [main][ConstructorResolver.java:807] - Autowiring by type from bean name 'requestMappingHandlerAdapter' via factory method to bean named 'mvcContentNegotiationManager'
2024-10-29 10:56:47,900 DEBUG [main][ConstructorResolver.java:807] - Autowiring by type from bean name 'requestMappingHandlerAdapter' via factory method to bean named 'mvcConversionService'
2024-10-29 10:56:47,900 DEBUG [main][ConstructorResolver.java:807] - Autowiring by type from bean name 'requestMappingHandlerAdapter' via factory method to bean named 'mvcValidator'
2024-10-29 10:56:47,900 DEBUG [main][ConstructorResolver.java:807] - Autowiring by type from bean name 'requestMappingHandlerAdapter' via factory method to bean named 'mvcValidator'
2024-10-29 10:56:47,900 DEBUG [main][ConstructorResolver.java:807] - Autowiring by type from bean name 'requestMappingHandlerAdapter' via factory method to bean named 'mvcContentNegotiationManager'
2024-10-29 10:56:47,900 DEBUG [main][ConstructorResolver.java:807] - Autowiring by type from bean name 'requestMappingHandlerAdapter' via factory method to bean named 'mvcContentNegotiationManager'
2024-10-29 10:56:47,900 DEBUG [main][ConstructorResolver.java:807] - Autowiring by type from bean name 'requestMappingHandlerAdapter' via factory method to bean named 'mvcConversionService'
2024-10-29 10:56:47,900 DEBUG [main][ConstructorResolver.java:807] - Autowiring by type from bean name 'requestMappingHandlerAdapter' via factory method to bean named 'mvcConversionService'
2024-10-29 10:56:47,900 DEBUG [main][ConstructorResolver.java:807] - Autowiring by type from bean name 'requestMappingHandlerAdapter' via factory method to bean named 'mvcValidator'
2024-10-29 10:56:47,900 DEBUG [main][ConstructorResolver.java:807] - Autowiring by type from bean name 'requestMappingHandlerAdapter' via factory method to bean named 'mvcValidator'
2024-10-29 10:56:47,903 DEBUG [main][DefaultSingletonBeanRegistry.java:225] - Creating shared instance of singleton bean 'messageConverters'
2024-10-29 10:56:47,903 DEBUG [main][DefaultSingletonBeanRegistry.java:225] - Creating shared instance of singleton bean 'messageConverters'
2024-10-29 10:56:47,904 DEBUG [main][DefaultSingletonBeanRegistry.java:225] - Creating shared instance of singleton bean 'org.springframework.boot.autoconfigure.http.HttpMessageConvertersAutoConfiguration'
2024-10-29 10:56:47,904 DEBUG [main][DefaultSingletonBeanRegistry.java:225] - Creating shared instance of singleton bean 'org.springframework.boot.autoconfigure.http.HttpMessageConvertersAutoConfiguration'
2024-10-29 10:56:47,905 DEBUG [main][DefaultSingletonBeanRegistry.java:225] - Creating shared instance of singleton bean 'stringHttpMessageConverter'
2024-10-29 10:56:47,905 DEBUG [main][DefaultSingletonBeanRegistry.java:225] - Creating shared instance of singleton bean 'stringHttpMessageConverter'
2024-10-29 10:56:47,905 DEBUG [main][DefaultSingletonBeanRegistry.java:225] - Creating shared instance of singleton bean 'org.springframework.boot.autoconfigure.http.HttpMessageConvertersAutoConfiguration$StringHttpMessageConverterConfiguration'
2024-10-29 10:56:47,905 DEBUG [main][DefaultSingletonBeanRegistry.java:225] - Creating shared instance of singleton bean 'org.springframework.boot.autoconfigure.http.HttpMessageConvertersAutoConfiguration$StringHttpMessageConverterConfiguration'
2024-10-29 10:56:47,905 DEBUG [main][ConstructorResolver.java:807] - Autowiring by type from bean name 'stringHttpMessageConverter' via factory method to bean named 'environment'
2024-10-29 10:56:47,905 DEBUG [main][ConstructorResolver.java:807] - Autowiring by type from bean name 'stringHttpMessageConverter' via factory method to bean named 'environment'
2024-10-29 10:56:47,907 DEBUG [main][DefaultSingletonBeanRegistry.java:225] - Creating shared instance of singleton bean 'mappingJackson2HttpMessageConverter'
2024-10-29 10:56:47,907 DEBUG [main][DefaultSingletonBeanRegistry.java:225] - Creating shared instance of singleton bean 'mappingJackson2HttpMessageConverter'
2024-10-29 10:56:47,908 DEBUG [main][DefaultSingletonBeanRegistry.java:225] - Creating shared instance of singleton bean 'org.springframework.boot.autoconfigure.http.JacksonHttpMessageConvertersConfiguration$MappingJackson2HttpMessageConverterConfiguration'
2024-10-29 10:56:47,908 DEBUG [main][DefaultSingletonBeanRegistry.java:225] - Creating shared instance of singleton bean 'org.springframework.boot.autoconfigure.http.JacksonHttpMessageConvertersConfiguration$MappingJackson2HttpMessageConverterConfiguration'
2024-10-29 10:56:47,908 DEBUG [main][DefaultSingletonBeanRegistry.java:225] - Creating shared instance of singleton bean 'jacksonObjectMapper'
2024-10-29 10:56:47,908 DEBUG [main][DefaultSingletonBeanRegistry.java:225] - Creating shared instance of singleton bean 'jacksonObjectMapper'
2024-10-29 10:56:47,908 DEBUG [main][DefaultSingletonBeanRegistry.java:225] - Creating shared instance of singleton bean 'org.springframework.boot.autoconfigure.jackson.JacksonAutoConfiguration$JacksonObjectMapperConfiguration'
2024-10-29 10:56:47,908 DEBUG [main][DefaultSingletonBeanRegistry.java:225] - Creating shared instance of singleton bean 'org.springframework.boot.autoconfigure.jackson.JacksonAutoConfiguration$JacksonObjectMapperConfiguration'
2024-10-29 10:56:47,909 DEBUG [main][DefaultSingletonBeanRegistry.java:225] - Creating shared instance of singleton bean 'org.springframework.boot.autoconfigure.jackson.JacksonAutoConfiguration$JacksonObjectMapperBuilderConfiguration'
2024-10-29 10:56:47,909 DEBUG [main][DefaultSingletonBeanRegistry.java:225] - Creating shared instance of singleton bean 'org.springframework.boot.autoconfigure.jackson.JacksonAutoConfiguration$JacksonObjectMapperBuilderConfiguration'
2024-10-29 10:56:47,909 DEBUG [main][DefaultSingletonBeanRegistry.java:225] - Creating shared instance of singleton bean 'standardJacksonObjectMapperBuilderCustomizer'
2024-10-29 10:56:47,909 DEBUG [main][DefaultSingletonBeanRegistry.java:225] - Creating shared instance of singleton bean 'standardJacksonObjectMapperBuilderCustomizer'
2024-10-29 10:56:47,909 DEBUG [main][DefaultSingletonBeanRegistry.java:225] - Creating shared instance of singleton bean 'org.springframework.boot.autoconfigure.jackson.JacksonAutoConfiguration$Jackson2ObjectMapperBuilderCustomizerConfiguration'
2024-10-29 10:56:47,909 DEBUG [main][DefaultSingletonBeanRegistry.java:225] - Creating shared instance of singleton bean 'org.springframework.boot.autoconfigure.jackson.JacksonAutoConfiguration$Jackson2ObjectMapperBuilderCustomizerConfiguration'
2024-10-29 10:56:47,910 DEBUG [main][DefaultSingletonBeanRegistry.java:225] - Creating shared instance of singleton bean 'spring.jackson-org.springframework.boot.autoconfigure.jackson.JacksonProperties'
2024-10-29 10:56:47,910 DEBUG [main][DefaultSingletonBeanRegistry.java:225] - Creating shared instance of singleton bean 'spring.jackson-org.springframework.boot.autoconfigure.jackson.JacksonProperties'
2024-10-29 10:56:47,912 DEBUG [main][ConstructorResolver.java:807] - Autowiring by type from bean name 'standardJacksonObjectMapperBuilderCustomizer' via factory method to bean named 'org.springframework.boot.web.servlet.context.AnnotationConfigServletWebServerApplicationContext@85e6769'
2024-10-29 10:56:47,912 DEBUG [main][ConstructorResolver.java:807] - Autowiring by type from bean name 'standardJacksonObjectMapperBuilderCustomizer' via factory method to bean named 'org.springframework.boot.web.servlet.context.AnnotationConfigServletWebServerApplicationContext@85e6769'
2024-10-29 10:56:47,912 DEBUG [main][ConstructorResolver.java:807] - Autowiring by type from bean name 'standardJacksonObjectMapperBuilderCustomizer' via factory method to bean named 'spring.jackson-org.springframework.boot.autoconfigure.jackson.JacksonProperties'
2024-10-29 10:56:47,912 DEBUG [main][ConstructorResolver.java:807] - Autowiring by type from bean name 'standardJacksonObjectMapperBuilderCustomizer' via factory method to bean named 'spring.jackson-org.springframework.boot.autoconfigure.jackson.JacksonProperties'
2024-10-29 10:56:47,913 DEBUG [main][ConstructorResolver.java:807] - Autowiring by type from bean name 'jacksonObjectMapperBuilder' via factory method to bean named 'org.springframework.boot.web.servlet.context.AnnotationConfigServletWebServerApplicationContext@85e6769'
2024-10-29 10:56:47,913 DEBUG [main][ConstructorResolver.java:807] - Autowiring by type from bean name 'jacksonObjectMapperBuilder' via factory method to bean named 'org.springframework.boot.web.servlet.context.AnnotationConfigServletWebServerApplicationContext@85e6769'
2024-10-29 10:56:47,913 DEBUG [main][ConstructorResolver.java:807] - Autowiring by type from bean name 'jacksonObjectMapperBuilder' via factory method to bean named 'standardJacksonObjectMapperBuilderCustomizer'
2024-10-29 10:56:47,913 DEBUG [main][ConstructorResolver.java:807] - Autowiring by type from bean name 'jacksonObjectMapperBuilder' via factory method to bean named 'standardJacksonObjectMapperBuilderCustomizer'
2024-10-29 10:56:47,914 DEBUG [main][DefaultSingletonBeanRegistry.java:225] - Creating shared instance of singleton bean 'parameterNamesModule'
2024-10-29 10:56:47,914 DEBUG [main][DefaultSingletonBeanRegistry.java:225] - Creating shared instance of singleton bean 'parameterNamesModule'
2024-10-29 10:56:47,914 DEBUG [main][DefaultSingletonBeanRegistry.java:225] - Creating shared instance of singleton bean 'org.springframework.boot.autoconfigure.jackson.JacksonAutoConfiguration$ParameterNamesModuleConfiguration'
2024-10-29 10:56:47,914 DEBUG [main][DefaultSingletonBeanRegistry.java:225] - Creating shared instance of singleton bean 'org.springframework.boot.autoconfigure.jackson.JacksonAutoConfiguration$ParameterNamesModuleConfiguration'
2024-10-29 10:56:47,915 DEBUG [main][DefaultSingletonBeanRegistry.java:225] - Creating shared instance of singleton bean 'jsonComponentModule'
2024-10-29 10:56:47,915 DEBUG [main][DefaultSingletonBeanRegistry.java:225] - Creating shared instance of singleton bean 'jsonComponentModule'
2024-10-29 10:56:47,915 DEBUG [main][DefaultSingletonBeanRegistry.java:225] - Creating shared instance of singleton bean 'org.springframework.boot.autoconfigure.jackson.JacksonAutoConfiguration'
2024-10-29 10:56:47,915 DEBUG [main][DefaultSingletonBeanRegistry.java:225] - Creating shared instance of singleton bean 'org.springframework.boot.autoconfigure.jackson.JacksonAutoConfiguration'
2024-10-29 10:56:47,918 DEBUG [main][ConstructorResolver.java:807] - Autowiring by type from bean name 'jacksonObjectMapper' via factory method to bean named 'jacksonObjectMapperBuilder'
2024-10-29 10:56:47,918 DEBUG [main][ConstructorResolver.java:807] - Autowiring by type from bean name 'jacksonObjectMapper' via factory method to bean named 'jacksonObjectMapperBuilder'
2024-10-29 10:56:47,989 DEBUG [main][ConstructorResolver.java:807] - Autowiring by type from bean name 'mappingJackson2HttpMessageConverter' via factory method to bean named 'jacksonObjectMapper'
2024-10-29 10:56:47,989 DEBUG [main][ConstructorResolver.java:807] - Autowiring by type from bean name 'mappingJackson2HttpMessageConverter' via factory method to bean named 'jacksonObjectMapper'
2024-10-29 10:56:47,993 DEBUG [main][DefaultSingletonBeanRegistry.java:225] - Creating shared instance of singleton bean 'applicationTaskExecutor'
2024-10-29 10:56:47,993 DEBUG [main][DefaultSingletonBeanRegistry.java:225] - Creating shared instance of singleton bean 'applicationTaskExecutor'
2024-10-29 10:56:47,993 DEBUG [main][ConstructorResolver.java:807] - Autowiring by type from bean name 'applicationTaskExecutor' via factory method to bean named 'taskExecutorBuilder'
2024-10-29 10:56:47,993 DEBUG [main][ConstructorResolver.java:807] - Autowiring by type from bean name 'applicationTaskExecutor' via factory method to bean named 'taskExecutorBuilder'
2024-10-29 10:56:47,995 INFO [main][ExecutorConfigurationSupport.java:181] - Initializing ExecutorService 'applicationTaskExecutor'
2024-10-29 10:56:47,995 INFO [main][ExecutorConfigurationSupport.java:181] - Initializing ExecutorService 'applicationTaskExecutor'
2024-10-29 10:56:48,000 DEBUG [main][DefaultSingletonBeanRegistry.java:225] - Creating shared instance of singleton bean 'springApplicationAdminRegistrar'
2024-10-29 10:56:48,000 DEBUG [main][DefaultSingletonBeanRegistry.java:225] - Creating shared instance of singleton bean 'springApplicationAdminRegistrar'
2024-10-29 10:56:48,000 DEBUG [main][DefaultSingletonBeanRegistry.java:225] - Creating shared instance of singleton bean 'org.springframework.boot.autoconfigure.admin.SpringApplicationAdminJmxAutoConfiguration'
2024-10-29 10:56:48,000 DEBUG [main][DefaultSingletonBeanRegistry.java:225] - Creating shared instance of singleton bean 'org.springframework.boot.autoconfigure.admin.SpringApplicationAdminJmxAutoConfiguration'
2024-10-29 10:56:48,000 DEBUG [main][ConstructorResolver.java:807] - Autowiring by type from bean name 'springApplicationAdminRegistrar' via factory method to bean named 'environment'
2024-10-29 10:56:48,000 DEBUG [main][ConstructorResolver.java:807] - Autowiring by type from bean name 'springApplicationAdminRegistrar' via factory method to bean named 'environment'
2024-10-29 10:56:48,001 DEBUG [main][DefaultSingletonBeanRegistry.java:225] - Creating shared instance of singleton bean 'mbeanExporter'
2024-10-29 10:56:48,001 DEBUG [main][DefaultSingletonBeanRegistry.java:225] - Creating shared instance of singleton bean 'mbeanExporter'
2024-10-29 10:56:48,001 DEBUG [main][DefaultSingletonBeanRegistry.java:225] - Creating shared instance of singleton bean 'org.springframework.boot.autoconfigure.jmx.JmxAutoConfiguration'
2024-10-29 10:56:48,001 DEBUG [main][DefaultSingletonBeanRegistry.java:225] - Creating shared instance of singleton bean 'org.springframework.boot.autoconfigure.jmx.JmxAutoConfiguration'
2024-10-29 10:56:48,001 DEBUG [main][ConstructorResolver.java:807] - Autowiring by type from bean name 'org.springframework.boot.autoconfigure.jmx.JmxAutoConfiguration' via constructor to bean named 'environment'
2024-10-29 10:56:48,001 DEBUG [main][ConstructorResolver.java:807] - Autowiring by type from bean name 'org.springframework.boot.autoconfigure.jmx.JmxAutoConfiguration' via constructor to bean named 'environment'
2024-10-29 10:56:48,002 DEBUG [main][DefaultSingletonBeanRegistry.java:225] - Creating shared instance of singleton bean 'objectNamingStrategy'
2024-10-29 10:56:48,002 DEBUG [main][DefaultSingletonBeanRegistry.java:225] - Creating shared instance of singleton bean 'objectNamingStrategy'
2024-10-29 10:56:48,003 DEBUG [main][ConstructorResolver.java:807] - Autowiring by type from bean name 'mbeanExporter' via factory method to bean named 'objectNamingStrategy'
2024-10-29 10:56:48,003 DEBUG [main][ConstructorResolver.java:807] - Autowiring by type from bean name 'mbeanExporter' via factory method to bean named 'objectNamingStrategy'
2024-10-29 10:56:48,003 DEBUG [main][ConstructorResolver.java:807] - Autowiring by type from bean name 'mbeanExporter' via factory method to bean named 'org.springframework.beans.factory.support.DefaultListableBeanFactory@7e22550a'
2024-10-29 10:56:48,003 DEBUG [main][ConstructorResolver.java:807] - Autowiring by type from bean name 'mbeanExporter' via factory method to bean named 'org.springframework.beans.factory.support.DefaultListableBeanFactory@7e22550a'
2024-10-29 10:56:48,005 DEBUG [main][DefaultSingletonBeanRegistry.java:225] - Creating shared instance of singleton bean 'mbeanServer'
2024-10-29 10:56:48,005 DEBUG [main][DefaultSingletonBeanRegistry.java:225] - Creating shared instance of singleton bean 'mbeanServer'
2024-10-29 10:56:48,006 DEBUG [main][JmxUtils.java:127] - Found MBeanServer: com.sun.jmx.mbeanserver.JmxMBeanServer@7c3df479
2024-10-29 10:56:48,006 DEBUG [main][JmxUtils.java:127] - Found MBeanServer: com.sun.jmx.mbeanserver.JmxMBeanServer@7c3df479
2024-10-29 10:56:48,009 DEBUG [main][SpringApplicationAdminMXBeanRegistrar.java:131] - Application Admin MBean registered with name 'org.springframework.boot:type=Admin,name=SpringApplication'
2024-10-29 10:56:48,009 DEBUG [main][SpringApplicationAdminMXBeanRegistrar.java:131] - Application Admin MBean registered with name 'org.springframework.boot:type=Admin,name=SpringApplication'
2024-10-29 10:56:48,009 DEBUG [main][DefaultSingletonBeanRegistry.java:225] - Creating shared instance of singleton bean 'refreshEventListener'
2024-10-29 10:56:48,009 DEBUG [main][DefaultSingletonBeanRegistry.java:225] - Creating shared instance of singleton bean 'refreshEventListener'
2024-10-29 10:56:48,009 DEBUG [main][DefaultSingletonBeanRegistry.java:225] - Creating shared instance of singleton bean 'org.springframework.cloud.autoconfigure.RefreshAutoConfiguration'
2024-10-29 10:56:48,009 DEBUG [main][DefaultSingletonBeanRegistry.java:225] - Creating shared instance of singleton bean 'org.springframework.cloud.autoconfigure.RefreshAutoConfiguration'
2024-10-29 10:56:48,009 DEBUG [main][DefaultSingletonBeanRegistry.java:225] - Creating shared instance of singleton bean 'contextRefresher'
2024-10-29 10:56:48,009 DEBUG [main][DefaultSingletonBeanRegistry.java:225] - Creating shared instance of singleton bean 'contextRefresher'
2024-10-29 10:56:48,010 DEBUG [main][ConstructorResolver.java:807] - Autowiring by type from bean name 'contextRefresher' via factory method to bean named 'org.springframework.boot.web.servlet.context.AnnotationConfigServletWebServerApplicationContext@85e6769'
2024-10-29 10:56:48,010 DEBUG [main][ConstructorResolver.java:807] - Autowiring by type from bean name 'contextRefresher' via factory method to bean named 'org.springframework.boot.web.servlet.context.AnnotationConfigServletWebServerApplicationContext@85e6769'
2024-10-29 10:56:48,010 DEBUG [main][ConstructorResolver.java:807] - Autowiring by type from bean name 'contextRefresher' via factory method to bean named 'refreshScope'
2024-10-29 10:56:48,010 DEBUG [main][ConstructorResolver.java:807] - Autowiring by type from bean name 'contextRefresher' via factory method to bean named 'refreshScope'
2024-10-29 10:56:48,010 DEBUG [main][ConstructorResolver.java:807] - Autowiring by type from bean name 'refreshEventListener' via factory method to bean named 'contextRefresher'
2024-10-29 10:56:48,010 DEBUG [main][ConstructorResolver.java:807] - Autowiring by type from bean name 'refreshEventListener' via factory method to bean named 'contextRefresher'
2024-10-29 10:56:48,012 DEBUG [main][RequestMappingHandlerAdapter.java:614] - ControllerAdvice beans: 0 @ModelAttribute, 0 @InitBinder, 1 RequestBodyAdvice, 1 ResponseBodyAdvice
2024-10-29 10:56:48,012 DEBUG [main][RequestMappingHandlerAdapter.java:614] - ControllerAdvice beans: 0 @ModelAttribute, 0 @InitBinder, 1 RequestBodyAdvice, 1 ResponseBodyAdvice
2024-10-29 10:56:48,020 DEBUG [main][DefaultSingletonBeanRegistry.java:225] - Creating shared instance of singleton bean 'welcomePageHandlerMapping'
2024-10-29 10:56:48,020 DEBUG [main][DefaultSingletonBeanRegistry.java:225] - Creating shared instance of singleton bean 'welcomePageHandlerMapping'
2024-10-29 10:56:48,021 DEBUG [main][ConstructorResolver.java:807] - Autowiring by type from bean name 'welcomePageHandlerMapping' via factory method to bean named 'org.springframework.boot.web.servlet.context.AnnotationConfigServletWebServerApplicationContext@85e6769'
2024-10-29 10:56:48,021 DEBUG [main][ConstructorResolver.java:807] - Autowiring by type from bean name 'welcomePageHandlerMapping' via factory method to bean named 'mvcConversionService'
2024-10-29 10:56:48,021 DEBUG [main][ConstructorResolver.java:807] - Autowiring by type from bean name 'welcomePageHandlerMapping' via factory method to bean named 'mvcResourceUrlProvider'
2024-10-29 10:56:48,021 DEBUG [main][ConstructorResolver.java:807] - Autowiring by type from bean name 'welcomePageHandlerMapping' via factory method to bean named 'org.springframework.boot.web.servlet.context.AnnotationConfigServletWebServerApplicationContext@85e6769'
2024-10-29 10:56:48,021 DEBUG [main][ConstructorResolver.java:807] - Autowiring by type from bean name 'welcomePageHandlerMapping' via factory method to bean named 'mvcConversionService'
2024-10-29 10:56:48,021 DEBUG [main][ConstructorResolver.java:807] - Autowiring by type from bean name 'welcomePageHandlerMapping' via factory method to bean named 'mvcResourceUrlProvider'
2024-10-29 10:56:48,023 DEBUG [main][DefaultSingletonBeanRegistry.java:225] - Creating shared instance of singleton bean 'mvcPathMatcher'
2024-10-29 10:56:48,023 DEBUG [main][DefaultSingletonBeanRegistry.java:225] - Creating shared instance of singleton bean 'mvcPathMatcher'
2024-10-29 10:56:48,024 DEBUG [main][DefaultSingletonBeanRegistry.java:225] - Creating shared instance of singleton bean 'mvcUrlPathHelper'
2024-10-29 10:56:48,024 DEBUG [main][DefaultSingletonBeanRegistry.java:225] - Creating shared instance of singleton bean 'mvcUrlPathHelper'
2024-10-29 10:56:48,024 DEBUG [main][DefaultSingletonBeanRegistry.java:225] - Creating shared instance of singleton bean 'viewControllerHandlerMapping'
2024-10-29 10:56:48,024 DEBUG [main][DefaultSingletonBeanRegistry.java:225] - Creating shared instance of singleton bean 'viewControllerHandlerMapping'
2024-10-29 10:56:48,024 DEBUG [main][ConstructorResolver.java:807] - Autowiring by type from bean name 'viewControllerHandlerMapping' via factory method to bean named 'mvcPathMatcher'
2024-10-29 10:56:48,024 DEBUG [main][ConstructorResolver.java:807] - Autowiring by type from bean name 'viewControllerHandlerMapping' via factory method to bean named 'mvcPathMatcher'
2024-10-29 10:56:48,024 DEBUG [main][ConstructorResolver.java:807] - Autowiring by type from bean name 'viewControllerHandlerMapping' via factory method to bean named 'mvcUrlPathHelper'
2024-10-29 10:56:48,024 DEBUG [main][ConstructorResolver.java:807] - Autowiring by type from bean name 'viewControllerHandlerMapping' via factory method to bean named 'mvcUrlPathHelper'
2024-10-29 10:56:48,024 DEBUG [main][ConstructorResolver.java:807] - Autowiring by type from bean name 'viewControllerHandlerMapping' via factory method to bean named 'mvcConversionService'
2024-10-29 10:56:48,024 DEBUG [main][ConstructorResolver.java:807] - Autowiring by type from bean name 'viewControllerHandlerMapping' via factory method to bean named 'mvcConversionService'
2024-10-29 10:56:48,024 DEBUG [main][ConstructorResolver.java:807] - Autowiring by type from bean name 'viewControllerHandlerMapping' via factory method to bean named 'mvcResourceUrlProvider'
2024-10-29 10:56:48,024 DEBUG [main][ConstructorResolver.java:807] - Autowiring by type from bean name 'viewControllerHandlerMapping' via factory method to bean named 'mvcResourceUrlProvider'
2024-10-29 10:56:48,025 DEBUG [main][DefaultSingletonBeanRegistry.java:225] - Creating shared instance of singleton bean 'beanNameHandlerMapping'
2024-10-29 10:56:48,025 DEBUG [main][DefaultSingletonBeanRegistry.java:225] - Creating shared instance of singleton bean 'beanNameHandlerMapping'
2024-10-29 10:56:48,025 DEBUG [main][ConstructorResolver.java:807] - Autowiring by type from bean name 'beanNameHandlerMapping' via factory method to bean named 'mvcConversionService'
2024-10-29 10:56:48,025 DEBUG [main][ConstructorResolver.java:807] - Autowiring by type from bean name 'beanNameHandlerMapping' via factory method to bean named 'mvcConversionService'
2024-10-29 10:56:48,025 DEBUG [main][ConstructorResolver.java:807] - Autowiring by type from bean name 'beanNameHandlerMapping' via factory method to bean named 'mvcResourceUrlProvider'
2024-10-29 10:56:48,025 DEBUG [main][ConstructorResolver.java:807] - Autowiring by type from bean name 'beanNameHandlerMapping' via factory method to bean named 'mvcResourceUrlProvider'
2024-10-29 10:56:48,027 DEBUG [main][DefaultSingletonBeanRegistry.java:225] - Creating shared instance of singleton bean 'routerFunctionMapping'
2024-10-29 10:56:48,027 DEBUG [main][DefaultSingletonBeanRegistry.java:225] - Creating shared instance of singleton bean 'routerFunctionMapping'
2024-10-29 10:56:48,027 DEBUG [main][ConstructorResolver.java:807] - Autowiring by type from bean name 'routerFunctionMapping' via factory method to bean named 'mvcConversionService'
2024-10-29 10:56:48,027 DEBUG [main][ConstructorResolver.java:807] - Autowiring by type from bean name 'routerFunctionMapping' via factory method to bean named 'mvcConversionService'
2024-10-29 10:56:48,027 DEBUG [main][ConstructorResolver.java:807] - Autowiring by type from bean name 'routerFunctionMapping' via factory method to bean named 'mvcResourceUrlProvider'
2024-10-29 10:56:48,027 DEBUG [main][ConstructorResolver.java:807] - Autowiring by type from bean name 'routerFunctionMapping' via factory method to bean named 'mvcResourceUrlProvider'
2024-10-29 10:56:48,028 DEBUG [main][DefaultSingletonBeanRegistry.java:225] - Creating shared instance of singleton bean 'resourceHandlerMapping'
2024-10-29 10:56:48,028 DEBUG [main][DefaultSingletonBeanRegistry.java:225] - Creating shared instance of singleton bean 'resourceHandlerMapping'
2024-10-29 10:56:48,029 DEBUG [main][ConstructorResolver.java:807] - Autowiring by type from bean name 'resourceHandlerMapping' via factory method to bean named 'mvcUrlPathHelper'
2024-10-29 10:56:48,029 DEBUG [main][ConstructorResolver.java:807] - Autowiring by type from bean name 'resourceHandlerMapping' via factory method to bean named 'mvcPathMatcher'
2024-10-29 10:56:48,029 DEBUG [main][ConstructorResolver.java:807] - Autowiring by type from bean name 'resourceHandlerMapping' via factory method to bean named 'mvcContentNegotiationManager'
2024-10-29 10:56:48,029 DEBUG [main][ConstructorResolver.java:807] - Autowiring by type from bean name 'resourceHandlerMapping' via factory method to bean named 'mvcConversionService'
2024-10-29 10:56:48,029 DEBUG [main][ConstructorResolver.java:807] - Autowiring by type from bean name 'resourceHandlerMapping' via factory method to bean named 'mvcUrlPathHelper'
2024-10-29 10:56:48,029 DEBUG [main][ConstructorResolver.java:807] - Autowiring by type from bean name 'resourceHandlerMapping' via factory method to bean named 'mvcResourceUrlProvider'
2024-10-29 10:56:48,029 DEBUG [main][ConstructorResolver.java:807] - Autowiring by type from bean name 'resourceHandlerMapping' via factory method to bean named 'mvcPathMatcher'
2024-10-29 10:56:48,029 DEBUG [main][ConstructorResolver.java:807] - Autowiring by type from bean name 'resourceHandlerMapping' via factory method to bean named 'mvcContentNegotiationManager'
2024-10-29 10:56:48,029 DEBUG [main][ConstructorResolver.java:807] - Autowiring by type from bean name 'resourceHandlerMapping' via factory method to bean named 'mvcConversionService'
2024-10-29 10:56:48,029 DEBUG [main][ConstructorResolver.java:807] - Autowiring by type from bean name 'resourceHandlerMapping' via factory method to bean named 'mvcResourceUrlProvider'
2024-10-29 10:56:48,033 DEBUG [main][SimpleUrlHandlerMapping.java:173] - Patterns [/webjars/**, /**] in 'resourceHandlerMapping'
2024-10-29 10:56:48,033 DEBUG [main][SimpleUrlHandlerMapping.java:173] - Patterns [/webjars/**, /**] in 'resourceHandlerMapping'
2024-10-29 10:56:48,033 DEBUG [main][DefaultSingletonBeanRegistry.java:225] - Creating shared instance of singleton bean 'defaultServletHandlerMapping'
2024-10-29 10:56:48,033 DEBUG [main][DefaultSingletonBeanRegistry.java:225] - Creating shared instance of singleton bean 'defaultServletHandlerMapping'
2024-10-29 10:56:48,034 DEBUG [main][DefaultSingletonBeanRegistry.java:225] - Creating shared instance of singleton bean 'handlerFunctionAdapter'
2024-10-29 10:56:48,034 DEBUG [main][DefaultSingletonBeanRegistry.java:225] - Creating shared instance of singleton bean 'handlerFunctionAdapter'
2024-10-29 10:56:48,035 DEBUG [main][DefaultSingletonBeanRegistry.java:225] - Creating shared instance of singleton bean 'mvcUriComponentsContributor'
2024-10-29 10:56:48,035 DEBUG [main][DefaultSingletonBeanRegistry.java:225] - Creating shared instance of singleton bean 'mvcUriComponentsContributor'
2024-10-29 10:56:48,035 DEBUG [main][ConstructorResolver.java:807] - Autowiring by type from bean name 'mvcUriComponentsContributor' via factory method to bean named 'mvcConversionService'
2024-10-29 10:56:48,035 DEBUG [main][ConstructorResolver.java:807] - Autowiring by type from bean name 'mvcUriComponentsContributor' via factory method to bean named 'mvcConversionService'
2024-10-29 10:56:48,035 DEBUG [main][ConstructorResolver.java:807] - Autowiring by type from bean name 'mvcUriComponentsContributor' via factory method to bean named 'requestMappingHandlerAdapter'
2024-10-29 10:56:48,035 DEBUG [main][ConstructorResolver.java:807] - Autowiring by type from bean name 'mvcUriComponentsContributor' via factory method to bean named 'requestMappingHandlerAdapter'
2024-10-29 10:56:48,035 DEBUG [main][DefaultSingletonBeanRegistry.java:225] - Creating shared instance of singleton bean 'httpRequestHandlerAdapter'
2024-10-29 10:56:48,035 DEBUG [main][DefaultSingletonBeanRegistry.java:225] - Creating shared instance of singleton bean 'httpRequestHandlerAdapter'
2024-10-29 10:56:48,035 DEBUG [main][DefaultSingletonBeanRegistry.java:225] - Creating shared instance of singleton bean 'simpleControllerHandlerAdapter'
2024-10-29 10:56:48,035 DEBUG [main][DefaultSingletonBeanRegistry.java:225] - Creating shared instance of singleton bean 'simpleControllerHandlerAdapter'
2024-10-29 10:56:48,036 DEBUG [main][DefaultSingletonBeanRegistry.java:225] - Creating shared instance of singleton bean 'handlerExceptionResolver'
2024-10-29 10:56:48,036 DEBUG [main][DefaultSingletonBeanRegistry.java:225] - Creating shared instance of singleton bean 'handlerExceptionResolver'
2024-10-29 10:56:48,036 DEBUG [main][ConstructorResolver.java:807] - Autowiring by type from bean name 'handlerExceptionResolver' via factory method to bean named 'mvcContentNegotiationManager'
2024-10-29 10:56:48,036 DEBUG [main][ConstructorResolver.java:807] - Autowiring by type from bean name 'handlerExceptionResolver' via factory method to bean named 'mvcContentNegotiationManager'
2024-10-29 10:56:48,037 DEBUG [main][ExceptionHandlerExceptionResolver.java:297] - ControllerAdvice beans: 0 @ExceptionHandler, 1 ResponseBodyAdvice
2024-10-29 10:56:48,037 DEBUG [main][ExceptionHandlerExceptionResolver.java:297] - ControllerAdvice beans: 0 @ExceptionHandler, 1 ResponseBodyAdvice
2024-10-29 10:56:48,038 DEBUG [main][DefaultSingletonBeanRegistry.java:225] - Creating shared instance of singleton bean 'mvcViewResolver'
2024-10-29 10:56:48,038 DEBUG [main][DefaultSingletonBeanRegistry.java:225] - Creating shared instance of singleton bean 'mvcViewResolver'
2024-10-29 10:56:48,039 DEBUG [main][ConstructorResolver.java:807] - Autowiring by type from bean name 'mvcViewResolver' via factory method to bean named 'mvcContentNegotiationManager'
2024-10-29 10:56:48,039 DEBUG [main][ConstructorResolver.java:807] - Autowiring by type from bean name 'mvcViewResolver' via factory method to bean named 'mvcContentNegotiationManager'
2024-10-29 10:56:48,039 DEBUG [main][DefaultSingletonBeanRegistry.java:225] - Creating shared instance of singleton bean 'defaultViewResolver'
2024-10-29 10:56:48,039 DEBUG [main][DefaultSingletonBeanRegistry.java:225] - Creating shared instance of singleton bean 'defaultViewResolver'
2024-10-29 10:56:48,041 DEBUG [main][DefaultSingletonBeanRegistry.java:225] - Creating shared instance of singleton bean 'viewResolver'
2024-10-29 10:56:48,041 DEBUG [main][DefaultSingletonBeanRegistry.java:225] - Creating shared instance of singleton bean 'viewResolver'
2024-10-29 10:56:48,041 DEBUG [main][ConstructorResolver.java:807] - Autowiring by type from bean name 'viewResolver' via factory method to bean named 'org.springframework.beans.factory.support.DefaultListableBeanFactory@7e22550a'
2024-10-29 10:56:48,041 DEBUG [main][ConstructorResolver.java:807] - Autowiring by type from bean name 'viewResolver' via factory method to bean named 'org.springframework.beans.factory.support.DefaultListableBeanFactory@7e22550a'
2024-10-29 10:56:48,042 DEBUG [main][DefaultSingletonBeanRegistry.java:225] - Creating shared instance of singleton bean 'org.springframework.boot.autoconfigure.aop.AopAutoConfiguration$ClassProxyingConfiguration'
2024-10-29 10:56:48,042 DEBUG [main][DefaultSingletonBeanRegistry.java:225] - Creating shared instance of singleton bean 'org.springframework.boot.autoconfigure.aop.AopAutoConfiguration$ClassProxyingConfiguration'
2024-10-29 10:56:48,042 DEBUG [main][ConstructorResolver.java:807] - Autowiring by type from bean name 'org.springframework.boot.autoconfigure.aop.AopAutoConfiguration$ClassProxyingConfiguration' via constructor to bean named 'org.springframework.beans.factory.support.DefaultListableBeanFactory@7e22550a'
2024-10-29 10:56:48,042 DEBUG [main][ConstructorResolver.java:807] - Autowiring by type from bean name 'org.springframework.boot.autoconfigure.aop.AopAutoConfiguration$ClassProxyingConfiguration' via constructor to bean named 'org.springframework.beans.factory.support.DefaultListableBeanFactory@7e22550a'
2024-10-29 10:56:48,043 DEBUG [main][DefaultSingletonBeanRegistry.java:225] - Creating shared instance of singleton bean 'org.springframework.boot.autoconfigure.aop.AopAutoConfiguration'
2024-10-29 10:56:48,043 DEBUG [main][DefaultSingletonBeanRegistry.java:225] - Creating shared instance of singleton bean 'org.springframework.boot.autoconfigure.aop.AopAutoConfiguration'
2024-10-29 10:56:48,044 DEBUG [main][DefaultSingletonBeanRegistry.java:225] - Creating shared instance of singleton bean 'org.springframework.boot.autoconfigure.availability.ApplicationAvailabilityAutoConfiguration'
2024-10-29 10:56:48,044 DEBUG [main][DefaultSingletonBeanRegistry.java:225] - Creating shared instance of singleton bean 'org.springframework.boot.autoconfigure.availability.ApplicationAvailabilityAutoConfiguration'
2024-10-29 10:56:48,044 DEBUG [main][DefaultSingletonBeanRegistry.java:225] - Creating shared instance of singleton bean 'applicationAvailability'
2024-10-29 10:56:48,044 DEBUG [main][DefaultSingletonBeanRegistry.java:225] - Creating shared instance of singleton bean 'applicationAvailability'
2024-10-29 10:56:48,044 DEBUG [main][DefaultSingletonBeanRegistry.java:225] - Creating shared instance of singleton bean 'loggingRebinder'
2024-10-29 10:56:48,044 DEBUG [main][DefaultSingletonBeanRegistry.java:225] - Creating shared instance of singleton bean 'loggingRebinder'
2024-10-29 10:56:48,044 DEBUG [main][DefaultSingletonBeanRegistry.java:225] - Creating shared instance of singleton bean 'org.springframework.boot.autoconfigure.context.ConfigurationPropertiesAutoConfiguration'
2024-10-29 10:56:48,044 DEBUG [main][DefaultSingletonBeanRegistry.java:225] - Creating shared instance of singleton bean 'org.springframework.boot.autoconfigure.context.ConfigurationPropertiesAutoConfiguration'
2024-10-29 10:56:48,044 DEBUG [main][DefaultSingletonBeanRegistry.java:225] - Creating shared instance of singleton bean 'org.springframework.boot.autoconfigure.context.LifecycleAutoConfiguration'
2024-10-29 10:56:48,044 DEBUG [main][DefaultSingletonBeanRegistry.java:225] - Creating shared instance of singleton bean 'org.springframework.boot.autoconfigure.context.LifecycleAutoConfiguration'
2024-10-29 10:56:48,044 DEBUG [main][DefaultSingletonBeanRegistry.java:225] - Creating shared instance of singleton bean 'lifecycleProcessor'
2024-10-29 10:56:48,044 DEBUG [main][DefaultSingletonBeanRegistry.java:225] - Creating shared instance of singleton bean 'lifecycleProcessor'
2024-10-29 10:56:48,045 DEBUG [main][DefaultSingletonBeanRegistry.java:225] - Creating shared instance of singleton bean 'spring.lifecycle-org.springframework.boot.autoconfigure.context.LifecycleProperties'
2024-10-29 10:56:48,045 DEBUG [main][DefaultSingletonBeanRegistry.java:225] - Creating shared instance of singleton bean 'spring.lifecycle-org.springframework.boot.autoconfigure.context.LifecycleProperties'
2024-10-29 10:56:48,045 DEBUG [main][ConstructorResolver.java:807] - Autowiring by type from bean name 'lifecycleProcessor' via factory method to bean named 'spring.lifecycle-org.springframework.boot.autoconfigure.context.LifecycleProperties'
2024-10-29 10:56:48,045 DEBUG [main][ConstructorResolver.java:807] - Autowiring by type from bean name 'lifecycleProcessor' via factory method to bean named 'spring.lifecycle-org.springframework.boot.autoconfigure.context.LifecycleProperties'
2024-10-29 10:56:48,045 DEBUG [main][DefaultSingletonBeanRegistry.java:225] - Creating shared instance of singleton bean 'org.springframework.boot.autoconfigure.http.JacksonHttpMessageConvertersConfiguration'
2024-10-29 10:56:48,045 DEBUG [main][DefaultSingletonBeanRegistry.java:225] - Creating shared instance of singleton bean 'org.springframework.boot.autoconfigure.http.JacksonHttpMessageConvertersConfiguration'
2024-10-29 10:56:48,046 DEBUG [main][DefaultSingletonBeanRegistry.java:225] - Creating shared instance of singleton bean 'org.springframework.boot.autoconfigure.info.ProjectInfoAutoConfiguration'
2024-10-29 10:56:48,046 DEBUG [main][DefaultSingletonBeanRegistry.java:225] - Creating shared instance of singleton bean 'org.springframework.boot.autoconfigure.info.ProjectInfoAutoConfiguration'
2024-10-29 10:56:48,047 DEBUG [main][DefaultSingletonBeanRegistry.java:225] - Creating shared instance of singleton bean 'spring.info-org.springframework.boot.autoconfigure.info.ProjectInfoProperties'
2024-10-29 10:56:48,047 DEBUG [main][DefaultSingletonBeanRegistry.java:225] - Creating shared instance of singleton bean 'spring.info-org.springframework.boot.autoconfigure.info.ProjectInfoProperties'
2024-10-29 10:56:48,047 DEBUG [main][ConstructorResolver.java:807] - Autowiring by type from bean name 'org.springframework.boot.autoconfigure.info.ProjectInfoAutoConfiguration' via constructor to bean named 'spring.info-org.springframework.boot.autoconfigure.info.ProjectInfoProperties'
2024-10-29 10:56:48,047 DEBUG [main][ConstructorResolver.java:807] - Autowiring by type from bean name 'org.springframework.boot.autoconfigure.info.ProjectInfoAutoConfiguration' via constructor to bean named 'spring.info-org.springframework.boot.autoconfigure.info.ProjectInfoProperties'
2024-10-29 10:56:48,047 DEBUG [main][DefaultSingletonBeanRegistry.java:225] - Creating shared instance of singleton bean 'org.springframework.boot.autoconfigure.task.TaskSchedulingAutoConfiguration'
2024-10-29 10:56:48,047 DEBUG [main][DefaultSingletonBeanRegistry.java:225] - Creating shared instance of singleton bean 'org.springframework.boot.autoconfigure.task.TaskSchedulingAutoConfiguration'
2024-10-29 10:56:48,048 DEBUG [main][DefaultSingletonBeanRegistry.java:225] - Creating shared instance of singleton bean 'taskSchedulerBuilder'
2024-10-29 10:56:48,048 DEBUG [main][DefaultSingletonBeanRegistry.java:225] - Creating shared instance of singleton bean 'taskSchedulerBuilder'
2024-10-29 10:56:48,048 DEBUG [main][DefaultSingletonBeanRegistry.java:225] - Creating shared instance of singleton bean 'spring.task.scheduling-org.springframework.boot.autoconfigure.task.TaskSchedulingProperties'
2024-10-29 10:56:48,048 DEBUG [main][DefaultSingletonBeanRegistry.java:225] - Creating shared instance of singleton bean 'spring.task.scheduling-org.springframework.boot.autoconfigure.task.TaskSchedulingProperties'
2024-10-29 10:56:48,049 DEBUG [main][ConstructorResolver.java:807] - Autowiring by type from bean name 'taskSchedulerBuilder' via factory method to bean named 'spring.task.scheduling-org.springframework.boot.autoconfigure.task.TaskSchedulingProperties'
2024-10-29 10:56:48,049 DEBUG [main][ConstructorResolver.java:807] - Autowiring by type from bean name 'taskSchedulerBuilder' via factory method to bean named 'spring.task.scheduling-org.springframework.boot.autoconfigure.task.TaskSchedulingProperties'
2024-10-29 10:56:48,050 DEBUG [main][DefaultSingletonBeanRegistry.java:225] - Creating shared instance of singleton bean 'org.springframework.boot.autoconfigure.web.client.RestTemplateAutoConfiguration'
2024-10-29 10:56:48,050 DEBUG [main][DefaultSingletonBeanRegistry.java:225] - Creating shared instance of singleton bean 'org.springframework.boot.autoconfigure.web.client.RestTemplateAutoConfiguration'
2024-10-29 10:56:48,050 DEBUG [main][DefaultSingletonBeanRegistry.java:225] - Creating shared instance of singleton bean 'org.springframework.boot.autoconfigure.web.embedded.EmbeddedWebServerFactoryCustomizerAutoConfiguration'
2024-10-29 10:56:48,050 DEBUG [main][DefaultSingletonBeanRegistry.java:225] - Creating shared instance of singleton bean 'org.springframework.boot.autoconfigure.web.embedded.EmbeddedWebServerFactoryCustomizerAutoConfiguration'
2024-10-29 10:56:48,050 DEBUG [main][DefaultSingletonBeanRegistry.java:225] - Creating shared instance of singleton bean 'multipartResolver'
2024-10-29 10:56:48,050 DEBUG [main][DefaultSingletonBeanRegistry.java:225] - Creating shared instance of singleton bean 'multipartResolver'
2024-10-29 10:56:48,051 DEBUG [main][DefaultSingletonBeanRegistry.java:225] - Creating shared instance of singleton bean 'org.springframework.cloud.autoconfigure.ConfigurationPropertiesRebinderAutoConfiguration'
2024-10-29 10:56:48,051 DEBUG [main][DefaultSingletonBeanRegistry.java:225] - Creating shared instance of singleton bean 'org.springframework.cloud.autoconfigure.ConfigurationPropertiesRebinderAutoConfiguration'
2024-10-29 10:56:48,051 DEBUG [main][DefaultSingletonBeanRegistry.java:225] - Creating shared instance of singleton bean 'configurationPropertiesRebinder'
2024-10-29 10:56:48,051 DEBUG [main][DefaultSingletonBeanRegistry.java:225] - Creating shared instance of singleton bean 'configurationPropertiesRebinder'
2024-10-29 10:56:48,051 DEBUG [main][ConstructorResolver.java:807] - Autowiring by type from bean name 'configurationPropertiesRebinder' via factory method to bean named 'configurationPropertiesBeans'
2024-10-29 10:56:48,051 DEBUG [main][ConstructorResolver.java:807] - Autowiring by type from bean name 'configurationPropertiesRebinder' via factory method to bean named 'configurationPropertiesBeans'
2024-10-29 10:56:48,051 DEBUG [main][DefaultSingletonBeanRegistry.java:225] - Creating shared instance of singleton bean 'org.springframework.cloud.autoconfigure.LifecycleMvcEndpointAutoConfiguration'
2024-10-29 10:56:48,051 DEBUG [main][DefaultSingletonBeanRegistry.java:225] - Creating shared instance of singleton bean 'org.springframework.cloud.autoconfigure.LifecycleMvcEndpointAutoConfiguration'
2024-10-29 10:56:48,052 DEBUG [main][DefaultSingletonBeanRegistry.java:225] - Creating shared instance of singleton bean 'environmentManager'
2024-10-29 10:56:48,052 DEBUG [main][DefaultSingletonBeanRegistry.java:225] - Creating shared instance of singleton bean 'environmentManager'
2024-10-29 10:56:48,052 DEBUG [main][ConstructorResolver.java:807] - Autowiring by type from bean name 'environmentManager' via factory method to bean named 'environment'
2024-10-29 10:56:48,052 DEBUG [main][ConstructorResolver.java:807] - Autowiring by type from bean name 'environmentManager' via factory method to bean named 'environment'
2024-10-29 10:56:48,059 DEBUG [main][MBeanExporter.java:434] - Registering beans for JMX exposure on startup
2024-10-29 10:56:48,059 DEBUG [main][MBeanExporter.java:434] - Registering beans for JMX exposure on startup
2024-10-29 10:56:48,059 DEBUG [main][MBeanExporter.java:541] - Autodetecting user-defined JMX MBeans
2024-10-29 10:56:48,059 DEBUG [main][MBeanExporter.java:541] - Autodetecting user-defined JMX MBeans
2024-10-29 10:56:48,063 DEBUG [main][MBeanExporter.java:896] - Bean with name 'refreshScope' has been autodetected for JMX exposure
2024-10-29 10:56:48,063 DEBUG [main][MBeanExporter.java:896] - Bean with name 'refreshScope' has been autodetected for JMX exposure
2024-10-29 10:56:48,064 DEBUG [main][MBeanExporter.java:896] - Bean with name 'configurationPropertiesRebinder' has been autodetected for JMX exposure
2024-10-29 10:56:48,064 DEBUG [main][MBeanExporter.java:896] - Bean with name 'configurationPropertiesRebinder' has been autodetected for JMX exposure
2024-10-29 10:56:48,065 DEBUG [main][MBeanExporter.java:896] - Bean with name 'environmentManager' has been autodetected for JMX exposure
2024-10-29 10:56:48,065 DEBUG [main][MBeanExporter.java:896] - Bean with name 'environmentManager' has been autodetected for JMX exposure
2024-10-29 10:56:48,067 DEBUG [main][MBeanExporter.java:676] - Located managed bean 'environmentManager': registering with JMX server as MBean [org.springframework.cloud.context.environment:name=environmentManager,type=EnvironmentManager]
2024-10-29 10:56:48,067 DEBUG [main][MBeanExporter.java:676] - Located managed bean 'environmentManager': registering with JMX server as MBean [org.springframework.cloud.context.environment:name=environmentManager,type=EnvironmentManager]
2024-10-29 10:56:48,076 DEBUG [main][MBeanExporter.java:676] - Located managed bean 'refreshScope': registering with JMX server as MBean [org.springframework.cloud.context.scope.refresh:name=refreshScope,type=RefreshScope]
2024-10-29 10:56:48,076 DEBUG [main][MBeanExporter.java:676] - Located managed bean 'refreshScope': registering with JMX server as MBean [org.springframework.cloud.context.scope.refresh:name=refreshScope,type=RefreshScope]
2024-10-29 10:56:48,083 DEBUG [main][MBeanExporter.java:676] - Located managed bean 'configurationPropertiesRebinder': registering with JMX server as MBean [org.springframework.cloud.context.properties:name=configurationPropertiesRebinder,context=85e6769,type=ConfigurationPropertiesRebinder]
2024-10-29 10:56:48,083 DEBUG [main][MBeanExporter.java:676] - Located managed bean 'configurationPropertiesRebinder': registering with JMX server as MBean [org.springframework.cloud.context.properties:name=configurationPropertiesRebinder,context=85e6769,type=ConfigurationPropertiesRebinder]
2024-10-29 10:56:48,091 DEBUG [main][DefaultLifecycleProcessor.java:356] - Starting beans in phase 2147483646
2024-10-29 10:56:48,091 DEBUG [main][DefaultLifecycleProcessor.java:356] - Starting beans in phase 2147483646
2024-10-29 10:56:48,091 INFO [main][DirectJDKLog.java:173] - Starting ProtocolHandler ["http-nio-63040"]
2024-10-29 10:56:48,091 INFO [main][DirectJDKLog.java:173] - Starting ProtocolHandler ["http-nio-63040"]
2024-10-29 10:56:48,101 INFO [main][TomcatWebServer.java:220] - Tomcat started on port(s): 63040 (http) with context path '/content'
2024-10-29 10:56:48,101 INFO [main][TomcatWebServer.java:220] - Tomcat started on port(s): 63040 (http) with context path '/content'
2024-10-29 10:56:48,102 DEBUG [main][DefaultLifecycleProcessor.java:188] - Successfully started bean 'webServerStartStop'
2024-10-29 10:56:48,102 DEBUG [main][DefaultLifecycleProcessor.java:188] - Successfully started bean 'webServerStartStop'
2024-10-29 10:56:48,102 DEBUG [main][DefaultLifecycleProcessor.java:356] - Starting beans in phase 2147483647
2024-10-29 10:56:48,102 DEBUG [main][DefaultLifecycleProcessor.java:356] - Starting beans in phase 2147483647
2024-10-29 10:56:48,102 INFO [main][DocumentationPluginsBootstrapper.java:160] - Context refreshed
2024-10-29 10:56:48,102 INFO [main][DocumentationPluginsBootstrapper.java:160] - Context refreshed
2024-10-29 10:56:48,109 INFO [main][DocumentationPluginsBootstrapper.java:163] - Found 1 custom documentation plugin(s)
2024-10-29 10:56:48,109 INFO [main][DocumentationPluginsBootstrapper.java:163] - Found 1 custom documentation plugin(s)
2024-10-29 10:56:48,124 INFO [main][ApiListingReferenceScanner.java:41] - Scanning for api listing references
2024-10-29 10:56:48,124 INFO [main][ApiListingReferenceScanner.java:41] - Scanning for api listing references
2024-10-29 10:56:48,198 DEBUG [main][DefaultLifecycleProcessor.java:188] - Successfully started bean 'documentationPluginsBootstrapper'
2024-10-29 10:56:48,198 DEBUG [main][DefaultLifecycleProcessor.java:188] - Successfully started bean 'documentationPluginsBootstrapper'
2024-10-29 10:56:48,198 DEBUG [main][DefaultLifecycleProcessor.java:188] - Successfully started bean 'webServerGracefulShutdown'
2024-10-29 10:56:48,198 DEBUG [main][DefaultLifecycleProcessor.java:188] - Successfully started bean 'webServerGracefulShutdown'
2024-10-29 10:56:48,203 DEBUG [main][ConditionEvaluationReportLoggingListener.java:126] - 


============================
CONDITIONS EVALUATION REPORT
============================


Positive matches:
-----------------

   AopAutoConfiguration matched:
      - @ConditionalOnProperty (spring.aop.auto=true) matched (OnPropertyCondition)

   AopAutoConfiguration.ClassProxyingConfiguration matched:
      - @ConditionalOnMissingClass did not find unwanted class 'org.aspectj.weaver.Advice' (OnClassCondition)
      - @ConditionalOnProperty (spring.aop.proxy-target-class=true) matched (OnPropertyCondition)

   ConfigurationPropertiesRebinderAutoConfiguration matched:
      - @ConditionalOnBean (types: org.springframework.boot.context.properties.ConfigurationPropertiesBindingPostProcessor; SearchStrategy: all) found bean 'org.springframework.boot.context.properties.ConfigurationPropertiesBindingPostProcessor' (OnBeanCondition)

   ConfigurationPropertiesRebinderAutoConfiguration#configurationPropertiesBeans matched:
      - @ConditionalOnMissingBean (types: org.springframework.cloud.context.properties.ConfigurationPropertiesBeans; SearchStrategy: current) did not find any beans (OnBeanCondition)

   ConfigurationPropertiesRebinderAutoConfiguration#configurationPropertiesRebinder matched:
      - @ConditionalOnMissingBean (types: org.springframework.cloud.context.properties.ConfigurationPropertiesRebinder; SearchStrategy: current) did not find any beans (OnBeanCondition)

   DispatcherServletAutoConfiguration matched:
      - @ConditionalOnClass found required class 'org.springframework.web.servlet.DispatcherServlet' (OnClassCondition)
      - found 'session' scope (OnWebApplicationCondition)

   DispatcherServletAutoConfiguration.DispatcherServletConfiguration matched:
      - @ConditionalOnClass found required class 'javax.servlet.ServletRegistration' (OnClassCondition)
      - Default DispatcherServlet did not find dispatcher servlet beans (DispatcherServletAutoConfiguration.DefaultDispatcherServletCondition)

   DispatcherServletAutoConfiguration.DispatcherServletRegistrationConfiguration matched:
      - @ConditionalOnClass found required class 'javax.servlet.ServletRegistration' (OnClassCondition)
      - DispatcherServlet Registration did not find servlet registration bean (DispatcherServletAutoConfiguration.DispatcherServletRegistrationCondition)

   DispatcherServletAutoConfiguration.DispatcherServletRegistrationConfiguration#dispatcherServletRegistration matched:
      - @ConditionalOnBean (names: dispatcherServlet types: org.springframework.web.servlet.DispatcherServlet; SearchStrategy: all) found bean 'dispatcherServlet' (OnBeanCondition)

   EmbeddedWebServerFactoryCustomizerAutoConfiguration matched:
      - @ConditionalOnWebApplication (required) found 'session' scope (OnWebApplicationCondition)

   EmbeddedWebServerFactoryCustomizerAutoConfiguration.TomcatWebServerFactoryCustomizerConfiguration matched:
      - @ConditionalOnClass found required classes 'org.apache.catalina.startup.Tomcat', 'org.apache.coyote.UpgradeProtocol' (OnClassCondition)

   ErrorMvcAutoConfiguration matched:
      - @ConditionalOnClass found required classes 'javax.servlet.Servlet', 'org.springframework.web.servlet.DispatcherServlet' (OnClassCondition)
      - found 'session' scope (OnWebApplicationCondition)

   ErrorMvcAutoConfiguration#basicErrorController matched:
      - @ConditionalOnMissingBean (types: org.springframework.boot.web.servlet.error.ErrorController; SearchStrategy: current) did not find any beans (OnBeanCondition)

   ErrorMvcAutoConfiguration#errorAttributes matched:
      - @ConditionalOnMissingBean (types: org.springframework.boot.web.servlet.error.ErrorAttributes; SearchStrategy: current) did not find any beans (OnBeanCondition)

   ErrorMvcAutoConfiguration.DefaultErrorViewResolverConfiguration#conventionErrorViewResolver matched:
      - @ConditionalOnBean (types: org.springframework.web.servlet.DispatcherServlet; SearchStrategy: all) found bean 'dispatcherServlet'; @ConditionalOnMissingBean (types: org.springframework.boot.autoconfigure.web.servlet.error.ErrorViewResolver; SearchStrategy: all) did not find any beans (OnBeanCondition)

   ErrorMvcAutoConfiguration.WhitelabelErrorViewConfiguration matched:
      - @ConditionalOnProperty (server.error.whitelabel.enabled) matched (OnPropertyCondition)
      - ErrorTemplate Missing did not find error template view (ErrorMvcAutoConfiguration.ErrorTemplateMissingCondition)

   ErrorMvcAutoConfiguration.WhitelabelErrorViewConfiguration#beanNameViewResolver matched:
      - @ConditionalOnMissingBean (types: org.springframework.web.servlet.view.BeanNameViewResolver; SearchStrategy: all) did not find any beans (OnBeanCondition)

   ErrorMvcAutoConfiguration.WhitelabelErrorViewConfiguration#defaultErrorView matched:
      - @ConditionalOnMissingBean (names: error; SearchStrategy: all) did not find any beans (OnBeanCondition)

   GenericCacheConfiguration matched:
      - Cache org.springframework.boot.autoconfigure.cache.GenericCacheConfiguration automatic cache type (CacheCondition)

   HttpEncodingAutoConfiguration matched:
      - @ConditionalOnClass found required class 'org.springframework.web.filter.CharacterEncodingFilter' (OnClassCondition)
      - found 'session' scope (OnWebApplicationCondition)
      - @ConditionalOnProperty (server.servlet.encoding.enabled) matched (OnPropertyCondition)

   HttpEncodingAutoConfiguration#characterEncodingFilter matched:
      - @ConditionalOnMissingBean (types: org.springframework.web.filter.CharacterEncodingFilter; SearchStrategy: all) did not find any beans (OnBeanCondition)

   HttpMessageConvertersAutoConfiguration matched:
      - @ConditionalOnClass found required class 'org.springframework.http.converter.HttpMessageConverter' (OnClassCondition)
      - NoneNestedConditions 0 matched 1 did not; NestedCondition on HttpMessageConvertersAutoConfiguration.NotReactiveWebApplicationCondition.ReactiveWebApplication did not find reactive web application classes (HttpMessageConvertersAutoConfiguration.NotReactiveWebApplicationCondition)

   HttpMessageConvertersAutoConfiguration#messageConverters matched:
      - @ConditionalOnMissingBean (types: org.springframework.boot.autoconfigure.http.HttpMessageConverters; SearchStrategy: all) did not find any beans (OnBeanCondition)

   HttpMessageConvertersAutoConfiguration.StringHttpMessageConverterConfiguration matched:
      - @ConditionalOnClass found required class 'org.springframework.http.converter.StringHttpMessageConverter' (OnClassCondition)

   HttpMessageConvertersAutoConfiguration.StringHttpMessageConverterConfiguration#stringHttpMessageConverter matched:
      - @ConditionalOnMissingBean (types: org.springframework.http.converter.StringHttpMessageConverter; SearchStrategy: all) did not find any beans (OnBeanCondition)

   JacksonAutoConfiguration matched:
      - @ConditionalOnClass found required class 'com.fasterxml.jackson.databind.ObjectMapper' (OnClassCondition)

   JacksonAutoConfiguration.Jackson2ObjectMapperBuilderCustomizerConfiguration matched:
      - @ConditionalOnClass found required class 'org.springframework.http.converter.json.Jackson2ObjectMapperBuilder' (OnClassCondition)

   JacksonAutoConfiguration.JacksonObjectMapperBuilderConfiguration matched:
      - @ConditionalOnClass found required class 'org.springframework.http.converter.json.Jackson2ObjectMapperBuilder' (OnClassCondition)

   JacksonAutoConfiguration.JacksonObjectMapperBuilderConfiguration#jacksonObjectMapperBuilder matched:
      - @ConditionalOnMissingBean (types: org.springframework.http.converter.json.Jackson2ObjectMapperBuilder; SearchStrategy: all) did not find any beans (OnBeanCondition)

   JacksonAutoConfiguration.JacksonObjectMapperConfiguration matched:
      - @ConditionalOnClass found required class 'org.springframework.http.converter.json.Jackson2ObjectMapperBuilder' (OnClassCondition)

   JacksonAutoConfiguration.JacksonObjectMapperConfiguration#jacksonObjectMapper matched:
      - @ConditionalOnMissingBean (types: com.fasterxml.jackson.databind.ObjectMapper; SearchStrategy: all) did not find any beans (OnBeanCondition)

   JacksonAutoConfiguration.ParameterNamesModuleConfiguration matched:
      - @ConditionalOnClass found required class 'com.fasterxml.jackson.module.paramnames.ParameterNamesModule' (OnClassCondition)

   JacksonAutoConfiguration.ParameterNamesModuleConfiguration#parameterNamesModule matched:
      - @ConditionalOnMissingBean (types: com.fasterxml.jackson.module.paramnames.ParameterNamesModule; SearchStrategy: all) did not find any beans (OnBeanCondition)

   JacksonHttpMessageConvertersConfiguration.MappingJackson2HttpMessageConverterConfiguration matched:
      - @ConditionalOnClass found required class 'com.fasterxml.jackson.databind.ObjectMapper' (OnClassCondition)
      - @ConditionalOnProperty (spring.mvc.converters.preferred-json-mapper=jackson) matched (OnPropertyCondition)
      - @ConditionalOnBean (types: com.fasterxml.jackson.databind.ObjectMapper; SearchStrategy: all) found bean 'jacksonObjectMapper' (OnBeanCondition)

   JacksonHttpMessageConvertersConfiguration.MappingJackson2HttpMessageConverterConfiguration#mappingJackson2HttpMessageConverter matched:
      - @ConditionalOnMissingBean (types: org.springframework.http.converter.json.MappingJackson2HttpMessageConverter ignored: org.springframework.hateoas.server.mvc.TypeConstrainedMappingJackson2HttpMessageConverter,org.springframework.data.rest.webmvc.alps.AlpsJsonHttpMessageConverter; SearchStrategy: all) did not find any beans (OnBeanCondition)

   JmxAutoConfiguration matched:
      - @ConditionalOnClass found required class 'org.springframework.jmx.export.MBeanExporter' (OnClassCondition)
      - @ConditionalOnProperty (spring.jmx.enabled=true) matched (OnPropertyCondition)

   JmxAutoConfiguration#mbeanExporter matched:
      - @ConditionalOnMissingBean (types: org.springframework.jmx.export.MBeanExporter; SearchStrategy: current) did not find any beans (OnBeanCondition)

   JmxAutoConfiguration#mbeanServer matched:
      - @ConditionalOnMissingBean (types: javax.management.MBeanServer; SearchStrategy: all) did not find any beans (OnBeanCondition)

   JmxAutoConfiguration#objectNamingStrategy matched:
      - @ConditionalOnMissingBean (types: org.springframework.jmx.export.naming.ObjectNamingStrategy; SearchStrategy: current) did not find any beans (OnBeanCondition)

   LifecycleAutoConfiguration#defaultLifecycleProcessor matched:
      - @ConditionalOnMissingBean (names: lifecycleProcessor; SearchStrategy: current) did not find any beans (OnBeanCondition)

   LifecycleMvcEndpointAutoConfiguration#environmentManager matched:
      - @ConditionalOnMissingBean (types: org.springframework.cloud.context.environment.EnvironmentManager; SearchStrategy: all) did not find any beans (OnBeanCondition)

   MultipartAutoConfiguration matched:
      - @ConditionalOnClass found required classes 'javax.servlet.Servlet', 'org.springframework.web.multipart.support.StandardServletMultipartResolver', 'javax.servlet.MultipartConfigElement' (OnClassCondition)
      - found 'session' scope (OnWebApplicationCondition)
      - @ConditionalOnProperty (spring.servlet.multipart.enabled) matched (OnPropertyCondition)

   MultipartAutoConfiguration#multipartConfigElement matched:
      - @ConditionalOnMissingBean (types: javax.servlet.MultipartConfigElement,org.springframework.web.multipart.commons.CommonsMultipartResolver; SearchStrategy: all) did not find any beans (OnBeanCondition)

   MultipartAutoConfiguration#multipartResolver matched:
      - @ConditionalOnMissingBean (types: org.springframework.web.multipart.MultipartResolver; SearchStrategy: all) did not find any beans (OnBeanCondition)

   NoOpCacheConfiguration matched:
      - Cache org.springframework.boot.autoconfigure.cache.NoOpCacheConfiguration automatic cache type (CacheCondition)

   PropertyPlaceholderAutoConfiguration#propertySourcesPlaceholderConfigurer matched:
      - @ConditionalOnMissingBean (types: org.springframework.context.support.PropertySourcesPlaceholderConfigurer; SearchStrategy: current) did not find any beans (OnBeanCondition)

   RefreshAutoConfiguration matched:
      - @ConditionalOnClass found required class 'org.springframework.cloud.context.scope.refresh.RefreshScope' (OnClassCondition)
      - @ConditionalOnProperty (spring.cloud.refresh.enabled) matched (OnPropertyCondition)

   RefreshAutoConfiguration#contextRefresher matched:
      - @ConditionalOnMissingBean (types: org.springframework.cloud.context.refresh.ContextRefresher; SearchStrategy: all) did not find any beans (OnBeanCondition)

   RefreshAutoConfiguration#loggingRebinder matched:
      - @ConditionalOnMissingBean (types: org.springframework.cloud.logging.LoggingRebinder; SearchStrategy: all) did not find any beans (OnBeanCondition)

   RefreshAutoConfiguration#refreshScope matched:
      - @ConditionalOnMissingBean (types: org.springframework.cloud.context.scope.refresh.RefreshScope; SearchStrategy: all) did not find any beans (OnBeanCondition)

   RestTemplateAutoConfiguration matched:
      - @ConditionalOnClass found required class 'org.springframework.web.client.RestTemplate' (OnClassCondition)
      - NoneNestedConditions 0 matched 1 did not; NestedCondition on RestTemplateAutoConfiguration.NotReactiveWebApplicationCondition.ReactiveWebApplication did not find reactive web application classes (RestTemplateAutoConfiguration.NotReactiveWebApplicationCondition)

   RestTemplateAutoConfiguration#restTemplateBuilder matched:
      - @ConditionalOnMissingBean (types: org.springframework.boot.web.client.RestTemplateBuilder; SearchStrategy: all) did not find any beans (OnBeanCondition)

   ServletWebServerFactoryAutoConfiguration matched:
      - @ConditionalOnClass found required class 'javax.servlet.ServletRequest' (OnClassCondition)
      - found 'session' scope (OnWebApplicationCondition)

   ServletWebServerFactoryAutoConfiguration#tomcatServletWebServerFactoryCustomizer matched:
      - @ConditionalOnClass found required class 'org.apache.catalina.startup.Tomcat' (OnClassCondition)

   ServletWebServerFactoryConfiguration.EmbeddedTomcat matched:
      - @ConditionalOnClass found required classes 'javax.servlet.Servlet', 'org.apache.catalina.startup.Tomcat', 'org.apache.coyote.UpgradeProtocol' (OnClassCondition)
      - @ConditionalOnMissingBean (types: org.springframework.boot.web.servlet.server.ServletWebServerFactory; SearchStrategy: current) did not find any beans (OnBeanCondition)

   SimpleCacheConfiguration matched:
      - Cache org.springframework.boot.autoconfigure.cache.SimpleCacheConfiguration automatic cache type (CacheCondition)

   SpringApplicationAdminJmxAutoConfiguration matched:
      - @ConditionalOnProperty (spring.application.admin.enabled=true) matched (OnPropertyCondition)

   SpringApplicationAdminJmxAutoConfiguration#springApplicationAdminRegistrar matched:
      - @ConditionalOnMissingBean (types: org.springframework.boot.admin.SpringApplicationAdminMXBeanRegistrar; SearchStrategy: all) did not find any beans (OnBeanCondition)

   Swagger2Configuration matched:
      - @ConditionalOnProperty (swagger.enabled) matched (OnPropertyCondition)

   Swagger2DocumentationConfiguration matched:
      - @ConditionalOnWebApplication (required) found 'session' scope (OnWebApplicationCondition)

   SwaggerAutoConfiguration#createRestApi matched:
      - @ConditionalOnProperty (swagger.enabled) matched (OnPropertyCondition)
      - @ConditionalOnBean (types: springfox.documentation.swagger.web.UiConfiguration; SearchStrategy: all) found bean 'uiConfiguration'; @ConditionalOnMissingBean (types: java.util.List; SearchStrategy: all) did not find any beans (OnBeanCondition)

   SwaggerAutoConfiguration#swaggerProperties matched:
      - @ConditionalOnMissingBean (types: com.spring4all.swagger.SwaggerProperties; SearchStrategy: all) did not find any beans (OnBeanCondition)

   TaskExecutionAutoConfiguration matched:
      - @ConditionalOnClass found required class 'org.springframework.scheduling.concurrent.ThreadPoolTaskExecutor' (OnClassCondition)

   TaskExecutionAutoConfiguration#applicationTaskExecutor matched:
      - @ConditionalOnMissingBean (types: java.util.concurrent.Executor; SearchStrategy: all) did not find any beans (OnBeanCondition)

   TaskExecutionAutoConfiguration#taskExecutorBuilder matched:
      - @ConditionalOnMissingBean (types: org.springframework.boot.task.TaskExecutorBuilder; SearchStrategy: all) did not find any beans (OnBeanCondition)

   TaskSchedulingAutoConfiguration matched:
      - @ConditionalOnClass found required class 'org.springframework.scheduling.concurrent.ThreadPoolTaskScheduler' (OnClassCondition)

   TaskSchedulingAutoConfiguration#taskSchedulerBuilder matched:
      - @ConditionalOnMissingBean (types: org.springframework.boot.task.TaskSchedulerBuilder; SearchStrategy: all) did not find any beans (OnBeanCondition)

   ValidationAutoConfiguration matched:
      - @ConditionalOnClass found required class 'javax.validation.executable.ExecutableValidator' (OnClassCondition)
      - @ConditionalOnResource found location classpath:META-INF/services/javax.validation.spi.ValidationProvider (OnResourceCondition)

   ValidationAutoConfiguration#defaultValidator matched:
      - @ConditionalOnMissingBean (types: javax.validation.Validator; SearchStrategy: all) did not find any beans (OnBeanCondition)

   ValidationAutoConfiguration#methodValidationPostProcessor matched:
      - @ConditionalOnMissingBean (types: org.springframework.validation.beanvalidation.MethodValidationPostProcessor; SearchStrategy: all) did not find any beans (OnBeanCondition)

   WebMvcAutoConfiguration matched:
      - @ConditionalOnClass found required classes 'javax.servlet.Servlet', 'org.springframework.web.servlet.DispatcherServlet', 'org.springframework.web.servlet.config.annotation.WebMvcConfigurer' (OnClassCondition)
      - found 'session' scope (OnWebApplicationCondition)
      - @ConditionalOnMissingBean (types: org.springframework.web.servlet.config.annotation.WebMvcConfigurationSupport; SearchStrategy: all) did not find any beans (OnBeanCondition)

   WebMvcAutoConfiguration#formContentFilter matched:
      - @ConditionalOnProperty (spring.mvc.formcontent.filter.enabled) matched (OnPropertyCondition)
      - @ConditionalOnMissingBean (types: org.springframework.web.filter.FormContentFilter; SearchStrategy: all) did not find any beans (OnBeanCondition)

   WebMvcAutoConfiguration.WebMvcAutoConfigurationAdapter#defaultViewResolver matched:
      - @ConditionalOnMissingBean (types: org.springframework.web.servlet.view.InternalResourceViewResolver; SearchStrategy: all) did not find any beans (OnBeanCondition)

   WebMvcAutoConfiguration.WebMvcAutoConfigurationAdapter#requestContextFilter matched:
      - @ConditionalOnMissingBean (types: org.springframework.web.context.request.RequestContextListener,org.springframework.web.filter.RequestContextFilter; SearchStrategy: all) did not find any beans (OnBeanCondition)

   WebMvcAutoConfiguration.WebMvcAutoConfigurationAdapter#viewResolver matched:
      - @ConditionalOnBean (types: org.springframework.web.servlet.ViewResolver; SearchStrategy: all) found beans 'defaultViewResolver', 'beanNameViewResolver', 'mvcViewResolver'; @ConditionalOnMissingBean (names: viewResolver types: org.springframework.web.servlet.view.ContentNegotiatingViewResolver; SearchStrategy: all) did not find any beans (OnBeanCondition)

   WebSocketServletAutoConfiguration matched:
      - @ConditionalOnClass found required classes 'javax.servlet.Servlet', 'javax.websocket.server.ServerContainer' (OnClassCondition)
      - found 'session' scope (OnWebApplicationCondition)

   WebSocketServletAutoConfiguration.TomcatWebSocketConfiguration matched:
      - @ConditionalOnClass found required classes 'org.apache.catalina.startup.Tomcat', 'org.apache.tomcat.websocket.server.WsSci' (OnClassCondition)

   WebSocketServletAutoConfiguration.TomcatWebSocketConfiguration#websocketServletWebServerCustomizer matched:
      - @ConditionalOnMissingBean (names: websocketServletWebServerCustomizer; SearchStrategy: all) did not find any beans (OnBeanCondition)


Negative matches:
-----------------

   ActiveMQAutoConfiguration:
      Did not match:
         - @ConditionalOnClass did not find required class 'javax.jms.ConnectionFactory' (OnClassCondition)

   AopAutoConfiguration.AspectJAutoProxyingConfiguration:
      Did not match:
         - @ConditionalOnClass did not find required class 'org.aspectj.weaver.Advice' (OnClassCondition)

   ArtemisAutoConfiguration:
      Did not match:
         - @ConditionalOnClass did not find required class 'javax.jms.ConnectionFactory' (OnClassCondition)

   BatchAutoConfiguration:
      Did not match:
         - @ConditionalOnClass did not find required class 'org.springframework.batch.core.launch.JobLauncher' (OnClassCondition)

   CacheAutoConfiguration:
      Did not match:
         - @ConditionalOnBean (types: org.springframework.cache.interceptor.CacheAspectSupport; SearchStrategy: all) did not find any beans of type org.springframework.cache.interceptor.CacheAspectSupport (OnBeanCondition)
      Matched:
         - @ConditionalOnClass found required class 'org.springframework.cache.CacheManager' (OnClassCondition)

   CacheAutoConfiguration.CacheManagerEntityManagerFactoryDependsOnPostProcessor:
      Did not match:
         - @ConditionalOnClass did not find required class 'org.springframework.orm.jpa.LocalContainerEntityManagerFactoryBean' (OnClassCondition)
         - Ancestor org.springframework.boot.autoconfigure.cache.CacheAutoConfiguration did not match (ConditionEvaluationReport.AncestorsMatchedCondition)

   CaffeineCacheConfiguration:
      Did not match:
         - @ConditionalOnClass did not find required class 'com.github.benmanes.caffeine.cache.Caffeine' (OnClassCondition)

   CassandraAutoConfiguration:
      Did not match:
         - @ConditionalOnClass did not find required class 'com.datastax.oss.driver.api.core.CqlSession' (OnClassCondition)

   CassandraDataAutoConfiguration:
      Did not match:
         - @ConditionalOnClass did not find required class 'com.datastax.oss.driver.api.core.CqlSession' (OnClassCondition)

   CassandraReactiveDataAutoConfiguration:
      Did not match:
         - @ConditionalOnClass did not find required class 'com.datastax.oss.driver.api.core.CqlSession' (OnClassCondition)

   CassandraReactiveRepositoriesAutoConfiguration:
      Did not match:
         - @ConditionalOnClass did not find required class 'org.springframework.data.cassandra.ReactiveSession' (OnClassCondition)

   CassandraRepositoriesAutoConfiguration:
      Did not match:
         - @ConditionalOnClass did not find required class 'com.datastax.oss.driver.api.core.CqlSession' (OnClassCondition)

   ClientHttpConnectorAutoConfiguration:
      Did not match:
         - @ConditionalOnClass did not find required class 'org.springframework.web.reactive.function.client.WebClient' (OnClassCondition)

   CodecsAutoConfiguration:
      Did not match:
         - @ConditionalOnClass did not find required class 'org.springframework.web.reactive.function.client.WebClient' (OnClassCondition)

   CouchbaseAutoConfiguration:
      Did not match:
         - @ConditionalOnClass did not find required class 'com.couchbase.client.java.Cluster' (OnClassCondition)

   CouchbaseCacheConfiguration:
      Did not match:
         - @ConditionalOnClass did not find required class 'com.couchbase.client.java.Cluster' (OnClassCondition)

   CouchbaseDataAutoConfiguration:
      Did not match:
         - @ConditionalOnClass did not find required class 'com.couchbase.client.java.Bucket' (OnClassCondition)

   CouchbaseReactiveDataAutoConfiguration:
      Did not match:
         - @ConditionalOnClass did not find required class 'com.couchbase.client.java.Cluster' (OnClassCondition)

   CouchbaseReactiveRepositoriesAutoConfiguration:
      Did not match:
         - @ConditionalOnClass did not find required class 'com.couchbase.client.java.Cluster' (OnClassCondition)

   CouchbaseRepositoriesAutoConfiguration:
      Did not match:
         - @ConditionalOnClass did not find required class 'com.couchbase.client.java.Bucket' (OnClassCondition)

   DataSourceAutoConfiguration:
      Did not match:
         - @ConditionalOnClass did not find required class 'org.springframework.jdbc.datasource.embedded.EmbeddedDatabaseType' (OnClassCondition)

   DataSourceTransactionManagerAutoConfiguration:
      Did not match:
         - @ConditionalOnClass did not find required class 'org.springframework.jdbc.core.JdbcTemplate' (OnClassCondition)

   DispatcherServletAutoConfiguration.DispatcherServletConfiguration#multipartResolver:
      Did not match:
         - @ConditionalOnBean (types: org.springframework.web.multipart.MultipartResolver; SearchStrategy: all) did not find any beans of type org.springframework.web.multipart.MultipartResolver (OnBeanCondition)

   EhCacheCacheConfiguration:
      Did not match:
         - @ConditionalOnClass did not find required class 'net.sf.ehcache.Cache' (OnClassCondition)

   ElasticsearchDataAutoConfiguration:
      Did not match:
         - @ConditionalOnClass did not find required class 'org.springframework.data.elasticsearch.core.ElasticsearchTemplate' (OnClassCondition)

   ElasticsearchRepositoriesAutoConfiguration:
      Did not match:
         - @ConditionalOnClass did not find required class 'org.elasticsearch.client.Client' (OnClassCondition)

   ElasticsearchRestClientAutoConfiguration:
      Did not match:
         - @ConditionalOnClass did not find required class 'org.elasticsearch.client.RestClient' (OnClassCondition)

   EmbeddedLdapAutoConfiguration:
      Did not match:
         - @ConditionalOnClass did not find required class 'com.unboundid.ldap.listener.InMemoryDirectoryServer' (OnClassCondition)

   EmbeddedMongoAutoConfiguration:
      Did not match:
         - @ConditionalOnClass did not find required class 'com.mongodb.MongoClientSettings' (OnClassCondition)

   EmbeddedWebServerFactoryCustomizerAutoConfiguration.JettyWebServerFactoryCustomizerConfiguration:
      Did not match:
         - @ConditionalOnClass did not find required classes 'org.eclipse.jetty.server.Server', 'org.eclipse.jetty.util.Loader', 'org.eclipse.jetty.webapp.WebAppContext' (OnClassCondition)

   EmbeddedWebServerFactoryCustomizerAutoConfiguration.NettyWebServerFactoryCustomizerConfiguration:
      Did not match:
         - @ConditionalOnClass did not find required class 'reactor.netty.http.server.HttpServer' (OnClassCondition)

   EmbeddedWebServerFactoryCustomizerAutoConfiguration.UndertowWebServerFactoryCustomizerConfiguration:
      Did not match:
         - @ConditionalOnClass did not find required classes 'io.undertow.Undertow', 'org.xnio.SslClientAuthMode' (OnClassCondition)

   ErrorWebFluxAutoConfiguration:
      Did not match:
         - @ConditionalOnClass did not find required class 'org.springframework.web.reactive.config.WebFluxConfigurer' (OnClassCondition)

   FlywayAutoConfiguration:
      Did not match:
         - @ConditionalOnClass did not find required class 'org.flywaydb.core.Flyway' (OnClassCondition)

   FreeMarkerAutoConfiguration:
      Did not match:
         - @ConditionalOnClass did not find required class 'freemarker.template.Configuration' (OnClassCondition)

   GroovyTemplateAutoConfiguration:
      Did not match:
         - @ConditionalOnClass did not find required class 'groovy.text.markup.MarkupTemplateEngine' (OnClassCondition)

   GsonAutoConfiguration:
      Did not match:
         - @ConditionalOnClass did not find required class 'com.google.gson.Gson' (OnClassCondition)

   GsonHttpMessageConvertersConfiguration:
      Did not match:
         - @ConditionalOnClass did not find required class 'com.google.gson.Gson' (OnClassCondition)

   H2ConsoleAutoConfiguration:
      Did not match:
         - @ConditionalOnClass did not find required class 'org.h2.server.web.WebServlet' (OnClassCondition)

   HazelcastAutoConfiguration:
      Did not match:
         - @ConditionalOnClass did not find required class 'com.hazelcast.core.HazelcastInstance' (OnClassCondition)

   HazelcastCacheConfiguration:
      Did not match:
         - @ConditionalOnClass did not find required class 'com.hazelcast.core.HazelcastInstance' (OnClassCondition)

   HazelcastJpaDependencyAutoConfiguration:
      Did not match:
         - @ConditionalOnClass did not find required class 'com.hazelcast.core.HazelcastInstance' (OnClassCondition)

   HibernateJpaAutoConfiguration:
      Did not match:
         - @ConditionalOnClass did not find required class 'javax.persistence.EntityManager' (OnClassCondition)

   HttpHandlerAutoConfiguration:
      Did not match:
         - @ConditionalOnClass did not find required class 'org.springframework.web.reactive.DispatcherHandler' (OnClassCondition)

   HypermediaAutoConfiguration:
      Did not match:
         - @ConditionalOnClass did not find required class 'org.springframework.hateoas.EntityModel' (OnClassCondition)

   InfinispanCacheConfiguration:
      Did not match:
         - @ConditionalOnClass did not find required class 'org.infinispan.spring.embedded.provider.SpringEmbeddedCacheManager' (OnClassCondition)

   InfluxDbAutoConfiguration:
      Did not match:
         - @ConditionalOnClass did not find required class 'org.influxdb.InfluxDB' (OnClassCondition)

   IntegrationAutoConfiguration:
      Did not match:
         - @ConditionalOnClass did not find required class 'org.springframework.integration.config.EnableIntegration' (OnClassCondition)

   JCacheCacheConfiguration:
      Did not match:
         - @ConditionalOnClass did not find required class 'javax.cache.Caching' (OnClassCondition)

   JacksonHttpMessageConvertersConfiguration.MappingJackson2XmlHttpMessageConverterConfiguration:
      Did not match:
         - @ConditionalOnClass did not find required class 'com.fasterxml.jackson.dataformat.xml.XmlMapper' (OnClassCondition)

   JdbcRepositoriesAutoConfiguration:
      Did not match:
         - @ConditionalOnClass did not find required class 'org.springframework.data.jdbc.repository.config.AbstractJdbcConfiguration' (OnClassCondition)

   JdbcTemplateAutoConfiguration:
      Did not match:
         - @ConditionalOnClass did not find required class 'org.springframework.jdbc.core.JdbcTemplate' (OnClassCondition)

   JerseyAutoConfiguration:
      Did not match:
         - @ConditionalOnClass did not find required class 'org.glassfish.jersey.server.spring.SpringComponentProvider' (OnClassCondition)

   JmsAutoConfiguration:
      Did not match:
         - @ConditionalOnClass did not find required class 'javax.jms.Message' (OnClassCondition)

   JndiConnectionFactoryAutoConfiguration:
      Did not match:
         - @ConditionalOnClass did not find required class 'org.springframework.jms.core.JmsTemplate' (OnClassCondition)

   JndiDataSourceAutoConfiguration:
      Did not match:
         - @ConditionalOnClass did not find required class 'org.springframework.jdbc.datasource.embedded.EmbeddedDatabaseType' (OnClassCondition)

   JooqAutoConfiguration:
      Did not match:
         - @ConditionalOnClass did not find required class 'org.jooq.DSLContext' (OnClassCondition)

   JpaRepositoriesAutoConfiguration:
      Did not match:
         - @ConditionalOnClass did not find required class 'org.springframework.data.jpa.repository.JpaRepository' (OnClassCondition)

   JsonbAutoConfiguration:
      Did not match:
         - @ConditionalOnClass did not find required class 'javax.json.bind.Jsonb' (OnClassCondition)

   JsonbHttpMessageConvertersConfiguration:
      Did not match:
         - @ConditionalOnClass did not find required class 'javax.json.bind.Jsonb' (OnClassCondition)

   JtaAutoConfiguration:
      Did not match:
         - @ConditionalOnClass did not find required class 'javax.transaction.Transaction' (OnClassCondition)

   KafkaAutoConfiguration:
      Did not match:
         - @ConditionalOnClass did not find required class 'org.springframework.kafka.core.KafkaTemplate' (OnClassCondition)

   LdapAutoConfiguration:
      Did not match:
         - @ConditionalOnClass did not find required class 'org.springframework.ldap.core.ContextSource' (OnClassCondition)

   LdapRepositoriesAutoConfiguration:
      Did not match:
         - @ConditionalOnClass did not find required class 'org.springframework.data.ldap.repository.LdapRepository' (OnClassCondition)

   LiquibaseAutoConfiguration:
      Did not match:
         - @ConditionalOnClass did not find required class 'liquibase.change.DatabaseChange' (OnClassCondition)

   MailSenderAutoConfiguration:
      Did not match:
         - @ConditionalOnClass did not find required class 'javax.mail.internet.MimeMessage' (OnClassCondition)

   MailSenderValidatorAutoConfiguration:
      Did not match:
         - @ConditionalOnSingleCandidate did not find required type 'org.springframework.mail.javamail.JavaMailSenderImpl' (OnBeanCondition)

   MessageSourceAutoConfiguration:
      Did not match:
         - ResourceBundle did not find bundle with basename messages (MessageSourceAutoConfiguration.ResourceBundleCondition)

   MongoAutoConfiguration:
      Did not match:
         - @ConditionalOnClass did not find required class 'com.mongodb.client.MongoClient' (OnClassCondition)

   MongoDataAutoConfiguration:
      Did not match:
         - @ConditionalOnClass did not find required class 'com.mongodb.client.MongoClient' (OnClassCondition)

   MongoReactiveAutoConfiguration:
      Did not match:
         - @ConditionalOnClass did not find required class 'com.mongodb.reactivestreams.client.MongoClient' (OnClassCondition)

   MongoReactiveDataAutoConfiguration:
      Did not match:
         - @ConditionalOnClass did not find required class 'com.mongodb.reactivestreams.client.MongoClient' (OnClassCondition)

   MongoReactiveRepositoriesAutoConfiguration:
      Did not match:
         - @ConditionalOnClass did not find required class 'com.mongodb.reactivestreams.client.MongoClient' (OnClassCondition)

   MongoRepositoriesAutoConfiguration:
      Did not match:
         - @ConditionalOnClass did not find required class 'com.mongodb.client.MongoClient' (OnClassCondition)

   MustacheAutoConfiguration:
      Did not match:
         - @ConditionalOnClass did not find required class 'com.samskivert.mustache.Mustache' (OnClassCondition)

   Neo4jDataAutoConfiguration:
      Did not match:
         - @ConditionalOnClass did not find required class 'org.neo4j.ogm.session.SessionFactory' (OnClassCondition)

   Neo4jRepositoriesAutoConfiguration:
      Did not match:
         - @ConditionalOnClass did not find required class 'org.neo4j.ogm.session.Neo4jSession' (OnClassCondition)

   OAuth2ClientAutoConfiguration:
      Did not match:
         - @ConditionalOnClass did not find required class 'org.springframework.security.config.annotation.web.configuration.EnableWebSecurity' (OnClassCondition)

   OAuth2ResourceServerAutoConfiguration:
      Did not match:
         - @ConditionalOnClass did not find required class 'org.springframework.security.oauth2.server.resource.BearerTokenAuthenticationToken' (OnClassCondition)

   PersistenceExceptionTranslationAutoConfiguration:
      Did not match:
         - @ConditionalOnClass did not find required class 'org.springframework.dao.annotation.PersistenceExceptionTranslationPostProcessor' (OnClassCondition)

   ProjectInfoAutoConfiguration#buildProperties:
      Did not match:
         - @ConditionalOnResource did not find resource '${spring.info.build.location:classpath:META-INF/build-info.properties}' (OnResourceCondition)

   ProjectInfoAutoConfiguration#gitProperties:
      Did not match:
         - GitResource did not find git info at classpath:git.properties (ProjectInfoAutoConfiguration.GitResourceAvailableCondition)

   QuartzAutoConfiguration:
      Did not match:
         - @ConditionalOnClass did not find required class 'org.quartz.Scheduler' (OnClassCondition)

   R2dbcAutoConfiguration:
      Did not match:
         - @ConditionalOnClass did not find required class 'io.r2dbc.spi.ConnectionFactory' (OnClassCondition)

   R2dbcDataAutoConfiguration:
      Did not match:
         - @ConditionalOnClass did not find required class 'org.springframework.data.r2dbc.core.DatabaseClient' (OnClassCondition)

   R2dbcRepositoriesAutoConfiguration:
      Did not match:
         - @ConditionalOnClass did not find required class 'io.r2dbc.spi.ConnectionFactory' (OnClassCondition)

   R2dbcTransactionManagerAutoConfiguration:
      Did not match:
         - @ConditionalOnClass did not find required class 'org.springframework.data.r2dbc.connectionfactory.R2dbcTransactionManager' (OnClassCondition)

   RSocketMessagingAutoConfiguration:
      Did not match:
         - @ConditionalOnClass did not find required class 'io.rsocket.RSocketFactory' (OnClassCondition)

   RSocketRequesterAutoConfiguration:
      Did not match:
         - @ConditionalOnClass did not find required class 'io.rsocket.RSocketFactory' (OnClassCondition)

   RSocketSecurityAutoConfiguration:
      Did not match:
         - @ConditionalOnClass did not find required class 'org.springframework.security.rsocket.core.SecuritySocketAcceptorInterceptor' (OnClassCondition)

   RSocketServerAutoConfiguration:
      Did not match:
         - @ConditionalOnClass did not find required class 'io.rsocket.core.RSocketServer' (OnClassCondition)

   RSocketStrategiesAutoConfiguration:
      Did not match:
         - @ConditionalOnClass did not find required class 'io.netty.buffer.PooledByteBufAllocator' (OnClassCondition)

   RabbitAutoConfiguration:
      Did not match:
         - @ConditionalOnClass did not find required class 'com.rabbitmq.client.Channel' (OnClassCondition)

   ReactiveElasticsearchRepositoriesAutoConfiguration:
      Did not match:
         - @ConditionalOnClass did not find required class 'org.springframework.data.elasticsearch.client.reactive.ReactiveElasticsearchClient' (OnClassCondition)

   ReactiveElasticsearchRestClientAutoConfiguration:
      Did not match:
         - @ConditionalOnClass did not find required class 'reactor.netty.http.client.HttpClient' (OnClassCondition)

   ReactiveOAuth2ClientAutoConfiguration:
      Did not match:
         - @ConditionalOnClass did not find required class 'reactor.core.publisher.Flux' (OnClassCondition)

   ReactiveOAuth2ResourceServerAutoConfiguration:
      Did not match:
         - @ConditionalOnClass did not find required class 'org.springframework.security.config.annotation.web.reactive.EnableWebFluxSecurity' (OnClassCondition)

   ReactiveSecurityAutoConfiguration:
      Did not match:
         - @ConditionalOnClass did not find required class 'reactor.core.publisher.Flux' (OnClassCondition)

   ReactiveUserDetailsServiceAutoConfiguration:
      Did not match:
         - @ConditionalOnClass did not find required class 'org.springframework.security.authentication.ReactiveAuthenticationManager' (OnClassCondition)

   ReactiveWebServerFactoryAutoConfiguration:
      Did not match:
         - @ConditionalOnWebApplication did not find reactive web application classes (OnWebApplicationCondition)

   RedisAutoConfiguration:
      Did not match:
         - @ConditionalOnClass did not find required class 'org.springframework.data.redis.core.RedisOperations' (OnClassCondition)

   RedisCacheConfiguration:
      Did not match:
         - @ConditionalOnClass did not find required class 'org.springframework.data.redis.connection.RedisConnectionFactory' (OnClassCondition)

   RedisReactiveAutoConfiguration:
      Did not match:
         - @ConditionalOnClass did not find required class 'reactor.core.publisher.Flux' (OnClassCondition)

   RedisRepositoriesAutoConfiguration:
      Did not match:
         - @ConditionalOnClass did not find required class 'org.springframework.data.redis.repository.configuration.EnableRedisRepositories' (OnClassCondition)

   RefreshAutoConfiguration.JpaInvokerConfiguration:
      Did not match:
         - @ConditionalOnClass did not find required class 'javax.persistence.EntityManagerFactory' (OnClassCondition)

   RefreshEndpointAutoConfiguration:
      Did not match:
         - @ConditionalOnClass did not find required class 'org.springframework.boot.actuate.autoconfigure.endpoint.EndpointAutoConfiguration' (OnClassCondition)

   RepositoryRestMvcAutoConfiguration:
      Did not match:
         - @ConditionalOnClass did not find required class 'org.springframework.data.rest.webmvc.config.RepositoryRestMvcConfiguration' (OnClassCondition)

   Saml2RelyingPartyAutoConfiguration:
      Did not match:
         - @ConditionalOnClass did not find required class 'org.springframework.security.saml2.provider.service.registration.RelyingPartyRegistrationRepository' (OnClassCondition)

   SecurityAutoConfiguration:
      Did not match:
         - @ConditionalOnClass did not find required class 'org.springframework.security.authentication.DefaultAuthenticationEventPublisher' (OnClassCondition)

   SecurityFilterAutoConfiguration:
      Did not match:
         - @ConditionalOnClass did not find required class 'org.springframework.security.config.http.SessionCreationPolicy' (OnClassCondition)

   SendGridAutoConfiguration:
      Did not match:
         - @ConditionalOnClass did not find required class 'com.sendgrid.SendGrid' (OnClassCondition)

   ServletWebServerFactoryAutoConfiguration#forwardedHeaderFilter:
      Did not match:
         - @ConditionalOnProperty (server.forward-headers-strategy=framework) did not find property 'server.forward-headers-strategy' (OnPropertyCondition)

   ServletWebServerFactoryConfiguration.EmbeddedJetty:
      Did not match:
         - @ConditionalOnClass did not find required classes 'org.eclipse.jetty.server.Server', 'org.eclipse.jetty.util.Loader', 'org.eclipse.jetty.webapp.WebAppContext' (OnClassCondition)

   ServletWebServerFactoryConfiguration.EmbeddedUndertow:
      Did not match:
         - @ConditionalOnClass did not find required classes 'io.undertow.Undertow', 'org.xnio.SslClientAuthMode' (OnClassCondition)

   SessionAutoConfiguration:
      Did not match:
         - @ConditionalOnClass did not find required class 'org.springframework.session.Session' (OnClassCondition)

   SolrAutoConfiguration:
      Did not match:
         - @ConditionalOnClass did not find required class 'org.apache.solr.client.solrj.impl.CloudSolrClient' (OnClassCondition)

   SolrRepositoriesAutoConfiguration:
      Did not match:
         - @ConditionalOnClass did not find required class 'org.apache.solr.client.solrj.SolrClient' (OnClassCondition)

   SpringDataWebAutoConfiguration:
      Did not match:
         - @ConditionalOnClass did not find required class 'org.springframework.data.web.PageableHandlerMethodArgumentResolver' (OnClassCondition)

   TaskSchedulingAutoConfiguration#taskScheduler:
      Did not match:
         - @ConditionalOnBean (names: org.springframework.context.annotation.internalScheduledAnnotationProcessor; SearchStrategy: all) did not find any beans named org.springframework.context.annotation.internalScheduledAnnotationProcessor (OnBeanCondition)

   ThymeleafAutoConfiguration:
      Did not match:
         - @ConditionalOnClass did not find required class 'org.thymeleaf.spring5.SpringTemplateEngine' (OnClassCondition)

   TransactionAutoConfiguration:
      Did not match:
         - @ConditionalOnClass did not find required class 'org.springframework.transaction.PlatformTransactionManager' (OnClassCondition)

   UserDetailsServiceAutoConfiguration:
      Did not match:
         - @ConditionalOnClass did not find required class 'org.springframework.security.authentication.AuthenticationManager' (OnClassCondition)

   WebClientAutoConfiguration:
      Did not match:
         - @ConditionalOnClass did not find required class 'org.springframework.web.reactive.function.client.WebClient' (OnClassCondition)

   WebFluxAutoConfiguration:
      Did not match:
         - @ConditionalOnClass did not find required class 'org.springframework.web.reactive.config.WebFluxConfigurer' (OnClassCondition)

   WebMvcAutoConfiguration#hiddenHttpMethodFilter:
      Did not match:
         - @ConditionalOnProperty (spring.mvc.hiddenmethod.filter.enabled) did not find property 'enabled' (OnPropertyCondition)

   WebMvcAutoConfiguration.ResourceChainCustomizerConfiguration:
      Did not match:
         - @ConditionalOnEnabledResourceChain did not find class org.webjars.WebJarAssetLocator (OnEnabledResourceChainCondition)

   WebMvcAutoConfiguration.WebMvcAutoConfigurationAdapter#beanNameViewResolver:
      Did not match:
         - @ConditionalOnMissingBean (types: org.springframework.web.servlet.view.BeanNameViewResolver; SearchStrategy: all) found beans of type 'org.springframework.web.servlet.view.BeanNameViewResolver' beanNameViewResolver (OnBeanCondition)

   WebMvcAutoConfiguration.WebMvcAutoConfigurationAdapter#localeResolver:
      Did not match:
         - @ConditionalOnProperty (spring.mvc.locale) did not find property 'locale' (OnPropertyCondition)

   WebServiceTemplateAutoConfiguration:
      Did not match:
         - @ConditionalOnClass did not find required class 'org.springframework.oxm.Marshaller' (OnClassCondition)

   WebServicesAutoConfiguration:
      Did not match:
         - @ConditionalOnClass did not find required class 'org.springframework.ws.transport.http.MessageDispatcherServlet' (OnClassCondition)

   WebSocketMessagingAutoConfiguration:
      Did not match:
         - @ConditionalOnClass did not find required class 'org.springframework.web.socket.config.annotation.WebSocketMessageBrokerConfigurer' (OnClassCondition)

   WebSocketReactiveAutoConfiguration:
      Did not match:
         - @ConditionalOnWebApplication did not find reactive web application classes (OnWebApplicationCondition)

   WebSocketServletAutoConfiguration.JettyWebSocketConfiguration:
      Did not match:
         - @ConditionalOnClass did not find required class 'org.eclipse.jetty.websocket.jsr356.server.deploy.WebSocketServerContainerInitializer' (OnClassCondition)

   WebSocketServletAutoConfiguration.UndertowWebSocketConfiguration:
      Did not match:
         - @ConditionalOnClass did not find required class 'io.undertow.websockets.jsr.Bootstrap' (OnClassCondition)

   WritableEnvironmentEndpointAutoConfiguration:
      Did not match:
         - @ConditionalOnClass did not find required class 'org.springframework.boot.actuate.autoconfigure.env.EnvironmentEndpointProperties' (OnClassCondition)

   XADataSourceAutoConfiguration:
      Did not match:
         - @ConditionalOnClass did not find required class 'javax.transaction.TransactionManager' (OnClassCondition)


Exclusions:
-----------

    None


Unconditional classes:
----------------------

    org.springframework.boot.autoconfigure.context.ConfigurationPropertiesAutoConfiguration

    org.springframework.boot.autoconfigure.context.LifecycleAutoConfiguration

    org.springframework.boot.autoconfigure.context.PropertyPlaceholderAutoConfiguration

    org.springframework.cloud.autoconfigure.LifecycleMvcEndpointAutoConfiguration

    org.springframework.boot.autoconfigure.availability.ApplicationAvailabilityAutoConfiguration

    org.springframework.boot.autoconfigure.info.ProjectInfoAutoConfiguration



2024-10-29 10:56:48,203 DEBUG [main][ConditionEvaluationReportLoggingListener.java:126] - 


============================
CONDITIONS EVALUATION REPORT
============================


Positive matches:
-----------------

   AopAutoConfiguration matched:
      - @ConditionalOnProperty (spring.aop.auto=true) matched (OnPropertyCondition)

   AopAutoConfiguration.ClassProxyingConfiguration matched:
      - @ConditionalOnMissingClass did not find unwanted class 'org.aspectj.weaver.Advice' (OnClassCondition)
      - @ConditionalOnProperty (spring.aop.proxy-target-class=true) matched (OnPropertyCondition)

   ConfigurationPropertiesRebinderAutoConfiguration matched:
      - @ConditionalOnBean (types: org.springframework.boot.context.properties.ConfigurationPropertiesBindingPostProcessor; SearchStrategy: all) found bean 'org.springframework.boot.context.properties.ConfigurationPropertiesBindingPostProcessor' (OnBeanCondition)

   ConfigurationPropertiesRebinderAutoConfiguration#configurationPropertiesBeans matched:
      - @ConditionalOnMissingBean (types: org.springframework.cloud.context.properties.ConfigurationPropertiesBeans; SearchStrategy: current) did not find any beans (OnBeanCondition)

   ConfigurationPropertiesRebinderAutoConfiguration#configurationPropertiesRebinder matched:
      - @ConditionalOnMissingBean (types: org.springframework.cloud.context.properties.ConfigurationPropertiesRebinder; SearchStrategy: current) did not find any beans (OnBeanCondition)

   DispatcherServletAutoConfiguration matched:
      - @ConditionalOnClass found required class 'org.springframework.web.servlet.DispatcherServlet' (OnClassCondition)
      - found 'session' scope (OnWebApplicationCondition)

   DispatcherServletAutoConfiguration.DispatcherServletConfiguration matched:
      - @ConditionalOnClass found required class 'javax.servlet.ServletRegistration' (OnClassCondition)
      - Default DispatcherServlet did not find dispatcher servlet beans (DispatcherServletAutoConfiguration.DefaultDispatcherServletCondition)

   DispatcherServletAutoConfiguration.DispatcherServletRegistrationConfiguration matched:
      - @ConditionalOnClass found required class 'javax.servlet.ServletRegistration' (OnClassCondition)
      - DispatcherServlet Registration did not find servlet registration bean (DispatcherServletAutoConfiguration.DispatcherServletRegistrationCondition)

   DispatcherServletAutoConfiguration.DispatcherServletRegistrationConfiguration#dispatcherServletRegistration matched:
      - @ConditionalOnBean (names: dispatcherServlet types: org.springframework.web.servlet.DispatcherServlet; SearchStrategy: all) found bean 'dispatcherServlet' (OnBeanCondition)

   EmbeddedWebServerFactoryCustomizerAutoConfiguration matched:
      - @ConditionalOnWebApplication (required) found 'session' scope (OnWebApplicationCondition)

   EmbeddedWebServerFactoryCustomizerAutoConfiguration.TomcatWebServerFactoryCustomizerConfiguration matched:
      - @ConditionalOnClass found required classes 'org.apache.catalina.startup.Tomcat', 'org.apache.coyote.UpgradeProtocol' (OnClassCondition)

   ErrorMvcAutoConfiguration matched:
      - @ConditionalOnClass found required classes 'javax.servlet.Servlet', 'org.springframework.web.servlet.DispatcherServlet' (OnClassCondition)
      - found 'session' scope (OnWebApplicationCondition)

   ErrorMvcAutoConfiguration#basicErrorController matched:
      - @ConditionalOnMissingBean (types: org.springframework.boot.web.servlet.error.ErrorController; SearchStrategy: current) did not find any beans (OnBeanCondition)

   ErrorMvcAutoConfiguration#errorAttributes matched:
      - @ConditionalOnMissingBean (types: org.springframework.boot.web.servlet.error.ErrorAttributes; SearchStrategy: current) did not find any beans (OnBeanCondition)

   ErrorMvcAutoConfiguration.DefaultErrorViewResolverConfiguration#conventionErrorViewResolver matched:
      - @ConditionalOnBean (types: org.springframework.web.servlet.DispatcherServlet; SearchStrategy: all) found bean 'dispatcherServlet'; @ConditionalOnMissingBean (types: org.springframework.boot.autoconfigure.web.servlet.error.ErrorViewResolver; SearchStrategy: all) did not find any beans (OnBeanCondition)

   ErrorMvcAutoConfiguration.WhitelabelErrorViewConfiguration matched:
      - @ConditionalOnProperty (server.error.whitelabel.enabled) matched (OnPropertyCondition)
      - ErrorTemplate Missing did not find error template view (ErrorMvcAutoConfiguration.ErrorTemplateMissingCondition)

   ErrorMvcAutoConfiguration.WhitelabelErrorViewConfiguration#beanNameViewResolver matched:
      - @ConditionalOnMissingBean (types: org.springframework.web.servlet.view.BeanNameViewResolver; SearchStrategy: all) did not find any beans (OnBeanCondition)

   ErrorMvcAutoConfiguration.WhitelabelErrorViewConfiguration#defaultErrorView matched:
      - @ConditionalOnMissingBean (names: error; SearchStrategy: all) did not find any beans (OnBeanCondition)

   GenericCacheConfiguration matched:
      - Cache org.springframework.boot.autoconfigure.cache.GenericCacheConfiguration automatic cache type (CacheCondition)

   HttpEncodingAutoConfiguration matched:
      - @ConditionalOnClass found required class 'org.springframework.web.filter.CharacterEncodingFilter' (OnClassCondition)
      - found 'session' scope (OnWebApplicationCondition)
      - @ConditionalOnProperty (server.servlet.encoding.enabled) matched (OnPropertyCondition)

   HttpEncodingAutoConfiguration#characterEncodingFilter matched:
      - @ConditionalOnMissingBean (types: org.springframework.web.filter.CharacterEncodingFilter; SearchStrategy: all) did not find any beans (OnBeanCondition)

   HttpMessageConvertersAutoConfiguration matched:
      - @ConditionalOnClass found required class 'org.springframework.http.converter.HttpMessageConverter' (OnClassCondition)
      - NoneNestedConditions 0 matched 1 did not; NestedCondition on HttpMessageConvertersAutoConfiguration.NotReactiveWebApplicationCondition.ReactiveWebApplication did not find reactive web application classes (HttpMessageConvertersAutoConfiguration.NotReactiveWebApplicationCondition)

   HttpMessageConvertersAutoConfiguration#messageConverters matched:
      - @ConditionalOnMissingBean (types: org.springframework.boot.autoconfigure.http.HttpMessageConverters; SearchStrategy: all) did not find any beans (OnBeanCondition)

   HttpMessageConvertersAutoConfiguration.StringHttpMessageConverterConfiguration matched:
      - @ConditionalOnClass found required class 'org.springframework.http.converter.StringHttpMessageConverter' (OnClassCondition)

   HttpMessageConvertersAutoConfiguration.StringHttpMessageConverterConfiguration#stringHttpMessageConverter matched:
      - @ConditionalOnMissingBean (types: org.springframework.http.converter.StringHttpMessageConverter; SearchStrategy: all) did not find any beans (OnBeanCondition)

   JacksonAutoConfiguration matched:
      - @ConditionalOnClass found required class 'com.fasterxml.jackson.databind.ObjectMapper' (OnClassCondition)

   JacksonAutoConfiguration.Jackson2ObjectMapperBuilderCustomizerConfiguration matched:
      - @ConditionalOnClass found required class 'org.springframework.http.converter.json.Jackson2ObjectMapperBuilder' (OnClassCondition)

   JacksonAutoConfiguration.JacksonObjectMapperBuilderConfiguration matched:
      - @ConditionalOnClass found required class 'org.springframework.http.converter.json.Jackson2ObjectMapperBuilder' (OnClassCondition)

   JacksonAutoConfiguration.JacksonObjectMapperBuilderConfiguration#jacksonObjectMapperBuilder matched:
      - @ConditionalOnMissingBean (types: org.springframework.http.converter.json.Jackson2ObjectMapperBuilder; SearchStrategy: all) did not find any beans (OnBeanCondition)

   JacksonAutoConfiguration.JacksonObjectMapperConfiguration matched:
      - @ConditionalOnClass found required class 'org.springframework.http.converter.json.Jackson2ObjectMapperBuilder' (OnClassCondition)

   JacksonAutoConfiguration.JacksonObjectMapperConfiguration#jacksonObjectMapper matched:
      - @ConditionalOnMissingBean (types: com.fasterxml.jackson.databind.ObjectMapper; SearchStrategy: all) did not find any beans (OnBeanCondition)

   JacksonAutoConfiguration.ParameterNamesModuleConfiguration matched:
      - @ConditionalOnClass found required class 'com.fasterxml.jackson.module.paramnames.ParameterNamesModule' (OnClassCondition)

   JacksonAutoConfiguration.ParameterNamesModuleConfiguration#parameterNamesModule matched:
      - @ConditionalOnMissingBean (types: com.fasterxml.jackson.module.paramnames.ParameterNamesModule; SearchStrategy: all) did not find any beans (OnBeanCondition)

   JacksonHttpMessageConvertersConfiguration.MappingJackson2HttpMessageConverterConfiguration matched:
      - @ConditionalOnClass found required class 'com.fasterxml.jackson.databind.ObjectMapper' (OnClassCondition)
      - @ConditionalOnProperty (spring.mvc.converters.preferred-json-mapper=jackson) matched (OnPropertyCondition)
      - @ConditionalOnBean (types: com.fasterxml.jackson.databind.ObjectMapper; SearchStrategy: all) found bean 'jacksonObjectMapper' (OnBeanCondition)

   JacksonHttpMessageConvertersConfiguration.MappingJackson2HttpMessageConverterConfiguration#mappingJackson2HttpMessageConverter matched:
      - @ConditionalOnMissingBean (types: org.springframework.http.converter.json.MappingJackson2HttpMessageConverter ignored: org.springframework.hateoas.server.mvc.TypeConstrainedMappingJackson2HttpMessageConverter,org.springframework.data.rest.webmvc.alps.AlpsJsonHttpMessageConverter; SearchStrategy: all) did not find any beans (OnBeanCondition)

   JmxAutoConfiguration matched:
      - @ConditionalOnClass found required class 'org.springframework.jmx.export.MBeanExporter' (OnClassCondition)
      - @ConditionalOnProperty (spring.jmx.enabled=true) matched (OnPropertyCondition)

   JmxAutoConfiguration#mbeanExporter matched:
      - @ConditionalOnMissingBean (types: org.springframework.jmx.export.MBeanExporter; SearchStrategy: current) did not find any beans (OnBeanCondition)

   JmxAutoConfiguration#mbeanServer matched:
      - @ConditionalOnMissingBean (types: javax.management.MBeanServer; SearchStrategy: all) did not find any beans (OnBeanCondition)

   JmxAutoConfiguration#objectNamingStrategy matched:
      - @ConditionalOnMissingBean (types: org.springframework.jmx.export.naming.ObjectNamingStrategy; SearchStrategy: current) did not find any beans (OnBeanCondition)

   LifecycleAutoConfiguration#defaultLifecycleProcessor matched:
      - @ConditionalOnMissingBean (names: lifecycleProcessor; SearchStrategy: current) did not find any beans (OnBeanCondition)

   LifecycleMvcEndpointAutoConfiguration#environmentManager matched:
      - @ConditionalOnMissingBean (types: org.springframework.cloud.context.environment.EnvironmentManager; SearchStrategy: all) did not find any beans (OnBeanCondition)

   MultipartAutoConfiguration matched:
      - @ConditionalOnClass found required classes 'javax.servlet.Servlet', 'org.springframework.web.multipart.support.StandardServletMultipartResolver', 'javax.servlet.MultipartConfigElement' (OnClassCondition)
      - found 'session' scope (OnWebApplicationCondition)
      - @ConditionalOnProperty (spring.servlet.multipart.enabled) matched (OnPropertyCondition)

   MultipartAutoConfiguration#multipartConfigElement matched:
      - @ConditionalOnMissingBean (types: javax.servlet.MultipartConfigElement,org.springframework.web.multipart.commons.CommonsMultipartResolver; SearchStrategy: all) did not find any beans (OnBeanCondition)

   MultipartAutoConfiguration#multipartResolver matched:
      - @ConditionalOnMissingBean (types: org.springframework.web.multipart.MultipartResolver; SearchStrategy: all) did not find any beans (OnBeanCondition)

   NoOpCacheConfiguration matched:
      - Cache org.springframework.boot.autoconfigure.cache.NoOpCacheConfiguration automatic cache type (CacheCondition)

   PropertyPlaceholderAutoConfiguration#propertySourcesPlaceholderConfigurer matched:
      - @ConditionalOnMissingBean (types: org.springframework.context.support.PropertySourcesPlaceholderConfigurer; SearchStrategy: current) did not find any beans (OnBeanCondition)

   RefreshAutoConfiguration matched:
      - @ConditionalOnClass found required class 'org.springframework.cloud.context.scope.refresh.RefreshScope' (OnClassCondition)
      - @ConditionalOnProperty (spring.cloud.refresh.enabled) matched (OnPropertyCondition)

   RefreshAutoConfiguration#contextRefresher matched:
      - @ConditionalOnMissingBean (types: org.springframework.cloud.context.refresh.ContextRefresher; SearchStrategy: all) did not find any beans (OnBeanCondition)

   RefreshAutoConfiguration#loggingRebinder matched:
      - @ConditionalOnMissingBean (types: org.springframework.cloud.logging.LoggingRebinder; SearchStrategy: all) did not find any beans (OnBeanCondition)

   RefreshAutoConfiguration#refreshScope matched:
      - @ConditionalOnMissingBean (types: org.springframework.cloud.context.scope.refresh.RefreshScope; SearchStrategy: all) did not find any beans (OnBeanCondition)

   RestTemplateAutoConfiguration matched:
      - @ConditionalOnClass found required class 'org.springframework.web.client.RestTemplate' (OnClassCondition)
      - NoneNestedConditions 0 matched 1 did not; NestedCondition on RestTemplateAutoConfiguration.NotReactiveWebApplicationCondition.ReactiveWebApplication did not find reactive web application classes (RestTemplateAutoConfiguration.NotReactiveWebApplicationCondition)

   RestTemplateAutoConfiguration#restTemplateBuilder matched:
      - @ConditionalOnMissingBean (types: org.springframework.boot.web.client.RestTemplateBuilder; SearchStrategy: all) did not find any beans (OnBeanCondition)

   ServletWebServerFactoryAutoConfiguration matched:
      - @ConditionalOnClass found required class 'javax.servlet.ServletRequest' (OnClassCondition)
      - found 'session' scope (OnWebApplicationCondition)

   ServletWebServerFactoryAutoConfiguration#tomcatServletWebServerFactoryCustomizer matched:
      - @ConditionalOnClass found required class 'org.apache.catalina.startup.Tomcat' (OnClassCondition)

   ServletWebServerFactoryConfiguration.EmbeddedTomcat matched:
      - @ConditionalOnClass found required classes 'javax.servlet.Servlet', 'org.apache.catalina.startup.Tomcat', 'org.apache.coyote.UpgradeProtocol' (OnClassCondition)
      - @ConditionalOnMissingBean (types: org.springframework.boot.web.servlet.server.ServletWebServerFactory; SearchStrategy: current) did not find any beans (OnBeanCondition)

   SimpleCacheConfiguration matched:
      - Cache org.springframework.boot.autoconfigure.cache.SimpleCacheConfiguration automatic cache type (CacheCondition)

   SpringApplicationAdminJmxAutoConfiguration matched:
      - @ConditionalOnProperty (spring.application.admin.enabled=true) matched (OnPropertyCondition)

   SpringApplicationAdminJmxAutoConfiguration#springApplicationAdminRegistrar matched:
      - @ConditionalOnMissingBean (types: org.springframework.boot.admin.SpringApplicationAdminMXBeanRegistrar; SearchStrategy: all) did not find any beans (OnBeanCondition)

   Swagger2Configuration matched:
      - @ConditionalOnProperty (swagger.enabled) matched (OnPropertyCondition)

   Swagger2DocumentationConfiguration matched:
      - @ConditionalOnWebApplication (required) found 'session' scope (OnWebApplicationCondition)

   SwaggerAutoConfiguration#createRestApi matched:
      - @ConditionalOnProperty (swagger.enabled) matched (OnPropertyCondition)
      - @ConditionalOnBean (types: springfox.documentation.swagger.web.UiConfiguration; SearchStrategy: all) found bean 'uiConfiguration'; @ConditionalOnMissingBean (types: java.util.List; SearchStrategy: all) did not find any beans (OnBeanCondition)

   SwaggerAutoConfiguration#swaggerProperties matched:
      - @ConditionalOnMissingBean (types: com.spring4all.swagger.SwaggerProperties; SearchStrategy: all) did not find any beans (OnBeanCondition)

   TaskExecutionAutoConfiguration matched:
      - @ConditionalOnClass found required class 'org.springframework.scheduling.concurrent.ThreadPoolTaskExecutor' (OnClassCondition)

   TaskExecutionAutoConfiguration#applicationTaskExecutor matched:
      - @ConditionalOnMissingBean (types: java.util.concurrent.Executor; SearchStrategy: all) did not find any beans (OnBeanCondition)

   TaskExecutionAutoConfiguration#taskExecutorBuilder matched:
      - @ConditionalOnMissingBean (types: org.springframework.boot.task.TaskExecutorBuilder; SearchStrategy: all) did not find any beans (OnBeanCondition)

   TaskSchedulingAutoConfiguration matched:
      - @ConditionalOnClass found required class 'org.springframework.scheduling.concurrent.ThreadPoolTaskScheduler' (OnClassCondition)

   TaskSchedulingAutoConfiguration#taskSchedulerBuilder matched:
      - @ConditionalOnMissingBean (types: org.springframework.boot.task.TaskSchedulerBuilder; SearchStrategy: all) did not find any beans (OnBeanCondition)

   ValidationAutoConfiguration matched:
      - @ConditionalOnClass found required class 'javax.validation.executable.ExecutableValidator' (OnClassCondition)
      - @ConditionalOnResource found location classpath:META-INF/services/javax.validation.spi.ValidationProvider (OnResourceCondition)

   ValidationAutoConfiguration#defaultValidator matched:
      - @ConditionalOnMissingBean (types: javax.validation.Validator; SearchStrategy: all) did not find any beans (OnBeanCondition)

   ValidationAutoConfiguration#methodValidationPostProcessor matched:
      - @ConditionalOnMissingBean (types: org.springframework.validation.beanvalidation.MethodValidationPostProcessor; SearchStrategy: all) did not find any beans (OnBeanCondition)

   WebMvcAutoConfiguration matched:
      - @ConditionalOnClass found required classes 'javax.servlet.Servlet', 'org.springframework.web.servlet.DispatcherServlet', 'org.springframework.web.servlet.config.annotation.WebMvcConfigurer' (OnClassCondition)
      - found 'session' scope (OnWebApplicationCondition)
      - @ConditionalOnMissingBean (types: org.springframework.web.servlet.config.annotation.WebMvcConfigurationSupport; SearchStrategy: all) did not find any beans (OnBeanCondition)

   WebMvcAutoConfiguration#formContentFilter matched:
      - @ConditionalOnProperty (spring.mvc.formcontent.filter.enabled) matched (OnPropertyCondition)
      - @ConditionalOnMissingBean (types: org.springframework.web.filter.FormContentFilter; SearchStrategy: all) did not find any beans (OnBeanCondition)

   WebMvcAutoConfiguration.WebMvcAutoConfigurationAdapter#defaultViewResolver matched:
      - @ConditionalOnMissingBean (types: org.springframework.web.servlet.view.InternalResourceViewResolver; SearchStrategy: all) did not find any beans (OnBeanCondition)

   WebMvcAutoConfiguration.WebMvcAutoConfigurationAdapter#requestContextFilter matched:
      - @ConditionalOnMissingBean (types: org.springframework.web.context.request.RequestContextListener,org.springframework.web.filter.RequestContextFilter; SearchStrategy: all) did not find any beans (OnBeanCondition)

   WebMvcAutoConfiguration.WebMvcAutoConfigurationAdapter#viewResolver matched:
      - @ConditionalOnBean (types: org.springframework.web.servlet.ViewResolver; SearchStrategy: all) found beans 'defaultViewResolver', 'beanNameViewResolver', 'mvcViewResolver'; @ConditionalOnMissingBean (names: viewResolver types: org.springframework.web.servlet.view.ContentNegotiatingViewResolver; SearchStrategy: all) did not find any beans (OnBeanCondition)

   WebSocketServletAutoConfiguration matched:
      - @ConditionalOnClass found required classes 'javax.servlet.Servlet', 'javax.websocket.server.ServerContainer' (OnClassCondition)
      - found 'session' scope (OnWebApplicationCondition)

   WebSocketServletAutoConfiguration.TomcatWebSocketConfiguration matched:
      - @ConditionalOnClass found required classes 'org.apache.catalina.startup.Tomcat', 'org.apache.tomcat.websocket.server.WsSci' (OnClassCondition)

   WebSocketServletAutoConfiguration.TomcatWebSocketConfiguration#websocketServletWebServerCustomizer matched:
      - @ConditionalOnMissingBean (names: websocketServletWebServerCustomizer; SearchStrategy: all) did not find any beans (OnBeanCondition)


Negative matches:
-----------------

   ActiveMQAutoConfiguration:
      Did not match:
         - @ConditionalOnClass did not find required class 'javax.jms.ConnectionFactory' (OnClassCondition)

   AopAutoConfiguration.AspectJAutoProxyingConfiguration:
      Did not match:
         - @ConditionalOnClass did not find required class 'org.aspectj.weaver.Advice' (OnClassCondition)

   ArtemisAutoConfiguration:
      Did not match:
         - @ConditionalOnClass did not find required class 'javax.jms.ConnectionFactory' (OnClassCondition)

   BatchAutoConfiguration:
      Did not match:
         - @ConditionalOnClass did not find required class 'org.springframework.batch.core.launch.JobLauncher' (OnClassCondition)

   CacheAutoConfiguration:
      Did not match:
         - @ConditionalOnBean (types: org.springframework.cache.interceptor.CacheAspectSupport; SearchStrategy: all) did not find any beans of type org.springframework.cache.interceptor.CacheAspectSupport (OnBeanCondition)
      Matched:
         - @ConditionalOnClass found required class 'org.springframework.cache.CacheManager' (OnClassCondition)

   CacheAutoConfiguration.CacheManagerEntityManagerFactoryDependsOnPostProcessor:
      Did not match:
         - @ConditionalOnClass did not find required class 'org.springframework.orm.jpa.LocalContainerEntityManagerFactoryBean' (OnClassCondition)
         - Ancestor org.springframework.boot.autoconfigure.cache.CacheAutoConfiguration did not match (ConditionEvaluationReport.AncestorsMatchedCondition)

   CaffeineCacheConfiguration:
      Did not match:
         - @ConditionalOnClass did not find required class 'com.github.benmanes.caffeine.cache.Caffeine' (OnClassCondition)

   CassandraAutoConfiguration:
      Did not match:
         - @ConditionalOnClass did not find required class 'com.datastax.oss.driver.api.core.CqlSession' (OnClassCondition)

   CassandraDataAutoConfiguration:
      Did not match:
         - @ConditionalOnClass did not find required class 'com.datastax.oss.driver.api.core.CqlSession' (OnClassCondition)

   CassandraReactiveDataAutoConfiguration:
      Did not match:
         - @ConditionalOnClass did not find required class 'com.datastax.oss.driver.api.core.CqlSession' (OnClassCondition)

   CassandraReactiveRepositoriesAutoConfiguration:
      Did not match:
         - @ConditionalOnClass did not find required class 'org.springframework.data.cassandra.ReactiveSession' (OnClassCondition)

   CassandraRepositoriesAutoConfiguration:
      Did not match:
         - @ConditionalOnClass did not find required class 'com.datastax.oss.driver.api.core.CqlSession' (OnClassCondition)

   ClientHttpConnectorAutoConfiguration:
      Did not match:
         - @ConditionalOnClass did not find required class 'org.springframework.web.reactive.function.client.WebClient' (OnClassCondition)

   CodecsAutoConfiguration:
      Did not match:
         - @ConditionalOnClass did not find required class 'org.springframework.web.reactive.function.client.WebClient' (OnClassCondition)

   CouchbaseAutoConfiguration:
      Did not match:
         - @ConditionalOnClass did not find required class 'com.couchbase.client.java.Cluster' (OnClassCondition)

   CouchbaseCacheConfiguration:
      Did not match:
         - @ConditionalOnClass did not find required class 'com.couchbase.client.java.Cluster' (OnClassCondition)

   CouchbaseDataAutoConfiguration:
      Did not match:
         - @ConditionalOnClass did not find required class 'com.couchbase.client.java.Bucket' (OnClassCondition)

   CouchbaseReactiveDataAutoConfiguration:
      Did not match:
         - @ConditionalOnClass did not find required class 'com.couchbase.client.java.Cluster' (OnClassCondition)

   CouchbaseReactiveRepositoriesAutoConfiguration:
      Did not match:
         - @ConditionalOnClass did not find required class 'com.couchbase.client.java.Cluster' (OnClassCondition)

   CouchbaseRepositoriesAutoConfiguration:
      Did not match:
         - @ConditionalOnClass did not find required class 'com.couchbase.client.java.Bucket' (OnClassCondition)

   DataSourceAutoConfiguration:
      Did not match:
         - @ConditionalOnClass did not find required class 'org.springframework.jdbc.datasource.embedded.EmbeddedDatabaseType' (OnClassCondition)

   DataSourceTransactionManagerAutoConfiguration:
      Did not match:
         - @ConditionalOnClass did not find required class 'org.springframework.jdbc.core.JdbcTemplate' (OnClassCondition)

   DispatcherServletAutoConfiguration.DispatcherServletConfiguration#multipartResolver:
      Did not match:
         - @ConditionalOnBean (types: org.springframework.web.multipart.MultipartResolver; SearchStrategy: all) did not find any beans of type org.springframework.web.multipart.MultipartResolver (OnBeanCondition)

   EhCacheCacheConfiguration:
      Did not match:
         - @ConditionalOnClass did not find required class 'net.sf.ehcache.Cache' (OnClassCondition)

   ElasticsearchDataAutoConfiguration:
      Did not match:
         - @ConditionalOnClass did not find required class 'org.springframework.data.elasticsearch.core.ElasticsearchTemplate' (OnClassCondition)

   ElasticsearchRepositoriesAutoConfiguration:
      Did not match:
         - @ConditionalOnClass did not find required class 'org.elasticsearch.client.Client' (OnClassCondition)

   ElasticsearchRestClientAutoConfiguration:
      Did not match:
         - @ConditionalOnClass did not find required class 'org.elasticsearch.client.RestClient' (OnClassCondition)

   EmbeddedLdapAutoConfiguration:
      Did not match:
         - @ConditionalOnClass did not find required class 'com.unboundid.ldap.listener.InMemoryDirectoryServer' (OnClassCondition)

   EmbeddedMongoAutoConfiguration:
      Did not match:
         - @ConditionalOnClass did not find required class 'com.mongodb.MongoClientSettings' (OnClassCondition)

   EmbeddedWebServerFactoryCustomizerAutoConfiguration.JettyWebServerFactoryCustomizerConfiguration:
      Did not match:
         - @ConditionalOnClass did not find required classes 'org.eclipse.jetty.server.Server', 'org.eclipse.jetty.util.Loader', 'org.eclipse.jetty.webapp.WebAppContext' (OnClassCondition)

   EmbeddedWebServerFactoryCustomizerAutoConfiguration.NettyWebServerFactoryCustomizerConfiguration:
      Did not match:
         - @ConditionalOnClass did not find required class 'reactor.netty.http.server.HttpServer' (OnClassCondition)

   EmbeddedWebServerFactoryCustomizerAutoConfiguration.UndertowWebServerFactoryCustomizerConfiguration:
      Did not match:
         - @ConditionalOnClass did not find required classes 'io.undertow.Undertow', 'org.xnio.SslClientAuthMode' (OnClassCondition)

   ErrorWebFluxAutoConfiguration:
      Did not match:
         - @ConditionalOnClass did not find required class 'org.springframework.web.reactive.config.WebFluxConfigurer' (OnClassCondition)

   FlywayAutoConfiguration:
      Did not match:
         - @ConditionalOnClass did not find required class 'org.flywaydb.core.Flyway' (OnClassCondition)

   FreeMarkerAutoConfiguration:
      Did not match:
         - @ConditionalOnClass did not find required class 'freemarker.template.Configuration' (OnClassCondition)

   GroovyTemplateAutoConfiguration:
      Did not match:
         - @ConditionalOnClass did not find required class 'groovy.text.markup.MarkupTemplateEngine' (OnClassCondition)

   GsonAutoConfiguration:
      Did not match:
         - @ConditionalOnClass did not find required class 'com.google.gson.Gson' (OnClassCondition)

   GsonHttpMessageConvertersConfiguration:
      Did not match:
         - @ConditionalOnClass did not find required class 'com.google.gson.Gson' (OnClassCondition)

   H2ConsoleAutoConfiguration:
      Did not match:
         - @ConditionalOnClass did not find required class 'org.h2.server.web.WebServlet' (OnClassCondition)

   HazelcastAutoConfiguration:
      Did not match:
         - @ConditionalOnClass did not find required class 'com.hazelcast.core.HazelcastInstance' (OnClassCondition)

   HazelcastCacheConfiguration:
      Did not match:
         - @ConditionalOnClass did not find required class 'com.hazelcast.core.HazelcastInstance' (OnClassCondition)

   HazelcastJpaDependencyAutoConfiguration:
      Did not match:
         - @ConditionalOnClass did not find required class 'com.hazelcast.core.HazelcastInstance' (OnClassCondition)

   HibernateJpaAutoConfiguration:
      Did not match:
         - @ConditionalOnClass did not find required class 'javax.persistence.EntityManager' (OnClassCondition)

   HttpHandlerAutoConfiguration:
      Did not match:
         - @ConditionalOnClass did not find required class 'org.springframework.web.reactive.DispatcherHandler' (OnClassCondition)

   HypermediaAutoConfiguration:
      Did not match:
         - @ConditionalOnClass did not find required class 'org.springframework.hateoas.EntityModel' (OnClassCondition)

   InfinispanCacheConfiguration:
      Did not match:
         - @ConditionalOnClass did not find required class 'org.infinispan.spring.embedded.provider.SpringEmbeddedCacheManager' (OnClassCondition)

   InfluxDbAutoConfiguration:
      Did not match:
         - @ConditionalOnClass did not find required class 'org.influxdb.InfluxDB' (OnClassCondition)

   IntegrationAutoConfiguration:
      Did not match:
         - @ConditionalOnClass did not find required class 'org.springframework.integration.config.EnableIntegration' (OnClassCondition)

   JCacheCacheConfiguration:
      Did not match:
         - @ConditionalOnClass did not find required class 'javax.cache.Caching' (OnClassCondition)

   JacksonHttpMessageConvertersConfiguration.MappingJackson2XmlHttpMessageConverterConfiguration:
      Did not match:
         - @ConditionalOnClass did not find required class 'com.fasterxml.jackson.dataformat.xml.XmlMapper' (OnClassCondition)

   JdbcRepositoriesAutoConfiguration:
      Did not match:
         - @ConditionalOnClass did not find required class 'org.springframework.data.jdbc.repository.config.AbstractJdbcConfiguration' (OnClassCondition)

   JdbcTemplateAutoConfiguration:
      Did not match:
         - @ConditionalOnClass did not find required class 'org.springframework.jdbc.core.JdbcTemplate' (OnClassCondition)

   JerseyAutoConfiguration:
      Did not match:
         - @ConditionalOnClass did not find required class 'org.glassfish.jersey.server.spring.SpringComponentProvider' (OnClassCondition)

   JmsAutoConfiguration:
      Did not match:
         - @ConditionalOnClass did not find required class 'javax.jms.Message' (OnClassCondition)

   JndiConnectionFactoryAutoConfiguration:
      Did not match:
         - @ConditionalOnClass did not find required class 'org.springframework.jms.core.JmsTemplate' (OnClassCondition)

   JndiDataSourceAutoConfiguration:
      Did not match:
         - @ConditionalOnClass did not find required class 'org.springframework.jdbc.datasource.embedded.EmbeddedDatabaseType' (OnClassCondition)

   JooqAutoConfiguration:
      Did not match:
         - @ConditionalOnClass did not find required class 'org.jooq.DSLContext' (OnClassCondition)

   JpaRepositoriesAutoConfiguration:
      Did not match:
         - @ConditionalOnClass did not find required class 'org.springframework.data.jpa.repository.JpaRepository' (OnClassCondition)

   JsonbAutoConfiguration:
      Did not match:
         - @ConditionalOnClass did not find required class 'javax.json.bind.Jsonb' (OnClassCondition)

   JsonbHttpMessageConvertersConfiguration:
      Did not match:
         - @ConditionalOnClass did not find required class 'javax.json.bind.Jsonb' (OnClassCondition)

   JtaAutoConfiguration:
      Did not match:
         - @ConditionalOnClass did not find required class 'javax.transaction.Transaction' (OnClassCondition)

   KafkaAutoConfiguration:
      Did not match:
         - @ConditionalOnClass did not find required class 'org.springframework.kafka.core.KafkaTemplate' (OnClassCondition)

   LdapAutoConfiguration:
      Did not match:
         - @ConditionalOnClass did not find required class 'org.springframework.ldap.core.ContextSource' (OnClassCondition)

   LdapRepositoriesAutoConfiguration:
      Did not match:
         - @ConditionalOnClass did not find required class 'org.springframework.data.ldap.repository.LdapRepository' (OnClassCondition)

   LiquibaseAutoConfiguration:
      Did not match:
         - @ConditionalOnClass did not find required class 'liquibase.change.DatabaseChange' (OnClassCondition)

   MailSenderAutoConfiguration:
      Did not match:
         - @ConditionalOnClass did not find required class 'javax.mail.internet.MimeMessage' (OnClassCondition)

   MailSenderValidatorAutoConfiguration:
      Did not match:
         - @ConditionalOnSingleCandidate did not find required type 'org.springframework.mail.javamail.JavaMailSenderImpl' (OnBeanCondition)

   MessageSourceAutoConfiguration:
      Did not match:
         - ResourceBundle did not find bundle with basename messages (MessageSourceAutoConfiguration.ResourceBundleCondition)

   MongoAutoConfiguration:
      Did not match:
         - @ConditionalOnClass did not find required class 'com.mongodb.client.MongoClient' (OnClassCondition)

   MongoDataAutoConfiguration:
      Did not match:
         - @ConditionalOnClass did not find required class 'com.mongodb.client.MongoClient' (OnClassCondition)

   MongoReactiveAutoConfiguration:
      Did not match:
         - @ConditionalOnClass did not find required class 'com.mongodb.reactivestreams.client.MongoClient' (OnClassCondition)

   MongoReactiveDataAutoConfiguration:
      Did not match:
         - @ConditionalOnClass did not find required class 'com.mongodb.reactivestreams.client.MongoClient' (OnClassCondition)

   MongoReactiveRepositoriesAutoConfiguration:
      Did not match:
         - @ConditionalOnClass did not find required class 'com.mongodb.reactivestreams.client.MongoClient' (OnClassCondition)

   MongoRepositoriesAutoConfiguration:
      Did not match:
         - @ConditionalOnClass did not find required class 'com.mongodb.client.MongoClient' (OnClassCondition)

   MustacheAutoConfiguration:
      Did not match:
         - @ConditionalOnClass did not find required class 'com.samskivert.mustache.Mustache' (OnClassCondition)

   Neo4jDataAutoConfiguration:
      Did not match:
         - @ConditionalOnClass did not find required class 'org.neo4j.ogm.session.SessionFactory' (OnClassCondition)

   Neo4jRepositoriesAutoConfiguration:
      Did not match:
         - @ConditionalOnClass did not find required class 'org.neo4j.ogm.session.Neo4jSession' (OnClassCondition)

   OAuth2ClientAutoConfiguration:
      Did not match:
         - @ConditionalOnClass did not find required class 'org.springframework.security.config.annotation.web.configuration.EnableWebSecurity' (OnClassCondition)

   OAuth2ResourceServerAutoConfiguration:
      Did not match:
         - @ConditionalOnClass did not find required class 'org.springframework.security.oauth2.server.resource.BearerTokenAuthenticationToken' (OnClassCondition)

   PersistenceExceptionTranslationAutoConfiguration:
      Did not match:
         - @ConditionalOnClass did not find required class 'org.springframework.dao.annotation.PersistenceExceptionTranslationPostProcessor' (OnClassCondition)

   ProjectInfoAutoConfiguration#buildProperties:
      Did not match:
         - @ConditionalOnResource did not find resource '${spring.info.build.location:classpath:META-INF/build-info.properties}' (OnResourceCondition)

   ProjectInfoAutoConfiguration#gitProperties:
      Did not match:
         - GitResource did not find git info at classpath:git.properties (ProjectInfoAutoConfiguration.GitResourceAvailableCondition)

   QuartzAutoConfiguration:
      Did not match:
         - @ConditionalOnClass did not find required class 'org.quartz.Scheduler' (OnClassCondition)

   R2dbcAutoConfiguration:
      Did not match:
         - @ConditionalOnClass did not find required class 'io.r2dbc.spi.ConnectionFactory' (OnClassCondition)

   R2dbcDataAutoConfiguration:
      Did not match:
         - @ConditionalOnClass did not find required class 'org.springframework.data.r2dbc.core.DatabaseClient' (OnClassCondition)

   R2dbcRepositoriesAutoConfiguration:
      Did not match:
         - @ConditionalOnClass did not find required class 'io.r2dbc.spi.ConnectionFactory' (OnClassCondition)

   R2dbcTransactionManagerAutoConfiguration:
      Did not match:
         - @ConditionalOnClass did not find required class 'org.springframework.data.r2dbc.connectionfactory.R2dbcTransactionManager' (OnClassCondition)

   RSocketMessagingAutoConfiguration:
      Did not match:
         - @ConditionalOnClass did not find required class 'io.rsocket.RSocketFactory' (OnClassCondition)

   RSocketRequesterAutoConfiguration:
      Did not match:
         - @ConditionalOnClass did not find required class 'io.rsocket.RSocketFactory' (OnClassCondition)

   RSocketSecurityAutoConfiguration:
      Did not match:
         - @ConditionalOnClass did not find required class 'org.springframework.security.rsocket.core.SecuritySocketAcceptorInterceptor' (OnClassCondition)

   RSocketServerAutoConfiguration:
      Did not match:
         - @ConditionalOnClass did not find required class 'io.rsocket.core.RSocketServer' (OnClassCondition)

   RSocketStrategiesAutoConfiguration:
      Did not match:
         - @ConditionalOnClass did not find required class 'io.netty.buffer.PooledByteBufAllocator' (OnClassCondition)

   RabbitAutoConfiguration:
      Did not match:
         - @ConditionalOnClass did not find required class 'com.rabbitmq.client.Channel' (OnClassCondition)

   ReactiveElasticsearchRepositoriesAutoConfiguration:
      Did not match:
         - @ConditionalOnClass did not find required class 'org.springframework.data.elasticsearch.client.reactive.ReactiveElasticsearchClient' (OnClassCondition)

   ReactiveElasticsearchRestClientAutoConfiguration:
      Did not match:
         - @ConditionalOnClass did not find required class 'reactor.netty.http.client.HttpClient' (OnClassCondition)

   ReactiveOAuth2ClientAutoConfiguration:
      Did not match:
         - @ConditionalOnClass did not find required class 'reactor.core.publisher.Flux' (OnClassCondition)

   ReactiveOAuth2ResourceServerAutoConfiguration:
      Did not match:
         - @ConditionalOnClass did not find required class 'org.springframework.security.config.annotation.web.reactive.EnableWebFluxSecurity' (OnClassCondition)

   ReactiveSecurityAutoConfiguration:
      Did not match:
         - @ConditionalOnClass did not find required class 'reactor.core.publisher.Flux' (OnClassCondition)

   ReactiveUserDetailsServiceAutoConfiguration:
      Did not match:
         - @ConditionalOnClass did not find required class 'org.springframework.security.authentication.ReactiveAuthenticationManager' (OnClassCondition)

   ReactiveWebServerFactoryAutoConfiguration:
      Did not match:
         - @ConditionalOnWebApplication did not find reactive web application classes (OnWebApplicationCondition)

   RedisAutoConfiguration:
      Did not match:
         - @ConditionalOnClass did not find required class 'org.springframework.data.redis.core.RedisOperations' (OnClassCondition)

   RedisCacheConfiguration:
      Did not match:
         - @ConditionalOnClass did not find required class 'org.springframework.data.redis.connection.RedisConnectionFactory' (OnClassCondition)

   RedisReactiveAutoConfiguration:
      Did not match:
         - @ConditionalOnClass did not find required class 'reactor.core.publisher.Flux' (OnClassCondition)

   RedisRepositoriesAutoConfiguration:
      Did not match:
         - @ConditionalOnClass did not find required class 'org.springframework.data.redis.repository.configuration.EnableRedisRepositories' (OnClassCondition)

   RefreshAutoConfiguration.JpaInvokerConfiguration:
      Did not match:
         - @ConditionalOnClass did not find required class 'javax.persistence.EntityManagerFactory' (OnClassCondition)

   RefreshEndpointAutoConfiguration:
      Did not match:
         - @ConditionalOnClass did not find required class 'org.springframework.boot.actuate.autoconfigure.endpoint.EndpointAutoConfiguration' (OnClassCondition)

   RepositoryRestMvcAutoConfiguration:
      Did not match:
         - @ConditionalOnClass did not find required class 'org.springframework.data.rest.webmvc.config.RepositoryRestMvcConfiguration' (OnClassCondition)

   Saml2RelyingPartyAutoConfiguration:
      Did not match:
         - @ConditionalOnClass did not find required class 'org.springframework.security.saml2.provider.service.registration.RelyingPartyRegistrationRepository' (OnClassCondition)

   SecurityAutoConfiguration:
      Did not match:
         - @ConditionalOnClass did not find required class 'org.springframework.security.authentication.DefaultAuthenticationEventPublisher' (OnClassCondition)

   SecurityFilterAutoConfiguration:
      Did not match:
         - @ConditionalOnClass did not find required class 'org.springframework.security.config.http.SessionCreationPolicy' (OnClassCondition)

   SendGridAutoConfiguration:
      Did not match:
         - @ConditionalOnClass did not find required class 'com.sendgrid.SendGrid' (OnClassCondition)

   ServletWebServerFactoryAutoConfiguration#forwardedHeaderFilter:
      Did not match:
         - @ConditionalOnProperty (server.forward-headers-strategy=framework) did not find property 'server.forward-headers-strategy' (OnPropertyCondition)

   ServletWebServerFactoryConfiguration.EmbeddedJetty:
      Did not match:
         - @ConditionalOnClass did not find required classes 'org.eclipse.jetty.server.Server', 'org.eclipse.jetty.util.Loader', 'org.eclipse.jetty.webapp.WebAppContext' (OnClassCondition)

   ServletWebServerFactoryConfiguration.EmbeddedUndertow:
      Did not match:
         - @ConditionalOnClass did not find required classes 'io.undertow.Undertow', 'org.xnio.SslClientAuthMode' (OnClassCondition)

   SessionAutoConfiguration:
      Did not match:
         - @ConditionalOnClass did not find required class 'org.springframework.session.Session' (OnClassCondition)

   SolrAutoConfiguration:
      Did not match:
         - @ConditionalOnClass did not find required class 'org.apache.solr.client.solrj.impl.CloudSolrClient' (OnClassCondition)

   SolrRepositoriesAutoConfiguration:
      Did not match:
         - @ConditionalOnClass did not find required class 'org.apache.solr.client.solrj.SolrClient' (OnClassCondition)

   SpringDataWebAutoConfiguration:
      Did not match:
         - @ConditionalOnClass did not find required class 'org.springframework.data.web.PageableHandlerMethodArgumentResolver' (OnClassCondition)

   TaskSchedulingAutoConfiguration#taskScheduler:
      Did not match:
         - @ConditionalOnBean (names: org.springframework.context.annotation.internalScheduledAnnotationProcessor; SearchStrategy: all) did not find any beans named org.springframework.context.annotation.internalScheduledAnnotationProcessor (OnBeanCondition)

   ThymeleafAutoConfiguration:
      Did not match:
         - @ConditionalOnClass did not find required class 'org.thymeleaf.spring5.SpringTemplateEngine' (OnClassCondition)

   TransactionAutoConfiguration:
      Did not match:
         - @ConditionalOnClass did not find required class 'org.springframework.transaction.PlatformTransactionManager' (OnClassCondition)

   UserDetailsServiceAutoConfiguration:
      Did not match:
         - @ConditionalOnClass did not find required class 'org.springframework.security.authentication.AuthenticationManager' (OnClassCondition)

   WebClientAutoConfiguration:
      Did not match:
         - @ConditionalOnClass did not find required class 'org.springframework.web.reactive.function.client.WebClient' (OnClassCondition)

   WebFluxAutoConfiguration:
      Did not match:
         - @ConditionalOnClass did not find required class 'org.springframework.web.reactive.config.WebFluxConfigurer' (OnClassCondition)

   WebMvcAutoConfiguration#hiddenHttpMethodFilter:
      Did not match:
         - @ConditionalOnProperty (spring.mvc.hiddenmethod.filter.enabled) did not find property 'enabled' (OnPropertyCondition)

   WebMvcAutoConfiguration.ResourceChainCustomizerConfiguration:
      Did not match:
         - @ConditionalOnEnabledResourceChain did not find class org.webjars.WebJarAssetLocator (OnEnabledResourceChainCondition)

   WebMvcAutoConfiguration.WebMvcAutoConfigurationAdapter#beanNameViewResolver:
      Did not match:
         - @ConditionalOnMissingBean (types: org.springframework.web.servlet.view.BeanNameViewResolver; SearchStrategy: all) found beans of type 'org.springframework.web.servlet.view.BeanNameViewResolver' beanNameViewResolver (OnBeanCondition)

   WebMvcAutoConfiguration.WebMvcAutoConfigurationAdapter#localeResolver:
      Did not match:
         - @ConditionalOnProperty (spring.mvc.locale) did not find property 'locale' (OnPropertyCondition)

   WebServiceTemplateAutoConfiguration:
      Did not match:
         - @ConditionalOnClass did not find required class 'org.springframework.oxm.Marshaller' (OnClassCondition)

   WebServicesAutoConfiguration:
      Did not match:
         - @ConditionalOnClass did not find required class 'org.springframework.ws.transport.http.MessageDispatcherServlet' (OnClassCondition)

   WebSocketMessagingAutoConfiguration:
      Did not match:
         - @ConditionalOnClass did not find required class 'org.springframework.web.socket.config.annotation.WebSocketMessageBrokerConfigurer' (OnClassCondition)

   WebSocketReactiveAutoConfiguration:
      Did not match:
         - @ConditionalOnWebApplication did not find reactive web application classes (OnWebApplicationCondition)

   WebSocketServletAutoConfiguration.JettyWebSocketConfiguration:
      Did not match:
         - @ConditionalOnClass did not find required class 'org.eclipse.jetty.websocket.jsr356.server.deploy.WebSocketServerContainerInitializer' (OnClassCondition)

   WebSocketServletAutoConfiguration.UndertowWebSocketConfiguration:
      Did not match:
         - @ConditionalOnClass did not find required class 'io.undertow.websockets.jsr.Bootstrap' (OnClassCondition)

   WritableEnvironmentEndpointAutoConfiguration:
      Did not match:
         - @ConditionalOnClass did not find required class 'org.springframework.boot.actuate.autoconfigure.env.EnvironmentEndpointProperties' (OnClassCondition)

   XADataSourceAutoConfiguration:
      Did not match:
         - @ConditionalOnClass did not find required class 'javax.transaction.TransactionManager' (OnClassCondition)


Exclusions:
-----------

    None


Unconditional classes:
----------------------

    org.springframework.boot.autoconfigure.context.ConfigurationPropertiesAutoConfiguration

    org.springframework.boot.autoconfigure.context.LifecycleAutoConfiguration

    org.springframework.boot.autoconfigure.context.PropertyPlaceholderAutoConfiguration

    org.springframework.cloud.autoconfigure.LifecycleMvcEndpointAutoConfiguration

    org.springframework.boot.autoconfigure.availability.ApplicationAvailabilityAutoConfiguration

    org.springframework.boot.autoconfigure.info.ProjectInfoAutoConfiguration



2024-10-29 10:56:48,206 DEBUG [main][PropertySourcesPropertyResolver.java:115] - Found key 'spring.liveBeansView.mbeanDomain' in PropertySource 'systemProperties' with value of type String
2024-10-29 10:56:48,206 DEBUG [main][PropertySourcesPropertyResolver.java:115] - Found key 'spring.liveBeansView.mbeanDomain' in PropertySource 'systemProperties' with value of type String
2024-10-29 10:56:48,207 INFO [main][StartupInfoLogger.java:61] - Started ContentApplication in 1.505 seconds (JVM running for 1.981)
2024-10-29 10:56:48,207 INFO [main][StartupInfoLogger.java:61] - Started ContentApplication in 1.505 seconds (JVM running for 1.981)
2024-10-29 10:56:48,651 DEBUG [RMI TCP Connection(2)-192.168.1.42][PropertySourcesPropertyResolver.java:115] - Found key 'local.server.port' in PropertySource 'server.ports' with value of type Integer
2024-10-29 10:56:48,651 DEBUG [RMI TCP Connection(2)-192.168.1.42][PropertySourcesPropertyResolver.java:115] - Found key 'local.server.port' in PropertySource 'server.ports' with value of type Integer
2024-10-29 10:56:48,655 DEBUG [RMI TCP Connection(2)-192.168.1.42][PropertySourcesPropertyResolver.java:115] - Found key 'server.servlet.context-path' in PropertySource 'configurationProperties' with value of type String
2024-10-29 10:56:48,655 DEBUG [RMI TCP Connection(2)-192.168.1.42][PropertySourcesPropertyResolver.java:115] - Found key 'server.servlet.context-path' in PropertySource 'configurationProperties' with value of type String
2024-10-29 10:56:51,256 INFO [http-nio-63040-exec-1][DirectJDKLog.java:173] - Initializing Spring DispatcherServlet 'dispatcherServlet'
2024-10-29 10:56:51,256 INFO [http-nio-63040-exec-1][DirectJDKLog.java:173] - Initializing Spring DispatcherServlet 'dispatcherServlet'
2024-10-29 10:56:51,256 INFO [http-nio-63040-exec-1][FrameworkServlet.java:525] - Initializing Servlet 'dispatcherServlet'
2024-10-29 10:56:51,256 INFO [http-nio-63040-exec-1][FrameworkServlet.java:525] - Initializing Servlet 'dispatcherServlet'
2024-10-29 10:56:51,257 DEBUG [http-nio-63040-exec-1][DispatcherServlet.java:526] - Detected StandardServletMultipartResolver
2024-10-29 10:56:51,257 DEBUG [http-nio-63040-exec-1][DispatcherServlet.java:526] - Detected StandardServletMultipartResolver
2024-10-29 10:56:51,259 DEBUG [http-nio-63040-exec-1][FrameworkServlet.java:542] - enableLoggingRequestDetails='false': request parameters and headers will be masked to prevent unsafe logging of potentially sensitive data
2024-10-29 10:56:51,259 DEBUG [http-nio-63040-exec-1][FrameworkServlet.java:542] - enableLoggingRequestDetails='false': request parameters and headers will be masked to prevent unsafe logging of potentially sensitive data
2024-10-29 10:56:51,259 INFO [http-nio-63040-exec-1][FrameworkServlet.java:547] - Completed initialization in 3 ms
2024-10-29 10:56:51,259 INFO [http-nio-63040-exec-1][FrameworkServlet.java:547] - Completed initialization in 3 ms
2024-10-29 10:56:51,263 DEBUG [http-nio-63040-exec-1][LogFormatUtils.java:91] - GET "/content/swagger-ui.html/swagger-resources/configuration/ui", parameters={}
2024-10-29 10:56:51,263 DEBUG [http-nio-63040-exec-1][LogFormatUtils.java:91] - GET "/content/swagger-ui.html/swagger-resources/configuration/ui", parameters={}
2024-10-29 10:56:51,266 DEBUG [http-nio-63040-exec-1][AbstractHandlerMapping.java:415] - Mapped to ResourceHttpRequestHandler ["classpath:/META-INF/resources/", "classpath:/resources/", "classpath:/static/", "classpath:/public/", "/"]
2024-10-29 10:56:51,266 DEBUG [http-nio-63040-exec-1][AbstractHandlerMapping.java:415] - Mapped to ResourceHttpRequestHandler ["classpath:/META-INF/resources/", "classpath:/resources/", "classpath:/static/", "classpath:/public/", "/"]
2024-10-29 10:56:51,267 DEBUG [http-nio-63040-exec-1][ResourceHttpRequestHandler.java:487] - Resource not found
2024-10-29 10:56:51,267 DEBUG [http-nio-63040-exec-1][ResourceHttpRequestHandler.java:487] - Resource not found
2024-10-29 10:56:51,267 DEBUG [http-nio-63040-exec-1][FrameworkServlet.java:1131] - Completed 404 NOT_FOUND
2024-10-29 10:56:51,267 DEBUG [http-nio-63040-exec-1][FrameworkServlet.java:1131] - Completed 404 NOT_FOUND
2024-10-29 10:56:51,270 DEBUG [http-nio-63040-exec-1][LogFormatUtils.java:91] - "ERROR" dispatch for GET "/content/error", parameters={}
2024-10-29 10:56:51,270 DEBUG [http-nio-63040-exec-1][LogFormatUtils.java:91] - "ERROR" dispatch for GET "/content/error", parameters={}
2024-10-29 10:56:51,270 DEBUG [http-nio-63040-exec-1][AbstractHandlerMapping.java:415] - Mapped to org.springframework.boot.autoconfigure.web.servlet.error.BasicErrorController#error(HttpServletRequest)
2024-10-29 10:56:51,270 DEBUG [http-nio-63040-exec-1][AbstractHandlerMapping.java:415] - Mapped to org.springframework.boot.autoconfigure.web.servlet.error.BasicErrorController#error(HttpServletRequest)
2024-10-29 10:56:51,283 DEBUG [http-nio-63040-exec-1][AbstractMessageConverterMethodProcessor.java:255] - Using 'application/json', given [application/json] and supported [application/json, application/*+json, application/json, application/*+json]
2024-10-29 10:56:51,283 DEBUG [http-nio-63040-exec-1][AbstractMessageConverterMethodProcessor.java:255] - Using 'application/json', given [application/json] and supported [application/json, application/*+json, application/json, application/*+json]
2024-10-29 10:56:51,284 DEBUG [http-nio-63040-exec-1][LogFormatUtils.java:91] - Writing [{timestamp=Tue Oct 29 10:56:51 CET 2024, status=404, error=Not Found, message=, path=/content/swagge (truncated)...]
2024-10-29 10:56:51,284 DEBUG [http-nio-63040-exec-1][LogFormatUtils.java:91] - Writing [{timestamp=Tue Oct 29 10:56:51 CET 2024, status=404, error=Not Found, message=, path=/content/swagge (truncated)...]
2024-10-29 10:56:51,295 DEBUG [http-nio-63040-exec-1][FrameworkServlet.java:1127] - Exiting from "ERROR" dispatch, status 404
2024-10-29 10:56:51,295 DEBUG [http-nio-63040-exec-1][FrameworkServlet.java:1127] - Exiting from "ERROR" dispatch, status 404
2024-10-29 10:56:51,298 DEBUG [http-nio-63040-exec-3][LogFormatUtils.java:91] - GET "/content/swagger-ui.html/swagger-resources/configuration/security", parameters={}
2024-10-29 10:56:51,298 DEBUG [http-nio-63040-exec-3][LogFormatUtils.java:91] - GET "/content/swagger-ui.html/swagger-resources/configuration/security", parameters={}
2024-10-29 10:56:51,298 DEBUG [http-nio-63040-exec-3][AbstractHandlerMapping.java:415] - Mapped to ResourceHttpRequestHandler ["classpath:/META-INF/resources/", "classpath:/resources/", "classpath:/static/", "classpath:/public/", "/"]
2024-10-29 10:56:51,298 DEBUG [http-nio-63040-exec-3][AbstractHandlerMapping.java:415] - Mapped to ResourceHttpRequestHandler ["classpath:/META-INF/resources/", "classpath:/resources/", "classpath:/static/", "classpath:/public/", "/"]
2024-10-29 10:56:51,299 DEBUG [http-nio-63040-exec-3][ResourceHttpRequestHandler.java:487] - Resource not found
2024-10-29 10:56:51,299 DEBUG [http-nio-63040-exec-3][ResourceHttpRequestHandler.java:487] - Resource not found
2024-10-29 10:56:51,299 DEBUG [http-nio-63040-exec-3][FrameworkServlet.java:1131] - Completed 404 NOT_FOUND
2024-10-29 10:56:51,299 DEBUG [http-nio-63040-exec-3][FrameworkServlet.java:1131] - Completed 404 NOT_FOUND
2024-10-29 10:56:51,299 DEBUG [http-nio-63040-exec-3][LogFormatUtils.java:91] - "ERROR" dispatch for GET "/content/error", parameters={}
2024-10-29 10:56:51,299 DEBUG [http-nio-63040-exec-3][LogFormatUtils.java:91] - "ERROR" dispatch for GET "/content/error", parameters={}
2024-10-29 10:56:51,299 DEBUG [http-nio-63040-exec-3][AbstractHandlerMapping.java:415] - Mapped to org.springframework.boot.autoconfigure.web.servlet.error.BasicErrorController#error(HttpServletRequest)
2024-10-29 10:56:51,299 DEBUG [http-nio-63040-exec-3][AbstractHandlerMapping.java:415] - Mapped to org.springframework.boot.autoconfigure.web.servlet.error.BasicErrorController#error(HttpServletRequest)
2024-10-29 10:56:51,300 DEBUG [http-nio-63040-exec-3][AbstractMessageConverterMethodProcessor.java:255] - Using 'application/json', given [application/json] and supported [application/json, application/*+json, application/json, application/*+json]
2024-10-29 10:56:51,300 DEBUG [http-nio-63040-exec-3][AbstractMessageConverterMethodProcessor.java:255] - Using 'application/json', given [application/json] and supported [application/json, application/*+json, application/json, application/*+json]
2024-10-29 10:56:51,300 DEBUG [http-nio-63040-exec-3][LogFormatUtils.java:91] - Writing [{timestamp=Tue Oct 29 10:56:51 CET 2024, status=404, error=Not Found, message=, path=/content/swagge (truncated)...]
2024-10-29 10:56:51,300 DEBUG [http-nio-63040-exec-3][LogFormatUtils.java:91] - Writing [{timestamp=Tue Oct 29 10:56:51 CET 2024, status=404, error=Not Found, message=, path=/content/swagge (truncated)...]
2024-10-29 10:56:51,301 DEBUG [http-nio-63040-exec-3][FrameworkServlet.java:1127] - Exiting from "ERROR" dispatch, status 404
2024-10-29 10:56:51,301 DEBUG [http-nio-63040-exec-3][FrameworkServlet.java:1127] - Exiting from "ERROR" dispatch, status 404
2024-10-29 10:56:51,303 DEBUG [http-nio-63040-exec-10][LogFormatUtils.java:91] - GET "/content/swagger-ui.html/swagger-resources", parameters={}
2024-10-29 10:56:51,303 DEBUG [http-nio-63040-exec-10][LogFormatUtils.java:91] - GET "/content/swagger-ui.html/swagger-resources", parameters={}
2024-10-29 10:56:51,305 DEBUG [http-nio-63040-exec-10][AbstractHandlerMapping.java:415] - Mapped to ResourceHttpRequestHandler ["classpath:/META-INF/resources/", "classpath:/resources/", "classpath:/static/", "classpath:/public/", "/"]
2024-10-29 10:56:51,305 DEBUG [http-nio-63040-exec-10][AbstractHandlerMapping.java:415] - Mapped to ResourceHttpRequestHandler ["classpath:/META-INF/resources/", "classpath:/resources/", "classpath:/static/", "classpath:/public/", "/"]
2024-10-29 10:56:51,306 DEBUG [http-nio-63040-exec-10][ResourceHttpRequestHandler.java:487] - Resource not found
2024-10-29 10:56:51,306 DEBUG [http-nio-63040-exec-10][ResourceHttpRequestHandler.java:487] - Resource not found
2024-10-29 10:56:51,306 DEBUG [http-nio-63040-exec-10][FrameworkServlet.java:1131] - Completed 404 NOT_FOUND
2024-10-29 10:56:51,306 DEBUG [http-nio-63040-exec-10][FrameworkServlet.java:1131] - Completed 404 NOT_FOUND
2024-10-29 10:56:51,307 DEBUG [http-nio-63040-exec-10][LogFormatUtils.java:91] - "ERROR" dispatch for GET "/content/error", parameters={}
2024-10-29 10:56:51,307 DEBUG [http-nio-63040-exec-10][LogFormatUtils.java:91] - "ERROR" dispatch for GET "/content/error", parameters={}
2024-10-29 10:56:51,307 DEBUG [http-nio-63040-exec-10][AbstractHandlerMapping.java:415] - Mapped to org.springframework.boot.autoconfigure.web.servlet.error.BasicErrorController#error(HttpServletRequest)
2024-10-29 10:56:51,307 DEBUG [http-nio-63040-exec-10][AbstractHandlerMapping.java:415] - Mapped to org.springframework.boot.autoconfigure.web.servlet.error.BasicErrorController#error(HttpServletRequest)
2024-10-29 10:56:51,307 DEBUG [http-nio-63040-exec-10][AbstractMessageConverterMethodProcessor.java:255] - Using 'application/json', given [application/json] and supported [application/json, application/*+json, application/json, application/*+json]
2024-10-29 10:56:51,307 DEBUG [http-nio-63040-exec-10][AbstractMessageConverterMethodProcessor.java:255] - Using 'application/json', given [application/json] and supported [application/json, application/*+json, application/json, application/*+json]
2024-10-29 10:56:51,307 DEBUG [http-nio-63040-exec-10][LogFormatUtils.java:91] - Writing [{timestamp=Tue Oct 29 10:56:51 CET 2024, status=404, error=Not Found, message=, path=/content/swagge (truncated)...]
2024-10-29 10:56:51,307 DEBUG [http-nio-63040-exec-10][LogFormatUtils.java:91] - Writing [{timestamp=Tue Oct 29 10:56:51 CET 2024, status=404, error=Not Found, message=, path=/content/swagge (truncated)...]
2024-10-29 10:56:51,308 DEBUG [http-nio-63040-exec-10][FrameworkServlet.java:1127] - Exiting from "ERROR" dispatch, status 404
2024-10-29 10:56:51,308 DEBUG [http-nio-63040-exec-10][FrameworkServlet.java:1127] - Exiting from "ERROR" dispatch, status 404
2024-10-29 10:56:52,755 DEBUG [http-nio-63040-exec-9][LogFormatUtils.java:91] - GET "/content/swagger-ui.html/swagger-resources/configuration/ui", parameters={}
2024-10-29 10:56:52,755 DEBUG [http-nio-63040-exec-9][LogFormatUtils.java:91] - GET "/content/swagger-ui.html/swagger-resources/configuration/ui", parameters={}
2024-10-29 10:56:52,755 DEBUG [http-nio-63040-exec-9][AbstractHandlerMapping.java:415] - Mapped to ResourceHttpRequestHandler ["classpath:/META-INF/resources/", "classpath:/resources/", "classpath:/static/", "classpath:/public/", "/"]
2024-10-29 10:56:52,755 DEBUG [http-nio-63040-exec-9][AbstractHandlerMapping.java:415] - Mapped to ResourceHttpRequestHandler ["classpath:/META-INF/resources/", "classpath:/resources/", "classpath:/static/", "classpath:/public/", "/"]
2024-10-29 10:56:52,756 DEBUG [http-nio-63040-exec-9][ResourceHttpRequestHandler.java:487] - Resource not found
2024-10-29 10:56:52,756 DEBUG [http-nio-63040-exec-9][ResourceHttpRequestHandler.java:487] - Resource not found
2024-10-29 10:56:52,756 DEBUG [http-nio-63040-exec-9][FrameworkServlet.java:1131] - Completed 404 NOT_FOUND
2024-10-29 10:56:52,756 DEBUG [http-nio-63040-exec-9][FrameworkServlet.java:1131] - Completed 404 NOT_FOUND
2024-10-29 10:56:52,756 DEBUG [http-nio-63040-exec-9][LogFormatUtils.java:91] - "ERROR" dispatch for GET "/content/error", parameters={}
2024-10-29 10:56:52,756 DEBUG [http-nio-63040-exec-9][LogFormatUtils.java:91] - "ERROR" dispatch for GET "/content/error", parameters={}
2024-10-29 10:56:52,756 DEBUG [http-nio-63040-exec-9][AbstractHandlerMapping.java:415] - Mapped to org.springframework.boot.autoconfigure.web.servlet.error.BasicErrorController#error(HttpServletRequest)
2024-10-29 10:56:52,756 DEBUG [http-nio-63040-exec-9][AbstractHandlerMapping.java:415] - Mapped to org.springframework.boot.autoconfigure.web.servlet.error.BasicErrorController#error(HttpServletRequest)
2024-10-29 10:56:52,757 DEBUG [http-nio-63040-exec-9][AbstractMessageConverterMethodProcessor.java:255] - Using 'application/json', given [application/json] and supported [application/json, application/*+json, application/json, application/*+json]
2024-10-29 10:56:52,757 DEBUG [http-nio-63040-exec-9][AbstractMessageConverterMethodProcessor.java:255] - Using 'application/json', given [application/json] and supported [application/json, application/*+json, application/json, application/*+json]
2024-10-29 10:56:52,757 DEBUG [http-nio-63040-exec-9][LogFormatUtils.java:91] - Writing [{timestamp=Tue Oct 29 10:56:52 CET 2024, status=404, error=Not Found, message=, path=/content/swagge (truncated)...]
2024-10-29 10:56:52,757 DEBUG [http-nio-63040-exec-9][LogFormatUtils.java:91] - Writing [{timestamp=Tue Oct 29 10:56:52 CET 2024, status=404, error=Not Found, message=, path=/content/swagge (truncated)...]
2024-10-29 10:56:52,757 DEBUG [http-nio-63040-exec-9][FrameworkServlet.java:1127] - Exiting from "ERROR" dispatch, status 404
2024-10-29 10:56:52,757 DEBUG [http-nio-63040-exec-9][FrameworkServlet.java:1127] - Exiting from "ERROR" dispatch, status 404
2024-10-29 10:56:52,760 DEBUG [http-nio-63040-exec-5][LogFormatUtils.java:91] - GET "/content/swagger-ui.html/swagger-resources/configuration/security", parameters={}
2024-10-29 10:56:52,760 DEBUG [http-nio-63040-exec-5][LogFormatUtils.java:91] - GET "/content/swagger-ui.html/swagger-resources/configuration/security", parameters={}
2024-10-29 10:56:52,760 DEBUG [http-nio-63040-exec-5][AbstractHandlerMapping.java:415] - Mapped to ResourceHttpRequestHandler ["classpath:/META-INF/resources/", "classpath:/resources/", "classpath:/static/", "classpath:/public/", "/"]
2024-10-29 10:56:52,760 DEBUG [http-nio-63040-exec-5][AbstractHandlerMapping.java:415] - Mapped to ResourceHttpRequestHandler ["classpath:/META-INF/resources/", "classpath:/resources/", "classpath:/static/", "classpath:/public/", "/"]
2024-10-29 10:56:52,761 DEBUG [http-nio-63040-exec-5][ResourceHttpRequestHandler.java:487] - Resource not found
2024-10-29 10:56:52,761 DEBUG [http-nio-63040-exec-5][ResourceHttpRequestHandler.java:487] - Resource not found
2024-10-29 10:56:52,761 DEBUG [http-nio-63040-exec-5][FrameworkServlet.java:1131] - Completed 404 NOT_FOUND
2024-10-29 10:56:52,761 DEBUG [http-nio-63040-exec-5][FrameworkServlet.java:1131] - Completed 404 NOT_FOUND
2024-10-29 10:56:52,761 DEBUG [http-nio-63040-exec-5][LogFormatUtils.java:91] - "ERROR" dispatch for GET "/content/error", parameters={}
2024-10-29 10:56:52,761 DEBUG [http-nio-63040-exec-5][LogFormatUtils.java:91] - "ERROR" dispatch for GET "/content/error", parameters={}
2024-10-29 10:56:52,761 DEBUG [http-nio-63040-exec-5][AbstractHandlerMapping.java:415] - Mapped to org.springframework.boot.autoconfigure.web.servlet.error.BasicErrorController#error(HttpServletRequest)
2024-10-29 10:56:52,761 DEBUG [http-nio-63040-exec-5][AbstractHandlerMapping.java:415] - Mapped to org.springframework.boot.autoconfigure.web.servlet.error.BasicErrorController#error(HttpServletRequest)
2024-10-29 10:56:52,762 DEBUG [http-nio-63040-exec-5][AbstractMessageConverterMethodProcessor.java:255] - Using 'application/json', given [application/json] and supported [application/json, application/*+json, application/json, application/*+json]
2024-10-29 10:56:52,762 DEBUG [http-nio-63040-exec-5][AbstractMessageConverterMethodProcessor.java:255] - Using 'application/json', given [application/json] and supported [application/json, application/*+json, application/json, application/*+json]
2024-10-29 10:56:52,762 DEBUG [http-nio-63040-exec-5][LogFormatUtils.java:91] - Writing [{timestamp=Tue Oct 29 10:56:52 CET 2024, status=404, error=Not Found, message=, path=/content/swagge (truncated)...]
2024-10-29 10:56:52,762 DEBUG [http-nio-63040-exec-5][LogFormatUtils.java:91] - Writing [{timestamp=Tue Oct 29 10:56:52 CET 2024, status=404, error=Not Found, message=, path=/content/swagge (truncated)...]
2024-10-29 10:56:52,762 DEBUG [http-nio-63040-exec-5][FrameworkServlet.java:1127] - Exiting from "ERROR" dispatch, status 404
2024-10-29 10:56:52,762 DEBUG [http-nio-63040-exec-5][FrameworkServlet.java:1127] - Exiting from "ERROR" dispatch, status 404
2024-10-29 10:56:52,764 DEBUG [http-nio-63040-exec-6][LogFormatUtils.java:91] - GET "/content/swagger-ui.html/swagger-resources", parameters={}
2024-10-29 10:56:52,764 DEBUG [http-nio-63040-exec-6][LogFormatUtils.java:91] - GET "/content/swagger-ui.html/swagger-resources", parameters={}
2024-10-29 10:56:52,765 DEBUG [http-nio-63040-exec-6][AbstractHandlerMapping.java:415] - Mapped to ResourceHttpRequestHandler ["classpath:/META-INF/resources/", "classpath:/resources/", "classpath:/static/", "classpath:/public/", "/"]
2024-10-29 10:56:52,765 DEBUG [http-nio-63040-exec-6][AbstractHandlerMapping.java:415] - Mapped to ResourceHttpRequestHandler ["classpath:/META-INF/resources/", "classpath:/resources/", "classpath:/static/", "classpath:/public/", "/"]
2024-10-29 10:56:52,765 DEBUG [http-nio-63040-exec-6][ResourceHttpRequestHandler.java:487] - Resource not found
2024-10-29 10:56:52,765 DEBUG [http-nio-63040-exec-6][ResourceHttpRequestHandler.java:487] - Resource not found
2024-10-29 10:56:52,765 DEBUG [http-nio-63040-exec-6][FrameworkServlet.java:1131] - Completed 404 NOT_FOUND
2024-10-29 10:56:52,765 DEBUG [http-nio-63040-exec-6][FrameworkServlet.java:1131] - Completed 404 NOT_FOUND
2024-10-29 10:56:52,765 DEBUG [http-nio-63040-exec-6][LogFormatUtils.java:91] - "ERROR" dispatch for GET "/content/error", parameters={}
2024-10-29 10:56:52,765 DEBUG [http-nio-63040-exec-6][LogFormatUtils.java:91] - "ERROR" dispatch for GET "/content/error", parameters={}
2024-10-29 10:56:52,766 DEBUG [http-nio-63040-exec-6][AbstractHandlerMapping.java:415] - Mapped to org.springframework.boot.autoconfigure.web.servlet.error.BasicErrorController#error(HttpServletRequest)
2024-10-29 10:56:52,766 DEBUG [http-nio-63040-exec-6][AbstractHandlerMapping.java:415] - Mapped to org.springframework.boot.autoconfigure.web.servlet.error.BasicErrorController#error(HttpServletRequest)
2024-10-29 10:56:52,766 DEBUG [http-nio-63040-exec-6][AbstractMessageConverterMethodProcessor.java:255] - Using 'application/json', given [application/json] and supported [application/json, application/*+json, application/json, application/*+json]
2024-10-29 10:56:52,766 DEBUG [http-nio-63040-exec-6][AbstractMessageConverterMethodProcessor.java:255] - Using 'application/json', given [application/json] and supported [application/json, application/*+json, application/json, application/*+json]
2024-10-29 10:56:52,766 DEBUG [http-nio-63040-exec-6][LogFormatUtils.java:91] - Writing [{timestamp=Tue Oct 29 10:56:52 CET 2024, status=404, error=Not Found, message=, path=/content/swagge (truncated)...]
2024-10-29 10:56:52,766 DEBUG [http-nio-63040-exec-6][LogFormatUtils.java:91] - Writing [{timestamp=Tue Oct 29 10:56:52 CET 2024, status=404, error=Not Found, message=, path=/content/swagge (truncated)...]
2024-10-29 10:56:52,766 DEBUG [http-nio-63040-exec-6][FrameworkServlet.java:1127] - Exiting from "ERROR" dispatch, status 404
2024-10-29 10:56:52,766 DEBUG [http-nio-63040-exec-6][FrameworkServlet.java:1127] - Exiting from "ERROR" dispatch, status 404
2024-10-29 10:56:55,213 DEBUG [http-nio-63040-exec-7][LogFormatUtils.java:91] - GET "/content/null/swagger-resources/configuration/ui", parameters={}
2024-10-29 10:56:55,213 DEBUG [http-nio-63040-exec-7][LogFormatUtils.java:91] - GET "/content/null/swagger-resources/configuration/ui", parameters={}
2024-10-29 10:56:55,213 DEBUG [http-nio-63040-exec-7][AbstractHandlerMapping.java:415] - Mapped to ResourceHttpRequestHandler ["classpath:/META-INF/resources/", "classpath:/resources/", "classpath:/static/", "classpath:/public/", "/"]
2024-10-29 10:56:55,213 DEBUG [http-nio-63040-exec-7][AbstractHandlerMapping.java:415] - Mapped to ResourceHttpRequestHandler ["classpath:/META-INF/resources/", "classpath:/resources/", "classpath:/static/", "classpath:/public/", "/"]
2024-10-29 10:56:55,215 DEBUG [http-nio-63040-exec-7][ResourceHttpRequestHandler.java:487] - Resource not found
2024-10-29 10:56:55,215 DEBUG [http-nio-63040-exec-7][ResourceHttpRequestHandler.java:487] - Resource not found
2024-10-29 10:56:55,215 DEBUG [http-nio-63040-exec-7][FrameworkServlet.java:1131] - Completed 404 NOT_FOUND
2024-10-29 10:56:55,215 DEBUG [http-nio-63040-exec-7][FrameworkServlet.java:1131] - Completed 404 NOT_FOUND
2024-10-29 10:56:55,215 DEBUG [http-nio-63040-exec-7][LogFormatUtils.java:91] - "ERROR" dispatch for GET "/content/error", parameters={}
2024-10-29 10:56:55,215 DEBUG [http-nio-63040-exec-7][LogFormatUtils.java:91] - "ERROR" dispatch for GET "/content/error", parameters={}
2024-10-29 10:56:55,216 DEBUG [http-nio-63040-exec-7][AbstractHandlerMapping.java:415] - Mapped to org.springframework.boot.autoconfigure.web.servlet.error.BasicErrorController#error(HttpServletRequest)
2024-10-29 10:56:55,216 DEBUG [http-nio-63040-exec-7][AbstractHandlerMapping.java:415] - Mapped to org.springframework.boot.autoconfigure.web.servlet.error.BasicErrorController#error(HttpServletRequest)
2024-10-29 10:56:55,216 DEBUG [http-nio-63040-exec-7][AbstractMessageConverterMethodProcessor.java:255] - Using 'application/json', given [application/json] and supported [application/json, application/*+json, application/json, application/*+json]
2024-10-29 10:56:55,216 DEBUG [http-nio-63040-exec-7][AbstractMessageConverterMethodProcessor.java:255] - Using 'application/json', given [application/json] and supported [application/json, application/*+json, application/json, application/*+json]
2024-10-29 10:56:55,216 DEBUG [http-nio-63040-exec-7][LogFormatUtils.java:91] - Writing [{timestamp=Tue Oct 29 10:56:55 CET 2024, status=404, error=Not Found, message=, path=/content/null/s (truncated)...]
2024-10-29 10:56:55,216 DEBUG [http-nio-63040-exec-7][LogFormatUtils.java:91] - Writing [{timestamp=Tue Oct 29 10:56:55 CET 2024, status=404, error=Not Found, message=, path=/content/null/s (truncated)...]
2024-10-29 10:56:55,217 DEBUG [http-nio-63040-exec-7][FrameworkServlet.java:1127] - Exiting from "ERROR" dispatch, status 404
2024-10-29 10:56:55,217 DEBUG [http-nio-63040-exec-7][FrameworkServlet.java:1127] - Exiting from "ERROR" dispatch, status 404
2024-10-29 10:56:55,220 DEBUG [http-nio-63040-exec-8][LogFormatUtils.java:91] - GET "/content/null/swagger-resources/configuration/security", parameters={}
2024-10-29 10:56:55,220 DEBUG [http-nio-63040-exec-8][LogFormatUtils.java:91] - GET "/content/null/swagger-resources/configuration/security", parameters={}
2024-10-29 10:56:55,221 DEBUG [http-nio-63040-exec-8][AbstractHandlerMapping.java:415] - Mapped to ResourceHttpRequestHandler ["classpath:/META-INF/resources/", "classpath:/resources/", "classpath:/static/", "classpath:/public/", "/"]
2024-10-29 10:56:55,221 DEBUG [http-nio-63040-exec-8][AbstractHandlerMapping.java:415] - Mapped to ResourceHttpRequestHandler ["classpath:/META-INF/resources/", "classpath:/resources/", "classpath:/static/", "classpath:/public/", "/"]
2024-10-29 10:56:55,222 DEBUG [http-nio-63040-exec-8][ResourceHttpRequestHandler.java:487] - Resource not found
2024-10-29 10:56:55,222 DEBUG [http-nio-63040-exec-8][ResourceHttpRequestHandler.java:487] - Resource not found
2024-10-29 10:56:55,222 DEBUG [http-nio-63040-exec-8][FrameworkServlet.java:1131] - Completed 404 NOT_FOUND
2024-10-29 10:56:55,222 DEBUG [http-nio-63040-exec-8][FrameworkServlet.java:1131] - Completed 404 NOT_FOUND
2024-10-29 10:56:55,223 DEBUG [http-nio-63040-exec-8][LogFormatUtils.java:91] - "ERROR" dispatch for GET "/content/error", parameters={}
2024-10-29 10:56:55,223 DEBUG [http-nio-63040-exec-8][LogFormatUtils.java:91] - "ERROR" dispatch for GET "/content/error", parameters={}
2024-10-29 10:56:55,223 DEBUG [http-nio-63040-exec-8][AbstractHandlerMapping.java:415] - Mapped to org.springframework.boot.autoconfigure.web.servlet.error.BasicErrorController#error(HttpServletRequest)
2024-10-29 10:56:55,223 DEBUG [http-nio-63040-exec-8][AbstractHandlerMapping.java:415] - Mapped to org.springframework.boot.autoconfigure.web.servlet.error.BasicErrorController#error(HttpServletRequest)
2024-10-29 10:56:55,223 DEBUG [http-nio-63040-exec-8][AbstractMessageConverterMethodProcessor.java:255] - Using 'application/json', given [application/json] and supported [application/json, application/*+json, application/json, application/*+json]
2024-10-29 10:56:55,223 DEBUG [http-nio-63040-exec-8][AbstractMessageConverterMethodProcessor.java:255] - Using 'application/json', given [application/json] and supported [application/json, application/*+json, application/json, application/*+json]
2024-10-29 10:56:55,224 DEBUG [http-nio-63040-exec-8][LogFormatUtils.java:91] - Writing [{timestamp=Tue Oct 29 10:56:55 CET 2024, status=404, error=Not Found, message=, path=/content/null/s (truncated)...]
2024-10-29 10:56:55,224 DEBUG [http-nio-63040-exec-8][LogFormatUtils.java:91] - Writing [{timestamp=Tue Oct 29 10:56:55 CET 2024, status=404, error=Not Found, message=, path=/content/null/s (truncated)...]
2024-10-29 10:56:55,224 DEBUG [http-nio-63040-exec-8][FrameworkServlet.java:1127] - Exiting from "ERROR" dispatch, status 404
2024-10-29 10:56:55,224 DEBUG [http-nio-63040-exec-8][FrameworkServlet.java:1127] - Exiting from "ERROR" dispatch, status 404
2024-10-29 10:56:55,227 DEBUG [http-nio-63040-exec-4][LogFormatUtils.java:91] - GET "/content/null/swagger-resources", parameters={}
2024-10-29 10:56:55,227 DEBUG [http-nio-63040-exec-4][LogFormatUtils.java:91] - GET "/content/null/swagger-resources", parameters={}
2024-10-29 10:56:55,227 DEBUG [http-nio-63040-exec-4][AbstractHandlerMapping.java:415] - Mapped to ResourceHttpRequestHandler ["classpath:/META-INF/resources/", "classpath:/resources/", "classpath:/static/", "classpath:/public/", "/"]
2024-10-29 10:56:55,227 DEBUG [http-nio-63040-exec-4][AbstractHandlerMapping.java:415] - Mapped to ResourceHttpRequestHandler ["classpath:/META-INF/resources/", "classpath:/resources/", "classpath:/static/", "classpath:/public/", "/"]
2024-10-29 10:56:55,228 DEBUG [http-nio-63040-exec-4][ResourceHttpRequestHandler.java:487] - Resource not found
2024-10-29 10:56:55,228 DEBUG [http-nio-63040-exec-4][ResourceHttpRequestHandler.java:487] - Resource not found
2024-10-29 10:56:55,228 DEBUG [http-nio-63040-exec-4][FrameworkServlet.java:1131] - Completed 404 NOT_FOUND
2024-10-29 10:56:55,228 DEBUG [http-nio-63040-exec-4][FrameworkServlet.java:1131] - Completed 404 NOT_FOUND
2024-10-29 10:56:55,229 DEBUG [http-nio-63040-exec-4][LogFormatUtils.java:91] - "ERROR" dispatch for GET "/content/error", parameters={}
2024-10-29 10:56:55,229 DEBUG [http-nio-63040-exec-4][LogFormatUtils.java:91] - "ERROR" dispatch for GET "/content/error", parameters={}
2024-10-29 10:56:55,229 DEBUG [http-nio-63040-exec-4][AbstractHandlerMapping.java:415] - Mapped to org.springframework.boot.autoconfigure.web.servlet.error.BasicErrorController#error(HttpServletRequest)
2024-10-29 10:56:55,229 DEBUG [http-nio-63040-exec-4][AbstractHandlerMapping.java:415] - Mapped to org.springframework.boot.autoconfigure.web.servlet.error.BasicErrorController#error(HttpServletRequest)
2024-10-29 10:56:55,229 DEBUG [http-nio-63040-exec-4][AbstractMessageConverterMethodProcessor.java:255] - Using 'application/json', given [application/json] and supported [application/json, application/*+json, application/json, application/*+json]
2024-10-29 10:56:55,229 DEBUG [http-nio-63040-exec-4][AbstractMessageConverterMethodProcessor.java:255] - Using 'application/json', given [application/json] and supported [application/json, application/*+json, application/json, application/*+json]
2024-10-29 10:56:55,229 DEBUG [http-nio-63040-exec-4][LogFormatUtils.java:91] - Writing [{timestamp=Tue Oct 29 10:56:55 CET 2024, status=404, error=Not Found, message=, path=/content/null/s (truncated)...]
2024-10-29 10:56:55,229 DEBUG [http-nio-63040-exec-4][LogFormatUtils.java:91] - Writing [{timestamp=Tue Oct 29 10:56:55 CET 2024, status=404, error=Not Found, message=, path=/content/null/s (truncated)...]
2024-10-29 10:56:55,230 DEBUG [http-nio-63040-exec-4][FrameworkServlet.java:1127] - Exiting from "ERROR" dispatch, status 404
2024-10-29 10:56:55,230 DEBUG [http-nio-63040-exec-4][FrameworkServlet.java:1127] - Exiting from "ERROR" dispatch, status 404
2024-10-29 10:56:58,266 DEBUG [http-nio-63040-exec-2][LogFormatUtils.java:91] - GET "/content/null/swagger-resources/configuration/ui", parameters={}
2024-10-29 10:56:58,266 DEBUG [http-nio-63040-exec-2][LogFormatUtils.java:91] - GET "/content/null/swagger-resources/configuration/ui", parameters={}
2024-10-29 10:56:58,267 DEBUG [http-nio-63040-exec-2][AbstractHandlerMapping.java:415] - Mapped to ResourceHttpRequestHandler ["classpath:/META-INF/resources/", "classpath:/resources/", "classpath:/static/", "classpath:/public/", "/"]
2024-10-29 10:56:58,267 DEBUG [http-nio-63040-exec-2][AbstractHandlerMapping.java:415] - Mapped to ResourceHttpRequestHandler ["classpath:/META-INF/resources/", "classpath:/resources/", "classpath:/static/", "classpath:/public/", "/"]
2024-10-29 10:56:58,268 DEBUG [http-nio-63040-exec-2][ResourceHttpRequestHandler.java:487] - Resource not found
2024-10-29 10:56:58,268 DEBUG [http-nio-63040-exec-2][ResourceHttpRequestHandler.java:487] - Resource not found
2024-10-29 10:56:58,269 DEBUG [http-nio-63040-exec-2][FrameworkServlet.java:1131] - Completed 404 NOT_FOUND
2024-10-29 10:56:58,269 DEBUG [http-nio-63040-exec-2][FrameworkServlet.java:1131] - Completed 404 NOT_FOUND
2024-10-29 10:56:58,269 DEBUG [http-nio-63040-exec-2][LogFormatUtils.java:91] - "ERROR" dispatch for GET "/content/error", parameters={}
2024-10-29 10:56:58,269 DEBUG [http-nio-63040-exec-2][LogFormatUtils.java:91] - "ERROR" dispatch for GET "/content/error", parameters={}
2024-10-29 10:56:58,269 DEBUG [http-nio-63040-exec-2][AbstractHandlerMapping.java:415] - Mapped to org.springframework.boot.autoconfigure.web.servlet.error.BasicErrorController#error(HttpServletRequest)
2024-10-29 10:56:58,269 DEBUG [http-nio-63040-exec-2][AbstractHandlerMapping.java:415] - Mapped to org.springframework.boot.autoconfigure.web.servlet.error.BasicErrorController#error(HttpServletRequest)
2024-10-29 10:56:58,270 DEBUG [http-nio-63040-exec-2][AbstractMessageConverterMethodProcessor.java:255] - Using 'application/json', given [application/json] and supported [application/json, application/*+json, application/json, application/*+json]
2024-10-29 10:56:58,270 DEBUG [http-nio-63040-exec-2][AbstractMessageConverterMethodProcessor.java:255] - Using 'application/json', given [application/json] and supported [application/json, application/*+json, application/json, application/*+json]
2024-10-29 10:56:58,270 DEBUG [http-nio-63040-exec-2][LogFormatUtils.java:91] - Writing [{timestamp=Tue Oct 29 10:56:58 CET 2024, status=404, error=Not Found, message=, path=/content/null/s (truncated)...]
2024-10-29 10:56:58,270 DEBUG [http-nio-63040-exec-2][LogFormatUtils.java:91] - Writing [{timestamp=Tue Oct 29 10:56:58 CET 2024, status=404, error=Not Found, message=, path=/content/null/s (truncated)...]
2024-10-29 10:56:58,271 DEBUG [http-nio-63040-exec-2][FrameworkServlet.java:1127] - Exiting from "ERROR" dispatch, status 404
2024-10-29 10:56:58,271 DEBUG [http-nio-63040-exec-2][FrameworkServlet.java:1127] - Exiting from "ERROR" dispatch, status 404
2024-10-29 10:56:58,275 DEBUG [http-nio-63040-exec-1][LogFormatUtils.java:91] - GET "/content/null/swagger-resources/configuration/security", parameters={}
2024-10-29 10:56:58,275 DEBUG [http-nio-63040-exec-1][LogFormatUtils.java:91] - GET "/content/null/swagger-resources/configuration/security", parameters={}
2024-10-29 10:56:58,276 DEBUG [http-nio-63040-exec-1][AbstractHandlerMapping.java:415] - Mapped to ResourceHttpRequestHandler ["classpath:/META-INF/resources/", "classpath:/resources/", "classpath:/static/", "classpath:/public/", "/"]
2024-10-29 10:56:58,276 DEBUG [http-nio-63040-exec-1][AbstractHandlerMapping.java:415] - Mapped to ResourceHttpRequestHandler ["classpath:/META-INF/resources/", "classpath:/resources/", "classpath:/static/", "classpath:/public/", "/"]
2024-10-29 10:56:58,277 DEBUG [http-nio-63040-exec-1][ResourceHttpRequestHandler.java:487] - Resource not found
2024-10-29 10:56:58,277 DEBUG [http-nio-63040-exec-1][ResourceHttpRequestHandler.java:487] - Resource not found
2024-10-29 10:56:58,277 DEBUG [http-nio-63040-exec-1][FrameworkServlet.java:1131] - Completed 404 NOT_FOUND
2024-10-29 10:56:58,277 DEBUG [http-nio-63040-exec-1][FrameworkServlet.java:1131] - Completed 404 NOT_FOUND
2024-10-29 10:56:58,278 DEBUG [http-nio-63040-exec-1][LogFormatUtils.java:91] - "ERROR" dispatch for GET "/content/error", parameters={}
2024-10-29 10:56:58,278 DEBUG [http-nio-63040-exec-1][LogFormatUtils.java:91] - "ERROR" dispatch for GET "/content/error", parameters={}
2024-10-29 10:56:58,279 DEBUG [http-nio-63040-exec-1][AbstractHandlerMapping.java:415] - Mapped to org.springframework.boot.autoconfigure.web.servlet.error.BasicErrorController#error(HttpServletRequest)
2024-10-29 10:56:58,279 DEBUG [http-nio-63040-exec-1][AbstractHandlerMapping.java:415] - Mapped to org.springframework.boot.autoconfigure.web.servlet.error.BasicErrorController#error(HttpServletRequest)
2024-10-29 10:56:58,279 DEBUG [http-nio-63040-exec-1][AbstractMessageConverterMethodProcessor.java:255] - Using 'application/json', given [application/json] and supported [application/json, application/*+json, application/json, application/*+json]
2024-10-29 10:56:58,279 DEBUG [http-nio-63040-exec-1][AbstractMessageConverterMethodProcessor.java:255] - Using 'application/json', given [application/json] and supported [application/json, application/*+json, application/json, application/*+json]
2024-10-29 10:56:58,280 DEBUG [http-nio-63040-exec-1][LogFormatUtils.java:91] - Writing [{timestamp=Tue Oct 29 10:56:58 CET 2024, status=404, error=Not Found, message=, path=/content/null/s (truncated)...]
2024-10-29 10:56:58,280 DEBUG [http-nio-63040-exec-1][LogFormatUtils.java:91] - Writing [{timestamp=Tue Oct 29 10:56:58 CET 2024, status=404, error=Not Found, message=, path=/content/null/s (truncated)...]
2024-10-29 10:56:58,281 DEBUG [http-nio-63040-exec-1][FrameworkServlet.java:1127] - Exiting from "ERROR" dispatch, status 404
2024-10-29 10:56:58,281 DEBUG [http-nio-63040-exec-1][FrameworkServlet.java:1127] - Exiting from "ERROR" dispatch, status 404
2024-10-29 10:56:58,286 DEBUG [http-nio-63040-exec-3][LogFormatUtils.java:91] - GET "/content/null/swagger-resources", parameters={}
2024-10-29 10:56:58,286 DEBUG [http-nio-63040-exec-3][LogFormatUtils.java:91] - GET "/content/null/swagger-resources", parameters={}
2024-10-29 10:56:58,287 DEBUG [http-nio-63040-exec-3][AbstractHandlerMapping.java:415] - Mapped to ResourceHttpRequestHandler ["classpath:/META-INF/resources/", "classpath:/resources/", "classpath:/static/", "classpath:/public/", "/"]
2024-10-29 10:56:58,287 DEBUG [http-nio-63040-exec-3][AbstractHandlerMapping.java:415] - Mapped to ResourceHttpRequestHandler ["classpath:/META-INF/resources/", "classpath:/resources/", "classpath:/static/", "classpath:/public/", "/"]
2024-10-29 10:56:58,287 DEBUG [http-nio-63040-exec-3][ResourceHttpRequestHandler.java:487] - Resource not found
2024-10-29 10:56:58,287 DEBUG [http-nio-63040-exec-3][ResourceHttpRequestHandler.java:487] - Resource not found
2024-10-29 10:56:58,288 DEBUG [http-nio-63040-exec-3][FrameworkServlet.java:1131] - Completed 404 NOT_FOUND
2024-10-29 10:56:58,288 DEBUG [http-nio-63040-exec-3][FrameworkServlet.java:1131] - Completed 404 NOT_FOUND
2024-10-29 10:56:58,288 DEBUG [http-nio-63040-exec-3][LogFormatUtils.java:91] - "ERROR" dispatch for GET "/content/error", parameters={}
2024-10-29 10:56:58,288 DEBUG [http-nio-63040-exec-3][LogFormatUtils.java:91] - "ERROR" dispatch for GET "/content/error", parameters={}
2024-10-29 10:56:58,288 DEBUG [http-nio-63040-exec-3][AbstractHandlerMapping.java:415] - Mapped to org.springframework.boot.autoconfigure.web.servlet.error.BasicErrorController#error(HttpServletRequest)
2024-10-29 10:56:58,288 DEBUG [http-nio-63040-exec-3][AbstractHandlerMapping.java:415] - Mapped to org.springframework.boot.autoconfigure.web.servlet.error.BasicErrorController#error(HttpServletRequest)
2024-10-29 10:56:58,289 DEBUG [http-nio-63040-exec-3][AbstractMessageConverterMethodProcessor.java:255] - Using 'application/json', given [application/json] and supported [application/json, application/*+json, application/json, application/*+json]
2024-10-29 10:56:58,289 DEBUG [http-nio-63040-exec-3][AbstractMessageConverterMethodProcessor.java:255] - Using 'application/json', given [application/json] and supported [application/json, application/*+json, application/json, application/*+json]
2024-10-29 10:56:58,289 DEBUG [http-nio-63040-exec-3][LogFormatUtils.java:91] - Writing [{timestamp=Tue Oct 29 10:56:58 CET 2024, status=404, error=Not Found, message=, path=/content/null/s (truncated)...]
2024-10-29 10:56:58,289 DEBUG [http-nio-63040-exec-3][LogFormatUtils.java:91] - Writing [{timestamp=Tue Oct 29 10:56:58 CET 2024, status=404, error=Not Found, message=, path=/content/null/s (truncated)...]
2024-10-29 10:56:58,290 DEBUG [http-nio-63040-exec-3][FrameworkServlet.java:1127] - Exiting from "ERROR" dispatch, status 404
2024-10-29 10:56:58,290 DEBUG [http-nio-63040-exec-3][FrameworkServlet.java:1127] - Exiting from "ERROR" dispatch, status 404
2024-10-29 10:56:58,295 DEBUG [http-nio-63040-exec-10][LogFormatUtils.java:91] - GET "/content/null/swagger-resources/configuration/ui", parameters={}
2024-10-29 10:56:58,295 DEBUG [http-nio-63040-exec-10][LogFormatUtils.java:91] - GET "/content/null/swagger-resources/configuration/ui", parameters={}
2024-10-29 10:56:58,296 DEBUG [http-nio-63040-exec-10][AbstractHandlerMapping.java:415] - Mapped to ResourceHttpRequestHandler ["classpath:/META-INF/resources/", "classpath:/resources/", "classpath:/static/", "classpath:/public/", "/"]
2024-10-29 10:56:58,296 DEBUG [http-nio-63040-exec-10][AbstractHandlerMapping.java:415] - Mapped to ResourceHttpRequestHandler ["classpath:/META-INF/resources/", "classpath:/resources/", "classpath:/static/", "classpath:/public/", "/"]
2024-10-29 10:56:58,296 DEBUG [http-nio-63040-exec-10][ResourceHttpRequestHandler.java:487] - Resource not found
2024-10-29 10:56:58,296 DEBUG [http-nio-63040-exec-10][ResourceHttpRequestHandler.java:487] - Resource not found
2024-10-29 10:56:58,296 DEBUG [http-nio-63040-exec-10][FrameworkServlet.java:1131] - Completed 404 NOT_FOUND
2024-10-29 10:56:58,296 DEBUG [http-nio-63040-exec-10][FrameworkServlet.java:1131] - Completed 404 NOT_FOUND
2024-10-29 10:56:58,296 DEBUG [http-nio-63040-exec-10][LogFormatUtils.java:91] - "ERROR" dispatch for GET "/content/error", parameters={}
2024-10-29 10:56:58,296 DEBUG [http-nio-63040-exec-10][LogFormatUtils.java:91] - "ERROR" dispatch for GET "/content/error", parameters={}
2024-10-29 10:56:58,297 DEBUG [http-nio-63040-exec-10][AbstractHandlerMapping.java:415] - Mapped to org.springframework.boot.autoconfigure.web.servlet.error.BasicErrorController#error(HttpServletRequest)
2024-10-29 10:56:58,297 DEBUG [http-nio-63040-exec-10][AbstractHandlerMapping.java:415] - Mapped to org.springframework.boot.autoconfigure.web.servlet.error.BasicErrorController#error(HttpServletRequest)
2024-10-29 10:56:58,297 DEBUG [http-nio-63040-exec-10][AbstractMessageConverterMethodProcessor.java:255] - Using 'application/json', given [application/json] and supported [application/json, application/*+json, application/json, application/*+json]
2024-10-29 10:56:58,297 DEBUG [http-nio-63040-exec-10][AbstractMessageConverterMethodProcessor.java:255] - Using 'application/json', given [application/json] and supported [application/json, application/*+json, application/json, application/*+json]
2024-10-29 10:56:58,297 DEBUG [http-nio-63040-exec-10][LogFormatUtils.java:91] - Writing [{timestamp=Tue Oct 29 10:56:58 CET 2024, status=404, error=Not Found, message=, path=/content/null/s (truncated)...]
2024-10-29 10:56:58,297 DEBUG [http-nio-63040-exec-10][LogFormatUtils.java:91] - Writing [{timestamp=Tue Oct 29 10:56:58 CET 2024, status=404, error=Not Found, message=, path=/content/null/s (truncated)...]
2024-10-29 10:56:58,298 DEBUG [http-nio-63040-exec-10][FrameworkServlet.java:1127] - Exiting from "ERROR" dispatch, status 404
2024-10-29 10:56:58,298 DEBUG [http-nio-63040-exec-10][FrameworkServlet.java:1127] - Exiting from "ERROR" dispatch, status 404
2024-10-29 10:56:58,300 DEBUG [http-nio-63040-exec-9][LogFormatUtils.java:91] - GET "/content/null/swagger-resources/configuration/security", parameters={}
2024-10-29 10:56:58,300 DEBUG [http-nio-63040-exec-9][LogFormatUtils.java:91] - GET "/content/null/swagger-resources/configuration/security", parameters={}
2024-10-29 10:56:58,301 DEBUG [http-nio-63040-exec-9][AbstractHandlerMapping.java:415] - Mapped to ResourceHttpRequestHandler ["classpath:/META-INF/resources/", "classpath:/resources/", "classpath:/static/", "classpath:/public/", "/"]
2024-10-29 10:56:58,301 DEBUG [http-nio-63040-exec-9][AbstractHandlerMapping.java:415] - Mapped to ResourceHttpRequestHandler ["classpath:/META-INF/resources/", "classpath:/resources/", "classpath:/static/", "classpath:/public/", "/"]
2024-10-29 10:56:58,302 DEBUG [http-nio-63040-exec-9][ResourceHttpRequestHandler.java:487] - Resource not found
2024-10-29 10:56:58,302 DEBUG [http-nio-63040-exec-9][ResourceHttpRequestHandler.java:487] - Resource not found
2024-10-29 10:56:58,302 DEBUG [http-nio-63040-exec-9][FrameworkServlet.java:1131] - Completed 404 NOT_FOUND
2024-10-29 10:56:58,302 DEBUG [http-nio-63040-exec-9][FrameworkServlet.java:1131] - Completed 404 NOT_FOUND
2024-10-29 10:56:58,302 DEBUG [http-nio-63040-exec-9][LogFormatUtils.java:91] - "ERROR" dispatch for GET "/content/error", parameters={}
2024-10-29 10:56:58,302 DEBUG [http-nio-63040-exec-9][LogFormatUtils.java:91] - "ERROR" dispatch for GET "/content/error", parameters={}
2024-10-29 10:56:58,302 DEBUG [http-nio-63040-exec-9][AbstractHandlerMapping.java:415] - Mapped to org.springframework.boot.autoconfigure.web.servlet.error.BasicErrorController#error(HttpServletRequest)
2024-10-29 10:56:58,302 DEBUG [http-nio-63040-exec-9][AbstractHandlerMapping.java:415] - Mapped to org.springframework.boot.autoconfigure.web.servlet.error.BasicErrorController#error(HttpServletRequest)
2024-10-29 10:56:58,303 DEBUG [http-nio-63040-exec-9][AbstractMessageConverterMethodProcessor.java:255] - Using 'application/json', given [application/json] and supported [application/json, application/*+json, application/json, application/*+json]
2024-10-29 10:56:58,303 DEBUG [http-nio-63040-exec-9][AbstractMessageConverterMethodProcessor.java:255] - Using 'application/json', given [application/json] and supported [application/json, application/*+json, application/json, application/*+json]
2024-10-29 10:56:58,303 DEBUG [http-nio-63040-exec-9][LogFormatUtils.java:91] - Writing [{timestamp=Tue Oct 29 10:56:58 CET 2024, status=404, error=Not Found, message=, path=/content/null/s (truncated)...]
2024-10-29 10:56:58,303 DEBUG [http-nio-63040-exec-9][LogFormatUtils.java:91] - Writing [{timestamp=Tue Oct 29 10:56:58 CET 2024, status=404, error=Not Found, message=, path=/content/null/s (truncated)...]
2024-10-29 10:56:58,304 DEBUG [http-nio-63040-exec-9][FrameworkServlet.java:1127] - Exiting from "ERROR" dispatch, status 404
2024-10-29 10:56:58,304 DEBUG [http-nio-63040-exec-9][FrameworkServlet.java:1127] - Exiting from "ERROR" dispatch, status 404
2024-10-29 10:56:58,306 DEBUG [http-nio-63040-exec-5][LogFormatUtils.java:91] - GET "/content/null/swagger-resources", parameters={}
2024-10-29 10:56:58,306 DEBUG [http-nio-63040-exec-5][LogFormatUtils.java:91] - GET "/content/null/swagger-resources", parameters={}
2024-10-29 10:56:58,306 DEBUG [http-nio-63040-exec-5][AbstractHandlerMapping.java:415] - Mapped to ResourceHttpRequestHandler ["classpath:/META-INF/resources/", "classpath:/resources/", "classpath:/static/", "classpath:/public/", "/"]
2024-10-29 10:56:58,306 DEBUG [http-nio-63040-exec-5][AbstractHandlerMapping.java:415] - Mapped to ResourceHttpRequestHandler ["classpath:/META-INF/resources/", "classpath:/resources/", "classpath:/static/", "classpath:/public/", "/"]
2024-10-29 10:56:58,307 DEBUG [http-nio-63040-exec-5][ResourceHttpRequestHandler.java:487] - Resource not found
2024-10-29 10:56:58,307 DEBUG [http-nio-63040-exec-5][ResourceHttpRequestHandler.java:487] - Resource not found
2024-10-29 10:56:58,307 DEBUG [http-nio-63040-exec-5][FrameworkServlet.java:1131] - Completed 404 NOT_FOUND
2024-10-29 10:56:58,307 DEBUG [http-nio-63040-exec-5][FrameworkServlet.java:1131] - Completed 404 NOT_FOUND
2024-10-29 10:56:58,308 DEBUG [http-nio-63040-exec-5][LogFormatUtils.java:91] - "ERROR" dispatch for GET "/content/error", parameters={}
2024-10-29 10:56:58,308 DEBUG [http-nio-63040-exec-5][LogFormatUtils.java:91] - "ERROR" dispatch for GET "/content/error", parameters={}
2024-10-29 10:56:58,308 DEBUG [http-nio-63040-exec-5][AbstractHandlerMapping.java:415] - Mapped to org.springframework.boot.autoconfigure.web.servlet.error.BasicErrorController#error(HttpServletRequest)
2024-10-29 10:56:58,308 DEBUG [http-nio-63040-exec-5][AbstractHandlerMapping.java:415] - Mapped to org.springframework.boot.autoconfigure.web.servlet.error.BasicErrorController#error(HttpServletRequest)
2024-10-29 10:56:58,308 DEBUG [http-nio-63040-exec-5][AbstractMessageConverterMethodProcessor.java:255] - Using 'application/json', given [application/json] and supported [application/json, application/*+json, application/json, application/*+json]
2024-10-29 10:56:58,308 DEBUG [http-nio-63040-exec-5][AbstractMessageConverterMethodProcessor.java:255] - Using 'application/json', given [application/json] and supported [application/json, application/*+json, application/json, application/*+json]
2024-10-29 10:56:58,308 DEBUG [http-nio-63040-exec-5][LogFormatUtils.java:91] - Writing [{timestamp=Tue Oct 29 10:56:58 CET 2024, status=404, error=Not Found, message=, path=/content/null/s (truncated)...]
2024-10-29 10:56:58,308 DEBUG [http-nio-63040-exec-5][LogFormatUtils.java:91] - Writing [{timestamp=Tue Oct 29 10:56:58 CET 2024, status=404, error=Not Found, message=, path=/content/null/s (truncated)...]
2024-10-29 10:56:58,309 DEBUG [http-nio-63040-exec-5][FrameworkServlet.java:1127] - Exiting from "ERROR" dispatch, status 404
2024-10-29 10:56:58,309 DEBUG [http-nio-63040-exec-5][FrameworkServlet.java:1127] - Exiting from "ERROR" dispatch, status 404
2024-10-29 10:56:58,312 DEBUG [http-nio-63040-exec-6][LogFormatUtils.java:91] - GET "/content/null/swagger-resources/configuration/ui", parameters={}
2024-10-29 10:56:58,312 DEBUG [http-nio-63040-exec-6][LogFormatUtils.java:91] - GET "/content/null/swagger-resources/configuration/ui", parameters={}
2024-10-29 10:56:58,312 DEBUG [http-nio-63040-exec-6][AbstractHandlerMapping.java:415] - Mapped to ResourceHttpRequestHandler ["classpath:/META-INF/resources/", "classpath:/resources/", "classpath:/static/", "classpath:/public/", "/"]
2024-10-29 10:56:58,312 DEBUG [http-nio-63040-exec-6][AbstractHandlerMapping.java:415] - Mapped to ResourceHttpRequestHandler ["classpath:/META-INF/resources/", "classpath:/resources/", "classpath:/static/", "classpath:/public/", "/"]
2024-10-29 10:56:58,313 DEBUG [http-nio-63040-exec-6][ResourceHttpRequestHandler.java:487] - Resource not found
2024-10-29 10:56:58,313 DEBUG [http-nio-63040-exec-6][ResourceHttpRequestHandler.java:487] - Resource not found
2024-10-29 10:56:58,313 DEBUG [http-nio-63040-exec-6][FrameworkServlet.java:1131] - Completed 404 NOT_FOUND
2024-10-29 10:56:58,313 DEBUG [http-nio-63040-exec-6][FrameworkServlet.java:1131] - Completed 404 NOT_FOUND
2024-10-29 10:56:58,313 DEBUG [http-nio-63040-exec-6][LogFormatUtils.java:91] - "ERROR" dispatch for GET "/content/error", parameters={}
2024-10-29 10:56:58,313 DEBUG [http-nio-63040-exec-6][LogFormatUtils.java:91] - "ERROR" dispatch for GET "/content/error", parameters={}
2024-10-29 10:56:58,313 DEBUG [http-nio-63040-exec-6][AbstractHandlerMapping.java:415] - Mapped to org.springframework.boot.autoconfigure.web.servlet.error.BasicErrorController#error(HttpServletRequest)
2024-10-29 10:56:58,313 DEBUG [http-nio-63040-exec-6][AbstractHandlerMapping.java:415] - Mapped to org.springframework.boot.autoconfigure.web.servlet.error.BasicErrorController#error(HttpServletRequest)
2024-10-29 10:56:58,314 DEBUG [http-nio-63040-exec-6][AbstractMessageConverterMethodProcessor.java:255] - Using 'application/json', given [application/json] and supported [application/json, application/*+json, application/json, application/*+json]
2024-10-29 10:56:58,314 DEBUG [http-nio-63040-exec-6][AbstractMessageConverterMethodProcessor.java:255] - Using 'application/json', given [application/json] and supported [application/json, application/*+json, application/json, application/*+json]
2024-10-29 10:56:58,314 DEBUG [http-nio-63040-exec-6][LogFormatUtils.java:91] - Writing [{timestamp=Tue Oct 29 10:56:58 CET 2024, status=404, error=Not Found, message=, path=/content/null/s (truncated)...]
2024-10-29 10:56:58,314 DEBUG [http-nio-63040-exec-6][LogFormatUtils.java:91] - Writing [{timestamp=Tue Oct 29 10:56:58 CET 2024, status=404, error=Not Found, message=, path=/content/null/s (truncated)...]
2024-10-29 10:56:58,315 DEBUG [http-nio-63040-exec-6][FrameworkServlet.java:1127] - Exiting from "ERROR" dispatch, status 404
2024-10-29 10:56:58,315 DEBUG [http-nio-63040-exec-6][FrameworkServlet.java:1127] - Exiting from "ERROR" dispatch, status 404
2024-10-29 10:56:58,317 DEBUG [http-nio-63040-exec-7][LogFormatUtils.java:91] - GET "/content/null/swagger-resources/configuration/security", parameters={}
2024-10-29 10:56:58,317 DEBUG [http-nio-63040-exec-7][LogFormatUtils.java:91] - GET "/content/null/swagger-resources/configuration/security", parameters={}
2024-10-29 10:56:58,317 DEBUG [http-nio-63040-exec-7][AbstractHandlerMapping.java:415] - Mapped to ResourceHttpRequestHandler ["classpath:/META-INF/resources/", "classpath:/resources/", "classpath:/static/", "classpath:/public/", "/"]
2024-10-29 10:56:58,317 DEBUG [http-nio-63040-exec-7][AbstractHandlerMapping.java:415] - Mapped to ResourceHttpRequestHandler ["classpath:/META-INF/resources/", "classpath:/resources/", "classpath:/static/", "classpath:/public/", "/"]
2024-10-29 10:56:58,318 DEBUG [http-nio-63040-exec-7][ResourceHttpRequestHandler.java:487] - Resource not found
2024-10-29 10:56:58,318 DEBUG [http-nio-63040-exec-7][ResourceHttpRequestHandler.java:487] - Resource not found
2024-10-29 10:56:58,318 DEBUG [http-nio-63040-exec-7][FrameworkServlet.java:1131] - Completed 404 NOT_FOUND
2024-10-29 10:56:58,318 DEBUG [http-nio-63040-exec-7][FrameworkServlet.java:1131] - Completed 404 NOT_FOUND
2024-10-29 10:56:58,319 DEBUG [http-nio-63040-exec-7][LogFormatUtils.java:91] - "ERROR" dispatch for GET "/content/error", parameters={}
2024-10-29 10:56:58,319 DEBUG [http-nio-63040-exec-7][LogFormatUtils.java:91] - "ERROR" dispatch for GET "/content/error", parameters={}
2024-10-29 10:56:58,319 DEBUG [http-nio-63040-exec-7][AbstractHandlerMapping.java:415] - Mapped to org.springframework.boot.autoconfigure.web.servlet.error.BasicErrorController#error(HttpServletRequest)
2024-10-29 10:56:58,319 DEBUG [http-nio-63040-exec-7][AbstractHandlerMapping.java:415] - Mapped to org.springframework.boot.autoconfigure.web.servlet.error.BasicErrorController#error(HttpServletRequest)
2024-10-29 10:56:58,319 DEBUG [http-nio-63040-exec-7][AbstractMessageConverterMethodProcessor.java:255] - Using 'application/json', given [application/json] and supported [application/json, application/*+json, application/json, application/*+json]
2024-10-29 10:56:58,319 DEBUG [http-nio-63040-exec-7][AbstractMessageConverterMethodProcessor.java:255] - Using 'application/json', given [application/json] and supported [application/json, application/*+json, application/json, application/*+json]
2024-10-29 10:56:58,319 DEBUG [http-nio-63040-exec-7][LogFormatUtils.java:91] - Writing [{timestamp=Tue Oct 29 10:56:58 CET 2024, status=404, error=Not Found, message=, path=/content/null/s (truncated)...]
2024-10-29 10:56:58,319 DEBUG [http-nio-63040-exec-7][LogFormatUtils.java:91] - Writing [{timestamp=Tue Oct 29 10:56:58 CET 2024, status=404, error=Not Found, message=, path=/content/null/s (truncated)...]
2024-10-29 10:56:58,320 DEBUG [http-nio-63040-exec-7][FrameworkServlet.java:1127] - Exiting from "ERROR" dispatch, status 404
2024-10-29 10:56:58,320 DEBUG [http-nio-63040-exec-7][FrameworkServlet.java:1127] - Exiting from "ERROR" dispatch, status 404
2024-10-29 10:56:58,323 DEBUG [http-nio-63040-exec-8][LogFormatUtils.java:91] - GET "/content/null/swagger-resources", parameters={}
2024-10-29 10:56:58,323 DEBUG [http-nio-63040-exec-8][LogFormatUtils.java:91] - GET "/content/null/swagger-resources", parameters={}
2024-10-29 10:56:58,323 DEBUG [http-nio-63040-exec-8][AbstractHandlerMapping.java:415] - Mapped to ResourceHttpRequestHandler ["classpath:/META-INF/resources/", "classpath:/resources/", "classpath:/static/", "classpath:/public/", "/"]
2024-10-29 10:56:58,323 DEBUG [http-nio-63040-exec-8][AbstractHandlerMapping.java:415] - Mapped to ResourceHttpRequestHandler ["classpath:/META-INF/resources/", "classpath:/resources/", "classpath:/static/", "classpath:/public/", "/"]
2024-10-29 10:56:58,324 DEBUG [http-nio-63040-exec-8][ResourceHttpRequestHandler.java:487] - Resource not found
2024-10-29 10:56:58,324 DEBUG [http-nio-63040-exec-8][ResourceHttpRequestHandler.java:487] - Resource not found
2024-10-29 10:56:58,324 DEBUG [http-nio-63040-exec-8][FrameworkServlet.java:1131] - Completed 404 NOT_FOUND
2024-10-29 10:56:58,324 DEBUG [http-nio-63040-exec-8][FrameworkServlet.java:1131] - Completed 404 NOT_FOUND
2024-10-29 10:56:58,324 DEBUG [http-nio-63040-exec-8][LogFormatUtils.java:91] - "ERROR" dispatch for GET "/content/error", parameters={}
2024-10-29 10:56:58,324 DEBUG [http-nio-63040-exec-8][LogFormatUtils.java:91] - "ERROR" dispatch for GET "/content/error", parameters={}
2024-10-29 10:56:58,324 DEBUG [http-nio-63040-exec-8][AbstractHandlerMapping.java:415] - Mapped to org.springframework.boot.autoconfigure.web.servlet.error.BasicErrorController#error(HttpServletRequest)
2024-10-29 10:56:58,324 DEBUG [http-nio-63040-exec-8][AbstractHandlerMapping.java:415] - Mapped to org.springframework.boot.autoconfigure.web.servlet.error.BasicErrorController#error(HttpServletRequest)
2024-10-29 10:56:58,325 DEBUG [http-nio-63040-exec-8][AbstractMessageConverterMethodProcessor.java:255] - Using 'application/json', given [application/json] and supported [application/json, application/*+json, application/json, application/*+json]
2024-10-29 10:56:58,325 DEBUG [http-nio-63040-exec-8][AbstractMessageConverterMethodProcessor.java:255] - Using 'application/json', given [application/json] and supported [application/json, application/*+json, application/json, application/*+json]
2024-10-29 10:56:58,325 DEBUG [http-nio-63040-exec-8][LogFormatUtils.java:91] - Writing [{timestamp=Tue Oct 29 10:56:58 CET 2024, status=404, error=Not Found, message=, path=/content/null/s (truncated)...]
2024-10-29 10:56:58,325 DEBUG [http-nio-63040-exec-8][LogFormatUtils.java:91] - Writing [{timestamp=Tue Oct 29 10:56:58 CET 2024, status=404, error=Not Found, message=, path=/content/null/s (truncated)...]
2024-10-29 10:56:58,325 DEBUG [http-nio-63040-exec-8][FrameworkServlet.java:1127] - Exiting from "ERROR" dispatch, status 404
2024-10-29 10:56:58,325 DEBUG [http-nio-63040-exec-8][FrameworkServlet.java:1127] - Exiting from "ERROR" dispatch, status 404
2024-10-29 10:56:58,328 DEBUG [http-nio-63040-exec-4][LogFormatUtils.java:91] - GET "/content/null/swagger-resources/configuration/ui", parameters={}
2024-10-29 10:56:58,328 DEBUG [http-nio-63040-exec-4][LogFormatUtils.java:91] - GET "/content/null/swagger-resources/configuration/ui", parameters={}
2024-10-29 10:56:58,328 DEBUG [http-nio-63040-exec-4][AbstractHandlerMapping.java:415] - Mapped to ResourceHttpRequestHandler ["classpath:/META-INF/resources/", "classpath:/resources/", "classpath:/static/", "classpath:/public/", "/"]
2024-10-29 10:56:58,328 DEBUG [http-nio-63040-exec-4][AbstractHandlerMapping.java:415] - Mapped to ResourceHttpRequestHandler ["classpath:/META-INF/resources/", "classpath:/resources/", "classpath:/static/", "classpath:/public/", "/"]
2024-10-29 10:56:58,329 DEBUG [http-nio-63040-exec-4][ResourceHttpRequestHandler.java:487] - Resource not found
2024-10-29 10:56:58,329 DEBUG [http-nio-63040-exec-4][ResourceHttpRequestHandler.java:487] - Resource not found
2024-10-29 10:56:58,329 DEBUG [http-nio-63040-exec-4][FrameworkServlet.java:1131] - Completed 404 NOT_FOUND
2024-10-29 10:56:58,329 DEBUG [http-nio-63040-exec-4][FrameworkServlet.java:1131] - Completed 404 NOT_FOUND
2024-10-29 10:56:58,329 DEBUG [http-nio-63040-exec-4][LogFormatUtils.java:91] - "ERROR" dispatch for GET "/content/error", parameters={}
2024-10-29 10:56:58,329 DEBUG [http-nio-63040-exec-4][LogFormatUtils.java:91] - "ERROR" dispatch for GET "/content/error", parameters={}
2024-10-29 10:56:58,329 DEBUG [http-nio-63040-exec-4][AbstractHandlerMapping.java:415] - Mapped to org.springframework.boot.autoconfigure.web.servlet.error.BasicErrorController#error(HttpServletRequest)
2024-10-29 10:56:58,329 DEBUG [http-nio-63040-exec-4][AbstractHandlerMapping.java:415] - Mapped to org.springframework.boot.autoconfigure.web.servlet.error.BasicErrorController#error(HttpServletRequest)
2024-10-29 10:56:58,330 DEBUG [http-nio-63040-exec-4][AbstractMessageConverterMethodProcessor.java:255] - Using 'application/json', given [application/json] and supported [application/json, application/*+json, application/json, application/*+json]
2024-10-29 10:56:58,330 DEBUG [http-nio-63040-exec-4][AbstractMessageConverterMethodProcessor.java:255] - Using 'application/json', given [application/json] and supported [application/json, application/*+json, application/json, application/*+json]
2024-10-29 10:56:58,330 DEBUG [http-nio-63040-exec-4][LogFormatUtils.java:91] - Writing [{timestamp=Tue Oct 29 10:56:58 CET 2024, status=404, error=Not Found, message=, path=/content/null/s (truncated)...]
2024-10-29 10:56:58,330 DEBUG [http-nio-63040-exec-4][LogFormatUtils.java:91] - Writing [{timestamp=Tue Oct 29 10:56:58 CET 2024, status=404, error=Not Found, message=, path=/content/null/s (truncated)...]
2024-10-29 10:56:58,331 DEBUG [http-nio-63040-exec-4][FrameworkServlet.java:1127] - Exiting from "ERROR" dispatch, status 404
2024-10-29 10:56:58,331 DEBUG [http-nio-63040-exec-4][FrameworkServlet.java:1127] - Exiting from "ERROR" dispatch, status 404
2024-10-29 10:56:58,333 DEBUG [http-nio-63040-exec-2][LogFormatUtils.java:91] - GET "/content/null/swagger-resources/configuration/security", parameters={}
2024-10-29 10:56:58,333 DEBUG [http-nio-63040-exec-2][LogFormatUtils.java:91] - GET "/content/null/swagger-resources/configuration/security", parameters={}
2024-10-29 10:56:58,333 DEBUG [http-nio-63040-exec-2][AbstractHandlerMapping.java:415] - Mapped to ResourceHttpRequestHandler ["classpath:/META-INF/resources/", "classpath:/resources/", "classpath:/static/", "classpath:/public/", "/"]
2024-10-29 10:56:58,333 DEBUG [http-nio-63040-exec-2][AbstractHandlerMapping.java:415] - Mapped to ResourceHttpRequestHandler ["classpath:/META-INF/resources/", "classpath:/resources/", "classpath:/static/", "classpath:/public/", "/"]
2024-10-29 10:56:58,334 DEBUG [http-nio-63040-exec-2][ResourceHttpRequestHandler.java:487] - Resource not found
2024-10-29 10:56:58,334 DEBUG [http-nio-63040-exec-2][ResourceHttpRequestHandler.java:487] - Resource not found
2024-10-29 10:56:58,334 DEBUG [http-nio-63040-exec-2][FrameworkServlet.java:1131] - Completed 404 NOT_FOUND
2024-10-29 10:56:58,334 DEBUG [http-nio-63040-exec-2][FrameworkServlet.java:1131] - Completed 404 NOT_FOUND
2024-10-29 10:56:58,334 DEBUG [http-nio-63040-exec-2][LogFormatUtils.java:91] - "ERROR" dispatch for GET "/content/error", parameters={}
2024-10-29 10:56:58,334 DEBUG [http-nio-63040-exec-2][LogFormatUtils.java:91] - "ERROR" dispatch for GET "/content/error", parameters={}
2024-10-29 10:56:58,335 DEBUG [http-nio-63040-exec-2][AbstractHandlerMapping.java:415] - Mapped to org.springframework.boot.autoconfigure.web.servlet.error.BasicErrorController#error(HttpServletRequest)
2024-10-29 10:56:58,335 DEBUG [http-nio-63040-exec-2][AbstractHandlerMapping.java:415] - Mapped to org.springframework.boot.autoconfigure.web.servlet.error.BasicErrorController#error(HttpServletRequest)
2024-10-29 10:56:58,335 DEBUG [http-nio-63040-exec-2][AbstractMessageConverterMethodProcessor.java:255] - Using 'application/json', given [application/json] and supported [application/json, application/*+json, application/json, application/*+json]
2024-10-29 10:56:58,335 DEBUG [http-nio-63040-exec-2][AbstractMessageConverterMethodProcessor.java:255] - Using 'application/json', given [application/json] and supported [application/json, application/*+json, application/json, application/*+json]
2024-10-29 10:56:58,335 DEBUG [http-nio-63040-exec-2][LogFormatUtils.java:91] - Writing [{timestamp=Tue Oct 29 10:56:58 CET 2024, status=404, error=Not Found, message=, path=/content/null/s (truncated)...]
2024-10-29 10:56:58,335 DEBUG [http-nio-63040-exec-2][LogFormatUtils.java:91] - Writing [{timestamp=Tue Oct 29 10:56:58 CET 2024, status=404, error=Not Found, message=, path=/content/null/s (truncated)...]
2024-10-29 10:56:58,336 DEBUG [http-nio-63040-exec-2][FrameworkServlet.java:1127] - Exiting from "ERROR" dispatch, status 404
2024-10-29 10:56:58,336 DEBUG [http-nio-63040-exec-2][FrameworkServlet.java:1127] - Exiting from "ERROR" dispatch, status 404
2024-10-29 10:56:58,338 DEBUG [http-nio-63040-exec-1][LogFormatUtils.java:91] - GET "/content/null/swagger-resources", parameters={}
2024-10-29 10:56:58,338 DEBUG [http-nio-63040-exec-1][LogFormatUtils.java:91] - GET "/content/null/swagger-resources", parameters={}
2024-10-29 10:56:58,338 DEBUG [http-nio-63040-exec-1][AbstractHandlerMapping.java:415] - Mapped to ResourceHttpRequestHandler ["classpath:/META-INF/resources/", "classpath:/resources/", "classpath:/static/", "classpath:/public/", "/"]
2024-10-29 10:56:58,338 DEBUG [http-nio-63040-exec-1][AbstractHandlerMapping.java:415] - Mapped to ResourceHttpRequestHandler ["classpath:/META-INF/resources/", "classpath:/resources/", "classpath:/static/", "classpath:/public/", "/"]
2024-10-29 10:56:58,339 DEBUG [http-nio-63040-exec-1][ResourceHttpRequestHandler.java:487] - Resource not found
2024-10-29 10:56:58,339 DEBUG [http-nio-63040-exec-1][ResourceHttpRequestHandler.java:487] - Resource not found
2024-10-29 10:56:58,339 DEBUG [http-nio-63040-exec-1][FrameworkServlet.java:1131] - Completed 404 NOT_FOUND
2024-10-29 10:56:58,339 DEBUG [http-nio-63040-exec-1][FrameworkServlet.java:1131] - Completed 404 NOT_FOUND
2024-10-29 10:56:58,339 DEBUG [http-nio-63040-exec-1][LogFormatUtils.java:91] - "ERROR" dispatch for GET "/content/error", parameters={}
2024-10-29 10:56:58,339 DEBUG [http-nio-63040-exec-1][LogFormatUtils.java:91] - "ERROR" dispatch for GET "/content/error", parameters={}
2024-10-29 10:56:58,340 DEBUG [http-nio-63040-exec-1][AbstractHandlerMapping.java:415] - Mapped to org.springframework.boot.autoconfigure.web.servlet.error.BasicErrorController#error(HttpServletRequest)
2024-10-29 10:56:58,340 DEBUG [http-nio-63040-exec-1][AbstractHandlerMapping.java:415] - Mapped to org.springframework.boot.autoconfigure.web.servlet.error.BasicErrorController#error(HttpServletRequest)
2024-10-29 10:56:58,340 DEBUG [http-nio-63040-exec-1][AbstractMessageConverterMethodProcessor.java:255] - Using 'application/json', given [application/json] and supported [application/json, application/*+json, application/json, application/*+json]
2024-10-29 10:56:58,340 DEBUG [http-nio-63040-exec-1][AbstractMessageConverterMethodProcessor.java:255] - Using 'application/json', given [application/json] and supported [application/json, application/*+json, application/json, application/*+json]
2024-10-29 10:56:58,340 DEBUG [http-nio-63040-exec-1][LogFormatUtils.java:91] - Writing [{timestamp=Tue Oct 29 10:56:58 CET 2024, status=404, error=Not Found, message=, path=/content/null/s (truncated)...]
2024-10-29 10:56:58,340 DEBUG [http-nio-63040-exec-1][LogFormatUtils.java:91] - Writing [{timestamp=Tue Oct 29 10:56:58 CET 2024, status=404, error=Not Found, message=, path=/content/null/s (truncated)...]
2024-10-29 10:56:58,341 DEBUG [http-nio-63040-exec-1][FrameworkServlet.java:1127] - Exiting from "ERROR" dispatch, status 404
2024-10-29 10:56:58,341 DEBUG [http-nio-63040-exec-1][FrameworkServlet.java:1127] - Exiting from "ERROR" dispatch, status 404
2024-10-29 10:56:58,343 DEBUG [http-nio-63040-exec-3][LogFormatUtils.java:91] - GET "/content/null/swagger-resources/configuration/ui", parameters={}
2024-10-29 10:56:58,343 DEBUG [http-nio-63040-exec-3][LogFormatUtils.java:91] - GET "/content/null/swagger-resources/configuration/ui", parameters={}
2024-10-29 10:56:58,344 DEBUG [http-nio-63040-exec-3][AbstractHandlerMapping.java:415] - Mapped to ResourceHttpRequestHandler ["classpath:/META-INF/resources/", "classpath:/resources/", "classpath:/static/", "classpath:/public/", "/"]
2024-10-29 10:56:58,344 DEBUG [http-nio-63040-exec-3][AbstractHandlerMapping.java:415] - Mapped to ResourceHttpRequestHandler ["classpath:/META-INF/resources/", "classpath:/resources/", "classpath:/static/", "classpath:/public/", "/"]
2024-10-29 10:56:58,345 DEBUG [http-nio-63040-exec-3][ResourceHttpRequestHandler.java:487] - Resource not found
2024-10-29 10:56:58,345 DEBUG [http-nio-63040-exec-3][ResourceHttpRequestHandler.java:487] - Resource not found
2024-10-29 10:56:58,345 DEBUG [http-nio-63040-exec-3][FrameworkServlet.java:1131] - Completed 404 NOT_FOUND
2024-10-29 10:56:58,345 DEBUG [http-nio-63040-exec-3][FrameworkServlet.java:1131] - Completed 404 NOT_FOUND
2024-10-29 10:56:58,345 DEBUG [http-nio-63040-exec-3][LogFormatUtils.java:91] - "ERROR" dispatch for GET "/content/error", parameters={}
2024-10-29 10:56:58,345 DEBUG [http-nio-63040-exec-3][LogFormatUtils.java:91] - "ERROR" dispatch for GET "/content/error", parameters={}
2024-10-29 10:56:58,345 DEBUG [http-nio-63040-exec-3][AbstractHandlerMapping.java:415] - Mapped to org.springframework.boot.autoconfigure.web.servlet.error.BasicErrorController#error(HttpServletRequest)
2024-10-29 10:56:58,345 DEBUG [http-nio-63040-exec-3][AbstractHandlerMapping.java:415] - Mapped to org.springframework.boot.autoconfigure.web.servlet.error.BasicErrorController#error(HttpServletRequest)
2024-10-29 10:56:58,346 DEBUG [http-nio-63040-exec-3][AbstractMessageConverterMethodProcessor.java:255] - Using 'application/json', given [application/json] and supported [application/json, application/*+json, application/json, application/*+json]
2024-10-29 10:56:58,346 DEBUG [http-nio-63040-exec-3][AbstractMessageConverterMethodProcessor.java:255] - Using 'application/json', given [application/json] and supported [application/json, application/*+json, application/json, application/*+json]
2024-10-29 10:56:58,346 DEBUG [http-nio-63040-exec-3][LogFormatUtils.java:91] - Writing [{timestamp=Tue Oct 29 10:56:58 CET 2024, status=404, error=Not Found, message=, path=/content/null/s (truncated)...]
2024-10-29 10:56:58,346 DEBUG [http-nio-63040-exec-3][LogFormatUtils.java:91] - Writing [{timestamp=Tue Oct 29 10:56:58 CET 2024, status=404, error=Not Found, message=, path=/content/null/s (truncated)...]
2024-10-29 10:56:58,347 DEBUG [http-nio-63040-exec-3][FrameworkServlet.java:1127] - Exiting from "ERROR" dispatch, status 404
2024-10-29 10:56:58,347 DEBUG [http-nio-63040-exec-3][FrameworkServlet.java:1127] - Exiting from "ERROR" dispatch, status 404
2024-10-29 10:56:58,350 DEBUG [http-nio-63040-exec-10][LogFormatUtils.java:91] - GET "/content/null/swagger-resources/configuration/security", parameters={}
2024-10-29 10:56:58,350 DEBUG [http-nio-63040-exec-10][LogFormatUtils.java:91] - GET "/content/null/swagger-resources/configuration/security", parameters={}
2024-10-29 10:56:58,351 DEBUG [http-nio-63040-exec-10][AbstractHandlerMapping.java:415] - Mapped to ResourceHttpRequestHandler ["classpath:/META-INF/resources/", "classpath:/resources/", "classpath:/static/", "classpath:/public/", "/"]
2024-10-29 10:56:58,351 DEBUG [http-nio-63040-exec-10][AbstractHandlerMapping.java:415] - Mapped to ResourceHttpRequestHandler ["classpath:/META-INF/resources/", "classpath:/resources/", "classpath:/static/", "classpath:/public/", "/"]
2024-10-29 10:56:58,351 DEBUG [http-nio-63040-exec-10][ResourceHttpRequestHandler.java:487] - Resource not found
2024-10-29 10:56:58,351 DEBUG [http-nio-63040-exec-10][ResourceHttpRequestHandler.java:487] - Resource not found
2024-10-29 10:56:58,351 DEBUG [http-nio-63040-exec-10][FrameworkServlet.java:1131] - Completed 404 NOT_FOUND
2024-10-29 10:56:58,351 DEBUG [http-nio-63040-exec-10][FrameworkServlet.java:1131] - Completed 404 NOT_FOUND
2024-10-29 10:56:58,352 DEBUG [http-nio-63040-exec-10][LogFormatUtils.java:91] - "ERROR" dispatch for GET "/content/error", parameters={}
2024-10-29 10:56:58,352 DEBUG [http-nio-63040-exec-10][LogFormatUtils.java:91] - "ERROR" dispatch for GET "/content/error", parameters={}
2024-10-29 10:56:58,352 DEBUG [http-nio-63040-exec-10][AbstractHandlerMapping.java:415] - Mapped to org.springframework.boot.autoconfigure.web.servlet.error.BasicErrorController#error(HttpServletRequest)
2024-10-29 10:56:58,352 DEBUG [http-nio-63040-exec-10][AbstractHandlerMapping.java:415] - Mapped to org.springframework.boot.autoconfigure.web.servlet.error.BasicErrorController#error(HttpServletRequest)
2024-10-29 10:56:58,352 DEBUG [http-nio-63040-exec-10][AbstractMessageConverterMethodProcessor.java:255] - Using 'application/json', given [application/json] and supported [application/json, application/*+json, application/json, application/*+json]
2024-10-29 10:56:58,352 DEBUG [http-nio-63040-exec-10][AbstractMessageConverterMethodProcessor.java:255] - Using 'application/json', given [application/json] and supported [application/json, application/*+json, application/json, application/*+json]
2024-10-29 10:56:58,353 DEBUG [http-nio-63040-exec-10][LogFormatUtils.java:91] - Writing [{timestamp=Tue Oct 29 10:56:58 CET 2024, status=404, error=Not Found, message=, path=/content/null/s (truncated)...]
2024-10-29 10:56:58,353 DEBUG [http-nio-63040-exec-10][LogFormatUtils.java:91] - Writing [{timestamp=Tue Oct 29 10:56:58 CET 2024, status=404, error=Not Found, message=, path=/content/null/s (truncated)...]
2024-10-29 10:56:58,353 DEBUG [http-nio-63040-exec-10][FrameworkServlet.java:1127] - Exiting from "ERROR" dispatch, status 404
2024-10-29 10:56:58,353 DEBUG [http-nio-63040-exec-10][FrameworkServlet.java:1127] - Exiting from "ERROR" dispatch, status 404
2024-10-29 10:56:58,357 DEBUG [http-nio-63040-exec-9][LogFormatUtils.java:91] - GET "/content/null/swagger-resources", parameters={}
2024-10-29 10:56:58,357 DEBUG [http-nio-63040-exec-9][LogFormatUtils.java:91] - GET "/content/null/swagger-resources", parameters={}
2024-10-29 10:56:58,357 DEBUG [http-nio-63040-exec-9][AbstractHandlerMapping.java:415] - Mapped to ResourceHttpRequestHandler ["classpath:/META-INF/resources/", "classpath:/resources/", "classpath:/static/", "classpath:/public/", "/"]
2024-10-29 10:56:58,357 DEBUG [http-nio-63040-exec-9][AbstractHandlerMapping.java:415] - Mapped to ResourceHttpRequestHandler ["classpath:/META-INF/resources/", "classpath:/resources/", "classpath:/static/", "classpath:/public/", "/"]
2024-10-29 10:56:58,357 DEBUG [http-nio-63040-exec-9][ResourceHttpRequestHandler.java:487] - Resource not found
2024-10-29 10:56:58,357 DEBUG [http-nio-63040-exec-9][ResourceHttpRequestHandler.java:487] - Resource not found
2024-10-29 10:56:58,358 DEBUG [http-nio-63040-exec-9][FrameworkServlet.java:1131] - Completed 404 NOT_FOUND
2024-10-29 10:56:58,358 DEBUG [http-nio-63040-exec-9][FrameworkServlet.java:1131] - Completed 404 NOT_FOUND
2024-10-29 10:56:58,358 DEBUG [http-nio-63040-exec-9][LogFormatUtils.java:91] - "ERROR" dispatch for GET "/content/error", parameters={}
2024-10-29 10:56:58,358 DEBUG [http-nio-63040-exec-9][LogFormatUtils.java:91] - "ERROR" dispatch for GET "/content/error", parameters={}
2024-10-29 10:56:58,358 DEBUG [http-nio-63040-exec-9][AbstractHandlerMapping.java:415] - Mapped to org.springframework.boot.autoconfigure.web.servlet.error.BasicErrorController#error(HttpServletRequest)
2024-10-29 10:56:58,358 DEBUG [http-nio-63040-exec-9][AbstractHandlerMapping.java:415] - Mapped to org.springframework.boot.autoconfigure.web.servlet.error.BasicErrorController#error(HttpServletRequest)
2024-10-29 10:56:58,358 DEBUG [http-nio-63040-exec-9][AbstractMessageConverterMethodProcessor.java:255] - Using 'application/json', given [application/json] and supported [application/json, application/*+json, application/json, application/*+json]
2024-10-29 10:56:58,358 DEBUG [http-nio-63040-exec-9][AbstractMessageConverterMethodProcessor.java:255] - Using 'application/json', given [application/json] and supported [application/json, application/*+json, application/json, application/*+json]
2024-10-29 10:56:58,359 DEBUG [http-nio-63040-exec-9][LogFormatUtils.java:91] - Writing [{timestamp=Tue Oct 29 10:56:58 CET 2024, status=404, error=Not Found, message=, path=/content/null/s (truncated)...]
2024-10-29 10:56:58,359 DEBUG [http-nio-63040-exec-9][LogFormatUtils.java:91] - Writing [{timestamp=Tue Oct 29 10:56:58 CET 2024, status=404, error=Not Found, message=, path=/content/null/s (truncated)...]
2024-10-29 10:56:58,359 DEBUG [http-nio-63040-exec-9][FrameworkServlet.java:1127] - Exiting from "ERROR" dispatch, status 404
2024-10-29 10:56:58,359 DEBUG [http-nio-63040-exec-9][FrameworkServlet.java:1127] - Exiting from "ERROR" dispatch, status 404
2024-10-29 10:56:58,364 DEBUG [http-nio-63040-exec-5][LogFormatUtils.java:91] - GET "/content/null/swagger-resources/configuration/ui", parameters={}
2024-10-29 10:56:58,364 DEBUG [http-nio-63040-exec-5][LogFormatUtils.java:91] - GET "/content/null/swagger-resources/configuration/ui", parameters={}
2024-10-29 10:56:58,364 DEBUG [http-nio-63040-exec-5][AbstractHandlerMapping.java:415] - Mapped to ResourceHttpRequestHandler ["classpath:/META-INF/resources/", "classpath:/resources/", "classpath:/static/", "classpath:/public/", "/"]
2024-10-29 10:56:58,364 DEBUG [http-nio-63040-exec-5][AbstractHandlerMapping.java:415] - Mapped to ResourceHttpRequestHandler ["classpath:/META-INF/resources/", "classpath:/resources/", "classpath:/static/", "classpath:/public/", "/"]
2024-10-29 10:56:58,365 DEBUG [http-nio-63040-exec-5][ResourceHttpRequestHandler.java:487] - Resource not found
2024-10-29 10:56:58,365 DEBUG [http-nio-63040-exec-5][ResourceHttpRequestHandler.java:487] - Resource not found
2024-10-29 10:56:58,365 DEBUG [http-nio-63040-exec-5][FrameworkServlet.java:1131] - Completed 404 NOT_FOUND
2024-10-29 10:56:58,365 DEBUG [http-nio-63040-exec-5][FrameworkServlet.java:1131] - Completed 404 NOT_FOUND
2024-10-29 10:56:58,365 DEBUG [http-nio-63040-exec-5][LogFormatUtils.java:91] - "ERROR" dispatch for GET "/content/error", parameters={}
2024-10-29 10:56:58,365 DEBUG [http-nio-63040-exec-5][LogFormatUtils.java:91] - "ERROR" dispatch for GET "/content/error", parameters={}
2024-10-29 10:56:58,365 DEBUG [http-nio-63040-exec-5][AbstractHandlerMapping.java:415] - Mapped to org.springframework.boot.autoconfigure.web.servlet.error.BasicErrorController#error(HttpServletRequest)
2024-10-29 10:56:58,365 DEBUG [http-nio-63040-exec-5][AbstractHandlerMapping.java:415] - Mapped to org.springframework.boot.autoconfigure.web.servlet.error.BasicErrorController#error(HttpServletRequest)
2024-10-29 10:56:58,365 DEBUG [http-nio-63040-exec-5][AbstractMessageConverterMethodProcessor.java:255] - Using 'application/json', given [application/json] and supported [application/json, application/*+json, application/json, application/*+json]
2024-10-29 10:56:58,365 DEBUG [http-nio-63040-exec-5][AbstractMessageConverterMethodProcessor.java:255] - Using 'application/json', given [application/json] and supported [application/json, application/*+json, application/json, application/*+json]
2024-10-29 10:56:58,366 DEBUG [http-nio-63040-exec-5][LogFormatUtils.java:91] - Writing [{timestamp=Tue Oct 29 10:56:58 CET 2024, status=404, error=Not Found, message=, path=/content/null/s (truncated)...]
2024-10-29 10:56:58,366 DEBUG [http-nio-63040-exec-5][LogFormatUtils.java:91] - Writing [{timestamp=Tue Oct 29 10:56:58 CET 2024, status=404, error=Not Found, message=, path=/content/null/s (truncated)...]
2024-10-29 10:56:58,366 DEBUG [http-nio-63040-exec-5][FrameworkServlet.java:1127] - Exiting from "ERROR" dispatch, status 404
2024-10-29 10:56:58,366 DEBUG [http-nio-63040-exec-5][FrameworkServlet.java:1127] - Exiting from "ERROR" dispatch, status 404
2024-10-29 10:56:58,369 DEBUG [http-nio-63040-exec-6][LogFormatUtils.java:91] - GET "/content/null/swagger-resources/configuration/security", parameters={}
2024-10-29 10:56:58,369 DEBUG [http-nio-63040-exec-6][LogFormatUtils.java:91] - GET "/content/null/swagger-resources/configuration/security", parameters={}
2024-10-29 10:56:58,369 DEBUG [http-nio-63040-exec-6][AbstractHandlerMapping.java:415] - Mapped to ResourceHttpRequestHandler ["classpath:/META-INF/resources/", "classpath:/resources/", "classpath:/static/", "classpath:/public/", "/"]
2024-10-29 10:56:58,369 DEBUG [http-nio-63040-exec-6][AbstractHandlerMapping.java:415] - Mapped to ResourceHttpRequestHandler ["classpath:/META-INF/resources/", "classpath:/resources/", "classpath:/static/", "classpath:/public/", "/"]
2024-10-29 10:56:58,370 DEBUG [http-nio-63040-exec-6][ResourceHttpRequestHandler.java:487] - Resource not found
2024-10-29 10:56:58,370 DEBUG [http-nio-63040-exec-6][ResourceHttpRequestHandler.java:487] - Resource not found
2024-10-29 10:56:58,370 DEBUG [http-nio-63040-exec-6][FrameworkServlet.java:1131] - Completed 404 NOT_FOUND
2024-10-29 10:56:58,370 DEBUG [http-nio-63040-exec-6][FrameworkServlet.java:1131] - Completed 404 NOT_FOUND
2024-10-29 10:56:58,371 DEBUG [http-nio-63040-exec-6][LogFormatUtils.java:91] - "ERROR" dispatch for GET "/content/error", parameters={}
2024-10-29 10:56:58,371 DEBUG [http-nio-63040-exec-6][LogFormatUtils.java:91] - "ERROR" dispatch for GET "/content/error", parameters={}
2024-10-29 10:56:58,371 DEBUG [http-nio-63040-exec-6][AbstractHandlerMapping.java:415] - Mapped to org.springframework.boot.autoconfigure.web.servlet.error.BasicErrorController#error(HttpServletRequest)
2024-10-29 10:56:58,371 DEBUG [http-nio-63040-exec-6][AbstractHandlerMapping.java:415] - Mapped to org.springframework.boot.autoconfigure.web.servlet.error.BasicErrorController#error(HttpServletRequest)
2024-10-29 10:56:58,371 DEBUG [http-nio-63040-exec-6][AbstractMessageConverterMethodProcessor.java:255] - Using 'application/json', given [application/json] and supported [application/json, application/*+json, application/json, application/*+json]
2024-10-29 10:56:58,371 DEBUG [http-nio-63040-exec-6][AbstractMessageConverterMethodProcessor.java:255] - Using 'application/json', given [application/json] and supported [application/json, application/*+json, application/json, application/*+json]
2024-10-29 10:56:58,371 DEBUG [http-nio-63040-exec-6][LogFormatUtils.java:91] - Writing [{timestamp=Tue Oct 29 10:56:58 CET 2024, status=404, error=Not Found, message=, path=/content/null/s (truncated)...]
2024-10-29 10:56:58,371 DEBUG [http-nio-63040-exec-6][LogFormatUtils.java:91] - Writing [{timestamp=Tue Oct 29 10:56:58 CET 2024, status=404, error=Not Found, message=, path=/content/null/s (truncated)...]
2024-10-29 10:56:58,372 DEBUG [http-nio-63040-exec-6][FrameworkServlet.java:1127] - Exiting from "ERROR" dispatch, status 404
2024-10-29 10:56:58,372 DEBUG [http-nio-63040-exec-6][FrameworkServlet.java:1127] - Exiting from "ERROR" dispatch, status 404
2024-10-29 10:56:58,374 DEBUG [http-nio-63040-exec-7][LogFormatUtils.java:91] - GET "/content/null/swagger-resources", parameters={}
2024-10-29 10:56:58,374 DEBUG [http-nio-63040-exec-7][LogFormatUtils.java:91] - GET "/content/null/swagger-resources", parameters={}
2024-10-29 10:56:58,375 DEBUG [http-nio-63040-exec-7][AbstractHandlerMapping.java:415] - Mapped to ResourceHttpRequestHandler ["classpath:/META-INF/resources/", "classpath:/resources/", "classpath:/static/", "classpath:/public/", "/"]
2024-10-29 10:56:58,375 DEBUG [http-nio-63040-exec-7][AbstractHandlerMapping.java:415] - Mapped to ResourceHttpRequestHandler ["classpath:/META-INF/resources/", "classpath:/resources/", "classpath:/static/", "classpath:/public/", "/"]
2024-10-29 10:56:58,375 DEBUG [http-nio-63040-exec-7][ResourceHttpRequestHandler.java:487] - Resource not found
2024-10-29 10:56:58,375 DEBUG [http-nio-63040-exec-7][ResourceHttpRequestHandler.java:487] - Resource not found
2024-10-29 10:56:58,375 DEBUG [http-nio-63040-exec-7][FrameworkServlet.java:1131] - Completed 404 NOT_FOUND
2024-10-29 10:56:58,375 DEBUG [http-nio-63040-exec-7][FrameworkServlet.java:1131] - Completed 404 NOT_FOUND
2024-10-29 10:56:58,375 DEBUG [http-nio-63040-exec-7][LogFormatUtils.java:91] - "ERROR" dispatch for GET "/content/error", parameters={}
2024-10-29 10:56:58,375 DEBUG [http-nio-63040-exec-7][LogFormatUtils.java:91] - "ERROR" dispatch for GET "/content/error", parameters={}
2024-10-29 10:56:58,375 DEBUG [http-nio-63040-exec-7][AbstractHandlerMapping.java:415] - Mapped to org.springframework.boot.autoconfigure.web.servlet.error.BasicErrorController#error(HttpServletRequest)
2024-10-29 10:56:58,375 DEBUG [http-nio-63040-exec-7][AbstractHandlerMapping.java:415] - Mapped to org.springframework.boot.autoconfigure.web.servlet.error.BasicErrorController#error(HttpServletRequest)
2024-10-29 10:56:58,376 DEBUG [http-nio-63040-exec-7][AbstractMessageConverterMethodProcessor.java:255] - Using 'application/json', given [application/json] and supported [application/json, application/*+json, application/json, application/*+json]
2024-10-29 10:56:58,376 DEBUG [http-nio-63040-exec-7][AbstractMessageConverterMethodProcessor.java:255] - Using 'application/json', given [application/json] and supported [application/json, application/*+json, application/json, application/*+json]
2024-10-29 10:56:58,376 DEBUG [http-nio-63040-exec-7][LogFormatUtils.java:91] - Writing [{timestamp=Tue Oct 29 10:56:58 CET 2024, status=404, error=Not Found, message=, path=/content/null/s (truncated)...]
2024-10-29 10:56:58,376 DEBUG [http-nio-63040-exec-7][LogFormatUtils.java:91] - Writing [{timestamp=Tue Oct 29 10:56:58 CET 2024, status=404, error=Not Found, message=, path=/content/null/s (truncated)...]
2024-10-29 10:56:58,376 DEBUG [http-nio-63040-exec-7][FrameworkServlet.java:1127] - Exiting from "ERROR" dispatch, status 404
2024-10-29 10:56:58,376 DEBUG [http-nio-63040-exec-7][FrameworkServlet.java:1127] - Exiting from "ERROR" dispatch, status 404
2024-10-29 10:56:58,380 DEBUG [http-nio-63040-exec-8][LogFormatUtils.java:91] - GET "/content/null/swagger-resources/configuration/ui", parameters={}
2024-10-29 10:56:58,380 DEBUG [http-nio-63040-exec-8][LogFormatUtils.java:91] - GET "/content/null/swagger-resources/configuration/ui", parameters={}
2024-10-29 10:56:58,380 DEBUG [http-nio-63040-exec-8][AbstractHandlerMapping.java:415] - Mapped to ResourceHttpRequestHandler ["classpath:/META-INF/resources/", "classpath:/resources/", "classpath:/static/", "classpath:/public/", "/"]
2024-10-29 10:56:58,380 DEBUG [http-nio-63040-exec-8][AbstractHandlerMapping.java:415] - Mapped to ResourceHttpRequestHandler ["classpath:/META-INF/resources/", "classpath:/resources/", "classpath:/static/", "classpath:/public/", "/"]
2024-10-29 10:56:58,381 DEBUG [http-nio-63040-exec-8][ResourceHttpRequestHandler.java:487] - Resource not found
2024-10-29 10:56:58,381 DEBUG [http-nio-63040-exec-8][ResourceHttpRequestHandler.java:487] - Resource not found
2024-10-29 10:56:58,381 DEBUG [http-nio-63040-exec-8][FrameworkServlet.java:1131] - Completed 404 NOT_FOUND
2024-10-29 10:56:58,381 DEBUG [http-nio-63040-exec-8][FrameworkServlet.java:1131] - Completed 404 NOT_FOUND
2024-10-29 10:56:58,381 DEBUG [http-nio-63040-exec-8][LogFormatUtils.java:91] - "ERROR" dispatch for GET "/content/error", parameters={}
2024-10-29 10:56:58,381 DEBUG [http-nio-63040-exec-8][LogFormatUtils.java:91] - "ERROR" dispatch for GET "/content/error", parameters={}
2024-10-29 10:56:58,381 DEBUG [http-nio-63040-exec-8][AbstractHandlerMapping.java:415] - Mapped to org.springframework.boot.autoconfigure.web.servlet.error.BasicErrorController#error(HttpServletRequest)
2024-10-29 10:56:58,381 DEBUG [http-nio-63040-exec-8][AbstractHandlerMapping.java:415] - Mapped to org.springframework.boot.autoconfigure.web.servlet.error.BasicErrorController#error(HttpServletRequest)
2024-10-29 10:56:58,381 DEBUG [http-nio-63040-exec-8][AbstractMessageConverterMethodProcessor.java:255] - Using 'application/json', given [application/json] and supported [application/json, application/*+json, application/json, application/*+json]
2024-10-29 10:56:58,381 DEBUG [http-nio-63040-exec-8][AbstractMessageConverterMethodProcessor.java:255] - Using 'application/json', given [application/json] and supported [application/json, application/*+json, application/json, application/*+json]
2024-10-29 10:56:58,381 DEBUG [http-nio-63040-exec-8][LogFormatUtils.java:91] - Writing [{timestamp=Tue Oct 29 10:56:58 CET 2024, status=404, error=Not Found, message=, path=/content/null/s (truncated)...]
2024-10-29 10:56:58,381 DEBUG [http-nio-63040-exec-8][LogFormatUtils.java:91] - Writing [{timestamp=Tue Oct 29 10:56:58 CET 2024, status=404, error=Not Found, message=, path=/content/null/s (truncated)...]
2024-10-29 10:56:58,382 DEBUG [http-nio-63040-exec-8][FrameworkServlet.java:1127] - Exiting from "ERROR" dispatch, status 404
2024-10-29 10:56:58,382 DEBUG [http-nio-63040-exec-8][FrameworkServlet.java:1127] - Exiting from "ERROR" dispatch, status 404
2024-10-29 10:56:58,384 DEBUG [http-nio-63040-exec-4][LogFormatUtils.java:91] - GET "/content/null/swagger-resources/configuration/security", parameters={}
2024-10-29 10:56:58,384 DEBUG [http-nio-63040-exec-4][LogFormatUtils.java:91] - GET "/content/null/swagger-resources/configuration/security", parameters={}
2024-10-29 10:56:58,384 DEBUG [http-nio-63040-exec-4][AbstractHandlerMapping.java:415] - Mapped to ResourceHttpRequestHandler ["classpath:/META-INF/resources/", "classpath:/resources/", "classpath:/static/", "classpath:/public/", "/"]
2024-10-29 10:56:58,384 DEBUG [http-nio-63040-exec-4][AbstractHandlerMapping.java:415] - Mapped to ResourceHttpRequestHandler ["classpath:/META-INF/resources/", "classpath:/resources/", "classpath:/static/", "classpath:/public/", "/"]
2024-10-29 10:56:58,384 DEBUG [http-nio-63040-exec-4][ResourceHttpRequestHandler.java:487] - Resource not found
2024-10-29 10:56:58,384 DEBUG [http-nio-63040-exec-4][ResourceHttpRequestHandler.java:487] - Resource not found
2024-10-29 10:56:58,384 DEBUG [http-nio-63040-exec-4][FrameworkServlet.java:1131] - Completed 404 NOT_FOUND
2024-10-29 10:56:58,384 DEBUG [http-nio-63040-exec-4][FrameworkServlet.java:1131] - Completed 404 NOT_FOUND
2024-10-29 10:56:58,385 DEBUG [http-nio-63040-exec-4][LogFormatUtils.java:91] - "ERROR" dispatch for GET "/content/error", parameters={}
2024-10-29 10:56:58,385 DEBUG [http-nio-63040-exec-4][LogFormatUtils.java:91] - "ERROR" dispatch for GET "/content/error", parameters={}
2024-10-29 10:56:58,385 DEBUG [http-nio-63040-exec-4][AbstractHandlerMapping.java:415] - Mapped to org.springframework.boot.autoconfigure.web.servlet.error.BasicErrorController#error(HttpServletRequest)
2024-10-29 10:56:58,385 DEBUG [http-nio-63040-exec-4][AbstractHandlerMapping.java:415] - Mapped to org.springframework.boot.autoconfigure.web.servlet.error.BasicErrorController#error(HttpServletRequest)
2024-10-29 10:56:58,385 DEBUG [http-nio-63040-exec-4][AbstractMessageConverterMethodProcessor.java:255] - Using 'application/json', given [application/json] and supported [application/json, application/*+json, application/json, application/*+json]
2024-10-29 10:56:58,385 DEBUG [http-nio-63040-exec-4][AbstractMessageConverterMethodProcessor.java:255] - Using 'application/json', given [application/json] and supported [application/json, application/*+json, application/json, application/*+json]
2024-10-29 10:56:58,385 DEBUG [http-nio-63040-exec-4][LogFormatUtils.java:91] - Writing [{timestamp=Tue Oct 29 10:56:58 CET 2024, status=404, error=Not Found, message=, path=/content/null/s (truncated)...]
2024-10-29 10:56:58,385 DEBUG [http-nio-63040-exec-4][LogFormatUtils.java:91] - Writing [{timestamp=Tue Oct 29 10:56:58 CET 2024, status=404, error=Not Found, message=, path=/content/null/s (truncated)...]
2024-10-29 10:56:58,386 DEBUG [http-nio-63040-exec-4][FrameworkServlet.java:1127] - Exiting from "ERROR" dispatch, status 404
2024-10-29 10:56:58,386 DEBUG [http-nio-63040-exec-4][FrameworkServlet.java:1127] - Exiting from "ERROR" dispatch, status 404
2024-10-29 10:56:58,389 DEBUG [http-nio-63040-exec-2][LogFormatUtils.java:91] - GET "/content/null/swagger-resources", parameters={}
2024-10-29 10:56:58,389 DEBUG [http-nio-63040-exec-2][LogFormatUtils.java:91] - GET "/content/null/swagger-resources", parameters={}
2024-10-29 10:56:58,389 DEBUG [http-nio-63040-exec-2][AbstractHandlerMapping.java:415] - Mapped to ResourceHttpRequestHandler ["classpath:/META-INF/resources/", "classpath:/resources/", "classpath:/static/", "classpath:/public/", "/"]
2024-10-29 10:56:58,389 DEBUG [http-nio-63040-exec-2][AbstractHandlerMapping.java:415] - Mapped to ResourceHttpRequestHandler ["classpath:/META-INF/resources/", "classpath:/resources/", "classpath:/static/", "classpath:/public/", "/"]
2024-10-29 10:56:58,389 DEBUG [http-nio-63040-exec-2][ResourceHttpRequestHandler.java:487] - Resource not found
2024-10-29 10:56:58,389 DEBUG [http-nio-63040-exec-2][ResourceHttpRequestHandler.java:487] - Resource not found
2024-10-29 10:56:58,389 DEBUG [http-nio-63040-exec-2][FrameworkServlet.java:1131] - Completed 404 NOT_FOUND
2024-10-29 10:56:58,389 DEBUG [http-nio-63040-exec-2][FrameworkServlet.java:1131] - Completed 404 NOT_FOUND
2024-10-29 10:56:58,390 DEBUG [http-nio-63040-exec-2][LogFormatUtils.java:91] - "ERROR" dispatch for GET "/content/error", parameters={}
2024-10-29 10:56:58,390 DEBUG [http-nio-63040-exec-2][LogFormatUtils.java:91] - "ERROR" dispatch for GET "/content/error", parameters={}
2024-10-29 10:56:58,390 DEBUG [http-nio-63040-exec-2][AbstractHandlerMapping.java:415] - Mapped to org.springframework.boot.autoconfigure.web.servlet.error.BasicErrorController#error(HttpServletRequest)
2024-10-29 10:56:58,390 DEBUG [http-nio-63040-exec-2][AbstractHandlerMapping.java:415] - Mapped to org.springframework.boot.autoconfigure.web.servlet.error.BasicErrorController#error(HttpServletRequest)
2024-10-29 10:56:58,390 DEBUG [http-nio-63040-exec-2][AbstractMessageConverterMethodProcessor.java:255] - Using 'application/json', given [application/json] and supported [application/json, application/*+json, application/json, application/*+json]
2024-10-29 10:56:58,390 DEBUG [http-nio-63040-exec-2][AbstractMessageConverterMethodProcessor.java:255] - Using 'application/json', given [application/json] and supported [application/json, application/*+json, application/json, application/*+json]
2024-10-29 10:56:58,390 DEBUG [http-nio-63040-exec-2][LogFormatUtils.java:91] - Writing [{timestamp=Tue Oct 29 10:56:58 CET 2024, status=404, error=Not Found, message=, path=/content/null/s (truncated)...]
2024-10-29 10:56:58,390 DEBUG [http-nio-63040-exec-2][LogFormatUtils.java:91] - Writing [{timestamp=Tue Oct 29 10:56:58 CET 2024, status=404, error=Not Found, message=, path=/content/null/s (truncated)...]
2024-10-29 10:56:58,391 DEBUG [http-nio-63040-exec-2][FrameworkServlet.java:1127] - Exiting from "ERROR" dispatch, status 404
2024-10-29 10:56:58,391 DEBUG [http-nio-63040-exec-2][FrameworkServlet.java:1127] - Exiting from "ERROR" dispatch, status 404
2024-10-29 10:56:58,397 DEBUG [http-nio-63040-exec-1][LogFormatUtils.java:91] - GET "/content/null/swagger-resources/configuration/ui", parameters={}
2024-10-29 10:56:58,397 DEBUG [http-nio-63040-exec-1][LogFormatUtils.java:91] - GET "/content/null/swagger-resources/configuration/ui", parameters={}
2024-10-29 10:56:58,398 DEBUG [http-nio-63040-exec-1][AbstractHandlerMapping.java:415] - Mapped to ResourceHttpRequestHandler ["classpath:/META-INF/resources/", "classpath:/resources/", "classpath:/static/", "classpath:/public/", "/"]
2024-10-29 10:56:58,398 DEBUG [http-nio-63040-exec-1][AbstractHandlerMapping.java:415] - Mapped to ResourceHttpRequestHandler ["classpath:/META-INF/resources/", "classpath:/resources/", "classpath:/static/", "classpath:/public/", "/"]
2024-10-29 10:56:58,398 DEBUG [http-nio-63040-exec-1][ResourceHttpRequestHandler.java:487] - Resource not found
2024-10-29 10:56:58,398 DEBUG [http-nio-63040-exec-1][ResourceHttpRequestHandler.java:487] - Resource not found
2024-10-29 10:56:58,398 DEBUG [http-nio-63040-exec-1][FrameworkServlet.java:1131] - Completed 404 NOT_FOUND
2024-10-29 10:56:58,398 DEBUG [http-nio-63040-exec-1][FrameworkServlet.java:1131] - Completed 404 NOT_FOUND
2024-10-29 10:56:58,398 DEBUG [http-nio-63040-exec-1][LogFormatUtils.java:91] - "ERROR" dispatch for GET "/content/error", parameters={}
2024-10-29 10:56:58,398 DEBUG [http-nio-63040-exec-1][LogFormatUtils.java:91] - "ERROR" dispatch for GET "/content/error", parameters={}
2024-10-29 10:56:58,398 DEBUG [http-nio-63040-exec-1][AbstractHandlerMapping.java:415] - Mapped to org.springframework.boot.autoconfigure.web.servlet.error.BasicErrorController#error(HttpServletRequest)
2024-10-29 10:56:58,398 DEBUG [http-nio-63040-exec-1][AbstractHandlerMapping.java:415] - Mapped to org.springframework.boot.autoconfigure.web.servlet.error.BasicErrorController#error(HttpServletRequest)
2024-10-29 10:56:58,399 DEBUG [http-nio-63040-exec-1][AbstractMessageConverterMethodProcessor.java:255] - Using 'application/json', given [application/json] and supported [application/json, application/*+json, application/json, application/*+json]
2024-10-29 10:56:58,399 DEBUG [http-nio-63040-exec-1][AbstractMessageConverterMethodProcessor.java:255] - Using 'application/json', given [application/json] and supported [application/json, application/*+json, application/json, application/*+json]
2024-10-29 10:56:58,399 DEBUG [http-nio-63040-exec-1][LogFormatUtils.java:91] - Writing [{timestamp=Tue Oct 29 10:56:58 CET 2024, status=404, error=Not Found, message=, path=/content/null/s (truncated)...]
2024-10-29 10:56:58,399 DEBUG [http-nio-63040-exec-1][LogFormatUtils.java:91] - Writing [{timestamp=Tue Oct 29 10:56:58 CET 2024, status=404, error=Not Found, message=, path=/content/null/s (truncated)...]
2024-10-29 10:56:58,399 DEBUG [http-nio-63040-exec-1][FrameworkServlet.java:1127] - Exiting from "ERROR" dispatch, status 404
2024-10-29 10:56:58,399 DEBUG [http-nio-63040-exec-1][FrameworkServlet.java:1127] - Exiting from "ERROR" dispatch, status 404
2024-10-29 10:56:58,401 DEBUG [http-nio-63040-exec-3][LogFormatUtils.java:91] - GET "/content/null/swagger-resources/configuration/security", parameters={}
2024-10-29 10:56:58,401 DEBUG [http-nio-63040-exec-3][LogFormatUtils.java:91] - GET "/content/null/swagger-resources/configuration/security", parameters={}
2024-10-29 10:56:58,402 DEBUG [http-nio-63040-exec-3][AbstractHandlerMapping.java:415] - Mapped to ResourceHttpRequestHandler ["classpath:/META-INF/resources/", "classpath:/resources/", "classpath:/static/", "classpath:/public/", "/"]
2024-10-29 10:56:58,402 DEBUG [http-nio-63040-exec-3][AbstractHandlerMapping.java:415] - Mapped to ResourceHttpRequestHandler ["classpath:/META-INF/resources/", "classpath:/resources/", "classpath:/static/", "classpath:/public/", "/"]
2024-10-29 10:56:58,402 DEBUG [http-nio-63040-exec-3][ResourceHttpRequestHandler.java:487] - Resource not found
2024-10-29 10:56:58,402 DEBUG [http-nio-63040-exec-3][FrameworkServlet.java:1131] - Completed 404 NOT_FOUND
2024-10-29 10:56:58,402 DEBUG [http-nio-63040-exec-3][ResourceHttpRequestHandler.java:487] - Resource not found
2024-10-29 10:56:58,402 DEBUG [http-nio-63040-exec-3][FrameworkServlet.java:1131] - Completed 404 NOT_FOUND
2024-10-29 10:56:58,402 DEBUG [http-nio-63040-exec-3][LogFormatUtils.java:91] - "ERROR" dispatch for GET "/content/error", parameters={}
2024-10-29 10:56:58,402 DEBUG [http-nio-63040-exec-3][LogFormatUtils.java:91] - "ERROR" dispatch for GET "/content/error", parameters={}
2024-10-29 10:56:58,403 DEBUG [http-nio-63040-exec-3][AbstractHandlerMapping.java:415] - Mapped to org.springframework.boot.autoconfigure.web.servlet.error.BasicErrorController#error(HttpServletRequest)
2024-10-29 10:56:58,403 DEBUG [http-nio-63040-exec-3][AbstractHandlerMapping.java:415] - Mapped to org.springframework.boot.autoconfigure.web.servlet.error.BasicErrorController#error(HttpServletRequest)
2024-10-29 10:56:58,403 DEBUG [http-nio-63040-exec-3][AbstractMessageConverterMethodProcessor.java:255] - Using 'application/json', given [application/json] and supported [application/json, application/*+json, application/json, application/*+json]
2024-10-29 10:56:58,403 DEBUG [http-nio-63040-exec-3][AbstractMessageConverterMethodProcessor.java:255] - Using 'application/json', given [application/json] and supported [application/json, application/*+json, application/json, application/*+json]
2024-10-29 10:56:58,403 DEBUG [http-nio-63040-exec-3][LogFormatUtils.java:91] - Writing [{timestamp=Tue Oct 29 10:56:58 CET 2024, status=404, error=Not Found, message=, path=/content/null/s (truncated)...]
2024-10-29 10:56:58,403 DEBUG [http-nio-63040-exec-3][LogFormatUtils.java:91] - Writing [{timestamp=Tue Oct 29 10:56:58 CET 2024, status=404, error=Not Found, message=, path=/content/null/s (truncated)...]
2024-10-29 10:56:58,404 DEBUG [http-nio-63040-exec-3][FrameworkServlet.java:1127] - Exiting from "ERROR" dispatch, status 404
2024-10-29 10:56:58,404 DEBUG [http-nio-63040-exec-3][FrameworkServlet.java:1127] - Exiting from "ERROR" dispatch, status 404
2024-10-29 10:56:58,407 DEBUG [http-nio-63040-exec-10][LogFormatUtils.java:91] - GET "/content/null/swagger-resources", parameters={}
2024-10-29 10:56:58,407 DEBUG [http-nio-63040-exec-10][LogFormatUtils.java:91] - GET "/content/null/swagger-resources", parameters={}
2024-10-29 10:56:58,407 DEBUG [http-nio-63040-exec-10][AbstractHandlerMapping.java:415] - Mapped to ResourceHttpRequestHandler ["classpath:/META-INF/resources/", "classpath:/resources/", "classpath:/static/", "classpath:/public/", "/"]
2024-10-29 10:56:58,407 DEBUG [http-nio-63040-exec-10][AbstractHandlerMapping.java:415] - Mapped to ResourceHttpRequestHandler ["classpath:/META-INF/resources/", "classpath:/resources/", "classpath:/static/", "classpath:/public/", "/"]
2024-10-29 10:56:58,407 DEBUG [http-nio-63040-exec-10][ResourceHttpRequestHandler.java:487] - Resource not found
2024-10-29 10:56:58,407 DEBUG [http-nio-63040-exec-10][ResourceHttpRequestHandler.java:487] - Resource not found
2024-10-29 10:56:58,407 DEBUG [http-nio-63040-exec-10][FrameworkServlet.java:1131] - Completed 404 NOT_FOUND
2024-10-29 10:56:58,407 DEBUG [http-nio-63040-exec-10][FrameworkServlet.java:1131] - Completed 404 NOT_FOUND
2024-10-29 10:56:58,408 DEBUG [http-nio-63040-exec-10][LogFormatUtils.java:91] - "ERROR" dispatch for GET "/content/error", parameters={}
2024-10-29 10:56:58,408 DEBUG [http-nio-63040-exec-10][LogFormatUtils.java:91] - "ERROR" dispatch for GET "/content/error", parameters={}
2024-10-29 10:56:58,408 DEBUG [http-nio-63040-exec-10][AbstractHandlerMapping.java:415] - Mapped to org.springframework.boot.autoconfigure.web.servlet.error.BasicErrorController#error(HttpServletRequest)
2024-10-29 10:56:58,408 DEBUG [http-nio-63040-exec-10][AbstractHandlerMapping.java:415] - Mapped to org.springframework.boot.autoconfigure.web.servlet.error.BasicErrorController#error(HttpServletRequest)
2024-10-29 10:56:58,408 DEBUG [http-nio-63040-exec-10][AbstractMessageConverterMethodProcessor.java:255] - Using 'application/json', given [application/json] and supported [application/json, application/*+json, application/json, application/*+json]
2024-10-29 10:56:58,408 DEBUG [http-nio-63040-exec-10][AbstractMessageConverterMethodProcessor.java:255] - Using 'application/json', given [application/json] and supported [application/json, application/*+json, application/json, application/*+json]
2024-10-29 10:56:58,408 DEBUG [http-nio-63040-exec-10][LogFormatUtils.java:91] - Writing [{timestamp=Tue Oct 29 10:56:58 CET 2024, status=404, error=Not Found, message=, path=/content/null/s (truncated)...]
2024-10-29 10:56:58,408 DEBUG [http-nio-63040-exec-10][LogFormatUtils.java:91] - Writing [{timestamp=Tue Oct 29 10:56:58 CET 2024, status=404, error=Not Found, message=, path=/content/null/s (truncated)...]
2024-10-29 10:56:58,408 DEBUG [http-nio-63040-exec-10][FrameworkServlet.java:1127] - Exiting from "ERROR" dispatch, status 404
2024-10-29 10:56:58,408 DEBUG [http-nio-63040-exec-10][FrameworkServlet.java:1127] - Exiting from "ERROR" dispatch, status 404
2024-10-29 10:56:58,411 DEBUG [http-nio-63040-exec-9][LogFormatUtils.java:91] - GET "/content/null/swagger-resources/configuration/ui", parameters={}
2024-10-29 10:56:58,411 DEBUG [http-nio-63040-exec-9][LogFormatUtils.java:91] - GET "/content/null/swagger-resources/configuration/ui", parameters={}
2024-10-29 10:56:58,411 DEBUG [http-nio-63040-exec-9][AbstractHandlerMapping.java:415] - Mapped to ResourceHttpRequestHandler ["classpath:/META-INF/resources/", "classpath:/resources/", "classpath:/static/", "classpath:/public/", "/"]
2024-10-29 10:56:58,411 DEBUG [http-nio-63040-exec-9][AbstractHandlerMapping.java:415] - Mapped to ResourceHttpRequestHandler ["classpath:/META-INF/resources/", "classpath:/resources/", "classpath:/static/", "classpath:/public/", "/"]
2024-10-29 10:56:58,411 DEBUG [http-nio-63040-exec-9][ResourceHttpRequestHandler.java:487] - Resource not found
2024-10-29 10:56:58,411 DEBUG [http-nio-63040-exec-9][FrameworkServlet.java:1131] - Completed 404 NOT_FOUND
2024-10-29 10:56:58,411 DEBUG [http-nio-63040-exec-9][ResourceHttpRequestHandler.java:487] - Resource not found
2024-10-29 10:56:58,411 DEBUG [http-nio-63040-exec-9][FrameworkServlet.java:1131] - Completed 404 NOT_FOUND
2024-10-29 10:56:58,412 DEBUG [http-nio-63040-exec-9][LogFormatUtils.java:91] - "ERROR" dispatch for GET "/content/error", parameters={}
2024-10-29 10:56:58,412 DEBUG [http-nio-63040-exec-9][LogFormatUtils.java:91] - "ERROR" dispatch for GET "/content/error", parameters={}
2024-10-29 10:56:58,412 DEBUG [http-nio-63040-exec-9][AbstractHandlerMapping.java:415] - Mapped to org.springframework.boot.autoconfigure.web.servlet.error.BasicErrorController#error(HttpServletRequest)
2024-10-29 10:56:58,412 DEBUG [http-nio-63040-exec-9][AbstractHandlerMapping.java:415] - Mapped to org.springframework.boot.autoconfigure.web.servlet.error.BasicErrorController#error(HttpServletRequest)
2024-10-29 10:56:58,412 DEBUG [http-nio-63040-exec-9][AbstractMessageConverterMethodProcessor.java:255] - Using 'application/json', given [application/json] and supported [application/json, application/*+json, application/json, application/*+json]
2024-10-29 10:56:58,412 DEBUG [http-nio-63040-exec-9][AbstractMessageConverterMethodProcessor.java:255] - Using 'application/json', given [application/json] and supported [application/json, application/*+json, application/json, application/*+json]
2024-10-29 10:56:58,412 DEBUG [http-nio-63040-exec-9][LogFormatUtils.java:91] - Writing [{timestamp=Tue Oct 29 10:56:58 CET 2024, status=404, error=Not Found, message=, path=/content/null/s (truncated)...]
2024-10-29 10:56:58,412 DEBUG [http-nio-63040-exec-9][LogFormatUtils.java:91] - Writing [{timestamp=Tue Oct 29 10:56:58 CET 2024, status=404, error=Not Found, message=, path=/content/null/s (truncated)...]
2024-10-29 10:56:58,412 DEBUG [http-nio-63040-exec-9][FrameworkServlet.java:1127] - Exiting from "ERROR" dispatch, status 404
2024-10-29 10:56:58,412 DEBUG [http-nio-63040-exec-9][FrameworkServlet.java:1127] - Exiting from "ERROR" dispatch, status 404
2024-10-29 10:56:58,415 DEBUG [http-nio-63040-exec-5][LogFormatUtils.java:91] - GET "/content/null/swagger-resources/configuration/security", parameters={}
2024-10-29 10:56:58,415 DEBUG [http-nio-63040-exec-5][LogFormatUtils.java:91] - GET "/content/null/swagger-resources/configuration/security", parameters={}
2024-10-29 10:56:58,415 DEBUG [http-nio-63040-exec-5][AbstractHandlerMapping.java:415] - Mapped to ResourceHttpRequestHandler ["classpath:/META-INF/resources/", "classpath:/resources/", "classpath:/static/", "classpath:/public/", "/"]
2024-10-29 10:56:58,415 DEBUG [http-nio-63040-exec-5][AbstractHandlerMapping.java:415] - Mapped to ResourceHttpRequestHandler ["classpath:/META-INF/resources/", "classpath:/resources/", "classpath:/static/", "classpath:/public/", "/"]
2024-10-29 10:56:58,416 DEBUG [http-nio-63040-exec-5][ResourceHttpRequestHandler.java:487] - Resource not found
2024-10-29 10:56:58,416 DEBUG [http-nio-63040-exec-5][ResourceHttpRequestHandler.java:487] - Resource not found
2024-10-29 10:56:58,416 DEBUG [http-nio-63040-exec-5][FrameworkServlet.java:1131] - Completed 404 NOT_FOUND
2024-10-29 10:56:58,416 DEBUG [http-nio-63040-exec-5][FrameworkServlet.java:1131] - Completed 404 NOT_FOUND
2024-10-29 10:56:58,416 DEBUG [http-nio-63040-exec-5][LogFormatUtils.java:91] - "ERROR" dispatch for GET "/content/error", parameters={}
2024-10-29 10:56:58,416 DEBUG [http-nio-63040-exec-5][LogFormatUtils.java:91] - "ERROR" dispatch for GET "/content/error", parameters={}
2024-10-29 10:56:58,416 DEBUG [http-nio-63040-exec-5][AbstractHandlerMapping.java:415] - Mapped to org.springframework.boot.autoconfigure.web.servlet.error.BasicErrorController#error(HttpServletRequest)
2024-10-29 10:56:58,416 DEBUG [http-nio-63040-exec-5][AbstractHandlerMapping.java:415] - Mapped to org.springframework.boot.autoconfigure.web.servlet.error.BasicErrorController#error(HttpServletRequest)
2024-10-29 10:56:58,417 DEBUG [http-nio-63040-exec-5][AbstractMessageConverterMethodProcessor.java:255] - Using 'application/json', given [application/json] and supported [application/json, application/*+json, application/json, application/*+json]
2024-10-29 10:56:58,417 DEBUG [http-nio-63040-exec-5][AbstractMessageConverterMethodProcessor.java:255] - Using 'application/json', given [application/json] and supported [application/json, application/*+json, application/json, application/*+json]
2024-10-29 10:56:58,417 DEBUG [http-nio-63040-exec-5][LogFormatUtils.java:91] - Writing [{timestamp=Tue Oct 29 10:56:58 CET 2024, status=404, error=Not Found, message=, path=/content/null/s (truncated)...]
2024-10-29 10:56:58,417 DEBUG [http-nio-63040-exec-5][LogFormatUtils.java:91] - Writing [{timestamp=Tue Oct 29 10:56:58 CET 2024, status=404, error=Not Found, message=, path=/content/null/s (truncated)...]
2024-10-29 10:56:58,417 DEBUG [http-nio-63040-exec-5][FrameworkServlet.java:1127] - Exiting from "ERROR" dispatch, status 404
2024-10-29 10:56:58,417 DEBUG [http-nio-63040-exec-5][FrameworkServlet.java:1127] - Exiting from "ERROR" dispatch, status 404
2024-10-29 10:56:58,419 DEBUG [http-nio-63040-exec-6][LogFormatUtils.java:91] - GET "/content/null/swagger-resources", parameters={}
2024-10-29 10:56:58,419 DEBUG [http-nio-63040-exec-6][LogFormatUtils.java:91] - GET "/content/null/swagger-resources", parameters={}
2024-10-29 10:56:58,419 DEBUG [http-nio-63040-exec-6][AbstractHandlerMapping.java:415] - Mapped to ResourceHttpRequestHandler ["classpath:/META-INF/resources/", "classpath:/resources/", "classpath:/static/", "classpath:/public/", "/"]
2024-10-29 10:56:58,419 DEBUG [http-nio-63040-exec-6][AbstractHandlerMapping.java:415] - Mapped to ResourceHttpRequestHandler ["classpath:/META-INF/resources/", "classpath:/resources/", "classpath:/static/", "classpath:/public/", "/"]
2024-10-29 10:56:58,420 DEBUG [http-nio-63040-exec-6][ResourceHttpRequestHandler.java:487] - Resource not found
2024-10-29 10:56:58,420 DEBUG [http-nio-63040-exec-6][ResourceHttpRequestHandler.java:487] - Resource not found
2024-10-29 10:56:58,420 DEBUG [http-nio-63040-exec-6][FrameworkServlet.java:1131] - Completed 404 NOT_FOUND
2024-10-29 10:56:58,420 DEBUG [http-nio-63040-exec-6][FrameworkServlet.java:1131] - Completed 404 NOT_FOUND
2024-10-29 10:56:58,420 DEBUG [http-nio-63040-exec-6][LogFormatUtils.java:91] - "ERROR" dispatch for GET "/content/error", parameters={}
2024-10-29 10:56:58,420 DEBUG [http-nio-63040-exec-6][LogFormatUtils.java:91] - "ERROR" dispatch for GET "/content/error", parameters={}
2024-10-29 10:56:58,420 DEBUG [http-nio-63040-exec-6][AbstractHandlerMapping.java:415] - Mapped to org.springframework.boot.autoconfigure.web.servlet.error.BasicErrorController#error(HttpServletRequest)
2024-10-29 10:56:58,420 DEBUG [http-nio-63040-exec-6][AbstractHandlerMapping.java:415] - Mapped to org.springframework.boot.autoconfigure.web.servlet.error.BasicErrorController#error(HttpServletRequest)
2024-10-29 10:56:58,420 DEBUG [http-nio-63040-exec-6][AbstractMessageConverterMethodProcessor.java:255] - Using 'application/json', given [application/json] and supported [application/json, application/*+json, application/json, application/*+json]
2024-10-29 10:56:58,420 DEBUG [http-nio-63040-exec-6][AbstractMessageConverterMethodProcessor.java:255] - Using 'application/json', given [application/json] and supported [application/json, application/*+json, application/json, application/*+json]
2024-10-29 10:56:58,420 DEBUG [http-nio-63040-exec-6][LogFormatUtils.java:91] - Writing [{timestamp=Tue Oct 29 10:56:58 CET 2024, status=404, error=Not Found, message=, path=/content/null/s (truncated)...]
2024-10-29 10:56:58,420 DEBUG [http-nio-63040-exec-6][LogFormatUtils.java:91] - Writing [{timestamp=Tue Oct 29 10:56:58 CET 2024, status=404, error=Not Found, message=, path=/content/null/s (truncated)...]
2024-10-29 10:56:58,421 DEBUG [http-nio-63040-exec-6][FrameworkServlet.java:1127] - Exiting from "ERROR" dispatch, status 404
2024-10-29 10:56:58,421 DEBUG [http-nio-63040-exec-6][FrameworkServlet.java:1127] - Exiting from "ERROR" dispatch, status 404
2024-10-29 10:56:58,424 DEBUG [http-nio-63040-exec-7][LogFormatUtils.java:91] - GET "/content/null/swagger-resources/configuration/ui", parameters={}
2024-10-29 10:56:58,424 DEBUG [http-nio-63040-exec-7][LogFormatUtils.java:91] - GET "/content/null/swagger-resources/configuration/ui", parameters={}
2024-10-29 10:56:58,424 DEBUG [http-nio-63040-exec-7][AbstractHandlerMapping.java:415] - Mapped to ResourceHttpRequestHandler ["classpath:/META-INF/resources/", "classpath:/resources/", "classpath:/static/", "classpath:/public/", "/"]
2024-10-29 10:56:58,424 DEBUG [http-nio-63040-exec-7][AbstractHandlerMapping.java:415] - Mapped to ResourceHttpRequestHandler ["classpath:/META-INF/resources/", "classpath:/resources/", "classpath:/static/", "classpath:/public/", "/"]
2024-10-29 10:56:58,425 DEBUG [http-nio-63040-exec-7][ResourceHttpRequestHandler.java:487] - Resource not found
2024-10-29 10:56:58,425 DEBUG [http-nio-63040-exec-7][ResourceHttpRequestHandler.java:487] - Resource not found
2024-10-29 10:56:58,425 DEBUG [http-nio-63040-exec-7][FrameworkServlet.java:1131] - Completed 404 NOT_FOUND
2024-10-29 10:56:58,425 DEBUG [http-nio-63040-exec-7][FrameworkServlet.java:1131] - Completed 404 NOT_FOUND
2024-10-29 10:56:58,425 DEBUG [http-nio-63040-exec-7][LogFormatUtils.java:91] - "ERROR" dispatch for GET "/content/error", parameters={}
2024-10-29 10:56:58,425 DEBUG [http-nio-63040-exec-7][LogFormatUtils.java:91] - "ERROR" dispatch for GET "/content/error", parameters={}
2024-10-29 10:56:58,425 DEBUG [http-nio-63040-exec-7][AbstractHandlerMapping.java:415] - Mapped to org.springframework.boot.autoconfigure.web.servlet.error.BasicErrorController#error(HttpServletRequest)
2024-10-29 10:56:58,425 DEBUG [http-nio-63040-exec-7][AbstractHandlerMapping.java:415] - Mapped to org.springframework.boot.autoconfigure.web.servlet.error.BasicErrorController#error(HttpServletRequest)
2024-10-29 10:56:58,425 DEBUG [http-nio-63040-exec-7][AbstractMessageConverterMethodProcessor.java:255] - Using 'application/json', given [application/json] and supported [application/json, application/*+json, application/json, application/*+json]
2024-10-29 10:56:58,425 DEBUG [http-nio-63040-exec-7][AbstractMessageConverterMethodProcessor.java:255] - Using 'application/json', given [application/json] and supported [application/json, application/*+json, application/json, application/*+json]
2024-10-29 10:56:58,426 DEBUG [http-nio-63040-exec-7][LogFormatUtils.java:91] - Writing [{timestamp=Tue Oct 29 10:56:58 CET 2024, status=404, error=Not Found, message=, path=/content/null/s (truncated)...]
2024-10-29 10:56:58,426 DEBUG [http-nio-63040-exec-7][LogFormatUtils.java:91] - Writing [{timestamp=Tue Oct 29 10:56:58 CET 2024, status=404, error=Not Found, message=, path=/content/null/s (truncated)...]
2024-10-29 10:56:58,426 DEBUG [http-nio-63040-exec-7][FrameworkServlet.java:1127] - Exiting from "ERROR" dispatch, status 404
2024-10-29 10:56:58,426 DEBUG [http-nio-63040-exec-7][FrameworkServlet.java:1127] - Exiting from "ERROR" dispatch, status 404
2024-10-29 10:56:58,428 DEBUG [http-nio-63040-exec-8][LogFormatUtils.java:91] - GET "/content/null/swagger-resources/configuration/security", parameters={}
2024-10-29 10:56:58,428 DEBUG [http-nio-63040-exec-8][LogFormatUtils.java:91] - GET "/content/null/swagger-resources/configuration/security", parameters={}
2024-10-29 10:56:58,428 DEBUG [http-nio-63040-exec-8][AbstractHandlerMapping.java:415] - Mapped to ResourceHttpRequestHandler ["classpath:/META-INF/resources/", "classpath:/resources/", "classpath:/static/", "classpath:/public/", "/"]
2024-10-29 10:56:58,428 DEBUG [http-nio-63040-exec-8][AbstractHandlerMapping.java:415] - Mapped to ResourceHttpRequestHandler ["classpath:/META-INF/resources/", "classpath:/resources/", "classpath:/static/", "classpath:/public/", "/"]
2024-10-29 10:56:58,428 DEBUG [http-nio-63040-exec-8][ResourceHttpRequestHandler.java:487] - Resource not found
2024-10-29 10:56:58,428 DEBUG [http-nio-63040-exec-8][ResourceHttpRequestHandler.java:487] - Resource not found
2024-10-29 10:56:58,429 DEBUG [http-nio-63040-exec-8][FrameworkServlet.java:1131] - Completed 404 NOT_FOUND
2024-10-29 10:56:58,429 DEBUG [http-nio-63040-exec-8][FrameworkServlet.java:1131] - Completed 404 NOT_FOUND
2024-10-29 10:56:58,429 DEBUG [http-nio-63040-exec-8][LogFormatUtils.java:91] - "ERROR" dispatch for GET "/content/error", parameters={}
2024-10-29 10:56:58,429 DEBUG [http-nio-63040-exec-8][LogFormatUtils.java:91] - "ERROR" dispatch for GET "/content/error", parameters={}
2024-10-29 10:56:58,429 DEBUG [http-nio-63040-exec-8][AbstractHandlerMapping.java:415] - Mapped to org.springframework.boot.autoconfigure.web.servlet.error.BasicErrorController#error(HttpServletRequest)
2024-10-29 10:56:58,429 DEBUG [http-nio-63040-exec-8][AbstractHandlerMapping.java:415] - Mapped to org.springframework.boot.autoconfigure.web.servlet.error.BasicErrorController#error(HttpServletRequest)
2024-10-29 10:56:58,429 DEBUG [http-nio-63040-exec-8][AbstractMessageConverterMethodProcessor.java:255] - Using 'application/json', given [application/json] and supported [application/json, application/*+json, application/json, application/*+json]
2024-10-29 10:56:58,429 DEBUG [http-nio-63040-exec-8][AbstractMessageConverterMethodProcessor.java:255] - Using 'application/json', given [application/json] and supported [application/json, application/*+json, application/json, application/*+json]
2024-10-29 10:56:58,429 DEBUG [http-nio-63040-exec-8][LogFormatUtils.java:91] - Writing [{timestamp=Tue Oct 29 10:56:58 CET 2024, status=404, error=Not Found, message=, path=/content/null/s (truncated)...]
2024-10-29 10:56:58,429 DEBUG [http-nio-63040-exec-8][LogFormatUtils.java:91] - Writing [{timestamp=Tue Oct 29 10:56:58 CET 2024, status=404, error=Not Found, message=, path=/content/null/s (truncated)...]
2024-10-29 10:56:58,430 DEBUG [http-nio-63040-exec-8][FrameworkServlet.java:1127] - Exiting from "ERROR" dispatch, status 404
2024-10-29 10:56:58,430 DEBUG [http-nio-63040-exec-8][FrameworkServlet.java:1127] - Exiting from "ERROR" dispatch, status 404
2024-10-29 10:56:58,432 DEBUG [http-nio-63040-exec-4][LogFormatUtils.java:91] - GET "/content/null/swagger-resources", parameters={}
2024-10-29 10:56:58,432 DEBUG [http-nio-63040-exec-4][LogFormatUtils.java:91] - GET "/content/null/swagger-resources", parameters={}
2024-10-29 10:56:58,432 DEBUG [http-nio-63040-exec-4][AbstractHandlerMapping.java:415] - Mapped to ResourceHttpRequestHandler ["classpath:/META-INF/resources/", "classpath:/resources/", "classpath:/static/", "classpath:/public/", "/"]
2024-10-29 10:56:58,432 DEBUG [http-nio-63040-exec-4][AbstractHandlerMapping.java:415] - Mapped to ResourceHttpRequestHandler ["classpath:/META-INF/resources/", "classpath:/resources/", "classpath:/static/", "classpath:/public/", "/"]
2024-10-29 10:56:58,433 DEBUG [http-nio-63040-exec-4][ResourceHttpRequestHandler.java:487] - Resource not found
2024-10-29 10:56:58,433 DEBUG [http-nio-63040-exec-4][ResourceHttpRequestHandler.java:487] - Resource not found
2024-10-29 10:56:58,433 DEBUG [http-nio-63040-exec-4][FrameworkServlet.java:1131] - Completed 404 NOT_FOUND
2024-10-29 10:56:58,433 DEBUG [http-nio-63040-exec-4][FrameworkServlet.java:1131] - Completed 404 NOT_FOUND
2024-10-29 10:56:58,433 DEBUG [http-nio-63040-exec-4][LogFormatUtils.java:91] - "ERROR" dispatch for GET "/content/error", parameters={}
2024-10-29 10:56:58,433 DEBUG [http-nio-63040-exec-4][LogFormatUtils.java:91] - "ERROR" dispatch for GET "/content/error", parameters={}
2024-10-29 10:56:58,433 DEBUG [http-nio-63040-exec-4][AbstractHandlerMapping.java:415] - Mapped to org.springframework.boot.autoconfigure.web.servlet.error.BasicErrorController#error(HttpServletRequest)
2024-10-29 10:56:58,433 DEBUG [http-nio-63040-exec-4][AbstractHandlerMapping.java:415] - Mapped to org.springframework.boot.autoconfigure.web.servlet.error.BasicErrorController#error(HttpServletRequest)
2024-10-29 10:56:58,433 DEBUG [http-nio-63040-exec-4][AbstractMessageConverterMethodProcessor.java:255] - Using 'application/json', given [application/json] and supported [application/json, application/*+json, application/json, application/*+json]
2024-10-29 10:56:58,433 DEBUG [http-nio-63040-exec-4][AbstractMessageConverterMethodProcessor.java:255] - Using 'application/json', given [application/json] and supported [application/json, application/*+json, application/json, application/*+json]
2024-10-29 10:56:58,433 DEBUG [http-nio-63040-exec-4][LogFormatUtils.java:91] - Writing [{timestamp=Tue Oct 29 10:56:58 CET 2024, status=404, error=Not Found, message=, path=/content/null/s (truncated)...]
2024-10-29 10:56:58,433 DEBUG [http-nio-63040-exec-4][LogFormatUtils.java:91] - Writing [{timestamp=Tue Oct 29 10:56:58 CET 2024, status=404, error=Not Found, message=, path=/content/null/s (truncated)...]
2024-10-29 10:56:58,434 DEBUG [http-nio-63040-exec-4][FrameworkServlet.java:1127] - Exiting from "ERROR" dispatch, status 404
2024-10-29 10:56:58,434 DEBUG [http-nio-63040-exec-4][FrameworkServlet.java:1127] - Exiting from "ERROR" dispatch, status 404
2024-10-29 10:56:58,436 DEBUG [http-nio-63040-exec-2][LogFormatUtils.java:91] - GET "/content/null/swagger-resources/configuration/ui", parameters={}
2024-10-29 10:56:58,436 DEBUG [http-nio-63040-exec-2][LogFormatUtils.java:91] - GET "/content/null/swagger-resources/configuration/ui", parameters={}
2024-10-29 10:56:58,436 DEBUG [http-nio-63040-exec-2][AbstractHandlerMapping.java:415] - Mapped to ResourceHttpRequestHandler ["classpath:/META-INF/resources/", "classpath:/resources/", "classpath:/static/", "classpath:/public/", "/"]
2024-10-29 10:56:58,436 DEBUG [http-nio-63040-exec-2][AbstractHandlerMapping.java:415] - Mapped to ResourceHttpRequestHandler ["classpath:/META-INF/resources/", "classpath:/resources/", "classpath:/static/", "classpath:/public/", "/"]
2024-10-29 10:56:58,436 DEBUG [http-nio-63040-exec-2][ResourceHttpRequestHandler.java:487] - Resource not found
2024-10-29 10:56:58,436 DEBUG [http-nio-63040-exec-2][ResourceHttpRequestHandler.java:487] - Resource not found
2024-10-29 10:56:58,436 DEBUG [http-nio-63040-exec-2][FrameworkServlet.java:1131] - Completed 404 NOT_FOUND
2024-10-29 10:56:58,436 DEBUG [http-nio-63040-exec-2][FrameworkServlet.java:1131] - Completed 404 NOT_FOUND
2024-10-29 10:56:58,437 DEBUG [http-nio-63040-exec-2][LogFormatUtils.java:91] - "ERROR" dispatch for GET "/content/error", parameters={}
2024-10-29 10:56:58,437 DEBUG [http-nio-63040-exec-2][LogFormatUtils.java:91] - "ERROR" dispatch for GET "/content/error", parameters={}
2024-10-29 10:56:58,437 DEBUG [http-nio-63040-exec-2][AbstractHandlerMapping.java:415] - Mapped to org.springframework.boot.autoconfigure.web.servlet.error.BasicErrorController#error(HttpServletRequest)
2024-10-29 10:56:58,437 DEBUG [http-nio-63040-exec-2][AbstractHandlerMapping.java:415] - Mapped to org.springframework.boot.autoconfigure.web.servlet.error.BasicErrorController#error(HttpServletRequest)
2024-10-29 10:56:58,438 DEBUG [http-nio-63040-exec-2][AbstractMessageConverterMethodProcessor.java:255] - Using 'application/json', given [application/json] and supported [application/json, application/*+json, application/json, application/*+json]
2024-10-29 10:56:58,438 DEBUG [http-nio-63040-exec-2][AbstractMessageConverterMethodProcessor.java:255] - Using 'application/json', given [application/json] and supported [application/json, application/*+json, application/json, application/*+json]
2024-10-29 10:56:58,438 DEBUG [http-nio-63040-exec-2][LogFormatUtils.java:91] - Writing [{timestamp=Tue Oct 29 10:56:58 CET 2024, status=404, error=Not Found, message=, path=/content/null/s (truncated)...]
2024-10-29 10:56:58,438 DEBUG [http-nio-63040-exec-2][LogFormatUtils.java:91] - Writing [{timestamp=Tue Oct 29 10:56:58 CET 2024, status=404, error=Not Found, message=, path=/content/null/s (truncated)...]
2024-10-29 10:56:58,439 DEBUG [http-nio-63040-exec-2][FrameworkServlet.java:1127] - Exiting from "ERROR" dispatch, status 404
2024-10-29 10:56:58,439 DEBUG [http-nio-63040-exec-2][FrameworkServlet.java:1127] - Exiting from "ERROR" dispatch, status 404
2024-10-29 10:56:58,441 DEBUG [http-nio-63040-exec-1][LogFormatUtils.java:91] - GET "/content/null/swagger-resources/configuration/security", parameters={}
2024-10-29 10:56:58,441 DEBUG [http-nio-63040-exec-1][LogFormatUtils.java:91] - GET "/content/null/swagger-resources/configuration/security", parameters={}
2024-10-29 10:56:58,441 DEBUG [http-nio-63040-exec-1][AbstractHandlerMapping.java:415] - Mapped to ResourceHttpRequestHandler ["classpath:/META-INF/resources/", "classpath:/resources/", "classpath:/static/", "classpath:/public/", "/"]
2024-10-29 10:56:58,441 DEBUG [http-nio-63040-exec-1][AbstractHandlerMapping.java:415] - Mapped to ResourceHttpRequestHandler ["classpath:/META-INF/resources/", "classpath:/resources/", "classpath:/static/", "classpath:/public/", "/"]
2024-10-29 10:56:58,442 DEBUG [http-nio-63040-exec-1][ResourceHttpRequestHandler.java:487] - Resource not found
2024-10-29 10:56:58,442 DEBUG [http-nio-63040-exec-1][ResourceHttpRequestHandler.java:487] - Resource not found
2024-10-29 10:56:58,442 DEBUG [http-nio-63040-exec-1][FrameworkServlet.java:1131] - Completed 404 NOT_FOUND
2024-10-29 10:56:58,442 DEBUG [http-nio-63040-exec-1][FrameworkServlet.java:1131] - Completed 404 NOT_FOUND
2024-10-29 10:56:58,442 DEBUG [http-nio-63040-exec-1][LogFormatUtils.java:91] - "ERROR" dispatch for GET "/content/error", parameters={}
2024-10-29 10:56:58,442 DEBUG [http-nio-63040-exec-1][LogFormatUtils.java:91] - "ERROR" dispatch for GET "/content/error", parameters={}
2024-10-29 10:56:58,442 DEBUG [http-nio-63040-exec-1][AbstractHandlerMapping.java:415] - Mapped to org.springframework.boot.autoconfigure.web.servlet.error.BasicErrorController#error(HttpServletRequest)
2024-10-29 10:56:58,442 DEBUG [http-nio-63040-exec-1][AbstractHandlerMapping.java:415] - Mapped to org.springframework.boot.autoconfigure.web.servlet.error.BasicErrorController#error(HttpServletRequest)
2024-10-29 10:56:58,442 DEBUG [http-nio-63040-exec-1][AbstractMessageConverterMethodProcessor.java:255] - Using 'application/json', given [application/json] and supported [application/json, application/*+json, application/json, application/*+json]
2024-10-29 10:56:58,442 DEBUG [http-nio-63040-exec-1][AbstractMessageConverterMethodProcessor.java:255] - Using 'application/json', given [application/json] and supported [application/json, application/*+json, application/json, application/*+json]
2024-10-29 10:56:58,442 DEBUG [http-nio-63040-exec-1][LogFormatUtils.java:91] - Writing [{timestamp=Tue Oct 29 10:56:58 CET 2024, status=404, error=Not Found, message=, path=/content/null/s (truncated)...]
2024-10-29 10:56:58,442 DEBUG [http-nio-63040-exec-1][LogFormatUtils.java:91] - Writing [{timestamp=Tue Oct 29 10:56:58 CET 2024, status=404, error=Not Found, message=, path=/content/null/s (truncated)...]
2024-10-29 10:56:58,442 DEBUG [http-nio-63040-exec-1][FrameworkServlet.java:1127] - Exiting from "ERROR" dispatch, status 404
2024-10-29 10:56:58,442 DEBUG [http-nio-63040-exec-1][FrameworkServlet.java:1127] - Exiting from "ERROR" dispatch, status 404
2024-10-29 10:56:58,444 DEBUG [http-nio-63040-exec-3][LogFormatUtils.java:91] - GET "/content/null/swagger-resources", parameters={}
2024-10-29 10:56:58,444 DEBUG [http-nio-63040-exec-3][LogFormatUtils.java:91] - GET "/content/null/swagger-resources", parameters={}
2024-10-29 10:56:58,444 DEBUG [http-nio-63040-exec-3][AbstractHandlerMapping.java:415] - Mapped to ResourceHttpRequestHandler ["classpath:/META-INF/resources/", "classpath:/resources/", "classpath:/static/", "classpath:/public/", "/"]
2024-10-29 10:56:58,444 DEBUG [http-nio-63040-exec-3][AbstractHandlerMapping.java:415] - Mapped to ResourceHttpRequestHandler ["classpath:/META-INF/resources/", "classpath:/resources/", "classpath:/static/", "classpath:/public/", "/"]
2024-10-29 10:56:58,446 DEBUG [http-nio-63040-exec-3][ResourceHttpRequestHandler.java:487] - Resource not found
2024-10-29 10:56:58,446 DEBUG [http-nio-63040-exec-3][ResourceHttpRequestHandler.java:487] - Resource not found
2024-10-29 10:56:58,446 DEBUG [http-nio-63040-exec-3][FrameworkServlet.java:1131] - Completed 404 NOT_FOUND
2024-10-29 10:56:58,446 DEBUG [http-nio-63040-exec-3][FrameworkServlet.java:1131] - Completed 404 NOT_FOUND
2024-10-29 10:56:58,446 DEBUG [http-nio-63040-exec-3][LogFormatUtils.java:91] - "ERROR" dispatch for GET "/content/error", parameters={}
2024-10-29 10:56:58,446 DEBUG [http-nio-63040-exec-3][LogFormatUtils.java:91] - "ERROR" dispatch for GET "/content/error", parameters={}
2024-10-29 10:56:58,446 DEBUG [http-nio-63040-exec-3][AbstractHandlerMapping.java:415] - Mapped to org.springframework.boot.autoconfigure.web.servlet.error.BasicErrorController#error(HttpServletRequest)
2024-10-29 10:56:58,446 DEBUG [http-nio-63040-exec-3][AbstractHandlerMapping.java:415] - Mapped to org.springframework.boot.autoconfigure.web.servlet.error.BasicErrorController#error(HttpServletRequest)
2024-10-29 10:56:58,447 DEBUG [http-nio-63040-exec-3][AbstractMessageConverterMethodProcessor.java:255] - Using 'application/json', given [application/json] and supported [application/json, application/*+json, application/json, application/*+json]
2024-10-29 10:56:58,447 DEBUG [http-nio-63040-exec-3][AbstractMessageConverterMethodProcessor.java:255] - Using 'application/json', given [application/json] and supported [application/json, application/*+json, application/json, application/*+json]
2024-10-29 10:56:58,447 DEBUG [http-nio-63040-exec-3][LogFormatUtils.java:91] - Writing [{timestamp=Tue Oct 29 10:56:58 CET 2024, status=404, error=Not Found, message=, path=/content/null/s (truncated)...]
2024-10-29 10:56:58,447 DEBUG [http-nio-63040-exec-3][LogFormatUtils.java:91] - Writing [{timestamp=Tue Oct 29 10:56:58 CET 2024, status=404, error=Not Found, message=, path=/content/null/s (truncated)...]
2024-10-29 10:56:58,447 DEBUG [http-nio-63040-exec-3][FrameworkServlet.java:1127] - Exiting from "ERROR" dispatch, status 404
2024-10-29 10:56:58,447 DEBUG [http-nio-63040-exec-3][FrameworkServlet.java:1127] - Exiting from "ERROR" dispatch, status 404
2024-10-29 10:56:58,449 DEBUG [http-nio-63040-exec-10][LogFormatUtils.java:91] - GET "/content/null/swagger-resources/configuration/ui", parameters={}
2024-10-29 10:56:58,449 DEBUG [http-nio-63040-exec-10][LogFormatUtils.java:91] - GET "/content/null/swagger-resources/configuration/ui", parameters={}
2024-10-29 10:56:58,450 DEBUG [http-nio-63040-exec-10][AbstractHandlerMapping.java:415] - Mapped to ResourceHttpRequestHandler ["classpath:/META-INF/resources/", "classpath:/resources/", "classpath:/static/", "classpath:/public/", "/"]
2024-10-29 10:56:58,450 DEBUG [http-nio-63040-exec-10][AbstractHandlerMapping.java:415] - Mapped to ResourceHttpRequestHandler ["classpath:/META-INF/resources/", "classpath:/resources/", "classpath:/static/", "classpath:/public/", "/"]
2024-10-29 10:56:58,450 DEBUG [http-nio-63040-exec-10][ResourceHttpRequestHandler.java:487] - Resource not found
2024-10-29 10:56:58,450 DEBUG [http-nio-63040-exec-10][ResourceHttpRequestHandler.java:487] - Resource not found
2024-10-29 10:56:58,450 DEBUG [http-nio-63040-exec-10][FrameworkServlet.java:1131] - Completed 404 NOT_FOUND
2024-10-29 10:56:58,450 DEBUG [http-nio-63040-exec-10][FrameworkServlet.java:1131] - Completed 404 NOT_FOUND
2024-10-29 10:56:58,450 DEBUG [http-nio-63040-exec-10][LogFormatUtils.java:91] - "ERROR" dispatch for GET "/content/error", parameters={}
2024-10-29 10:56:58,450 DEBUG [http-nio-63040-exec-10][LogFormatUtils.java:91] - "ERROR" dispatch for GET "/content/error", parameters={}
2024-10-29 10:56:58,451 DEBUG [http-nio-63040-exec-10][AbstractHandlerMapping.java:415] - Mapped to org.springframework.boot.autoconfigure.web.servlet.error.BasicErrorController#error(HttpServletRequest)
2024-10-29 10:56:58,451 DEBUG [http-nio-63040-exec-10][AbstractHandlerMapping.java:415] - Mapped to org.springframework.boot.autoconfigure.web.servlet.error.BasicErrorController#error(HttpServletRequest)
2024-10-29 10:56:58,451 DEBUG [http-nio-63040-exec-10][AbstractMessageConverterMethodProcessor.java:255] - Using 'application/json', given [application/json] and supported [application/json, application/*+json, application/json, application/*+json]
2024-10-29 10:56:58,451 DEBUG [http-nio-63040-exec-10][AbstractMessageConverterMethodProcessor.java:255] - Using 'application/json', given [application/json] and supported [application/json, application/*+json, application/json, application/*+json]
2024-10-29 10:56:58,451 DEBUG [http-nio-63040-exec-10][LogFormatUtils.java:91] - Writing [{timestamp=Tue Oct 29 10:56:58 CET 2024, status=404, error=Not Found, message=, path=/content/null/s (truncated)...]
2024-10-29 10:56:58,451 DEBUG [http-nio-63040-exec-10][LogFormatUtils.java:91] - Writing [{timestamp=Tue Oct 29 10:56:58 CET 2024, status=404, error=Not Found, message=, path=/content/null/s (truncated)...]
2024-10-29 10:56:58,452 DEBUG [http-nio-63040-exec-10][FrameworkServlet.java:1127] - Exiting from "ERROR" dispatch, status 404
2024-10-29 10:56:58,452 DEBUG [http-nio-63040-exec-10][FrameworkServlet.java:1127] - Exiting from "ERROR" dispatch, status 404
2024-10-29 10:56:58,453 DEBUG [http-nio-63040-exec-9][LogFormatUtils.java:91] - GET "/content/null/swagger-resources/configuration/security", parameters={}
2024-10-29 10:56:58,453 DEBUG [http-nio-63040-exec-9][LogFormatUtils.java:91] - GET "/content/null/swagger-resources/configuration/security", parameters={}
2024-10-29 10:56:58,453 DEBUG [http-nio-63040-exec-9][AbstractHandlerMapping.java:415] - Mapped to ResourceHttpRequestHandler ["classpath:/META-INF/resources/", "classpath:/resources/", "classpath:/static/", "classpath:/public/", "/"]
2024-10-29 10:56:58,453 DEBUG [http-nio-63040-exec-9][AbstractHandlerMapping.java:415] - Mapped to ResourceHttpRequestHandler ["classpath:/META-INF/resources/", "classpath:/resources/", "classpath:/static/", "classpath:/public/", "/"]
2024-10-29 10:56:58,454 DEBUG [http-nio-63040-exec-9][ResourceHttpRequestHandler.java:487] - Resource not found
2024-10-29 10:56:58,454 DEBUG [http-nio-63040-exec-9][ResourceHttpRequestHandler.java:487] - Resource not found
2024-10-29 10:56:58,454 DEBUG [http-nio-63040-exec-9][FrameworkServlet.java:1131] - Completed 404 NOT_FOUND
2024-10-29 10:56:58,454 DEBUG [http-nio-63040-exec-9][FrameworkServlet.java:1131] - Completed 404 NOT_FOUND
2024-10-29 10:56:58,454 DEBUG [http-nio-63040-exec-9][LogFormatUtils.java:91] - "ERROR" dispatch for GET "/content/error", parameters={}
2024-10-29 10:56:58,454 DEBUG [http-nio-63040-exec-9][LogFormatUtils.java:91] - "ERROR" dispatch for GET "/content/error", parameters={}
2024-10-29 10:56:58,454 DEBUG [http-nio-63040-exec-9][AbstractHandlerMapping.java:415] - Mapped to org.springframework.boot.autoconfigure.web.servlet.error.BasicErrorController#error(HttpServletRequest)
2024-10-29 10:56:58,454 DEBUG [http-nio-63040-exec-9][AbstractHandlerMapping.java:415] - Mapped to org.springframework.boot.autoconfigure.web.servlet.error.BasicErrorController#error(HttpServletRequest)
2024-10-29 10:56:58,455 DEBUG [http-nio-63040-exec-9][AbstractMessageConverterMethodProcessor.java:255] - Using 'application/json', given [application/json] and supported [application/json, application/*+json, application/json, application/*+json]
2024-10-29 10:56:58,455 DEBUG [http-nio-63040-exec-9][AbstractMessageConverterMethodProcessor.java:255] - Using 'application/json', given [application/json] and supported [application/json, application/*+json, application/json, application/*+json]
2024-10-29 10:56:58,455 DEBUG [http-nio-63040-exec-9][LogFormatUtils.java:91] - Writing [{timestamp=Tue Oct 29 10:56:58 CET 2024, status=404, error=Not Found, message=, path=/content/null/s (truncated)...]
2024-10-29 10:56:58,455 DEBUG [http-nio-63040-exec-9][LogFormatUtils.java:91] - Writing [{timestamp=Tue Oct 29 10:56:58 CET 2024, status=404, error=Not Found, message=, path=/content/null/s (truncated)...]
2024-10-29 10:56:58,455 DEBUG [http-nio-63040-exec-9][FrameworkServlet.java:1127] - Exiting from "ERROR" dispatch, status 404
2024-10-29 10:56:58,455 DEBUG [http-nio-63040-exec-9][FrameworkServlet.java:1127] - Exiting from "ERROR" dispatch, status 404
2024-10-29 10:56:58,457 DEBUG [http-nio-63040-exec-5][LogFormatUtils.java:91] - GET "/content/null/swagger-resources", parameters={}
2024-10-29 10:56:58,457 DEBUG [http-nio-63040-exec-5][LogFormatUtils.java:91] - GET "/content/null/swagger-resources", parameters={}
2024-10-29 10:56:58,458 DEBUG [http-nio-63040-exec-5][AbstractHandlerMapping.java:415] - Mapped to ResourceHttpRequestHandler ["classpath:/META-INF/resources/", "classpath:/resources/", "classpath:/static/", "classpath:/public/", "/"]
2024-10-29 10:56:58,458 DEBUG [http-nio-63040-exec-5][AbstractHandlerMapping.java:415] - Mapped to ResourceHttpRequestHandler ["classpath:/META-INF/resources/", "classpath:/resources/", "classpath:/static/", "classpath:/public/", "/"]
2024-10-29 10:56:58,458 DEBUG [http-nio-63040-exec-5][ResourceHttpRequestHandler.java:487] - Resource not found
2024-10-29 10:56:58,458 DEBUG [http-nio-63040-exec-5][ResourceHttpRequestHandler.java:487] - Resource not found
2024-10-29 10:56:58,458 DEBUG [http-nio-63040-exec-5][FrameworkServlet.java:1131] - Completed 404 NOT_FOUND
2024-10-29 10:56:58,458 DEBUG [http-nio-63040-exec-5][FrameworkServlet.java:1131] - Completed 404 NOT_FOUND
2024-10-29 10:56:58,458 DEBUG [http-nio-63040-exec-5][LogFormatUtils.java:91] - "ERROR" dispatch for GET "/content/error", parameters={}
2024-10-29 10:56:58,458 DEBUG [http-nio-63040-exec-5][LogFormatUtils.java:91] - "ERROR" dispatch for GET "/content/error", parameters={}
2024-10-29 10:56:58,458 DEBUG [http-nio-63040-exec-5][AbstractHandlerMapping.java:415] - Mapped to org.springframework.boot.autoconfigure.web.servlet.error.BasicErrorController#error(HttpServletRequest)
2024-10-29 10:56:58,458 DEBUG [http-nio-63040-exec-5][AbstractHandlerMapping.java:415] - Mapped to org.springframework.boot.autoconfigure.web.servlet.error.BasicErrorController#error(HttpServletRequest)
2024-10-29 10:56:58,459 DEBUG [http-nio-63040-exec-5][AbstractMessageConverterMethodProcessor.java:255] - Using 'application/json', given [application/json] and supported [application/json, application/*+json, application/json, application/*+json]
2024-10-29 10:56:58,459 DEBUG [http-nio-63040-exec-5][AbstractMessageConverterMethodProcessor.java:255] - Using 'application/json', given [application/json] and supported [application/json, application/*+json, application/json, application/*+json]
2024-10-29 10:56:58,459 DEBUG [http-nio-63040-exec-5][LogFormatUtils.java:91] - Writing [{timestamp=Tue Oct 29 10:56:58 CET 2024, status=404, error=Not Found, message=, path=/content/null/s (truncated)...]
2024-10-29 10:56:58,459 DEBUG [http-nio-63040-exec-5][LogFormatUtils.java:91] - Writing [{timestamp=Tue Oct 29 10:56:58 CET 2024, status=404, error=Not Found, message=, path=/content/null/s (truncated)...]
2024-10-29 10:56:58,459 DEBUG [http-nio-63040-exec-5][FrameworkServlet.java:1127] - Exiting from "ERROR" dispatch, status 404
2024-10-29 10:56:58,459 DEBUG [http-nio-63040-exec-5][FrameworkServlet.java:1127] - Exiting from "ERROR" dispatch, status 404
2024-10-29 10:56:58,461 DEBUG [http-nio-63040-exec-6][LogFormatUtils.java:91] - GET "/content/null/swagger-resources/configuration/ui", parameters={}
2024-10-29 10:56:58,461 DEBUG [http-nio-63040-exec-6][LogFormatUtils.java:91] - GET "/content/null/swagger-resources/configuration/ui", parameters={}
2024-10-29 10:56:58,461 DEBUG [http-nio-63040-exec-6][AbstractHandlerMapping.java:415] - Mapped to ResourceHttpRequestHandler ["classpath:/META-INF/resources/", "classpath:/resources/", "classpath:/static/", "classpath:/public/", "/"]
2024-10-29 10:56:58,461 DEBUG [http-nio-63040-exec-6][AbstractHandlerMapping.java:415] - Mapped to ResourceHttpRequestHandler ["classpath:/META-INF/resources/", "classpath:/resources/", "classpath:/static/", "classpath:/public/", "/"]
2024-10-29 10:56:58,461 DEBUG [http-nio-63040-exec-6][ResourceHttpRequestHandler.java:487] - Resource not found
2024-10-29 10:56:58,461 DEBUG [http-nio-63040-exec-6][ResourceHttpRequestHandler.java:487] - Resource not found
2024-10-29 10:56:58,462 DEBUG [http-nio-63040-exec-6][FrameworkServlet.java:1131] - Completed 404 NOT_FOUND
2024-10-29 10:56:58,462 DEBUG [http-nio-63040-exec-6][FrameworkServlet.java:1131] - Completed 404 NOT_FOUND
2024-10-29 10:56:58,462 DEBUG [http-nio-63040-exec-6][LogFormatUtils.java:91] - "ERROR" dispatch for GET "/content/error", parameters={}
2024-10-29 10:56:58,462 DEBUG [http-nio-63040-exec-6][LogFormatUtils.java:91] - "ERROR" dispatch for GET "/content/error", parameters={}
2024-10-29 10:56:58,462 DEBUG [http-nio-63040-exec-6][AbstractHandlerMapping.java:415] - Mapped to org.springframework.boot.autoconfigure.web.servlet.error.BasicErrorController#error(HttpServletRequest)
2024-10-29 10:56:58,462 DEBUG [http-nio-63040-exec-6][AbstractHandlerMapping.java:415] - Mapped to org.springframework.boot.autoconfigure.web.servlet.error.BasicErrorController#error(HttpServletRequest)
2024-10-29 10:56:58,462 DEBUG [http-nio-63040-exec-6][AbstractMessageConverterMethodProcessor.java:255] - Using 'application/json', given [application/json] and supported [application/json, application/*+json, application/json, application/*+json]
2024-10-29 10:56:58,462 DEBUG [http-nio-63040-exec-6][AbstractMessageConverterMethodProcessor.java:255] - Using 'application/json', given [application/json] and supported [application/json, application/*+json, application/json, application/*+json]
2024-10-29 10:56:58,462 DEBUG [http-nio-63040-exec-6][LogFormatUtils.java:91] - Writing [{timestamp=Tue Oct 29 10:56:58 CET 2024, status=404, error=Not Found, message=, path=/content/null/s (truncated)...]
2024-10-29 10:56:58,462 DEBUG [http-nio-63040-exec-6][LogFormatUtils.java:91] - Writing [{timestamp=Tue Oct 29 10:56:58 CET 2024, status=404, error=Not Found, message=, path=/content/null/s (truncated)...]
2024-10-29 10:56:58,463 DEBUG [http-nio-63040-exec-6][FrameworkServlet.java:1127] - Exiting from "ERROR" dispatch, status 404
2024-10-29 10:56:58,463 DEBUG [http-nio-63040-exec-6][FrameworkServlet.java:1127] - Exiting from "ERROR" dispatch, status 404
2024-10-29 10:56:58,464 DEBUG [http-nio-63040-exec-7][LogFormatUtils.java:91] - GET "/content/null/swagger-resources/configuration/security", parameters={}
2024-10-29 10:56:58,464 DEBUG [http-nio-63040-exec-7][LogFormatUtils.java:91] - GET "/content/null/swagger-resources/configuration/security", parameters={}
2024-10-29 10:56:58,465 DEBUG [http-nio-63040-exec-7][AbstractHandlerMapping.java:415] - Mapped to ResourceHttpRequestHandler ["classpath:/META-INF/resources/", "classpath:/resources/", "classpath:/static/", "classpath:/public/", "/"]
2024-10-29 10:56:58,465 DEBUG [http-nio-63040-exec-7][AbstractHandlerMapping.java:415] - Mapped to ResourceHttpRequestHandler ["classpath:/META-INF/resources/", "classpath:/resources/", "classpath:/static/", "classpath:/public/", "/"]
2024-10-29 10:56:58,465 DEBUG [http-nio-63040-exec-7][ResourceHttpRequestHandler.java:487] - Resource not found
2024-10-29 10:56:58,465 DEBUG [http-nio-63040-exec-7][ResourceHttpRequestHandler.java:487] - Resource not found
2024-10-29 10:56:58,465 DEBUG [http-nio-63040-exec-7][FrameworkServlet.java:1131] - Completed 404 NOT_FOUND
2024-10-29 10:56:58,465 DEBUG [http-nio-63040-exec-7][FrameworkServlet.java:1131] - Completed 404 NOT_FOUND
2024-10-29 10:56:58,465 DEBUG [http-nio-63040-exec-7][LogFormatUtils.java:91] - "ERROR" dispatch for GET "/content/error", parameters={}
2024-10-29 10:56:58,465 DEBUG [http-nio-63040-exec-7][LogFormatUtils.java:91] - "ERROR" dispatch for GET "/content/error", parameters={}
2024-10-29 10:56:58,466 DEBUG [http-nio-63040-exec-7][AbstractHandlerMapping.java:415] - Mapped to org.springframework.boot.autoconfigure.web.servlet.error.BasicErrorController#error(HttpServletRequest)
2024-10-29 10:56:58,466 DEBUG [http-nio-63040-exec-7][AbstractHandlerMapping.java:415] - Mapped to org.springframework.boot.autoconfigure.web.servlet.error.BasicErrorController#error(HttpServletRequest)
2024-10-29 10:56:58,466 DEBUG [http-nio-63040-exec-7][AbstractMessageConverterMethodProcessor.java:255] - Using 'application/json', given [application/json] and supported [application/json, application/*+json, application/json, application/*+json]
2024-10-29 10:56:58,466 DEBUG [http-nio-63040-exec-7][AbstractMessageConverterMethodProcessor.java:255] - Using 'application/json', given [application/json] and supported [application/json, application/*+json, application/json, application/*+json]
2024-10-29 10:56:58,466 DEBUG [http-nio-63040-exec-7][LogFormatUtils.java:91] - Writing [{timestamp=Tue Oct 29 10:56:58 CET 2024, status=404, error=Not Found, message=, path=/content/null/s (truncated)...]
2024-10-29 10:56:58,466 DEBUG [http-nio-63040-exec-7][LogFormatUtils.java:91] - Writing [{timestamp=Tue Oct 29 10:56:58 CET 2024, status=404, error=Not Found, message=, path=/content/null/s (truncated)...]
2024-10-29 10:56:58,466 DEBUG [http-nio-63040-exec-7][FrameworkServlet.java:1127] - Exiting from "ERROR" dispatch, status 404
2024-10-29 10:56:58,466 DEBUG [http-nio-63040-exec-7][FrameworkServlet.java:1127] - Exiting from "ERROR" dispatch, status 404
2024-10-29 10:56:58,468 DEBUG [http-nio-63040-exec-8][LogFormatUtils.java:91] - GET "/content/null/swagger-resources", parameters={}
2024-10-29 10:56:58,468 DEBUG [http-nio-63040-exec-8][LogFormatUtils.java:91] - GET "/content/null/swagger-resources", parameters={}
2024-10-29 10:56:58,468 DEBUG [http-nio-63040-exec-8][AbstractHandlerMapping.java:415] - Mapped to ResourceHttpRequestHandler ["classpath:/META-INF/resources/", "classpath:/resources/", "classpath:/static/", "classpath:/public/", "/"]
2024-10-29 10:56:58,468 DEBUG [http-nio-63040-exec-8][AbstractHandlerMapping.java:415] - Mapped to ResourceHttpRequestHandler ["classpath:/META-INF/resources/", "classpath:/resources/", "classpath:/static/", "classpath:/public/", "/"]
2024-10-29 10:56:58,469 DEBUG [http-nio-63040-exec-8][ResourceHttpRequestHandler.java:487] - Resource not found
2024-10-29 10:56:58,469 DEBUG [http-nio-63040-exec-8][ResourceHttpRequestHandler.java:487] - Resource not found
2024-10-29 10:56:58,469 DEBUG [http-nio-63040-exec-8][FrameworkServlet.java:1131] - Completed 404 NOT_FOUND
2024-10-29 10:56:58,469 DEBUG [http-nio-63040-exec-8][FrameworkServlet.java:1131] - Completed 404 NOT_FOUND
2024-10-29 10:56:58,469 DEBUG [http-nio-63040-exec-8][LogFormatUtils.java:91] - "ERROR" dispatch for GET "/content/error", parameters={}
2024-10-29 10:56:58,469 DEBUG [http-nio-63040-exec-8][LogFormatUtils.java:91] - "ERROR" dispatch for GET "/content/error", parameters={}
2024-10-29 10:56:58,469 DEBUG [http-nio-63040-exec-8][AbstractHandlerMapping.java:415] - Mapped to org.springframework.boot.autoconfigure.web.servlet.error.BasicErrorController#error(HttpServletRequest)
2024-10-29 10:56:58,469 DEBUG [http-nio-63040-exec-8][AbstractHandlerMapping.java:415] - Mapped to org.springframework.boot.autoconfigure.web.servlet.error.BasicErrorController#error(HttpServletRequest)
2024-10-29 10:56:58,469 DEBUG [http-nio-63040-exec-8][AbstractMessageConverterMethodProcessor.java:255] - Using 'application/json', given [application/json] and supported [application/json, application/*+json, application/json, application/*+json]
2024-10-29 10:56:58,469 DEBUG [http-nio-63040-exec-8][AbstractMessageConverterMethodProcessor.java:255] - Using 'application/json', given [application/json] and supported [application/json, application/*+json, application/json, application/*+json]
2024-10-29 10:56:58,469 DEBUG [http-nio-63040-exec-8][LogFormatUtils.java:91] - Writing [{timestamp=Tue Oct 29 10:56:58 CET 2024, status=404, error=Not Found, message=, path=/content/null/s (truncated)...]
2024-10-29 10:56:58,469 DEBUG [http-nio-63040-exec-8][LogFormatUtils.java:91] - Writing [{timestamp=Tue Oct 29 10:56:58 CET 2024, status=404, error=Not Found, message=, path=/content/null/s (truncated)...]
2024-10-29 10:56:58,470 DEBUG [http-nio-63040-exec-8][FrameworkServlet.java:1127] - Exiting from "ERROR" dispatch, status 404
2024-10-29 10:56:58,470 DEBUG [http-nio-63040-exec-8][FrameworkServlet.java:1127] - Exiting from "ERROR" dispatch, status 404
2024-10-29 10:56:58,472 DEBUG [http-nio-63040-exec-4][LogFormatUtils.java:91] - GET "/content/null/swagger-resources/configuration/ui", parameters={}
2024-10-29 10:56:58,472 DEBUG [http-nio-63040-exec-4][LogFormatUtils.java:91] - GET "/content/null/swagger-resources/configuration/ui", parameters={}
2024-10-29 10:56:58,472 DEBUG [http-nio-63040-exec-4][AbstractHandlerMapping.java:415] - Mapped to ResourceHttpRequestHandler ["classpath:/META-INF/resources/", "classpath:/resources/", "classpath:/static/", "classpath:/public/", "/"]
2024-10-29 10:56:58,472 DEBUG [http-nio-63040-exec-4][AbstractHandlerMapping.java:415] - Mapped to ResourceHttpRequestHandler ["classpath:/META-INF/resources/", "classpath:/resources/", "classpath:/static/", "classpath:/public/", "/"]
2024-10-29 10:56:58,473 DEBUG [http-nio-63040-exec-4][ResourceHttpRequestHandler.java:487] - Resource not found
2024-10-29 10:56:58,473 DEBUG [http-nio-63040-exec-4][ResourceHttpRequestHandler.java:487] - Resource not found
2024-10-29 10:56:58,473 DEBUG [http-nio-63040-exec-4][FrameworkServlet.java:1131] - Completed 404 NOT_FOUND
2024-10-29 10:56:58,473 DEBUG [http-nio-63040-exec-4][FrameworkServlet.java:1131] - Completed 404 NOT_FOUND
2024-10-29 10:56:58,473 DEBUG [http-nio-63040-exec-4][LogFormatUtils.java:91] - "ERROR" dispatch for GET "/content/error", parameters={}
2024-10-29 10:56:58,473 DEBUG [http-nio-63040-exec-4][LogFormatUtils.java:91] - "ERROR" dispatch for GET "/content/error", parameters={}
2024-10-29 10:56:58,473 DEBUG [http-nio-63040-exec-4][AbstractHandlerMapping.java:415] - Mapped to org.springframework.boot.autoconfigure.web.servlet.error.BasicErrorController#error(HttpServletRequest)
2024-10-29 10:56:58,473 DEBUG [http-nio-63040-exec-4][AbstractHandlerMapping.java:415] - Mapped to org.springframework.boot.autoconfigure.web.servlet.error.BasicErrorController#error(HttpServletRequest)
2024-10-29 10:56:58,473 DEBUG [http-nio-63040-exec-4][AbstractMessageConverterMethodProcessor.java:255] - Using 'application/json', given [application/json] and supported [application/json, application/*+json, application/json, application/*+json]
2024-10-29 10:56:58,473 DEBUG [http-nio-63040-exec-4][AbstractMessageConverterMethodProcessor.java:255] - Using 'application/json', given [application/json] and supported [application/json, application/*+json, application/json, application/*+json]
2024-10-29 10:56:58,473 DEBUG [http-nio-63040-exec-4][LogFormatUtils.java:91] - Writing [{timestamp=Tue Oct 29 10:56:58 CET 2024, status=404, error=Not Found, message=, path=/content/null/s (truncated)...]
2024-10-29 10:56:58,473 DEBUG [http-nio-63040-exec-4][LogFormatUtils.java:91] - Writing [{timestamp=Tue Oct 29 10:56:58 CET 2024, status=404, error=Not Found, message=, path=/content/null/s (truncated)...]
2024-10-29 10:56:58,474 DEBUG [http-nio-63040-exec-4][FrameworkServlet.java:1127] - Exiting from "ERROR" dispatch, status 404
2024-10-29 10:56:58,474 DEBUG [http-nio-63040-exec-4][FrameworkServlet.java:1127] - Exiting from "ERROR" dispatch, status 404
2024-10-29 10:56:58,475 DEBUG [http-nio-63040-exec-2][LogFormatUtils.java:91] - GET "/content/null/swagger-resources/configuration/security", parameters={}
2024-10-29 10:56:58,475 DEBUG [http-nio-63040-exec-2][LogFormatUtils.java:91] - GET "/content/null/swagger-resources/configuration/security", parameters={}
2024-10-29 10:56:58,476 DEBUG [http-nio-63040-exec-2][AbstractHandlerMapping.java:415] - Mapped to ResourceHttpRequestHandler ["classpath:/META-INF/resources/", "classpath:/resources/", "classpath:/static/", "classpath:/public/", "/"]
2024-10-29 10:56:58,476 DEBUG [http-nio-63040-exec-2][AbstractHandlerMapping.java:415] - Mapped to ResourceHttpRequestHandler ["classpath:/META-INF/resources/", "classpath:/resources/", "classpath:/static/", "classpath:/public/", "/"]
2024-10-29 10:56:58,476 DEBUG [http-nio-63040-exec-2][ResourceHttpRequestHandler.java:487] - Resource not found
2024-10-29 10:56:58,476 DEBUG [http-nio-63040-exec-2][ResourceHttpRequestHandler.java:487] - Resource not found
2024-10-29 10:56:58,476 DEBUG [http-nio-63040-exec-2][FrameworkServlet.java:1131] - Completed 404 NOT_FOUND
2024-10-29 10:56:58,476 DEBUG [http-nio-63040-exec-2][FrameworkServlet.java:1131] - Completed 404 NOT_FOUND
2024-10-29 10:56:58,476 DEBUG [http-nio-63040-exec-2][LogFormatUtils.java:91] - "ERROR" dispatch for GET "/content/error", parameters={}
2024-10-29 10:56:58,476 DEBUG [http-nio-63040-exec-2][LogFormatUtils.java:91] - "ERROR" dispatch for GET "/content/error", parameters={}
2024-10-29 10:56:58,476 DEBUG [http-nio-63040-exec-2][AbstractHandlerMapping.java:415] - Mapped to org.springframework.boot.autoconfigure.web.servlet.error.BasicErrorController#error(HttpServletRequest)
2024-10-29 10:56:58,476 DEBUG [http-nio-63040-exec-2][AbstractHandlerMapping.java:415] - Mapped to org.springframework.boot.autoconfigure.web.servlet.error.BasicErrorController#error(HttpServletRequest)
2024-10-29 10:56:58,477 DEBUG [http-nio-63040-exec-2][AbstractMessageConverterMethodProcessor.java:255] - Using 'application/json', given [application/json] and supported [application/json, application/*+json, application/json, application/*+json]
2024-10-29 10:56:58,477 DEBUG [http-nio-63040-exec-2][AbstractMessageConverterMethodProcessor.java:255] - Using 'application/json', given [application/json] and supported [application/json, application/*+json, application/json, application/*+json]
2024-10-29 10:56:58,477 DEBUG [http-nio-63040-exec-2][LogFormatUtils.java:91] - Writing [{timestamp=Tue Oct 29 10:56:58 CET 2024, status=404, error=Not Found, message=, path=/content/null/s (truncated)...]
2024-10-29 10:56:58,477 DEBUG [http-nio-63040-exec-2][LogFormatUtils.java:91] - Writing [{timestamp=Tue Oct 29 10:56:58 CET 2024, status=404, error=Not Found, message=, path=/content/null/s (truncated)...]
2024-10-29 10:56:58,477 DEBUG [http-nio-63040-exec-2][FrameworkServlet.java:1127] - Exiting from "ERROR" dispatch, status 404
2024-10-29 10:56:58,477 DEBUG [http-nio-63040-exec-2][FrameworkServlet.java:1127] - Exiting from "ERROR" dispatch, status 404
2024-10-29 10:56:58,478 DEBUG [http-nio-63040-exec-1][LogFormatUtils.java:91] - GET "/content/null/swagger-resources", parameters={}
2024-10-29 10:56:58,478 DEBUG [http-nio-63040-exec-1][LogFormatUtils.java:91] - GET "/content/null/swagger-resources", parameters={}
2024-10-29 10:56:58,479 DEBUG [http-nio-63040-exec-1][AbstractHandlerMapping.java:415] - Mapped to ResourceHttpRequestHandler ["classpath:/META-INF/resources/", "classpath:/resources/", "classpath:/static/", "classpath:/public/", "/"]
2024-10-29 10:56:58,479 DEBUG [http-nio-63040-exec-1][AbstractHandlerMapping.java:415] - Mapped to ResourceHttpRequestHandler ["classpath:/META-INF/resources/", "classpath:/resources/", "classpath:/static/", "classpath:/public/", "/"]
2024-10-29 10:56:58,479 DEBUG [http-nio-63040-exec-1][ResourceHttpRequestHandler.java:487] - Resource not found
2024-10-29 10:56:58,479 DEBUG [http-nio-63040-exec-1][ResourceHttpRequestHandler.java:487] - Resource not found
2024-10-29 10:56:58,479 DEBUG [http-nio-63040-exec-1][FrameworkServlet.java:1131] - Completed 404 NOT_FOUND
2024-10-29 10:56:58,479 DEBUG [http-nio-63040-exec-1][FrameworkServlet.java:1131] - Completed 404 NOT_FOUND
2024-10-29 10:56:58,480 DEBUG [http-nio-63040-exec-1][LogFormatUtils.java:91] - "ERROR" dispatch for GET "/content/error", parameters={}
2024-10-29 10:56:58,480 DEBUG [http-nio-63040-exec-1][LogFormatUtils.java:91] - "ERROR" dispatch for GET "/content/error", parameters={}
2024-10-29 10:56:58,480 DEBUG [http-nio-63040-exec-1][AbstractHandlerMapping.java:415] - Mapped to org.springframework.boot.autoconfigure.web.servlet.error.BasicErrorController#error(HttpServletRequest)
2024-10-29 10:56:58,480 DEBUG [http-nio-63040-exec-1][AbstractHandlerMapping.java:415] - Mapped to org.springframework.boot.autoconfigure.web.servlet.error.BasicErrorController#error(HttpServletRequest)
2024-10-29 10:56:58,480 DEBUG [http-nio-63040-exec-1][AbstractMessageConverterMethodProcessor.java:255] - Using 'application/json', given [application/json] and supported [application/json, application/*+json, application/json, application/*+json]
2024-10-29 10:56:58,480 DEBUG [http-nio-63040-exec-1][AbstractMessageConverterMethodProcessor.java:255] - Using 'application/json', given [application/json] and supported [application/json, application/*+json, application/json, application/*+json]
2024-10-29 10:56:58,481 DEBUG [http-nio-63040-exec-1][LogFormatUtils.java:91] - Writing [{timestamp=Tue Oct 29 10:56:58 CET 2024, status=404, error=Not Found, message=, path=/content/null/s (truncated)...]
2024-10-29 10:56:58,481 DEBUG [http-nio-63040-exec-1][LogFormatUtils.java:91] - Writing [{timestamp=Tue Oct 29 10:56:58 CET 2024, status=404, error=Not Found, message=, path=/content/null/s (truncated)...]
2024-10-29 10:56:58,481 DEBUG [http-nio-63040-exec-1][FrameworkServlet.java:1127] - Exiting from "ERROR" dispatch, status 404
2024-10-29 10:56:58,481 DEBUG [http-nio-63040-exec-1][FrameworkServlet.java:1127] - Exiting from "ERROR" dispatch, status 404
2024-10-29 10:56:58,483 DEBUG [http-nio-63040-exec-3][LogFormatUtils.java:91] - GET "/content/null/swagger-resources/configuration/ui", parameters={}
2024-10-29 10:56:58,483 DEBUG [http-nio-63040-exec-3][LogFormatUtils.java:91] - GET "/content/null/swagger-resources/configuration/ui", parameters={}
2024-10-29 10:56:58,484 DEBUG [http-nio-63040-exec-3][AbstractHandlerMapping.java:415] - Mapped to ResourceHttpRequestHandler ["classpath:/META-INF/resources/", "classpath:/resources/", "classpath:/static/", "classpath:/public/", "/"]
2024-10-29 10:56:58,484 DEBUG [http-nio-63040-exec-3][AbstractHandlerMapping.java:415] - Mapped to ResourceHttpRequestHandler ["classpath:/META-INF/resources/", "classpath:/resources/", "classpath:/static/", "classpath:/public/", "/"]
2024-10-29 10:56:58,484 DEBUG [http-nio-63040-exec-3][ResourceHttpRequestHandler.java:487] - Resource not found
2024-10-29 10:56:58,484 DEBUG [http-nio-63040-exec-3][ResourceHttpRequestHandler.java:487] - Resource not found
2024-10-29 10:56:58,484 DEBUG [http-nio-63040-exec-3][FrameworkServlet.java:1131] - Completed 404 NOT_FOUND
2024-10-29 10:56:58,484 DEBUG [http-nio-63040-exec-3][FrameworkServlet.java:1131] - Completed 404 NOT_FOUND
2024-10-29 10:56:58,484 DEBUG [http-nio-63040-exec-3][LogFormatUtils.java:91] - "ERROR" dispatch for GET "/content/error", parameters={}
2024-10-29 10:56:58,484 DEBUG [http-nio-63040-exec-3][LogFormatUtils.java:91] - "ERROR" dispatch for GET "/content/error", parameters={}
2024-10-29 10:56:58,485 DEBUG [http-nio-63040-exec-3][AbstractHandlerMapping.java:415] - Mapped to org.springframework.boot.autoconfigure.web.servlet.error.BasicErrorController#error(HttpServletRequest)
2024-10-29 10:56:58,485 DEBUG [http-nio-63040-exec-3][AbstractHandlerMapping.java:415] - Mapped to org.springframework.boot.autoconfigure.web.servlet.error.BasicErrorController#error(HttpServletRequest)
2024-10-29 10:56:58,485 DEBUG [http-nio-63040-exec-3][AbstractMessageConverterMethodProcessor.java:255] - Using 'application/json', given [application/json] and supported [application/json, application/*+json, application/json, application/*+json]
2024-10-29 10:56:58,485 DEBUG [http-nio-63040-exec-3][AbstractMessageConverterMethodProcessor.java:255] - Using 'application/json', given [application/json] and supported [application/json, application/*+json, application/json, application/*+json]
2024-10-29 10:56:58,485 DEBUG [http-nio-63040-exec-3][LogFormatUtils.java:91] - Writing [{timestamp=Tue Oct 29 10:56:58 CET 2024, status=404, error=Not Found, message=, path=/content/null/s (truncated)...]
2024-10-29 10:56:58,485 DEBUG [http-nio-63040-exec-3][LogFormatUtils.java:91] - Writing [{timestamp=Tue Oct 29 10:56:58 CET 2024, status=404, error=Not Found, message=, path=/content/null/s (truncated)...]
2024-10-29 10:56:58,487 DEBUG [http-nio-63040-exec-3][FrameworkServlet.java:1127] - Exiting from "ERROR" dispatch, status 404
2024-10-29 10:56:58,487 DEBUG [http-nio-63040-exec-3][FrameworkServlet.java:1127] - Exiting from "ERROR" dispatch, status 404
2024-10-29 10:56:58,489 DEBUG [http-nio-63040-exec-10][LogFormatUtils.java:91] - GET "/content/null/swagger-resources/configuration/security", parameters={}
2024-10-29 10:56:58,489 DEBUG [http-nio-63040-exec-10][LogFormatUtils.java:91] - GET "/content/null/swagger-resources/configuration/security", parameters={}
2024-10-29 10:56:58,490 DEBUG [http-nio-63040-exec-10][AbstractHandlerMapping.java:415] - Mapped to ResourceHttpRequestHandler ["classpath:/META-INF/resources/", "classpath:/resources/", "classpath:/static/", "classpath:/public/", "/"]
2024-10-29 10:56:58,490 DEBUG [http-nio-63040-exec-10][AbstractHandlerMapping.java:415] - Mapped to ResourceHttpRequestHandler ["classpath:/META-INF/resources/", "classpath:/resources/", "classpath:/static/", "classpath:/public/", "/"]
2024-10-29 10:56:58,490 DEBUG [http-nio-63040-exec-10][ResourceHttpRequestHandler.java:487] - Resource not found
2024-10-29 10:56:58,490 DEBUG [http-nio-63040-exec-10][ResourceHttpRequestHandler.java:487] - Resource not found
2024-10-29 10:56:58,491 DEBUG [http-nio-63040-exec-10][FrameworkServlet.java:1131] - Completed 404 NOT_FOUND
2024-10-29 10:56:58,491 DEBUG [http-nio-63040-exec-10][FrameworkServlet.java:1131] - Completed 404 NOT_FOUND
2024-10-29 10:56:58,491 DEBUG [http-nio-63040-exec-10][LogFormatUtils.java:91] - "ERROR" dispatch for GET "/content/error", parameters={}
2024-10-29 10:56:58,491 DEBUG [http-nio-63040-exec-10][LogFormatUtils.java:91] - "ERROR" dispatch for GET "/content/error", parameters={}
2024-10-29 10:56:58,491 DEBUG [http-nio-63040-exec-10][AbstractHandlerMapping.java:415] - Mapped to org.springframework.boot.autoconfigure.web.servlet.error.BasicErrorController#error(HttpServletRequest)
2024-10-29 10:56:58,491 DEBUG [http-nio-63040-exec-10][AbstractHandlerMapping.java:415] - Mapped to org.springframework.boot.autoconfigure.web.servlet.error.BasicErrorController#error(HttpServletRequest)
2024-10-29 10:56:58,491 DEBUG [http-nio-63040-exec-10][AbstractMessageConverterMethodProcessor.java:255] - Using 'application/json', given [application/json] and supported [application/json, application/*+json, application/json, application/*+json]
2024-10-29 10:56:58,491 DEBUG [http-nio-63040-exec-10][AbstractMessageConverterMethodProcessor.java:255] - Using 'application/json', given [application/json] and supported [application/json, application/*+json, application/json, application/*+json]
2024-10-29 10:56:58,491 DEBUG [http-nio-63040-exec-10][LogFormatUtils.java:91] - Writing [{timestamp=Tue Oct 29 10:56:58 CET 2024, status=404, error=Not Found, message=, path=/content/null/s (truncated)...]
2024-10-29 10:56:58,491 DEBUG [http-nio-63040-exec-10][LogFormatUtils.java:91] - Writing [{timestamp=Tue Oct 29 10:56:58 CET 2024, status=404, error=Not Found, message=, path=/content/null/s (truncated)...]
2024-10-29 10:56:58,492 DEBUG [http-nio-63040-exec-10][FrameworkServlet.java:1127] - Exiting from "ERROR" dispatch, status 404
2024-10-29 10:56:58,492 DEBUG [http-nio-63040-exec-10][FrameworkServlet.java:1127] - Exiting from "ERROR" dispatch, status 404
2024-10-29 10:56:58,493 DEBUG [http-nio-63040-exec-9][LogFormatUtils.java:91] - GET "/content/null/swagger-resources", parameters={}
2024-10-29 10:56:58,493 DEBUG [http-nio-63040-exec-9][LogFormatUtils.java:91] - GET "/content/null/swagger-resources", parameters={}
2024-10-29 10:56:58,494 DEBUG [http-nio-63040-exec-9][AbstractHandlerMapping.java:415] - Mapped to ResourceHttpRequestHandler ["classpath:/META-INF/resources/", "classpath:/resources/", "classpath:/static/", "classpath:/public/", "/"]
2024-10-29 10:56:58,494 DEBUG [http-nio-63040-exec-9][AbstractHandlerMapping.java:415] - Mapped to ResourceHttpRequestHandler ["classpath:/META-INF/resources/", "classpath:/resources/", "classpath:/static/", "classpath:/public/", "/"]
2024-10-29 10:56:58,494 DEBUG [http-nio-63040-exec-9][ResourceHttpRequestHandler.java:487] - Resource not found
2024-10-29 10:56:58,494 DEBUG [http-nio-63040-exec-9][ResourceHttpRequestHandler.java:487] - Resource not found
2024-10-29 10:56:58,494 DEBUG [http-nio-63040-exec-9][FrameworkServlet.java:1131] - Completed 404 NOT_FOUND
2024-10-29 10:56:58,494 DEBUG [http-nio-63040-exec-9][FrameworkServlet.java:1131] - Completed 404 NOT_FOUND
2024-10-29 10:56:58,494 DEBUG [http-nio-63040-exec-9][LogFormatUtils.java:91] - "ERROR" dispatch for GET "/content/error", parameters={}
2024-10-29 10:56:58,494 DEBUG [http-nio-63040-exec-9][LogFormatUtils.java:91] - "ERROR" dispatch for GET "/content/error", parameters={}
2024-10-29 10:56:58,494 DEBUG [http-nio-63040-exec-9][AbstractHandlerMapping.java:415] - Mapped to org.springframework.boot.autoconfigure.web.servlet.error.BasicErrorController#error(HttpServletRequest)
2024-10-29 10:56:58,494 DEBUG [http-nio-63040-exec-9][AbstractHandlerMapping.java:415] - Mapped to org.springframework.boot.autoconfigure.web.servlet.error.BasicErrorController#error(HttpServletRequest)
2024-10-29 10:56:58,495 DEBUG [http-nio-63040-exec-9][AbstractMessageConverterMethodProcessor.java:255] - Using 'application/json', given [application/json] and supported [application/json, application/*+json, application/json, application/*+json]
2024-10-29 10:56:58,495 DEBUG [http-nio-63040-exec-9][AbstractMessageConverterMethodProcessor.java:255] - Using 'application/json', given [application/json] and supported [application/json, application/*+json, application/json, application/*+json]
2024-10-29 10:56:58,495 DEBUG [http-nio-63040-exec-9][LogFormatUtils.java:91] - Writing [{timestamp=Tue Oct 29 10:56:58 CET 2024, status=404, error=Not Found, message=, path=/content/null/s (truncated)...]
2024-10-29 10:56:58,495 DEBUG [http-nio-63040-exec-9][LogFormatUtils.java:91] - Writing [{timestamp=Tue Oct 29 10:56:58 CET 2024, status=404, error=Not Found, message=, path=/content/null/s (truncated)...]
2024-10-29 10:56:58,495 DEBUG [http-nio-63040-exec-9][FrameworkServlet.java:1127] - Exiting from "ERROR" dispatch, status 404
2024-10-29 10:56:58,495 DEBUG [http-nio-63040-exec-9][FrameworkServlet.java:1127] - Exiting from "ERROR" dispatch, status 404
2024-10-29 10:56:58,498 DEBUG [http-nio-63040-exec-5][LogFormatUtils.java:91] - GET "/content/null/swagger-resources/configuration/ui", parameters={}
2024-10-29 10:56:58,498 DEBUG [http-nio-63040-exec-5][LogFormatUtils.java:91] - GET "/content/null/swagger-resources/configuration/ui", parameters={}
2024-10-29 10:56:58,498 DEBUG [http-nio-63040-exec-5][AbstractHandlerMapping.java:415] - Mapped to ResourceHttpRequestHandler ["classpath:/META-INF/resources/", "classpath:/resources/", "classpath:/static/", "classpath:/public/", "/"]
2024-10-29 10:56:58,498 DEBUG [http-nio-63040-exec-5][AbstractHandlerMapping.java:415] - Mapped to ResourceHttpRequestHandler ["classpath:/META-INF/resources/", "classpath:/resources/", "classpath:/static/", "classpath:/public/", "/"]
2024-10-29 10:56:58,498 DEBUG [http-nio-63040-exec-5][ResourceHttpRequestHandler.java:487] - Resource not found
2024-10-29 10:56:58,498 DEBUG [http-nio-63040-exec-5][ResourceHttpRequestHandler.java:487] - Resource not found
2024-10-29 10:56:58,498 DEBUG [http-nio-63040-exec-5][FrameworkServlet.java:1131] - Completed 404 NOT_FOUND
2024-10-29 10:56:58,498 DEBUG [http-nio-63040-exec-5][FrameworkServlet.java:1131] - Completed 404 NOT_FOUND
2024-10-29 10:56:58,499 DEBUG [http-nio-63040-exec-5][LogFormatUtils.java:91] - "ERROR" dispatch for GET "/content/error", parameters={}
2024-10-29 10:56:58,499 DEBUG [http-nio-63040-exec-5][LogFormatUtils.java:91] - "ERROR" dispatch for GET "/content/error", parameters={}
2024-10-29 10:56:58,499 DEBUG [http-nio-63040-exec-5][AbstractHandlerMapping.java:415] - Mapped to org.springframework.boot.autoconfigure.web.servlet.error.BasicErrorController#error(HttpServletRequest)
2024-10-29 10:56:58,499 DEBUG [http-nio-63040-exec-5][AbstractHandlerMapping.java:415] - Mapped to org.springframework.boot.autoconfigure.web.servlet.error.BasicErrorController#error(HttpServletRequest)
2024-10-29 10:56:58,499 DEBUG [http-nio-63040-exec-5][AbstractMessageConverterMethodProcessor.java:255] - Using 'application/json', given [application/json] and supported [application/json, application/*+json, application/json, application/*+json]
2024-10-29 10:56:58,499 DEBUG [http-nio-63040-exec-5][AbstractMessageConverterMethodProcessor.java:255] - Using 'application/json', given [application/json] and supported [application/json, application/*+json, application/json, application/*+json]
2024-10-29 10:56:58,499 DEBUG [http-nio-63040-exec-5][LogFormatUtils.java:91] - Writing [{timestamp=Tue Oct 29 10:56:58 CET 2024, status=404, error=Not Found, message=, path=/content/null/s (truncated)...]
2024-10-29 10:56:58,499 DEBUG [http-nio-63040-exec-5][LogFormatUtils.java:91] - Writing [{timestamp=Tue Oct 29 10:56:58 CET 2024, status=404, error=Not Found, message=, path=/content/null/s (truncated)...]
2024-10-29 10:56:58,500 DEBUG [http-nio-63040-exec-5][FrameworkServlet.java:1127] - Exiting from "ERROR" dispatch, status 404
2024-10-29 10:56:58,500 DEBUG [http-nio-63040-exec-5][FrameworkServlet.java:1127] - Exiting from "ERROR" dispatch, status 404
2024-10-29 10:56:58,502 DEBUG [http-nio-63040-exec-6][LogFormatUtils.java:91] - GET "/content/null/swagger-resources/configuration/security", parameters={}
2024-10-29 10:56:58,502 DEBUG [http-nio-63040-exec-6][LogFormatUtils.java:91] - GET "/content/null/swagger-resources/configuration/security", parameters={}
2024-10-29 10:56:58,502 DEBUG [http-nio-63040-exec-6][AbstractHandlerMapping.java:415] - Mapped to ResourceHttpRequestHandler ["classpath:/META-INF/resources/", "classpath:/resources/", "classpath:/static/", "classpath:/public/", "/"]
2024-10-29 10:56:58,502 DEBUG [http-nio-63040-exec-6][AbstractHandlerMapping.java:415] - Mapped to ResourceHttpRequestHandler ["classpath:/META-INF/resources/", "classpath:/resources/", "classpath:/static/", "classpath:/public/", "/"]
2024-10-29 10:56:58,502 DEBUG [http-nio-63040-exec-6][ResourceHttpRequestHandler.java:487] - Resource not found
2024-10-29 10:56:58,502 DEBUG [http-nio-63040-exec-6][ResourceHttpRequestHandler.java:487] - Resource not found
2024-10-29 10:56:58,502 DEBUG [http-nio-63040-exec-6][FrameworkServlet.java:1131] - Completed 404 NOT_FOUND
2024-10-29 10:56:58,502 DEBUG [http-nio-63040-exec-6][FrameworkServlet.java:1131] - Completed 404 NOT_FOUND
2024-10-29 10:56:58,503 DEBUG [http-nio-63040-exec-6][LogFormatUtils.java:91] - "ERROR" dispatch for GET "/content/error", parameters={}
2024-10-29 10:56:58,503 DEBUG [http-nio-63040-exec-6][LogFormatUtils.java:91] - "ERROR" dispatch for GET "/content/error", parameters={}
2024-10-29 10:56:58,503 DEBUG [http-nio-63040-exec-6][AbstractHandlerMapping.java:415] - Mapped to org.springframework.boot.autoconfigure.web.servlet.error.BasicErrorController#error(HttpServletRequest)
2024-10-29 10:56:58,503 DEBUG [http-nio-63040-exec-6][AbstractHandlerMapping.java:415] - Mapped to org.springframework.boot.autoconfigure.web.servlet.error.BasicErrorController#error(HttpServletRequest)
2024-10-29 10:56:58,503 DEBUG [http-nio-63040-exec-6][AbstractMessageConverterMethodProcessor.java:255] - Using 'application/json', given [application/json] and supported [application/json, application/*+json, application/json, application/*+json]
2024-10-29 10:56:58,503 DEBUG [http-nio-63040-exec-6][AbstractMessageConverterMethodProcessor.java:255] - Using 'application/json', given [application/json] and supported [application/json, application/*+json, application/json, application/*+json]
2024-10-29 10:56:58,503 DEBUG [http-nio-63040-exec-6][LogFormatUtils.java:91] - Writing [{timestamp=Tue Oct 29 10:56:58 CET 2024, status=404, error=Not Found, message=, path=/content/null/s (truncated)...]
2024-10-29 10:56:58,503 DEBUG [http-nio-63040-exec-6][LogFormatUtils.java:91] - Writing [{timestamp=Tue Oct 29 10:56:58 CET 2024, status=404, error=Not Found, message=, path=/content/null/s (truncated)...]
2024-10-29 10:56:58,503 DEBUG [http-nio-63040-exec-6][FrameworkServlet.java:1127] - Exiting from "ERROR" dispatch, status 404
2024-10-29 10:56:58,503 DEBUG [http-nio-63040-exec-6][FrameworkServlet.java:1127] - Exiting from "ERROR" dispatch, status 404
2024-10-29 10:56:58,505 DEBUG [http-nio-63040-exec-7][LogFormatUtils.java:91] - GET "/content/null/swagger-resources", parameters={}
2024-10-29 10:56:58,505 DEBUG [http-nio-63040-exec-7][LogFormatUtils.java:91] - GET "/content/null/swagger-resources", parameters={}
2024-10-29 10:56:58,506 DEBUG [http-nio-63040-exec-7][AbstractHandlerMapping.java:415] - Mapped to ResourceHttpRequestHandler ["classpath:/META-INF/resources/", "classpath:/resources/", "classpath:/static/", "classpath:/public/", "/"]
2024-10-29 10:56:58,506 DEBUG [http-nio-63040-exec-7][AbstractHandlerMapping.java:415] - Mapped to ResourceHttpRequestHandler ["classpath:/META-INF/resources/", "classpath:/resources/", "classpath:/static/", "classpath:/public/", "/"]
2024-10-29 10:56:58,506 DEBUG [http-nio-63040-exec-7][ResourceHttpRequestHandler.java:487] - Resource not found
2024-10-29 10:56:58,506 DEBUG [http-nio-63040-exec-7][ResourceHttpRequestHandler.java:487] - Resource not found
2024-10-29 10:56:58,506 DEBUG [http-nio-63040-exec-7][FrameworkServlet.java:1131] - Completed 404 NOT_FOUND
2024-10-29 10:56:58,506 DEBUG [http-nio-63040-exec-7][FrameworkServlet.java:1131] - Completed 404 NOT_FOUND
2024-10-29 10:56:58,506 DEBUG [http-nio-63040-exec-7][LogFormatUtils.java:91] - "ERROR" dispatch for GET "/content/error", parameters={}
2024-10-29 10:56:58,506 DEBUG [http-nio-63040-exec-7][LogFormatUtils.java:91] - "ERROR" dispatch for GET "/content/error", parameters={}
2024-10-29 10:56:58,506 DEBUG [http-nio-63040-exec-7][AbstractHandlerMapping.java:415] - Mapped to org.springframework.boot.autoconfigure.web.servlet.error.BasicErrorController#error(HttpServletRequest)
2024-10-29 10:56:58,506 DEBUG [http-nio-63040-exec-7][AbstractHandlerMapping.java:415] - Mapped to org.springframework.boot.autoconfigure.web.servlet.error.BasicErrorController#error(HttpServletRequest)
2024-10-29 10:56:58,507 DEBUG [http-nio-63040-exec-7][AbstractMessageConverterMethodProcessor.java:255] - Using 'application/json', given [application/json] and supported [application/json, application/*+json, application/json, application/*+json]
2024-10-29 10:56:58,507 DEBUG [http-nio-63040-exec-7][AbstractMessageConverterMethodProcessor.java:255] - Using 'application/json', given [application/json] and supported [application/json, application/*+json, application/json, application/*+json]
2024-10-29 10:56:58,507 DEBUG [http-nio-63040-exec-7][LogFormatUtils.java:91] - Writing [{timestamp=Tue Oct 29 10:56:58 CET 2024, status=404, error=Not Found, message=, path=/content/null/s (truncated)...]
2024-10-29 10:56:58,507 DEBUG [http-nio-63040-exec-7][LogFormatUtils.java:91] - Writing [{timestamp=Tue Oct 29 10:56:58 CET 2024, status=404, error=Not Found, message=, path=/content/null/s (truncated)...]
2024-10-29 10:56:58,507 DEBUG [http-nio-63040-exec-7][FrameworkServlet.java:1127] - Exiting from "ERROR" dispatch, status 404
2024-10-29 10:56:58,507 DEBUG [http-nio-63040-exec-7][FrameworkServlet.java:1127] - Exiting from "ERROR" dispatch, status 404
2024-10-29 10:56:58,510 DEBUG [http-nio-63040-exec-8][LogFormatUtils.java:91] - GET "/content/null/swagger-resources/configuration/ui", parameters={}
2024-10-29 10:56:58,510 DEBUG [http-nio-63040-exec-8][LogFormatUtils.java:91] - GET "/content/null/swagger-resources/configuration/ui", parameters={}
2024-10-29 10:56:58,510 DEBUG [http-nio-63040-exec-8][AbstractHandlerMapping.java:415] - Mapped to ResourceHttpRequestHandler ["classpath:/META-INF/resources/", "classpath:/resources/", "classpath:/static/", "classpath:/public/", "/"]
2024-10-29 10:56:58,510 DEBUG [http-nio-63040-exec-8][AbstractHandlerMapping.java:415] - Mapped to ResourceHttpRequestHandler ["classpath:/META-INF/resources/", "classpath:/resources/", "classpath:/static/", "classpath:/public/", "/"]
2024-10-29 10:56:58,510 DEBUG [http-nio-63040-exec-8][ResourceHttpRequestHandler.java:487] - Resource not found
2024-10-29 10:56:58,510 DEBUG [http-nio-63040-exec-8][ResourceHttpRequestHandler.java:487] - Resource not found
2024-10-29 10:56:58,510 DEBUG [http-nio-63040-exec-8][FrameworkServlet.java:1131] - Completed 404 NOT_FOUND
2024-10-29 10:56:58,510 DEBUG [http-nio-63040-exec-8][FrameworkServlet.java:1131] - Completed 404 NOT_FOUND
2024-10-29 10:56:58,511 DEBUG [http-nio-63040-exec-8][LogFormatUtils.java:91] - "ERROR" dispatch for GET "/content/error", parameters={}
2024-10-29 10:56:58,511 DEBUG [http-nio-63040-exec-8][LogFormatUtils.java:91] - "ERROR" dispatch for GET "/content/error", parameters={}
2024-10-29 10:56:58,511 DEBUG [http-nio-63040-exec-8][AbstractHandlerMapping.java:415] - Mapped to org.springframework.boot.autoconfigure.web.servlet.error.BasicErrorController#error(HttpServletRequest)
2024-10-29 10:56:58,511 DEBUG [http-nio-63040-exec-8][AbstractHandlerMapping.java:415] - Mapped to org.springframework.boot.autoconfigure.web.servlet.error.BasicErrorController#error(HttpServletRequest)
2024-10-29 10:56:58,511 DEBUG [http-nio-63040-exec-8][AbstractMessageConverterMethodProcessor.java:255] - Using 'application/json', given [application/json] and supported [application/json, application/*+json, application/json, application/*+json]
2024-10-29 10:56:58,511 DEBUG [http-nio-63040-exec-8][AbstractMessageConverterMethodProcessor.java:255] - Using 'application/json', given [application/json] and supported [application/json, application/*+json, application/json, application/*+json]
2024-10-29 10:56:58,511 DEBUG [http-nio-63040-exec-8][LogFormatUtils.java:91] - Writing [{timestamp=Tue Oct 29 10:56:58 CET 2024, status=404, error=Not Found, message=, path=/content/null/s (truncated)...]
2024-10-29 10:56:58,511 DEBUG [http-nio-63040-exec-8][LogFormatUtils.java:91] - Writing [{timestamp=Tue Oct 29 10:56:58 CET 2024, status=404, error=Not Found, message=, path=/content/null/s (truncated)...]
2024-10-29 10:56:58,511 DEBUG [http-nio-63040-exec-8][FrameworkServlet.java:1127] - Exiting from "ERROR" dispatch, status 404
2024-10-29 10:56:58,511 DEBUG [http-nio-63040-exec-8][FrameworkServlet.java:1127] - Exiting from "ERROR" dispatch, status 404
2024-10-29 10:56:58,514 DEBUG [http-nio-63040-exec-4][LogFormatUtils.java:91] - GET "/content/null/swagger-resources/configuration/security", parameters={}
2024-10-29 10:56:58,514 DEBUG [http-nio-63040-exec-4][LogFormatUtils.java:91] - GET "/content/null/swagger-resources/configuration/security", parameters={}
2024-10-29 10:56:58,514 DEBUG [http-nio-63040-exec-4][AbstractHandlerMapping.java:415] - Mapped to ResourceHttpRequestHandler ["classpath:/META-INF/resources/", "classpath:/resources/", "classpath:/static/", "classpath:/public/", "/"]
2024-10-29 10:56:58,514 DEBUG [http-nio-63040-exec-4][AbstractHandlerMapping.java:415] - Mapped to ResourceHttpRequestHandler ["classpath:/META-INF/resources/", "classpath:/resources/", "classpath:/static/", "classpath:/public/", "/"]
2024-10-29 10:56:58,514 DEBUG [http-nio-63040-exec-4][ResourceHttpRequestHandler.java:487] - Resource not found
2024-10-29 10:56:58,514 DEBUG [http-nio-63040-exec-4][ResourceHttpRequestHandler.java:487] - Resource not found
2024-10-29 10:56:58,514 DEBUG [http-nio-63040-exec-4][FrameworkServlet.java:1131] - Completed 404 NOT_FOUND
2024-10-29 10:56:58,514 DEBUG [http-nio-63040-exec-4][FrameworkServlet.java:1131] - Completed 404 NOT_FOUND
2024-10-29 10:56:58,515 DEBUG [http-nio-63040-exec-4][LogFormatUtils.java:91] - "ERROR" dispatch for GET "/content/error", parameters={}
2024-10-29 10:56:58,515 DEBUG [http-nio-63040-exec-4][LogFormatUtils.java:91] - "ERROR" dispatch for GET "/content/error", parameters={}
2024-10-29 10:56:58,515 DEBUG [http-nio-63040-exec-4][AbstractHandlerMapping.java:415] - Mapped to org.springframework.boot.autoconfigure.web.servlet.error.BasicErrorController#error(HttpServletRequest)
2024-10-29 10:56:58,515 DEBUG [http-nio-63040-exec-4][AbstractHandlerMapping.java:415] - Mapped to org.springframework.boot.autoconfigure.web.servlet.error.BasicErrorController#error(HttpServletRequest)
2024-10-29 10:56:58,515 DEBUG [http-nio-63040-exec-4][AbstractMessageConverterMethodProcessor.java:255] - Using 'application/json', given [application/json] and supported [application/json, application/*+json, application/json, application/*+json]
2024-10-29 10:56:58,515 DEBUG [http-nio-63040-exec-4][AbstractMessageConverterMethodProcessor.java:255] - Using 'application/json', given [application/json] and supported [application/json, application/*+json, application/json, application/*+json]
2024-10-29 10:56:58,515 DEBUG [http-nio-63040-exec-4][LogFormatUtils.java:91] - Writing [{timestamp=Tue Oct 29 10:56:58 CET 2024, status=404, error=Not Found, message=, path=/content/null/s (truncated)...]
2024-10-29 10:56:58,515 DEBUG [http-nio-63040-exec-4][LogFormatUtils.java:91] - Writing [{timestamp=Tue Oct 29 10:56:58 CET 2024, status=404, error=Not Found, message=, path=/content/null/s (truncated)...]
2024-10-29 10:56:58,516 DEBUG [http-nio-63040-exec-4][FrameworkServlet.java:1127] - Exiting from "ERROR" dispatch, status 404
2024-10-29 10:56:58,516 DEBUG [http-nio-63040-exec-4][FrameworkServlet.java:1127] - Exiting from "ERROR" dispatch, status 404
2024-10-29 10:56:58,517 DEBUG [http-nio-63040-exec-2][LogFormatUtils.java:91] - GET "/content/null/swagger-resources", parameters={}
2024-10-29 10:56:58,517 DEBUG [http-nio-63040-exec-2][LogFormatUtils.java:91] - GET "/content/null/swagger-resources", parameters={}
2024-10-29 10:56:58,518 DEBUG [http-nio-63040-exec-2][AbstractHandlerMapping.java:415] - Mapped to ResourceHttpRequestHandler ["classpath:/META-INF/resources/", "classpath:/resources/", "classpath:/static/", "classpath:/public/", "/"]
2024-10-29 10:56:58,518 DEBUG [http-nio-63040-exec-2][AbstractHandlerMapping.java:415] - Mapped to ResourceHttpRequestHandler ["classpath:/META-INF/resources/", "classpath:/resources/", "classpath:/static/", "classpath:/public/", "/"]
2024-10-29 10:56:58,518 DEBUG [http-nio-63040-exec-2][ResourceHttpRequestHandler.java:487] - Resource not found
2024-10-29 10:56:58,518 DEBUG [http-nio-63040-exec-2][ResourceHttpRequestHandler.java:487] - Resource not found
2024-10-29 10:56:58,518 DEBUG [http-nio-63040-exec-2][FrameworkServlet.java:1131] - Completed 404 NOT_FOUND
2024-10-29 10:56:58,518 DEBUG [http-nio-63040-exec-2][FrameworkServlet.java:1131] - Completed 404 NOT_FOUND
2024-10-29 10:56:58,518 DEBUG [http-nio-63040-exec-2][LogFormatUtils.java:91] - "ERROR" dispatch for GET "/content/error", parameters={}
2024-10-29 10:56:58,518 DEBUG [http-nio-63040-exec-2][LogFormatUtils.java:91] - "ERROR" dispatch for GET "/content/error", parameters={}
2024-10-29 10:56:58,518 DEBUG [http-nio-63040-exec-2][AbstractHandlerMapping.java:415] - Mapped to org.springframework.boot.autoconfigure.web.servlet.error.BasicErrorController#error(HttpServletRequest)
2024-10-29 10:56:58,518 DEBUG [http-nio-63040-exec-2][AbstractHandlerMapping.java:415] - Mapped to org.springframework.boot.autoconfigure.web.servlet.error.BasicErrorController#error(HttpServletRequest)
2024-10-29 10:56:58,519 DEBUG [http-nio-63040-exec-2][AbstractMessageConverterMethodProcessor.java:255] - Using 'application/json', given [application/json] and supported [application/json, application/*+json, application/json, application/*+json]
2024-10-29 10:56:58,519 DEBUG [http-nio-63040-exec-2][AbstractMessageConverterMethodProcessor.java:255] - Using 'application/json', given [application/json] and supported [application/json, application/*+json, application/json, application/*+json]
2024-10-29 10:56:58,519 DEBUG [http-nio-63040-exec-2][LogFormatUtils.java:91] - Writing [{timestamp=Tue Oct 29 10:56:58 CET 2024, status=404, error=Not Found, message=, path=/content/null/s (truncated)...]
2024-10-29 10:56:58,519 DEBUG [http-nio-63040-exec-2][LogFormatUtils.java:91] - Writing [{timestamp=Tue Oct 29 10:56:58 CET 2024, status=404, error=Not Found, message=, path=/content/null/s (truncated)...]
2024-10-29 10:56:58,519 DEBUG [http-nio-63040-exec-2][FrameworkServlet.java:1127] - Exiting from "ERROR" dispatch, status 404
2024-10-29 10:56:58,519 DEBUG [http-nio-63040-exec-2][FrameworkServlet.java:1127] - Exiting from "ERROR" dispatch, status 404
2024-10-29 10:56:58,522 DEBUG [http-nio-63040-exec-1][LogFormatUtils.java:91] - GET "/content/null/swagger-resources/configuration/ui", parameters={}
2024-10-29 10:56:58,522 DEBUG [http-nio-63040-exec-1][LogFormatUtils.java:91] - GET "/content/null/swagger-resources/configuration/ui", parameters={}
2024-10-29 10:56:58,523 DEBUG [http-nio-63040-exec-1][AbstractHandlerMapping.java:415] - Mapped to ResourceHttpRequestHandler ["classpath:/META-INF/resources/", "classpath:/resources/", "classpath:/static/", "classpath:/public/", "/"]
2024-10-29 10:56:58,523 DEBUG [http-nio-63040-exec-1][AbstractHandlerMapping.java:415] - Mapped to ResourceHttpRequestHandler ["classpath:/META-INF/resources/", "classpath:/resources/", "classpath:/static/", "classpath:/public/", "/"]
2024-10-29 10:56:58,523 DEBUG [http-nio-63040-exec-1][ResourceHttpRequestHandler.java:487] - Resource not found
2024-10-29 10:56:58,523 DEBUG [http-nio-63040-exec-1][ResourceHttpRequestHandler.java:487] - Resource not found
2024-10-29 10:56:58,523 DEBUG [http-nio-63040-exec-1][FrameworkServlet.java:1131] - Completed 404 NOT_FOUND
2024-10-29 10:56:58,523 DEBUG [http-nio-63040-exec-1][FrameworkServlet.java:1131] - Completed 404 NOT_FOUND
2024-10-29 10:56:58,524 DEBUG [http-nio-63040-exec-1][LogFormatUtils.java:91] - "ERROR" dispatch for GET "/content/error", parameters={}
2024-10-29 10:56:58,524 DEBUG [http-nio-63040-exec-1][LogFormatUtils.java:91] - "ERROR" dispatch for GET "/content/error", parameters={}
2024-10-29 10:56:58,524 DEBUG [http-nio-63040-exec-1][AbstractHandlerMapping.java:415] - Mapped to org.springframework.boot.autoconfigure.web.servlet.error.BasicErrorController#error(HttpServletRequest)
2024-10-29 10:56:58,524 DEBUG [http-nio-63040-exec-1][AbstractHandlerMapping.java:415] - Mapped to org.springframework.boot.autoconfigure.web.servlet.error.BasicErrorController#error(HttpServletRequest)
2024-10-29 10:56:58,524 DEBUG [http-nio-63040-exec-1][AbstractMessageConverterMethodProcessor.java:255] - Using 'application/json', given [application/json] and supported [application/json, application/*+json, application/json, application/*+json]
2024-10-29 10:56:58,524 DEBUG [http-nio-63040-exec-1][AbstractMessageConverterMethodProcessor.java:255] - Using 'application/json', given [application/json] and supported [application/json, application/*+json, application/json, application/*+json]
2024-10-29 10:56:58,524 DEBUG [http-nio-63040-exec-1][LogFormatUtils.java:91] - Writing [{timestamp=Tue Oct 29 10:56:58 CET 2024, status=404, error=Not Found, message=, path=/content/null/s (truncated)...]
2024-10-29 10:56:58,524 DEBUG [http-nio-63040-exec-1][LogFormatUtils.java:91] - Writing [{timestamp=Tue Oct 29 10:56:58 CET 2024, status=404, error=Not Found, message=, path=/content/null/s (truncated)...]
2024-10-29 10:56:58,525 DEBUG [http-nio-63040-exec-1][FrameworkServlet.java:1127] - Exiting from "ERROR" dispatch, status 404
2024-10-29 10:56:58,525 DEBUG [http-nio-63040-exec-1][FrameworkServlet.java:1127] - Exiting from "ERROR" dispatch, status 404
2024-10-29 10:56:58,527 DEBUG [http-nio-63040-exec-3][LogFormatUtils.java:91] - GET "/content/null/swagger-resources/configuration/security", parameters={}
2024-10-29 10:56:58,527 DEBUG [http-nio-63040-exec-3][LogFormatUtils.java:91] - GET "/content/null/swagger-resources/configuration/security", parameters={}
2024-10-29 10:56:58,527 DEBUG [http-nio-63040-exec-3][AbstractHandlerMapping.java:415] - Mapped to ResourceHttpRequestHandler ["classpath:/META-INF/resources/", "classpath:/resources/", "classpath:/static/", "classpath:/public/", "/"]
2024-10-29 10:56:58,527 DEBUG [http-nio-63040-exec-3][AbstractHandlerMapping.java:415] - Mapped to ResourceHttpRequestHandler ["classpath:/META-INF/resources/", "classpath:/resources/", "classpath:/static/", "classpath:/public/", "/"]
2024-10-29 10:56:58,528 DEBUG [http-nio-63040-exec-3][ResourceHttpRequestHandler.java:487] - Resource not found
2024-10-29 10:56:58,528 DEBUG [http-nio-63040-exec-3][ResourceHttpRequestHandler.java:487] - Resource not found
2024-10-29 10:56:58,528 DEBUG [http-nio-63040-exec-3][FrameworkServlet.java:1131] - Completed 404 NOT_FOUND
2024-10-29 10:56:58,528 DEBUG [http-nio-63040-exec-3][FrameworkServlet.java:1131] - Completed 404 NOT_FOUND
2024-10-29 10:56:58,528 DEBUG [http-nio-63040-exec-3][LogFormatUtils.java:91] - "ERROR" dispatch for GET "/content/error", parameters={}
2024-10-29 10:56:58,528 DEBUG [http-nio-63040-exec-3][LogFormatUtils.java:91] - "ERROR" dispatch for GET "/content/error", parameters={}
2024-10-29 10:56:58,528 DEBUG [http-nio-63040-exec-3][AbstractHandlerMapping.java:415] - Mapped to org.springframework.boot.autoconfigure.web.servlet.error.BasicErrorController#error(HttpServletRequest)
2024-10-29 10:56:58,528 DEBUG [http-nio-63040-exec-3][AbstractHandlerMapping.java:415] - Mapped to org.springframework.boot.autoconfigure.web.servlet.error.BasicErrorController#error(HttpServletRequest)
2024-10-29 10:56:58,528 DEBUG [http-nio-63040-exec-3][AbstractMessageConverterMethodProcessor.java:255] - Using 'application/json', given [application/json] and supported [application/json, application/*+json, application/json, application/*+json]
2024-10-29 10:56:58,528 DEBUG [http-nio-63040-exec-3][AbstractMessageConverterMethodProcessor.java:255] - Using 'application/json', given [application/json] and supported [application/json, application/*+json, application/json, application/*+json]
2024-10-29 10:56:58,528 DEBUG [http-nio-63040-exec-3][LogFormatUtils.java:91] - Writing [{timestamp=Tue Oct 29 10:56:58 CET 2024, status=404, error=Not Found, message=, path=/content/null/s (truncated)...]
2024-10-29 10:56:58,528 DEBUG [http-nio-63040-exec-3][LogFormatUtils.java:91] - Writing [{timestamp=Tue Oct 29 10:56:58 CET 2024, status=404, error=Not Found, message=, path=/content/null/s (truncated)...]
2024-10-29 10:56:58,529 DEBUG [http-nio-63040-exec-3][FrameworkServlet.java:1127] - Exiting from "ERROR" dispatch, status 404
2024-10-29 10:56:58,529 DEBUG [http-nio-63040-exec-3][FrameworkServlet.java:1127] - Exiting from "ERROR" dispatch, status 404
2024-10-29 10:56:58,531 DEBUG [http-nio-63040-exec-10][LogFormatUtils.java:91] - GET "/content/null/swagger-resources", parameters={}
2024-10-29 10:56:58,531 DEBUG [http-nio-63040-exec-10][LogFormatUtils.java:91] - GET "/content/null/swagger-resources", parameters={}
2024-10-29 10:56:58,531 DEBUG [http-nio-63040-exec-10][AbstractHandlerMapping.java:415] - Mapped to ResourceHttpRequestHandler ["classpath:/META-INF/resources/", "classpath:/resources/", "classpath:/static/", "classpath:/public/", "/"]
2024-10-29 10:56:58,531 DEBUG [http-nio-63040-exec-10][AbstractHandlerMapping.java:415] - Mapped to ResourceHttpRequestHandler ["classpath:/META-INF/resources/", "classpath:/resources/", "classpath:/static/", "classpath:/public/", "/"]
2024-10-29 10:56:58,532 DEBUG [http-nio-63040-exec-10][ResourceHttpRequestHandler.java:487] - Resource not found
2024-10-29 10:56:58,532 DEBUG [http-nio-63040-exec-10][ResourceHttpRequestHandler.java:487] - Resource not found
2024-10-29 10:56:58,532 DEBUG [http-nio-63040-exec-10][FrameworkServlet.java:1131] - Completed 404 NOT_FOUND
2024-10-29 10:56:58,532 DEBUG [http-nio-63040-exec-10][FrameworkServlet.java:1131] - Completed 404 NOT_FOUND
2024-10-29 10:56:58,532 DEBUG [http-nio-63040-exec-10][LogFormatUtils.java:91] - "ERROR" dispatch for GET "/content/error", parameters={}
2024-10-29 10:56:58,532 DEBUG [http-nio-63040-exec-10][LogFormatUtils.java:91] - "ERROR" dispatch for GET "/content/error", parameters={}
2024-10-29 10:56:58,532 DEBUG [http-nio-63040-exec-10][AbstractHandlerMapping.java:415] - Mapped to org.springframework.boot.autoconfigure.web.servlet.error.BasicErrorController#error(HttpServletRequest)
2024-10-29 10:56:58,532 DEBUG [http-nio-63040-exec-10][AbstractHandlerMapping.java:415] - Mapped to org.springframework.boot.autoconfigure.web.servlet.error.BasicErrorController#error(HttpServletRequest)
2024-10-29 10:56:58,533 DEBUG [http-nio-63040-exec-10][AbstractMessageConverterMethodProcessor.java:255] - Using 'application/json', given [application/json] and supported [application/json, application/*+json, application/json, application/*+json]
2024-10-29 10:56:58,533 DEBUG [http-nio-63040-exec-10][AbstractMessageConverterMethodProcessor.java:255] - Using 'application/json', given [application/json] and supported [application/json, application/*+json, application/json, application/*+json]
2024-10-29 10:56:58,533 DEBUG [http-nio-63040-exec-10][LogFormatUtils.java:91] - Writing [{timestamp=Tue Oct 29 10:56:58 CET 2024, status=404, error=Not Found, message=, path=/content/null/s (truncated)...]
2024-10-29 10:56:58,533 DEBUG [http-nio-63040-exec-10][LogFormatUtils.java:91] - Writing [{timestamp=Tue Oct 29 10:56:58 CET 2024, status=404, error=Not Found, message=, path=/content/null/s (truncated)...]
2024-10-29 10:56:58,533 DEBUG [http-nio-63040-exec-10][FrameworkServlet.java:1127] - Exiting from "ERROR" dispatch, status 404
2024-10-29 10:56:58,533 DEBUG [http-nio-63040-exec-10][FrameworkServlet.java:1127] - Exiting from "ERROR" dispatch, status 404
2024-10-29 10:56:58,535 DEBUG [http-nio-63040-exec-9][LogFormatUtils.java:91] - GET "/content/null/swagger-resources/configuration/ui", parameters={}
2024-10-29 10:56:58,535 DEBUG [http-nio-63040-exec-9][LogFormatUtils.java:91] - GET "/content/null/swagger-resources/configuration/ui", parameters={}
2024-10-29 10:56:58,536 DEBUG [http-nio-63040-exec-9][AbstractHandlerMapping.java:415] - Mapped to ResourceHttpRequestHandler ["classpath:/META-INF/resources/", "classpath:/resources/", "classpath:/static/", "classpath:/public/", "/"]
2024-10-29 10:56:58,536 DEBUG [http-nio-63040-exec-9][AbstractHandlerMapping.java:415] - Mapped to ResourceHttpRequestHandler ["classpath:/META-INF/resources/", "classpath:/resources/", "classpath:/static/", "classpath:/public/", "/"]
2024-10-29 10:56:58,536 DEBUG [http-nio-63040-exec-9][ResourceHttpRequestHandler.java:487] - Resource not found
2024-10-29 10:56:58,536 DEBUG [http-nio-63040-exec-9][ResourceHttpRequestHandler.java:487] - Resource not found
2024-10-29 10:56:58,536 DEBUG [http-nio-63040-exec-9][FrameworkServlet.java:1131] - Completed 404 NOT_FOUND
2024-10-29 10:56:58,536 DEBUG [http-nio-63040-exec-9][FrameworkServlet.java:1131] - Completed 404 NOT_FOUND
2024-10-29 10:56:58,536 DEBUG [http-nio-63040-exec-9][LogFormatUtils.java:91] - "ERROR" dispatch for GET "/content/error", parameters={}
2024-10-29 10:56:58,536 DEBUG [http-nio-63040-exec-9][LogFormatUtils.java:91] - "ERROR" dispatch for GET "/content/error", parameters={}
2024-10-29 10:56:58,537 DEBUG [http-nio-63040-exec-9][AbstractHandlerMapping.java:415] - Mapped to org.springframework.boot.autoconfigure.web.servlet.error.BasicErrorController#error(HttpServletRequest)
2024-10-29 10:56:58,537 DEBUG [http-nio-63040-exec-9][AbstractHandlerMapping.java:415] - Mapped to org.springframework.boot.autoconfigure.web.servlet.error.BasicErrorController#error(HttpServletRequest)
2024-10-29 10:56:58,537 DEBUG [http-nio-63040-exec-9][AbstractMessageConverterMethodProcessor.java:255] - Using 'application/json', given [application/json] and supported [application/json, application/*+json, application/json, application/*+json]
2024-10-29 10:56:58,537 DEBUG [http-nio-63040-exec-9][AbstractMessageConverterMethodProcessor.java:255] - Using 'application/json', given [application/json] and supported [application/json, application/*+json, application/json, application/*+json]
2024-10-29 10:56:58,537 DEBUG [http-nio-63040-exec-9][LogFormatUtils.java:91] - Writing [{timestamp=Tue Oct 29 10:56:58 CET 2024, status=404, error=Not Found, message=, path=/content/null/s (truncated)...]
2024-10-29 10:56:58,537 DEBUG [http-nio-63040-exec-9][LogFormatUtils.java:91] - Writing [{timestamp=Tue Oct 29 10:56:58 CET 2024, status=404, error=Not Found, message=, path=/content/null/s (truncated)...]
2024-10-29 10:56:58,538 DEBUG [http-nio-63040-exec-9][FrameworkServlet.java:1127] - Exiting from "ERROR" dispatch, status 404
2024-10-29 10:56:58,538 DEBUG [http-nio-63040-exec-9][FrameworkServlet.java:1127] - Exiting from "ERROR" dispatch, status 404
2024-10-29 10:56:58,540 DEBUG [http-nio-63040-exec-5][LogFormatUtils.java:91] - GET "/content/null/swagger-resources/configuration/security", parameters={}
2024-10-29 10:56:58,540 DEBUG [http-nio-63040-exec-5][LogFormatUtils.java:91] - GET "/content/null/swagger-resources/configuration/security", parameters={}
2024-10-29 10:56:58,540 DEBUG [http-nio-63040-exec-5][AbstractHandlerMapping.java:415] - Mapped to ResourceHttpRequestHandler ["classpath:/META-INF/resources/", "classpath:/resources/", "classpath:/static/", "classpath:/public/", "/"]
2024-10-29 10:56:58,540 DEBUG [http-nio-63040-exec-5][AbstractHandlerMapping.java:415] - Mapped to ResourceHttpRequestHandler ["classpath:/META-INF/resources/", "classpath:/resources/", "classpath:/static/", "classpath:/public/", "/"]
2024-10-29 10:56:58,541 DEBUG [http-nio-63040-exec-5][ResourceHttpRequestHandler.java:487] - Resource not found
2024-10-29 10:56:58,541 DEBUG [http-nio-63040-exec-5][ResourceHttpRequestHandler.java:487] - Resource not found
2024-10-29 10:56:58,541 DEBUG [http-nio-63040-exec-5][FrameworkServlet.java:1131] - Completed 404 NOT_FOUND
2024-10-29 10:56:58,541 DEBUG [http-nio-63040-exec-5][FrameworkServlet.java:1131] - Completed 404 NOT_FOUND
2024-10-29 10:56:58,541 DEBUG [http-nio-63040-exec-5][LogFormatUtils.java:91] - "ERROR" dispatch for GET "/content/error", parameters={}
2024-10-29 10:56:58,541 DEBUG [http-nio-63040-exec-5][LogFormatUtils.java:91] - "ERROR" dispatch for GET "/content/error", parameters={}
2024-10-29 10:56:58,541 DEBUG [http-nio-63040-exec-5][AbstractHandlerMapping.java:415] - Mapped to org.springframework.boot.autoconfigure.web.servlet.error.BasicErrorController#error(HttpServletRequest)
2024-10-29 10:56:58,541 DEBUG [http-nio-63040-exec-5][AbstractHandlerMapping.java:415] - Mapped to org.springframework.boot.autoconfigure.web.servlet.error.BasicErrorController#error(HttpServletRequest)
2024-10-29 10:56:58,542 DEBUG [http-nio-63040-exec-5][AbstractMessageConverterMethodProcessor.java:255] - Using 'application/json', given [application/json] and supported [application/json, application/*+json, application/json, application/*+json]
2024-10-29 10:56:58,542 DEBUG [http-nio-63040-exec-5][AbstractMessageConverterMethodProcessor.java:255] - Using 'application/json', given [application/json] and supported [application/json, application/*+json, application/json, application/*+json]
2024-10-29 10:56:58,542 DEBUG [http-nio-63040-exec-5][LogFormatUtils.java:91] - Writing [{timestamp=Tue Oct 29 10:56:58 CET 2024, status=404, error=Not Found, message=, path=/content/null/s (truncated)...]
2024-10-29 10:56:58,542 DEBUG [http-nio-63040-exec-5][LogFormatUtils.java:91] - Writing [{timestamp=Tue Oct 29 10:56:58 CET 2024, status=404, error=Not Found, message=, path=/content/null/s (truncated)...]
2024-10-29 10:56:58,542 DEBUG [http-nio-63040-exec-5][FrameworkServlet.java:1127] - Exiting from "ERROR" dispatch, status 404
2024-10-29 10:56:58,542 DEBUG [http-nio-63040-exec-5][FrameworkServlet.java:1127] - Exiting from "ERROR" dispatch, status 404
2024-10-29 10:56:58,543 DEBUG [http-nio-63040-exec-6][LogFormatUtils.java:91] - GET "/content/null/swagger-resources", parameters={}
2024-10-29 10:56:58,543 DEBUG [http-nio-63040-exec-6][LogFormatUtils.java:91] - GET "/content/null/swagger-resources", parameters={}
2024-10-29 10:56:58,544 DEBUG [http-nio-63040-exec-6][AbstractHandlerMapping.java:415] - Mapped to ResourceHttpRequestHandler ["classpath:/META-INF/resources/", "classpath:/resources/", "classpath:/static/", "classpath:/public/", "/"]
2024-10-29 10:56:58,544 DEBUG [http-nio-63040-exec-6][AbstractHandlerMapping.java:415] - Mapped to ResourceHttpRequestHandler ["classpath:/META-INF/resources/", "classpath:/resources/", "classpath:/static/", "classpath:/public/", "/"]
2024-10-29 10:56:58,544 DEBUG [http-nio-63040-exec-6][ResourceHttpRequestHandler.java:487] - Resource not found
2024-10-29 10:56:58,544 DEBUG [http-nio-63040-exec-6][FrameworkServlet.java:1131] - Completed 404 NOT_FOUND
2024-10-29 10:56:58,544 DEBUG [http-nio-63040-exec-6][ResourceHttpRequestHandler.java:487] - Resource not found
2024-10-29 10:56:58,544 DEBUG [http-nio-63040-exec-6][FrameworkServlet.java:1131] - Completed 404 NOT_FOUND
2024-10-29 10:56:58,544 DEBUG [http-nio-63040-exec-6][LogFormatUtils.java:91] - "ERROR" dispatch for GET "/content/error", parameters={}
2024-10-29 10:56:58,544 DEBUG [http-nio-63040-exec-6][LogFormatUtils.java:91] - "ERROR" dispatch for GET "/content/error", parameters={}
2024-10-29 10:56:58,544 DEBUG [http-nio-63040-exec-6][AbstractHandlerMapping.java:415] - Mapped to org.springframework.boot.autoconfigure.web.servlet.error.BasicErrorController#error(HttpServletRequest)
2024-10-29 10:56:58,544 DEBUG [http-nio-63040-exec-6][AbstractHandlerMapping.java:415] - Mapped to org.springframework.boot.autoconfigure.web.servlet.error.BasicErrorController#error(HttpServletRequest)
2024-10-29 10:56:58,545 DEBUG [http-nio-63040-exec-6][AbstractMessageConverterMethodProcessor.java:255] - Using 'application/json', given [application/json] and supported [application/json, application/*+json, application/json, application/*+json]
2024-10-29 10:56:58,545 DEBUG [http-nio-63040-exec-6][AbstractMessageConverterMethodProcessor.java:255] - Using 'application/json', given [application/json] and supported [application/json, application/*+json, application/json, application/*+json]
2024-10-29 10:56:58,545 DEBUG [http-nio-63040-exec-6][LogFormatUtils.java:91] - Writing [{timestamp=Tue Oct 29 10:56:58 CET 2024, status=404, error=Not Found, message=, path=/content/null/s (truncated)...]
2024-10-29 10:56:58,545 DEBUG [http-nio-63040-exec-6][LogFormatUtils.java:91] - Writing [{timestamp=Tue Oct 29 10:56:58 CET 2024, status=404, error=Not Found, message=, path=/content/null/s (truncated)...]
2024-10-29 10:56:58,545 DEBUG [http-nio-63040-exec-6][FrameworkServlet.java:1127] - Exiting from "ERROR" dispatch, status 404
2024-10-29 10:56:58,545 DEBUG [http-nio-63040-exec-6][FrameworkServlet.java:1127] - Exiting from "ERROR" dispatch, status 404
2024-10-29 10:56:58,561 DEBUG [http-nio-63040-exec-7][LogFormatUtils.java:91] - GET "/content/null/swagger-resources/configuration/ui", parameters={}
2024-10-29 10:56:58,561 DEBUG [http-nio-63040-exec-7][LogFormatUtils.java:91] - GET "/content/null/swagger-resources/configuration/ui", parameters={}
2024-10-29 10:56:58,561 DEBUG [http-nio-63040-exec-7][AbstractHandlerMapping.java:415] - Mapped to ResourceHttpRequestHandler ["classpath:/META-INF/resources/", "classpath:/resources/", "classpath:/static/", "classpath:/public/", "/"]
2024-10-29 10:56:58,561 DEBUG [http-nio-63040-exec-7][AbstractHandlerMapping.java:415] - Mapped to ResourceHttpRequestHandler ["classpath:/META-INF/resources/", "classpath:/resources/", "classpath:/static/", "classpath:/public/", "/"]
2024-10-29 10:56:58,562 DEBUG [http-nio-63040-exec-7][ResourceHttpRequestHandler.java:487] - Resource not found
2024-10-29 10:56:58,562 DEBUG [http-nio-63040-exec-7][ResourceHttpRequestHandler.java:487] - Resource not found
2024-10-29 10:56:58,562 DEBUG [http-nio-63040-exec-7][FrameworkServlet.java:1131] - Completed 404 NOT_FOUND
2024-10-29 10:56:58,562 DEBUG [http-nio-63040-exec-7][FrameworkServlet.java:1131] - Completed 404 NOT_FOUND
2024-10-29 10:56:58,562 DEBUG [http-nio-63040-exec-7][LogFormatUtils.java:91] - "ERROR" dispatch for GET "/content/error", parameters={}
2024-10-29 10:56:58,562 DEBUG [http-nio-63040-exec-7][LogFormatUtils.java:91] - "ERROR" dispatch for GET "/content/error", parameters={}
2024-10-29 10:56:58,562 DEBUG [http-nio-63040-exec-7][AbstractHandlerMapping.java:415] - Mapped to org.springframework.boot.autoconfigure.web.servlet.error.BasicErrorController#error(HttpServletRequest)
2024-10-29 10:56:58,562 DEBUG [http-nio-63040-exec-7][AbstractHandlerMapping.java:415] - Mapped to org.springframework.boot.autoconfigure.web.servlet.error.BasicErrorController#error(HttpServletRequest)
2024-10-29 10:56:58,562 DEBUG [http-nio-63040-exec-7][AbstractMessageConverterMethodProcessor.java:255] - Using 'application/json', given [application/json] and supported [application/json, application/*+json, application/json, application/*+json]
2024-10-29 10:56:58,562 DEBUG [http-nio-63040-exec-7][AbstractMessageConverterMethodProcessor.java:255] - Using 'application/json', given [application/json] and supported [application/json, application/*+json, application/json, application/*+json]
2024-10-29 10:56:58,562 DEBUG [http-nio-63040-exec-7][LogFormatUtils.java:91] - Writing [{timestamp=Tue Oct 29 10:56:58 CET 2024, status=404, error=Not Found, message=, path=/content/null/s (truncated)...]
2024-10-29 10:56:58,562 DEBUG [http-nio-63040-exec-7][LogFormatUtils.java:91] - Writing [{timestamp=Tue Oct 29 10:56:58 CET 2024, status=404, error=Not Found, message=, path=/content/null/s (truncated)...]
2024-10-29 10:56:58,563 DEBUG [http-nio-63040-exec-7][FrameworkServlet.java:1127] - Exiting from "ERROR" dispatch, status 404
2024-10-29 10:56:58,563 DEBUG [http-nio-63040-exec-7][FrameworkServlet.java:1127] - Exiting from "ERROR" dispatch, status 404
2024-10-29 10:56:58,568 DEBUG [http-nio-63040-exec-8][LogFormatUtils.java:91] - GET "/content/null/swagger-resources/configuration/security", parameters={}
2024-10-29 10:56:58,568 DEBUG [http-nio-63040-exec-8][LogFormatUtils.java:91] - GET "/content/null/swagger-resources/configuration/security", parameters={}
2024-10-29 10:56:58,569 DEBUG [http-nio-63040-exec-8][AbstractHandlerMapping.java:415] - Mapped to ResourceHttpRequestHandler ["classpath:/META-INF/resources/", "classpath:/resources/", "classpath:/static/", "classpath:/public/", "/"]
2024-10-29 10:56:58,569 DEBUG [http-nio-63040-exec-8][AbstractHandlerMapping.java:415] - Mapped to ResourceHttpRequestHandler ["classpath:/META-INF/resources/", "classpath:/resources/", "classpath:/static/", "classpath:/public/", "/"]
2024-10-29 10:56:58,569 DEBUG [http-nio-63040-exec-8][ResourceHttpRequestHandler.java:487] - Resource not found
2024-10-29 10:56:58,569 DEBUG [http-nio-63040-exec-8][FrameworkServlet.java:1131] - Completed 404 NOT_FOUND
2024-10-29 10:56:58,569 DEBUG [http-nio-63040-exec-8][ResourceHttpRequestHandler.java:487] - Resource not found
2024-10-29 10:56:58,569 DEBUG [http-nio-63040-exec-8][FrameworkServlet.java:1131] - Completed 404 NOT_FOUND
2024-10-29 10:56:58,570 DEBUG [http-nio-63040-exec-8][LogFormatUtils.java:91] - "ERROR" dispatch for GET "/content/error", parameters={}
2024-10-29 10:56:58,570 DEBUG [http-nio-63040-exec-8][LogFormatUtils.java:91] - "ERROR" dispatch for GET "/content/error", parameters={}
2024-10-29 10:56:58,570 DEBUG [http-nio-63040-exec-8][AbstractHandlerMapping.java:415] - Mapped to org.springframework.boot.autoconfigure.web.servlet.error.BasicErrorController#error(HttpServletRequest)
2024-10-29 10:56:58,570 DEBUG [http-nio-63040-exec-8][AbstractHandlerMapping.java:415] - Mapped to org.springframework.boot.autoconfigure.web.servlet.error.BasicErrorController#error(HttpServletRequest)
2024-10-29 10:56:58,570 DEBUG [http-nio-63040-exec-8][AbstractMessageConverterMethodProcessor.java:255] - Using 'application/json', given [application/json] and supported [application/json, application/*+json, application/json, application/*+json]
2024-10-29 10:56:58,570 DEBUG [http-nio-63040-exec-8][AbstractMessageConverterMethodProcessor.java:255] - Using 'application/json', given [application/json] and supported [application/json, application/*+json, application/json, application/*+json]
2024-10-29 10:56:58,570 DEBUG [http-nio-63040-exec-8][LogFormatUtils.java:91] - Writing [{timestamp=Tue Oct 29 10:56:58 CET 2024, status=404, error=Not Found, message=, path=/content/null/s (truncated)...]
2024-10-29 10:56:58,570 DEBUG [http-nio-63040-exec-8][LogFormatUtils.java:91] - Writing [{timestamp=Tue Oct 29 10:56:58 CET 2024, status=404, error=Not Found, message=, path=/content/null/s (truncated)...]
2024-10-29 10:56:58,571 DEBUG [http-nio-63040-exec-8][FrameworkServlet.java:1127] - Exiting from "ERROR" dispatch, status 404
2024-10-29 10:56:58,571 DEBUG [http-nio-63040-exec-8][FrameworkServlet.java:1127] - Exiting from "ERROR" dispatch, status 404
2024-10-29 10:56:58,575 DEBUG [http-nio-63040-exec-4][LogFormatUtils.java:91] - GET "/content/null/swagger-resources", parameters={}
2024-10-29 10:56:58,575 DEBUG [http-nio-63040-exec-4][LogFormatUtils.java:91] - GET "/content/null/swagger-resources", parameters={}
2024-10-29 10:56:58,576 DEBUG [http-nio-63040-exec-4][AbstractHandlerMapping.java:415] - Mapped to ResourceHttpRequestHandler ["classpath:/META-INF/resources/", "classpath:/resources/", "classpath:/static/", "classpath:/public/", "/"]
2024-10-29 10:56:58,576 DEBUG [http-nio-63040-exec-4][AbstractHandlerMapping.java:415] - Mapped to ResourceHttpRequestHandler ["classpath:/META-INF/resources/", "classpath:/resources/", "classpath:/static/", "classpath:/public/", "/"]
2024-10-29 10:56:58,577 DEBUG [http-nio-63040-exec-4][ResourceHttpRequestHandler.java:487] - Resource not found
2024-10-29 10:56:58,577 DEBUG [http-nio-63040-exec-4][ResourceHttpRequestHandler.java:487] - Resource not found
2024-10-29 10:56:58,577 DEBUG [http-nio-63040-exec-4][FrameworkServlet.java:1131] - Completed 404 NOT_FOUND
2024-10-29 10:56:58,577 DEBUG [http-nio-63040-exec-4][FrameworkServlet.java:1131] - Completed 404 NOT_FOUND
2024-10-29 10:56:58,577 DEBUG [http-nio-63040-exec-4][LogFormatUtils.java:91] - "ERROR" dispatch for GET "/content/error", parameters={}
2024-10-29 10:56:58,577 DEBUG [http-nio-63040-exec-4][LogFormatUtils.java:91] - "ERROR" dispatch for GET "/content/error", parameters={}
2024-10-29 10:56:58,577 DEBUG [http-nio-63040-exec-4][AbstractHandlerMapping.java:415] - Mapped to org.springframework.boot.autoconfigure.web.servlet.error.BasicErrorController#error(HttpServletRequest)
2024-10-29 10:56:58,577 DEBUG [http-nio-63040-exec-4][AbstractHandlerMapping.java:415] - Mapped to org.springframework.boot.autoconfigure.web.servlet.error.BasicErrorController#error(HttpServletRequest)
2024-10-29 10:56:58,577 DEBUG [http-nio-63040-exec-4][AbstractMessageConverterMethodProcessor.java:255] - Using 'application/json', given [application/json] and supported [application/json, application/*+json, application/json, application/*+json]
2024-10-29 10:56:58,577 DEBUG [http-nio-63040-exec-4][AbstractMessageConverterMethodProcessor.java:255] - Using 'application/json', given [application/json] and supported [application/json, application/*+json, application/json, application/*+json]
2024-10-29 10:56:58,578 DEBUG [http-nio-63040-exec-4][LogFormatUtils.java:91] - Writing [{timestamp=Tue Oct 29 10:56:58 CET 2024, status=404, error=Not Found, message=, path=/content/null/s (truncated)...]
2024-10-29 10:56:58,578 DEBUG [http-nio-63040-exec-4][LogFormatUtils.java:91] - Writing [{timestamp=Tue Oct 29 10:56:58 CET 2024, status=404, error=Not Found, message=, path=/content/null/s (truncated)...]
2024-10-29 10:56:58,578 DEBUG [http-nio-63040-exec-4][FrameworkServlet.java:1127] - Exiting from "ERROR" dispatch, status 404
2024-10-29 10:56:58,578 DEBUG [http-nio-63040-exec-4][FrameworkServlet.java:1127] - Exiting from "ERROR" dispatch, status 404
2024-10-29 10:57:03,003 DEBUG [http-nio-63040-exec-2][LogFormatUtils.java:91] - GET "/content/swagger-resources/configuration/ui", parameters={}
2024-10-29 10:57:03,003 DEBUG [http-nio-63040-exec-2][LogFormatUtils.java:91] - GET "/content/swagger-resources/configuration/ui", parameters={}
2024-10-29 10:57:03,003 DEBUG [http-nio-63040-exec-2][AbstractHandlerMapping.java:415] - Mapped to springfox.documentation.swagger.web.ApiResourceController#uiConfiguration()
2024-10-29 10:57:03,003 DEBUG [http-nio-63040-exec-2][AbstractHandlerMapping.java:415] - Mapped to springfox.documentation.swagger.web.ApiResourceController#uiConfiguration()
2024-10-29 10:57:03,018 DEBUG [http-nio-63040-exec-2][AbstractMessageConverterMethodProcessor.java:255] - Using 'application/json', given [application/json] and supported [application/json, application/*+json, application/json, application/*+json]
2024-10-29 10:57:03,018 DEBUG [http-nio-63040-exec-2][AbstractMessageConverterMethodProcessor.java:255] - Using 'application/json', given [application/json] and supported [application/json, application/*+json, application/json, application/*+json]
2024-10-29 10:57:03,018 DEBUG [http-nio-63040-exec-2][LogFormatUtils.java:91] - Writing [springfox.documentation.swagger.web.UiConfiguration@4245dd10]
2024-10-29 10:57:03,018 DEBUG [http-nio-63040-exec-2][LogFormatUtils.java:91] - Writing [springfox.documentation.swagger.web.UiConfiguration@4245dd10]
2024-10-29 10:57:03,019 DEBUG [http-nio-63040-exec-2][FrameworkServlet.java:1131] - Completed 200 OK
2024-10-29 10:57:03,019 DEBUG [http-nio-63040-exec-2][FrameworkServlet.java:1131] - Completed 200 OK
2024-10-29 10:57:03,021 DEBUG [http-nio-63040-exec-1][LogFormatUtils.java:91] - GET "/content/swagger-resources/configuration/security", parameters={}
2024-10-29 10:57:03,021 DEBUG [http-nio-63040-exec-1][LogFormatUtils.java:91] - GET "/content/swagger-resources/configuration/security", parameters={}
2024-10-29 10:57:03,022 DEBUG [http-nio-63040-exec-1][AbstractHandlerMapping.java:415] - Mapped to springfox.documentation.swagger.web.ApiResourceController#securityConfiguration()
2024-10-29 10:57:03,022 DEBUG [http-nio-63040-exec-1][AbstractHandlerMapping.java:415] - Mapped to springfox.documentation.swagger.web.ApiResourceController#securityConfiguration()
2024-10-29 10:57:03,024 DEBUG [http-nio-63040-exec-1][AbstractMessageConverterMethodProcessor.java:255] - Using 'application/json', given [application/json] and supported [application/json, application/*+json, application/json, application/*+json]
2024-10-29 10:57:03,024 DEBUG [http-nio-63040-exec-1][AbstractMessageConverterMethodProcessor.java:255] - Using 'application/json', given [application/json] and supported [application/json, application/*+json, application/json, application/*+json]
2024-10-29 10:57:03,024 DEBUG [http-nio-63040-exec-1][LogFormatUtils.java:91] - Writing [springfox.documentation.swagger.web.SecurityConfiguration@57b8a821]
2024-10-29 10:57:03,024 DEBUG [http-nio-63040-exec-1][LogFormatUtils.java:91] - Writing [springfox.documentation.swagger.web.SecurityConfiguration@57b8a821]
2024-10-29 10:57:03,025 DEBUG [http-nio-63040-exec-1][FrameworkServlet.java:1131] - Completed 200 OK
2024-10-29 10:57:03,025 DEBUG [http-nio-63040-exec-1][FrameworkServlet.java:1131] - Completed 200 OK
2024-10-29 10:57:03,026 DEBUG [http-nio-63040-exec-3][LogFormatUtils.java:91] - GET "/content/swagger-resources", parameters={}
2024-10-29 10:57:03,026 DEBUG [http-nio-63040-exec-3][LogFormatUtils.java:91] - GET "/content/swagger-resources", parameters={}
2024-10-29 10:57:03,027 DEBUG [http-nio-63040-exec-3][AbstractHandlerMapping.java:415] - Mapped to springfox.documentation.swagger.web.ApiResourceController#swaggerResources()
2024-10-29 10:57:03,027 DEBUG [http-nio-63040-exec-3][AbstractHandlerMapping.java:415] - Mapped to springfox.documentation.swagger.web.ApiResourceController#swaggerResources()
2024-10-29 10:57:03,028 DEBUG [http-nio-63040-exec-3][AbstractMessageConverterMethodProcessor.java:255] - Using 'application/json', given [application/json] and supported [application/json, application/*+json, application/json, application/*+json]
2024-10-29 10:57:03,028 DEBUG [http-nio-63040-exec-3][AbstractMessageConverterMethodProcessor.java:255] - Using 'application/json', given [application/json] and supported [application/json, application/*+json, application/json, application/*+json]
2024-10-29 10:57:03,029 DEBUG [http-nio-63040-exec-3][LogFormatUtils.java:91] - Writing [[springfox.documentation.swagger.web.SwaggerResource@2501dc4f]]
2024-10-29 10:57:03,029 DEBUG [http-nio-63040-exec-3][LogFormatUtils.java:91] - Writing [[springfox.documentation.swagger.web.SwaggerResource@2501dc4f]]
2024-10-29 10:57:03,030 DEBUG [http-nio-63040-exec-3][FrameworkServlet.java:1131] - Completed 200 OK
2024-10-29 10:57:03,030 DEBUG [http-nio-63040-exec-3][FrameworkServlet.java:1131] - Completed 200 OK
2024-10-29 10:57:03,043 DEBUG [http-nio-63040-exec-10][LogFormatUtils.java:91] - GET "/content/v2/api-docs", parameters={}
2024-10-29 10:57:03,043 DEBUG [http-nio-63040-exec-10][LogFormatUtils.java:91] - GET "/content/v2/api-docs", parameters={}
2024-10-29 10:57:03,043 DEBUG [http-nio-63040-exec-9][LogFormatUtils.java:91] - GET "/content/", parameters={}
2024-10-29 10:57:03,043 DEBUG [http-nio-63040-exec-9][LogFormatUtils.java:91] - GET "/content/", parameters={}
2024-10-29 10:57:03,043 DEBUG [http-nio-63040-exec-9][AbstractHandlerMapping.java:415] - Mapped to ResourceHttpRequestHandler ["classpath:/META-INF/resources/", "classpath:/resources/", "classpath:/static/", "classpath:/public/", "/"]
2024-10-29 10:57:03,043 DEBUG [http-nio-63040-exec-9][AbstractHandlerMapping.java:415] - Mapped to ResourceHttpRequestHandler ["classpath:/META-INF/resources/", "classpath:/resources/", "classpath:/static/", "classpath:/public/", "/"]
2024-10-29 10:57:03,043 DEBUG [http-nio-63040-exec-9][ResourceHttpRequestHandler.java:487] - Resource not found
2024-10-29 10:57:03,043 DEBUG [http-nio-63040-exec-9][ResourceHttpRequestHandler.java:487] - Resource not found
2024-10-29 10:57:03,043 DEBUG [http-nio-63040-exec-9][FrameworkServlet.java:1131] - Completed 404 NOT_FOUND
2024-10-29 10:57:03,043 DEBUG [http-nio-63040-exec-9][FrameworkServlet.java:1131] - Completed 404 NOT_FOUND
2024-10-29 10:57:03,043 DEBUG [http-nio-63040-exec-9][LogFormatUtils.java:91] - "ERROR" dispatch for GET "/content/error", parameters={}
2024-10-29 10:57:03,043 DEBUG [http-nio-63040-exec-9][LogFormatUtils.java:91] - "ERROR" dispatch for GET "/content/error", parameters={}
2024-10-29 10:57:03,044 DEBUG [http-nio-63040-exec-9][AbstractHandlerMapping.java:415] - Mapped to org.springframework.boot.autoconfigure.web.servlet.error.BasicErrorController#error(HttpServletRequest)
2024-10-29 10:57:03,044 DEBUG [http-nio-63040-exec-9][AbstractHandlerMapping.java:415] - Mapped to org.springframework.boot.autoconfigure.web.servlet.error.BasicErrorController#error(HttpServletRequest)
2024-10-29 10:57:03,044 DEBUG [http-nio-63040-exec-9][AbstractMessageConverterMethodProcessor.java:255] - Using 'application/json', given [*/*] and supported [application/json, application/*+json, application/json, application/*+json]
2024-10-29 10:57:03,044 DEBUG [http-nio-63040-exec-9][AbstractMessageConverterMethodProcessor.java:255] - Using 'application/json', given [*/*] and supported [application/json, application/*+json, application/json, application/*+json]
2024-10-29 10:57:03,044 DEBUG [http-nio-63040-exec-9][LogFormatUtils.java:91] - Writing [{timestamp=Tue Oct 29 10:57:03 CET 2024, status=404, error=Not Found, message=, path=/content/}]
2024-10-29 10:57:03,044 DEBUG [http-nio-63040-exec-9][LogFormatUtils.java:91] - Writing [{timestamp=Tue Oct 29 10:57:03 CET 2024, status=404, error=Not Found, message=, path=/content/}]
2024-10-29 10:57:03,045 DEBUG [http-nio-63040-exec-9][FrameworkServlet.java:1127] - Exiting from "ERROR" dispatch, status 404
2024-10-29 10:57:03,045 DEBUG [http-nio-63040-exec-9][FrameworkServlet.java:1127] - Exiting from "ERROR" dispatch, status 404
2024-10-29 10:57:03,051 DEBUG [http-nio-63040-exec-5][LogFormatUtils.java:91] - GET "/content/csrf", parameters={}
2024-10-29 10:57:03,051 DEBUG [http-nio-63040-exec-5][LogFormatUtils.java:91] - GET "/content/csrf", parameters={}
2024-10-29 10:57:03,052 DEBUG [http-nio-63040-exec-5][AbstractHandlerMapping.java:415] - Mapped to ResourceHttpRequestHandler ["classpath:/META-INF/resources/", "classpath:/resources/", "classpath:/static/", "classpath:/public/", "/"]
2024-10-29 10:57:03,052 DEBUG [http-nio-63040-exec-5][AbstractHandlerMapping.java:415] - Mapped to ResourceHttpRequestHandler ["classpath:/META-INF/resources/", "classpath:/resources/", "classpath:/static/", "classpath:/public/", "/"]
2024-10-29 10:57:03,052 DEBUG [http-nio-63040-exec-5][ResourceHttpRequestHandler.java:487] - Resource not found
2024-10-29 10:57:03,052 DEBUG [http-nio-63040-exec-5][ResourceHttpRequestHandler.java:487] - Resource not found
2024-10-29 10:57:03,053 DEBUG [http-nio-63040-exec-5][FrameworkServlet.java:1131] - Completed 404 NOT_FOUND
2024-10-29 10:57:03,053 DEBUG [http-nio-63040-exec-5][FrameworkServlet.java:1131] - Completed 404 NOT_FOUND
2024-10-29 10:57:03,053 DEBUG [http-nio-63040-exec-5][LogFormatUtils.java:91] - "ERROR" dispatch for GET "/content/error", parameters={}
2024-10-29 10:57:03,053 DEBUG [http-nio-63040-exec-5][LogFormatUtils.java:91] - "ERROR" dispatch for GET "/content/error", parameters={}
2024-10-29 10:57:03,053 DEBUG [http-nio-63040-exec-5][AbstractHandlerMapping.java:415] - Mapped to org.springframework.boot.autoconfigure.web.servlet.error.BasicErrorController#error(HttpServletRequest)
2024-10-29 10:57:03,053 DEBUG [http-nio-63040-exec-5][AbstractHandlerMapping.java:415] - Mapped to org.springframework.boot.autoconfigure.web.servlet.error.BasicErrorController#error(HttpServletRequest)
2024-10-29 10:57:03,053 DEBUG [http-nio-63040-exec-5][AbstractMessageConverterMethodProcessor.java:255] - Using 'application/json', given [*/*] and supported [application/json, application/*+json, application/json, application/*+json]
2024-10-29 10:57:03,053 DEBUG [http-nio-63040-exec-5][AbstractMessageConverterMethodProcessor.java:255] - Using 'application/json', given [*/*] and supported [application/json, application/*+json, application/json, application/*+json]
2024-10-29 10:57:03,053 DEBUG [http-nio-63040-exec-5][LogFormatUtils.java:91] - Writing [{timestamp=Tue Oct 29 10:57:03 CET 2024, status=404, error=Not Found, message=, path=/content/csrf}]
2024-10-29 10:57:03,053 DEBUG [http-nio-63040-exec-5][LogFormatUtils.java:91] - Writing [{timestamp=Tue Oct 29 10:57:03 CET 2024, status=404, error=Not Found, message=, path=/content/csrf}]
2024-10-29 10:57:03,054 DEBUG [http-nio-63040-exec-5][FrameworkServlet.java:1127] - Exiting from "ERROR" dispatch, status 404
2024-10-29 10:57:03,054 DEBUG [http-nio-63040-exec-5][FrameworkServlet.java:1127] - Exiting from "ERROR" dispatch, status 404
2024-10-29 10:57:03,082 WARN [http-nio-63040-exec-10][AbstractSerializableParameter.java:421] - Illegal DefaultValue null for parameter type integer
java.lang.NumberFormatException: For input string: ""
	at java.lang.NumberFormatException.forInputString(NumberFormatException.java:65)
	at java.lang.Long.parseLong(Long.java:601)
	at java.lang.Long.valueOf(Long.java:803)
	at io.swagger.models.parameters.AbstractSerializableParameter.getExample(AbstractSerializableParameter.java:412)
	at sun.reflect.NativeMethodAccessorImpl.invoke0(Native Method)
	at sun.reflect.NativeMethodAccessorImpl.invoke(NativeMethodAccessorImpl.java:62)
	at sun.reflect.DelegatingMethodAccessorImpl.invoke(DelegatingMethodAccessorImpl.java:43)
	at java.lang.reflect.Method.invoke(Method.java:498)
	at com.fasterxml.jackson.databind.ser.BeanPropertyWriter.serializeAsField(BeanPropertyWriter.java:689)
	at com.fasterxml.jackson.databind.ser.std.BeanSerializerBase.serializeFields(BeanSerializerBase.java:755)
	at com.fasterxml.jackson.databind.ser.BeanSerializer.serialize(BeanSerializer.java:178)
	at com.fasterxml.jackson.databind.ser.impl.IndexedListSerializer.serializeContents(IndexedListSerializer.java:119)
	at com.fasterxml.jackson.databind.ser.impl.IndexedListSerializer.serialize(IndexedListSerializer.java:79)
	at com.fasterxml.jackson.databind.ser.impl.IndexedListSerializer.serialize(IndexedListSerializer.java:18)
	at com.fasterxml.jackson.databind.ser.BeanPropertyWriter.serializeAsField(BeanPropertyWriter.java:728)
	at com.fasterxml.jackson.databind.ser.std.BeanSerializerBase.serializeFields(BeanSerializerBase.java:755)
	at com.fasterxml.jackson.databind.ser.BeanSerializer.serialize(BeanSerializer.java:178)
	at com.fasterxml.jackson.databind.ser.BeanPropertyWriter.serializeAsField(BeanPropertyWriter.java:728)
	at com.fasterxml.jackson.databind.ser.std.BeanSerializerBase.serializeFields(BeanSerializerBase.java:755)
	at com.fasterxml.jackson.databind.ser.BeanSerializer.serialize(BeanSerializer.java:178)
	at com.fasterxml.jackson.databind.ser.std.MapSerializer.serializeFields(MapSerializer.java:726)
	at com.fasterxml.jackson.databind.ser.std.MapSerializer.serializeWithoutTypeInfo(MapSerializer.java:681)
	at com.fasterxml.jackson.databind.ser.std.MapSerializer.serialize(MapSerializer.java:637)
	at com.fasterxml.jackson.databind.ser.std.MapSerializer.serialize(MapSerializer.java:33)
	at com.fasterxml.jackson.databind.ser.BeanPropertyWriter.serializeAsField(BeanPropertyWriter.java:728)
	at com.fasterxml.jackson.databind.ser.std.BeanSerializerBase.serializeFields(BeanSerializerBase.java:755)
	at com.fasterxml.jackson.databind.ser.BeanSerializer.serialize(BeanSerializer.java:178)
	at com.fasterxml.jackson.databind.ser.DefaultSerializerProvider._serialize(DefaultSerializerProvider.java:480)
	at com.fasterxml.jackson.databind.ser.DefaultSerializerProvider.serializeValue(DefaultSerializerProvider.java:319)
	at com.fasterxml.jackson.databind.ObjectMapper._writeValueAndClose(ObjectMapper.java:4409)
	at com.fasterxml.jackson.databind.ObjectMapper.writeValueAsString(ObjectMapper.java:3663)
	at springfox.documentation.spring.web.json.JsonSerializer.toJson(JsonSerializer.java:38)
	at springfox.documentation.swagger2.web.Swagger2Controller.getDocumentation(Swagger2Controller.java:105)
	at sun.reflect.NativeMethodAccessorImpl.invoke0(Native Method)
	at sun.reflect.NativeMethodAccessorImpl.invoke(NativeMethodAccessorImpl.java:62)
	at sun.reflect.DelegatingMethodAccessorImpl.invoke(DelegatingMethodAccessorImpl.java:43)
	at java.lang.reflect.Method.invoke(Method.java:498)
	at org.springframework.web.method.support.InvocableHandlerMethod.doInvoke(InvocableHandlerMethod.java:190)
	at org.springframework.web.method.support.InvocableHandlerMethod.invokeForRequest(InvocableHandlerMethod.java:138)
	at org.springframework.web.servlet.mvc.method.annotation.ServletInvocableHandlerMethod.invokeAndHandle(ServletInvocableHandlerMethod.java:105)
	at org.springframework.web.servlet.mvc.method.annotation.RequestMappingHandlerAdapter.invokeHandlerMethod(RequestMappingHandlerAdapter.java:878)
	at org.springframework.web.servlet.mvc.method.annotation.RequestMappingHandlerAdapter.handleInternal(RequestMappingHandlerAdapter.java:792)
	at org.springframework.web.servlet.mvc.method.AbstractHandlerMethodAdapter.handle(AbstractHandlerMethodAdapter.java:87)
	at org.springframework.web.servlet.DispatcherServlet.doDispatch(DispatcherServlet.java:1040)
	at org.springframework.web.servlet.DispatcherServlet.doService(DispatcherServlet.java:943)
	at org.springframework.web.servlet.FrameworkServlet.processRequest(FrameworkServlet.java:1006)
	at org.springframework.web.servlet.FrameworkServlet.doGet(FrameworkServlet.java:898)
	at javax.servlet.http.HttpServlet.service(HttpServlet.java:626)
	at org.springframework.web.servlet.FrameworkServlet.service(FrameworkServlet.java:883)
	at javax.servlet.http.HttpServlet.service(HttpServlet.java:733)
	at org.apache.catalina.core.ApplicationFilterChain.internalDoFilter(ApplicationFilterChain.java:231)
	at org.apache.catalina.core.ApplicationFilterChain.doFilter(ApplicationFilterChain.java:166)
	at org.apache.tomcat.websocket.server.WsFilter.doFilter(WsFilter.java:53)
	at org.apache.catalina.core.ApplicationFilterChain.internalDoFilter(ApplicationFilterChain.java:193)
	at org.apache.catalina.core.ApplicationFilterChain.doFilter(ApplicationFilterChain.java:166)
	at org.springframework.web.filter.RequestContextFilter.doFilterInternal(RequestContextFilter.java:100)
	at org.springframework.web.filter.OncePerRequestFilter.doFilter(OncePerRequestFilter.java:119)
	at org.apache.catalina.core.ApplicationFilterChain.internalDoFilter(ApplicationFilterChain.java:193)
	at org.apache.catalina.core.ApplicationFilterChain.doFilter(ApplicationFilterChain.java:166)
	at org.springframework.web.filter.FormContentFilter.doFilterInternal(FormContentFilter.java:93)
	at org.springframework.web.filter.OncePerRequestFilter.doFilter(OncePerRequestFilter.java:119)
	at org.apache.catalina.core.ApplicationFilterChain.internalDoFilter(ApplicationFilterChain.java:193)
	at org.apache.catalina.core.ApplicationFilterChain.doFilter(ApplicationFilterChain.java:166)
	at org.springframework.web.filter.CharacterEncodingFilter.doFilterInternal(CharacterEncodingFilter.java:201)
	at org.springframework.web.filter.OncePerRequestFilter.doFilter(OncePerRequestFilter.java:119)
	at org.apache.catalina.core.ApplicationFilterChain.internalDoFilter(ApplicationFilterChain.java:193)
	at org.apache.catalina.core.ApplicationFilterChain.doFilter(ApplicationFilterChain.java:166)
	at org.apache.catalina.core.StandardWrapperValve.invoke(StandardWrapperValve.java:202)
	at org.apache.catalina.core.StandardContextValve.invoke(StandardContextValve.java:97)
	at org.apache.catalina.authenticator.AuthenticatorBase.invoke(AuthenticatorBase.java:542)
	at org.apache.catalina.core.StandardHostValve.invoke(StandardHostValve.java:143)
	at org.apache.catalina.valves.ErrorReportValve.invoke(ErrorReportValve.java:92)
	at org.apache.catalina.core.StandardEngineValve.invoke(StandardEngineValve.java:78)
	at org.apache.catalina.connector.CoyoteAdapter.service(CoyoteAdapter.java:343)
	at org.apache.coyote.http11.Http11Processor.service(Http11Processor.java:374)
	at org.apache.coyote.AbstractProcessorLight.process(AbstractProcessorLight.java:65)
	at org.apache.coyote.AbstractProtocol$ConnectionHandler.process(AbstractProtocol.java:888)
	at org.apache.tomcat.util.net.NioEndpoint$SocketProcessor.doRun(NioEndpoint.java:1597)
	at org.apache.tomcat.util.net.SocketProcessorBase.run(SocketProcessorBase.java:49)
	at java.util.concurrent.ThreadPoolExecutor.runWorker(ThreadPoolExecutor.java:1149)
	at java.util.concurrent.ThreadPoolExecutor$Worker.run(ThreadPoolExecutor.java:624)
	at org.apache.tomcat.util.threads.TaskThread$WrappingRunnable.run(TaskThread.java:61)
	at java.lang.Thread.run(Thread.java:748)
2024-10-29 10:57:03,082 WARN [http-nio-63040-exec-10][AbstractSerializableParameter.java:421] - Illegal DefaultValue null for parameter type integer
java.lang.NumberFormatException: For input string: ""
	at java.lang.NumberFormatException.forInputString(NumberFormatException.java:65)
	at java.lang.Long.parseLong(Long.java:601)
	at java.lang.Long.valueOf(Long.java:803)
	at io.swagger.models.parameters.AbstractSerializableParameter.getExample(AbstractSerializableParameter.java:412)
	at sun.reflect.NativeMethodAccessorImpl.invoke0(Native Method)
	at sun.reflect.NativeMethodAccessorImpl.invoke(NativeMethodAccessorImpl.java:62)
	at sun.reflect.DelegatingMethodAccessorImpl.invoke(DelegatingMethodAccessorImpl.java:43)
	at java.lang.reflect.Method.invoke(Method.java:498)
	at com.fasterxml.jackson.databind.ser.BeanPropertyWriter.serializeAsField(BeanPropertyWriter.java:689)
	at com.fasterxml.jackson.databind.ser.std.BeanSerializerBase.serializeFields(BeanSerializerBase.java:755)
	at com.fasterxml.jackson.databind.ser.BeanSerializer.serialize(BeanSerializer.java:178)
	at com.fasterxml.jackson.databind.ser.impl.IndexedListSerializer.serializeContents(IndexedListSerializer.java:119)
	at com.fasterxml.jackson.databind.ser.impl.IndexedListSerializer.serialize(IndexedListSerializer.java:79)
	at com.fasterxml.jackson.databind.ser.impl.IndexedListSerializer.serialize(IndexedListSerializer.java:18)
	at com.fasterxml.jackson.databind.ser.BeanPropertyWriter.serializeAsField(BeanPropertyWriter.java:728)
	at com.fasterxml.jackson.databind.ser.std.BeanSerializerBase.serializeFields(BeanSerializerBase.java:755)
	at com.fasterxml.jackson.databind.ser.BeanSerializer.serialize(BeanSerializer.java:178)
	at com.fasterxml.jackson.databind.ser.BeanPropertyWriter.serializeAsField(BeanPropertyWriter.java:728)
	at com.fasterxml.jackson.databind.ser.std.BeanSerializerBase.serializeFields(BeanSerializerBase.java:755)
	at com.fasterxml.jackson.databind.ser.BeanSerializer.serialize(BeanSerializer.java:178)
	at com.fasterxml.jackson.databind.ser.std.MapSerializer.serializeFields(MapSerializer.java:726)
	at com.fasterxml.jackson.databind.ser.std.MapSerializer.serializeWithoutTypeInfo(MapSerializer.java:681)
	at com.fasterxml.jackson.databind.ser.std.MapSerializer.serialize(MapSerializer.java:637)
	at com.fasterxml.jackson.databind.ser.std.MapSerializer.serialize(MapSerializer.java:33)
	at com.fasterxml.jackson.databind.ser.BeanPropertyWriter.serializeAsField(BeanPropertyWriter.java:728)
	at com.fasterxml.jackson.databind.ser.std.BeanSerializerBase.serializeFields(BeanSerializerBase.java:755)
	at com.fasterxml.jackson.databind.ser.BeanSerializer.serialize(BeanSerializer.java:178)
	at com.fasterxml.jackson.databind.ser.DefaultSerializerProvider._serialize(DefaultSerializerProvider.java:480)
	at com.fasterxml.jackson.databind.ser.DefaultSerializerProvider.serializeValue(DefaultSerializerProvider.java:319)
	at com.fasterxml.jackson.databind.ObjectMapper._writeValueAndClose(ObjectMapper.java:4409)
	at com.fasterxml.jackson.databind.ObjectMapper.writeValueAsString(ObjectMapper.java:3663)
	at springfox.documentation.spring.web.json.JsonSerializer.toJson(JsonSerializer.java:38)
	at springfox.documentation.swagger2.web.Swagger2Controller.getDocumentation(Swagger2Controller.java:105)
	at sun.reflect.NativeMethodAccessorImpl.invoke0(Native Method)
	at sun.reflect.NativeMethodAccessorImpl.invoke(NativeMethodAccessorImpl.java:62)
	at sun.reflect.DelegatingMethodAccessorImpl.invoke(DelegatingMethodAccessorImpl.java:43)
	at java.lang.reflect.Method.invoke(Method.java:498)
	at org.springframework.web.method.support.InvocableHandlerMethod.doInvoke(InvocableHandlerMethod.java:190)
	at org.springframework.web.method.support.InvocableHandlerMethod.invokeForRequest(InvocableHandlerMethod.java:138)
	at org.springframework.web.servlet.mvc.method.annotation.ServletInvocableHandlerMethod.invokeAndHandle(ServletInvocableHandlerMethod.java:105)
	at org.springframework.web.servlet.mvc.method.annotation.RequestMappingHandlerAdapter.invokeHandlerMethod(RequestMappingHandlerAdapter.java:878)
	at org.springframework.web.servlet.mvc.method.annotation.RequestMappingHandlerAdapter.handleInternal(RequestMappingHandlerAdapter.java:792)
	at org.springframework.web.servlet.mvc.method.AbstractHandlerMethodAdapter.handle(AbstractHandlerMethodAdapter.java:87)
	at org.springframework.web.servlet.DispatcherServlet.doDispatch(DispatcherServlet.java:1040)
	at org.springframework.web.servlet.DispatcherServlet.doService(DispatcherServlet.java:943)
	at org.springframework.web.servlet.FrameworkServlet.processRequest(FrameworkServlet.java:1006)
	at org.springframework.web.servlet.FrameworkServlet.doGet(FrameworkServlet.java:898)
	at javax.servlet.http.HttpServlet.service(HttpServlet.java:626)
	at org.springframework.web.servlet.FrameworkServlet.service(FrameworkServlet.java:883)
	at javax.servlet.http.HttpServlet.service(HttpServlet.java:733)
	at org.apache.catalina.core.ApplicationFilterChain.internalDoFilter(ApplicationFilterChain.java:231)
	at org.apache.catalina.core.ApplicationFilterChain.doFilter(ApplicationFilterChain.java:166)
	at org.apache.tomcat.websocket.server.WsFilter.doFilter(WsFilter.java:53)
	at org.apache.catalina.core.ApplicationFilterChain.internalDoFilter(ApplicationFilterChain.java:193)
	at org.apache.catalina.core.ApplicationFilterChain.doFilter(ApplicationFilterChain.java:166)
	at org.springframework.web.filter.RequestContextFilter.doFilterInternal(RequestContextFilter.java:100)
	at org.springframework.web.filter.OncePerRequestFilter.doFilter(OncePerRequestFilter.java:119)
	at org.apache.catalina.core.ApplicationFilterChain.internalDoFilter(ApplicationFilterChain.java:193)
	at org.apache.catalina.core.ApplicationFilterChain.doFilter(ApplicationFilterChain.java:166)
	at org.springframework.web.filter.FormContentFilter.doFilterInternal(FormContentFilter.java:93)
	at org.springframework.web.filter.OncePerRequestFilter.doFilter(OncePerRequestFilter.java:119)
	at org.apache.catalina.core.ApplicationFilterChain.internalDoFilter(ApplicationFilterChain.java:193)
	at org.apache.catalina.core.ApplicationFilterChain.doFilter(ApplicationFilterChain.java:166)
	at org.springframework.web.filter.CharacterEncodingFilter.doFilterInternal(CharacterEncodingFilter.java:201)
	at org.springframework.web.filter.OncePerRequestFilter.doFilter(OncePerRequestFilter.java:119)
	at org.apache.catalina.core.ApplicationFilterChain.internalDoFilter(ApplicationFilterChain.java:193)
	at org.apache.catalina.core.ApplicationFilterChain.doFilter(ApplicationFilterChain.java:166)
	at org.apache.catalina.core.StandardWrapperValve.invoke(StandardWrapperValve.java:202)
	at org.apache.catalina.core.StandardContextValve.invoke(StandardContextValve.java:97)
	at org.apache.catalina.authenticator.AuthenticatorBase.invoke(AuthenticatorBase.java:542)
	at org.apache.catalina.core.StandardHostValve.invoke(StandardHostValve.java:143)
	at org.apache.catalina.valves.ErrorReportValve.invoke(ErrorReportValve.java:92)
	at org.apache.catalina.core.StandardEngineValve.invoke(StandardEngineValve.java:78)
	at org.apache.catalina.connector.CoyoteAdapter.service(CoyoteAdapter.java:343)
	at org.apache.coyote.http11.Http11Processor.service(Http11Processor.java:374)
	at org.apache.coyote.AbstractProcessorLight.process(AbstractProcessorLight.java:65)
	at org.apache.coyote.AbstractProtocol$ConnectionHandler.process(AbstractProtocol.java:888)
	at org.apache.tomcat.util.net.NioEndpoint$SocketProcessor.doRun(NioEndpoint.java:1597)
	at org.apache.tomcat.util.net.SocketProcessorBase.run(SocketProcessorBase.java:49)
	at java.util.concurrent.ThreadPoolExecutor.runWorker(ThreadPoolExecutor.java:1149)
	at java.util.concurrent.ThreadPoolExecutor$Worker.run(ThreadPoolExecutor.java:624)
	at org.apache.tomcat.util.threads.TaskThread$WrappingRunnable.run(TaskThread.java:61)
	at java.lang.Thread.run(Thread.java:748)
2024-10-29 10:57:03,085 WARN [http-nio-63040-exec-10][AbstractSerializableParameter.java:421] - Illegal DefaultValue null for parameter type integer
java.lang.NumberFormatException: For input string: ""
	at java.lang.NumberFormatException.forInputString(NumberFormatException.java:65)
	at java.lang.Long.parseLong(Long.java:601)
	at java.lang.Long.valueOf(Long.java:803)
	at io.swagger.models.parameters.AbstractSerializableParameter.getExample(AbstractSerializableParameter.java:412)
	at sun.reflect.NativeMethodAccessorImpl.invoke0(Native Method)
	at sun.reflect.NativeMethodAccessorImpl.invoke(NativeMethodAccessorImpl.java:62)
	at sun.reflect.DelegatingMethodAccessorImpl.invoke(DelegatingMethodAccessorImpl.java:43)
	at java.lang.reflect.Method.invoke(Method.java:498)
	at com.fasterxml.jackson.databind.ser.BeanPropertyWriter.serializeAsField(BeanPropertyWriter.java:689)
	at com.fasterxml.jackson.databind.ser.std.BeanSerializerBase.serializeFields(BeanSerializerBase.java:755)
	at com.fasterxml.jackson.databind.ser.BeanSerializer.serialize(BeanSerializer.java:178)
	at com.fasterxml.jackson.databind.ser.impl.IndexedListSerializer.serializeContents(IndexedListSerializer.java:119)
	at com.fasterxml.jackson.databind.ser.impl.IndexedListSerializer.serialize(IndexedListSerializer.java:79)
	at com.fasterxml.jackson.databind.ser.impl.IndexedListSerializer.serialize(IndexedListSerializer.java:18)
	at com.fasterxml.jackson.databind.ser.BeanPropertyWriter.serializeAsField(BeanPropertyWriter.java:728)
	at com.fasterxml.jackson.databind.ser.std.BeanSerializerBase.serializeFields(BeanSerializerBase.java:755)
	at com.fasterxml.jackson.databind.ser.BeanSerializer.serialize(BeanSerializer.java:178)
	at com.fasterxml.jackson.databind.ser.BeanPropertyWriter.serializeAsField(BeanPropertyWriter.java:728)
	at com.fasterxml.jackson.databind.ser.std.BeanSerializerBase.serializeFields(BeanSerializerBase.java:755)
	at com.fasterxml.jackson.databind.ser.BeanSerializer.serialize(BeanSerializer.java:178)
	at com.fasterxml.jackson.databind.ser.std.MapSerializer.serializeFields(MapSerializer.java:726)
	at com.fasterxml.jackson.databind.ser.std.MapSerializer.serializeWithoutTypeInfo(MapSerializer.java:681)
	at com.fasterxml.jackson.databind.ser.std.MapSerializer.serialize(MapSerializer.java:637)
	at com.fasterxml.jackson.databind.ser.std.MapSerializer.serialize(MapSerializer.java:33)
	at com.fasterxml.jackson.databind.ser.BeanPropertyWriter.serializeAsField(BeanPropertyWriter.java:728)
	at com.fasterxml.jackson.databind.ser.std.BeanSerializerBase.serializeFields(BeanSerializerBase.java:755)
	at com.fasterxml.jackson.databind.ser.BeanSerializer.serialize(BeanSerializer.java:178)
	at com.fasterxml.jackson.databind.ser.DefaultSerializerProvider._serialize(DefaultSerializerProvider.java:480)
	at com.fasterxml.jackson.databind.ser.DefaultSerializerProvider.serializeValue(DefaultSerializerProvider.java:319)
	at com.fasterxml.jackson.databind.ObjectMapper._writeValueAndClose(ObjectMapper.java:4409)
	at com.fasterxml.jackson.databind.ObjectMapper.writeValueAsString(ObjectMapper.java:3663)
	at springfox.documentation.spring.web.json.JsonSerializer.toJson(JsonSerializer.java:38)
	at springfox.documentation.swagger2.web.Swagger2Controller.getDocumentation(Swagger2Controller.java:105)
	at sun.reflect.NativeMethodAccessorImpl.invoke0(Native Method)
	at sun.reflect.NativeMethodAccessorImpl.invoke(NativeMethodAccessorImpl.java:62)
	at sun.reflect.DelegatingMethodAccessorImpl.invoke(DelegatingMethodAccessorImpl.java:43)
	at java.lang.reflect.Method.invoke(Method.java:498)
	at org.springframework.web.method.support.InvocableHandlerMethod.doInvoke(InvocableHandlerMethod.java:190)
	at org.springframework.web.method.support.InvocableHandlerMethod.invokeForRequest(InvocableHandlerMethod.java:138)
	at org.springframework.web.servlet.mvc.method.annotation.ServletInvocableHandlerMethod.invokeAndHandle(ServletInvocableHandlerMethod.java:105)
	at org.springframework.web.servlet.mvc.method.annotation.RequestMappingHandlerAdapter.invokeHandlerMethod(RequestMappingHandlerAdapter.java:878)
	at org.springframework.web.servlet.mvc.method.annotation.RequestMappingHandlerAdapter.handleInternal(RequestMappingHandlerAdapter.java:792)
	at org.springframework.web.servlet.mvc.method.AbstractHandlerMethodAdapter.handle(AbstractHandlerMethodAdapter.java:87)
	at org.springframework.web.servlet.DispatcherServlet.doDispatch(DispatcherServlet.java:1040)
	at org.springframework.web.servlet.DispatcherServlet.doService(DispatcherServlet.java:943)
	at org.springframework.web.servlet.FrameworkServlet.processRequest(FrameworkServlet.java:1006)
	at org.springframework.web.servlet.FrameworkServlet.doGet(FrameworkServlet.java:898)
	at javax.servlet.http.HttpServlet.service(HttpServlet.java:626)
	at org.springframework.web.servlet.FrameworkServlet.service(FrameworkServlet.java:883)
	at javax.servlet.http.HttpServlet.service(HttpServlet.java:733)
	at org.apache.catalina.core.ApplicationFilterChain.internalDoFilter(ApplicationFilterChain.java:231)
	at org.apache.catalina.core.ApplicationFilterChain.doFilter(ApplicationFilterChain.java:166)
	at org.apache.tomcat.websocket.server.WsFilter.doFilter(WsFilter.java:53)
	at org.apache.catalina.core.ApplicationFilterChain.internalDoFilter(ApplicationFilterChain.java:193)
	at org.apache.catalina.core.ApplicationFilterChain.doFilter(ApplicationFilterChain.java:166)
	at org.springframework.web.filter.RequestContextFilter.doFilterInternal(RequestContextFilter.java:100)
	at org.springframework.web.filter.OncePerRequestFilter.doFilter(OncePerRequestFilter.java:119)
	at org.apache.catalina.core.ApplicationFilterChain.internalDoFilter(ApplicationFilterChain.java:193)
	at org.apache.catalina.core.ApplicationFilterChain.doFilter(ApplicationFilterChain.java:166)
	at org.springframework.web.filter.FormContentFilter.doFilterInternal(FormContentFilter.java:93)
	at org.springframework.web.filter.OncePerRequestFilter.doFilter(OncePerRequestFilter.java:119)
	at org.apache.catalina.core.ApplicationFilterChain.internalDoFilter(ApplicationFilterChain.java:193)
	at org.apache.catalina.core.ApplicationFilterChain.doFilter(ApplicationFilterChain.java:166)
	at org.springframework.web.filter.CharacterEncodingFilter.doFilterInternal(CharacterEncodingFilter.java:201)
	at org.springframework.web.filter.OncePerRequestFilter.doFilter(OncePerRequestFilter.java:119)
	at org.apache.catalina.core.ApplicationFilterChain.internalDoFilter(ApplicationFilterChain.java:193)
	at org.apache.catalina.core.ApplicationFilterChain.doFilter(ApplicationFilterChain.java:166)
	at org.apache.catalina.core.StandardWrapperValve.invoke(StandardWrapperValve.java:202)
	at org.apache.catalina.core.StandardContextValve.invoke(StandardContextValve.java:97)
	at org.apache.catalina.authenticator.AuthenticatorBase.invoke(AuthenticatorBase.java:542)
	at org.apache.catalina.core.StandardHostValve.invoke(StandardHostValve.java:143)
	at org.apache.catalina.valves.ErrorReportValve.invoke(ErrorReportValve.java:92)
	at org.apache.catalina.core.StandardEngineValve.invoke(StandardEngineValve.java:78)
	at org.apache.catalina.connector.CoyoteAdapter.service(CoyoteAdapter.java:343)
	at org.apache.coyote.http11.Http11Processor.service(Http11Processor.java:374)
	at org.apache.coyote.AbstractProcessorLight.process(AbstractProcessorLight.java:65)
	at org.apache.coyote.AbstractProtocol$ConnectionHandler.process(AbstractProtocol.java:888)
	at org.apache.tomcat.util.net.NioEndpoint$SocketProcessor.doRun(NioEndpoint.java:1597)
	at org.apache.tomcat.util.net.SocketProcessorBase.run(SocketProcessorBase.java:49)
	at java.util.concurrent.ThreadPoolExecutor.runWorker(ThreadPoolExecutor.java:1149)
	at java.util.concurrent.ThreadPoolExecutor$Worker.run(ThreadPoolExecutor.java:624)
	at org.apache.tomcat.util.threads.TaskThread$WrappingRunnable.run(TaskThread.java:61)
	at java.lang.Thread.run(Thread.java:748)
2024-10-29 10:57:03,085 WARN [http-nio-63040-exec-10][AbstractSerializableParameter.java:421] - Illegal DefaultValue null for parameter type integer
java.lang.NumberFormatException: For input string: ""
	at java.lang.NumberFormatException.forInputString(NumberFormatException.java:65)
	at java.lang.Long.parseLong(Long.java:601)
	at java.lang.Long.valueOf(Long.java:803)
	at io.swagger.models.parameters.AbstractSerializableParameter.getExample(AbstractSerializableParameter.java:412)
	at sun.reflect.NativeMethodAccessorImpl.invoke0(Native Method)
	at sun.reflect.NativeMethodAccessorImpl.invoke(NativeMethodAccessorImpl.java:62)
	at sun.reflect.DelegatingMethodAccessorImpl.invoke(DelegatingMethodAccessorImpl.java:43)
	at java.lang.reflect.Method.invoke(Method.java:498)
	at com.fasterxml.jackson.databind.ser.BeanPropertyWriter.serializeAsField(BeanPropertyWriter.java:689)
	at com.fasterxml.jackson.databind.ser.std.BeanSerializerBase.serializeFields(BeanSerializerBase.java:755)
	at com.fasterxml.jackson.databind.ser.BeanSerializer.serialize(BeanSerializer.java:178)
	at com.fasterxml.jackson.databind.ser.impl.IndexedListSerializer.serializeContents(IndexedListSerializer.java:119)
	at com.fasterxml.jackson.databind.ser.impl.IndexedListSerializer.serialize(IndexedListSerializer.java:79)
	at com.fasterxml.jackson.databind.ser.impl.IndexedListSerializer.serialize(IndexedListSerializer.java:18)
	at com.fasterxml.jackson.databind.ser.BeanPropertyWriter.serializeAsField(BeanPropertyWriter.java:728)
	at com.fasterxml.jackson.databind.ser.std.BeanSerializerBase.serializeFields(BeanSerializerBase.java:755)
	at com.fasterxml.jackson.databind.ser.BeanSerializer.serialize(BeanSerializer.java:178)
	at com.fasterxml.jackson.databind.ser.BeanPropertyWriter.serializeAsField(BeanPropertyWriter.java:728)
	at com.fasterxml.jackson.databind.ser.std.BeanSerializerBase.serializeFields(BeanSerializerBase.java:755)
	at com.fasterxml.jackson.databind.ser.BeanSerializer.serialize(BeanSerializer.java:178)
	at com.fasterxml.jackson.databind.ser.std.MapSerializer.serializeFields(MapSerializer.java:726)
	at com.fasterxml.jackson.databind.ser.std.MapSerializer.serializeWithoutTypeInfo(MapSerializer.java:681)
	at com.fasterxml.jackson.databind.ser.std.MapSerializer.serialize(MapSerializer.java:637)
	at com.fasterxml.jackson.databind.ser.std.MapSerializer.serialize(MapSerializer.java:33)
	at com.fasterxml.jackson.databind.ser.BeanPropertyWriter.serializeAsField(BeanPropertyWriter.java:728)
	at com.fasterxml.jackson.databind.ser.std.BeanSerializerBase.serializeFields(BeanSerializerBase.java:755)
	at com.fasterxml.jackson.databind.ser.BeanSerializer.serialize(BeanSerializer.java:178)
	at com.fasterxml.jackson.databind.ser.DefaultSerializerProvider._serialize(DefaultSerializerProvider.java:480)
	at com.fasterxml.jackson.databind.ser.DefaultSerializerProvider.serializeValue(DefaultSerializerProvider.java:319)
	at com.fasterxml.jackson.databind.ObjectMapper._writeValueAndClose(ObjectMapper.java:4409)
	at com.fasterxml.jackson.databind.ObjectMapper.writeValueAsString(ObjectMapper.java:3663)
	at springfox.documentation.spring.web.json.JsonSerializer.toJson(JsonSerializer.java:38)
	at springfox.documentation.swagger2.web.Swagger2Controller.getDocumentation(Swagger2Controller.java:105)
	at sun.reflect.NativeMethodAccessorImpl.invoke0(Native Method)
	at sun.reflect.NativeMethodAccessorImpl.invoke(NativeMethodAccessorImpl.java:62)
	at sun.reflect.DelegatingMethodAccessorImpl.invoke(DelegatingMethodAccessorImpl.java:43)
	at java.lang.reflect.Method.invoke(Method.java:498)
	at org.springframework.web.method.support.InvocableHandlerMethod.doInvoke(InvocableHandlerMethod.java:190)
	at org.springframework.web.method.support.InvocableHandlerMethod.invokeForRequest(InvocableHandlerMethod.java:138)
	at org.springframework.web.servlet.mvc.method.annotation.ServletInvocableHandlerMethod.invokeAndHandle(ServletInvocableHandlerMethod.java:105)
	at org.springframework.web.servlet.mvc.method.annotation.RequestMappingHandlerAdapter.invokeHandlerMethod(RequestMappingHandlerAdapter.java:878)
	at org.springframework.web.servlet.mvc.method.annotation.RequestMappingHandlerAdapter.handleInternal(RequestMappingHandlerAdapter.java:792)
	at org.springframework.web.servlet.mvc.method.AbstractHandlerMethodAdapter.handle(AbstractHandlerMethodAdapter.java:87)
	at org.springframework.web.servlet.DispatcherServlet.doDispatch(DispatcherServlet.java:1040)
	at org.springframework.web.servlet.DispatcherServlet.doService(DispatcherServlet.java:943)
	at org.springframework.web.servlet.FrameworkServlet.processRequest(FrameworkServlet.java:1006)
	at org.springframework.web.servlet.FrameworkServlet.doGet(FrameworkServlet.java:898)
	at javax.servlet.http.HttpServlet.service(HttpServlet.java:626)
	at org.springframework.web.servlet.FrameworkServlet.service(FrameworkServlet.java:883)
	at javax.servlet.http.HttpServlet.service(HttpServlet.java:733)
	at org.apache.catalina.core.ApplicationFilterChain.internalDoFilter(ApplicationFilterChain.java:231)
	at org.apache.catalina.core.ApplicationFilterChain.doFilter(ApplicationFilterChain.java:166)
	at org.apache.tomcat.websocket.server.WsFilter.doFilter(WsFilter.java:53)
	at org.apache.catalina.core.ApplicationFilterChain.internalDoFilter(ApplicationFilterChain.java:193)
	at org.apache.catalina.core.ApplicationFilterChain.doFilter(ApplicationFilterChain.java:166)
	at org.springframework.web.filter.RequestContextFilter.doFilterInternal(RequestContextFilter.java:100)
	at org.springframework.web.filter.OncePerRequestFilter.doFilter(OncePerRequestFilter.java:119)
	at org.apache.catalina.core.ApplicationFilterChain.internalDoFilter(ApplicationFilterChain.java:193)
	at org.apache.catalina.core.ApplicationFilterChain.doFilter(ApplicationFilterChain.java:166)
	at org.springframework.web.filter.FormContentFilter.doFilterInternal(FormContentFilter.java:93)
	at org.springframework.web.filter.OncePerRequestFilter.doFilter(OncePerRequestFilter.java:119)
	at org.apache.catalina.core.ApplicationFilterChain.internalDoFilter(ApplicationFilterChain.java:193)
	at org.apache.catalina.core.ApplicationFilterChain.doFilter(ApplicationFilterChain.java:166)
	at org.springframework.web.filter.CharacterEncodingFilter.doFilterInternal(CharacterEncodingFilter.java:201)
	at org.springframework.web.filter.OncePerRequestFilter.doFilter(OncePerRequestFilter.java:119)
	at org.apache.catalina.core.ApplicationFilterChain.internalDoFilter(ApplicationFilterChain.java:193)
	at org.apache.catalina.core.ApplicationFilterChain.doFilter(ApplicationFilterChain.java:166)
	at org.apache.catalina.core.StandardWrapperValve.invoke(StandardWrapperValve.java:202)
	at org.apache.catalina.core.StandardContextValve.invoke(StandardContextValve.java:97)
	at org.apache.catalina.authenticator.AuthenticatorBase.invoke(AuthenticatorBase.java:542)
	at org.apache.catalina.core.StandardHostValve.invoke(StandardHostValve.java:143)
	at org.apache.catalina.valves.ErrorReportValve.invoke(ErrorReportValve.java:92)
	at org.apache.catalina.core.StandardEngineValve.invoke(StandardEngineValve.java:78)
	at org.apache.catalina.connector.CoyoteAdapter.service(CoyoteAdapter.java:343)
	at org.apache.coyote.http11.Http11Processor.service(Http11Processor.java:374)
	at org.apache.coyote.AbstractProcessorLight.process(AbstractProcessorLight.java:65)
	at org.apache.coyote.AbstractProtocol$ConnectionHandler.process(AbstractProtocol.java:888)
	at org.apache.tomcat.util.net.NioEndpoint$SocketProcessor.doRun(NioEndpoint.java:1597)
	at org.apache.tomcat.util.net.SocketProcessorBase.run(SocketProcessorBase.java:49)
	at java.util.concurrent.ThreadPoolExecutor.runWorker(ThreadPoolExecutor.java:1149)
	at java.util.concurrent.ThreadPoolExecutor$Worker.run(ThreadPoolExecutor.java:624)
	at org.apache.tomcat.util.threads.TaskThread$WrappingRunnable.run(TaskThread.java:61)
	at java.lang.Thread.run(Thread.java:748)
2024-10-29 10:57:03,101 DEBUG [http-nio-63040-exec-10][AbstractMessageConverterMethodProcessor.java:255] - Using 'application/json', given [application/json, */*] and supported [application/json, application/*+json, application/json, application/*+json]
2024-10-29 10:57:03,101 DEBUG [http-nio-63040-exec-10][AbstractMessageConverterMethodProcessor.java:255] - Using 'application/json', given [application/json, */*] and supported [application/json, application/*+json, application/json, application/*+json]
2024-10-29 10:57:03,102 DEBUG [http-nio-63040-exec-10][LogFormatUtils.java:91] - Writing [springfox.documentation.spring.web.json.Json@7e1b727f]
2024-10-29 10:57:03,102 DEBUG [http-nio-63040-exec-10][LogFormatUtils.java:91] - Writing [springfox.documentation.spring.web.json.Json@7e1b727f]
2024-10-29 10:57:03,102 DEBUG [http-nio-63040-exec-10][FrameworkServlet.java:1131] - Completed 200 OK
2024-10-29 10:57:03,102 DEBUG [http-nio-63040-exec-10][FrameworkServlet.java:1131] - Completed 200 OK
2024-10-29 10:57:58,454 DEBUG [http-nio-63040-exec-6][LogFormatUtils.java:91] - POST "/content/course/list?pageNo=1&pageSize=20", parameters={masked}
2024-10-29 10:57:58,454 DEBUG [http-nio-63040-exec-6][LogFormatUtils.java:91] - POST "/content/course/list?pageNo=1&pageSize=20", parameters={masked}
2024-10-29 10:57:58,454 DEBUG [http-nio-63040-exec-6][AbstractHandlerMapping.java:415] - Mapped to com.xuecheng.content.api.CourseBaseInfoController#list(PageParams, QueryCourseParamsDto)
2024-10-29 10:57:58,454 DEBUG [http-nio-63040-exec-6][AbstractHandlerMapping.java:415] - Mapped to com.xuecheng.content.api.CourseBaseInfoController#list(PageParams, QueryCourseParamsDto)
2024-10-29 10:57:58,491 DEBUG [http-nio-63040-exec-6][LogFormatUtils.java:91] - Read "application/json;charset=UTF-8" to [QueryCourseParamsDto(auditStatus=string, courseName=string, publishStatus=string)]
2024-10-29 10:57:58,491 DEBUG [http-nio-63040-exec-6][LogFormatUtils.java:91] - Read "application/json;charset=UTF-8" to [QueryCourseParamsDto(auditStatus=string, courseName=string, publishStatus=string)]
2024-10-29 10:57:58,501 DEBUG [http-nio-63040-exec-6][AbstractMessageConverterMethodProcessor.java:255] - Using 'application/json', given [*/*] and supported [application/json, application/*+json, application/json, application/*+json]
2024-10-29 10:57:58,501 DEBUG [http-nio-63040-exec-6][AbstractMessageConverterMethodProcessor.java:255] - Using 'application/json', given [*/*] and supported [application/json, application/*+json, application/json, application/*+json]
2024-10-29 10:57:58,502 DEBUG [http-nio-63040-exec-6][LogFormatUtils.java:91] - Writing [PageResult(items=[CourseBase(id=null, companyId=null, companyName=null, name=Testing Title, users=nu (truncated)...]
2024-10-29 10:57:58,502 DEBUG [http-nio-63040-exec-6][LogFormatUtils.java:91] - Writing [PageResult(items=[CourseBase(id=null, companyId=null, companyName=null, name=Testing Title, users=nu (truncated)...]
2024-10-29 10:57:58,505 DEBUG [http-nio-63040-exec-6][FrameworkServlet.java:1131] - Completed 200 OK
2024-10-29 10:57:58,505 DEBUG [http-nio-63040-exec-6][FrameworkServlet.java:1131] - Completed 200 OK
