2024-10-26 12:41:53,890 DEBUG [main][ClasspathLoggingApplicationListener.java:51] - Application started with classpath: [file:/C:/Program%20Files/Java/jdk1.8.0_202/jre/lib/charsets.jar, file:/C:/Program%20Files/Java/jdk1.8.0_202/jre/lib/deploy.jar, file:/C:/Program%20Files/Java/jdk1.8.0_202/jre/lib/ext/access-bridge-64.jar, file:/C:/Program%20Files/Java/jdk1.8.0_202/jre/lib/ext/cldrdata.jar, file:/C:/Program%20Files/Java/jdk1.8.0_202/jre/lib/ext/dnsns.jar, file:/C:/Program%20Files/Java/jdk1.8.0_202/jre/lib/ext/jaccess.jar, file:/C:/Program%20Files/Java/jdk1.8.0_202/jre/lib/ext/jfxrt.jar, file:/C:/Program%20Files/Java/jdk1.8.0_202/jre/lib/ext/localedata.jar, file:/C:/Program%20Files/Java/jdk1.8.0_202/jre/lib/ext/nashorn.jar, file:/C:/Program%20Files/Java/jdk1.8.0_202/jre/lib/ext/sunec.jar, file:/C:/Program%20Files/Java/jdk1.8.0_202/jre/lib/ext/sunjce_provider.jar, file:/C:/Program%20Files/Java/jdk1.8.0_202/jre/lib/ext/sunmscapi.jar, file:/C:/Program%20Files/Java/jdk1.8.0_202/jre/lib/ext/sunpkcs11.jar, file:/C:/Program%20Files/Java/jdk1.8.0_202/jre/lib/ext/zipfs.jar, file:/C:/Program%20Files/Java/jdk1.8.0_202/jre/lib/javaws.jar, file:/C:/Program%20Files/Java/jdk1.8.0_202/jre/lib/jce.jar, file:/C:/Program%20Files/Java/jdk1.8.0_202/jre/lib/jfr.jar, file:/C:/Program%20Files/Java/jdk1.8.0_202/jre/lib/jfxswt.jar, file:/C:/Program%20Files/Java/jdk1.8.0_202/jre/lib/jsse.jar, file:/C:/Program%20Files/Java/jdk1.8.0_202/jre/lib/management-agent.jar, file:/C:/Program%20Files/Java/jdk1.8.0_202/jre/lib/plugin.jar, file:/C:/Program%20Files/Java/jdk1.8.0_202/jre/lib/resources.jar, file:/C:/Program%20Files/Java/jdk1.8.0_202/jre/lib/rt.jar, file:/D:/itcast2023/xc_edu3.1/code_402/xuecheng-plus-project/xuecheng-plus-content/xuecheng-plus-content-api/target/classes/, file:/D:/itcast2023/xc_edu3.1/code_402/xuecheng-plus-project/xuecheng-plus-content/xuecheng-plus-content-model/target/classes/, file:/D:/develop/repository/com/baomidou/mybatis-plus-annotation/3.4.1/mybatis-plus-annotation-3.4.1.jar, file:/D:/develop/repository/com/baomidou/mybatis-plus-core/3.4.1/mybatis-plus-core-3.4.1.jar, file:/D:/develop/repository/com/github/jsqlparser/jsqlparser/3.2/jsqlparser-3.2.jar, file:/D:/develop/repository/org/mybatis/mybatis/3.5.6/mybatis-3.5.6.jar, file:/D:/develop/repository/org/springframework/cloud/spring-cloud-context/2.2.6.RELEASE/spring-cloud-context-2.2.6.RELEASE.jar, file:/D:/develop/repository/org/springframework/security/spring-security-crypto/5.3.6.RELEASE/spring-security-crypto-5.3.6.RELEASE.jar, file:/D:/develop/repository/org/springframework/boot/spring-boot-starter-web/2.3.7.RELEASE/spring-boot-starter-web-2.3.7.RELEASE.jar, file:/D:/develop/repository/org/springframework/boot/spring-boot-starter-json/2.3.7.RELEASE/spring-boot-starter-json-2.3.7.RELEASE.jar, file:/D:/develop/repository/com/fasterxml/jackson/core/jackson-databind/2.11.3/jackson-databind-2.11.3.jar, file:/D:/develop/repository/org/springframework/boot/spring-boot-starter-tomcat/2.3.7.RELEASE/spring-boot-starter-tomcat-2.3.7.RELEASE.jar, file:/D:/develop/repository/org/apache/tomcat/embed/tomcat-embed-core/9.0.41/tomcat-embed-core-9.0.41.jar, file:/D:/develop/repository/org/apache/tomcat/embed/tomcat-embed-websocket/9.0.41/tomcat-embed-websocket-9.0.41.jar, file:/D:/develop/repository/org/springframework/spring-web/5.2.12.RELEASE/spring-web-5.2.12.RELEASE.jar, file:/D:/develop/repository/org/springframework/spring-beans/5.2.12.RELEASE/spring-beans-5.2.12.RELEASE.jar, file:/D:/develop/repository/org/springframework/spring-webmvc/5.2.12.RELEASE/spring-webmvc-5.2.12.RELEASE.jar, file:/D:/develop/repository/org/springframework/spring-aop/5.2.12.RELEASE/spring-aop-5.2.12.RELEASE.jar, file:/D:/develop/repository/org/springframework/spring-context/5.2.12.RELEASE/spring-context-5.2.12.RELEASE.jar, file:/D:/develop/repository/org/springframework/spring-expression/5.2.12.RELEASE/spring-expression-5.2.12.RELEASE.jar, file:/D:/develop/repository/org/springframework/boot/spring-boot-starter/2.3.7.RELEASE/spring-boot-starter-2.3.7.RELEASE.jar, file:/D:/develop/repository/org/springframework/boot/spring-boot/2.3.7.RELEASE/spring-boot-2.3.7.RELEASE.jar, file:/D:/develop/repository/org/springframework/boot/spring-boot-autoconfigure/2.3.7.RELEASE/spring-boot-autoconfigure-2.3.7.RELEASE.jar, file:/D:/develop/repository/jakarta/annotation/jakarta.annotation-api/1.3.5/jakarta.annotation-api-1.3.5.jar, file:/D:/develop/repository/org/springframework/spring-core/5.2.12.RELEASE/spring-core-5.2.12.RELEASE.jar, file:/D:/develop/repository/org/springframework/spring-jcl/5.2.12.RELEASE/spring-jcl-5.2.12.RELEASE.jar, file:/D:/develop/repository/org/yaml/snakeyaml/1.26/snakeyaml-1.26.jar, file:/D:/develop/repository/org/springframework/boot/spring-boot-starter-validation/2.3.7.RELEASE/spring-boot-starter-validation-2.3.7.RELEASE.jar, file:/D:/develop/repository/org/glassfish/jakarta.el/3.0.3/jakarta.el-3.0.3.jar, file:/D:/develop/repository/org/hibernate/validator/hibernate-validator/6.1.6.Final/hibernate-validator-6.1.6.Final.jar, file:/D:/develop/repository/jakarta/validation/jakarta.validation-api/2.0.2/jakarta.validation-api-2.0.2.jar, file:/D:/develop/repository/org/jboss/logging/jboss-logging/3.4.1.Final/jboss-logging-3.4.1.Final.jar, file:/D:/develop/repository/com/fasterxml/classmate/1.5.1/classmate-1.5.1.jar, file:/D:/develop/repository/org/springframework/boot/spring-boot-starter-log4j2/2.3.7.RELEASE/spring-boot-starter-log4j2-2.3.7.RELEASE.jar, file:/D:/develop/repository/org/apache/logging/log4j/log4j-slf4j-impl/2.13.3/log4j-slf4j-impl-2.13.3.jar, file:/D:/develop/repository/org/slf4j/slf4j-api/1.7.30/slf4j-api-1.7.30.jar, file:/D:/develop/repository/org/apache/logging/log4j/log4j-api/2.13.3/log4j-api-2.13.3.jar, file:/D:/develop/repository/org/apache/logging/log4j/log4j-core/2.13.3/log4j-core-2.13.3.jar, file:/D:/develop/repository/org/apache/logging/log4j/log4j-jul/2.13.3/log4j-jul-2.13.3.jar, file:/D:/develop/repository/org/slf4j/jul-to-slf4j/1.7.30/jul-to-slf4j-1.7.30.jar, file:/D:/develop/repository/com/spring4all/swagger-spring-boot-starter/1.9.0.RELEASE/swagger-spring-boot-starter-1.9.0.RELEASE.jar, file:/D:/develop/repository/io/springfox/springfox-swagger-ui/2.9.2/springfox-swagger-ui-2.9.2.jar, file:/D:/develop/repository/io/springfox/springfox-spring-web/2.9.2/springfox-spring-web-2.9.2.jar, file:/D:/develop/repository/io/springfox/springfox-swagger2/2.9.2/springfox-swagger2-2.9.2.jar, file:/D:/develop/repository/io/swagger/swagger-models/1.5.20/swagger-models-1.5.20.jar, file:/D:/develop/repository/io/springfox/springfox-spi/2.9.2/springfox-spi-2.9.2.jar, file:/D:/develop/repository/io/springfox/springfox-core/2.9.2/springfox-core-2.9.2.jar, file:/D:/develop/repository/net/bytebuddy/byte-buddy/1.10.18/byte-buddy-1.10.18.jar, file:/D:/develop/repository/io/springfox/springfox-schema/2.9.2/springfox-schema-2.9.2.jar, file:/D:/develop/repository/io/springfox/springfox-swagger-common/2.9.2/springfox-swagger-common-2.9.2.jar, file:/D:/develop/repository/com/google/guava/guava/25.0-jre/guava-25.0-jre.jar, file:/D:/develop/repository/com/google/code/findbugs/jsr305/1.3.9/jsr305-1.3.9.jar, file:/D:/develop/repository/org/checkerframework/checker-compat-qual/2.0.0/checker-compat-qual-2.0.0.jar, file:/D:/develop/repository/com/google/errorprone/error_prone_annotations/2.1.3/error_prone_annotations-2.1.3.jar, file:/D:/develop/repository/com/google/j2objc/j2objc-annotations/1.1/j2objc-annotations-1.1.jar, file:/D:/develop/repository/org/codehaus/mojo/animal-sniffer-annotations/1.14/animal-sniffer-annotations-1.14.jar, file:/D:/develop/repository/org/springframework/plugin/spring-plugin-core/1.2.0.RELEASE/spring-plugin-core-1.2.0.RELEASE.jar, file:/D:/develop/repository/org/springframework/plugin/spring-plugin-metadata/1.2.0.RELEASE/spring-plugin-metadata-1.2.0.RELEASE.jar, file:/D:/develop/repository/org/mapstruct/mapstruct/1.2.0.Final/mapstruct-1.2.0.Final.jar, file:/D:/develop/repository/io/springfox/springfox-bean-validators/2.9.2/springfox-bean-validators-2.9.2.jar, file:/D:/itcast2023/xc_edu3.1/code_402/xuecheng-plus-project/xuecheng-plus-base/target/classes/, file:/D:/develop/repository/org/projectlombok/lombok/1.18.8/lombok-1.18.8.jar, file:/D:/develop/repository/org/apache/commons/commons-lang3/3.10/commons-lang3-3.10.jar, file:/D:/develop/repository/com/alibaba/fastjson/1.2.83/fastjson-1.2.83.jar, file:/D:/develop/repository/commons-lang/commons-lang/2.6/commons-lang-2.6.jar, file:/D:/develop/repository/commons-codec/commons-codec/1.14/commons-codec-1.14.jar, file:/D:/develop/repository/io/swagger/swagger-annotations/1.5.20/swagger-annotations-1.5.20.jar, file:/D:/develop/repository/com/j256/simplemagic/simplemagic/1.17/simplemagic-1.17.jar, file:/D:/develop/repository/com/google/zxing/core/3.3.3/core-3.3.3.jar, file:/D:/develop/repository/com/google/zxing/javase/3.3.3/javase-3.3.3.jar, file:/D:/develop/repository/com/beust/jcommander/1.72/jcommander-1.72.jar, file:/D:/develop/repository/com/github/jai-imageio/jai-imageio-core/1.4.0/jai-imageio-core-1.4.0.jar, file:/D:/develop/repository/com/fasterxml/jackson/module/jackson-module-parameter-names/2.11.3/jackson-module-parameter-names-2.11.3.jar, file:/D:/develop/repository/com/fasterxml/jackson/core/jackson-core/2.11.3/jackson-core-2.11.3.jar, file:/D:/develop/repository/com/fasterxml/jackson/datatype/jackson-datatype-jdk8/2.11.3/jackson-datatype-jdk8-2.11.3.jar, file:/D:/develop/repository/com/fasterxml/jackson/datatype/jackson-datatype-jsr310/2.11.3/jackson-datatype-jsr310-2.11.3.jar, file:/D:/develop/repository/com/fasterxml/jackson/core/jackson-annotations/2.11.3/jackson-annotations-2.11.3.jar, file:/D:/IntelliJ%20IDEA%202022.2.3/lib/idea_rt.jar]
2024-10-26 12:41:53,890 DEBUG [main][ClasspathLoggingApplicationListener.java:51] - Application started with classpath: [file:/C:/Program%20Files/Java/jdk1.8.0_202/jre/lib/charsets.jar, file:/C:/Program%20Files/Java/jdk1.8.0_202/jre/lib/deploy.jar, file:/C:/Program%20Files/Java/jdk1.8.0_202/jre/lib/ext/access-bridge-64.jar, file:/C:/Program%20Files/Java/jdk1.8.0_202/jre/lib/ext/cldrdata.jar, file:/C:/Program%20Files/Java/jdk1.8.0_202/jre/lib/ext/dnsns.jar, file:/C:/Program%20Files/Java/jdk1.8.0_202/jre/lib/ext/jaccess.jar, file:/C:/Program%20Files/Java/jdk1.8.0_202/jre/lib/ext/jfxrt.jar, file:/C:/Program%20Files/Java/jdk1.8.0_202/jre/lib/ext/localedata.jar, file:/C:/Program%20Files/Java/jdk1.8.0_202/jre/lib/ext/nashorn.jar, file:/C:/Program%20Files/Java/jdk1.8.0_202/jre/lib/ext/sunec.jar, file:/C:/Program%20Files/Java/jdk1.8.0_202/jre/lib/ext/sunjce_provider.jar, file:/C:/Program%20Files/Java/jdk1.8.0_202/jre/lib/ext/sunmscapi.jar, file:/C:/Program%20Files/Java/jdk1.8.0_202/jre/lib/ext/sunpkcs11.jar, file:/C:/Program%20Files/Java/jdk1.8.0_202/jre/lib/ext/zipfs.jar, file:/C:/Program%20Files/Java/jdk1.8.0_202/jre/lib/javaws.jar, file:/C:/Program%20Files/Java/jdk1.8.0_202/jre/lib/jce.jar, file:/C:/Program%20Files/Java/jdk1.8.0_202/jre/lib/jfr.jar, file:/C:/Program%20Files/Java/jdk1.8.0_202/jre/lib/jfxswt.jar, file:/C:/Program%20Files/Java/jdk1.8.0_202/jre/lib/jsse.jar, file:/C:/Program%20Files/Java/jdk1.8.0_202/jre/lib/management-agent.jar, file:/C:/Program%20Files/Java/jdk1.8.0_202/jre/lib/plugin.jar, file:/C:/Program%20Files/Java/jdk1.8.0_202/jre/lib/resources.jar, file:/C:/Program%20Files/Java/jdk1.8.0_202/jre/lib/rt.jar, file:/D:/itcast2023/xc_edu3.1/code_402/xuecheng-plus-project/xuecheng-plus-content/xuecheng-plus-content-api/target/classes/, file:/D:/itcast2023/xc_edu3.1/code_402/xuecheng-plus-project/xuecheng-plus-content/xuecheng-plus-content-model/target/classes/, file:/D:/develop/repository/com/baomidou/mybatis-plus-annotation/3.4.1/mybatis-plus-annotation-3.4.1.jar, file:/D:/develop/repository/com/baomidou/mybatis-plus-core/3.4.1/mybatis-plus-core-3.4.1.jar, file:/D:/develop/repository/com/github/jsqlparser/jsqlparser/3.2/jsqlparser-3.2.jar, file:/D:/develop/repository/org/mybatis/mybatis/3.5.6/mybatis-3.5.6.jar, file:/D:/develop/repository/org/springframework/cloud/spring-cloud-context/2.2.6.RELEASE/spring-cloud-context-2.2.6.RELEASE.jar, file:/D:/develop/repository/org/springframework/security/spring-security-crypto/5.3.6.RELEASE/spring-security-crypto-5.3.6.RELEASE.jar, file:/D:/develop/repository/org/springframework/boot/spring-boot-starter-web/2.3.7.RELEASE/spring-boot-starter-web-2.3.7.RELEASE.jar, file:/D:/develop/repository/org/springframework/boot/spring-boot-starter-json/2.3.7.RELEASE/spring-boot-starter-json-2.3.7.RELEASE.jar, file:/D:/develop/repository/com/fasterxml/jackson/core/jackson-databind/2.11.3/jackson-databind-2.11.3.jar, file:/D:/develop/repository/org/springframework/boot/spring-boot-starter-tomcat/2.3.7.RELEASE/spring-boot-starter-tomcat-2.3.7.RELEASE.jar, file:/D:/develop/repository/org/apache/tomcat/embed/tomcat-embed-core/9.0.41/tomcat-embed-core-9.0.41.jar, file:/D:/develop/repository/org/apache/tomcat/embed/tomcat-embed-websocket/9.0.41/tomcat-embed-websocket-9.0.41.jar, file:/D:/develop/repository/org/springframework/spring-web/5.2.12.RELEASE/spring-web-5.2.12.RELEASE.jar, file:/D:/develop/repository/org/springframework/spring-beans/5.2.12.RELEASE/spring-beans-5.2.12.RELEASE.jar, file:/D:/develop/repository/org/springframework/spring-webmvc/5.2.12.RELEASE/spring-webmvc-5.2.12.RELEASE.jar, file:/D:/develop/repository/org/springframework/spring-aop/5.2.12.RELEASE/spring-aop-5.2.12.RELEASE.jar, file:/D:/develop/repository/org/springframework/spring-context/5.2.12.RELEASE/spring-context-5.2.12.RELEASE.jar, file:/D:/develop/repository/org/springframework/spring-expression/5.2.12.RELEASE/spring-expression-5.2.12.RELEASE.jar, file:/D:/develop/repository/org/springframework/boot/spring-boot-starter/2.3.7.RELEASE/spring-boot-starter-2.3.7.RELEASE.jar, file:/D:/develop/repository/org/springframework/boot/spring-boot/2.3.7.RELEASE/spring-boot-2.3.7.RELEASE.jar, file:/D:/develop/repository/org/springframework/boot/spring-boot-autoconfigure/2.3.7.RELEASE/spring-boot-autoconfigure-2.3.7.RELEASE.jar, file:/D:/develop/repository/jakarta/annotation/jakarta.annotation-api/1.3.5/jakarta.annotation-api-1.3.5.jar, file:/D:/develop/repository/org/springframework/spring-core/5.2.12.RELEASE/spring-core-5.2.12.RELEASE.jar, file:/D:/develop/repository/org/springframework/spring-jcl/5.2.12.RELEASE/spring-jcl-5.2.12.RELEASE.jar, file:/D:/develop/repository/org/yaml/snakeyaml/1.26/snakeyaml-1.26.jar, file:/D:/develop/repository/org/springframework/boot/spring-boot-starter-validation/2.3.7.RELEASE/spring-boot-starter-validation-2.3.7.RELEASE.jar, file:/D:/develop/repository/org/glassfish/jakarta.el/3.0.3/jakarta.el-3.0.3.jar, file:/D:/develop/repository/org/hibernate/validator/hibernate-validator/6.1.6.Final/hibernate-validator-6.1.6.Final.jar, file:/D:/develop/repository/jakarta/validation/jakarta.validation-api/2.0.2/jakarta.validation-api-2.0.2.jar, file:/D:/develop/repository/org/jboss/logging/jboss-logging/3.4.1.Final/jboss-logging-3.4.1.Final.jar, file:/D:/develop/repository/com/fasterxml/classmate/1.5.1/classmate-1.5.1.jar, file:/D:/develop/repository/org/springframework/boot/spring-boot-starter-log4j2/2.3.7.RELEASE/spring-boot-starter-log4j2-2.3.7.RELEASE.jar, file:/D:/develop/repository/org/apache/logging/log4j/log4j-slf4j-impl/2.13.3/log4j-slf4j-impl-2.13.3.jar, file:/D:/develop/repository/org/slf4j/slf4j-api/1.7.30/slf4j-api-1.7.30.jar, file:/D:/develop/repository/org/apache/logging/log4j/log4j-api/2.13.3/log4j-api-2.13.3.jar, file:/D:/develop/repository/org/apache/logging/log4j/log4j-core/2.13.3/log4j-core-2.13.3.jar, file:/D:/develop/repository/org/apache/logging/log4j/log4j-jul/2.13.3/log4j-jul-2.13.3.jar, file:/D:/develop/repository/org/slf4j/jul-to-slf4j/1.7.30/jul-to-slf4j-1.7.30.jar, file:/D:/develop/repository/com/spring4all/swagger-spring-boot-starter/1.9.0.RELEASE/swagger-spring-boot-starter-1.9.0.RELEASE.jar, file:/D:/develop/repository/io/springfox/springfox-swagger-ui/2.9.2/springfox-swagger-ui-2.9.2.jar, file:/D:/develop/repository/io/springfox/springfox-spring-web/2.9.2/springfox-spring-web-2.9.2.jar, file:/D:/develop/repository/io/springfox/springfox-swagger2/2.9.2/springfox-swagger2-2.9.2.jar, file:/D:/develop/repository/io/swagger/swagger-models/1.5.20/swagger-models-1.5.20.jar, file:/D:/develop/repository/io/springfox/springfox-spi/2.9.2/springfox-spi-2.9.2.jar, file:/D:/develop/repository/io/springfox/springfox-core/2.9.2/springfox-core-2.9.2.jar, file:/D:/develop/repository/net/bytebuddy/byte-buddy/1.10.18/byte-buddy-1.10.18.jar, file:/D:/develop/repository/io/springfox/springfox-schema/2.9.2/springfox-schema-2.9.2.jar, file:/D:/develop/repository/io/springfox/springfox-swagger-common/2.9.2/springfox-swagger-common-2.9.2.jar, file:/D:/develop/repository/com/google/guava/guava/25.0-jre/guava-25.0-jre.jar, file:/D:/develop/repository/com/google/code/findbugs/jsr305/1.3.9/jsr305-1.3.9.jar, file:/D:/develop/repository/org/checkerframework/checker-compat-qual/2.0.0/checker-compat-qual-2.0.0.jar, file:/D:/develop/repository/com/google/errorprone/error_prone_annotations/2.1.3/error_prone_annotations-2.1.3.jar, file:/D:/develop/repository/com/google/j2objc/j2objc-annotations/1.1/j2objc-annotations-1.1.jar, file:/D:/develop/repository/org/codehaus/mojo/animal-sniffer-annotations/1.14/animal-sniffer-annotations-1.14.jar, file:/D:/develop/repository/org/springframework/plugin/spring-plugin-core/1.2.0.RELEASE/spring-plugin-core-1.2.0.RELEASE.jar, file:/D:/develop/repository/org/springframework/plugin/spring-plugin-metadata/1.2.0.RELEASE/spring-plugin-metadata-1.2.0.RELEASE.jar, file:/D:/develop/repository/org/mapstruct/mapstruct/1.2.0.Final/mapstruct-1.2.0.Final.jar, file:/D:/develop/repository/io/springfox/springfox-bean-validators/2.9.2/springfox-bean-validators-2.9.2.jar, file:/D:/itcast2023/xc_edu3.1/code_402/xuecheng-plus-project/xuecheng-plus-base/target/classes/, file:/D:/develop/repository/org/projectlombok/lombok/1.18.8/lombok-1.18.8.jar, file:/D:/develop/repository/org/apache/commons/commons-lang3/3.10/commons-lang3-3.10.jar, file:/D:/develop/repository/com/alibaba/fastjson/1.2.83/fastjson-1.2.83.jar, file:/D:/develop/repository/commons-lang/commons-lang/2.6/commons-lang-2.6.jar, file:/D:/develop/repository/commons-codec/commons-codec/1.14/commons-codec-1.14.jar, file:/D:/develop/repository/io/swagger/swagger-annotations/1.5.20/swagger-annotations-1.5.20.jar, file:/D:/develop/repository/com/j256/simplemagic/simplemagic/1.17/simplemagic-1.17.jar, file:/D:/develop/repository/com/google/zxing/core/3.3.3/core-3.3.3.jar, file:/D:/develop/repository/com/google/zxing/javase/3.3.3/javase-3.3.3.jar, file:/D:/develop/repository/com/beust/jcommander/1.72/jcommander-1.72.jar, file:/D:/develop/repository/com/github/jai-imageio/jai-imageio-core/1.4.0/jai-imageio-core-1.4.0.jar, file:/D:/develop/repository/com/fasterxml/jackson/module/jackson-module-parameter-names/2.11.3/jackson-module-parameter-names-2.11.3.jar, file:/D:/develop/repository/com/fasterxml/jackson/core/jackson-core/2.11.3/jackson-core-2.11.3.jar, file:/D:/develop/repository/com/fasterxml/jackson/datatype/jackson-datatype-jdk8/2.11.3/jackson-datatype-jdk8-2.11.3.jar, file:/D:/develop/repository/com/fasterxml/jackson/datatype/jackson-datatype-jsr310/2.11.3/jackson-datatype-jsr310-2.11.3.jar, file:/D:/develop/repository/com/fasterxml/jackson/core/jackson-annotations/2.11.3/jackson-annotations-2.11.3.jar, file:/D:/IntelliJ%20IDEA%202022.2.3/lib/idea_rt.jar]
2024-10-26 12:41:53,917 DEBUG [background-preinit][LoggerProviders.java:152] - Logging Provider: org.jboss.logging.Log4j2LoggerProvider
2024-10-26 12:41:53,917 DEBUG [background-preinit][LoggerProviders.java:152] - Logging Provider: org.jboss.logging.Log4j2LoggerProvider
2024-10-26 12:41:53,917 INFO [background-preinit][Version.java:21] - HV000001: Hibernate Validator 6.1.6.Final
2024-10-26 12:41:53,917 INFO [background-preinit][Version.java:21] - HV000001: Hibernate Validator 6.1.6.Final
2024-10-26 12:41:53,920 DEBUG [background-preinit][ValidationXmlParser.java:120] - Trying to load META-INF/validation.xml for XML based Validator configuration.
2024-10-26 12:41:53,920 DEBUG [background-preinit][ValidationXmlParser.java:120] - Trying to load META-INF/validation.xml for XML based Validator configuration.
2024-10-26 12:41:53,922 DEBUG [background-preinit][ResourceLoaderHelper.java:60] - Trying to load META-INF/validation.xml via TCCL
2024-10-26 12:41:53,922 DEBUG [background-preinit][ResourceLoaderHelper.java:60] - Trying to load META-INF/validation.xml via TCCL
2024-10-26 12:41:53,922 DEBUG [background-preinit][ResourceLoaderHelper.java:66] - Trying to load META-INF/validation.xml via Hibernate Validator's class loader
2024-10-26 12:41:53,922 DEBUG [background-preinit][ResourceLoaderHelper.java:66] - Trying to load META-INF/validation.xml via Hibernate Validator's class loader
2024-10-26 12:41:53,922 DEBUG [background-preinit][ValidationXmlParser.java:127] - No META-INF/validation.xml found. Using annotation based configuration only.
2024-10-26 12:41:53,922 DEBUG [background-preinit][ValidationXmlParser.java:127] - No META-INF/validation.xml found. Using annotation based configuration only.
2024-10-26 12:41:53,925 DEBUG [background-preinit][TraversableResolvers.java:60] - Cannot find javax.persistence.Persistence on classpath. Assuming non JPA 2 environment. All properties will per default be traversable.
2024-10-26 12:41:53,925 DEBUG [background-preinit][TraversableResolvers.java:60] - Cannot find javax.persistence.Persistence on classpath. Assuming non JPA 2 environment. All properties will per default be traversable.
2024-10-26 12:41:53,944 DEBUG [background-preinit][ResourceBundleMessageInterpolator.java:172] - Loaded expression factory via original TCCL
2024-10-26 12:41:53,944 DEBUG [background-preinit][ResourceBundleMessageInterpolator.java:172] - Loaded expression factory via original TCCL
2024-10-26 12:41:53,961 DEBUG [main][PropertySourcesPropertyResolver.java:115] - Found key 'spring.application.name' in PropertySource 'configurationProperties' with value of type String
2024-10-26 12:41:53,961 DEBUG [main][PropertySourcesPropertyResolver.java:115] - Found key 'spring.application.name' in PropertySource 'configurationProperties' with value of type String
2024-10-26 12:41:53,964 DEBUG [main][SpringApplication.java:679] - Loading source class org.springframework.cloud.bootstrap.BootstrapImportSelectorConfiguration
2024-10-26 12:41:53,964 DEBUG [main][SpringApplication.java:679] - Loading source class org.springframework.cloud.bootstrap.BootstrapImportSelectorConfiguration
2024-10-26 12:41:53,977 DEBUG [main][DeferredLog.java:222] - Loaded config file 'file:/D:/itcast2023/xc_edu3.1/code_402/xuecheng-plus-project/xuecheng-plus-content/xuecheng-plus-content-api/target/classes/bootstrap.yml' (classpath:/bootstrap.yml)
2024-10-26 12:41:53,977 DEBUG [main][DeferredLog.java:222] - Loaded config file 'file:/D:/itcast2023/xc_edu3.1/code_402/xuecheng-plus-project/xuecheng-plus-content/xuecheng-plus-content-api/target/classes/bootstrap.yml' (classpath:/bootstrap.yml)
2024-10-26 12:41:53,977 DEBUG [main][AbstractApplicationContext.java:596] - Refreshing org.springframework.context.annotation.AnnotationConfigApplicationContext@7de62196
2024-10-26 12:41:53,977 DEBUG [main][AbstractApplicationContext.java:596] - Refreshing org.springframework.context.annotation.AnnotationConfigApplicationContext@7de62196
2024-10-26 12:41:53,984 DEBUG [main][DefaultSingletonBeanRegistry.java:225] - Creating shared instance of singleton bean 'org.springframework.context.annotation.internalConfigurationAnnotationProcessor'
2024-10-26 12:41:53,984 DEBUG [main][DefaultSingletonBeanRegistry.java:225] - Creating shared instance of singleton bean 'org.springframework.context.annotation.internalConfigurationAnnotationProcessor'
2024-10-26 12:41:54,021 DEBUG [main][DefaultSingletonBeanRegistry.java:225] - Creating shared instance of singleton bean 'org.springframework.boot.autoconfigure.internalCachingMetadataReaderFactory'
2024-10-26 12:41:54,021 DEBUG [main][DefaultSingletonBeanRegistry.java:225] - Creating shared instance of singleton bean 'org.springframework.boot.autoconfigure.internalCachingMetadataReaderFactory'
2024-10-26 12:41:54,036 DEBUG [background-preinit][ValidatorFactoryConfigurationHelper.java:300] - HV000252: Using org.hibernate.validator.internal.engine.DefaultPropertyNodeNameProvider as property node name provider.
2024-10-26 12:41:54,036 DEBUG [background-preinit][ValidatorFactoryConfigurationHelper.java:300] - HV000252: Using org.hibernate.validator.internal.engine.DefaultPropertyNodeNameProvider as property node name provider.
2024-10-26 12:41:54,038 DEBUG [background-preinit][ValidatorFactoryConfigurationHelper.java:375] - HV000234: Using org.hibernate.validator.messageinterpolation.ResourceBundleMessageInterpolator as ValidatorFactory-scoped message interpolator.
2024-10-26 12:41:54,038 DEBUG [background-preinit][ValidatorFactoryConfigurationHelper.java:375] - HV000234: Using org.hibernate.validator.messageinterpolation.ResourceBundleMessageInterpolator as ValidatorFactory-scoped message interpolator.
2024-10-26 12:41:54,038 DEBUG [background-preinit][ValidatorFactoryConfigurationHelper.java:376] - HV000234: Using org.hibernate.validator.internal.engine.resolver.TraverseAllTraversableResolver as ValidatorFactory-scoped traversable resolver.
2024-10-26 12:41:54,038 DEBUG [background-preinit][ValidatorFactoryConfigurationHelper.java:376] - HV000234: Using org.hibernate.validator.internal.engine.resolver.TraverseAllTraversableResolver as ValidatorFactory-scoped traversable resolver.
2024-10-26 12:41:54,038 DEBUG [background-preinit][ValidatorFactoryConfigurationHelper.java:377] - HV000234: Using org.hibernate.validator.internal.util.ExecutableParameterNameProvider as ValidatorFactory-scoped parameter name provider.
2024-10-26 12:41:54,038 DEBUG [background-preinit][ValidatorFactoryConfigurationHelper.java:377] - HV000234: Using org.hibernate.validator.internal.util.ExecutableParameterNameProvider as ValidatorFactory-scoped parameter name provider.
2024-10-26 12:41:54,038 DEBUG [background-preinit][ValidatorFactoryConfigurationHelper.java:378] - HV000234: Using org.hibernate.validator.internal.engine.DefaultClockProvider as ValidatorFactory-scoped clock provider.
2024-10-26 12:41:54,038 DEBUG [background-preinit][ValidatorFactoryConfigurationHelper.java:378] - HV000234: Using org.hibernate.validator.internal.engine.DefaultClockProvider as ValidatorFactory-scoped clock provider.
2024-10-26 12:41:54,038 DEBUG [background-preinit][ValidatorFactoryConfigurationHelper.java:379] - HV000234: Using org.hibernate.validator.internal.engine.scripting.DefaultScriptEvaluatorFactory as ValidatorFactory-scoped script evaluator factory.
2024-10-26 12:41:54,038 DEBUG [background-preinit][ValidatorFactoryConfigurationHelper.java:379] - HV000234: Using org.hibernate.validator.internal.engine.scripting.DefaultScriptEvaluatorFactory as ValidatorFactory-scoped script evaluator factory.
2024-10-26 12:41:54,070 DEBUG [main][DefaultSingletonBeanRegistry.java:225] - Creating shared instance of singleton bean 'propertySourcesPlaceholderConfigurer'
2024-10-26 12:41:54,070 DEBUG [main][DefaultSingletonBeanRegistry.java:225] - Creating shared instance of singleton bean 'propertySourcesPlaceholderConfigurer'
2024-10-26 12:41:54,072 DEBUG [main][DefaultSingletonBeanRegistry.java:225] - Creating shared instance of singleton bean 'org.springframework.context.event.internalEventListenerProcessor'
2024-10-26 12:41:54,072 DEBUG [main][DefaultSingletonBeanRegistry.java:225] - Creating shared instance of singleton bean 'org.springframework.context.event.internalEventListenerProcessor'
2024-10-26 12:41:54,073 DEBUG [main][DefaultSingletonBeanRegistry.java:225] - Creating shared instance of singleton bean 'org.springframework.context.event.internalEventListenerFactory'
2024-10-26 12:41:54,073 DEBUG [main][DefaultSingletonBeanRegistry.java:225] - Creating shared instance of singleton bean 'org.springframework.context.event.internalEventListenerFactory'
2024-10-26 12:41:54,074 DEBUG [main][DefaultSingletonBeanRegistry.java:225] - Creating shared instance of singleton bean 'org.springframework.context.annotation.internalAutowiredAnnotationProcessor'
2024-10-26 12:41:54,074 DEBUG [main][DefaultSingletonBeanRegistry.java:225] - Creating shared instance of singleton bean 'org.springframework.context.annotation.internalAutowiredAnnotationProcessor'
2024-10-26 12:41:54,074 DEBUG [main][DefaultSingletonBeanRegistry.java:225] - Creating shared instance of singleton bean 'org.springframework.context.annotation.internalCommonAnnotationProcessor'
2024-10-26 12:41:54,074 DEBUG [main][DefaultSingletonBeanRegistry.java:225] - Creating shared instance of singleton bean 'org.springframework.context.annotation.internalCommonAnnotationProcessor'
2024-10-26 12:41:54,076 DEBUG [main][DefaultSingletonBeanRegistry.java:225] - Creating shared instance of singleton bean 'org.springframework.boot.context.properties.ConfigurationPropertiesBindingPostProcessor'
2024-10-26 12:41:54,076 DEBUG [main][DefaultSingletonBeanRegistry.java:225] - Creating shared instance of singleton bean 'org.springframework.boot.context.properties.ConfigurationPropertiesBindingPostProcessor'
2024-10-26 12:41:54,076 DEBUG [main][DefaultSingletonBeanRegistry.java:225] - Creating shared instance of singleton bean 'org.springframework.boot.context.internalConfigurationPropertiesBinder'
2024-10-26 12:41:54,076 DEBUG [main][DefaultSingletonBeanRegistry.java:225] - Creating shared instance of singleton bean 'org.springframework.boot.context.internalConfigurationPropertiesBinder'
2024-10-26 12:41:54,076 DEBUG [main][DefaultSingletonBeanRegistry.java:225] - Creating shared instance of singleton bean 'org.springframework.boot.context.internalConfigurationPropertiesBinderFactory'
2024-10-26 12:41:54,076 DEBUG [main][DefaultSingletonBeanRegistry.java:225] - Creating shared instance of singleton bean 'org.springframework.boot.context.internalConfigurationPropertiesBinderFactory'
2024-10-26 12:41:54,077 DEBUG [main][DefaultSingletonBeanRegistry.java:225] - Creating shared instance of singleton bean 'configurationPropertiesBeans'
2024-10-26 12:41:54,077 DEBUG [main][DefaultSingletonBeanRegistry.java:225] - Creating shared instance of singleton bean 'configurationPropertiesBeans'
2024-10-26 12:41:54,080 DEBUG [main][DefaultSingletonBeanRegistry.java:225] - Creating shared instance of singleton bean 'bootstrapImportSelectorConfiguration'
2024-10-26 12:41:54,080 DEBUG [main][DefaultSingletonBeanRegistry.java:225] - Creating shared instance of singleton bean 'bootstrapImportSelectorConfiguration'
2024-10-26 12:41:54,080 DEBUG [main][DefaultSingletonBeanRegistry.java:225] - Creating shared instance of singleton bean 'org.springframework.cloud.bootstrap.config.PropertySourceBootstrapConfiguration'
2024-10-26 12:41:54,080 DEBUG [main][DefaultSingletonBeanRegistry.java:225] - Creating shared instance of singleton bean 'org.springframework.cloud.bootstrap.config.PropertySourceBootstrapConfiguration'
2024-10-26 12:41:54,084 DEBUG [main][DefaultSingletonBeanRegistry.java:225] - Creating shared instance of singleton bean 'org.springframework.boot.context.properties.BoundConfigurationProperties'
2024-10-26 12:41:54,084 DEBUG [main][DefaultSingletonBeanRegistry.java:225] - Creating shared instance of singleton bean 'org.springframework.boot.context.properties.BoundConfigurationProperties'
2024-10-26 12:41:54,084 DEBUG [main][DefaultSingletonBeanRegistry.java:225] - Creating shared instance of singleton bean 'org.springframework.boot.context.properties.ConfigurationBeanFactoryMetadata'
2024-10-26 12:41:54,084 DEBUG [main][DefaultSingletonBeanRegistry.java:225] - Creating shared instance of singleton bean 'org.springframework.boot.context.properties.ConfigurationBeanFactoryMetadata'
2024-10-26 12:41:54,084 DEBUG [main][DefaultSingletonBeanRegistry.java:225] - Creating shared instance of singleton bean 'spring.cloud.config-org.springframework.cloud.bootstrap.config.PropertySourceBootstrapProperties'
2024-10-26 12:41:54,084 DEBUG [main][DefaultSingletonBeanRegistry.java:225] - Creating shared instance of singleton bean 'spring.cloud.config-org.springframework.cloud.bootstrap.config.PropertySourceBootstrapProperties'
2024-10-26 12:41:54,089 DEBUG [main][DefaultSingletonBeanRegistry.java:225] - Creating shared instance of singleton bean 'org.springframework.cloud.bootstrap.encrypt.EncryptionBootstrapConfiguration'
2024-10-26 12:41:54,089 DEBUG [main][DefaultSingletonBeanRegistry.java:225] - Creating shared instance of singleton bean 'org.springframework.cloud.bootstrap.encrypt.EncryptionBootstrapConfiguration'
2024-10-26 12:41:54,090 DEBUG [main][DefaultSingletonBeanRegistry.java:225] - Creating shared instance of singleton bean 'encrypt-org.springframework.cloud.bootstrap.encrypt.KeyProperties'
2024-10-26 12:41:54,090 DEBUG [main][DefaultSingletonBeanRegistry.java:225] - Creating shared instance of singleton bean 'encrypt-org.springframework.cloud.bootstrap.encrypt.KeyProperties'
2024-10-26 12:41:54,091 DEBUG [main][DefaultSingletonBeanRegistry.java:225] - Creating shared instance of singleton bean 'environmentDecryptApplicationListener'
2024-10-26 12:41:54,091 DEBUG [main][DefaultSingletonBeanRegistry.java:225] - Creating shared instance of singleton bean 'environmentDecryptApplicationListener'
2024-10-26 12:41:54,091 DEBUG [main][DefaultSingletonBeanRegistry.java:225] - Creating shared instance of singleton bean 'org.springframework.cloud.autoconfigure.ConfigurationPropertiesRebinderAutoConfiguration'
2024-10-26 12:41:54,091 DEBUG [main][DefaultSingletonBeanRegistry.java:225] - Creating shared instance of singleton bean 'org.springframework.cloud.autoconfigure.ConfigurationPropertiesRebinderAutoConfiguration'
2024-10-26 12:41:54,092 DEBUG [main][DefaultSingletonBeanRegistry.java:225] - Creating shared instance of singleton bean 'configurationPropertiesRebinder'
2024-10-26 12:41:54,092 DEBUG [main][DefaultSingletonBeanRegistry.java:225] - Creating shared instance of singleton bean 'configurationPropertiesRebinder'
2024-10-26 12:41:54,093 DEBUG [main][ConstructorResolver.java:807] - Autowiring by type from bean name 'configurationPropertiesRebinder' via factory method to bean named 'configurationPropertiesBeans'
2024-10-26 12:41:54,093 DEBUG [main][ConstructorResolver.java:807] - Autowiring by type from bean name 'configurationPropertiesRebinder' via factory method to bean named 'configurationPropertiesBeans'
2024-10-26 12:41:54,096 DEBUG [main][DefaultSingletonBeanRegistry.java:225] - Creating shared instance of singleton bean 'org.springframework.boot.autoconfigure.context.PropertyPlaceholderAutoConfiguration'
2024-10-26 12:41:54,096 DEBUG [main][DefaultSingletonBeanRegistry.java:225] - Creating shared instance of singleton bean 'org.springframework.boot.autoconfigure.context.PropertyPlaceholderAutoConfiguration'
2024-10-26 12:41:54,097 DEBUG [main][DefaultSingletonBeanRegistry.java:225] - Creating shared instance of singleton bean 'org.springframework.cloud.util.random.CachedRandomPropertySourceAutoConfiguration'
2024-10-26 12:41:54,097 DEBUG [main][DefaultSingletonBeanRegistry.java:225] - Creating shared instance of singleton bean 'org.springframework.cloud.util.random.CachedRandomPropertySourceAutoConfiguration'
2024-10-26 12:41:54,105 DEBUG [main][ConditionEvaluationReportLoggingListener.java:126] - 


============================
CONDITIONS EVALUATION REPORT
============================


Positive matches:
-----------------

   ConfigurationPropertiesRebinderAutoConfiguration matched:
      - @ConditionalOnBean (types: org.springframework.boot.context.properties.ConfigurationPropertiesBindingPostProcessor; SearchStrategy: all) found bean 'org.springframework.boot.context.properties.ConfigurationPropertiesBindingPostProcessor' (OnBeanCondition)

   ConfigurationPropertiesRebinderAutoConfiguration#configurationPropertiesBeans matched:
      - @ConditionalOnMissingBean (types: org.springframework.cloud.context.properties.ConfigurationPropertiesBeans; SearchStrategy: current) did not find any beans (OnBeanCondition)

   ConfigurationPropertiesRebinderAutoConfiguration#configurationPropertiesRebinder matched:
      - @ConditionalOnMissingBean (types: org.springframework.cloud.context.properties.ConfigurationPropertiesRebinder; SearchStrategy: current) did not find any beans (OnBeanCondition)

   EncryptionBootstrapConfiguration matched:
      - @ConditionalOnClass found required class 'org.springframework.security.crypto.encrypt.TextEncryptor' (OnClassCondition)

   PropertyPlaceholderAutoConfiguration#propertySourcesPlaceholderConfigurer matched:
      - @ConditionalOnMissingBean (types: org.springframework.context.support.PropertySourcesPlaceholderConfigurer; SearchStrategy: current) did not find any beans (OnBeanCondition)


Negative matches:
-----------------

   EncryptionBootstrapConfiguration.RsaEncryptionConfiguration:
      Did not match:
         - @ConditionalOnClass did not find required class 'org.springframework.security.rsa.crypto.RsaSecretEncryptor' (OnClassCondition)

   EncryptionBootstrapConfiguration.VanillaEncryptionConfiguration:
      Did not match:
         - Keystore nor key found in Environment (EncryptionBootstrapConfiguration.KeyCondition)
      Matched:
         - @ConditionalOnMissingClass did not find unwanted class 'org.springframework.security.rsa.crypto.RsaSecretEncryptor' (OnClassCondition)


Exclusions:
-----------

    None


Unconditional classes:
----------------------

    None



2024-10-26 12:41:54,105 DEBUG [main][ConditionEvaluationReportLoggingListener.java:126] - 


============================
CONDITIONS EVALUATION REPORT
============================


Positive matches:
-----------------

   ConfigurationPropertiesRebinderAutoConfiguration matched:
      - @ConditionalOnBean (types: org.springframework.boot.context.properties.ConfigurationPropertiesBindingPostProcessor; SearchStrategy: all) found bean 'org.springframework.boot.context.properties.ConfigurationPropertiesBindingPostProcessor' (OnBeanCondition)

   ConfigurationPropertiesRebinderAutoConfiguration#configurationPropertiesBeans matched:
      - @ConditionalOnMissingBean (types: org.springframework.cloud.context.properties.ConfigurationPropertiesBeans; SearchStrategy: current) did not find any beans (OnBeanCondition)

   ConfigurationPropertiesRebinderAutoConfiguration#configurationPropertiesRebinder matched:
      - @ConditionalOnMissingBean (types: org.springframework.cloud.context.properties.ConfigurationPropertiesRebinder; SearchStrategy: current) did not find any beans (OnBeanCondition)

   EncryptionBootstrapConfiguration matched:
      - @ConditionalOnClass found required class 'org.springframework.security.crypto.encrypt.TextEncryptor' (OnClassCondition)

   PropertyPlaceholderAutoConfiguration#propertySourcesPlaceholderConfigurer matched:
      - @ConditionalOnMissingBean (types: org.springframework.context.support.PropertySourcesPlaceholderConfigurer; SearchStrategy: current) did not find any beans (OnBeanCondition)


Negative matches:
-----------------

   EncryptionBootstrapConfiguration.RsaEncryptionConfiguration:
      Did not match:
         - @ConditionalOnClass did not find required class 'org.springframework.security.rsa.crypto.RsaSecretEncryptor' (OnClassCondition)

   EncryptionBootstrapConfiguration.VanillaEncryptionConfiguration:
      Did not match:
         - Keystore nor key found in Environment (EncryptionBootstrapConfiguration.KeyCondition)
      Matched:
         - @ConditionalOnMissingClass did not find unwanted class 'org.springframework.security.rsa.crypto.RsaSecretEncryptor' (OnClassCondition)


Exclusions:
-----------

    None


Unconditional classes:
----------------------

    None



2024-10-26 12:41:54,106 DEBUG [main][PropertySourcesPropertyResolver.java:115] - Found key 'spring.liveBeansView.mbeanDomain' in PropertySource 'systemProperties' with value of type String
2024-10-26 12:41:54,106 DEBUG [main][PropertySourcesPropertyResolver.java:115] - Found key 'spring.liveBeansView.mbeanDomain' in PropertySource 'systemProperties' with value of type String
2024-10-26 12:41:54,129 DEBUG [main][ClasspathLoggingApplicationListener.java:51] - Application started with classpath: [file:/C:/Program%20Files/Java/jdk1.8.0_202/jre/lib/charsets.jar, file:/C:/Program%20Files/Java/jdk1.8.0_202/jre/lib/deploy.jar, file:/C:/Program%20Files/Java/jdk1.8.0_202/jre/lib/ext/access-bridge-64.jar, file:/C:/Program%20Files/Java/jdk1.8.0_202/jre/lib/ext/cldrdata.jar, file:/C:/Program%20Files/Java/jdk1.8.0_202/jre/lib/ext/dnsns.jar, file:/C:/Program%20Files/Java/jdk1.8.0_202/jre/lib/ext/jaccess.jar, file:/C:/Program%20Files/Java/jdk1.8.0_202/jre/lib/ext/jfxrt.jar, file:/C:/Program%20Files/Java/jdk1.8.0_202/jre/lib/ext/localedata.jar, file:/C:/Program%20Files/Java/jdk1.8.0_202/jre/lib/ext/nashorn.jar, file:/C:/Program%20Files/Java/jdk1.8.0_202/jre/lib/ext/sunec.jar, file:/C:/Program%20Files/Java/jdk1.8.0_202/jre/lib/ext/sunjce_provider.jar, file:/C:/Program%20Files/Java/jdk1.8.0_202/jre/lib/ext/sunmscapi.jar, file:/C:/Program%20Files/Java/jdk1.8.0_202/jre/lib/ext/sunpkcs11.jar, file:/C:/Program%20Files/Java/jdk1.8.0_202/jre/lib/ext/zipfs.jar, file:/C:/Program%20Files/Java/jdk1.8.0_202/jre/lib/javaws.jar, file:/C:/Program%20Files/Java/jdk1.8.0_202/jre/lib/jce.jar, file:/C:/Program%20Files/Java/jdk1.8.0_202/jre/lib/jfr.jar, file:/C:/Program%20Files/Java/jdk1.8.0_202/jre/lib/jfxswt.jar, file:/C:/Program%20Files/Java/jdk1.8.0_202/jre/lib/jsse.jar, file:/C:/Program%20Files/Java/jdk1.8.0_202/jre/lib/management-agent.jar, file:/C:/Program%20Files/Java/jdk1.8.0_202/jre/lib/plugin.jar, file:/C:/Program%20Files/Java/jdk1.8.0_202/jre/lib/resources.jar, file:/C:/Program%20Files/Java/jdk1.8.0_202/jre/lib/rt.jar, file:/D:/itcast2023/xc_edu3.1/code_402/xuecheng-plus-project/xuecheng-plus-content/xuecheng-plus-content-api/target/classes/, file:/D:/itcast2023/xc_edu3.1/code_402/xuecheng-plus-project/xuecheng-plus-content/xuecheng-plus-content-model/target/classes/, file:/D:/develop/repository/com/baomidou/mybatis-plus-annotation/3.4.1/mybatis-plus-annotation-3.4.1.jar, file:/D:/develop/repository/com/baomidou/mybatis-plus-core/3.4.1/mybatis-plus-core-3.4.1.jar, file:/D:/develop/repository/com/github/jsqlparser/jsqlparser/3.2/jsqlparser-3.2.jar, file:/D:/develop/repository/org/mybatis/mybatis/3.5.6/mybatis-3.5.6.jar, file:/D:/develop/repository/org/springframework/cloud/spring-cloud-context/2.2.6.RELEASE/spring-cloud-context-2.2.6.RELEASE.jar, file:/D:/develop/repository/org/springframework/security/spring-security-crypto/5.3.6.RELEASE/spring-security-crypto-5.3.6.RELEASE.jar, file:/D:/develop/repository/org/springframework/boot/spring-boot-starter-web/2.3.7.RELEASE/spring-boot-starter-web-2.3.7.RELEASE.jar, file:/D:/develop/repository/org/springframework/boot/spring-boot-starter-json/2.3.7.RELEASE/spring-boot-starter-json-2.3.7.RELEASE.jar, file:/D:/develop/repository/com/fasterxml/jackson/core/jackson-databind/2.11.3/jackson-databind-2.11.3.jar, file:/D:/develop/repository/org/springframework/boot/spring-boot-starter-tomcat/2.3.7.RELEASE/spring-boot-starter-tomcat-2.3.7.RELEASE.jar, file:/D:/develop/repository/org/apache/tomcat/embed/tomcat-embed-core/9.0.41/tomcat-embed-core-9.0.41.jar, file:/D:/develop/repository/org/apache/tomcat/embed/tomcat-embed-websocket/9.0.41/tomcat-embed-websocket-9.0.41.jar, file:/D:/develop/repository/org/springframework/spring-web/5.2.12.RELEASE/spring-web-5.2.12.RELEASE.jar, file:/D:/develop/repository/org/springframework/spring-beans/5.2.12.RELEASE/spring-beans-5.2.12.RELEASE.jar, file:/D:/develop/repository/org/springframework/spring-webmvc/5.2.12.RELEASE/spring-webmvc-5.2.12.RELEASE.jar, file:/D:/develop/repository/org/springframework/spring-aop/5.2.12.RELEASE/spring-aop-5.2.12.RELEASE.jar, file:/D:/develop/repository/org/springframework/spring-context/5.2.12.RELEASE/spring-context-5.2.12.RELEASE.jar, file:/D:/develop/repository/org/springframework/spring-expression/5.2.12.RELEASE/spring-expression-5.2.12.RELEASE.jar, file:/D:/develop/repository/org/springframework/boot/spring-boot-starter/2.3.7.RELEASE/spring-boot-starter-2.3.7.RELEASE.jar, file:/D:/develop/repository/org/springframework/boot/spring-boot/2.3.7.RELEASE/spring-boot-2.3.7.RELEASE.jar, file:/D:/develop/repository/org/springframework/boot/spring-boot-autoconfigure/2.3.7.RELEASE/spring-boot-autoconfigure-2.3.7.RELEASE.jar, file:/D:/develop/repository/jakarta/annotation/jakarta.annotation-api/1.3.5/jakarta.annotation-api-1.3.5.jar, file:/D:/develop/repository/org/springframework/spring-core/5.2.12.RELEASE/spring-core-5.2.12.RELEASE.jar, file:/D:/develop/repository/org/springframework/spring-jcl/5.2.12.RELEASE/spring-jcl-5.2.12.RELEASE.jar, file:/D:/develop/repository/org/yaml/snakeyaml/1.26/snakeyaml-1.26.jar, file:/D:/develop/repository/org/springframework/boot/spring-boot-starter-validation/2.3.7.RELEASE/spring-boot-starter-validation-2.3.7.RELEASE.jar, file:/D:/develop/repository/org/glassfish/jakarta.el/3.0.3/jakarta.el-3.0.3.jar, file:/D:/develop/repository/org/hibernate/validator/hibernate-validator/6.1.6.Final/hibernate-validator-6.1.6.Final.jar, file:/D:/develop/repository/jakarta/validation/jakarta.validation-api/2.0.2/jakarta.validation-api-2.0.2.jar, file:/D:/develop/repository/org/jboss/logging/jboss-logging/3.4.1.Final/jboss-logging-3.4.1.Final.jar, file:/D:/develop/repository/com/fasterxml/classmate/1.5.1/classmate-1.5.1.jar, file:/D:/develop/repository/org/springframework/boot/spring-boot-starter-log4j2/2.3.7.RELEASE/spring-boot-starter-log4j2-2.3.7.RELEASE.jar, file:/D:/develop/repository/org/apache/logging/log4j/log4j-slf4j-impl/2.13.3/log4j-slf4j-impl-2.13.3.jar, file:/D:/develop/repository/org/slf4j/slf4j-api/1.7.30/slf4j-api-1.7.30.jar, file:/D:/develop/repository/org/apache/logging/log4j/log4j-api/2.13.3/log4j-api-2.13.3.jar, file:/D:/develop/repository/org/apache/logging/log4j/log4j-core/2.13.3/log4j-core-2.13.3.jar, file:/D:/develop/repository/org/apache/logging/log4j/log4j-jul/2.13.3/log4j-jul-2.13.3.jar, file:/D:/develop/repository/org/slf4j/jul-to-slf4j/1.7.30/jul-to-slf4j-1.7.30.jar, file:/D:/develop/repository/com/spring4all/swagger-spring-boot-starter/1.9.0.RELEASE/swagger-spring-boot-starter-1.9.0.RELEASE.jar, file:/D:/develop/repository/io/springfox/springfox-swagger-ui/2.9.2/springfox-swagger-ui-2.9.2.jar, file:/D:/develop/repository/io/springfox/springfox-spring-web/2.9.2/springfox-spring-web-2.9.2.jar, file:/D:/develop/repository/io/springfox/springfox-swagger2/2.9.2/springfox-swagger2-2.9.2.jar, file:/D:/develop/repository/io/swagger/swagger-models/1.5.20/swagger-models-1.5.20.jar, file:/D:/develop/repository/io/springfox/springfox-spi/2.9.2/springfox-spi-2.9.2.jar, file:/D:/develop/repository/io/springfox/springfox-core/2.9.2/springfox-core-2.9.2.jar, file:/D:/develop/repository/net/bytebuddy/byte-buddy/1.10.18/byte-buddy-1.10.18.jar, file:/D:/develop/repository/io/springfox/springfox-schema/2.9.2/springfox-schema-2.9.2.jar, file:/D:/develop/repository/io/springfox/springfox-swagger-common/2.9.2/springfox-swagger-common-2.9.2.jar, file:/D:/develop/repository/com/google/guava/guava/25.0-jre/guava-25.0-jre.jar, file:/D:/develop/repository/com/google/code/findbugs/jsr305/1.3.9/jsr305-1.3.9.jar, file:/D:/develop/repository/org/checkerframework/checker-compat-qual/2.0.0/checker-compat-qual-2.0.0.jar, file:/D:/develop/repository/com/google/errorprone/error_prone_annotations/2.1.3/error_prone_annotations-2.1.3.jar, file:/D:/develop/repository/com/google/j2objc/j2objc-annotations/1.1/j2objc-annotations-1.1.jar, file:/D:/develop/repository/org/codehaus/mojo/animal-sniffer-annotations/1.14/animal-sniffer-annotations-1.14.jar, file:/D:/develop/repository/org/springframework/plugin/spring-plugin-core/1.2.0.RELEASE/spring-plugin-core-1.2.0.RELEASE.jar, file:/D:/develop/repository/org/springframework/plugin/spring-plugin-metadata/1.2.0.RELEASE/spring-plugin-metadata-1.2.0.RELEASE.jar, file:/D:/develop/repository/org/mapstruct/mapstruct/1.2.0.Final/mapstruct-1.2.0.Final.jar, file:/D:/develop/repository/io/springfox/springfox-bean-validators/2.9.2/springfox-bean-validators-2.9.2.jar, file:/D:/itcast2023/xc_edu3.1/code_402/xuecheng-plus-project/xuecheng-plus-base/target/classes/, file:/D:/develop/repository/org/projectlombok/lombok/1.18.8/lombok-1.18.8.jar, file:/D:/develop/repository/org/apache/commons/commons-lang3/3.10/commons-lang3-3.10.jar, file:/D:/develop/repository/com/alibaba/fastjson/1.2.83/fastjson-1.2.83.jar, file:/D:/develop/repository/commons-lang/commons-lang/2.6/commons-lang-2.6.jar, file:/D:/develop/repository/commons-codec/commons-codec/1.14/commons-codec-1.14.jar, file:/D:/develop/repository/io/swagger/swagger-annotations/1.5.20/swagger-annotations-1.5.20.jar, file:/D:/develop/repository/com/j256/simplemagic/simplemagic/1.17/simplemagic-1.17.jar, file:/D:/develop/repository/com/google/zxing/core/3.3.3/core-3.3.3.jar, file:/D:/develop/repository/com/google/zxing/javase/3.3.3/javase-3.3.3.jar, file:/D:/develop/repository/com/beust/jcommander/1.72/jcommander-1.72.jar, file:/D:/develop/repository/com/github/jai-imageio/jai-imageio-core/1.4.0/jai-imageio-core-1.4.0.jar, file:/D:/develop/repository/com/fasterxml/jackson/module/jackson-module-parameter-names/2.11.3/jackson-module-parameter-names-2.11.3.jar, file:/D:/develop/repository/com/fasterxml/jackson/core/jackson-core/2.11.3/jackson-core-2.11.3.jar, file:/D:/develop/repository/com/fasterxml/jackson/datatype/jackson-datatype-jdk8/2.11.3/jackson-datatype-jdk8-2.11.3.jar, file:/D:/develop/repository/com/fasterxml/jackson/datatype/jackson-datatype-jsr310/2.11.3/jackson-datatype-jsr310-2.11.3.jar, file:/D:/develop/repository/com/fasterxml/jackson/core/jackson-annotations/2.11.3/jackson-annotations-2.11.3.jar, file:/D:/IntelliJ%20IDEA%202022.2.3/lib/idea_rt.jar]
2024-10-26 12:41:54,129 DEBUG [main][ClasspathLoggingApplicationListener.java:51] - Application started with classpath: [file:/C:/Program%20Files/Java/jdk1.8.0_202/jre/lib/charsets.jar, file:/C:/Program%20Files/Java/jdk1.8.0_202/jre/lib/deploy.jar, file:/C:/Program%20Files/Java/jdk1.8.0_202/jre/lib/ext/access-bridge-64.jar, file:/C:/Program%20Files/Java/jdk1.8.0_202/jre/lib/ext/cldrdata.jar, file:/C:/Program%20Files/Java/jdk1.8.0_202/jre/lib/ext/dnsns.jar, file:/C:/Program%20Files/Java/jdk1.8.0_202/jre/lib/ext/jaccess.jar, file:/C:/Program%20Files/Java/jdk1.8.0_202/jre/lib/ext/jfxrt.jar, file:/C:/Program%20Files/Java/jdk1.8.0_202/jre/lib/ext/localedata.jar, file:/C:/Program%20Files/Java/jdk1.8.0_202/jre/lib/ext/nashorn.jar, file:/C:/Program%20Files/Java/jdk1.8.0_202/jre/lib/ext/sunec.jar, file:/C:/Program%20Files/Java/jdk1.8.0_202/jre/lib/ext/sunjce_provider.jar, file:/C:/Program%20Files/Java/jdk1.8.0_202/jre/lib/ext/sunmscapi.jar, file:/C:/Program%20Files/Java/jdk1.8.0_202/jre/lib/ext/sunpkcs11.jar, file:/C:/Program%20Files/Java/jdk1.8.0_202/jre/lib/ext/zipfs.jar, file:/C:/Program%20Files/Java/jdk1.8.0_202/jre/lib/javaws.jar, file:/C:/Program%20Files/Java/jdk1.8.0_202/jre/lib/jce.jar, file:/C:/Program%20Files/Java/jdk1.8.0_202/jre/lib/jfr.jar, file:/C:/Program%20Files/Java/jdk1.8.0_202/jre/lib/jfxswt.jar, file:/C:/Program%20Files/Java/jdk1.8.0_202/jre/lib/jsse.jar, file:/C:/Program%20Files/Java/jdk1.8.0_202/jre/lib/management-agent.jar, file:/C:/Program%20Files/Java/jdk1.8.0_202/jre/lib/plugin.jar, file:/C:/Program%20Files/Java/jdk1.8.0_202/jre/lib/resources.jar, file:/C:/Program%20Files/Java/jdk1.8.0_202/jre/lib/rt.jar, file:/D:/itcast2023/xc_edu3.1/code_402/xuecheng-plus-project/xuecheng-plus-content/xuecheng-plus-content-api/target/classes/, file:/D:/itcast2023/xc_edu3.1/code_402/xuecheng-plus-project/xuecheng-plus-content/xuecheng-plus-content-model/target/classes/, file:/D:/develop/repository/com/baomidou/mybatis-plus-annotation/3.4.1/mybatis-plus-annotation-3.4.1.jar, file:/D:/develop/repository/com/baomidou/mybatis-plus-core/3.4.1/mybatis-plus-core-3.4.1.jar, file:/D:/develop/repository/com/github/jsqlparser/jsqlparser/3.2/jsqlparser-3.2.jar, file:/D:/develop/repository/org/mybatis/mybatis/3.5.6/mybatis-3.5.6.jar, file:/D:/develop/repository/org/springframework/cloud/spring-cloud-context/2.2.6.RELEASE/spring-cloud-context-2.2.6.RELEASE.jar, file:/D:/develop/repository/org/springframework/security/spring-security-crypto/5.3.6.RELEASE/spring-security-crypto-5.3.6.RELEASE.jar, file:/D:/develop/repository/org/springframework/boot/spring-boot-starter-web/2.3.7.RELEASE/spring-boot-starter-web-2.3.7.RELEASE.jar, file:/D:/develop/repository/org/springframework/boot/spring-boot-starter-json/2.3.7.RELEASE/spring-boot-starter-json-2.3.7.RELEASE.jar, file:/D:/develop/repository/com/fasterxml/jackson/core/jackson-databind/2.11.3/jackson-databind-2.11.3.jar, file:/D:/develop/repository/org/springframework/boot/spring-boot-starter-tomcat/2.3.7.RELEASE/spring-boot-starter-tomcat-2.3.7.RELEASE.jar, file:/D:/develop/repository/org/apache/tomcat/embed/tomcat-embed-core/9.0.41/tomcat-embed-core-9.0.41.jar, file:/D:/develop/repository/org/apache/tomcat/embed/tomcat-embed-websocket/9.0.41/tomcat-embed-websocket-9.0.41.jar, file:/D:/develop/repository/org/springframework/spring-web/5.2.12.RELEASE/spring-web-5.2.12.RELEASE.jar, file:/D:/develop/repository/org/springframework/spring-beans/5.2.12.RELEASE/spring-beans-5.2.12.RELEASE.jar, file:/D:/develop/repository/org/springframework/spring-webmvc/5.2.12.RELEASE/spring-webmvc-5.2.12.RELEASE.jar, file:/D:/develop/repository/org/springframework/spring-aop/5.2.12.RELEASE/spring-aop-5.2.12.RELEASE.jar, file:/D:/develop/repository/org/springframework/spring-context/5.2.12.RELEASE/spring-context-5.2.12.RELEASE.jar, file:/D:/develop/repository/org/springframework/spring-expression/5.2.12.RELEASE/spring-expression-5.2.12.RELEASE.jar, file:/D:/develop/repository/org/springframework/boot/spring-boot-starter/2.3.7.RELEASE/spring-boot-starter-2.3.7.RELEASE.jar, file:/D:/develop/repository/org/springframework/boot/spring-boot/2.3.7.RELEASE/spring-boot-2.3.7.RELEASE.jar, file:/D:/develop/repository/org/springframework/boot/spring-boot-autoconfigure/2.3.7.RELEASE/spring-boot-autoconfigure-2.3.7.RELEASE.jar, file:/D:/develop/repository/jakarta/annotation/jakarta.annotation-api/1.3.5/jakarta.annotation-api-1.3.5.jar, file:/D:/develop/repository/org/springframework/spring-core/5.2.12.RELEASE/spring-core-5.2.12.RELEASE.jar, file:/D:/develop/repository/org/springframework/spring-jcl/5.2.12.RELEASE/spring-jcl-5.2.12.RELEASE.jar, file:/D:/develop/repository/org/yaml/snakeyaml/1.26/snakeyaml-1.26.jar, file:/D:/develop/repository/org/springframework/boot/spring-boot-starter-validation/2.3.7.RELEASE/spring-boot-starter-validation-2.3.7.RELEASE.jar, file:/D:/develop/repository/org/glassfish/jakarta.el/3.0.3/jakarta.el-3.0.3.jar, file:/D:/develop/repository/org/hibernate/validator/hibernate-validator/6.1.6.Final/hibernate-validator-6.1.6.Final.jar, file:/D:/develop/repository/jakarta/validation/jakarta.validation-api/2.0.2/jakarta.validation-api-2.0.2.jar, file:/D:/develop/repository/org/jboss/logging/jboss-logging/3.4.1.Final/jboss-logging-3.4.1.Final.jar, file:/D:/develop/repository/com/fasterxml/classmate/1.5.1/classmate-1.5.1.jar, file:/D:/develop/repository/org/springframework/boot/spring-boot-starter-log4j2/2.3.7.RELEASE/spring-boot-starter-log4j2-2.3.7.RELEASE.jar, file:/D:/develop/repository/org/apache/logging/log4j/log4j-slf4j-impl/2.13.3/log4j-slf4j-impl-2.13.3.jar, file:/D:/develop/repository/org/slf4j/slf4j-api/1.7.30/slf4j-api-1.7.30.jar, file:/D:/develop/repository/org/apache/logging/log4j/log4j-api/2.13.3/log4j-api-2.13.3.jar, file:/D:/develop/repository/org/apache/logging/log4j/log4j-core/2.13.3/log4j-core-2.13.3.jar, file:/D:/develop/repository/org/apache/logging/log4j/log4j-jul/2.13.3/log4j-jul-2.13.3.jar, file:/D:/develop/repository/org/slf4j/jul-to-slf4j/1.7.30/jul-to-slf4j-1.7.30.jar, file:/D:/develop/repository/com/spring4all/swagger-spring-boot-starter/1.9.0.RELEASE/swagger-spring-boot-starter-1.9.0.RELEASE.jar, file:/D:/develop/repository/io/springfox/springfox-swagger-ui/2.9.2/springfox-swagger-ui-2.9.2.jar, file:/D:/develop/repository/io/springfox/springfox-spring-web/2.9.2/springfox-spring-web-2.9.2.jar, file:/D:/develop/repository/io/springfox/springfox-swagger2/2.9.2/springfox-swagger2-2.9.2.jar, file:/D:/develop/repository/io/swagger/swagger-models/1.5.20/swagger-models-1.5.20.jar, file:/D:/develop/repository/io/springfox/springfox-spi/2.9.2/springfox-spi-2.9.2.jar, file:/D:/develop/repository/io/springfox/springfox-core/2.9.2/springfox-core-2.9.2.jar, file:/D:/develop/repository/net/bytebuddy/byte-buddy/1.10.18/byte-buddy-1.10.18.jar, file:/D:/develop/repository/io/springfox/springfox-schema/2.9.2/springfox-schema-2.9.2.jar, file:/D:/develop/repository/io/springfox/springfox-swagger-common/2.9.2/springfox-swagger-common-2.9.2.jar, file:/D:/develop/repository/com/google/guava/guava/25.0-jre/guava-25.0-jre.jar, file:/D:/develop/repository/com/google/code/findbugs/jsr305/1.3.9/jsr305-1.3.9.jar, file:/D:/develop/repository/org/checkerframework/checker-compat-qual/2.0.0/checker-compat-qual-2.0.0.jar, file:/D:/develop/repository/com/google/errorprone/error_prone_annotations/2.1.3/error_prone_annotations-2.1.3.jar, file:/D:/develop/repository/com/google/j2objc/j2objc-annotations/1.1/j2objc-annotations-1.1.jar, file:/D:/develop/repository/org/codehaus/mojo/animal-sniffer-annotations/1.14/animal-sniffer-annotations-1.14.jar, file:/D:/develop/repository/org/springframework/plugin/spring-plugin-core/1.2.0.RELEASE/spring-plugin-core-1.2.0.RELEASE.jar, file:/D:/develop/repository/org/springframework/plugin/spring-plugin-metadata/1.2.0.RELEASE/spring-plugin-metadata-1.2.0.RELEASE.jar, file:/D:/develop/repository/org/mapstruct/mapstruct/1.2.0.Final/mapstruct-1.2.0.Final.jar, file:/D:/develop/repository/io/springfox/springfox-bean-validators/2.9.2/springfox-bean-validators-2.9.2.jar, file:/D:/itcast2023/xc_edu3.1/code_402/xuecheng-plus-project/xuecheng-plus-base/target/classes/, file:/D:/develop/repository/org/projectlombok/lombok/1.18.8/lombok-1.18.8.jar, file:/D:/develop/repository/org/apache/commons/commons-lang3/3.10/commons-lang3-3.10.jar, file:/D:/develop/repository/com/alibaba/fastjson/1.2.83/fastjson-1.2.83.jar, file:/D:/develop/repository/commons-lang/commons-lang/2.6/commons-lang-2.6.jar, file:/D:/develop/repository/commons-codec/commons-codec/1.14/commons-codec-1.14.jar, file:/D:/develop/repository/io/swagger/swagger-annotations/1.5.20/swagger-annotations-1.5.20.jar, file:/D:/develop/repository/com/j256/simplemagic/simplemagic/1.17/simplemagic-1.17.jar, file:/D:/develop/repository/com/google/zxing/core/3.3.3/core-3.3.3.jar, file:/D:/develop/repository/com/google/zxing/javase/3.3.3/javase-3.3.3.jar, file:/D:/develop/repository/com/beust/jcommander/1.72/jcommander-1.72.jar, file:/D:/develop/repository/com/github/jai-imageio/jai-imageio-core/1.4.0/jai-imageio-core-1.4.0.jar, file:/D:/develop/repository/com/fasterxml/jackson/module/jackson-module-parameter-names/2.11.3/jackson-module-parameter-names-2.11.3.jar, file:/D:/develop/repository/com/fasterxml/jackson/core/jackson-core/2.11.3/jackson-core-2.11.3.jar, file:/D:/develop/repository/com/fasterxml/jackson/datatype/jackson-datatype-jdk8/2.11.3/jackson-datatype-jdk8-2.11.3.jar, file:/D:/develop/repository/com/fasterxml/jackson/datatype/jackson-datatype-jsr310/2.11.3/jackson-datatype-jsr310-2.11.3.jar, file:/D:/develop/repository/com/fasterxml/jackson/core/jackson-annotations/2.11.3/jackson-annotations-2.11.3.jar, file:/D:/IntelliJ%20IDEA%202022.2.3/lib/idea_rt.jar]
2024-10-26 12:41:54,137 INFO [main][SpringApplication.java:651] - No active profile set, falling back to default profiles: default
2024-10-26 12:41:54,137 INFO [main][SpringApplication.java:651] - No active profile set, falling back to default profiles: default
2024-10-26 12:41:54,138 DEBUG [main][SpringApplication.java:679] - Loading source class com.xuecheng.ContentApplication,class org.springframework.cloud.bootstrap.BootstrapApplicationListener$BootstrapMarkerConfiguration
2024-10-26 12:41:54,138 DEBUG [main][SpringApplication.java:679] - Loading source class com.xuecheng.ContentApplication,class org.springframework.cloud.bootstrap.BootstrapApplicationListener$BootstrapMarkerConfiguration
2024-10-26 12:41:54,145 DEBUG [main][AbstractApplicationContext.java:596] - Refreshing org.springframework.boot.web.servlet.context.AnnotationConfigServletWebServerApplicationContext@74a6a609
2024-10-26 12:41:54,145 DEBUG [main][AbstractApplicationContext.java:596] - Refreshing org.springframework.boot.web.servlet.context.AnnotationConfigServletWebServerApplicationContext@74a6a609
2024-10-26 12:41:54,151 DEBUG [main][DefaultSingletonBeanRegistry.java:225] - Creating shared instance of singleton bean 'org.springframework.context.annotation.internalConfigurationAnnotationProcessor'
2024-10-26 12:41:54,151 DEBUG [main][DefaultSingletonBeanRegistry.java:225] - Creating shared instance of singleton bean 'org.springframework.context.annotation.internalConfigurationAnnotationProcessor'
2024-10-26 12:41:54,151 DEBUG [main][DefaultSingletonBeanRegistry.java:225] - Creating shared instance of singleton bean 'org.springframework.boot.autoconfigure.internalCachingMetadataReaderFactory'
2024-10-26 12:41:54,151 DEBUG [main][DefaultSingletonBeanRegistry.java:225] - Creating shared instance of singleton bean 'org.springframework.boot.autoconfigure.internalCachingMetadataReaderFactory'
2024-10-26 12:41:54,167 DEBUG [main][ClassPathScanningCandidateComponentProvider.java:435] - Identified candidate component class: file [D:\itcast2023\xc_edu3.1\code_402\xuecheng-plus-project\xuecheng-plus-content\xuecheng-plus-content-api\target\classes\com\xuecheng\content\api\CourseBaseInfoController.class]
2024-10-26 12:41:54,167 DEBUG [main][ClassPathScanningCandidateComponentProvider.java:435] - Identified candidate component class: file [D:\itcast2023\xc_edu3.1\code_402\xuecheng-plus-project\xuecheng-plus-content\xuecheng-plus-content-api\target\classes\com\xuecheng\content\api\CourseBaseInfoController.class]
2024-10-26 12:41:54,249 DEBUG [main][PropertySourcesPropertyResolver.java:115] - Found key 'spring.jmx.enabled' in PropertySource 'configurationProperties' with value of type String
2024-10-26 12:41:54,249 DEBUG [main][PropertySourcesPropertyResolver.java:115] - Found key 'spring.jmx.enabled' in PropertySource 'configurationProperties' with value of type String
2024-10-26 12:41:54,250 DEBUG [main][PropertySourcesPropertyResolver.java:115] - Found key 'spring.application.admin.enabled' in PropertySource 'configurationProperties' with value of type String
2024-10-26 12:41:54,250 DEBUG [main][PropertySourcesPropertyResolver.java:115] - Found key 'spring.application.admin.enabled' in PropertySource 'configurationProperties' with value of type String
2024-10-26 12:41:54,336 DEBUG [main][PropertySourcesPropertyResolver.java:115] - Found key 'spring.jmx.enabled' in PropertySource 'configurationProperties' with value of type String
2024-10-26 12:41:54,336 DEBUG [main][PropertySourcesPropertyResolver.java:115] - Found key 'spring.jmx.enabled' in PropertySource 'configurationProperties' with value of type String
2024-10-26 12:41:54,341 DEBUG [main][PropertySourcesPropertyResolver.java:115] - Found key 'spring.application.admin.enabled' in PropertySource 'configurationProperties' with value of type String
2024-10-26 12:41:54,341 DEBUG [main][PropertySourcesPropertyResolver.java:115] - Found key 'spring.application.admin.enabled' in PropertySource 'configurationProperties' with value of type String
2024-10-26 12:41:54,373 DEBUG [main][DefaultSingletonBeanRegistry.java:225] - Creating shared instance of singleton bean 'refreshScope'
2024-10-26 12:41:54,373 DEBUG [main][DefaultSingletonBeanRegistry.java:225] - Creating shared instance of singleton bean 'refreshScope'
2024-10-26 12:41:54,373 DEBUG [main][DefaultSingletonBeanRegistry.java:225] - Creating shared instance of singleton bean 'org.springframework.cloud.autoconfigure.RefreshAutoConfiguration$RefreshScopeBeanDefinitionEnhancer'
2024-10-26 12:41:54,373 DEBUG [main][DefaultSingletonBeanRegistry.java:225] - Creating shared instance of singleton bean 'org.springframework.cloud.autoconfigure.RefreshAutoConfiguration$RefreshScopeBeanDefinitionEnhancer'
2024-10-26 12:41:54,407 DEBUG [main][GenericScope.java:291] - Generating bean factory id from names: [applicationAvailability, applicationTaskExecutor, basicErrorController, beanNameHandlerMapping, beanNameViewResolver, bootstrapApplicationListener.BootstrapMarkerConfiguration, characterEncodingFilter, configurationPropertiesBeans, configurationPropertiesRebinder, contentApplication, contextRefresher, conventionErrorViewResolver, courseBaseInfoController, defaultServletHandlerMapping, defaultValidator, defaultViewResolver, dispatcherServlet, dispatcherServletRegistration, environmentManager, error, errorAttributes, errorPageCustomizer, errorPageRegistrarBeanPostProcessor, formContentFilter, handlerExceptionResolver, handlerFunctionAdapter, httpRequestHandlerAdapter, jacksonObjectMapper, jacksonObjectMapperBuilder, jsonComponentModule, lifecycleProcessor, localeCharsetMappingsCustomizer, loggingRebinder, mappingJackson2HttpMessageConverter, mbeanExporter, mbeanServer, messageConverters, methodValidationPostProcessor, multipartConfigElement, multipartResolver, mvcContentNegotiationManager, mvcConversionService, mvcHandlerMappingIntrospector, mvcPathMatcher, mvcResourceUrlProvider, mvcUriComponentsContributor, mvcUrlPathHelper, mvcValidator, mvcViewResolver, objectNamingStrategy, org.springframework.boot.autoconfigure.AutoConfigurationPackages, org.springframework.boot.autoconfigure.admin.SpringApplicationAdminJmxAutoConfiguration, org.springframework.boot.autoconfigure.aop.AopAutoConfiguration, org.springframework.boot.autoconfigure.aop.AopAutoConfiguration$ClassProxyingConfiguration, org.springframework.boot.autoconfigure.availability.ApplicationAvailabilityAutoConfiguration, org.springframework.boot.autoconfigure.context.ConfigurationPropertiesAutoConfiguration, org.springframework.boot.autoconfigure.context.LifecycleAutoConfiguration, org.springframework.boot.autoconfigure.context.PropertyPlaceholderAutoConfiguration, org.springframework.boot.autoconfigure.http.HttpMessageConvertersAutoConfiguration, org.springframework.boot.autoconfigure.http.HttpMessageConvertersAutoConfiguration$StringHttpMessageConverterConfiguration, org.springframework.boot.autoconfigure.http.JacksonHttpMessageConvertersConfiguration, org.springframework.boot.autoconfigure.http.JacksonHttpMessageConvertersConfiguration$MappingJackson2HttpMessageConverterConfiguration, org.springframework.boot.autoconfigure.info.ProjectInfoAutoConfiguration, org.springframework.boot.autoconfigure.internalCachingMetadataReaderFactory, org.springframework.boot.autoconfigure.jackson.JacksonAutoConfiguration, org.springframework.boot.autoconfigure.jackson.JacksonAutoConfiguration$Jackson2ObjectMapperBuilderCustomizerConfiguration, org.springframework.boot.autoconfigure.jackson.JacksonAutoConfiguration$JacksonObjectMapperBuilderConfiguration, org.springframework.boot.autoconfigure.jackson.JacksonAutoConfiguration$JacksonObjectMapperConfiguration, org.springframework.boot.autoconfigure.jackson.JacksonAutoConfiguration$ParameterNamesModuleConfiguration, org.springframework.boot.autoconfigure.jmx.JmxAutoConfiguration, org.springframework.boot.autoconfigure.task.TaskExecutionAutoConfiguration, org.springframework.boot.autoconfigure.task.TaskSchedulingAutoConfiguration, org.springframework.boot.autoconfigure.validation.ValidationAutoConfiguration, org.springframework.boot.autoconfigure.web.client.RestTemplateAutoConfiguration, org.springframework.boot.autoconfigure.web.embedded.EmbeddedWebServerFactoryCustomizerAutoConfiguration, org.springframework.boot.autoconfigure.web.embedded.EmbeddedWebServerFactoryCustomizerAutoConfiguration$TomcatWebServerFactoryCustomizerConfiguration, org.springframework.boot.autoconfigure.web.servlet.DispatcherServletAutoConfiguration, org.springframework.boot.autoconfigure.web.servlet.DispatcherServletAutoConfiguration$DispatcherServletConfiguration, org.springframework.boot.autoconfigure.web.servlet.DispatcherServletAutoConfiguration$DispatcherServletRegistrationConfiguration, org.springframework.boot.autoconfigure.web.servlet.HttpEncodingAutoConfiguration, org.springframework.boot.autoconfigure.web.servlet.MultipartAutoConfiguration, org.springframework.boot.autoconfigure.web.servlet.ServletWebServerFactoryAutoConfiguration, org.springframework.boot.autoconfigure.web.servlet.ServletWebServerFactoryConfiguration$EmbeddedTomcat, org.springframework.boot.autoconfigure.web.servlet.WebMvcAutoConfiguration, org.springframework.boot.autoconfigure.web.servlet.WebMvcAutoConfiguration$EnableWebMvcConfiguration, org.springframework.boot.autoconfigure.web.servlet.WebMvcAutoConfiguration$WebMvcAutoConfigurationAdapter, org.springframework.boot.autoconfigure.web.servlet.error.ErrorMvcAutoConfiguration, org.springframework.boot.autoconfigure.web.servlet.error.ErrorMvcAutoConfiguration$DefaultErrorViewResolverConfiguration, org.springframework.boot.autoconfigure.web.servlet.error.ErrorMvcAutoConfiguration$WhitelabelErrorViewConfiguration, org.springframework.boot.autoconfigure.websocket.servlet.WebSocketServletAutoConfiguration, org.springframework.boot.autoconfigure.websocket.servlet.WebSocketServletAutoConfiguration$TomcatWebSocketConfiguration, org.springframework.boot.context.internalConfigurationPropertiesBinder, org.springframework.boot.context.internalConfigurationPropertiesBinderFactory, org.springframework.boot.context.properties.BoundConfigurationProperties, org.springframework.boot.context.properties.ConfigurationBeanFactoryMetadata, org.springframework.boot.context.properties.ConfigurationPropertiesBindingPostProcessor, org.springframework.cloud.autoconfigure.ConfigurationPropertiesRebinderAutoConfiguration, org.springframework.cloud.autoconfigure.LifecycleMvcEndpointAutoConfiguration, org.springframework.cloud.autoconfigure.RefreshAutoConfiguration, org.springframework.cloud.autoconfigure.RefreshAutoConfiguration$RefreshScopeBeanDefinitionEnhancer, org.springframework.context.annotation.internalAutowiredAnnotationProcessor, org.springframework.context.annotation.internalCommonAnnotationProcessor, org.springframework.context.annotation.internalConfigurationAnnotationProcessor, org.springframework.context.event.internalEventListenerFactory, org.springframework.context.event.internalEventListenerProcessor, parameterNamesModule, preserveErrorControllerTargetClassPostProcessor, propertySourcesPlaceholderConfigurer, refreshEventListener, refreshScope, requestContextFilter, requestMappingHandlerAdapter, requestMappingHandlerMapping, resourceHandlerMapping, restTemplateBuilder, routerFunctionMapping, server-org.springframework.boot.autoconfigure.web.ServerProperties, servletWebServerFactoryCustomizer, simpleControllerHandlerAdapter, spring.info-org.springframework.boot.autoconfigure.info.ProjectInfoProperties, spring.jackson-org.springframework.boot.autoconfigure.jackson.JacksonProperties, spring.lifecycle-org.springframework.boot.autoconfigure.context.LifecycleProperties, spring.mvc-org.springframework.boot.autoconfigure.web.servlet.WebMvcProperties, spring.resources-org.springframework.boot.autoconfigure.web.ResourceProperties, spring.servlet.multipart-org.springframework.boot.autoconfigure.web.servlet.MultipartProperties, spring.task.execution-org.springframework.boot.autoconfigure.task.TaskExecutionProperties, spring.task.scheduling-org.springframework.boot.autoconfigure.task.TaskSchedulingProperties, springApplicationAdminRegistrar, standardJacksonObjectMapperBuilderCustomizer, stringHttpMessageConverter, taskExecutorBuilder, taskSchedulerBuilder, tomcatServletWebServerFactory, tomcatServletWebServerFactoryCustomizer, tomcatWebServerFactoryCustomizer, viewControllerHandlerMapping, viewResolver, webServerFactoryCustomizerBeanPostProcessor, websocketServletWebServerCustomizer, welcomePageHandlerMapping]
2024-10-26 12:41:54,407 DEBUG [main][GenericScope.java:291] - Generating bean factory id from names: [applicationAvailability, applicationTaskExecutor, basicErrorController, beanNameHandlerMapping, beanNameViewResolver, bootstrapApplicationListener.BootstrapMarkerConfiguration, characterEncodingFilter, configurationPropertiesBeans, configurationPropertiesRebinder, contentApplication, contextRefresher, conventionErrorViewResolver, courseBaseInfoController, defaultServletHandlerMapping, defaultValidator, defaultViewResolver, dispatcherServlet, dispatcherServletRegistration, environmentManager, error, errorAttributes, errorPageCustomizer, errorPageRegistrarBeanPostProcessor, formContentFilter, handlerExceptionResolver, handlerFunctionAdapter, httpRequestHandlerAdapter, jacksonObjectMapper, jacksonObjectMapperBuilder, jsonComponentModule, lifecycleProcessor, localeCharsetMappingsCustomizer, loggingRebinder, mappingJackson2HttpMessageConverter, mbeanExporter, mbeanServer, messageConverters, methodValidationPostProcessor, multipartConfigElement, multipartResolver, mvcContentNegotiationManager, mvcConversionService, mvcHandlerMappingIntrospector, mvcPathMatcher, mvcResourceUrlProvider, mvcUriComponentsContributor, mvcUrlPathHelper, mvcValidator, mvcViewResolver, objectNamingStrategy, org.springframework.boot.autoconfigure.AutoConfigurationPackages, org.springframework.boot.autoconfigure.admin.SpringApplicationAdminJmxAutoConfiguration, org.springframework.boot.autoconfigure.aop.AopAutoConfiguration, org.springframework.boot.autoconfigure.aop.AopAutoConfiguration$ClassProxyingConfiguration, org.springframework.boot.autoconfigure.availability.ApplicationAvailabilityAutoConfiguration, org.springframework.boot.autoconfigure.context.ConfigurationPropertiesAutoConfiguration, org.springframework.boot.autoconfigure.context.LifecycleAutoConfiguration, org.springframework.boot.autoconfigure.context.PropertyPlaceholderAutoConfiguration, org.springframework.boot.autoconfigure.http.HttpMessageConvertersAutoConfiguration, org.springframework.boot.autoconfigure.http.HttpMessageConvertersAutoConfiguration$StringHttpMessageConverterConfiguration, org.springframework.boot.autoconfigure.http.JacksonHttpMessageConvertersConfiguration, org.springframework.boot.autoconfigure.http.JacksonHttpMessageConvertersConfiguration$MappingJackson2HttpMessageConverterConfiguration, org.springframework.boot.autoconfigure.info.ProjectInfoAutoConfiguration, org.springframework.boot.autoconfigure.internalCachingMetadataReaderFactory, org.springframework.boot.autoconfigure.jackson.JacksonAutoConfiguration, org.springframework.boot.autoconfigure.jackson.JacksonAutoConfiguration$Jackson2ObjectMapperBuilderCustomizerConfiguration, org.springframework.boot.autoconfigure.jackson.JacksonAutoConfiguration$JacksonObjectMapperBuilderConfiguration, org.springframework.boot.autoconfigure.jackson.JacksonAutoConfiguration$JacksonObjectMapperConfiguration, org.springframework.boot.autoconfigure.jackson.JacksonAutoConfiguration$ParameterNamesModuleConfiguration, org.springframework.boot.autoconfigure.jmx.JmxAutoConfiguration, org.springframework.boot.autoconfigure.task.TaskExecutionAutoConfiguration, org.springframework.boot.autoconfigure.task.TaskSchedulingAutoConfiguration, org.springframework.boot.autoconfigure.validation.ValidationAutoConfiguration, org.springframework.boot.autoconfigure.web.client.RestTemplateAutoConfiguration, org.springframework.boot.autoconfigure.web.embedded.EmbeddedWebServerFactoryCustomizerAutoConfiguration, org.springframework.boot.autoconfigure.web.embedded.EmbeddedWebServerFactoryCustomizerAutoConfiguration$TomcatWebServerFactoryCustomizerConfiguration, org.springframework.boot.autoconfigure.web.servlet.DispatcherServletAutoConfiguration, org.springframework.boot.autoconfigure.web.servlet.DispatcherServletAutoConfiguration$DispatcherServletConfiguration, org.springframework.boot.autoconfigure.web.servlet.DispatcherServletAutoConfiguration$DispatcherServletRegistrationConfiguration, org.springframework.boot.autoconfigure.web.servlet.HttpEncodingAutoConfiguration, org.springframework.boot.autoconfigure.web.servlet.MultipartAutoConfiguration, org.springframework.boot.autoconfigure.web.servlet.ServletWebServerFactoryAutoConfiguration, org.springframework.boot.autoconfigure.web.servlet.ServletWebServerFactoryConfiguration$EmbeddedTomcat, org.springframework.boot.autoconfigure.web.servlet.WebMvcAutoConfiguration, org.springframework.boot.autoconfigure.web.servlet.WebMvcAutoConfiguration$EnableWebMvcConfiguration, org.springframework.boot.autoconfigure.web.servlet.WebMvcAutoConfiguration$WebMvcAutoConfigurationAdapter, org.springframework.boot.autoconfigure.web.servlet.error.ErrorMvcAutoConfiguration, org.springframework.boot.autoconfigure.web.servlet.error.ErrorMvcAutoConfiguration$DefaultErrorViewResolverConfiguration, org.springframework.boot.autoconfigure.web.servlet.error.ErrorMvcAutoConfiguration$WhitelabelErrorViewConfiguration, org.springframework.boot.autoconfigure.websocket.servlet.WebSocketServletAutoConfiguration, org.springframework.boot.autoconfigure.websocket.servlet.WebSocketServletAutoConfiguration$TomcatWebSocketConfiguration, org.springframework.boot.context.internalConfigurationPropertiesBinder, org.springframework.boot.context.internalConfigurationPropertiesBinderFactory, org.springframework.boot.context.properties.BoundConfigurationProperties, org.springframework.boot.context.properties.ConfigurationBeanFactoryMetadata, org.springframework.boot.context.properties.ConfigurationPropertiesBindingPostProcessor, org.springframework.cloud.autoconfigure.ConfigurationPropertiesRebinderAutoConfiguration, org.springframework.cloud.autoconfigure.LifecycleMvcEndpointAutoConfiguration, org.springframework.cloud.autoconfigure.RefreshAutoConfiguration, org.springframework.cloud.autoconfigure.RefreshAutoConfiguration$RefreshScopeBeanDefinitionEnhancer, org.springframework.context.annotation.internalAutowiredAnnotationProcessor, org.springframework.context.annotation.internalCommonAnnotationProcessor, org.springframework.context.annotation.internalConfigurationAnnotationProcessor, org.springframework.context.event.internalEventListenerFactory, org.springframework.context.event.internalEventListenerProcessor, parameterNamesModule, preserveErrorControllerTargetClassPostProcessor, propertySourcesPlaceholderConfigurer, refreshEventListener, refreshScope, requestContextFilter, requestMappingHandlerAdapter, requestMappingHandlerMapping, resourceHandlerMapping, restTemplateBuilder, routerFunctionMapping, server-org.springframework.boot.autoconfigure.web.ServerProperties, servletWebServerFactoryCustomizer, simpleControllerHandlerAdapter, spring.info-org.springframework.boot.autoconfigure.info.ProjectInfoProperties, spring.jackson-org.springframework.boot.autoconfigure.jackson.JacksonProperties, spring.lifecycle-org.springframework.boot.autoconfigure.context.LifecycleProperties, spring.mvc-org.springframework.boot.autoconfigure.web.servlet.WebMvcProperties, spring.resources-org.springframework.boot.autoconfigure.web.ResourceProperties, spring.servlet.multipart-org.springframework.boot.autoconfigure.web.servlet.MultipartProperties, spring.task.execution-org.springframework.boot.autoconfigure.task.TaskExecutionProperties, spring.task.scheduling-org.springframework.boot.autoconfigure.task.TaskSchedulingProperties, springApplicationAdminRegistrar, standardJacksonObjectMapperBuilderCustomizer, stringHttpMessageConverter, taskExecutorBuilder, taskSchedulerBuilder, tomcatServletWebServerFactory, tomcatServletWebServerFactoryCustomizer, tomcatWebServerFactoryCustomizer, viewControllerHandlerMapping, viewResolver, webServerFactoryCustomizerBeanPostProcessor, websocketServletWebServerCustomizer, welcomePageHandlerMapping]
2024-10-26 12:41:54,408 INFO [main][GenericScope.java:295] - BeanFactory id=42542b52-65e0-300c-a703-0e8102bfc45d
2024-10-26 12:41:54,408 INFO [main][GenericScope.java:295] - BeanFactory id=42542b52-65e0-300c-a703-0e8102bfc45d
2024-10-26 12:41:54,408 DEBUG [main][DefaultSingletonBeanRegistry.java:225] - Creating shared instance of singleton bean 'propertySourcesPlaceholderConfigurer'
2024-10-26 12:41:54,408 DEBUG [main][DefaultSingletonBeanRegistry.java:225] - Creating shared instance of singleton bean 'propertySourcesPlaceholderConfigurer'
2024-10-26 12:41:54,410 DEBUG [main][DefaultSingletonBeanRegistry.java:225] - Creating shared instance of singleton bean 'org.springframework.context.event.internalEventListenerProcessor'
2024-10-26 12:41:54,410 DEBUG [main][DefaultSingletonBeanRegistry.java:225] - Creating shared instance of singleton bean 'preserveErrorControllerTargetClassPostProcessor'
2024-10-26 12:41:54,410 DEBUG [main][DefaultSingletonBeanRegistry.java:225] - Creating shared instance of singleton bean 'org.springframework.context.event.internalEventListenerProcessor'
2024-10-26 12:41:54,410 DEBUG [main][DefaultSingletonBeanRegistry.java:225] - Creating shared instance of singleton bean 'preserveErrorControllerTargetClassPostProcessor'
2024-10-26 12:41:54,410 DEBUG [main][DefaultSingletonBeanRegistry.java:225] - Creating shared instance of singleton bean 'org.springframework.context.event.internalEventListenerFactory'
2024-10-26 12:41:54,410 DEBUG [main][DefaultSingletonBeanRegistry.java:225] - Creating shared instance of singleton bean 'org.springframework.context.event.internalEventListenerFactory'
2024-10-26 12:41:54,411 DEBUG [main][DefaultSingletonBeanRegistry.java:225] - Creating shared instance of singleton bean 'org.springframework.context.annotation.internalAutowiredAnnotationProcessor'
2024-10-26 12:41:54,411 DEBUG [main][DefaultSingletonBeanRegistry.java:225] - Creating shared instance of singleton bean 'org.springframework.context.annotation.internalAutowiredAnnotationProcessor'
2024-10-26 12:41:54,411 DEBUG [main][DefaultSingletonBeanRegistry.java:225] - Creating shared instance of singleton bean 'org.springframework.context.annotation.internalCommonAnnotationProcessor'
2024-10-26 12:41:54,411 DEBUG [main][DefaultSingletonBeanRegistry.java:225] - Creating shared instance of singleton bean 'org.springframework.context.annotation.internalCommonAnnotationProcessor'
2024-10-26 12:41:54,412 DEBUG [main][DefaultSingletonBeanRegistry.java:225] - Creating shared instance of singleton bean 'org.springframework.boot.context.properties.ConfigurationPropertiesBindingPostProcessor'
2024-10-26 12:41:54,412 DEBUG [main][DefaultSingletonBeanRegistry.java:225] - Creating shared instance of singleton bean 'org.springframework.boot.context.properties.ConfigurationPropertiesBindingPostProcessor'
2024-10-26 12:41:54,412 DEBUG [main][DefaultSingletonBeanRegistry.java:225] - Creating shared instance of singleton bean 'org.springframework.boot.context.internalConfigurationPropertiesBinder'
2024-10-26 12:41:54,412 DEBUG [main][DefaultSingletonBeanRegistry.java:225] - Creating shared instance of singleton bean 'org.springframework.boot.context.internalConfigurationPropertiesBinder'
2024-10-26 12:41:54,412 DEBUG [main][DefaultSingletonBeanRegistry.java:225] - Creating shared instance of singleton bean 'org.springframework.boot.context.internalConfigurationPropertiesBinderFactory'
2024-10-26 12:41:54,412 DEBUG [main][DefaultSingletonBeanRegistry.java:225] - Creating shared instance of singleton bean 'org.springframework.boot.context.internalConfigurationPropertiesBinderFactory'
2024-10-26 12:41:54,412 DEBUG [main][DefaultSingletonBeanRegistry.java:225] - Creating shared instance of singleton bean 'methodValidationPostProcessor'
2024-10-26 12:41:54,412 DEBUG [main][DefaultSingletonBeanRegistry.java:225] - Creating shared instance of singleton bean 'methodValidationPostProcessor'
2024-10-26 12:41:54,417 DEBUG [main][ConstructorResolver.java:807] - Autowiring by type from bean name 'methodValidationPostProcessor' via factory method to bean named 'environment'
2024-10-26 12:41:54,417 DEBUG [main][ConstructorResolver.java:807] - Autowiring by type from bean name 'methodValidationPostProcessor' via factory method to bean named 'environment'
2024-10-26 12:41:54,419 DEBUG [main][DefaultSingletonBeanRegistry.java:225] - Creating shared instance of singleton bean 'webServerFactoryCustomizerBeanPostProcessor'
2024-10-26 12:41:54,419 DEBUG [main][DefaultSingletonBeanRegistry.java:225] - Creating shared instance of singleton bean 'webServerFactoryCustomizerBeanPostProcessor'
2024-10-26 12:41:54,420 DEBUG [main][DefaultSingletonBeanRegistry.java:225] - Creating shared instance of singleton bean 'errorPageRegistrarBeanPostProcessor'
2024-10-26 12:41:54,420 DEBUG [main][DefaultSingletonBeanRegistry.java:225] - Creating shared instance of singleton bean 'errorPageRegistrarBeanPostProcessor'
2024-10-26 12:41:54,420 DEBUG [main][DefaultSingletonBeanRegistry.java:225] - Creating shared instance of singleton bean 'configurationPropertiesBeans'
2024-10-26 12:41:54,420 DEBUG [main][DefaultSingletonBeanRegistry.java:225] - Creating shared instance of singleton bean 'configurationPropertiesBeans'
2024-10-26 12:41:54,421 DEBUG [main][UiApplicationContextUtils.java:85] - Unable to locate ThemeSource with name 'themeSource': using default [org.springframework.ui.context.support.ResourceBundleThemeSource@38600b]
2024-10-26 12:41:54,421 DEBUG [main][UiApplicationContextUtils.java:85] - Unable to locate ThemeSource with name 'themeSource': using default [org.springframework.ui.context.support.ResourceBundleThemeSource@38600b]
2024-10-26 12:41:54,422 DEBUG [main][DefaultSingletonBeanRegistry.java:225] - Creating shared instance of singleton bean 'tomcatServletWebServerFactory'
2024-10-26 12:41:54,422 DEBUG [main][DefaultSingletonBeanRegistry.java:225] - Creating shared instance of singleton bean 'tomcatServletWebServerFactory'
2024-10-26 12:41:54,422 DEBUG [main][DefaultSingletonBeanRegistry.java:225] - Creating shared instance of singleton bean 'org.springframework.boot.autoconfigure.web.servlet.ServletWebServerFactoryConfiguration$EmbeddedTomcat'
2024-10-26 12:41:54,422 DEBUG [main][DefaultSingletonBeanRegistry.java:225] - Creating shared instance of singleton bean 'org.springframework.boot.autoconfigure.web.servlet.ServletWebServerFactoryConfiguration$EmbeddedTomcat'
2024-10-26 12:41:54,442 DEBUG [main][DefaultSingletonBeanRegistry.java:225] - Creating shared instance of singleton bean 'websocketServletWebServerCustomizer'
2024-10-26 12:41:54,442 DEBUG [main][DefaultSingletonBeanRegistry.java:225] - Creating shared instance of singleton bean 'websocketServletWebServerCustomizer'
2024-10-26 12:41:54,442 DEBUG [main][DefaultSingletonBeanRegistry.java:225] - Creating shared instance of singleton bean 'org.springframework.boot.autoconfigure.websocket.servlet.WebSocketServletAutoConfiguration$TomcatWebSocketConfiguration'
2024-10-26 12:41:54,442 DEBUG [main][DefaultSingletonBeanRegistry.java:225] - Creating shared instance of singleton bean 'org.springframework.boot.autoconfigure.websocket.servlet.WebSocketServletAutoConfiguration$TomcatWebSocketConfiguration'
2024-10-26 12:41:54,443 DEBUG [main][DefaultSingletonBeanRegistry.java:225] - Creating shared instance of singleton bean 'servletWebServerFactoryCustomizer'
2024-10-26 12:41:54,443 DEBUG [main][DefaultSingletonBeanRegistry.java:225] - Creating shared instance of singleton bean 'servletWebServerFactoryCustomizer'
2024-10-26 12:41:54,443 DEBUG [main][DefaultSingletonBeanRegistry.java:225] - Creating shared instance of singleton bean 'org.springframework.boot.autoconfigure.web.servlet.ServletWebServerFactoryAutoConfiguration'
2024-10-26 12:41:54,443 DEBUG [main][DefaultSingletonBeanRegistry.java:225] - Creating shared instance of singleton bean 'org.springframework.boot.autoconfigure.web.servlet.ServletWebServerFactoryAutoConfiguration'
2024-10-26 12:41:54,444 DEBUG [main][DefaultSingletonBeanRegistry.java:225] - Creating shared instance of singleton bean 'server-org.springframework.boot.autoconfigure.web.ServerProperties'
2024-10-26 12:41:54,444 DEBUG [main][DefaultSingletonBeanRegistry.java:225] - Creating shared instance of singleton bean 'server-org.springframework.boot.autoconfigure.web.ServerProperties'
2024-10-26 12:41:54,447 DEBUG [main][DefaultSingletonBeanRegistry.java:225] - Creating shared instance of singleton bean 'org.springframework.boot.context.properties.BoundConfigurationProperties'
2024-10-26 12:41:54,447 DEBUG [main][DefaultSingletonBeanRegistry.java:225] - Creating shared instance of singleton bean 'org.springframework.boot.context.properties.BoundConfigurationProperties'
2024-10-26 12:41:54,450 DEBUG [main][ConstructorResolver.java:807] - Autowiring by type from bean name 'servletWebServerFactoryCustomizer' via factory method to bean named 'server-org.springframework.boot.autoconfigure.web.ServerProperties'
2024-10-26 12:41:54,450 DEBUG [main][ConstructorResolver.java:807] - Autowiring by type from bean name 'servletWebServerFactoryCustomizer' via factory method to bean named 'server-org.springframework.boot.autoconfigure.web.ServerProperties'
2024-10-26 12:41:54,450 DEBUG [main][DefaultSingletonBeanRegistry.java:225] - Creating shared instance of singleton bean 'tomcatServletWebServerFactoryCustomizer'
2024-10-26 12:41:54,450 DEBUG [main][DefaultSingletonBeanRegistry.java:225] - Creating shared instance of singleton bean 'tomcatServletWebServerFactoryCustomizer'
2024-10-26 12:41:54,451 DEBUG [main][ConstructorResolver.java:807] - Autowiring by type from bean name 'tomcatServletWebServerFactoryCustomizer' via factory method to bean named 'server-org.springframework.boot.autoconfigure.web.ServerProperties'
2024-10-26 12:41:54,451 DEBUG [main][ConstructorResolver.java:807] - Autowiring by type from bean name 'tomcatServletWebServerFactoryCustomizer' via factory method to bean named 'server-org.springframework.boot.autoconfigure.web.ServerProperties'
2024-10-26 12:41:54,451 DEBUG [main][DefaultSingletonBeanRegistry.java:225] - Creating shared instance of singleton bean 'tomcatWebServerFactoryCustomizer'
2024-10-26 12:41:54,451 DEBUG [main][DefaultSingletonBeanRegistry.java:225] - Creating shared instance of singleton bean 'tomcatWebServerFactoryCustomizer'
2024-10-26 12:41:54,451 DEBUG [main][DefaultSingletonBeanRegistry.java:225] - Creating shared instance of singleton bean 'org.springframework.boot.autoconfigure.web.embedded.EmbeddedWebServerFactoryCustomizerAutoConfiguration$TomcatWebServerFactoryCustomizerConfiguration'
2024-10-26 12:41:54,451 DEBUG [main][DefaultSingletonBeanRegistry.java:225] - Creating shared instance of singleton bean 'org.springframework.boot.autoconfigure.web.embedded.EmbeddedWebServerFactoryCustomizerAutoConfiguration$TomcatWebServerFactoryCustomizerConfiguration'
2024-10-26 12:41:54,452 DEBUG [main][ConstructorResolver.java:807] - Autowiring by type from bean name 'tomcatWebServerFactoryCustomizer' via factory method to bean named 'environment'
2024-10-26 12:41:54,452 DEBUG [main][ConstructorResolver.java:807] - Autowiring by type from bean name 'tomcatWebServerFactoryCustomizer' via factory method to bean named 'environment'
2024-10-26 12:41:54,452 DEBUG [main][ConstructorResolver.java:807] - Autowiring by type from bean name 'tomcatWebServerFactoryCustomizer' via factory method to bean named 'server-org.springframework.boot.autoconfigure.web.ServerProperties'
2024-10-26 12:41:54,452 DEBUG [main][ConstructorResolver.java:807] - Autowiring by type from bean name 'tomcatWebServerFactoryCustomizer' via factory method to bean named 'server-org.springframework.boot.autoconfigure.web.ServerProperties'
2024-10-26 12:41:54,452 DEBUG [main][DefaultSingletonBeanRegistry.java:225] - Creating shared instance of singleton bean 'localeCharsetMappingsCustomizer'
2024-10-26 12:41:54,452 DEBUG [main][DefaultSingletonBeanRegistry.java:225] - Creating shared instance of singleton bean 'localeCharsetMappingsCustomizer'
2024-10-26 12:41:54,453 DEBUG [main][DefaultSingletonBeanRegistry.java:225] - Creating shared instance of singleton bean 'org.springframework.boot.autoconfigure.web.servlet.HttpEncodingAutoConfiguration'
2024-10-26 12:41:54,453 DEBUG [main][DefaultSingletonBeanRegistry.java:225] - Creating shared instance of singleton bean 'org.springframework.boot.autoconfigure.web.servlet.HttpEncodingAutoConfiguration'
2024-10-26 12:41:54,454 DEBUG [main][ConstructorResolver.java:807] - Autowiring by type from bean name 'org.springframework.boot.autoconfigure.web.servlet.HttpEncodingAutoConfiguration' via constructor to bean named 'server-org.springframework.boot.autoconfigure.web.ServerProperties'
2024-10-26 12:41:54,454 DEBUG [main][ConstructorResolver.java:807] - Autowiring by type from bean name 'org.springframework.boot.autoconfigure.web.servlet.HttpEncodingAutoConfiguration' via constructor to bean named 'server-org.springframework.boot.autoconfigure.web.ServerProperties'
2024-10-26 12:41:54,464 DEBUG [main][DefaultSingletonBeanRegistry.java:225] - Creating shared instance of singleton bean 'errorPageCustomizer'
2024-10-26 12:41:54,464 DEBUG [main][DefaultSingletonBeanRegistry.java:225] - Creating shared instance of singleton bean 'errorPageCustomizer'
2024-10-26 12:41:54,465 DEBUG [main][DefaultSingletonBeanRegistry.java:225] - Creating shared instance of singleton bean 'org.springframework.boot.autoconfigure.web.servlet.error.ErrorMvcAutoConfiguration'
2024-10-26 12:41:54,465 DEBUG [main][DefaultSingletonBeanRegistry.java:225] - Creating shared instance of singleton bean 'org.springframework.boot.autoconfigure.web.servlet.error.ErrorMvcAutoConfiguration'
2024-10-26 12:41:54,465 DEBUG [main][ConstructorResolver.java:807] - Autowiring by type from bean name 'org.springframework.boot.autoconfigure.web.servlet.error.ErrorMvcAutoConfiguration' via constructor to bean named 'server-org.springframework.boot.autoconfigure.web.ServerProperties'
2024-10-26 12:41:54,465 DEBUG [main][ConstructorResolver.java:807] - Autowiring by type from bean name 'org.springframework.boot.autoconfigure.web.servlet.error.ErrorMvcAutoConfiguration' via constructor to bean named 'server-org.springframework.boot.autoconfigure.web.ServerProperties'
2024-10-26 12:41:54,466 DEBUG [main][DefaultSingletonBeanRegistry.java:225] - Creating shared instance of singleton bean 'dispatcherServletRegistration'
2024-10-26 12:41:54,466 DEBUG [main][DefaultSingletonBeanRegistry.java:225] - Creating shared instance of singleton bean 'dispatcherServletRegistration'
2024-10-26 12:41:54,466 DEBUG [main][DefaultSingletonBeanRegistry.java:225] - Creating shared instance of singleton bean 'org.springframework.boot.autoconfigure.web.servlet.DispatcherServletAutoConfiguration$DispatcherServletRegistrationConfiguration'
2024-10-26 12:41:54,466 DEBUG [main][DefaultSingletonBeanRegistry.java:225] - Creating shared instance of singleton bean 'org.springframework.boot.autoconfigure.web.servlet.DispatcherServletAutoConfiguration$DispatcherServletRegistrationConfiguration'
2024-10-26 12:41:54,467 DEBUG [main][DefaultSingletonBeanRegistry.java:225] - Creating shared instance of singleton bean 'dispatcherServlet'
2024-10-26 12:41:54,467 DEBUG [main][DefaultSingletonBeanRegistry.java:225] - Creating shared instance of singleton bean 'dispatcherServlet'
2024-10-26 12:41:54,467 DEBUG [main][DefaultSingletonBeanRegistry.java:225] - Creating shared instance of singleton bean 'org.springframework.boot.autoconfigure.web.servlet.DispatcherServletAutoConfiguration$DispatcherServletConfiguration'
2024-10-26 12:41:54,467 DEBUG [main][DefaultSingletonBeanRegistry.java:225] - Creating shared instance of singleton bean 'org.springframework.boot.autoconfigure.web.servlet.DispatcherServletAutoConfiguration$DispatcherServletConfiguration'
2024-10-26 12:41:54,467 DEBUG [main][DefaultSingletonBeanRegistry.java:225] - Creating shared instance of singleton bean 'spring.mvc-org.springframework.boot.autoconfigure.web.servlet.WebMvcProperties'
2024-10-26 12:41:54,467 DEBUG [main][DefaultSingletonBeanRegistry.java:225] - Creating shared instance of singleton bean 'spring.mvc-org.springframework.boot.autoconfigure.web.servlet.WebMvcProperties'
2024-10-26 12:41:54,469 DEBUG [main][ConstructorResolver.java:807] - Autowiring by type from bean name 'dispatcherServlet' via factory method to bean named 'spring.mvc-org.springframework.boot.autoconfigure.web.servlet.WebMvcProperties'
2024-10-26 12:41:54,469 DEBUG [main][ConstructorResolver.java:807] - Autowiring by type from bean name 'dispatcherServlet' via factory method to bean named 'spring.mvc-org.springframework.boot.autoconfigure.web.servlet.WebMvcProperties'
2024-10-26 12:41:54,474 DEBUG [main][ConstructorResolver.java:807] - Autowiring by type from bean name 'dispatcherServletRegistration' via factory method to bean named 'dispatcherServlet'
2024-10-26 12:41:54,474 DEBUG [main][ConstructorResolver.java:807] - Autowiring by type from bean name 'dispatcherServletRegistration' via factory method to bean named 'dispatcherServlet'
2024-10-26 12:41:54,474 DEBUG [main][ConstructorResolver.java:807] - Autowiring by type from bean name 'dispatcherServletRegistration' via factory method to bean named 'spring.mvc-org.springframework.boot.autoconfigure.web.servlet.WebMvcProperties'
2024-10-26 12:41:54,474 DEBUG [main][ConstructorResolver.java:807] - Autowiring by type from bean name 'dispatcherServletRegistration' via factory method to bean named 'spring.mvc-org.springframework.boot.autoconfigure.web.servlet.WebMvcProperties'
2024-10-26 12:41:54,474 DEBUG [main][DefaultSingletonBeanRegistry.java:225] - Creating shared instance of singleton bean 'multipartConfigElement'
2024-10-26 12:41:54,474 DEBUG [main][DefaultSingletonBeanRegistry.java:225] - Creating shared instance of singleton bean 'multipartConfigElement'
2024-10-26 12:41:54,475 DEBUG [main][DefaultSingletonBeanRegistry.java:225] - Creating shared instance of singleton bean 'org.springframework.boot.autoconfigure.web.servlet.MultipartAutoConfiguration'
2024-10-26 12:41:54,475 DEBUG [main][DefaultSingletonBeanRegistry.java:225] - Creating shared instance of singleton bean 'org.springframework.boot.autoconfigure.web.servlet.MultipartAutoConfiguration'
2024-10-26 12:41:54,475 DEBUG [main][DefaultSingletonBeanRegistry.java:225] - Creating shared instance of singleton bean 'spring.servlet.multipart-org.springframework.boot.autoconfigure.web.servlet.MultipartProperties'
2024-10-26 12:41:54,475 DEBUG [main][DefaultSingletonBeanRegistry.java:225] - Creating shared instance of singleton bean 'spring.servlet.multipart-org.springframework.boot.autoconfigure.web.servlet.MultipartProperties'
2024-10-26 12:41:54,477 DEBUG [main][ConstructorResolver.java:807] - Autowiring by type from bean name 'org.springframework.boot.autoconfigure.web.servlet.MultipartAutoConfiguration' via constructor to bean named 'spring.servlet.multipart-org.springframework.boot.autoconfigure.web.servlet.MultipartProperties'
2024-10-26 12:41:54,477 DEBUG [main][ConstructorResolver.java:807] - Autowiring by type from bean name 'org.springframework.boot.autoconfigure.web.servlet.MultipartAutoConfiguration' via constructor to bean named 'spring.servlet.multipart-org.springframework.boot.autoconfigure.web.servlet.MultipartProperties'
2024-10-26 12:41:54,479 DEBUG [main][ConstructorResolver.java:807] - Autowiring by type from bean name 'errorPageCustomizer' via factory method to bean named 'dispatcherServletRegistration'
2024-10-26 12:41:54,479 DEBUG [main][ConstructorResolver.java:807] - Autowiring by type from bean name 'errorPageCustomizer' via factory method to bean named 'dispatcherServletRegistration'
2024-10-26 12:41:54,504 DEBUG [main][DocumentRoot.java:81] - Code archive: D:\develop\repository\org\springframework\boot\spring-boot\2.3.7.RELEASE\spring-boot-2.3.7.RELEASE.jar
2024-10-26 12:41:54,504 DEBUG [main][DocumentRoot.java:81] - Code archive: D:\develop\repository\org\springframework\boot\spring-boot\2.3.7.RELEASE\spring-boot-2.3.7.RELEASE.jar
2024-10-26 12:41:54,504 DEBUG [main][DocumentRoot.java:125] - Code archive: D:\develop\repository\org\springframework\boot\spring-boot\2.3.7.RELEASE\spring-boot-2.3.7.RELEASE.jar
2024-10-26 12:41:54,504 DEBUG [main][DocumentRoot.java:125] - Code archive: D:\develop\repository\org\springframework\boot\spring-boot\2.3.7.RELEASE\spring-boot-2.3.7.RELEASE.jar
2024-10-26 12:41:54,505 DEBUG [main][DocumentRoot.java:149] - None of the document roots [src/main/webapp, public, static] point to a directory and will be ignored.
2024-10-26 12:41:54,505 DEBUG [main][DocumentRoot.java:149] - None of the document roots [src/main/webapp, public, static] point to a directory and will be ignored.
2024-10-26 12:41:54,514 INFO [main][TomcatWebServer.java:108] - Tomcat initialized with port(s): 63040 (http)
2024-10-26 12:41:54,514 INFO [main][TomcatWebServer.java:108] - Tomcat initialized with port(s): 63040 (http)
2024-10-26 12:41:54,520 INFO [main][DirectJDKLog.java:173] - Initializing ProtocolHandler ["http-nio-63040"]
2024-10-26 12:41:54,520 INFO [main][DirectJDKLog.java:173] - Initializing ProtocolHandler ["http-nio-63040"]
2024-10-26 12:41:54,521 INFO [main][DirectJDKLog.java:173] - Starting service [Tomcat]
2024-10-26 12:41:54,521 INFO [main][DirectJDKLog.java:173] - Starting service [Tomcat]
2024-10-26 12:41:54,521 INFO [main][DirectJDKLog.java:173] - Starting Servlet engine: [Apache Tomcat/9.0.41]
2024-10-26 12:41:54,521 INFO [main][DirectJDKLog.java:173] - Starting Servlet engine: [Apache Tomcat/9.0.41]
2024-10-26 12:41:54,571 INFO [main][DirectJDKLog.java:173] - Initializing Spring embedded WebApplicationContext
2024-10-26 12:41:54,571 INFO [main][DirectJDKLog.java:173] - Initializing Spring embedded WebApplicationContext
2024-10-26 12:41:54,571 DEBUG [main][ServletWebServerApplicationContext.java:279] - Published root WebApplicationContext as ServletContext attribute with name [org.springframework.web.context.WebApplicationContext.ROOT]
2024-10-26 12:41:54,571 DEBUG [main][ServletWebServerApplicationContext.java:279] - Published root WebApplicationContext as ServletContext attribute with name [org.springframework.web.context.WebApplicationContext.ROOT]
2024-10-26 12:41:54,571 INFO [main][ServletWebServerApplicationContext.java:285] - Root WebApplicationContext: initialization completed in 426 ms
2024-10-26 12:41:54,571 INFO [main][ServletWebServerApplicationContext.java:285] - Root WebApplicationContext: initialization completed in 426 ms
2024-10-26 12:41:54,575 DEBUG [main][DefaultSingletonBeanRegistry.java:225] - Creating shared instance of singleton bean 'requestContextFilter'
2024-10-26 12:41:54,575 DEBUG [main][DefaultSingletonBeanRegistry.java:225] - Creating shared instance of singleton bean 'requestContextFilter'
2024-10-26 12:41:54,576 DEBUG [main][DefaultSingletonBeanRegistry.java:225] - Creating shared instance of singleton bean 'formContentFilter'
2024-10-26 12:41:54,576 DEBUG [main][DefaultSingletonBeanRegistry.java:225] - Creating shared instance of singleton bean 'formContentFilter'
2024-10-26 12:41:54,576 DEBUG [main][DefaultSingletonBeanRegistry.java:225] - Creating shared instance of singleton bean 'org.springframework.boot.autoconfigure.web.servlet.WebMvcAutoConfiguration'
2024-10-26 12:41:54,576 DEBUG [main][DefaultSingletonBeanRegistry.java:225] - Creating shared instance of singleton bean 'org.springframework.boot.autoconfigure.web.servlet.WebMvcAutoConfiguration'
2024-10-26 12:41:54,579 DEBUG [main][DefaultSingletonBeanRegistry.java:225] - Creating shared instance of singleton bean 'characterEncodingFilter'
2024-10-26 12:41:54,579 DEBUG [main][DefaultSingletonBeanRegistry.java:225] - Creating shared instance of singleton bean 'characterEncodingFilter'
2024-10-26 12:41:54,583 DEBUG [main][ServletContextInitializerBeans.java:235] - Mapping filters: characterEncodingFilter urls=[/*] order=-2147483648, formContentFilter urls=[/*] order=-9900, requestContextFilter urls=[/*] order=-105
2024-10-26 12:41:54,583 DEBUG [main][ServletContextInitializerBeans.java:235] - Mapping filters: characterEncodingFilter urls=[/*] order=-2147483648, formContentFilter urls=[/*] order=-9900, requestContextFilter urls=[/*] order=-105
2024-10-26 12:41:54,583 DEBUG [main][ServletContextInitializerBeans.java:235] - Mapping servlets: dispatcherServlet urls=[/]
2024-10-26 12:41:54,583 DEBUG [main][ServletContextInitializerBeans.java:235] - Mapping servlets: dispatcherServlet urls=[/]
2024-10-26 12:41:54,592 DEBUG [main][GenericFilterBean.java:242] - Filter 'requestContextFilter' configured for use
2024-10-26 12:41:54,592 DEBUG [main][GenericFilterBean.java:242] - Filter 'requestContextFilter' configured for use
2024-10-26 12:41:54,593 DEBUG [main][GenericFilterBean.java:242] - Filter 'characterEncodingFilter' configured for use
2024-10-26 12:41:54,593 DEBUG [main][GenericFilterBean.java:242] - Filter 'characterEncodingFilter' configured for use
2024-10-26 12:41:54,593 DEBUG [main][GenericFilterBean.java:242] - Filter 'formContentFilter' configured for use
2024-10-26 12:41:54,593 DEBUG [main][GenericFilterBean.java:242] - Filter 'formContentFilter' configured for use
2024-10-26 12:41:54,599 DEBUG [main][DefaultSingletonBeanRegistry.java:225] - Creating shared instance of singleton bean 'contentApplication'
2024-10-26 12:41:54,599 DEBUG [main][DefaultSingletonBeanRegistry.java:225] - Creating shared instance of singleton bean 'contentApplication'
2024-10-26 12:41:54,600 DEBUG [main][DefaultSingletonBeanRegistry.java:225] - Creating shared instance of singleton bean 'bootstrapApplicationListener.BootstrapMarkerConfiguration'
2024-10-26 12:41:54,600 DEBUG [main][DefaultSingletonBeanRegistry.java:225] - Creating shared instance of singleton bean 'bootstrapApplicationListener.BootstrapMarkerConfiguration'
2024-10-26 12:41:54,600 DEBUG [main][DefaultSingletonBeanRegistry.java:225] - Creating shared instance of singleton bean 'courseBaseInfoController'
2024-10-26 12:41:54,600 DEBUG [main][DefaultSingletonBeanRegistry.java:225] - Creating shared instance of singleton bean 'courseBaseInfoController'
2024-10-26 12:41:54,603 DEBUG [main][DefaultSingletonBeanRegistry.java:225] - Creating shared instance of singleton bean 'org.springframework.boot.autoconfigure.AutoConfigurationPackages'
2024-10-26 12:41:54,603 DEBUG [main][DefaultSingletonBeanRegistry.java:225] - Creating shared instance of singleton bean 'org.springframework.boot.autoconfigure.AutoConfigurationPackages'
2024-10-26 12:41:54,606 DEBUG [main][DefaultSingletonBeanRegistry.java:225] - Creating shared instance of singleton bean 'org.springframework.boot.autoconfigure.context.PropertyPlaceholderAutoConfiguration'
2024-10-26 12:41:54,606 DEBUG [main][DefaultSingletonBeanRegistry.java:225] - Creating shared instance of singleton bean 'org.springframework.boot.autoconfigure.context.PropertyPlaceholderAutoConfiguration'
2024-10-26 12:41:54,606 DEBUG [main][DefaultSingletonBeanRegistry.java:225] - Creating shared instance of singleton bean 'org.springframework.boot.autoconfigure.websocket.servlet.WebSocketServletAutoConfiguration'
2024-10-26 12:41:54,606 DEBUG [main][DefaultSingletonBeanRegistry.java:225] - Creating shared instance of singleton bean 'org.springframework.boot.autoconfigure.websocket.servlet.WebSocketServletAutoConfiguration'
2024-10-26 12:41:54,606 DEBUG [main][DefaultSingletonBeanRegistry.java:225] - Creating shared instance of singleton bean 'org.springframework.boot.context.properties.ConfigurationBeanFactoryMetadata'
2024-10-26 12:41:54,606 DEBUG [main][DefaultSingletonBeanRegistry.java:225] - Creating shared instance of singleton bean 'org.springframework.boot.context.properties.ConfigurationBeanFactoryMetadata'
2024-10-26 12:41:54,606 DEBUG [main][DefaultSingletonBeanRegistry.java:225] - Creating shared instance of singleton bean 'org.springframework.boot.autoconfigure.web.servlet.DispatcherServletAutoConfiguration'
2024-10-26 12:41:54,606 DEBUG [main][DefaultSingletonBeanRegistry.java:225] - Creating shared instance of singleton bean 'org.springframework.boot.autoconfigure.web.servlet.DispatcherServletAutoConfiguration'
2024-10-26 12:41:54,607 DEBUG [main][DefaultSingletonBeanRegistry.java:225] - Creating shared instance of singleton bean 'org.springframework.boot.autoconfigure.task.TaskExecutionAutoConfiguration'
2024-10-26 12:41:54,607 DEBUG [main][DefaultSingletonBeanRegistry.java:225] - Creating shared instance of singleton bean 'org.springframework.boot.autoconfigure.task.TaskExecutionAutoConfiguration'
2024-10-26 12:41:54,607 DEBUG [main][DefaultSingletonBeanRegistry.java:225] - Creating shared instance of singleton bean 'taskExecutorBuilder'
2024-10-26 12:41:54,607 DEBUG [main][DefaultSingletonBeanRegistry.java:225] - Creating shared instance of singleton bean 'taskExecutorBuilder'
2024-10-26 12:41:54,608 DEBUG [main][DefaultSingletonBeanRegistry.java:225] - Creating shared instance of singleton bean 'spring.task.execution-org.springframework.boot.autoconfigure.task.TaskExecutionProperties'
2024-10-26 12:41:54,608 DEBUG [main][DefaultSingletonBeanRegistry.java:225] - Creating shared instance of singleton bean 'spring.task.execution-org.springframework.boot.autoconfigure.task.TaskExecutionProperties'
2024-10-26 12:41:54,610 DEBUG [main][ConstructorResolver.java:807] - Autowiring by type from bean name 'taskExecutorBuilder' via factory method to bean named 'spring.task.execution-org.springframework.boot.autoconfigure.task.TaskExecutionProperties'
2024-10-26 12:41:54,610 DEBUG [main][ConstructorResolver.java:807] - Autowiring by type from bean name 'taskExecutorBuilder' via factory method to bean named 'spring.task.execution-org.springframework.boot.autoconfigure.task.TaskExecutionProperties'
2024-10-26 12:41:54,612 DEBUG [main][DefaultSingletonBeanRegistry.java:225] - Creating shared instance of singleton bean 'org.springframework.boot.autoconfigure.validation.ValidationAutoConfiguration'
2024-10-26 12:41:54,612 DEBUG [main][DefaultSingletonBeanRegistry.java:225] - Creating shared instance of singleton bean 'org.springframework.boot.autoconfigure.validation.ValidationAutoConfiguration'
2024-10-26 12:41:54,613 DEBUG [main][DefaultSingletonBeanRegistry.java:225] - Creating shared instance of singleton bean 'defaultValidator'
2024-10-26 12:41:54,613 DEBUG [main][DefaultSingletonBeanRegistry.java:225] - Creating shared instance of singleton bean 'defaultValidator'
2024-10-26 12:41:54,614 DEBUG [main][ResourceBundleMessageInterpolator.java:172] - Loaded expression factory via original TCCL
2024-10-26 12:41:54,614 DEBUG [main][ResourceBundleMessageInterpolator.java:172] - Loaded expression factory via original TCCL
2024-10-26 12:41:54,615 DEBUG [main][AbstractConfigurationImpl.java:171] - Setting custom MessageInterpolator of type org.springframework.validation.beanvalidation.LocaleContextMessageInterpolator
2024-10-26 12:41:54,615 DEBUG [main][AbstractConfigurationImpl.java:171] - Setting custom MessageInterpolator of type org.springframework.validation.beanvalidation.LocaleContextMessageInterpolator
2024-10-26 12:41:54,616 DEBUG [main][AbstractConfigurationImpl.java:203] - Setting custom ConstraintValidatorFactory of type org.springframework.validation.beanvalidation.SpringConstraintValidatorFactory
2024-10-26 12:41:54,616 DEBUG [main][AbstractConfigurationImpl.java:203] - Setting custom ConstraintValidatorFactory of type org.springframework.validation.beanvalidation.SpringConstraintValidatorFactory
2024-10-26 12:41:54,616 DEBUG [main][AbstractConfigurationImpl.java:217] - Setting custom ParameterNameProvider of type org.springframework.validation.beanvalidation.LocalValidatorFactoryBean$1
2024-10-26 12:41:54,616 DEBUG [main][AbstractConfigurationImpl.java:217] - Setting custom ParameterNameProvider of type org.springframework.validation.beanvalidation.LocalValidatorFactoryBean$1
2024-10-26 12:41:54,617 DEBUG [main][ValidationXmlParser.java:120] - Trying to load META-INF/validation.xml for XML based Validator configuration.
2024-10-26 12:41:54,617 DEBUG [main][ValidationXmlParser.java:120] - Trying to load META-INF/validation.xml for XML based Validator configuration.
2024-10-26 12:41:54,617 DEBUG [main][ResourceLoaderHelper.java:53] - Trying to load META-INF/validation.xml via user class loader
2024-10-26 12:41:54,617 DEBUG [main][ResourceLoaderHelper.java:53] - Trying to load META-INF/validation.xml via user class loader
2024-10-26 12:41:54,617 DEBUG [main][ResourceLoaderHelper.java:60] - Trying to load META-INF/validation.xml via TCCL
2024-10-26 12:41:54,617 DEBUG [main][ResourceLoaderHelper.java:60] - Trying to load META-INF/validation.xml via TCCL
2024-10-26 12:41:54,617 DEBUG [main][ResourceLoaderHelper.java:66] - Trying to load META-INF/validation.xml via Hibernate Validator's class loader
2024-10-26 12:41:54,617 DEBUG [main][ResourceLoaderHelper.java:66] - Trying to load META-INF/validation.xml via Hibernate Validator's class loader
2024-10-26 12:41:54,617 DEBUG [main][ValidationXmlParser.java:127] - No META-INF/validation.xml found. Using annotation based configuration only.
2024-10-26 12:41:54,617 DEBUG [main][ValidationXmlParser.java:127] - No META-INF/validation.xml found. Using annotation based configuration only.
2024-10-26 12:41:54,617 DEBUG [main][TraversableResolvers.java:60] - Cannot find javax.persistence.Persistence on classpath. Assuming non JPA 2 environment. All properties will per default be traversable.
2024-10-26 12:41:54,617 DEBUG [main][TraversableResolvers.java:60] - Cannot find javax.persistence.Persistence on classpath. Assuming non JPA 2 environment. All properties will per default be traversable.
2024-10-26 12:41:54,618 DEBUG [main][ValidatorFactoryConfigurationHelper.java:300] - HV000252: Using org.hibernate.validator.internal.engine.DefaultPropertyNodeNameProvider as property node name provider.
2024-10-26 12:41:54,618 DEBUG [main][ValidatorFactoryConfigurationHelper.java:300] - HV000252: Using org.hibernate.validator.internal.engine.DefaultPropertyNodeNameProvider as property node name provider.
2024-10-26 12:41:54,618 DEBUG [main][ValidatorFactoryConfigurationHelper.java:375] - HV000234: Using org.springframework.validation.beanvalidation.LocaleContextMessageInterpolator as ValidatorFactory-scoped message interpolator.
2024-10-26 12:41:54,618 DEBUG [main][ValidatorFactoryConfigurationHelper.java:375] - HV000234: Using org.springframework.validation.beanvalidation.LocaleContextMessageInterpolator as ValidatorFactory-scoped message interpolator.
2024-10-26 12:41:54,618 DEBUG [main][ValidatorFactoryConfigurationHelper.java:376] - HV000234: Using org.hibernate.validator.internal.engine.resolver.TraverseAllTraversableResolver as ValidatorFactory-scoped traversable resolver.
2024-10-26 12:41:54,618 DEBUG [main][ValidatorFactoryConfigurationHelper.java:376] - HV000234: Using org.hibernate.validator.internal.engine.resolver.TraverseAllTraversableResolver as ValidatorFactory-scoped traversable resolver.
2024-10-26 12:41:54,619 DEBUG [main][ValidatorFactoryConfigurationHelper.java:377] - HV000234: Using org.hibernate.validator.internal.util.ExecutableParameterNameProvider as ValidatorFactory-scoped parameter name provider.
2024-10-26 12:41:54,619 DEBUG [main][ValidatorFactoryConfigurationHelper.java:377] - HV000234: Using org.hibernate.validator.internal.util.ExecutableParameterNameProvider as ValidatorFactory-scoped parameter name provider.
2024-10-26 12:41:54,619 DEBUG [main][ValidatorFactoryConfigurationHelper.java:378] - HV000234: Using org.hibernate.validator.internal.engine.DefaultClockProvider as ValidatorFactory-scoped clock provider.
2024-10-26 12:41:54,619 DEBUG [main][ValidatorFactoryConfigurationHelper.java:378] - HV000234: Using org.hibernate.validator.internal.engine.DefaultClockProvider as ValidatorFactory-scoped clock provider.
2024-10-26 12:41:54,619 DEBUG [main][ValidatorFactoryConfigurationHelper.java:379] - HV000234: Using org.hibernate.validator.internal.engine.scripting.DefaultScriptEvaluatorFactory as ValidatorFactory-scoped script evaluator factory.
2024-10-26 12:41:54,619 DEBUG [main][ValidatorFactoryConfigurationHelper.java:379] - HV000234: Using org.hibernate.validator.internal.engine.scripting.DefaultScriptEvaluatorFactory as ValidatorFactory-scoped script evaluator factory.
2024-10-26 12:41:54,619 DEBUG [main][DefaultSingletonBeanRegistry.java:225] - Creating shared instance of singleton bean 'org.springframework.boot.autoconfigure.web.servlet.error.ErrorMvcAutoConfiguration$WhitelabelErrorViewConfiguration'
2024-10-26 12:41:54,619 DEBUG [main][DefaultSingletonBeanRegistry.java:225] - Creating shared instance of singleton bean 'org.springframework.boot.autoconfigure.web.servlet.error.ErrorMvcAutoConfiguration$WhitelabelErrorViewConfiguration'
2024-10-26 12:41:54,620 DEBUG [main][DefaultSingletonBeanRegistry.java:225] - Creating shared instance of singleton bean 'error'
2024-10-26 12:41:54,620 DEBUG [main][DefaultSingletonBeanRegistry.java:225] - Creating shared instance of singleton bean 'error'
2024-10-26 12:41:54,621 DEBUG [main][DefaultSingletonBeanRegistry.java:225] - Creating shared instance of singleton bean 'beanNameViewResolver'
2024-10-26 12:41:54,621 DEBUG [main][DefaultSingletonBeanRegistry.java:225] - Creating shared instance of singleton bean 'beanNameViewResolver'
2024-10-26 12:41:54,622 DEBUG [main][DefaultSingletonBeanRegistry.java:225] - Creating shared instance of singleton bean 'org.springframework.boot.autoconfigure.web.servlet.error.ErrorMvcAutoConfiguration$DefaultErrorViewResolverConfiguration'
2024-10-26 12:41:54,622 DEBUG [main][DefaultSingletonBeanRegistry.java:225] - Creating shared instance of singleton bean 'org.springframework.boot.autoconfigure.web.servlet.error.ErrorMvcAutoConfiguration$DefaultErrorViewResolverConfiguration'
2024-10-26 12:41:54,622 DEBUG [main][DefaultSingletonBeanRegistry.java:225] - Creating shared instance of singleton bean 'spring.resources-org.springframework.boot.autoconfigure.web.ResourceProperties'
2024-10-26 12:41:54,622 DEBUG [main][DefaultSingletonBeanRegistry.java:225] - Creating shared instance of singleton bean 'spring.resources-org.springframework.boot.autoconfigure.web.ResourceProperties'
2024-10-26 12:41:54,624 DEBUG [main][ConstructorResolver.java:807] - Autowiring by type from bean name 'org.springframework.boot.autoconfigure.web.servlet.error.ErrorMvcAutoConfiguration$DefaultErrorViewResolverConfiguration' via constructor to bean named 'org.springframework.boot.web.servlet.context.AnnotationConfigServletWebServerApplicationContext@74a6a609'
2024-10-26 12:41:54,624 DEBUG [main][ConstructorResolver.java:807] - Autowiring by type from bean name 'org.springframework.boot.autoconfigure.web.servlet.error.ErrorMvcAutoConfiguration$DefaultErrorViewResolverConfiguration' via constructor to bean named 'org.springframework.boot.web.servlet.context.AnnotationConfigServletWebServerApplicationContext@74a6a609'
2024-10-26 12:41:54,624 DEBUG [main][ConstructorResolver.java:807] - Autowiring by type from bean name 'org.springframework.boot.autoconfigure.web.servlet.error.ErrorMvcAutoConfiguration$DefaultErrorViewResolverConfiguration' via constructor to bean named 'spring.resources-org.springframework.boot.autoconfigure.web.ResourceProperties'
2024-10-26 12:41:54,624 DEBUG [main][ConstructorResolver.java:807] - Autowiring by type from bean name 'org.springframework.boot.autoconfigure.web.servlet.error.ErrorMvcAutoConfiguration$DefaultErrorViewResolverConfiguration' via constructor to bean named 'spring.resources-org.springframework.boot.autoconfigure.web.ResourceProperties'
2024-10-26 12:41:54,624 DEBUG [main][DefaultSingletonBeanRegistry.java:225] - Creating shared instance of singleton bean 'conventionErrorViewResolver'
2024-10-26 12:41:54,624 DEBUG [main][DefaultSingletonBeanRegistry.java:225] - Creating shared instance of singleton bean 'conventionErrorViewResolver'
2024-10-26 12:41:54,625 DEBUG [main][DefaultSingletonBeanRegistry.java:225] - Creating shared instance of singleton bean 'errorAttributes'
2024-10-26 12:41:54,625 DEBUG [main][DefaultSingletonBeanRegistry.java:225] - Creating shared instance of singleton bean 'errorAttributes'
2024-10-26 12:41:54,626 DEBUG [main][DefaultSingletonBeanRegistry.java:225] - Creating shared instance of singleton bean 'basicErrorController'
2024-10-26 12:41:54,626 DEBUG [main][DefaultSingletonBeanRegistry.java:225] - Creating shared instance of singleton bean 'basicErrorController'
2024-10-26 12:41:54,626 DEBUG [main][ConstructorResolver.java:807] - Autowiring by type from bean name 'basicErrorController' via factory method to bean named 'errorAttributes'
2024-10-26 12:41:54,626 DEBUG [main][ConstructorResolver.java:807] - Autowiring by type from bean name 'basicErrorController' via factory method to bean named 'errorAttributes'
2024-10-26 12:41:54,628 DEBUG [main][DefaultSingletonBeanRegistry.java:225] - Creating shared instance of singleton bean 'org.springframework.boot.autoconfigure.web.servlet.WebMvcAutoConfiguration$EnableWebMvcConfiguration'
2024-10-26 12:41:54,628 DEBUG [main][DefaultSingletonBeanRegistry.java:225] - Creating shared instance of singleton bean 'org.springframework.boot.autoconfigure.web.servlet.WebMvcAutoConfiguration$EnableWebMvcConfiguration'
2024-10-26 12:41:54,630 DEBUG [main][ConstructorResolver.java:807] - Autowiring by type from bean name 'org.springframework.boot.autoconfigure.web.servlet.WebMvcAutoConfiguration$EnableWebMvcConfiguration' via constructor to bean named 'spring.resources-org.springframework.boot.autoconfigure.web.ResourceProperties'
2024-10-26 12:41:54,630 DEBUG [main][ConstructorResolver.java:807] - Autowiring by type from bean name 'org.springframework.boot.autoconfigure.web.servlet.WebMvcAutoConfiguration$EnableWebMvcConfiguration' via constructor to bean named 'spring.resources-org.springframework.boot.autoconfigure.web.ResourceProperties'
2024-10-26 12:41:54,630 DEBUG [main][ConstructorResolver.java:807] - Autowiring by type from bean name 'org.springframework.boot.autoconfigure.web.servlet.WebMvcAutoConfiguration$EnableWebMvcConfiguration' via constructor to bean named 'org.springframework.beans.factory.support.DefaultListableBeanFactory@476b0ae6'
2024-10-26 12:41:54,630 DEBUG [main][ConstructorResolver.java:807] - Autowiring by type from bean name 'org.springframework.boot.autoconfigure.web.servlet.WebMvcAutoConfiguration$EnableWebMvcConfiguration' via constructor to bean named 'org.springframework.beans.factory.support.DefaultListableBeanFactory@476b0ae6'
2024-10-26 12:41:54,635 DEBUG [main][DefaultSingletonBeanRegistry.java:225] - Creating shared instance of singleton bean 'org.springframework.boot.autoconfigure.web.servlet.WebMvcAutoConfiguration$WebMvcAutoConfigurationAdapter'
2024-10-26 12:41:54,635 DEBUG [main][DefaultSingletonBeanRegistry.java:225] - Creating shared instance of singleton bean 'org.springframework.boot.autoconfigure.web.servlet.WebMvcAutoConfiguration$WebMvcAutoConfigurationAdapter'
2024-10-26 12:41:54,635 DEBUG [main][ConstructorResolver.java:807] - Autowiring by type from bean name 'org.springframework.boot.autoconfigure.web.servlet.WebMvcAutoConfiguration$WebMvcAutoConfigurationAdapter' via constructor to bean named 'spring.resources-org.springframework.boot.autoconfigure.web.ResourceProperties'
2024-10-26 12:41:54,635 DEBUG [main][ConstructorResolver.java:807] - Autowiring by type from bean name 'org.springframework.boot.autoconfigure.web.servlet.WebMvcAutoConfiguration$WebMvcAutoConfigurationAdapter' via constructor to bean named 'spring.resources-org.springframework.boot.autoconfigure.web.ResourceProperties'
2024-10-26 12:41:54,635 DEBUG [main][ConstructorResolver.java:807] - Autowiring by type from bean name 'org.springframework.boot.autoconfigure.web.servlet.WebMvcAutoConfiguration$WebMvcAutoConfigurationAdapter' via constructor to bean named 'spring.mvc-org.springframework.boot.autoconfigure.web.servlet.WebMvcProperties'
2024-10-26 12:41:54,635 DEBUG [main][ConstructorResolver.java:807] - Autowiring by type from bean name 'org.springframework.boot.autoconfigure.web.servlet.WebMvcAutoConfiguration$WebMvcAutoConfigurationAdapter' via constructor to bean named 'spring.mvc-org.springframework.boot.autoconfigure.web.servlet.WebMvcProperties'
2024-10-26 12:41:54,636 DEBUG [main][ConstructorResolver.java:807] - Autowiring by type from bean name 'org.springframework.boot.autoconfigure.web.servlet.WebMvcAutoConfiguration$WebMvcAutoConfigurationAdapter' via constructor to bean named 'org.springframework.beans.factory.support.DefaultListableBeanFactory@476b0ae6'
2024-10-26 12:41:54,636 DEBUG [main][ConstructorResolver.java:807] - Autowiring by type from bean name 'org.springframework.boot.autoconfigure.web.servlet.WebMvcAutoConfiguration$WebMvcAutoConfigurationAdapter' via constructor to bean named 'org.springframework.beans.factory.support.DefaultListableBeanFactory@476b0ae6'
2024-10-26 12:41:54,636 DEBUG [main][DefaultSingletonBeanRegistry.java:225] - Creating shared instance of singleton bean 'requestMappingHandlerAdapter'
2024-10-26 12:41:54,636 DEBUG [main][DefaultSingletonBeanRegistry.java:225] - Creating shared instance of singleton bean 'requestMappingHandlerAdapter'
2024-10-26 12:41:54,637 DEBUG [main][DefaultSingletonBeanRegistry.java:225] - Creating shared instance of singleton bean 'mvcContentNegotiationManager'
2024-10-26 12:41:54,637 DEBUG [main][DefaultSingletonBeanRegistry.java:225] - Creating shared instance of singleton bean 'mvcContentNegotiationManager'
2024-10-26 12:41:54,641 DEBUG [main][DefaultSingletonBeanRegistry.java:225] - Creating shared instance of singleton bean 'mvcConversionService'
2024-10-26 12:41:54,641 DEBUG [main][DefaultSingletonBeanRegistry.java:225] - Creating shared instance of singleton bean 'mvcConversionService'
2024-10-26 12:41:54,643 DEBUG [main][DefaultSingletonBeanRegistry.java:225] - Creating shared instance of singleton bean 'mvcValidator'
2024-10-26 12:41:54,643 DEBUG [main][DefaultSingletonBeanRegistry.java:225] - Creating shared instance of singleton bean 'mvcValidator'
2024-10-26 12:41:54,644 DEBUG [main][ConstructorResolver.java:807] - Autowiring by type from bean name 'requestMappingHandlerAdapter' via factory method to bean named 'mvcContentNegotiationManager'
2024-10-26 12:41:54,644 DEBUG [main][ConstructorResolver.java:807] - Autowiring by type from bean name 'requestMappingHandlerAdapter' via factory method to bean named 'mvcContentNegotiationManager'
2024-10-26 12:41:54,644 DEBUG [main][ConstructorResolver.java:807] - Autowiring by type from bean name 'requestMappingHandlerAdapter' via factory method to bean named 'mvcConversionService'
2024-10-26 12:41:54,644 DEBUG [main][ConstructorResolver.java:807] - Autowiring by type from bean name 'requestMappingHandlerAdapter' via factory method to bean named 'mvcConversionService'
2024-10-26 12:41:54,644 DEBUG [main][ConstructorResolver.java:807] - Autowiring by type from bean name 'requestMappingHandlerAdapter' via factory method to bean named 'mvcValidator'
2024-10-26 12:41:54,644 DEBUG [main][ConstructorResolver.java:807] - Autowiring by type from bean name 'requestMappingHandlerAdapter' via factory method to bean named 'mvcValidator'
2024-10-26 12:41:54,646 DEBUG [main][ConstructorResolver.java:807] - Autowiring by type from bean name 'requestMappingHandlerAdapter' via factory method to bean named 'mvcContentNegotiationManager'
2024-10-26 12:41:54,646 DEBUG [main][ConstructorResolver.java:807] - Autowiring by type from bean name 'requestMappingHandlerAdapter' via factory method to bean named 'mvcContentNegotiationManager'
2024-10-26 12:41:54,646 DEBUG [main][ConstructorResolver.java:807] - Autowiring by type from bean name 'requestMappingHandlerAdapter' via factory method to bean named 'mvcConversionService'
2024-10-26 12:41:54,646 DEBUG [main][ConstructorResolver.java:807] - Autowiring by type from bean name 'requestMappingHandlerAdapter' via factory method to bean named 'mvcConversionService'
2024-10-26 12:41:54,647 DEBUG [main][ConstructorResolver.java:807] - Autowiring by type from bean name 'requestMappingHandlerAdapter' via factory method to bean named 'mvcValidator'
2024-10-26 12:41:54,647 DEBUG [main][ConstructorResolver.java:807] - Autowiring by type from bean name 'requestMappingHandlerAdapter' via factory method to bean named 'mvcValidator'
2024-10-26 12:41:54,650 DEBUG [main][DefaultSingletonBeanRegistry.java:225] - Creating shared instance of singleton bean 'messageConverters'
2024-10-26 12:41:54,650 DEBUG [main][DefaultSingletonBeanRegistry.java:225] - Creating shared instance of singleton bean 'messageConverters'
2024-10-26 12:41:54,651 DEBUG [main][DefaultSingletonBeanRegistry.java:225] - Creating shared instance of singleton bean 'org.springframework.boot.autoconfigure.http.HttpMessageConvertersAutoConfiguration'
2024-10-26 12:41:54,651 DEBUG [main][DefaultSingletonBeanRegistry.java:225] - Creating shared instance of singleton bean 'org.springframework.boot.autoconfigure.http.HttpMessageConvertersAutoConfiguration'
2024-10-26 12:41:54,652 DEBUG [main][DefaultSingletonBeanRegistry.java:225] - Creating shared instance of singleton bean 'stringHttpMessageConverter'
2024-10-26 12:41:54,652 DEBUG [main][DefaultSingletonBeanRegistry.java:225] - Creating shared instance of singleton bean 'stringHttpMessageConverter'
2024-10-26 12:41:54,652 DEBUG [main][DefaultSingletonBeanRegistry.java:225] - Creating shared instance of singleton bean 'org.springframework.boot.autoconfigure.http.HttpMessageConvertersAutoConfiguration$StringHttpMessageConverterConfiguration'
2024-10-26 12:41:54,652 DEBUG [main][DefaultSingletonBeanRegistry.java:225] - Creating shared instance of singleton bean 'org.springframework.boot.autoconfigure.http.HttpMessageConvertersAutoConfiguration$StringHttpMessageConverterConfiguration'
2024-10-26 12:41:54,653 DEBUG [main][ConstructorResolver.java:807] - Autowiring by type from bean name 'stringHttpMessageConverter' via factory method to bean named 'environment'
2024-10-26 12:41:54,653 DEBUG [main][ConstructorResolver.java:807] - Autowiring by type from bean name 'stringHttpMessageConverter' via factory method to bean named 'environment'
2024-10-26 12:41:54,655 DEBUG [main][DefaultSingletonBeanRegistry.java:225] - Creating shared instance of singleton bean 'mappingJackson2HttpMessageConverter'
2024-10-26 12:41:54,655 DEBUG [main][DefaultSingletonBeanRegistry.java:225] - Creating shared instance of singleton bean 'mappingJackson2HttpMessageConverter'
2024-10-26 12:41:54,656 DEBUG [main][DefaultSingletonBeanRegistry.java:225] - Creating shared instance of singleton bean 'org.springframework.boot.autoconfigure.http.JacksonHttpMessageConvertersConfiguration$MappingJackson2HttpMessageConverterConfiguration'
2024-10-26 12:41:54,656 DEBUG [main][DefaultSingletonBeanRegistry.java:225] - Creating shared instance of singleton bean 'org.springframework.boot.autoconfigure.http.JacksonHttpMessageConvertersConfiguration$MappingJackson2HttpMessageConverterConfiguration'
2024-10-26 12:41:54,656 DEBUG [main][DefaultSingletonBeanRegistry.java:225] - Creating shared instance of singleton bean 'jacksonObjectMapper'
2024-10-26 12:41:54,656 DEBUG [main][DefaultSingletonBeanRegistry.java:225] - Creating shared instance of singleton bean 'jacksonObjectMapper'
2024-10-26 12:41:54,656 DEBUG [main][DefaultSingletonBeanRegistry.java:225] - Creating shared instance of singleton bean 'org.springframework.boot.autoconfigure.jackson.JacksonAutoConfiguration$JacksonObjectMapperConfiguration'
2024-10-26 12:41:54,656 DEBUG [main][DefaultSingletonBeanRegistry.java:225] - Creating shared instance of singleton bean 'org.springframework.boot.autoconfigure.jackson.JacksonAutoConfiguration$JacksonObjectMapperConfiguration'
2024-10-26 12:41:54,657 DEBUG [main][DefaultSingletonBeanRegistry.java:225] - Creating shared instance of singleton bean 'org.springframework.boot.autoconfigure.jackson.JacksonAutoConfiguration$JacksonObjectMapperBuilderConfiguration'
2024-10-26 12:41:54,657 DEBUG [main][DefaultSingletonBeanRegistry.java:225] - Creating shared instance of singleton bean 'org.springframework.boot.autoconfigure.jackson.JacksonAutoConfiguration$JacksonObjectMapperBuilderConfiguration'
2024-10-26 12:41:54,657 DEBUG [main][DefaultSingletonBeanRegistry.java:225] - Creating shared instance of singleton bean 'standardJacksonObjectMapperBuilderCustomizer'
2024-10-26 12:41:54,657 DEBUG [main][DefaultSingletonBeanRegistry.java:225] - Creating shared instance of singleton bean 'standardJacksonObjectMapperBuilderCustomizer'
2024-10-26 12:41:54,657 DEBUG [main][DefaultSingletonBeanRegistry.java:225] - Creating shared instance of singleton bean 'org.springframework.boot.autoconfigure.jackson.JacksonAutoConfiguration$Jackson2ObjectMapperBuilderCustomizerConfiguration'
2024-10-26 12:41:54,657 DEBUG [main][DefaultSingletonBeanRegistry.java:225] - Creating shared instance of singleton bean 'org.springframework.boot.autoconfigure.jackson.JacksonAutoConfiguration$Jackson2ObjectMapperBuilderCustomizerConfiguration'
2024-10-26 12:41:54,658 DEBUG [main][DefaultSingletonBeanRegistry.java:225] - Creating shared instance of singleton bean 'spring.jackson-org.springframework.boot.autoconfigure.jackson.JacksonProperties'
2024-10-26 12:41:54,658 DEBUG [main][DefaultSingletonBeanRegistry.java:225] - Creating shared instance of singleton bean 'spring.jackson-org.springframework.boot.autoconfigure.jackson.JacksonProperties'
2024-10-26 12:41:54,659 DEBUG [main][ConstructorResolver.java:807] - Autowiring by type from bean name 'standardJacksonObjectMapperBuilderCustomizer' via factory method to bean named 'org.springframework.boot.web.servlet.context.AnnotationConfigServletWebServerApplicationContext@74a6a609'
2024-10-26 12:41:54,659 DEBUG [main][ConstructorResolver.java:807] - Autowiring by type from bean name 'standardJacksonObjectMapperBuilderCustomizer' via factory method to bean named 'org.springframework.boot.web.servlet.context.AnnotationConfigServletWebServerApplicationContext@74a6a609'
2024-10-26 12:41:54,659 DEBUG [main][ConstructorResolver.java:807] - Autowiring by type from bean name 'standardJacksonObjectMapperBuilderCustomizer' via factory method to bean named 'spring.jackson-org.springframework.boot.autoconfigure.jackson.JacksonProperties'
2024-10-26 12:41:54,659 DEBUG [main][ConstructorResolver.java:807] - Autowiring by type from bean name 'standardJacksonObjectMapperBuilderCustomizer' via factory method to bean named 'spring.jackson-org.springframework.boot.autoconfigure.jackson.JacksonProperties'
2024-10-26 12:41:54,660 DEBUG [main][ConstructorResolver.java:807] - Autowiring by type from bean name 'jacksonObjectMapperBuilder' via factory method to bean named 'org.springframework.boot.web.servlet.context.AnnotationConfigServletWebServerApplicationContext@74a6a609'
2024-10-26 12:41:54,660 DEBUG [main][ConstructorResolver.java:807] - Autowiring by type from bean name 'jacksonObjectMapperBuilder' via factory method to bean named 'org.springframework.boot.web.servlet.context.AnnotationConfigServletWebServerApplicationContext@74a6a609'
2024-10-26 12:41:54,660 DEBUG [main][ConstructorResolver.java:807] - Autowiring by type from bean name 'jacksonObjectMapperBuilder' via factory method to bean named 'standardJacksonObjectMapperBuilderCustomizer'
2024-10-26 12:41:54,660 DEBUG [main][ConstructorResolver.java:807] - Autowiring by type from bean name 'jacksonObjectMapperBuilder' via factory method to bean named 'standardJacksonObjectMapperBuilderCustomizer'
2024-10-26 12:41:54,661 DEBUG [main][DefaultSingletonBeanRegistry.java:225] - Creating shared instance of singleton bean 'parameterNamesModule'
2024-10-26 12:41:54,661 DEBUG [main][DefaultSingletonBeanRegistry.java:225] - Creating shared instance of singleton bean 'parameterNamesModule'
2024-10-26 12:41:54,661 DEBUG [main][DefaultSingletonBeanRegistry.java:225] - Creating shared instance of singleton bean 'org.springframework.boot.autoconfigure.jackson.JacksonAutoConfiguration$ParameterNamesModuleConfiguration'
2024-10-26 12:41:54,661 DEBUG [main][DefaultSingletonBeanRegistry.java:225] - Creating shared instance of singleton bean 'org.springframework.boot.autoconfigure.jackson.JacksonAutoConfiguration$ParameterNamesModuleConfiguration'
2024-10-26 12:41:54,662 DEBUG [main][DefaultSingletonBeanRegistry.java:225] - Creating shared instance of singleton bean 'jsonComponentModule'
2024-10-26 12:41:54,662 DEBUG [main][DefaultSingletonBeanRegistry.java:225] - Creating shared instance of singleton bean 'jsonComponentModule'
2024-10-26 12:41:54,662 DEBUG [main][DefaultSingletonBeanRegistry.java:225] - Creating shared instance of singleton bean 'org.springframework.boot.autoconfigure.jackson.JacksonAutoConfiguration'
2024-10-26 12:41:54,662 DEBUG [main][DefaultSingletonBeanRegistry.java:225] - Creating shared instance of singleton bean 'org.springframework.boot.autoconfigure.jackson.JacksonAutoConfiguration'
2024-10-26 12:41:54,667 DEBUG [main][ConstructorResolver.java:807] - Autowiring by type from bean name 'jacksonObjectMapper' via factory method to bean named 'jacksonObjectMapperBuilder'
2024-10-26 12:41:54,667 DEBUG [main][ConstructorResolver.java:807] - Autowiring by type from bean name 'jacksonObjectMapper' via factory method to bean named 'jacksonObjectMapperBuilder'
2024-10-26 12:41:54,676 DEBUG [main][ConstructorResolver.java:807] - Autowiring by type from bean name 'mappingJackson2HttpMessageConverter' via factory method to bean named 'jacksonObjectMapper'
2024-10-26 12:41:54,676 DEBUG [main][ConstructorResolver.java:807] - Autowiring by type from bean name 'mappingJackson2HttpMessageConverter' via factory method to bean named 'jacksonObjectMapper'
2024-10-26 12:41:54,680 DEBUG [main][DefaultSingletonBeanRegistry.java:225] - Creating shared instance of singleton bean 'applicationTaskExecutor'
2024-10-26 12:41:54,680 DEBUG [main][DefaultSingletonBeanRegistry.java:225] - Creating shared instance of singleton bean 'applicationTaskExecutor'
2024-10-26 12:41:54,680 DEBUG [main][ConstructorResolver.java:807] - Autowiring by type from bean name 'applicationTaskExecutor' via factory method to bean named 'taskExecutorBuilder'
2024-10-26 12:41:54,680 DEBUG [main][ConstructorResolver.java:807] - Autowiring by type from bean name 'applicationTaskExecutor' via factory method to bean named 'taskExecutorBuilder'
2024-10-26 12:41:54,682 INFO [main][ExecutorConfigurationSupport.java:181] - Initializing ExecutorService 'applicationTaskExecutor'
2024-10-26 12:41:54,682 INFO [main][ExecutorConfigurationSupport.java:181] - Initializing ExecutorService 'applicationTaskExecutor'
2024-10-26 12:41:54,686 DEBUG [main][RequestMappingHandlerAdapter.java:614] - ControllerAdvice beans: 0 @ModelAttribute, 0 @InitBinder, 1 RequestBodyAdvice, 1 ResponseBodyAdvice
2024-10-26 12:41:54,686 DEBUG [main][RequestMappingHandlerAdapter.java:614] - ControllerAdvice beans: 0 @ModelAttribute, 0 @InitBinder, 1 RequestBodyAdvice, 1 ResponseBodyAdvice
2024-10-26 12:41:54,693 DEBUG [main][DefaultSingletonBeanRegistry.java:225] - Creating shared instance of singleton bean 'requestMappingHandlerMapping'
2024-10-26 12:41:54,693 DEBUG [main][DefaultSingletonBeanRegistry.java:225] - Creating shared instance of singleton bean 'requestMappingHandlerMapping'
2024-10-26 12:41:54,693 DEBUG [main][DefaultSingletonBeanRegistry.java:225] - Creating shared instance of singleton bean 'mvcResourceUrlProvider'
2024-10-26 12:41:54,693 DEBUG [main][DefaultSingletonBeanRegistry.java:225] - Creating shared instance of singleton bean 'mvcResourceUrlProvider'
2024-10-26 12:41:54,695 DEBUG [main][ConstructorResolver.java:807] - Autowiring by type from bean name 'requestMappingHandlerMapping' via factory method to bean named 'mvcContentNegotiationManager'
2024-10-26 12:41:54,695 DEBUG [main][ConstructorResolver.java:807] - Autowiring by type from bean name 'requestMappingHandlerMapping' via factory method to bean named 'mvcContentNegotiationManager'
2024-10-26 12:41:54,696 DEBUG [main][ConstructorResolver.java:807] - Autowiring by type from bean name 'requestMappingHandlerMapping' via factory method to bean named 'mvcConversionService'
2024-10-26 12:41:54,696 DEBUG [main][ConstructorResolver.java:807] - Autowiring by type from bean name 'requestMappingHandlerMapping' via factory method to bean named 'mvcConversionService'
2024-10-26 12:41:54,696 DEBUG [main][ConstructorResolver.java:807] - Autowiring by type from bean name 'requestMappingHandlerMapping' via factory method to bean named 'mvcResourceUrlProvider'
2024-10-26 12:41:54,696 DEBUG [main][ConstructorResolver.java:807] - Autowiring by type from bean name 'requestMappingHandlerMapping' via factory method to bean named 'mvcResourceUrlProvider'
2024-10-26 12:41:54,696 DEBUG [main][ConstructorResolver.java:807] - Autowiring by type from bean name 'requestMappingHandlerMapping' via factory method to bean named 'mvcContentNegotiationManager'
2024-10-26 12:41:54,696 DEBUG [main][ConstructorResolver.java:807] - Autowiring by type from bean name 'requestMappingHandlerMapping' via factory method to bean named 'mvcContentNegotiationManager'
2024-10-26 12:41:54,696 DEBUG [main][ConstructorResolver.java:807] - Autowiring by type from bean name 'requestMappingHandlerMapping' via factory method to bean named 'mvcConversionService'
2024-10-26 12:41:54,696 DEBUG [main][ConstructorResolver.java:807] - Autowiring by type from bean name 'requestMappingHandlerMapping' via factory method to bean named 'mvcConversionService'
2024-10-26 12:41:54,696 DEBUG [main][ConstructorResolver.java:807] - Autowiring by type from bean name 'requestMappingHandlerMapping' via factory method to bean named 'mvcResourceUrlProvider'
2024-10-26 12:41:54,696 DEBUG [main][ConstructorResolver.java:807] - Autowiring by type from bean name 'requestMappingHandlerMapping' via factory method to bean named 'mvcResourceUrlProvider'
2024-10-26 12:41:54,706 DEBUG [main][AbstractHandlerMethodMapping.java:351] - 3 mappings in 'requestMappingHandlerMapping'
2024-10-26 12:41:54,706 DEBUG [main][AbstractHandlerMethodMapping.java:351] - 3 mappings in 'requestMappingHandlerMapping'
2024-10-26 12:41:54,706 DEBUG [main][DefaultSingletonBeanRegistry.java:225] - Creating shared instance of singleton bean 'welcomePageHandlerMapping'
2024-10-26 12:41:54,706 DEBUG [main][DefaultSingletonBeanRegistry.java:225] - Creating shared instance of singleton bean 'welcomePageHandlerMapping'
2024-10-26 12:41:54,706 DEBUG [main][ConstructorResolver.java:807] - Autowiring by type from bean name 'welcomePageHandlerMapping' via factory method to bean named 'org.springframework.boot.web.servlet.context.AnnotationConfigServletWebServerApplicationContext@74a6a609'
2024-10-26 12:41:54,706 DEBUG [main][ConstructorResolver.java:807] - Autowiring by type from bean name 'welcomePageHandlerMapping' via factory method to bean named 'org.springframework.boot.web.servlet.context.AnnotationConfigServletWebServerApplicationContext@74a6a609'
2024-10-26 12:41:54,706 DEBUG [main][ConstructorResolver.java:807] - Autowiring by type from bean name 'welcomePageHandlerMapping' via factory method to bean named 'mvcConversionService'
2024-10-26 12:41:54,706 DEBUG [main][ConstructorResolver.java:807] - Autowiring by type from bean name 'welcomePageHandlerMapping' via factory method to bean named 'mvcConversionService'
2024-10-26 12:41:54,706 DEBUG [main][ConstructorResolver.java:807] - Autowiring by type from bean name 'welcomePageHandlerMapping' via factory method to bean named 'mvcResourceUrlProvider'
2024-10-26 12:41:54,706 DEBUG [main][ConstructorResolver.java:807] - Autowiring by type from bean name 'welcomePageHandlerMapping' via factory method to bean named 'mvcResourceUrlProvider'
2024-10-26 12:41:54,708 DEBUG [main][DefaultSingletonBeanRegistry.java:225] - Creating shared instance of singleton bean 'mvcPathMatcher'
2024-10-26 12:41:54,708 DEBUG [main][DefaultSingletonBeanRegistry.java:225] - Creating shared instance of singleton bean 'mvcPathMatcher'
2024-10-26 12:41:54,708 DEBUG [main][DefaultSingletonBeanRegistry.java:225] - Creating shared instance of singleton bean 'mvcUrlPathHelper'
2024-10-26 12:41:54,708 DEBUG [main][DefaultSingletonBeanRegistry.java:225] - Creating shared instance of singleton bean 'mvcUrlPathHelper'
2024-10-26 12:41:54,708 DEBUG [main][DefaultSingletonBeanRegistry.java:225] - Creating shared instance of singleton bean 'viewControllerHandlerMapping'
2024-10-26 12:41:54,708 DEBUG [main][DefaultSingletonBeanRegistry.java:225] - Creating shared instance of singleton bean 'viewControllerHandlerMapping'
2024-10-26 12:41:54,710 DEBUG [main][ConstructorResolver.java:807] - Autowiring by type from bean name 'viewControllerHandlerMapping' via factory method to bean named 'mvcPathMatcher'
2024-10-26 12:41:54,710 DEBUG [main][ConstructorResolver.java:807] - Autowiring by type from bean name 'viewControllerHandlerMapping' via factory method to bean named 'mvcPathMatcher'
2024-10-26 12:41:54,710 DEBUG [main][ConstructorResolver.java:807] - Autowiring by type from bean name 'viewControllerHandlerMapping' via factory method to bean named 'mvcUrlPathHelper'
2024-10-26 12:41:54,710 DEBUG [main][ConstructorResolver.java:807] - Autowiring by type from bean name 'viewControllerHandlerMapping' via factory method to bean named 'mvcUrlPathHelper'
2024-10-26 12:41:54,710 DEBUG [main][ConstructorResolver.java:807] - Autowiring by type from bean name 'viewControllerHandlerMapping' via factory method to bean named 'mvcConversionService'
2024-10-26 12:41:54,710 DEBUG [main][ConstructorResolver.java:807] - Autowiring by type from bean name 'viewControllerHandlerMapping' via factory method to bean named 'mvcConversionService'
2024-10-26 12:41:54,710 DEBUG [main][ConstructorResolver.java:807] - Autowiring by type from bean name 'viewControllerHandlerMapping' via factory method to bean named 'mvcResourceUrlProvider'
2024-10-26 12:41:54,710 DEBUG [main][ConstructorResolver.java:807] - Autowiring by type from bean name 'viewControllerHandlerMapping' via factory method to bean named 'mvcResourceUrlProvider'
2024-10-26 12:41:54,710 DEBUG [main][DefaultSingletonBeanRegistry.java:225] - Creating shared instance of singleton bean 'beanNameHandlerMapping'
2024-10-26 12:41:54,710 DEBUG [main][DefaultSingletonBeanRegistry.java:225] - Creating shared instance of singleton bean 'beanNameHandlerMapping'
2024-10-26 12:41:54,711 DEBUG [main][ConstructorResolver.java:807] - Autowiring by type from bean name 'beanNameHandlerMapping' via factory method to bean named 'mvcConversionService'
2024-10-26 12:41:54,711 DEBUG [main][ConstructorResolver.java:807] - Autowiring by type from bean name 'beanNameHandlerMapping' via factory method to bean named 'mvcConversionService'
2024-10-26 12:41:54,711 DEBUG [main][ConstructorResolver.java:807] - Autowiring by type from bean name 'beanNameHandlerMapping' via factory method to bean named 'mvcResourceUrlProvider'
2024-10-26 12:41:54,711 DEBUG [main][ConstructorResolver.java:807] - Autowiring by type from bean name 'beanNameHandlerMapping' via factory method to bean named 'mvcResourceUrlProvider'
2024-10-26 12:41:54,711 DEBUG [main][DefaultSingletonBeanRegistry.java:225] - Creating shared instance of singleton bean 'routerFunctionMapping'
2024-10-26 12:41:54,711 DEBUG [main][DefaultSingletonBeanRegistry.java:225] - Creating shared instance of singleton bean 'routerFunctionMapping'
2024-10-26 12:41:54,711 DEBUG [main][ConstructorResolver.java:807] - Autowiring by type from bean name 'routerFunctionMapping' via factory method to bean named 'mvcConversionService'
2024-10-26 12:41:54,711 DEBUG [main][ConstructorResolver.java:807] - Autowiring by type from bean name 'routerFunctionMapping' via factory method to bean named 'mvcConversionService'
2024-10-26 12:41:54,711 DEBUG [main][ConstructorResolver.java:807] - Autowiring by type from bean name 'routerFunctionMapping' via factory method to bean named 'mvcResourceUrlProvider'
2024-10-26 12:41:54,711 DEBUG [main][ConstructorResolver.java:807] - Autowiring by type from bean name 'routerFunctionMapping' via factory method to bean named 'mvcResourceUrlProvider'
2024-10-26 12:41:54,712 DEBUG [main][DefaultSingletonBeanRegistry.java:225] - Creating shared instance of singleton bean 'resourceHandlerMapping'
2024-10-26 12:41:54,712 DEBUG [main][DefaultSingletonBeanRegistry.java:225] - Creating shared instance of singleton bean 'resourceHandlerMapping'
2024-10-26 12:41:54,713 DEBUG [main][ConstructorResolver.java:807] - Autowiring by type from bean name 'resourceHandlerMapping' via factory method to bean named 'mvcUrlPathHelper'
2024-10-26 12:41:54,713 DEBUG [main][ConstructorResolver.java:807] - Autowiring by type from bean name 'resourceHandlerMapping' via factory method to bean named 'mvcUrlPathHelper'
2024-10-26 12:41:54,713 DEBUG [main][ConstructorResolver.java:807] - Autowiring by type from bean name 'resourceHandlerMapping' via factory method to bean named 'mvcPathMatcher'
2024-10-26 12:41:54,713 DEBUG [main][ConstructorResolver.java:807] - Autowiring by type from bean name 'resourceHandlerMapping' via factory method to bean named 'mvcPathMatcher'
2024-10-26 12:41:54,713 DEBUG [main][ConstructorResolver.java:807] - Autowiring by type from bean name 'resourceHandlerMapping' via factory method to bean named 'mvcContentNegotiationManager'
2024-10-26 12:41:54,713 DEBUG [main][ConstructorResolver.java:807] - Autowiring by type from bean name 'resourceHandlerMapping' via factory method to bean named 'mvcContentNegotiationManager'
2024-10-26 12:41:54,713 DEBUG [main][ConstructorResolver.java:807] - Autowiring by type from bean name 'resourceHandlerMapping' via factory method to bean named 'mvcConversionService'
2024-10-26 12:41:54,713 DEBUG [main][ConstructorResolver.java:807] - Autowiring by type from bean name 'resourceHandlerMapping' via factory method to bean named 'mvcConversionService'
2024-10-26 12:41:54,713 DEBUG [main][ConstructorResolver.java:807] - Autowiring by type from bean name 'resourceHandlerMapping' via factory method to bean named 'mvcResourceUrlProvider'
2024-10-26 12:41:54,713 DEBUG [main][ConstructorResolver.java:807] - Autowiring by type from bean name 'resourceHandlerMapping' via factory method to bean named 'mvcResourceUrlProvider'
2024-10-26 12:41:54,717 DEBUG [main][SimpleUrlHandlerMapping.java:173] - Patterns [/webjars/**, /**] in 'resourceHandlerMapping'
2024-10-26 12:41:54,717 DEBUG [main][SimpleUrlHandlerMapping.java:173] - Patterns [/webjars/**, /**] in 'resourceHandlerMapping'
2024-10-26 12:41:54,717 DEBUG [main][DefaultSingletonBeanRegistry.java:225] - Creating shared instance of singleton bean 'defaultServletHandlerMapping'
2024-10-26 12:41:54,717 DEBUG [main][DefaultSingletonBeanRegistry.java:225] - Creating shared instance of singleton bean 'defaultServletHandlerMapping'
2024-10-26 12:41:54,717 DEBUG [main][DefaultSingletonBeanRegistry.java:225] - Creating shared instance of singleton bean 'handlerFunctionAdapter'
2024-10-26 12:41:54,717 DEBUG [main][DefaultSingletonBeanRegistry.java:225] - Creating shared instance of singleton bean 'handlerFunctionAdapter'
2024-10-26 12:41:54,717 DEBUG [main][DefaultSingletonBeanRegistry.java:225] - Creating shared instance of singleton bean 'mvcUriComponentsContributor'
2024-10-26 12:41:54,717 DEBUG [main][DefaultSingletonBeanRegistry.java:225] - Creating shared instance of singleton bean 'mvcUriComponentsContributor'
2024-10-26 12:41:54,718 DEBUG [main][ConstructorResolver.java:807] - Autowiring by type from bean name 'mvcUriComponentsContributor' via factory method to bean named 'mvcConversionService'
2024-10-26 12:41:54,718 DEBUG [main][ConstructorResolver.java:807] - Autowiring by type from bean name 'mvcUriComponentsContributor' via factory method to bean named 'mvcConversionService'
2024-10-26 12:41:54,718 DEBUG [main][ConstructorResolver.java:807] - Autowiring by type from bean name 'mvcUriComponentsContributor' via factory method to bean named 'requestMappingHandlerAdapter'
2024-10-26 12:41:54,718 DEBUG [main][ConstructorResolver.java:807] - Autowiring by type from bean name 'mvcUriComponentsContributor' via factory method to bean named 'requestMappingHandlerAdapter'
2024-10-26 12:41:54,718 DEBUG [main][DefaultSingletonBeanRegistry.java:225] - Creating shared instance of singleton bean 'httpRequestHandlerAdapter'
2024-10-26 12:41:54,718 DEBUG [main][DefaultSingletonBeanRegistry.java:225] - Creating shared instance of singleton bean 'httpRequestHandlerAdapter'
2024-10-26 12:41:54,719 DEBUG [main][DefaultSingletonBeanRegistry.java:225] - Creating shared instance of singleton bean 'simpleControllerHandlerAdapter'
2024-10-26 12:41:54,719 DEBUG [main][DefaultSingletonBeanRegistry.java:225] - Creating shared instance of singleton bean 'simpleControllerHandlerAdapter'
2024-10-26 12:41:54,719 DEBUG [main][DefaultSingletonBeanRegistry.java:225] - Creating shared instance of singleton bean 'handlerExceptionResolver'
2024-10-26 12:41:54,719 DEBUG [main][DefaultSingletonBeanRegistry.java:225] - Creating shared instance of singleton bean 'handlerExceptionResolver'
2024-10-26 12:41:54,719 DEBUG [main][ConstructorResolver.java:807] - Autowiring by type from bean name 'handlerExceptionResolver' via factory method to bean named 'mvcContentNegotiationManager'
2024-10-26 12:41:54,719 DEBUG [main][ConstructorResolver.java:807] - Autowiring by type from bean name 'handlerExceptionResolver' via factory method to bean named 'mvcContentNegotiationManager'
2024-10-26 12:41:54,720 DEBUG [main][ExceptionHandlerExceptionResolver.java:297] - ControllerAdvice beans: 0 @ExceptionHandler, 1 ResponseBodyAdvice
2024-10-26 12:41:54,720 DEBUG [main][ExceptionHandlerExceptionResolver.java:297] - ControllerAdvice beans: 0 @ExceptionHandler, 1 ResponseBodyAdvice
2024-10-26 12:41:54,721 DEBUG [main][DefaultSingletonBeanRegistry.java:225] - Creating shared instance of singleton bean 'mvcViewResolver'
2024-10-26 12:41:54,721 DEBUG [main][DefaultSingletonBeanRegistry.java:225] - Creating shared instance of singleton bean 'mvcViewResolver'
2024-10-26 12:41:54,721 DEBUG [main][ConstructorResolver.java:807] - Autowiring by type from bean name 'mvcViewResolver' via factory method to bean named 'mvcContentNegotiationManager'
2024-10-26 12:41:54,721 DEBUG [main][ConstructorResolver.java:807] - Autowiring by type from bean name 'mvcViewResolver' via factory method to bean named 'mvcContentNegotiationManager'
2024-10-26 12:41:54,722 DEBUG [main][DefaultSingletonBeanRegistry.java:225] - Creating shared instance of singleton bean 'defaultViewResolver'
2024-10-26 12:41:54,722 DEBUG [main][DefaultSingletonBeanRegistry.java:225] - Creating shared instance of singleton bean 'defaultViewResolver'
2024-10-26 12:41:54,723 DEBUG [main][DefaultSingletonBeanRegistry.java:225] - Creating shared instance of singleton bean 'viewResolver'
2024-10-26 12:41:54,723 DEBUG [main][DefaultSingletonBeanRegistry.java:225] - Creating shared instance of singleton bean 'viewResolver'
2024-10-26 12:41:54,724 DEBUG [main][ConstructorResolver.java:807] - Autowiring by type from bean name 'viewResolver' via factory method to bean named 'org.springframework.beans.factory.support.DefaultListableBeanFactory@476b0ae6'
2024-10-26 12:41:54,724 DEBUG [main][ConstructorResolver.java:807] - Autowiring by type from bean name 'viewResolver' via factory method to bean named 'org.springframework.beans.factory.support.DefaultListableBeanFactory@476b0ae6'
2024-10-26 12:41:54,724 DEBUG [main][DefaultSingletonBeanRegistry.java:225] - Creating shared instance of singleton bean 'org.springframework.boot.autoconfigure.jmx.JmxAutoConfiguration'
2024-10-26 12:41:54,724 DEBUG [main][DefaultSingletonBeanRegistry.java:225] - Creating shared instance of singleton bean 'org.springframework.boot.autoconfigure.jmx.JmxAutoConfiguration'
2024-10-26 12:41:54,724 DEBUG [main][ConstructorResolver.java:807] - Autowiring by type from bean name 'org.springframework.boot.autoconfigure.jmx.JmxAutoConfiguration' via constructor to bean named 'environment'
2024-10-26 12:41:54,724 DEBUG [main][ConstructorResolver.java:807] - Autowiring by type from bean name 'org.springframework.boot.autoconfigure.jmx.JmxAutoConfiguration' via constructor to bean named 'environment'
2024-10-26 12:41:54,725 DEBUG [main][DefaultSingletonBeanRegistry.java:225] - Creating shared instance of singleton bean 'mbeanExporter'
2024-10-26 12:41:54,725 DEBUG [main][DefaultSingletonBeanRegistry.java:225] - Creating shared instance of singleton bean 'mbeanExporter'
2024-10-26 12:41:54,725 DEBUG [main][DefaultSingletonBeanRegistry.java:225] - Creating shared instance of singleton bean 'objectNamingStrategy'
2024-10-26 12:41:54,725 DEBUG [main][DefaultSingletonBeanRegistry.java:225] - Creating shared instance of singleton bean 'objectNamingStrategy'
2024-10-26 12:41:54,726 DEBUG [main][ConstructorResolver.java:807] - Autowiring by type from bean name 'mbeanExporter' via factory method to bean named 'objectNamingStrategy'
2024-10-26 12:41:54,726 DEBUG [main][ConstructorResolver.java:807] - Autowiring by type from bean name 'mbeanExporter' via factory method to bean named 'objectNamingStrategy'
2024-10-26 12:41:54,726 DEBUG [main][ConstructorResolver.java:807] - Autowiring by type from bean name 'mbeanExporter' via factory method to bean named 'org.springframework.beans.factory.support.DefaultListableBeanFactory@476b0ae6'
2024-10-26 12:41:54,726 DEBUG [main][ConstructorResolver.java:807] - Autowiring by type from bean name 'mbeanExporter' via factory method to bean named 'org.springframework.beans.factory.support.DefaultListableBeanFactory@476b0ae6'
2024-10-26 12:41:54,728 DEBUG [main][DefaultSingletonBeanRegistry.java:225] - Creating shared instance of singleton bean 'mbeanServer'
2024-10-26 12:41:54,728 DEBUG [main][DefaultSingletonBeanRegistry.java:225] - Creating shared instance of singleton bean 'mbeanServer'
2024-10-26 12:41:54,729 DEBUG [main][JmxUtils.java:127] - Found MBeanServer: com.sun.jmx.mbeanserver.JmxMBeanServer@7c3df479
2024-10-26 12:41:54,729 DEBUG [main][JmxUtils.java:127] - Found MBeanServer: com.sun.jmx.mbeanserver.JmxMBeanServer@7c3df479
2024-10-26 12:41:54,731 DEBUG [main][DefaultSingletonBeanRegistry.java:225] - Creating shared instance of singleton bean 'org.springframework.boot.autoconfigure.admin.SpringApplicationAdminJmxAutoConfiguration'
2024-10-26 12:41:54,731 DEBUG [main][DefaultSingletonBeanRegistry.java:225] - Creating shared instance of singleton bean 'org.springframework.boot.autoconfigure.admin.SpringApplicationAdminJmxAutoConfiguration'
2024-10-26 12:41:54,731 DEBUG [main][DefaultSingletonBeanRegistry.java:225] - Creating shared instance of singleton bean 'springApplicationAdminRegistrar'
2024-10-26 12:41:54,731 DEBUG [main][DefaultSingletonBeanRegistry.java:225] - Creating shared instance of singleton bean 'springApplicationAdminRegistrar'
2024-10-26 12:41:54,731 DEBUG [main][ConstructorResolver.java:807] - Autowiring by type from bean name 'springApplicationAdminRegistrar' via factory method to bean named 'environment'
2024-10-26 12:41:54,731 DEBUG [main][ConstructorResolver.java:807] - Autowiring by type from bean name 'springApplicationAdminRegistrar' via factory method to bean named 'environment'
2024-10-26 12:41:54,732 DEBUG [main][SpringApplicationAdminMXBeanRegistrar.java:131] - Application Admin MBean registered with name 'org.springframework.boot:type=Admin,name=SpringApplication'
2024-10-26 12:41:54,732 DEBUG [main][SpringApplicationAdminMXBeanRegistrar.java:131] - Application Admin MBean registered with name 'org.springframework.boot:type=Admin,name=SpringApplication'
2024-10-26 12:41:54,732 DEBUG [main][DefaultSingletonBeanRegistry.java:225] - Creating shared instance of singleton bean 'org.springframework.boot.autoconfigure.aop.AopAutoConfiguration$ClassProxyingConfiguration'
2024-10-26 12:41:54,732 DEBUG [main][DefaultSingletonBeanRegistry.java:225] - Creating shared instance of singleton bean 'org.springframework.boot.autoconfigure.aop.AopAutoConfiguration$ClassProxyingConfiguration'
2024-10-26 12:41:54,732 DEBUG [main][ConstructorResolver.java:807] - Autowiring by type from bean name 'org.springframework.boot.autoconfigure.aop.AopAutoConfiguration$ClassProxyingConfiguration' via constructor to bean named 'org.springframework.beans.factory.support.DefaultListableBeanFactory@476b0ae6'
2024-10-26 12:41:54,732 DEBUG [main][ConstructorResolver.java:807] - Autowiring by type from bean name 'org.springframework.boot.autoconfigure.aop.AopAutoConfiguration$ClassProxyingConfiguration' via constructor to bean named 'org.springframework.beans.factory.support.DefaultListableBeanFactory@476b0ae6'
2024-10-26 12:41:54,734 DEBUG [main][DefaultSingletonBeanRegistry.java:225] - Creating shared instance of singleton bean 'org.springframework.boot.autoconfigure.aop.AopAutoConfiguration'
2024-10-26 12:41:54,734 DEBUG [main][DefaultSingletonBeanRegistry.java:225] - Creating shared instance of singleton bean 'org.springframework.boot.autoconfigure.aop.AopAutoConfiguration'
2024-10-26 12:41:54,734 DEBUG [main][DefaultSingletonBeanRegistry.java:225] - Creating shared instance of singleton bean 'org.springframework.boot.autoconfigure.availability.ApplicationAvailabilityAutoConfiguration'
2024-10-26 12:41:54,734 DEBUG [main][DefaultSingletonBeanRegistry.java:225] - Creating shared instance of singleton bean 'org.springframework.boot.autoconfigure.availability.ApplicationAvailabilityAutoConfiguration'
2024-10-26 12:41:54,734 DEBUG [main][DefaultSingletonBeanRegistry.java:225] - Creating shared instance of singleton bean 'applicationAvailability'
2024-10-26 12:41:54,734 DEBUG [main][DefaultSingletonBeanRegistry.java:225] - Creating shared instance of singleton bean 'applicationAvailability'
2024-10-26 12:41:54,734 DEBUG [main][DefaultSingletonBeanRegistry.java:225] - Creating shared instance of singleton bean 'org.springframework.cloud.autoconfigure.RefreshAutoConfiguration'
2024-10-26 12:41:54,734 DEBUG [main][DefaultSingletonBeanRegistry.java:225] - Creating shared instance of singleton bean 'org.springframework.cloud.autoconfigure.RefreshAutoConfiguration'
2024-10-26 12:41:54,734 DEBUG [main][DefaultSingletonBeanRegistry.java:225] - Creating shared instance of singleton bean 'loggingRebinder'
2024-10-26 12:41:54,734 DEBUG [main][DefaultSingletonBeanRegistry.java:225] - Creating shared instance of singleton bean 'loggingRebinder'
2024-10-26 12:41:54,734 DEBUG [main][DefaultSingletonBeanRegistry.java:225] - Creating shared instance of singleton bean 'contextRefresher'
2024-10-26 12:41:54,734 DEBUG [main][DefaultSingletonBeanRegistry.java:225] - Creating shared instance of singleton bean 'contextRefresher'
2024-10-26 12:41:54,735 DEBUG [main][ConstructorResolver.java:807] - Autowiring by type from bean name 'contextRefresher' via factory method to bean named 'org.springframework.boot.web.servlet.context.AnnotationConfigServletWebServerApplicationContext@74a6a609'
2024-10-26 12:41:54,735 DEBUG [main][ConstructorResolver.java:807] - Autowiring by type from bean name 'contextRefresher' via factory method to bean named 'org.springframework.boot.web.servlet.context.AnnotationConfigServletWebServerApplicationContext@74a6a609'
2024-10-26 12:41:54,735 DEBUG [main][ConstructorResolver.java:807] - Autowiring by type from bean name 'contextRefresher' via factory method to bean named 'refreshScope'
2024-10-26 12:41:54,735 DEBUG [main][ConstructorResolver.java:807] - Autowiring by type from bean name 'contextRefresher' via factory method to bean named 'refreshScope'
2024-10-26 12:41:54,735 DEBUG [main][DefaultSingletonBeanRegistry.java:225] - Creating shared instance of singleton bean 'refreshEventListener'
2024-10-26 12:41:54,735 DEBUG [main][DefaultSingletonBeanRegistry.java:225] - Creating shared instance of singleton bean 'refreshEventListener'
2024-10-26 12:41:54,735 DEBUG [main][ConstructorResolver.java:807] - Autowiring by type from bean name 'refreshEventListener' via factory method to bean named 'contextRefresher'
2024-10-26 12:41:54,735 DEBUG [main][ConstructorResolver.java:807] - Autowiring by type from bean name 'refreshEventListener' via factory method to bean named 'contextRefresher'
2024-10-26 12:41:54,736 DEBUG [main][DefaultSingletonBeanRegistry.java:225] - Creating shared instance of singleton bean 'org.springframework.boot.autoconfigure.context.ConfigurationPropertiesAutoConfiguration'
2024-10-26 12:41:54,736 DEBUG [main][DefaultSingletonBeanRegistry.java:225] - Creating shared instance of singleton bean 'org.springframework.boot.autoconfigure.context.ConfigurationPropertiesAutoConfiguration'
2024-10-26 12:41:54,736 DEBUG [main][DefaultSingletonBeanRegistry.java:225] - Creating shared instance of singleton bean 'org.springframework.boot.autoconfigure.context.LifecycleAutoConfiguration'
2024-10-26 12:41:54,736 DEBUG [main][DefaultSingletonBeanRegistry.java:225] - Creating shared instance of singleton bean 'org.springframework.boot.autoconfigure.context.LifecycleAutoConfiguration'
2024-10-26 12:41:54,736 DEBUG [main][DefaultSingletonBeanRegistry.java:225] - Creating shared instance of singleton bean 'lifecycleProcessor'
2024-10-26 12:41:54,736 DEBUG [main][DefaultSingletonBeanRegistry.java:225] - Creating shared instance of singleton bean 'lifecycleProcessor'
2024-10-26 12:41:54,736 DEBUG [main][DefaultSingletonBeanRegistry.java:225] - Creating shared instance of singleton bean 'spring.lifecycle-org.springframework.boot.autoconfigure.context.LifecycleProperties'
2024-10-26 12:41:54,736 DEBUG [main][DefaultSingletonBeanRegistry.java:225] - Creating shared instance of singleton bean 'spring.lifecycle-org.springframework.boot.autoconfigure.context.LifecycleProperties'
2024-10-26 12:41:54,736 DEBUG [main][ConstructorResolver.java:807] - Autowiring by type from bean name 'lifecycleProcessor' via factory method to bean named 'spring.lifecycle-org.springframework.boot.autoconfigure.context.LifecycleProperties'
2024-10-26 12:41:54,736 DEBUG [main][ConstructorResolver.java:807] - Autowiring by type from bean name 'lifecycleProcessor' via factory method to bean named 'spring.lifecycle-org.springframework.boot.autoconfigure.context.LifecycleProperties'
2024-10-26 12:41:54,737 DEBUG [main][DefaultSingletonBeanRegistry.java:225] - Creating shared instance of singleton bean 'org.springframework.boot.autoconfigure.http.JacksonHttpMessageConvertersConfiguration'
2024-10-26 12:41:54,737 DEBUG [main][DefaultSingletonBeanRegistry.java:225] - Creating shared instance of singleton bean 'org.springframework.boot.autoconfigure.http.JacksonHttpMessageConvertersConfiguration'
2024-10-26 12:41:54,737 DEBUG [main][DefaultSingletonBeanRegistry.java:225] - Creating shared instance of singleton bean 'org.springframework.boot.autoconfigure.info.ProjectInfoAutoConfiguration'
2024-10-26 12:41:54,737 DEBUG [main][DefaultSingletonBeanRegistry.java:225] - Creating shared instance of singleton bean 'org.springframework.boot.autoconfigure.info.ProjectInfoAutoConfiguration'
2024-10-26 12:41:54,738 DEBUG [main][DefaultSingletonBeanRegistry.java:225] - Creating shared instance of singleton bean 'spring.info-org.springframework.boot.autoconfigure.info.ProjectInfoProperties'
2024-10-26 12:41:54,738 DEBUG [main][DefaultSingletonBeanRegistry.java:225] - Creating shared instance of singleton bean 'spring.info-org.springframework.boot.autoconfigure.info.ProjectInfoProperties'
2024-10-26 12:41:54,738 DEBUG [main][ConstructorResolver.java:807] - Autowiring by type from bean name 'org.springframework.boot.autoconfigure.info.ProjectInfoAutoConfiguration' via constructor to bean named 'spring.info-org.springframework.boot.autoconfigure.info.ProjectInfoProperties'
2024-10-26 12:41:54,738 DEBUG [main][ConstructorResolver.java:807] - Autowiring by type from bean name 'org.springframework.boot.autoconfigure.info.ProjectInfoAutoConfiguration' via constructor to bean named 'spring.info-org.springframework.boot.autoconfigure.info.ProjectInfoProperties'
2024-10-26 12:41:54,738 DEBUG [main][DefaultSingletonBeanRegistry.java:225] - Creating shared instance of singleton bean 'org.springframework.boot.autoconfigure.task.TaskSchedulingAutoConfiguration'
2024-10-26 12:41:54,738 DEBUG [main][DefaultSingletonBeanRegistry.java:225] - Creating shared instance of singleton bean 'org.springframework.boot.autoconfigure.task.TaskSchedulingAutoConfiguration'
2024-10-26 12:41:54,739 DEBUG [main][DefaultSingletonBeanRegistry.java:225] - Creating shared instance of singleton bean 'taskSchedulerBuilder'
2024-10-26 12:41:54,739 DEBUG [main][DefaultSingletonBeanRegistry.java:225] - Creating shared instance of singleton bean 'taskSchedulerBuilder'
2024-10-26 12:41:54,739 DEBUG [main][DefaultSingletonBeanRegistry.java:225] - Creating shared instance of singleton bean 'spring.task.scheduling-org.springframework.boot.autoconfigure.task.TaskSchedulingProperties'
2024-10-26 12:41:54,739 DEBUG [main][DefaultSingletonBeanRegistry.java:225] - Creating shared instance of singleton bean 'spring.task.scheduling-org.springframework.boot.autoconfigure.task.TaskSchedulingProperties'
2024-10-26 12:41:54,740 DEBUG [main][ConstructorResolver.java:807] - Autowiring by type from bean name 'taskSchedulerBuilder' via factory method to bean named 'spring.task.scheduling-org.springframework.boot.autoconfigure.task.TaskSchedulingProperties'
2024-10-26 12:41:54,740 DEBUG [main][ConstructorResolver.java:807] - Autowiring by type from bean name 'taskSchedulerBuilder' via factory method to bean named 'spring.task.scheduling-org.springframework.boot.autoconfigure.task.TaskSchedulingProperties'
2024-10-26 12:41:54,740 DEBUG [main][DefaultSingletonBeanRegistry.java:225] - Creating shared instance of singleton bean 'org.springframework.boot.autoconfigure.web.client.RestTemplateAutoConfiguration'
2024-10-26 12:41:54,740 DEBUG [main][DefaultSingletonBeanRegistry.java:225] - Creating shared instance of singleton bean 'org.springframework.boot.autoconfigure.web.client.RestTemplateAutoConfiguration'
2024-10-26 12:41:54,740 DEBUG [main][DefaultSingletonBeanRegistry.java:225] - Creating shared instance of singleton bean 'org.springframework.boot.autoconfigure.web.embedded.EmbeddedWebServerFactoryCustomizerAutoConfiguration'
2024-10-26 12:41:54,740 DEBUG [main][DefaultSingletonBeanRegistry.java:225] - Creating shared instance of singleton bean 'org.springframework.boot.autoconfigure.web.embedded.EmbeddedWebServerFactoryCustomizerAutoConfiguration'
2024-10-26 12:41:54,740 DEBUG [main][DefaultSingletonBeanRegistry.java:225] - Creating shared instance of singleton bean 'multipartResolver'
2024-10-26 12:41:54,740 DEBUG [main][DefaultSingletonBeanRegistry.java:225] - Creating shared instance of singleton bean 'multipartResolver'
2024-10-26 12:41:54,741 DEBUG [main][DefaultSingletonBeanRegistry.java:225] - Creating shared instance of singleton bean 'org.springframework.cloud.autoconfigure.ConfigurationPropertiesRebinderAutoConfiguration'
2024-10-26 12:41:54,741 DEBUG [main][DefaultSingletonBeanRegistry.java:225] - Creating shared instance of singleton bean 'org.springframework.cloud.autoconfigure.ConfigurationPropertiesRebinderAutoConfiguration'
2024-10-26 12:41:54,741 DEBUG [main][DefaultSingletonBeanRegistry.java:225] - Creating shared instance of singleton bean 'configurationPropertiesRebinder'
2024-10-26 12:41:54,741 DEBUG [main][DefaultSingletonBeanRegistry.java:225] - Creating shared instance of singleton bean 'configurationPropertiesRebinder'
2024-10-26 12:41:54,741 DEBUG [main][ConstructorResolver.java:807] - Autowiring by type from bean name 'configurationPropertiesRebinder' via factory method to bean named 'configurationPropertiesBeans'
2024-10-26 12:41:54,741 DEBUG [main][ConstructorResolver.java:807] - Autowiring by type from bean name 'configurationPropertiesRebinder' via factory method to bean named 'configurationPropertiesBeans'
2024-10-26 12:41:54,741 DEBUG [main][DefaultSingletonBeanRegistry.java:225] - Creating shared instance of singleton bean 'org.springframework.cloud.autoconfigure.LifecycleMvcEndpointAutoConfiguration'
2024-10-26 12:41:54,741 DEBUG [main][DefaultSingletonBeanRegistry.java:225] - Creating shared instance of singleton bean 'org.springframework.cloud.autoconfigure.LifecycleMvcEndpointAutoConfiguration'
2024-10-26 12:41:54,741 DEBUG [main][DefaultSingletonBeanRegistry.java:225] - Creating shared instance of singleton bean 'environmentManager'
2024-10-26 12:41:54,741 DEBUG [main][DefaultSingletonBeanRegistry.java:225] - Creating shared instance of singleton bean 'environmentManager'
2024-10-26 12:41:54,741 DEBUG [main][ConstructorResolver.java:807] - Autowiring by type from bean name 'environmentManager' via factory method to bean named 'environment'
2024-10-26 12:41:54,741 DEBUG [main][ConstructorResolver.java:807] - Autowiring by type from bean name 'environmentManager' via factory method to bean named 'environment'
2024-10-26 12:41:54,744 DEBUG [main][MBeanExporter.java:434] - Registering beans for JMX exposure on startup
2024-10-26 12:41:54,744 DEBUG [main][MBeanExporter.java:434] - Registering beans for JMX exposure on startup
2024-10-26 12:41:54,744 DEBUG [main][MBeanExporter.java:541] - Autodetecting user-defined JMX MBeans
2024-10-26 12:41:54,744 DEBUG [main][MBeanExporter.java:541] - Autodetecting user-defined JMX MBeans
2024-10-26 12:41:54,747 DEBUG [main][MBeanExporter.java:896] - Bean with name 'refreshScope' has been autodetected for JMX exposure
2024-10-26 12:41:54,747 DEBUG [main][MBeanExporter.java:896] - Bean with name 'refreshScope' has been autodetected for JMX exposure
2024-10-26 12:41:54,747 DEBUG [main][MBeanExporter.java:896] - Bean with name 'configurationPropertiesRebinder' has been autodetected for JMX exposure
2024-10-26 12:41:54,747 DEBUG [main][MBeanExporter.java:896] - Bean with name 'configurationPropertiesRebinder' has been autodetected for JMX exposure
2024-10-26 12:41:54,747 DEBUG [main][MBeanExporter.java:896] - Bean with name 'environmentManager' has been autodetected for JMX exposure
2024-10-26 12:41:54,747 DEBUG [main][MBeanExporter.java:896] - Bean with name 'environmentManager' has been autodetected for JMX exposure
2024-10-26 12:41:54,748 DEBUG [main][MBeanExporter.java:676] - Located managed bean 'environmentManager': registering with JMX server as MBean [org.springframework.cloud.context.environment:name=environmentManager,type=EnvironmentManager]
2024-10-26 12:41:54,748 DEBUG [main][MBeanExporter.java:676] - Located managed bean 'environmentManager': registering with JMX server as MBean [org.springframework.cloud.context.environment:name=environmentManager,type=EnvironmentManager]
2024-10-26 12:41:54,754 DEBUG [main][MBeanExporter.java:676] - Located managed bean 'refreshScope': registering with JMX server as MBean [org.springframework.cloud.context.scope.refresh:name=refreshScope,type=RefreshScope]
2024-10-26 12:41:54,754 DEBUG [main][MBeanExporter.java:676] - Located managed bean 'refreshScope': registering with JMX server as MBean [org.springframework.cloud.context.scope.refresh:name=refreshScope,type=RefreshScope]
2024-10-26 12:41:54,758 DEBUG [main][MBeanExporter.java:676] - Located managed bean 'configurationPropertiesRebinder': registering with JMX server as MBean [org.springframework.cloud.context.properties:name=configurationPropertiesRebinder,context=74a6a609,type=ConfigurationPropertiesRebinder]
2024-10-26 12:41:54,758 DEBUG [main][MBeanExporter.java:676] - Located managed bean 'configurationPropertiesRebinder': registering with JMX server as MBean [org.springframework.cloud.context.properties:name=configurationPropertiesRebinder,context=74a6a609,type=ConfigurationPropertiesRebinder]
2024-10-26 12:41:54,763 DEBUG [main][DefaultLifecycleProcessor.java:356] - Starting beans in phase 2147483646
2024-10-26 12:41:54,763 DEBUG [main][DefaultLifecycleProcessor.java:356] - Starting beans in phase 2147483646
2024-10-26 12:41:54,764 INFO [main][DirectJDKLog.java:173] - Starting ProtocolHandler ["http-nio-63040"]
2024-10-26 12:41:54,764 INFO [main][DirectJDKLog.java:173] - Starting ProtocolHandler ["http-nio-63040"]
2024-10-26 12:41:54,818 INFO [main][TomcatWebServer.java:220] - Tomcat started on port(s): 63040 (http) with context path '/content'
2024-10-26 12:41:54,818 INFO [main][TomcatWebServer.java:220] - Tomcat started on port(s): 63040 (http) with context path '/content'
2024-10-26 12:41:54,819 DEBUG [main][DefaultLifecycleProcessor.java:188] - Successfully started bean 'webServerStartStop'
2024-10-26 12:41:54,819 DEBUG [main][DefaultLifecycleProcessor.java:188] - Successfully started bean 'webServerStartStop'
2024-10-26 12:41:54,819 DEBUG [main][DefaultLifecycleProcessor.java:356] - Starting beans in phase 2147483647
2024-10-26 12:41:54,819 DEBUG [main][DefaultLifecycleProcessor.java:188] - Successfully started bean 'webServerGracefulShutdown'
2024-10-26 12:41:54,819 DEBUG [main][DefaultLifecycleProcessor.java:356] - Starting beans in phase 2147483647
2024-10-26 12:41:54,819 DEBUG [main][DefaultLifecycleProcessor.java:188] - Successfully started bean 'webServerGracefulShutdown'
2024-10-26 12:41:54,823 DEBUG [main][ConditionEvaluationReportLoggingListener.java:126] - 


============================
CONDITIONS EVALUATION REPORT
============================


Positive matches:
-----------------

   AopAutoConfiguration matched:
      - @ConditionalOnProperty (spring.aop.auto=true) matched (OnPropertyCondition)

   AopAutoConfiguration.ClassProxyingConfiguration matched:
      - @ConditionalOnMissingClass did not find unwanted class 'org.aspectj.weaver.Advice' (OnClassCondition)
      - @ConditionalOnProperty (spring.aop.proxy-target-class=true) matched (OnPropertyCondition)

   ConfigurationPropertiesRebinderAutoConfiguration matched:
      - @ConditionalOnBean (types: org.springframework.boot.context.properties.ConfigurationPropertiesBindingPostProcessor; SearchStrategy: all) found bean 'org.springframework.boot.context.properties.ConfigurationPropertiesBindingPostProcessor' (OnBeanCondition)

   ConfigurationPropertiesRebinderAutoConfiguration#configurationPropertiesBeans matched:
      - @ConditionalOnMissingBean (types: org.springframework.cloud.context.properties.ConfigurationPropertiesBeans; SearchStrategy: current) did not find any beans (OnBeanCondition)

   ConfigurationPropertiesRebinderAutoConfiguration#configurationPropertiesRebinder matched:
      - @ConditionalOnMissingBean (types: org.springframework.cloud.context.properties.ConfigurationPropertiesRebinder; SearchStrategy: current) did not find any beans (OnBeanCondition)

   DispatcherServletAutoConfiguration matched:
      - @ConditionalOnClass found required class 'org.springframework.web.servlet.DispatcherServlet' (OnClassCondition)
      - found 'session' scope (OnWebApplicationCondition)

   DispatcherServletAutoConfiguration.DispatcherServletConfiguration matched:
      - @ConditionalOnClass found required class 'javax.servlet.ServletRegistration' (OnClassCondition)
      - Default DispatcherServlet did not find dispatcher servlet beans (DispatcherServletAutoConfiguration.DefaultDispatcherServletCondition)

   DispatcherServletAutoConfiguration.DispatcherServletRegistrationConfiguration matched:
      - @ConditionalOnClass found required class 'javax.servlet.ServletRegistration' (OnClassCondition)
      - DispatcherServlet Registration did not find servlet registration bean (DispatcherServletAutoConfiguration.DispatcherServletRegistrationCondition)

   DispatcherServletAutoConfiguration.DispatcherServletRegistrationConfiguration#dispatcherServletRegistration matched:
      - @ConditionalOnBean (names: dispatcherServlet types: org.springframework.web.servlet.DispatcherServlet; SearchStrategy: all) found bean 'dispatcherServlet' (OnBeanCondition)

   EmbeddedWebServerFactoryCustomizerAutoConfiguration matched:
      - @ConditionalOnWebApplication (required) found 'session' scope (OnWebApplicationCondition)

   EmbeddedWebServerFactoryCustomizerAutoConfiguration.TomcatWebServerFactoryCustomizerConfiguration matched:
      - @ConditionalOnClass found required classes 'org.apache.catalina.startup.Tomcat', 'org.apache.coyote.UpgradeProtocol' (OnClassCondition)

   ErrorMvcAutoConfiguration matched:
      - @ConditionalOnClass found required classes 'javax.servlet.Servlet', 'org.springframework.web.servlet.DispatcherServlet' (OnClassCondition)
      - found 'session' scope (OnWebApplicationCondition)

   ErrorMvcAutoConfiguration#basicErrorController matched:
      - @ConditionalOnMissingBean (types: org.springframework.boot.web.servlet.error.ErrorController; SearchStrategy: current) did not find any beans (OnBeanCondition)

   ErrorMvcAutoConfiguration#errorAttributes matched:
      - @ConditionalOnMissingBean (types: org.springframework.boot.web.servlet.error.ErrorAttributes; SearchStrategy: current) did not find any beans (OnBeanCondition)

   ErrorMvcAutoConfiguration.DefaultErrorViewResolverConfiguration#conventionErrorViewResolver matched:
      - @ConditionalOnBean (types: org.springframework.web.servlet.DispatcherServlet; SearchStrategy: all) found bean 'dispatcherServlet'; @ConditionalOnMissingBean (types: org.springframework.boot.autoconfigure.web.servlet.error.ErrorViewResolver; SearchStrategy: all) did not find any beans (OnBeanCondition)

   ErrorMvcAutoConfiguration.WhitelabelErrorViewConfiguration matched:
      - @ConditionalOnProperty (server.error.whitelabel.enabled) matched (OnPropertyCondition)
      - ErrorTemplate Missing did not find error template view (ErrorMvcAutoConfiguration.ErrorTemplateMissingCondition)

   ErrorMvcAutoConfiguration.WhitelabelErrorViewConfiguration#beanNameViewResolver matched:
      - @ConditionalOnMissingBean (types: org.springframework.web.servlet.view.BeanNameViewResolver; SearchStrategy: all) did not find any beans (OnBeanCondition)

   ErrorMvcAutoConfiguration.WhitelabelErrorViewConfiguration#defaultErrorView matched:
      - @ConditionalOnMissingBean (names: error; SearchStrategy: all) did not find any beans (OnBeanCondition)

   GenericCacheConfiguration matched:
      - Cache org.springframework.boot.autoconfigure.cache.GenericCacheConfiguration automatic cache type (CacheCondition)

   HttpEncodingAutoConfiguration matched:
      - @ConditionalOnClass found required class 'org.springframework.web.filter.CharacterEncodingFilter' (OnClassCondition)
      - found 'session' scope (OnWebApplicationCondition)
      - @ConditionalOnProperty (server.servlet.encoding.enabled) matched (OnPropertyCondition)

   HttpEncodingAutoConfiguration#characterEncodingFilter matched:
      - @ConditionalOnMissingBean (types: org.springframework.web.filter.CharacterEncodingFilter; SearchStrategy: all) did not find any beans (OnBeanCondition)

   HttpMessageConvertersAutoConfiguration matched:
      - @ConditionalOnClass found required class 'org.springframework.http.converter.HttpMessageConverter' (OnClassCondition)
      - NoneNestedConditions 0 matched 1 did not; NestedCondition on HttpMessageConvertersAutoConfiguration.NotReactiveWebApplicationCondition.ReactiveWebApplication did not find reactive web application classes (HttpMessageConvertersAutoConfiguration.NotReactiveWebApplicationCondition)

   HttpMessageConvertersAutoConfiguration#messageConverters matched:
      - @ConditionalOnMissingBean (types: org.springframework.boot.autoconfigure.http.HttpMessageConverters; SearchStrategy: all) did not find any beans (OnBeanCondition)

   HttpMessageConvertersAutoConfiguration.StringHttpMessageConverterConfiguration matched:
      - @ConditionalOnClass found required class 'org.springframework.http.converter.StringHttpMessageConverter' (OnClassCondition)

   HttpMessageConvertersAutoConfiguration.StringHttpMessageConverterConfiguration#stringHttpMessageConverter matched:
      - @ConditionalOnMissingBean (types: org.springframework.http.converter.StringHttpMessageConverter; SearchStrategy: all) did not find any beans (OnBeanCondition)

   JacksonAutoConfiguration matched:
      - @ConditionalOnClass found required class 'com.fasterxml.jackson.databind.ObjectMapper' (OnClassCondition)

   JacksonAutoConfiguration.Jackson2ObjectMapperBuilderCustomizerConfiguration matched:
      - @ConditionalOnClass found required class 'org.springframework.http.converter.json.Jackson2ObjectMapperBuilder' (OnClassCondition)

   JacksonAutoConfiguration.JacksonObjectMapperBuilderConfiguration matched:
      - @ConditionalOnClass found required class 'org.springframework.http.converter.json.Jackson2ObjectMapperBuilder' (OnClassCondition)

   JacksonAutoConfiguration.JacksonObjectMapperBuilderConfiguration#jacksonObjectMapperBuilder matched:
      - @ConditionalOnMissingBean (types: org.springframework.http.converter.json.Jackson2ObjectMapperBuilder; SearchStrategy: all) did not find any beans (OnBeanCondition)

   JacksonAutoConfiguration.JacksonObjectMapperConfiguration matched:
      - @ConditionalOnClass found required class 'org.springframework.http.converter.json.Jackson2ObjectMapperBuilder' (OnClassCondition)

   JacksonAutoConfiguration.JacksonObjectMapperConfiguration#jacksonObjectMapper matched:
      - @ConditionalOnMissingBean (types: com.fasterxml.jackson.databind.ObjectMapper; SearchStrategy: all) did not find any beans (OnBeanCondition)

   JacksonAutoConfiguration.ParameterNamesModuleConfiguration matched:
      - @ConditionalOnClass found required class 'com.fasterxml.jackson.module.paramnames.ParameterNamesModule' (OnClassCondition)

   JacksonAutoConfiguration.ParameterNamesModuleConfiguration#parameterNamesModule matched:
      - @ConditionalOnMissingBean (types: com.fasterxml.jackson.module.paramnames.ParameterNamesModule; SearchStrategy: all) did not find any beans (OnBeanCondition)

   JacksonHttpMessageConvertersConfiguration.MappingJackson2HttpMessageConverterConfiguration matched:
      - @ConditionalOnClass found required class 'com.fasterxml.jackson.databind.ObjectMapper' (OnClassCondition)
      - @ConditionalOnProperty (spring.mvc.converters.preferred-json-mapper=jackson) matched (OnPropertyCondition)
      - @ConditionalOnBean (types: com.fasterxml.jackson.databind.ObjectMapper; SearchStrategy: all) found bean 'jacksonObjectMapper' (OnBeanCondition)

   JacksonHttpMessageConvertersConfiguration.MappingJackson2HttpMessageConverterConfiguration#mappingJackson2HttpMessageConverter matched:
      - @ConditionalOnMissingBean (types: org.springframework.http.converter.json.MappingJackson2HttpMessageConverter ignored: org.springframework.hateoas.server.mvc.TypeConstrainedMappingJackson2HttpMessageConverter,org.springframework.data.rest.webmvc.alps.AlpsJsonHttpMessageConverter; SearchStrategy: all) did not find any beans (OnBeanCondition)

   JmxAutoConfiguration matched:
      - @ConditionalOnClass found required class 'org.springframework.jmx.export.MBeanExporter' (OnClassCondition)
      - @ConditionalOnProperty (spring.jmx.enabled=true) matched (OnPropertyCondition)

   JmxAutoConfiguration#mbeanExporter matched:
      - @ConditionalOnMissingBean (types: org.springframework.jmx.export.MBeanExporter; SearchStrategy: current) did not find any beans (OnBeanCondition)

   JmxAutoConfiguration#mbeanServer matched:
      - @ConditionalOnMissingBean (types: javax.management.MBeanServer; SearchStrategy: all) did not find any beans (OnBeanCondition)

   JmxAutoConfiguration#objectNamingStrategy matched:
      - @ConditionalOnMissingBean (types: org.springframework.jmx.export.naming.ObjectNamingStrategy; SearchStrategy: current) did not find any beans (OnBeanCondition)

   LifecycleAutoConfiguration#defaultLifecycleProcessor matched:
      - @ConditionalOnMissingBean (names: lifecycleProcessor; SearchStrategy: current) did not find any beans (OnBeanCondition)

   LifecycleMvcEndpointAutoConfiguration#environmentManager matched:
      - @ConditionalOnMissingBean (types: org.springframework.cloud.context.environment.EnvironmentManager; SearchStrategy: all) did not find any beans (OnBeanCondition)

   MultipartAutoConfiguration matched:
      - @ConditionalOnClass found required classes 'javax.servlet.Servlet', 'org.springframework.web.multipart.support.StandardServletMultipartResolver', 'javax.servlet.MultipartConfigElement' (OnClassCondition)
      - found 'session' scope (OnWebApplicationCondition)
      - @ConditionalOnProperty (spring.servlet.multipart.enabled) matched (OnPropertyCondition)

   MultipartAutoConfiguration#multipartConfigElement matched:
      - @ConditionalOnMissingBean (types: javax.servlet.MultipartConfigElement,org.springframework.web.multipart.commons.CommonsMultipartResolver; SearchStrategy: all) did not find any beans (OnBeanCondition)

   MultipartAutoConfiguration#multipartResolver matched:
      - @ConditionalOnMissingBean (types: org.springframework.web.multipart.MultipartResolver; SearchStrategy: all) did not find any beans (OnBeanCondition)

   NoOpCacheConfiguration matched:
      - Cache org.springframework.boot.autoconfigure.cache.NoOpCacheConfiguration automatic cache type (CacheCondition)

   PropertyPlaceholderAutoConfiguration#propertySourcesPlaceholderConfigurer matched:
      - @ConditionalOnMissingBean (types: org.springframework.context.support.PropertySourcesPlaceholderConfigurer; SearchStrategy: current) did not find any beans (OnBeanCondition)

   RefreshAutoConfiguration matched:
      - @ConditionalOnClass found required class 'org.springframework.cloud.context.scope.refresh.RefreshScope' (OnClassCondition)
      - @ConditionalOnProperty (spring.cloud.refresh.enabled) matched (OnPropertyCondition)

   RefreshAutoConfiguration#contextRefresher matched:
      - @ConditionalOnMissingBean (types: org.springframework.cloud.context.refresh.ContextRefresher; SearchStrategy: all) did not find any beans (OnBeanCondition)

   RefreshAutoConfiguration#loggingRebinder matched:
      - @ConditionalOnMissingBean (types: org.springframework.cloud.logging.LoggingRebinder; SearchStrategy: all) did not find any beans (OnBeanCondition)

   RefreshAutoConfiguration#refreshScope matched:
      - @ConditionalOnMissingBean (types: org.springframework.cloud.context.scope.refresh.RefreshScope; SearchStrategy: all) did not find any beans (OnBeanCondition)

   RestTemplateAutoConfiguration matched:
      - @ConditionalOnClass found required class 'org.springframework.web.client.RestTemplate' (OnClassCondition)
      - NoneNestedConditions 0 matched 1 did not; NestedCondition on RestTemplateAutoConfiguration.NotReactiveWebApplicationCondition.ReactiveWebApplication did not find reactive web application classes (RestTemplateAutoConfiguration.NotReactiveWebApplicationCondition)

   RestTemplateAutoConfiguration#restTemplateBuilder matched:
      - @ConditionalOnMissingBean (types: org.springframework.boot.web.client.RestTemplateBuilder; SearchStrategy: all) did not find any beans (OnBeanCondition)

   ServletWebServerFactoryAutoConfiguration matched:
      - @ConditionalOnClass found required class 'javax.servlet.ServletRequest' (OnClassCondition)
      - found 'session' scope (OnWebApplicationCondition)

   ServletWebServerFactoryAutoConfiguration#tomcatServletWebServerFactoryCustomizer matched:
      - @ConditionalOnClass found required class 'org.apache.catalina.startup.Tomcat' (OnClassCondition)

   ServletWebServerFactoryConfiguration.EmbeddedTomcat matched:
      - @ConditionalOnClass found required classes 'javax.servlet.Servlet', 'org.apache.catalina.startup.Tomcat', 'org.apache.coyote.UpgradeProtocol' (OnClassCondition)
      - @ConditionalOnMissingBean (types: org.springframework.boot.web.servlet.server.ServletWebServerFactory; SearchStrategy: current) did not find any beans (OnBeanCondition)

   SimpleCacheConfiguration matched:
      - Cache org.springframework.boot.autoconfigure.cache.SimpleCacheConfiguration automatic cache type (CacheCondition)

   SpringApplicationAdminJmxAutoConfiguration matched:
      - @ConditionalOnProperty (spring.application.admin.enabled=true) matched (OnPropertyCondition)

   SpringApplicationAdminJmxAutoConfiguration#springApplicationAdminRegistrar matched:
      - @ConditionalOnMissingBean (types: org.springframework.boot.admin.SpringApplicationAdminMXBeanRegistrar; SearchStrategy: all) did not find any beans (OnBeanCondition)

   TaskExecutionAutoConfiguration matched:
      - @ConditionalOnClass found required class 'org.springframework.scheduling.concurrent.ThreadPoolTaskExecutor' (OnClassCondition)

   TaskExecutionAutoConfiguration#applicationTaskExecutor matched:
      - @ConditionalOnMissingBean (types: java.util.concurrent.Executor; SearchStrategy: all) did not find any beans (OnBeanCondition)

   TaskExecutionAutoConfiguration#taskExecutorBuilder matched:
      - @ConditionalOnMissingBean (types: org.springframework.boot.task.TaskExecutorBuilder; SearchStrategy: all) did not find any beans (OnBeanCondition)

   TaskSchedulingAutoConfiguration matched:
      - @ConditionalOnClass found required class 'org.springframework.scheduling.concurrent.ThreadPoolTaskScheduler' (OnClassCondition)

   TaskSchedulingAutoConfiguration#taskSchedulerBuilder matched:
      - @ConditionalOnMissingBean (types: org.springframework.boot.task.TaskSchedulerBuilder; SearchStrategy: all) did not find any beans (OnBeanCondition)

   ValidationAutoConfiguration matched:
      - @ConditionalOnClass found required class 'javax.validation.executable.ExecutableValidator' (OnClassCondition)
      - @ConditionalOnResource found location classpath:META-INF/services/javax.validation.spi.ValidationProvider (OnResourceCondition)

   ValidationAutoConfiguration#defaultValidator matched:
      - @ConditionalOnMissingBean (types: javax.validation.Validator; SearchStrategy: all) did not find any beans (OnBeanCondition)

   ValidationAutoConfiguration#methodValidationPostProcessor matched:
      - @ConditionalOnMissingBean (types: org.springframework.validation.beanvalidation.MethodValidationPostProcessor; SearchStrategy: all) did not find any beans (OnBeanCondition)

   WebMvcAutoConfiguration matched:
      - @ConditionalOnClass found required classes 'javax.servlet.Servlet', 'org.springframework.web.servlet.DispatcherServlet', 'org.springframework.web.servlet.config.annotation.WebMvcConfigurer' (OnClassCondition)
      - found 'session' scope (OnWebApplicationCondition)
      - @ConditionalOnMissingBean (types: org.springframework.web.servlet.config.annotation.WebMvcConfigurationSupport; SearchStrategy: all) did not find any beans (OnBeanCondition)

   WebMvcAutoConfiguration#formContentFilter matched:
      - @ConditionalOnProperty (spring.mvc.formcontent.filter.enabled) matched (OnPropertyCondition)
      - @ConditionalOnMissingBean (types: org.springframework.web.filter.FormContentFilter; SearchStrategy: all) did not find any beans (OnBeanCondition)

   WebMvcAutoConfiguration.WebMvcAutoConfigurationAdapter#defaultViewResolver matched:
      - @ConditionalOnMissingBean (types: org.springframework.web.servlet.view.InternalResourceViewResolver; SearchStrategy: all) did not find any beans (OnBeanCondition)

   WebMvcAutoConfiguration.WebMvcAutoConfigurationAdapter#requestContextFilter matched:
      - @ConditionalOnMissingBean (types: org.springframework.web.context.request.RequestContextListener,org.springframework.web.filter.RequestContextFilter; SearchStrategy: all) did not find any beans (OnBeanCondition)

   WebMvcAutoConfiguration.WebMvcAutoConfigurationAdapter#viewResolver matched:
      - @ConditionalOnBean (types: org.springframework.web.servlet.ViewResolver; SearchStrategy: all) found beans 'defaultViewResolver', 'beanNameViewResolver', 'mvcViewResolver'; @ConditionalOnMissingBean (names: viewResolver types: org.springframework.web.servlet.view.ContentNegotiatingViewResolver; SearchStrategy: all) did not find any beans (OnBeanCondition)

   WebSocketServletAutoConfiguration matched:
      - @ConditionalOnClass found required classes 'javax.servlet.Servlet', 'javax.websocket.server.ServerContainer' (OnClassCondition)
      - found 'session' scope (OnWebApplicationCondition)

   WebSocketServletAutoConfiguration.TomcatWebSocketConfiguration matched:
      - @ConditionalOnClass found required classes 'org.apache.catalina.startup.Tomcat', 'org.apache.tomcat.websocket.server.WsSci' (OnClassCondition)

   WebSocketServletAutoConfiguration.TomcatWebSocketConfiguration#websocketServletWebServerCustomizer matched:
      - @ConditionalOnMissingBean (names: websocketServletWebServerCustomizer; SearchStrategy: all) did not find any beans (OnBeanCondition)


Negative matches:
-----------------

   ActiveMQAutoConfiguration:
      Did not match:
         - @ConditionalOnClass did not find required class 'javax.jms.ConnectionFactory' (OnClassCondition)

   AopAutoConfiguration.AspectJAutoProxyingConfiguration:
      Did not match:
         - @ConditionalOnClass did not find required class 'org.aspectj.weaver.Advice' (OnClassCondition)

   ArtemisAutoConfiguration:
      Did not match:
         - @ConditionalOnClass did not find required class 'javax.jms.ConnectionFactory' (OnClassCondition)

   BatchAutoConfiguration:
      Did not match:
         - @ConditionalOnClass did not find required class 'org.springframework.batch.core.launch.JobLauncher' (OnClassCondition)

   CacheAutoConfiguration:
      Did not match:
         - @ConditionalOnBean (types: org.springframework.cache.interceptor.CacheAspectSupport; SearchStrategy: all) did not find any beans of type org.springframework.cache.interceptor.CacheAspectSupport (OnBeanCondition)
      Matched:
         - @ConditionalOnClass found required class 'org.springframework.cache.CacheManager' (OnClassCondition)

   CacheAutoConfiguration.CacheManagerEntityManagerFactoryDependsOnPostProcessor:
      Did not match:
         - @ConditionalOnClass did not find required class 'org.springframework.orm.jpa.LocalContainerEntityManagerFactoryBean' (OnClassCondition)
         - Ancestor org.springframework.boot.autoconfigure.cache.CacheAutoConfiguration did not match (ConditionEvaluationReport.AncestorsMatchedCondition)

   CaffeineCacheConfiguration:
      Did not match:
         - @ConditionalOnClass did not find required class 'com.github.benmanes.caffeine.cache.Caffeine' (OnClassCondition)

   CassandraAutoConfiguration:
      Did not match:
         - @ConditionalOnClass did not find required class 'com.datastax.oss.driver.api.core.CqlSession' (OnClassCondition)

   CassandraDataAutoConfiguration:
      Did not match:
         - @ConditionalOnClass did not find required class 'com.datastax.oss.driver.api.core.CqlSession' (OnClassCondition)

   CassandraReactiveDataAutoConfiguration:
      Did not match:
         - @ConditionalOnClass did not find required class 'com.datastax.oss.driver.api.core.CqlSession' (OnClassCondition)

   CassandraReactiveRepositoriesAutoConfiguration:
      Did not match:
         - @ConditionalOnClass did not find required class 'org.springframework.data.cassandra.ReactiveSession' (OnClassCondition)

   CassandraRepositoriesAutoConfiguration:
      Did not match:
         - @ConditionalOnClass did not find required class 'com.datastax.oss.driver.api.core.CqlSession' (OnClassCondition)

   ClientHttpConnectorAutoConfiguration:
      Did not match:
         - @ConditionalOnClass did not find required class 'org.springframework.web.reactive.function.client.WebClient' (OnClassCondition)

   CodecsAutoConfiguration:
      Did not match:
         - @ConditionalOnClass did not find required class 'org.springframework.web.reactive.function.client.WebClient' (OnClassCondition)

   CouchbaseAutoConfiguration:
      Did not match:
         - @ConditionalOnClass did not find required class 'com.couchbase.client.java.Cluster' (OnClassCondition)

   CouchbaseCacheConfiguration:
      Did not match:
         - @ConditionalOnClass did not find required class 'com.couchbase.client.java.Cluster' (OnClassCondition)

   CouchbaseDataAutoConfiguration:
      Did not match:
         - @ConditionalOnClass did not find required class 'com.couchbase.client.java.Bucket' (OnClassCondition)

   CouchbaseReactiveDataAutoConfiguration:
      Did not match:
         - @ConditionalOnClass did not find required class 'com.couchbase.client.java.Cluster' (OnClassCondition)

   CouchbaseReactiveRepositoriesAutoConfiguration:
      Did not match:
         - @ConditionalOnClass did not find required class 'com.couchbase.client.java.Cluster' (OnClassCondition)

   CouchbaseRepositoriesAutoConfiguration:
      Did not match:
         - @ConditionalOnClass did not find required class 'com.couchbase.client.java.Bucket' (OnClassCondition)

   DataSourceAutoConfiguration:
      Did not match:
         - @ConditionalOnClass did not find required class 'org.springframework.jdbc.datasource.embedded.EmbeddedDatabaseType' (OnClassCondition)

   DataSourceTransactionManagerAutoConfiguration:
      Did not match:
         - @ConditionalOnClass did not find required class 'org.springframework.jdbc.core.JdbcTemplate' (OnClassCondition)

   DispatcherServletAutoConfiguration.DispatcherServletConfiguration#multipartResolver:
      Did not match:
         - @ConditionalOnBean (types: org.springframework.web.multipart.MultipartResolver; SearchStrategy: all) did not find any beans of type org.springframework.web.multipart.MultipartResolver (OnBeanCondition)

   EhCacheCacheConfiguration:
      Did not match:
         - @ConditionalOnClass did not find required class 'net.sf.ehcache.Cache' (OnClassCondition)

   ElasticsearchDataAutoConfiguration:
      Did not match:
         - @ConditionalOnClass did not find required class 'org.springframework.data.elasticsearch.core.ElasticsearchTemplate' (OnClassCondition)

   ElasticsearchRepositoriesAutoConfiguration:
      Did not match:
         - @ConditionalOnClass did not find required class 'org.elasticsearch.client.Client' (OnClassCondition)

   ElasticsearchRestClientAutoConfiguration:
      Did not match:
         - @ConditionalOnClass did not find required class 'org.elasticsearch.client.RestClient' (OnClassCondition)

   EmbeddedLdapAutoConfiguration:
      Did not match:
         - @ConditionalOnClass did not find required class 'com.unboundid.ldap.listener.InMemoryDirectoryServer' (OnClassCondition)

   EmbeddedMongoAutoConfiguration:
      Did not match:
         - @ConditionalOnClass did not find required class 'com.mongodb.MongoClientSettings' (OnClassCondition)

   EmbeddedWebServerFactoryCustomizerAutoConfiguration.JettyWebServerFactoryCustomizerConfiguration:
      Did not match:
         - @ConditionalOnClass did not find required classes 'org.eclipse.jetty.server.Server', 'org.eclipse.jetty.util.Loader', 'org.eclipse.jetty.webapp.WebAppContext' (OnClassCondition)

   EmbeddedWebServerFactoryCustomizerAutoConfiguration.NettyWebServerFactoryCustomizerConfiguration:
      Did not match:
         - @ConditionalOnClass did not find required class 'reactor.netty.http.server.HttpServer' (OnClassCondition)

   EmbeddedWebServerFactoryCustomizerAutoConfiguration.UndertowWebServerFactoryCustomizerConfiguration:
      Did not match:
         - @ConditionalOnClass did not find required classes 'io.undertow.Undertow', 'org.xnio.SslClientAuthMode' (OnClassCondition)

   ErrorWebFluxAutoConfiguration:
      Did not match:
         - @ConditionalOnClass did not find required class 'org.springframework.web.reactive.config.WebFluxConfigurer' (OnClassCondition)

   FlywayAutoConfiguration:
      Did not match:
         - @ConditionalOnClass did not find required class 'org.flywaydb.core.Flyway' (OnClassCondition)

   FreeMarkerAutoConfiguration:
      Did not match:
         - @ConditionalOnClass did not find required class 'freemarker.template.Configuration' (OnClassCondition)

   GroovyTemplateAutoConfiguration:
      Did not match:
         - @ConditionalOnClass did not find required class 'groovy.text.markup.MarkupTemplateEngine' (OnClassCondition)

   GsonAutoConfiguration:
      Did not match:
         - @ConditionalOnClass did not find required class 'com.google.gson.Gson' (OnClassCondition)

   GsonHttpMessageConvertersConfiguration:
      Did not match:
         - @ConditionalOnClass did not find required class 'com.google.gson.Gson' (OnClassCondition)

   H2ConsoleAutoConfiguration:
      Did not match:
         - @ConditionalOnClass did not find required class 'org.h2.server.web.WebServlet' (OnClassCondition)

   HazelcastAutoConfiguration:
      Did not match:
         - @ConditionalOnClass did not find required class 'com.hazelcast.core.HazelcastInstance' (OnClassCondition)

   HazelcastCacheConfiguration:
      Did not match:
         - @ConditionalOnClass did not find required class 'com.hazelcast.core.HazelcastInstance' (OnClassCondition)

   HazelcastJpaDependencyAutoConfiguration:
      Did not match:
         - @ConditionalOnClass did not find required class 'com.hazelcast.core.HazelcastInstance' (OnClassCondition)

   HibernateJpaAutoConfiguration:
      Did not match:
         - @ConditionalOnClass did not find required class 'javax.persistence.EntityManager' (OnClassCondition)

   HttpHandlerAutoConfiguration:
      Did not match:
         - @ConditionalOnClass did not find required class 'org.springframework.web.reactive.DispatcherHandler' (OnClassCondition)

   HypermediaAutoConfiguration:
      Did not match:
         - @ConditionalOnClass did not find required class 'org.springframework.hateoas.EntityModel' (OnClassCondition)

   InfinispanCacheConfiguration:
      Did not match:
         - @ConditionalOnClass did not find required class 'org.infinispan.spring.embedded.provider.SpringEmbeddedCacheManager' (OnClassCondition)

   InfluxDbAutoConfiguration:
      Did not match:
         - @ConditionalOnClass did not find required class 'org.influxdb.InfluxDB' (OnClassCondition)

   IntegrationAutoConfiguration:
      Did not match:
         - @ConditionalOnClass did not find required class 'org.springframework.integration.config.EnableIntegration' (OnClassCondition)

   JCacheCacheConfiguration:
      Did not match:
         - @ConditionalOnClass did not find required class 'javax.cache.Caching' (OnClassCondition)

   JacksonHttpMessageConvertersConfiguration.MappingJackson2XmlHttpMessageConverterConfiguration:
      Did not match:
         - @ConditionalOnClass did not find required class 'com.fasterxml.jackson.dataformat.xml.XmlMapper' (OnClassCondition)

   JdbcRepositoriesAutoConfiguration:
      Did not match:
         - @ConditionalOnClass did not find required class 'org.springframework.data.jdbc.repository.config.AbstractJdbcConfiguration' (OnClassCondition)

   JdbcTemplateAutoConfiguration:
      Did not match:
         - @ConditionalOnClass did not find required class 'org.springframework.jdbc.core.JdbcTemplate' (OnClassCondition)

   JerseyAutoConfiguration:
      Did not match:
         - @ConditionalOnClass did not find required class 'org.glassfish.jersey.server.spring.SpringComponentProvider' (OnClassCondition)

   JmsAutoConfiguration:
      Did not match:
         - @ConditionalOnClass did not find required class 'javax.jms.Message' (OnClassCondition)

   JndiConnectionFactoryAutoConfiguration:
      Did not match:
         - @ConditionalOnClass did not find required class 'org.springframework.jms.core.JmsTemplate' (OnClassCondition)

   JndiDataSourceAutoConfiguration:
      Did not match:
         - @ConditionalOnClass did not find required class 'org.springframework.jdbc.datasource.embedded.EmbeddedDatabaseType' (OnClassCondition)

   JooqAutoConfiguration:
      Did not match:
         - @ConditionalOnClass did not find required class 'org.jooq.DSLContext' (OnClassCondition)

   JpaRepositoriesAutoConfiguration:
      Did not match:
         - @ConditionalOnClass did not find required class 'org.springframework.data.jpa.repository.JpaRepository' (OnClassCondition)

   JsonbAutoConfiguration:
      Did not match:
         - @ConditionalOnClass did not find required class 'javax.json.bind.Jsonb' (OnClassCondition)

   JsonbHttpMessageConvertersConfiguration:
      Did not match:
         - @ConditionalOnClass did not find required class 'javax.json.bind.Jsonb' (OnClassCondition)

   JtaAutoConfiguration:
      Did not match:
         - @ConditionalOnClass did not find required class 'javax.transaction.Transaction' (OnClassCondition)

   KafkaAutoConfiguration:
      Did not match:
         - @ConditionalOnClass did not find required class 'org.springframework.kafka.core.KafkaTemplate' (OnClassCondition)

   LdapAutoConfiguration:
      Did not match:
         - @ConditionalOnClass did not find required class 'org.springframework.ldap.core.ContextSource' (OnClassCondition)

   LdapRepositoriesAutoConfiguration:
      Did not match:
         - @ConditionalOnClass did not find required class 'org.springframework.data.ldap.repository.LdapRepository' (OnClassCondition)

   LiquibaseAutoConfiguration:
      Did not match:
         - @ConditionalOnClass did not find required class 'liquibase.change.DatabaseChange' (OnClassCondition)

   MailSenderAutoConfiguration:
      Did not match:
         - @ConditionalOnClass did not find required class 'javax.mail.internet.MimeMessage' (OnClassCondition)

   MailSenderValidatorAutoConfiguration:
      Did not match:
         - @ConditionalOnSingleCandidate did not find required type 'org.springframework.mail.javamail.JavaMailSenderImpl' (OnBeanCondition)

   MessageSourceAutoConfiguration:
      Did not match:
         - ResourceBundle did not find bundle with basename messages (MessageSourceAutoConfiguration.ResourceBundleCondition)

   MongoAutoConfiguration:
      Did not match:
         - @ConditionalOnClass did not find required class 'com.mongodb.client.MongoClient' (OnClassCondition)

   MongoDataAutoConfiguration:
      Did not match:
         - @ConditionalOnClass did not find required class 'com.mongodb.client.MongoClient' (OnClassCondition)

   MongoReactiveAutoConfiguration:
      Did not match:
         - @ConditionalOnClass did not find required class 'com.mongodb.reactivestreams.client.MongoClient' (OnClassCondition)

   MongoReactiveDataAutoConfiguration:
      Did not match:
         - @ConditionalOnClass did not find required class 'com.mongodb.reactivestreams.client.MongoClient' (OnClassCondition)

   MongoReactiveRepositoriesAutoConfiguration:
      Did not match:
         - @ConditionalOnClass did not find required class 'com.mongodb.reactivestreams.client.MongoClient' (OnClassCondition)

   MongoRepositoriesAutoConfiguration:
      Did not match:
         - @ConditionalOnClass did not find required class 'com.mongodb.client.MongoClient' (OnClassCondition)

   MustacheAutoConfiguration:
      Did not match:
         - @ConditionalOnClass did not find required class 'com.samskivert.mustache.Mustache' (OnClassCondition)

   Neo4jDataAutoConfiguration:
      Did not match:
         - @ConditionalOnClass did not find required class 'org.neo4j.ogm.session.SessionFactory' (OnClassCondition)

   Neo4jRepositoriesAutoConfiguration:
      Did not match:
         - @ConditionalOnClass did not find required class 'org.neo4j.ogm.session.Neo4jSession' (OnClassCondition)

   OAuth2ClientAutoConfiguration:
      Did not match:
         - @ConditionalOnClass did not find required class 'org.springframework.security.config.annotation.web.configuration.EnableWebSecurity' (OnClassCondition)

   OAuth2ResourceServerAutoConfiguration:
      Did not match:
         - @ConditionalOnClass did not find required class 'org.springframework.security.oauth2.server.resource.BearerTokenAuthenticationToken' (OnClassCondition)

   PersistenceExceptionTranslationAutoConfiguration:
      Did not match:
         - @ConditionalOnClass did not find required class 'org.springframework.dao.annotation.PersistenceExceptionTranslationPostProcessor' (OnClassCondition)

   ProjectInfoAutoConfiguration#buildProperties:
      Did not match:
         - @ConditionalOnResource did not find resource '${spring.info.build.location:classpath:META-INF/build-info.properties}' (OnResourceCondition)

   ProjectInfoAutoConfiguration#gitProperties:
      Did not match:
         - GitResource did not find git info at classpath:git.properties (ProjectInfoAutoConfiguration.GitResourceAvailableCondition)

   QuartzAutoConfiguration:
      Did not match:
         - @ConditionalOnClass did not find required class 'org.quartz.Scheduler' (OnClassCondition)

   R2dbcAutoConfiguration:
      Did not match:
         - @ConditionalOnClass did not find required class 'io.r2dbc.spi.ConnectionFactory' (OnClassCondition)

   R2dbcDataAutoConfiguration:
      Did not match:
         - @ConditionalOnClass did not find required class 'org.springframework.data.r2dbc.core.DatabaseClient' (OnClassCondition)

   R2dbcRepositoriesAutoConfiguration:
      Did not match:
         - @ConditionalOnClass did not find required class 'io.r2dbc.spi.ConnectionFactory' (OnClassCondition)

   R2dbcTransactionManagerAutoConfiguration:
      Did not match:
         - @ConditionalOnClass did not find required class 'org.springframework.data.r2dbc.connectionfactory.R2dbcTransactionManager' (OnClassCondition)

   RSocketMessagingAutoConfiguration:
      Did not match:
         - @ConditionalOnClass did not find required class 'io.rsocket.RSocketFactory' (OnClassCondition)

   RSocketRequesterAutoConfiguration:
      Did not match:
         - @ConditionalOnClass did not find required class 'io.rsocket.RSocketFactory' (OnClassCondition)

   RSocketSecurityAutoConfiguration:
      Did not match:
         - @ConditionalOnClass did not find required class 'org.springframework.security.rsocket.core.SecuritySocketAcceptorInterceptor' (OnClassCondition)

   RSocketServerAutoConfiguration:
      Did not match:
         - @ConditionalOnClass did not find required class 'io.rsocket.core.RSocketServer' (OnClassCondition)

   RSocketStrategiesAutoConfiguration:
      Did not match:
         - @ConditionalOnClass did not find required class 'io.netty.buffer.PooledByteBufAllocator' (OnClassCondition)

   RabbitAutoConfiguration:
      Did not match:
         - @ConditionalOnClass did not find required class 'com.rabbitmq.client.Channel' (OnClassCondition)

   ReactiveElasticsearchRepositoriesAutoConfiguration:
      Did not match:
         - @ConditionalOnClass did not find required class 'org.springframework.data.elasticsearch.client.reactive.ReactiveElasticsearchClient' (OnClassCondition)

   ReactiveElasticsearchRestClientAutoConfiguration:
      Did not match:
         - @ConditionalOnClass did not find required class 'reactor.netty.http.client.HttpClient' (OnClassCondition)

   ReactiveOAuth2ClientAutoConfiguration:
      Did not match:
         - @ConditionalOnClass did not find required class 'reactor.core.publisher.Flux' (OnClassCondition)

   ReactiveOAuth2ResourceServerAutoConfiguration:
      Did not match:
         - @ConditionalOnClass did not find required class 'org.springframework.security.config.annotation.web.reactive.EnableWebFluxSecurity' (OnClassCondition)

   ReactiveSecurityAutoConfiguration:
      Did not match:
         - @ConditionalOnClass did not find required class 'reactor.core.publisher.Flux' (OnClassCondition)

   ReactiveUserDetailsServiceAutoConfiguration:
      Did not match:
         - @ConditionalOnClass did not find required class 'org.springframework.security.authentication.ReactiveAuthenticationManager' (OnClassCondition)

   ReactiveWebServerFactoryAutoConfiguration:
      Did not match:
         - @ConditionalOnWebApplication did not find reactive web application classes (OnWebApplicationCondition)

   RedisAutoConfiguration:
      Did not match:
         - @ConditionalOnClass did not find required class 'org.springframework.data.redis.core.RedisOperations' (OnClassCondition)

   RedisCacheConfiguration:
      Did not match:
         - @ConditionalOnClass did not find required class 'org.springframework.data.redis.connection.RedisConnectionFactory' (OnClassCondition)

   RedisReactiveAutoConfiguration:
      Did not match:
         - @ConditionalOnClass did not find required class 'reactor.core.publisher.Flux' (OnClassCondition)

   RedisRepositoriesAutoConfiguration:
      Did not match:
         - @ConditionalOnClass did not find required class 'org.springframework.data.redis.repository.configuration.EnableRedisRepositories' (OnClassCondition)

   RefreshAutoConfiguration.JpaInvokerConfiguration:
      Did not match:
         - @ConditionalOnClass did not find required class 'javax.persistence.EntityManagerFactory' (OnClassCondition)

   RefreshEndpointAutoConfiguration:
      Did not match:
         - @ConditionalOnClass did not find required class 'org.springframework.boot.actuate.autoconfigure.endpoint.EndpointAutoConfiguration' (OnClassCondition)

   RepositoryRestMvcAutoConfiguration:
      Did not match:
         - @ConditionalOnClass did not find required class 'org.springframework.data.rest.webmvc.config.RepositoryRestMvcConfiguration' (OnClassCondition)

   Saml2RelyingPartyAutoConfiguration:
      Did not match:
         - @ConditionalOnClass did not find required class 'org.springframework.security.saml2.provider.service.registration.RelyingPartyRegistrationRepository' (OnClassCondition)

   SecurityAutoConfiguration:
      Did not match:
         - @ConditionalOnClass did not find required class 'org.springframework.security.authentication.DefaultAuthenticationEventPublisher' (OnClassCondition)

   SecurityFilterAutoConfiguration:
      Did not match:
         - @ConditionalOnClass did not find required class 'org.springframework.security.config.http.SessionCreationPolicy' (OnClassCondition)

   SendGridAutoConfiguration:
      Did not match:
         - @ConditionalOnClass did not find required class 'com.sendgrid.SendGrid' (OnClassCondition)

   ServletWebServerFactoryAutoConfiguration#forwardedHeaderFilter:
      Did not match:
         - @ConditionalOnProperty (server.forward-headers-strategy=framework) did not find property 'server.forward-headers-strategy' (OnPropertyCondition)

   ServletWebServerFactoryConfiguration.EmbeddedJetty:
      Did not match:
         - @ConditionalOnClass did not find required classes 'org.eclipse.jetty.server.Server', 'org.eclipse.jetty.util.Loader', 'org.eclipse.jetty.webapp.WebAppContext' (OnClassCondition)

   ServletWebServerFactoryConfiguration.EmbeddedUndertow:
      Did not match:
         - @ConditionalOnClass did not find required classes 'io.undertow.Undertow', 'org.xnio.SslClientAuthMode' (OnClassCondition)

   SessionAutoConfiguration:
      Did not match:
         - @ConditionalOnClass did not find required class 'org.springframework.session.Session' (OnClassCondition)

   SolrAutoConfiguration:
      Did not match:
         - @ConditionalOnClass did not find required class 'org.apache.solr.client.solrj.impl.CloudSolrClient' (OnClassCondition)

   SolrRepositoriesAutoConfiguration:
      Did not match:
         - @ConditionalOnClass did not find required class 'org.apache.solr.client.solrj.SolrClient' (OnClassCondition)

   SpringDataWebAutoConfiguration:
      Did not match:
         - @ConditionalOnClass did not find required class 'org.springframework.data.web.PageableHandlerMethodArgumentResolver' (OnClassCondition)

   TaskSchedulingAutoConfiguration#taskScheduler:
      Did not match:
         - @ConditionalOnBean (names: org.springframework.context.annotation.internalScheduledAnnotationProcessor; SearchStrategy: all) did not find any beans named org.springframework.context.annotation.internalScheduledAnnotationProcessor (OnBeanCondition)

   ThymeleafAutoConfiguration:
      Did not match:
         - @ConditionalOnClass did not find required class 'org.thymeleaf.spring5.SpringTemplateEngine' (OnClassCondition)

   TransactionAutoConfiguration:
      Did not match:
         - @ConditionalOnClass did not find required class 'org.springframework.transaction.PlatformTransactionManager' (OnClassCondition)

   UserDetailsServiceAutoConfiguration:
      Did not match:
         - @ConditionalOnClass did not find required class 'org.springframework.security.authentication.AuthenticationManager' (OnClassCondition)

   WebClientAutoConfiguration:
      Did not match:
         - @ConditionalOnClass did not find required class 'org.springframework.web.reactive.function.client.WebClient' (OnClassCondition)

   WebFluxAutoConfiguration:
      Did not match:
         - @ConditionalOnClass did not find required class 'org.springframework.web.reactive.config.WebFluxConfigurer' (OnClassCondition)

   WebMvcAutoConfiguration#hiddenHttpMethodFilter:
      Did not match:
         - @ConditionalOnProperty (spring.mvc.hiddenmethod.filter.enabled) did not find property 'enabled' (OnPropertyCondition)

   WebMvcAutoConfiguration.ResourceChainCustomizerConfiguration:
      Did not match:
         - @ConditionalOnEnabledResourceChain did not find class org.webjars.WebJarAssetLocator (OnEnabledResourceChainCondition)

   WebMvcAutoConfiguration.WebMvcAutoConfigurationAdapter#beanNameViewResolver:
      Did not match:
         - @ConditionalOnMissingBean (types: org.springframework.web.servlet.view.BeanNameViewResolver; SearchStrategy: all) found beans of type 'org.springframework.web.servlet.view.BeanNameViewResolver' beanNameViewResolver (OnBeanCondition)

   WebMvcAutoConfiguration.WebMvcAutoConfigurationAdapter#localeResolver:
      Did not match:
         - @ConditionalOnProperty (spring.mvc.locale) did not find property 'locale' (OnPropertyCondition)

   WebServiceTemplateAutoConfiguration:
      Did not match:
         - @ConditionalOnClass did not find required class 'org.springframework.oxm.Marshaller' (OnClassCondition)

   WebServicesAutoConfiguration:
      Did not match:
         - @ConditionalOnClass did not find required class 'org.springframework.ws.transport.http.MessageDispatcherServlet' (OnClassCondition)

   WebSocketMessagingAutoConfiguration:
      Did not match:
         - @ConditionalOnClass did not find required class 'org.springframework.web.socket.config.annotation.WebSocketMessageBrokerConfigurer' (OnClassCondition)

   WebSocketReactiveAutoConfiguration:
      Did not match:
         - @ConditionalOnWebApplication did not find reactive web application classes (OnWebApplicationCondition)

   WebSocketServletAutoConfiguration.JettyWebSocketConfiguration:
      Did not match:
         - @ConditionalOnClass did not find required class 'org.eclipse.jetty.websocket.jsr356.server.deploy.WebSocketServerContainerInitializer' (OnClassCondition)

   WebSocketServletAutoConfiguration.UndertowWebSocketConfiguration:
      Did not match:
         - @ConditionalOnClass did not find required class 'io.undertow.websockets.jsr.Bootstrap' (OnClassCondition)

   WritableEnvironmentEndpointAutoConfiguration:
      Did not match:
         - @ConditionalOnClass did not find required class 'org.springframework.boot.actuate.autoconfigure.env.EnvironmentEndpointProperties' (OnClassCondition)

   XADataSourceAutoConfiguration:
      Did not match:
         - @ConditionalOnClass did not find required class 'javax.transaction.TransactionManager' (OnClassCondition)


Exclusions:
-----------

    None


Unconditional classes:
----------------------

    org.springframework.boot.autoconfigure.context.ConfigurationPropertiesAutoConfiguration

    org.springframework.boot.autoconfigure.context.LifecycleAutoConfiguration

    org.springframework.boot.autoconfigure.context.PropertyPlaceholderAutoConfiguration

    org.springframework.cloud.autoconfigure.LifecycleMvcEndpointAutoConfiguration

    org.springframework.boot.autoconfigure.availability.ApplicationAvailabilityAutoConfiguration

    org.springframework.boot.autoconfigure.info.ProjectInfoAutoConfiguration



2024-10-26 12:41:54,823 DEBUG [main][ConditionEvaluationReportLoggingListener.java:126] - 


============================
CONDITIONS EVALUATION REPORT
============================


Positive matches:
-----------------

   AopAutoConfiguration matched:
      - @ConditionalOnProperty (spring.aop.auto=true) matched (OnPropertyCondition)

   AopAutoConfiguration.ClassProxyingConfiguration matched:
      - @ConditionalOnMissingClass did not find unwanted class 'org.aspectj.weaver.Advice' (OnClassCondition)
      - @ConditionalOnProperty (spring.aop.proxy-target-class=true) matched (OnPropertyCondition)

   ConfigurationPropertiesRebinderAutoConfiguration matched:
      - @ConditionalOnBean (types: org.springframework.boot.context.properties.ConfigurationPropertiesBindingPostProcessor; SearchStrategy: all) found bean 'org.springframework.boot.context.properties.ConfigurationPropertiesBindingPostProcessor' (OnBeanCondition)

   ConfigurationPropertiesRebinderAutoConfiguration#configurationPropertiesBeans matched:
      - @ConditionalOnMissingBean (types: org.springframework.cloud.context.properties.ConfigurationPropertiesBeans; SearchStrategy: current) did not find any beans (OnBeanCondition)

   ConfigurationPropertiesRebinderAutoConfiguration#configurationPropertiesRebinder matched:
      - @ConditionalOnMissingBean (types: org.springframework.cloud.context.properties.ConfigurationPropertiesRebinder; SearchStrategy: current) did not find any beans (OnBeanCondition)

   DispatcherServletAutoConfiguration matched:
      - @ConditionalOnClass found required class 'org.springframework.web.servlet.DispatcherServlet' (OnClassCondition)
      - found 'session' scope (OnWebApplicationCondition)

   DispatcherServletAutoConfiguration.DispatcherServletConfiguration matched:
      - @ConditionalOnClass found required class 'javax.servlet.ServletRegistration' (OnClassCondition)
      - Default DispatcherServlet did not find dispatcher servlet beans (DispatcherServletAutoConfiguration.DefaultDispatcherServletCondition)

   DispatcherServletAutoConfiguration.DispatcherServletRegistrationConfiguration matched:
      - @ConditionalOnClass found required class 'javax.servlet.ServletRegistration' (OnClassCondition)
      - DispatcherServlet Registration did not find servlet registration bean (DispatcherServletAutoConfiguration.DispatcherServletRegistrationCondition)

   DispatcherServletAutoConfiguration.DispatcherServletRegistrationConfiguration#dispatcherServletRegistration matched:
      - @ConditionalOnBean (names: dispatcherServlet types: org.springframework.web.servlet.DispatcherServlet; SearchStrategy: all) found bean 'dispatcherServlet' (OnBeanCondition)

   EmbeddedWebServerFactoryCustomizerAutoConfiguration matched:
      - @ConditionalOnWebApplication (required) found 'session' scope (OnWebApplicationCondition)

   EmbeddedWebServerFactoryCustomizerAutoConfiguration.TomcatWebServerFactoryCustomizerConfiguration matched:
      - @ConditionalOnClass found required classes 'org.apache.catalina.startup.Tomcat', 'org.apache.coyote.UpgradeProtocol' (OnClassCondition)

   ErrorMvcAutoConfiguration matched:
      - @ConditionalOnClass found required classes 'javax.servlet.Servlet', 'org.springframework.web.servlet.DispatcherServlet' (OnClassCondition)
      - found 'session' scope (OnWebApplicationCondition)

   ErrorMvcAutoConfiguration#basicErrorController matched:
      - @ConditionalOnMissingBean (types: org.springframework.boot.web.servlet.error.ErrorController; SearchStrategy: current) did not find any beans (OnBeanCondition)

   ErrorMvcAutoConfiguration#errorAttributes matched:
      - @ConditionalOnMissingBean (types: org.springframework.boot.web.servlet.error.ErrorAttributes; SearchStrategy: current) did not find any beans (OnBeanCondition)

   ErrorMvcAutoConfiguration.DefaultErrorViewResolverConfiguration#conventionErrorViewResolver matched:
      - @ConditionalOnBean (types: org.springframework.web.servlet.DispatcherServlet; SearchStrategy: all) found bean 'dispatcherServlet'; @ConditionalOnMissingBean (types: org.springframework.boot.autoconfigure.web.servlet.error.ErrorViewResolver; SearchStrategy: all) did not find any beans (OnBeanCondition)

   ErrorMvcAutoConfiguration.WhitelabelErrorViewConfiguration matched:
      - @ConditionalOnProperty (server.error.whitelabel.enabled) matched (OnPropertyCondition)
      - ErrorTemplate Missing did not find error template view (ErrorMvcAutoConfiguration.ErrorTemplateMissingCondition)

   ErrorMvcAutoConfiguration.WhitelabelErrorViewConfiguration#beanNameViewResolver matched:
      - @ConditionalOnMissingBean (types: org.springframework.web.servlet.view.BeanNameViewResolver; SearchStrategy: all) did not find any beans (OnBeanCondition)

   ErrorMvcAutoConfiguration.WhitelabelErrorViewConfiguration#defaultErrorView matched:
      - @ConditionalOnMissingBean (names: error; SearchStrategy: all) did not find any beans (OnBeanCondition)

   GenericCacheConfiguration matched:
      - Cache org.springframework.boot.autoconfigure.cache.GenericCacheConfiguration automatic cache type (CacheCondition)

   HttpEncodingAutoConfiguration matched:
      - @ConditionalOnClass found required class 'org.springframework.web.filter.CharacterEncodingFilter' (OnClassCondition)
      - found 'session' scope (OnWebApplicationCondition)
      - @ConditionalOnProperty (server.servlet.encoding.enabled) matched (OnPropertyCondition)

   HttpEncodingAutoConfiguration#characterEncodingFilter matched:
      - @ConditionalOnMissingBean (types: org.springframework.web.filter.CharacterEncodingFilter; SearchStrategy: all) did not find any beans (OnBeanCondition)

   HttpMessageConvertersAutoConfiguration matched:
      - @ConditionalOnClass found required class 'org.springframework.http.converter.HttpMessageConverter' (OnClassCondition)
      - NoneNestedConditions 0 matched 1 did not; NestedCondition on HttpMessageConvertersAutoConfiguration.NotReactiveWebApplicationCondition.ReactiveWebApplication did not find reactive web application classes (HttpMessageConvertersAutoConfiguration.NotReactiveWebApplicationCondition)

   HttpMessageConvertersAutoConfiguration#messageConverters matched:
      - @ConditionalOnMissingBean (types: org.springframework.boot.autoconfigure.http.HttpMessageConverters; SearchStrategy: all) did not find any beans (OnBeanCondition)

   HttpMessageConvertersAutoConfiguration.StringHttpMessageConverterConfiguration matched:
      - @ConditionalOnClass found required class 'org.springframework.http.converter.StringHttpMessageConverter' (OnClassCondition)

   HttpMessageConvertersAutoConfiguration.StringHttpMessageConverterConfiguration#stringHttpMessageConverter matched:
      - @ConditionalOnMissingBean (types: org.springframework.http.converter.StringHttpMessageConverter; SearchStrategy: all) did not find any beans (OnBeanCondition)

   JacksonAutoConfiguration matched:
      - @ConditionalOnClass found required class 'com.fasterxml.jackson.databind.ObjectMapper' (OnClassCondition)

   JacksonAutoConfiguration.Jackson2ObjectMapperBuilderCustomizerConfiguration matched:
      - @ConditionalOnClass found required class 'org.springframework.http.converter.json.Jackson2ObjectMapperBuilder' (OnClassCondition)

   JacksonAutoConfiguration.JacksonObjectMapperBuilderConfiguration matched:
      - @ConditionalOnClass found required class 'org.springframework.http.converter.json.Jackson2ObjectMapperBuilder' (OnClassCondition)

   JacksonAutoConfiguration.JacksonObjectMapperBuilderConfiguration#jacksonObjectMapperBuilder matched:
      - @ConditionalOnMissingBean (types: org.springframework.http.converter.json.Jackson2ObjectMapperBuilder; SearchStrategy: all) did not find any beans (OnBeanCondition)

   JacksonAutoConfiguration.JacksonObjectMapperConfiguration matched:
      - @ConditionalOnClass found required class 'org.springframework.http.converter.json.Jackson2ObjectMapperBuilder' (OnClassCondition)

   JacksonAutoConfiguration.JacksonObjectMapperConfiguration#jacksonObjectMapper matched:
      - @ConditionalOnMissingBean (types: com.fasterxml.jackson.databind.ObjectMapper; SearchStrategy: all) did not find any beans (OnBeanCondition)

   JacksonAutoConfiguration.ParameterNamesModuleConfiguration matched:
      - @ConditionalOnClass found required class 'com.fasterxml.jackson.module.paramnames.ParameterNamesModule' (OnClassCondition)

   JacksonAutoConfiguration.ParameterNamesModuleConfiguration#parameterNamesModule matched:
      - @ConditionalOnMissingBean (types: com.fasterxml.jackson.module.paramnames.ParameterNamesModule; SearchStrategy: all) did not find any beans (OnBeanCondition)

   JacksonHttpMessageConvertersConfiguration.MappingJackson2HttpMessageConverterConfiguration matched:
      - @ConditionalOnClass found required class 'com.fasterxml.jackson.databind.ObjectMapper' (OnClassCondition)
      - @ConditionalOnProperty (spring.mvc.converters.preferred-json-mapper=jackson) matched (OnPropertyCondition)
      - @ConditionalOnBean (types: com.fasterxml.jackson.databind.ObjectMapper; SearchStrategy: all) found bean 'jacksonObjectMapper' (OnBeanCondition)

   JacksonHttpMessageConvertersConfiguration.MappingJackson2HttpMessageConverterConfiguration#mappingJackson2HttpMessageConverter matched:
      - @ConditionalOnMissingBean (types: org.springframework.http.converter.json.MappingJackson2HttpMessageConverter ignored: org.springframework.hateoas.server.mvc.TypeConstrainedMappingJackson2HttpMessageConverter,org.springframework.data.rest.webmvc.alps.AlpsJsonHttpMessageConverter; SearchStrategy: all) did not find any beans (OnBeanCondition)

   JmxAutoConfiguration matched:
      - @ConditionalOnClass found required class 'org.springframework.jmx.export.MBeanExporter' (OnClassCondition)
      - @ConditionalOnProperty (spring.jmx.enabled=true) matched (OnPropertyCondition)

   JmxAutoConfiguration#mbeanExporter matched:
      - @ConditionalOnMissingBean (types: org.springframework.jmx.export.MBeanExporter; SearchStrategy: current) did not find any beans (OnBeanCondition)

   JmxAutoConfiguration#mbeanServer matched:
      - @ConditionalOnMissingBean (types: javax.management.MBeanServer; SearchStrategy: all) did not find any beans (OnBeanCondition)

   JmxAutoConfiguration#objectNamingStrategy matched:
      - @ConditionalOnMissingBean (types: org.springframework.jmx.export.naming.ObjectNamingStrategy; SearchStrategy: current) did not find any beans (OnBeanCondition)

   LifecycleAutoConfiguration#defaultLifecycleProcessor matched:
      - @ConditionalOnMissingBean (names: lifecycleProcessor; SearchStrategy: current) did not find any beans (OnBeanCondition)

   LifecycleMvcEndpointAutoConfiguration#environmentManager matched:
      - @ConditionalOnMissingBean (types: org.springframework.cloud.context.environment.EnvironmentManager; SearchStrategy: all) did not find any beans (OnBeanCondition)

   MultipartAutoConfiguration matched:
      - @ConditionalOnClass found required classes 'javax.servlet.Servlet', 'org.springframework.web.multipart.support.StandardServletMultipartResolver', 'javax.servlet.MultipartConfigElement' (OnClassCondition)
      - found 'session' scope (OnWebApplicationCondition)
      - @ConditionalOnProperty (spring.servlet.multipart.enabled) matched (OnPropertyCondition)

   MultipartAutoConfiguration#multipartConfigElement matched:
      - @ConditionalOnMissingBean (types: javax.servlet.MultipartConfigElement,org.springframework.web.multipart.commons.CommonsMultipartResolver; SearchStrategy: all) did not find any beans (OnBeanCondition)

   MultipartAutoConfiguration#multipartResolver matched:
      - @ConditionalOnMissingBean (types: org.springframework.web.multipart.MultipartResolver; SearchStrategy: all) did not find any beans (OnBeanCondition)

   NoOpCacheConfiguration matched:
      - Cache org.springframework.boot.autoconfigure.cache.NoOpCacheConfiguration automatic cache type (CacheCondition)

   PropertyPlaceholderAutoConfiguration#propertySourcesPlaceholderConfigurer matched:
      - @ConditionalOnMissingBean (types: org.springframework.context.support.PropertySourcesPlaceholderConfigurer; SearchStrategy: current) did not find any beans (OnBeanCondition)

   RefreshAutoConfiguration matched:
      - @ConditionalOnClass found required class 'org.springframework.cloud.context.scope.refresh.RefreshScope' (OnClassCondition)
      - @ConditionalOnProperty (spring.cloud.refresh.enabled) matched (OnPropertyCondition)

   RefreshAutoConfiguration#contextRefresher matched:
      - @ConditionalOnMissingBean (types: org.springframework.cloud.context.refresh.ContextRefresher; SearchStrategy: all) did not find any beans (OnBeanCondition)

   RefreshAutoConfiguration#loggingRebinder matched:
      - @ConditionalOnMissingBean (types: org.springframework.cloud.logging.LoggingRebinder; SearchStrategy: all) did not find any beans (OnBeanCondition)

   RefreshAutoConfiguration#refreshScope matched:
      - @ConditionalOnMissingBean (types: org.springframework.cloud.context.scope.refresh.RefreshScope; SearchStrategy: all) did not find any beans (OnBeanCondition)

   RestTemplateAutoConfiguration matched:
      - @ConditionalOnClass found required class 'org.springframework.web.client.RestTemplate' (OnClassCondition)
      - NoneNestedConditions 0 matched 1 did not; NestedCondition on RestTemplateAutoConfiguration.NotReactiveWebApplicationCondition.ReactiveWebApplication did not find reactive web application classes (RestTemplateAutoConfiguration.NotReactiveWebApplicationCondition)

   RestTemplateAutoConfiguration#restTemplateBuilder matched:
      - @ConditionalOnMissingBean (types: org.springframework.boot.web.client.RestTemplateBuilder; SearchStrategy: all) did not find any beans (OnBeanCondition)

   ServletWebServerFactoryAutoConfiguration matched:
      - @ConditionalOnClass found required class 'javax.servlet.ServletRequest' (OnClassCondition)
      - found 'session' scope (OnWebApplicationCondition)

   ServletWebServerFactoryAutoConfiguration#tomcatServletWebServerFactoryCustomizer matched:
      - @ConditionalOnClass found required class 'org.apache.catalina.startup.Tomcat' (OnClassCondition)

   ServletWebServerFactoryConfiguration.EmbeddedTomcat matched:
      - @ConditionalOnClass found required classes 'javax.servlet.Servlet', 'org.apache.catalina.startup.Tomcat', 'org.apache.coyote.UpgradeProtocol' (OnClassCondition)
      - @ConditionalOnMissingBean (types: org.springframework.boot.web.servlet.server.ServletWebServerFactory; SearchStrategy: current) did not find any beans (OnBeanCondition)

   SimpleCacheConfiguration matched:
      - Cache org.springframework.boot.autoconfigure.cache.SimpleCacheConfiguration automatic cache type (CacheCondition)

   SpringApplicationAdminJmxAutoConfiguration matched:
      - @ConditionalOnProperty (spring.application.admin.enabled=true) matched (OnPropertyCondition)

   SpringApplicationAdminJmxAutoConfiguration#springApplicationAdminRegistrar matched:
      - @ConditionalOnMissingBean (types: org.springframework.boot.admin.SpringApplicationAdminMXBeanRegistrar; SearchStrategy: all) did not find any beans (OnBeanCondition)

   TaskExecutionAutoConfiguration matched:
      - @ConditionalOnClass found required class 'org.springframework.scheduling.concurrent.ThreadPoolTaskExecutor' (OnClassCondition)

   TaskExecutionAutoConfiguration#applicationTaskExecutor matched:
      - @ConditionalOnMissingBean (types: java.util.concurrent.Executor; SearchStrategy: all) did not find any beans (OnBeanCondition)

   TaskExecutionAutoConfiguration#taskExecutorBuilder matched:
      - @ConditionalOnMissingBean (types: org.springframework.boot.task.TaskExecutorBuilder; SearchStrategy: all) did not find any beans (OnBeanCondition)

   TaskSchedulingAutoConfiguration matched:
      - @ConditionalOnClass found required class 'org.springframework.scheduling.concurrent.ThreadPoolTaskScheduler' (OnClassCondition)

   TaskSchedulingAutoConfiguration#taskSchedulerBuilder matched:
      - @ConditionalOnMissingBean (types: org.springframework.boot.task.TaskSchedulerBuilder; SearchStrategy: all) did not find any beans (OnBeanCondition)

   ValidationAutoConfiguration matched:
      - @ConditionalOnClass found required class 'javax.validation.executable.ExecutableValidator' (OnClassCondition)
      - @ConditionalOnResource found location classpath:META-INF/services/javax.validation.spi.ValidationProvider (OnResourceCondition)

   ValidationAutoConfiguration#defaultValidator matched:
      - @ConditionalOnMissingBean (types: javax.validation.Validator; SearchStrategy: all) did not find any beans (OnBeanCondition)

   ValidationAutoConfiguration#methodValidationPostProcessor matched:
      - @ConditionalOnMissingBean (types: org.springframework.validation.beanvalidation.MethodValidationPostProcessor; SearchStrategy: all) did not find any beans (OnBeanCondition)

   WebMvcAutoConfiguration matched:
      - @ConditionalOnClass found required classes 'javax.servlet.Servlet', 'org.springframework.web.servlet.DispatcherServlet', 'org.springframework.web.servlet.config.annotation.WebMvcConfigurer' (OnClassCondition)
      - found 'session' scope (OnWebApplicationCondition)
      - @ConditionalOnMissingBean (types: org.springframework.web.servlet.config.annotation.WebMvcConfigurationSupport; SearchStrategy: all) did not find any beans (OnBeanCondition)

   WebMvcAutoConfiguration#formContentFilter matched:
      - @ConditionalOnProperty (spring.mvc.formcontent.filter.enabled) matched (OnPropertyCondition)
      - @ConditionalOnMissingBean (types: org.springframework.web.filter.FormContentFilter; SearchStrategy: all) did not find any beans (OnBeanCondition)

   WebMvcAutoConfiguration.WebMvcAutoConfigurationAdapter#defaultViewResolver matched:
      - @ConditionalOnMissingBean (types: org.springframework.web.servlet.view.InternalResourceViewResolver; SearchStrategy: all) did not find any beans (OnBeanCondition)

   WebMvcAutoConfiguration.WebMvcAutoConfigurationAdapter#requestContextFilter matched:
      - @ConditionalOnMissingBean (types: org.springframework.web.context.request.RequestContextListener,org.springframework.web.filter.RequestContextFilter; SearchStrategy: all) did not find any beans (OnBeanCondition)

   WebMvcAutoConfiguration.WebMvcAutoConfigurationAdapter#viewResolver matched:
      - @ConditionalOnBean (types: org.springframework.web.servlet.ViewResolver; SearchStrategy: all) found beans 'defaultViewResolver', 'beanNameViewResolver', 'mvcViewResolver'; @ConditionalOnMissingBean (names: viewResolver types: org.springframework.web.servlet.view.ContentNegotiatingViewResolver; SearchStrategy: all) did not find any beans (OnBeanCondition)

   WebSocketServletAutoConfiguration matched:
      - @ConditionalOnClass found required classes 'javax.servlet.Servlet', 'javax.websocket.server.ServerContainer' (OnClassCondition)
      - found 'session' scope (OnWebApplicationCondition)

   WebSocketServletAutoConfiguration.TomcatWebSocketConfiguration matched:
      - @ConditionalOnClass found required classes 'org.apache.catalina.startup.Tomcat', 'org.apache.tomcat.websocket.server.WsSci' (OnClassCondition)

   WebSocketServletAutoConfiguration.TomcatWebSocketConfiguration#websocketServletWebServerCustomizer matched:
      - @ConditionalOnMissingBean (names: websocketServletWebServerCustomizer; SearchStrategy: all) did not find any beans (OnBeanCondition)


Negative matches:
-----------------

   ActiveMQAutoConfiguration:
      Did not match:
         - @ConditionalOnClass did not find required class 'javax.jms.ConnectionFactory' (OnClassCondition)

   AopAutoConfiguration.AspectJAutoProxyingConfiguration:
      Did not match:
         - @ConditionalOnClass did not find required class 'org.aspectj.weaver.Advice' (OnClassCondition)

   ArtemisAutoConfiguration:
      Did not match:
         - @ConditionalOnClass did not find required class 'javax.jms.ConnectionFactory' (OnClassCondition)

   BatchAutoConfiguration:
      Did not match:
         - @ConditionalOnClass did not find required class 'org.springframework.batch.core.launch.JobLauncher' (OnClassCondition)

   CacheAutoConfiguration:
      Did not match:
         - @ConditionalOnBean (types: org.springframework.cache.interceptor.CacheAspectSupport; SearchStrategy: all) did not find any beans of type org.springframework.cache.interceptor.CacheAspectSupport (OnBeanCondition)
      Matched:
         - @ConditionalOnClass found required class 'org.springframework.cache.CacheManager' (OnClassCondition)

   CacheAutoConfiguration.CacheManagerEntityManagerFactoryDependsOnPostProcessor:
      Did not match:
         - @ConditionalOnClass did not find required class 'org.springframework.orm.jpa.LocalContainerEntityManagerFactoryBean' (OnClassCondition)
         - Ancestor org.springframework.boot.autoconfigure.cache.CacheAutoConfiguration did not match (ConditionEvaluationReport.AncestorsMatchedCondition)

   CaffeineCacheConfiguration:
      Did not match:
         - @ConditionalOnClass did not find required class 'com.github.benmanes.caffeine.cache.Caffeine' (OnClassCondition)

   CassandraAutoConfiguration:
      Did not match:
         - @ConditionalOnClass did not find required class 'com.datastax.oss.driver.api.core.CqlSession' (OnClassCondition)

   CassandraDataAutoConfiguration:
      Did not match:
         - @ConditionalOnClass did not find required class 'com.datastax.oss.driver.api.core.CqlSession' (OnClassCondition)

   CassandraReactiveDataAutoConfiguration:
      Did not match:
         - @ConditionalOnClass did not find required class 'com.datastax.oss.driver.api.core.CqlSession' (OnClassCondition)

   CassandraReactiveRepositoriesAutoConfiguration:
      Did not match:
         - @ConditionalOnClass did not find required class 'org.springframework.data.cassandra.ReactiveSession' (OnClassCondition)

   CassandraRepositoriesAutoConfiguration:
      Did not match:
         - @ConditionalOnClass did not find required class 'com.datastax.oss.driver.api.core.CqlSession' (OnClassCondition)

   ClientHttpConnectorAutoConfiguration:
      Did not match:
         - @ConditionalOnClass did not find required class 'org.springframework.web.reactive.function.client.WebClient' (OnClassCondition)

   CodecsAutoConfiguration:
      Did not match:
         - @ConditionalOnClass did not find required class 'org.springframework.web.reactive.function.client.WebClient' (OnClassCondition)

   CouchbaseAutoConfiguration:
      Did not match:
         - @ConditionalOnClass did not find required class 'com.couchbase.client.java.Cluster' (OnClassCondition)

   CouchbaseCacheConfiguration:
      Did not match:
         - @ConditionalOnClass did not find required class 'com.couchbase.client.java.Cluster' (OnClassCondition)

   CouchbaseDataAutoConfiguration:
      Did not match:
         - @ConditionalOnClass did not find required class 'com.couchbase.client.java.Bucket' (OnClassCondition)

   CouchbaseReactiveDataAutoConfiguration:
      Did not match:
         - @ConditionalOnClass did not find required class 'com.couchbase.client.java.Cluster' (OnClassCondition)

   CouchbaseReactiveRepositoriesAutoConfiguration:
      Did not match:
         - @ConditionalOnClass did not find required class 'com.couchbase.client.java.Cluster' (OnClassCondition)

   CouchbaseRepositoriesAutoConfiguration:
      Did not match:
         - @ConditionalOnClass did not find required class 'com.couchbase.client.java.Bucket' (OnClassCondition)

   DataSourceAutoConfiguration:
      Did not match:
         - @ConditionalOnClass did not find required class 'org.springframework.jdbc.datasource.embedded.EmbeddedDatabaseType' (OnClassCondition)

   DataSourceTransactionManagerAutoConfiguration:
      Did not match:
         - @ConditionalOnClass did not find required class 'org.springframework.jdbc.core.JdbcTemplate' (OnClassCondition)

   DispatcherServletAutoConfiguration.DispatcherServletConfiguration#multipartResolver:
      Did not match:
         - @ConditionalOnBean (types: org.springframework.web.multipart.MultipartResolver; SearchStrategy: all) did not find any beans of type org.springframework.web.multipart.MultipartResolver (OnBeanCondition)

   EhCacheCacheConfiguration:
      Did not match:
         - @ConditionalOnClass did not find required class 'net.sf.ehcache.Cache' (OnClassCondition)

   ElasticsearchDataAutoConfiguration:
      Did not match:
         - @ConditionalOnClass did not find required class 'org.springframework.data.elasticsearch.core.ElasticsearchTemplate' (OnClassCondition)

   ElasticsearchRepositoriesAutoConfiguration:
      Did not match:
         - @ConditionalOnClass did not find required class 'org.elasticsearch.client.Client' (OnClassCondition)

   ElasticsearchRestClientAutoConfiguration:
      Did not match:
         - @ConditionalOnClass did not find required class 'org.elasticsearch.client.RestClient' (OnClassCondition)

   EmbeddedLdapAutoConfiguration:
      Did not match:
         - @ConditionalOnClass did not find required class 'com.unboundid.ldap.listener.InMemoryDirectoryServer' (OnClassCondition)

   EmbeddedMongoAutoConfiguration:
      Did not match:
         - @ConditionalOnClass did not find required class 'com.mongodb.MongoClientSettings' (OnClassCondition)

   EmbeddedWebServerFactoryCustomizerAutoConfiguration.JettyWebServerFactoryCustomizerConfiguration:
      Did not match:
         - @ConditionalOnClass did not find required classes 'org.eclipse.jetty.server.Server', 'org.eclipse.jetty.util.Loader', 'org.eclipse.jetty.webapp.WebAppContext' (OnClassCondition)

   EmbeddedWebServerFactoryCustomizerAutoConfiguration.NettyWebServerFactoryCustomizerConfiguration:
      Did not match:
         - @ConditionalOnClass did not find required class 'reactor.netty.http.server.HttpServer' (OnClassCondition)

   EmbeddedWebServerFactoryCustomizerAutoConfiguration.UndertowWebServerFactoryCustomizerConfiguration:
      Did not match:
         - @ConditionalOnClass did not find required classes 'io.undertow.Undertow', 'org.xnio.SslClientAuthMode' (OnClassCondition)

   ErrorWebFluxAutoConfiguration:
      Did not match:
         - @ConditionalOnClass did not find required class 'org.springframework.web.reactive.config.WebFluxConfigurer' (OnClassCondition)

   FlywayAutoConfiguration:
      Did not match:
         - @ConditionalOnClass did not find required class 'org.flywaydb.core.Flyway' (OnClassCondition)

   FreeMarkerAutoConfiguration:
      Did not match:
         - @ConditionalOnClass did not find required class 'freemarker.template.Configuration' (OnClassCondition)

   GroovyTemplateAutoConfiguration:
      Did not match:
         - @ConditionalOnClass did not find required class 'groovy.text.markup.MarkupTemplateEngine' (OnClassCondition)

   GsonAutoConfiguration:
      Did not match:
         - @ConditionalOnClass did not find required class 'com.google.gson.Gson' (OnClassCondition)

   GsonHttpMessageConvertersConfiguration:
      Did not match:
         - @ConditionalOnClass did not find required class 'com.google.gson.Gson' (OnClassCondition)

   H2ConsoleAutoConfiguration:
      Did not match:
         - @ConditionalOnClass did not find required class 'org.h2.server.web.WebServlet' (OnClassCondition)

   HazelcastAutoConfiguration:
      Did not match:
         - @ConditionalOnClass did not find required class 'com.hazelcast.core.HazelcastInstance' (OnClassCondition)

   HazelcastCacheConfiguration:
      Did not match:
         - @ConditionalOnClass did not find required class 'com.hazelcast.core.HazelcastInstance' (OnClassCondition)

   HazelcastJpaDependencyAutoConfiguration:
      Did not match:
         - @ConditionalOnClass did not find required class 'com.hazelcast.core.HazelcastInstance' (OnClassCondition)

   HibernateJpaAutoConfiguration:
      Did not match:
         - @ConditionalOnClass did not find required class 'javax.persistence.EntityManager' (OnClassCondition)

   HttpHandlerAutoConfiguration:
      Did not match:
         - @ConditionalOnClass did not find required class 'org.springframework.web.reactive.DispatcherHandler' (OnClassCondition)

   HypermediaAutoConfiguration:
      Did not match:
         - @ConditionalOnClass did not find required class 'org.springframework.hateoas.EntityModel' (OnClassCondition)

   InfinispanCacheConfiguration:
      Did not match:
         - @ConditionalOnClass did not find required class 'org.infinispan.spring.embedded.provider.SpringEmbeddedCacheManager' (OnClassCondition)

   InfluxDbAutoConfiguration:
      Did not match:
         - @ConditionalOnClass did not find required class 'org.influxdb.InfluxDB' (OnClassCondition)

   IntegrationAutoConfiguration:
      Did not match:
         - @ConditionalOnClass did not find required class 'org.springframework.integration.config.EnableIntegration' (OnClassCondition)

   JCacheCacheConfiguration:
      Did not match:
         - @ConditionalOnClass did not find required class 'javax.cache.Caching' (OnClassCondition)

   JacksonHttpMessageConvertersConfiguration.MappingJackson2XmlHttpMessageConverterConfiguration:
      Did not match:
         - @ConditionalOnClass did not find required class 'com.fasterxml.jackson.dataformat.xml.XmlMapper' (OnClassCondition)

   JdbcRepositoriesAutoConfiguration:
      Did not match:
         - @ConditionalOnClass did not find required class 'org.springframework.data.jdbc.repository.config.AbstractJdbcConfiguration' (OnClassCondition)

   JdbcTemplateAutoConfiguration:
      Did not match:
         - @ConditionalOnClass did not find required class 'org.springframework.jdbc.core.JdbcTemplate' (OnClassCondition)

   JerseyAutoConfiguration:
      Did not match:
         - @ConditionalOnClass did not find required class 'org.glassfish.jersey.server.spring.SpringComponentProvider' (OnClassCondition)

   JmsAutoConfiguration:
      Did not match:
         - @ConditionalOnClass did not find required class 'javax.jms.Message' (OnClassCondition)

   JndiConnectionFactoryAutoConfiguration:
      Did not match:
         - @ConditionalOnClass did not find required class 'org.springframework.jms.core.JmsTemplate' (OnClassCondition)

   JndiDataSourceAutoConfiguration:
      Did not match:
         - @ConditionalOnClass did not find required class 'org.springframework.jdbc.datasource.embedded.EmbeddedDatabaseType' (OnClassCondition)

   JooqAutoConfiguration:
      Did not match:
         - @ConditionalOnClass did not find required class 'org.jooq.DSLContext' (OnClassCondition)

   JpaRepositoriesAutoConfiguration:
      Did not match:
         - @ConditionalOnClass did not find required class 'org.springframework.data.jpa.repository.JpaRepository' (OnClassCondition)

   JsonbAutoConfiguration:
      Did not match:
         - @ConditionalOnClass did not find required class 'javax.json.bind.Jsonb' (OnClassCondition)

   JsonbHttpMessageConvertersConfiguration:
      Did not match:
         - @ConditionalOnClass did not find required class 'javax.json.bind.Jsonb' (OnClassCondition)

   JtaAutoConfiguration:
      Did not match:
         - @ConditionalOnClass did not find required class 'javax.transaction.Transaction' (OnClassCondition)

   KafkaAutoConfiguration:
      Did not match:
         - @ConditionalOnClass did not find required class 'org.springframework.kafka.core.KafkaTemplate' (OnClassCondition)

   LdapAutoConfiguration:
      Did not match:
         - @ConditionalOnClass did not find required class 'org.springframework.ldap.core.ContextSource' (OnClassCondition)

   LdapRepositoriesAutoConfiguration:
      Did not match:
         - @ConditionalOnClass did not find required class 'org.springframework.data.ldap.repository.LdapRepository' (OnClassCondition)

   LiquibaseAutoConfiguration:
      Did not match:
         - @ConditionalOnClass did not find required class 'liquibase.change.DatabaseChange' (OnClassCondition)

   MailSenderAutoConfiguration:
      Did not match:
         - @ConditionalOnClass did not find required class 'javax.mail.internet.MimeMessage' (OnClassCondition)

   MailSenderValidatorAutoConfiguration:
      Did not match:
         - @ConditionalOnSingleCandidate did not find required type 'org.springframework.mail.javamail.JavaMailSenderImpl' (OnBeanCondition)

   MessageSourceAutoConfiguration:
      Did not match:
         - ResourceBundle did not find bundle with basename messages (MessageSourceAutoConfiguration.ResourceBundleCondition)

   MongoAutoConfiguration:
      Did not match:
         - @ConditionalOnClass did not find required class 'com.mongodb.client.MongoClient' (OnClassCondition)

   MongoDataAutoConfiguration:
      Did not match:
         - @ConditionalOnClass did not find required class 'com.mongodb.client.MongoClient' (OnClassCondition)

   MongoReactiveAutoConfiguration:
      Did not match:
         - @ConditionalOnClass did not find required class 'com.mongodb.reactivestreams.client.MongoClient' (OnClassCondition)

   MongoReactiveDataAutoConfiguration:
      Did not match:
         - @ConditionalOnClass did not find required class 'com.mongodb.reactivestreams.client.MongoClient' (OnClassCondition)

   MongoReactiveRepositoriesAutoConfiguration:
      Did not match:
         - @ConditionalOnClass did not find required class 'com.mongodb.reactivestreams.client.MongoClient' (OnClassCondition)

   MongoRepositoriesAutoConfiguration:
      Did not match:
         - @ConditionalOnClass did not find required class 'com.mongodb.client.MongoClient' (OnClassCondition)

   MustacheAutoConfiguration:
      Did not match:
         - @ConditionalOnClass did not find required class 'com.samskivert.mustache.Mustache' (OnClassCondition)

   Neo4jDataAutoConfiguration:
      Did not match:
         - @ConditionalOnClass did not find required class 'org.neo4j.ogm.session.SessionFactory' (OnClassCondition)

   Neo4jRepositoriesAutoConfiguration:
      Did not match:
         - @ConditionalOnClass did not find required class 'org.neo4j.ogm.session.Neo4jSession' (OnClassCondition)

   OAuth2ClientAutoConfiguration:
      Did not match:
         - @ConditionalOnClass did not find required class 'org.springframework.security.config.annotation.web.configuration.EnableWebSecurity' (OnClassCondition)

   OAuth2ResourceServerAutoConfiguration:
      Did not match:
         - @ConditionalOnClass did not find required class 'org.springframework.security.oauth2.server.resource.BearerTokenAuthenticationToken' (OnClassCondition)

   PersistenceExceptionTranslationAutoConfiguration:
      Did not match:
         - @ConditionalOnClass did not find required class 'org.springframework.dao.annotation.PersistenceExceptionTranslationPostProcessor' (OnClassCondition)

   ProjectInfoAutoConfiguration#buildProperties:
      Did not match:
         - @ConditionalOnResource did not find resource '${spring.info.build.location:classpath:META-INF/build-info.properties}' (OnResourceCondition)

   ProjectInfoAutoConfiguration#gitProperties:
      Did not match:
         - GitResource did not find git info at classpath:git.properties (ProjectInfoAutoConfiguration.GitResourceAvailableCondition)

   QuartzAutoConfiguration:
      Did not match:
         - @ConditionalOnClass did not find required class 'org.quartz.Scheduler' (OnClassCondition)

   R2dbcAutoConfiguration:
      Did not match:
         - @ConditionalOnClass did not find required class 'io.r2dbc.spi.ConnectionFactory' (OnClassCondition)

   R2dbcDataAutoConfiguration:
      Did not match:
         - @ConditionalOnClass did not find required class 'org.springframework.data.r2dbc.core.DatabaseClient' (OnClassCondition)

   R2dbcRepositoriesAutoConfiguration:
      Did not match:
         - @ConditionalOnClass did not find required class 'io.r2dbc.spi.ConnectionFactory' (OnClassCondition)

   R2dbcTransactionManagerAutoConfiguration:
      Did not match:
         - @ConditionalOnClass did not find required class 'org.springframework.data.r2dbc.connectionfactory.R2dbcTransactionManager' (OnClassCondition)

   RSocketMessagingAutoConfiguration:
      Did not match:
         - @ConditionalOnClass did not find required class 'io.rsocket.RSocketFactory' (OnClassCondition)

   RSocketRequesterAutoConfiguration:
      Did not match:
         - @ConditionalOnClass did not find required class 'io.rsocket.RSocketFactory' (OnClassCondition)

   RSocketSecurityAutoConfiguration:
      Did not match:
         - @ConditionalOnClass did not find required class 'org.springframework.security.rsocket.core.SecuritySocketAcceptorInterceptor' (OnClassCondition)

   RSocketServerAutoConfiguration:
      Did not match:
         - @ConditionalOnClass did not find required class 'io.rsocket.core.RSocketServer' (OnClassCondition)

   RSocketStrategiesAutoConfiguration:
      Did not match:
         - @ConditionalOnClass did not find required class 'io.netty.buffer.PooledByteBufAllocator' (OnClassCondition)

   RabbitAutoConfiguration:
      Did not match:
         - @ConditionalOnClass did not find required class 'com.rabbitmq.client.Channel' (OnClassCondition)

   ReactiveElasticsearchRepositoriesAutoConfiguration:
      Did not match:
         - @ConditionalOnClass did not find required class 'org.springframework.data.elasticsearch.client.reactive.ReactiveElasticsearchClient' (OnClassCondition)

   ReactiveElasticsearchRestClientAutoConfiguration:
      Did not match:
         - @ConditionalOnClass did not find required class 'reactor.netty.http.client.HttpClient' (OnClassCondition)

   ReactiveOAuth2ClientAutoConfiguration:
      Did not match:
         - @ConditionalOnClass did not find required class 'reactor.core.publisher.Flux' (OnClassCondition)

   ReactiveOAuth2ResourceServerAutoConfiguration:
      Did not match:
         - @ConditionalOnClass did not find required class 'org.springframework.security.config.annotation.web.reactive.EnableWebFluxSecurity' (OnClassCondition)

   ReactiveSecurityAutoConfiguration:
      Did not match:
         - @ConditionalOnClass did not find required class 'reactor.core.publisher.Flux' (OnClassCondition)

   ReactiveUserDetailsServiceAutoConfiguration:
      Did not match:
         - @ConditionalOnClass did not find required class 'org.springframework.security.authentication.ReactiveAuthenticationManager' (OnClassCondition)

   ReactiveWebServerFactoryAutoConfiguration:
      Did not match:
         - @ConditionalOnWebApplication did not find reactive web application classes (OnWebApplicationCondition)

   RedisAutoConfiguration:
      Did not match:
         - @ConditionalOnClass did not find required class 'org.springframework.data.redis.core.RedisOperations' (OnClassCondition)

   RedisCacheConfiguration:
      Did not match:
         - @ConditionalOnClass did not find required class 'org.springframework.data.redis.connection.RedisConnectionFactory' (OnClassCondition)

   RedisReactiveAutoConfiguration:
      Did not match:
         - @ConditionalOnClass did not find required class 'reactor.core.publisher.Flux' (OnClassCondition)

   RedisRepositoriesAutoConfiguration:
      Did not match:
         - @ConditionalOnClass did not find required class 'org.springframework.data.redis.repository.configuration.EnableRedisRepositories' (OnClassCondition)

   RefreshAutoConfiguration.JpaInvokerConfiguration:
      Did not match:
         - @ConditionalOnClass did not find required class 'javax.persistence.EntityManagerFactory' (OnClassCondition)

   RefreshEndpointAutoConfiguration:
      Did not match:
         - @ConditionalOnClass did not find required class 'org.springframework.boot.actuate.autoconfigure.endpoint.EndpointAutoConfiguration' (OnClassCondition)

   RepositoryRestMvcAutoConfiguration:
      Did not match:
         - @ConditionalOnClass did not find required class 'org.springframework.data.rest.webmvc.config.RepositoryRestMvcConfiguration' (OnClassCondition)

   Saml2RelyingPartyAutoConfiguration:
      Did not match:
         - @ConditionalOnClass did not find required class 'org.springframework.security.saml2.provider.service.registration.RelyingPartyRegistrationRepository' (OnClassCondition)

   SecurityAutoConfiguration:
      Did not match:
         - @ConditionalOnClass did not find required class 'org.springframework.security.authentication.DefaultAuthenticationEventPublisher' (OnClassCondition)

   SecurityFilterAutoConfiguration:
      Did not match:
         - @ConditionalOnClass did not find required class 'org.springframework.security.config.http.SessionCreationPolicy' (OnClassCondition)

   SendGridAutoConfiguration:
      Did not match:
         - @ConditionalOnClass did not find required class 'com.sendgrid.SendGrid' (OnClassCondition)

   ServletWebServerFactoryAutoConfiguration#forwardedHeaderFilter:
      Did not match:
         - @ConditionalOnProperty (server.forward-headers-strategy=framework) did not find property 'server.forward-headers-strategy' (OnPropertyCondition)

   ServletWebServerFactoryConfiguration.EmbeddedJetty:
      Did not match:
         - @ConditionalOnClass did not find required classes 'org.eclipse.jetty.server.Server', 'org.eclipse.jetty.util.Loader', 'org.eclipse.jetty.webapp.WebAppContext' (OnClassCondition)

   ServletWebServerFactoryConfiguration.EmbeddedUndertow:
      Did not match:
         - @ConditionalOnClass did not find required classes 'io.undertow.Undertow', 'org.xnio.SslClientAuthMode' (OnClassCondition)

   SessionAutoConfiguration:
      Did not match:
         - @ConditionalOnClass did not find required class 'org.springframework.session.Session' (OnClassCondition)

   SolrAutoConfiguration:
      Did not match:
         - @ConditionalOnClass did not find required class 'org.apache.solr.client.solrj.impl.CloudSolrClient' (OnClassCondition)

   SolrRepositoriesAutoConfiguration:
      Did not match:
         - @ConditionalOnClass did not find required class 'org.apache.solr.client.solrj.SolrClient' (OnClassCondition)

   SpringDataWebAutoConfiguration:
      Did not match:
         - @ConditionalOnClass did not find required class 'org.springframework.data.web.PageableHandlerMethodArgumentResolver' (OnClassCondition)

   TaskSchedulingAutoConfiguration#taskScheduler:
      Did not match:
         - @ConditionalOnBean (names: org.springframework.context.annotation.internalScheduledAnnotationProcessor; SearchStrategy: all) did not find any beans named org.springframework.context.annotation.internalScheduledAnnotationProcessor (OnBeanCondition)

   ThymeleafAutoConfiguration:
      Did not match:
         - @ConditionalOnClass did not find required class 'org.thymeleaf.spring5.SpringTemplateEngine' (OnClassCondition)

   TransactionAutoConfiguration:
      Did not match:
         - @ConditionalOnClass did not find required class 'org.springframework.transaction.PlatformTransactionManager' (OnClassCondition)

   UserDetailsServiceAutoConfiguration:
      Did not match:
         - @ConditionalOnClass did not find required class 'org.springframework.security.authentication.AuthenticationManager' (OnClassCondition)

   WebClientAutoConfiguration:
      Did not match:
         - @ConditionalOnClass did not find required class 'org.springframework.web.reactive.function.client.WebClient' (OnClassCondition)

   WebFluxAutoConfiguration:
      Did not match:
         - @ConditionalOnClass did not find required class 'org.springframework.web.reactive.config.WebFluxConfigurer' (OnClassCondition)

   WebMvcAutoConfiguration#hiddenHttpMethodFilter:
      Did not match:
         - @ConditionalOnProperty (spring.mvc.hiddenmethod.filter.enabled) did not find property 'enabled' (OnPropertyCondition)

   WebMvcAutoConfiguration.ResourceChainCustomizerConfiguration:
      Did not match:
         - @ConditionalOnEnabledResourceChain did not find class org.webjars.WebJarAssetLocator (OnEnabledResourceChainCondition)

   WebMvcAutoConfiguration.WebMvcAutoConfigurationAdapter#beanNameViewResolver:
      Did not match:
         - @ConditionalOnMissingBean (types: org.springframework.web.servlet.view.BeanNameViewResolver; SearchStrategy: all) found beans of type 'org.springframework.web.servlet.view.BeanNameViewResolver' beanNameViewResolver (OnBeanCondition)

   WebMvcAutoConfiguration.WebMvcAutoConfigurationAdapter#localeResolver:
      Did not match:
         - @ConditionalOnProperty (spring.mvc.locale) did not find property 'locale' (OnPropertyCondition)

   WebServiceTemplateAutoConfiguration:
      Did not match:
         - @ConditionalOnClass did not find required class 'org.springframework.oxm.Marshaller' (OnClassCondition)

   WebServicesAutoConfiguration:
      Did not match:
         - @ConditionalOnClass did not find required class 'org.springframework.ws.transport.http.MessageDispatcherServlet' (OnClassCondition)

   WebSocketMessagingAutoConfiguration:
      Did not match:
         - @ConditionalOnClass did not find required class 'org.springframework.web.socket.config.annotation.WebSocketMessageBrokerConfigurer' (OnClassCondition)

   WebSocketReactiveAutoConfiguration:
      Did not match:
         - @ConditionalOnWebApplication did not find reactive web application classes (OnWebApplicationCondition)

   WebSocketServletAutoConfiguration.JettyWebSocketConfiguration:
      Did not match:
         - @ConditionalOnClass did not find required class 'org.eclipse.jetty.websocket.jsr356.server.deploy.WebSocketServerContainerInitializer' (OnClassCondition)

   WebSocketServletAutoConfiguration.UndertowWebSocketConfiguration:
      Did not match:
         - @ConditionalOnClass did not find required class 'io.undertow.websockets.jsr.Bootstrap' (OnClassCondition)

   WritableEnvironmentEndpointAutoConfiguration:
      Did not match:
         - @ConditionalOnClass did not find required class 'org.springframework.boot.actuate.autoconfigure.env.EnvironmentEndpointProperties' (OnClassCondition)

   XADataSourceAutoConfiguration:
      Did not match:
         - @ConditionalOnClass did not find required class 'javax.transaction.TransactionManager' (OnClassCondition)


Exclusions:
-----------

    None


Unconditional classes:
----------------------

    org.springframework.boot.autoconfigure.context.ConfigurationPropertiesAutoConfiguration

    org.springframework.boot.autoconfigure.context.LifecycleAutoConfiguration

    org.springframework.boot.autoconfigure.context.PropertyPlaceholderAutoConfiguration

    org.springframework.cloud.autoconfigure.LifecycleMvcEndpointAutoConfiguration

    org.springframework.boot.autoconfigure.availability.ApplicationAvailabilityAutoConfiguration

    org.springframework.boot.autoconfigure.info.ProjectInfoAutoConfiguration



2024-10-26 12:41:54,827 DEBUG [main][PropertySourcesPropertyResolver.java:115] - Found key 'spring.liveBeansView.mbeanDomain' in PropertySource 'systemProperties' with value of type String
2024-10-26 12:41:54,827 DEBUG [main][PropertySourcesPropertyResolver.java:115] - Found key 'spring.liveBeansView.mbeanDomain' in PropertySource 'systemProperties' with value of type String
2024-10-26 12:41:54,828 INFO [main][StartupInfoLogger.java:61] - Started ContentApplication in 1.154 seconds (JVM running for 1.654)
2024-10-26 12:41:54,828 INFO [main][StartupInfoLogger.java:61] - Started ContentApplication in 1.154 seconds (JVM running for 1.654)
2024-10-26 12:41:54,986 DEBUG [RMI TCP Connection(2)-192.168.99.13][PropertySourcesPropertyResolver.java:115] - Found key 'local.server.port' in PropertySource 'server.ports' with value of type Integer
2024-10-26 12:41:54,986 DEBUG [RMI TCP Connection(2)-192.168.99.13][PropertySourcesPropertyResolver.java:115] - Found key 'local.server.port' in PropertySource 'server.ports' with value of type Integer
2024-10-26 12:41:54,990 DEBUG [RMI TCP Connection(2)-192.168.99.13][PropertySourcesPropertyResolver.java:115] - Found key 'server.servlet.context-path' in PropertySource 'configurationProperties' with value of type String
2024-10-26 12:41:54,990 DEBUG [RMI TCP Connection(2)-192.168.99.13][PropertySourcesPropertyResolver.java:115] - Found key 'server.servlet.context-path' in PropertySource 'configurationProperties' with value of type String
2024-10-26 12:42:15,061 DEBUG [SpringContextShutdownHook][AbstractApplicationContext.java:1006] - Closing org.springframework.boot.web.servlet.context.AnnotationConfigServletWebServerApplicationContext@74a6a609, started on Sat Oct 26 12:41:54 CEST 2024, parent: org.springframework.context.annotation.AnnotationConfigApplicationContext@7de62196
2024-10-26 12:42:15,061 DEBUG [SpringContextShutdownHook][AbstractApplicationContext.java:1006] - Closing org.springframework.boot.web.servlet.context.AnnotationConfigServletWebServerApplicationContext@74a6a609, started on Sat Oct 26 12:41:54 CEST 2024, parent: org.springframework.context.annotation.AnnotationConfigApplicationContext@7de62196
2024-10-26 12:42:15,062 DEBUG [SpringContextShutdownHook][DefaultLifecycleProcessor.java:369] - Stopping beans in phase 2147483647
2024-10-26 12:42:15,062 DEBUG [SpringContextShutdownHook][DefaultLifecycleProcessor.java:369] - Stopping beans in phase 2147483647
2024-10-26 12:42:15,063 DEBUG [SpringContextShutdownHook][DefaultLifecycleProcessor.java:242] - Bean 'webServerGracefulShutdown' completed its stop procedure
2024-10-26 12:42:15,063 DEBUG [SpringContextShutdownHook][DefaultLifecycleProcessor.java:242] - Bean 'webServerGracefulShutdown' completed its stop procedure
2024-10-26 12:42:15,063 DEBUG [SpringContextShutdownHook][DefaultLifecycleProcessor.java:369] - Stopping beans in phase 2147483646
2024-10-26 12:42:15,063 DEBUG [SpringContextShutdownHook][DefaultLifecycleProcessor.java:369] - Stopping beans in phase 2147483646
2024-10-26 12:42:15,182 DEBUG [SpringContextShutdownHook][DefaultLifecycleProcessor.java:242] - Bean 'webServerStartStop' completed its stop procedure
2024-10-26 12:42:15,182 DEBUG [SpringContextShutdownHook][DefaultLifecycleProcessor.java:242] - Bean 'webServerStartStop' completed its stop procedure
2024-10-26 12:42:15,182 DEBUG [SpringContextShutdownHook][MBeanExporter.java:452] - Unregistering JMX-exposed beans on shutdown
2024-10-26 12:42:15,182 DEBUG [SpringContextShutdownHook][MBeanExporter.java:452] - Unregistering JMX-exposed beans on shutdown
2024-10-26 12:42:15,182 DEBUG [SpringContextShutdownHook][MBeanRegistrationSupport.java:186] - Unregistering JMX-exposed beans
2024-10-26 12:42:15,182 DEBUG [SpringContextShutdownHook][MBeanRegistrationSupport.java:186] - Unregistering JMX-exposed beans
2024-10-26 12:42:15,183 INFO [SpringContextShutdownHook][ExecutorConfigurationSupport.java:218] - Shutting down ExecutorService 'applicationTaskExecutor'
2024-10-26 12:42:15,183 INFO [SpringContextShutdownHook][ExecutorConfigurationSupport.java:218] - Shutting down ExecutorService 'applicationTaskExecutor'
2024-10-26 12:42:16,973 DEBUG [main][ClasspathLoggingApplicationListener.java:51] - Application started with classpath: [file:/C:/Program%20Files/Java/jdk1.8.0_202/jre/lib/charsets.jar, file:/C:/Program%20Files/Java/jdk1.8.0_202/jre/lib/deploy.jar, file:/C:/Program%20Files/Java/jdk1.8.0_202/jre/lib/ext/access-bridge-64.jar, file:/C:/Program%20Files/Java/jdk1.8.0_202/jre/lib/ext/cldrdata.jar, file:/C:/Program%20Files/Java/jdk1.8.0_202/jre/lib/ext/dnsns.jar, file:/C:/Program%20Files/Java/jdk1.8.0_202/jre/lib/ext/jaccess.jar, file:/C:/Program%20Files/Java/jdk1.8.0_202/jre/lib/ext/jfxrt.jar, file:/C:/Program%20Files/Java/jdk1.8.0_202/jre/lib/ext/localedata.jar, file:/C:/Program%20Files/Java/jdk1.8.0_202/jre/lib/ext/nashorn.jar, file:/C:/Program%20Files/Java/jdk1.8.0_202/jre/lib/ext/sunec.jar, file:/C:/Program%20Files/Java/jdk1.8.0_202/jre/lib/ext/sunjce_provider.jar, file:/C:/Program%20Files/Java/jdk1.8.0_202/jre/lib/ext/sunmscapi.jar, file:/C:/Program%20Files/Java/jdk1.8.0_202/jre/lib/ext/sunpkcs11.jar, file:/C:/Program%20Files/Java/jdk1.8.0_202/jre/lib/ext/zipfs.jar, file:/C:/Program%20Files/Java/jdk1.8.0_202/jre/lib/javaws.jar, file:/C:/Program%20Files/Java/jdk1.8.0_202/jre/lib/jce.jar, file:/C:/Program%20Files/Java/jdk1.8.0_202/jre/lib/jfr.jar, file:/C:/Program%20Files/Java/jdk1.8.0_202/jre/lib/jfxswt.jar, file:/C:/Program%20Files/Java/jdk1.8.0_202/jre/lib/jsse.jar, file:/C:/Program%20Files/Java/jdk1.8.0_202/jre/lib/management-agent.jar, file:/C:/Program%20Files/Java/jdk1.8.0_202/jre/lib/plugin.jar, file:/C:/Program%20Files/Java/jdk1.8.0_202/jre/lib/resources.jar, file:/C:/Program%20Files/Java/jdk1.8.0_202/jre/lib/rt.jar, file:/D:/itcast2023/xc_edu3.1/code_402/xuecheng-plus-project/xuecheng-plus-content/xuecheng-plus-content-api/target/classes/, file:/D:/itcast2023/xc_edu3.1/code_402/xuecheng-plus-project/xuecheng-plus-content/xuecheng-plus-content-model/target/classes/, file:/D:/develop/repository/com/baomidou/mybatis-plus-annotation/3.4.1/mybatis-plus-annotation-3.4.1.jar, file:/D:/develop/repository/com/baomidou/mybatis-plus-core/3.4.1/mybatis-plus-core-3.4.1.jar, file:/D:/develop/repository/com/github/jsqlparser/jsqlparser/3.2/jsqlparser-3.2.jar, file:/D:/develop/repository/org/mybatis/mybatis/3.5.6/mybatis-3.5.6.jar, file:/D:/develop/repository/org/springframework/cloud/spring-cloud-context/2.2.6.RELEASE/spring-cloud-context-2.2.6.RELEASE.jar, file:/D:/develop/repository/org/springframework/security/spring-security-crypto/5.3.6.RELEASE/spring-security-crypto-5.3.6.RELEASE.jar, file:/D:/develop/repository/org/springframework/boot/spring-boot-starter-web/2.3.7.RELEASE/spring-boot-starter-web-2.3.7.RELEASE.jar, file:/D:/develop/repository/org/springframework/boot/spring-boot-starter-json/2.3.7.RELEASE/spring-boot-starter-json-2.3.7.RELEASE.jar, file:/D:/develop/repository/com/fasterxml/jackson/core/jackson-databind/2.11.3/jackson-databind-2.11.3.jar, file:/D:/develop/repository/org/springframework/boot/spring-boot-starter-tomcat/2.3.7.RELEASE/spring-boot-starter-tomcat-2.3.7.RELEASE.jar, file:/D:/develop/repository/org/apache/tomcat/embed/tomcat-embed-core/9.0.41/tomcat-embed-core-9.0.41.jar, file:/D:/develop/repository/org/apache/tomcat/embed/tomcat-embed-websocket/9.0.41/tomcat-embed-websocket-9.0.41.jar, file:/D:/develop/repository/org/springframework/spring-web/5.2.12.RELEASE/spring-web-5.2.12.RELEASE.jar, file:/D:/develop/repository/org/springframework/spring-beans/5.2.12.RELEASE/spring-beans-5.2.12.RELEASE.jar, file:/D:/develop/repository/org/springframework/spring-webmvc/5.2.12.RELEASE/spring-webmvc-5.2.12.RELEASE.jar, file:/D:/develop/repository/org/springframework/spring-aop/5.2.12.RELEASE/spring-aop-5.2.12.RELEASE.jar, file:/D:/develop/repository/org/springframework/spring-context/5.2.12.RELEASE/spring-context-5.2.12.RELEASE.jar, file:/D:/develop/repository/org/springframework/spring-expression/5.2.12.RELEASE/spring-expression-5.2.12.RELEASE.jar, file:/D:/develop/repository/org/springframework/boot/spring-boot-starter/2.3.7.RELEASE/spring-boot-starter-2.3.7.RELEASE.jar, file:/D:/develop/repository/org/springframework/boot/spring-boot/2.3.7.RELEASE/spring-boot-2.3.7.RELEASE.jar, file:/D:/develop/repository/org/springframework/boot/spring-boot-autoconfigure/2.3.7.RELEASE/spring-boot-autoconfigure-2.3.7.RELEASE.jar, file:/D:/develop/repository/jakarta/annotation/jakarta.annotation-api/1.3.5/jakarta.annotation-api-1.3.5.jar, file:/D:/develop/repository/org/springframework/spring-core/5.2.12.RELEASE/spring-core-5.2.12.RELEASE.jar, file:/D:/develop/repository/org/springframework/spring-jcl/5.2.12.RELEASE/spring-jcl-5.2.12.RELEASE.jar, file:/D:/develop/repository/org/yaml/snakeyaml/1.26/snakeyaml-1.26.jar, file:/D:/develop/repository/org/springframework/boot/spring-boot-starter-validation/2.3.7.RELEASE/spring-boot-starter-validation-2.3.7.RELEASE.jar, file:/D:/develop/repository/org/glassfish/jakarta.el/3.0.3/jakarta.el-3.0.3.jar, file:/D:/develop/repository/org/hibernate/validator/hibernate-validator/6.1.6.Final/hibernate-validator-6.1.6.Final.jar, file:/D:/develop/repository/jakarta/validation/jakarta.validation-api/2.0.2/jakarta.validation-api-2.0.2.jar, file:/D:/develop/repository/org/jboss/logging/jboss-logging/3.4.1.Final/jboss-logging-3.4.1.Final.jar, file:/D:/develop/repository/com/fasterxml/classmate/1.5.1/classmate-1.5.1.jar, file:/D:/develop/repository/org/springframework/boot/spring-boot-starter-log4j2/2.3.7.RELEASE/spring-boot-starter-log4j2-2.3.7.RELEASE.jar, file:/D:/develop/repository/org/apache/logging/log4j/log4j-slf4j-impl/2.13.3/log4j-slf4j-impl-2.13.3.jar, file:/D:/develop/repository/org/slf4j/slf4j-api/1.7.30/slf4j-api-1.7.30.jar, file:/D:/develop/repository/org/apache/logging/log4j/log4j-api/2.13.3/log4j-api-2.13.3.jar, file:/D:/develop/repository/org/apache/logging/log4j/log4j-core/2.13.3/log4j-core-2.13.3.jar, file:/D:/develop/repository/org/apache/logging/log4j/log4j-jul/2.13.3/log4j-jul-2.13.3.jar, file:/D:/develop/repository/org/slf4j/jul-to-slf4j/1.7.30/jul-to-slf4j-1.7.30.jar, file:/D:/develop/repository/com/spring4all/swagger-spring-boot-starter/1.9.0.RELEASE/swagger-spring-boot-starter-1.9.0.RELEASE.jar, file:/D:/develop/repository/io/springfox/springfox-swagger-ui/2.9.2/springfox-swagger-ui-2.9.2.jar, file:/D:/develop/repository/io/springfox/springfox-spring-web/2.9.2/springfox-spring-web-2.9.2.jar, file:/D:/develop/repository/io/springfox/springfox-swagger2/2.9.2/springfox-swagger2-2.9.2.jar, file:/D:/develop/repository/io/swagger/swagger-models/1.5.20/swagger-models-1.5.20.jar, file:/D:/develop/repository/io/springfox/springfox-spi/2.9.2/springfox-spi-2.9.2.jar, file:/D:/develop/repository/io/springfox/springfox-core/2.9.2/springfox-core-2.9.2.jar, file:/D:/develop/repository/net/bytebuddy/byte-buddy/1.10.18/byte-buddy-1.10.18.jar, file:/D:/develop/repository/io/springfox/springfox-schema/2.9.2/springfox-schema-2.9.2.jar, file:/D:/develop/repository/io/springfox/springfox-swagger-common/2.9.2/springfox-swagger-common-2.9.2.jar, file:/D:/develop/repository/com/google/guava/guava/25.0-jre/guava-25.0-jre.jar, file:/D:/develop/repository/com/google/code/findbugs/jsr305/1.3.9/jsr305-1.3.9.jar, file:/D:/develop/repository/org/checkerframework/checker-compat-qual/2.0.0/checker-compat-qual-2.0.0.jar, file:/D:/develop/repository/com/google/errorprone/error_prone_annotations/2.1.3/error_prone_annotations-2.1.3.jar, file:/D:/develop/repository/com/google/j2objc/j2objc-annotations/1.1/j2objc-annotations-1.1.jar, file:/D:/develop/repository/org/codehaus/mojo/animal-sniffer-annotations/1.14/animal-sniffer-annotations-1.14.jar, file:/D:/develop/repository/org/springframework/plugin/spring-plugin-core/1.2.0.RELEASE/spring-plugin-core-1.2.0.RELEASE.jar, file:/D:/develop/repository/org/springframework/plugin/spring-plugin-metadata/1.2.0.RELEASE/spring-plugin-metadata-1.2.0.RELEASE.jar, file:/D:/develop/repository/org/mapstruct/mapstruct/1.2.0.Final/mapstruct-1.2.0.Final.jar, file:/D:/develop/repository/io/springfox/springfox-bean-validators/2.9.2/springfox-bean-validators-2.9.2.jar, file:/D:/itcast2023/xc_edu3.1/code_402/xuecheng-plus-project/xuecheng-plus-base/target/classes/, file:/D:/develop/repository/org/projectlombok/lombok/1.18.8/lombok-1.18.8.jar, file:/D:/develop/repository/org/apache/commons/commons-lang3/3.10/commons-lang3-3.10.jar, file:/D:/develop/repository/com/alibaba/fastjson/1.2.83/fastjson-1.2.83.jar, file:/D:/develop/repository/commons-lang/commons-lang/2.6/commons-lang-2.6.jar, file:/D:/develop/repository/commons-codec/commons-codec/1.14/commons-codec-1.14.jar, file:/D:/develop/repository/io/swagger/swagger-annotations/1.5.20/swagger-annotations-1.5.20.jar, file:/D:/develop/repository/com/j256/simplemagic/simplemagic/1.17/simplemagic-1.17.jar, file:/D:/develop/repository/com/google/zxing/core/3.3.3/core-3.3.3.jar, file:/D:/develop/repository/com/google/zxing/javase/3.3.3/javase-3.3.3.jar, file:/D:/develop/repository/com/beust/jcommander/1.72/jcommander-1.72.jar, file:/D:/develop/repository/com/github/jai-imageio/jai-imageio-core/1.4.0/jai-imageio-core-1.4.0.jar, file:/D:/develop/repository/com/fasterxml/jackson/module/jackson-module-parameter-names/2.11.3/jackson-module-parameter-names-2.11.3.jar, file:/D:/develop/repository/com/fasterxml/jackson/core/jackson-core/2.11.3/jackson-core-2.11.3.jar, file:/D:/develop/repository/com/fasterxml/jackson/datatype/jackson-datatype-jdk8/2.11.3/jackson-datatype-jdk8-2.11.3.jar, file:/D:/develop/repository/com/fasterxml/jackson/datatype/jackson-datatype-jsr310/2.11.3/jackson-datatype-jsr310-2.11.3.jar, file:/D:/develop/repository/com/fasterxml/jackson/core/jackson-annotations/2.11.3/jackson-annotations-2.11.3.jar, file:/D:/IntelliJ%20IDEA%202022.2.3/lib/idea_rt.jar]
2024-10-26 12:42:16,973 DEBUG [main][ClasspathLoggingApplicationListener.java:51] - Application started with classpath: [file:/C:/Program%20Files/Java/jdk1.8.0_202/jre/lib/charsets.jar, file:/C:/Program%20Files/Java/jdk1.8.0_202/jre/lib/deploy.jar, file:/C:/Program%20Files/Java/jdk1.8.0_202/jre/lib/ext/access-bridge-64.jar, file:/C:/Program%20Files/Java/jdk1.8.0_202/jre/lib/ext/cldrdata.jar, file:/C:/Program%20Files/Java/jdk1.8.0_202/jre/lib/ext/dnsns.jar, file:/C:/Program%20Files/Java/jdk1.8.0_202/jre/lib/ext/jaccess.jar, file:/C:/Program%20Files/Java/jdk1.8.0_202/jre/lib/ext/jfxrt.jar, file:/C:/Program%20Files/Java/jdk1.8.0_202/jre/lib/ext/localedata.jar, file:/C:/Program%20Files/Java/jdk1.8.0_202/jre/lib/ext/nashorn.jar, file:/C:/Program%20Files/Java/jdk1.8.0_202/jre/lib/ext/sunec.jar, file:/C:/Program%20Files/Java/jdk1.8.0_202/jre/lib/ext/sunjce_provider.jar, file:/C:/Program%20Files/Java/jdk1.8.0_202/jre/lib/ext/sunmscapi.jar, file:/C:/Program%20Files/Java/jdk1.8.0_202/jre/lib/ext/sunpkcs11.jar, file:/C:/Program%20Files/Java/jdk1.8.0_202/jre/lib/ext/zipfs.jar, file:/C:/Program%20Files/Java/jdk1.8.0_202/jre/lib/javaws.jar, file:/C:/Program%20Files/Java/jdk1.8.0_202/jre/lib/jce.jar, file:/C:/Program%20Files/Java/jdk1.8.0_202/jre/lib/jfr.jar, file:/C:/Program%20Files/Java/jdk1.8.0_202/jre/lib/jfxswt.jar, file:/C:/Program%20Files/Java/jdk1.8.0_202/jre/lib/jsse.jar, file:/C:/Program%20Files/Java/jdk1.8.0_202/jre/lib/management-agent.jar, file:/C:/Program%20Files/Java/jdk1.8.0_202/jre/lib/plugin.jar, file:/C:/Program%20Files/Java/jdk1.8.0_202/jre/lib/resources.jar, file:/C:/Program%20Files/Java/jdk1.8.0_202/jre/lib/rt.jar, file:/D:/itcast2023/xc_edu3.1/code_402/xuecheng-plus-project/xuecheng-plus-content/xuecheng-plus-content-api/target/classes/, file:/D:/itcast2023/xc_edu3.1/code_402/xuecheng-plus-project/xuecheng-plus-content/xuecheng-plus-content-model/target/classes/, file:/D:/develop/repository/com/baomidou/mybatis-plus-annotation/3.4.1/mybatis-plus-annotation-3.4.1.jar, file:/D:/develop/repository/com/baomidou/mybatis-plus-core/3.4.1/mybatis-plus-core-3.4.1.jar, file:/D:/develop/repository/com/github/jsqlparser/jsqlparser/3.2/jsqlparser-3.2.jar, file:/D:/develop/repository/org/mybatis/mybatis/3.5.6/mybatis-3.5.6.jar, file:/D:/develop/repository/org/springframework/cloud/spring-cloud-context/2.2.6.RELEASE/spring-cloud-context-2.2.6.RELEASE.jar, file:/D:/develop/repository/org/springframework/security/spring-security-crypto/5.3.6.RELEASE/spring-security-crypto-5.3.6.RELEASE.jar, file:/D:/develop/repository/org/springframework/boot/spring-boot-starter-web/2.3.7.RELEASE/spring-boot-starter-web-2.3.7.RELEASE.jar, file:/D:/develop/repository/org/springframework/boot/spring-boot-starter-json/2.3.7.RELEASE/spring-boot-starter-json-2.3.7.RELEASE.jar, file:/D:/develop/repository/com/fasterxml/jackson/core/jackson-databind/2.11.3/jackson-databind-2.11.3.jar, file:/D:/develop/repository/org/springframework/boot/spring-boot-starter-tomcat/2.3.7.RELEASE/spring-boot-starter-tomcat-2.3.7.RELEASE.jar, file:/D:/develop/repository/org/apache/tomcat/embed/tomcat-embed-core/9.0.41/tomcat-embed-core-9.0.41.jar, file:/D:/develop/repository/org/apache/tomcat/embed/tomcat-embed-websocket/9.0.41/tomcat-embed-websocket-9.0.41.jar, file:/D:/develop/repository/org/springframework/spring-web/5.2.12.RELEASE/spring-web-5.2.12.RELEASE.jar, file:/D:/develop/repository/org/springframework/spring-beans/5.2.12.RELEASE/spring-beans-5.2.12.RELEASE.jar, file:/D:/develop/repository/org/springframework/spring-webmvc/5.2.12.RELEASE/spring-webmvc-5.2.12.RELEASE.jar, file:/D:/develop/repository/org/springframework/spring-aop/5.2.12.RELEASE/spring-aop-5.2.12.RELEASE.jar, file:/D:/develop/repository/org/springframework/spring-context/5.2.12.RELEASE/spring-context-5.2.12.RELEASE.jar, file:/D:/develop/repository/org/springframework/spring-expression/5.2.12.RELEASE/spring-expression-5.2.12.RELEASE.jar, file:/D:/develop/repository/org/springframework/boot/spring-boot-starter/2.3.7.RELEASE/spring-boot-starter-2.3.7.RELEASE.jar, file:/D:/develop/repository/org/springframework/boot/spring-boot/2.3.7.RELEASE/spring-boot-2.3.7.RELEASE.jar, file:/D:/develop/repository/org/springframework/boot/spring-boot-autoconfigure/2.3.7.RELEASE/spring-boot-autoconfigure-2.3.7.RELEASE.jar, file:/D:/develop/repository/jakarta/annotation/jakarta.annotation-api/1.3.5/jakarta.annotation-api-1.3.5.jar, file:/D:/develop/repository/org/springframework/spring-core/5.2.12.RELEASE/spring-core-5.2.12.RELEASE.jar, file:/D:/develop/repository/org/springframework/spring-jcl/5.2.12.RELEASE/spring-jcl-5.2.12.RELEASE.jar, file:/D:/develop/repository/org/yaml/snakeyaml/1.26/snakeyaml-1.26.jar, file:/D:/develop/repository/org/springframework/boot/spring-boot-starter-validation/2.3.7.RELEASE/spring-boot-starter-validation-2.3.7.RELEASE.jar, file:/D:/develop/repository/org/glassfish/jakarta.el/3.0.3/jakarta.el-3.0.3.jar, file:/D:/develop/repository/org/hibernate/validator/hibernate-validator/6.1.6.Final/hibernate-validator-6.1.6.Final.jar, file:/D:/develop/repository/jakarta/validation/jakarta.validation-api/2.0.2/jakarta.validation-api-2.0.2.jar, file:/D:/develop/repository/org/jboss/logging/jboss-logging/3.4.1.Final/jboss-logging-3.4.1.Final.jar, file:/D:/develop/repository/com/fasterxml/classmate/1.5.1/classmate-1.5.1.jar, file:/D:/develop/repository/org/springframework/boot/spring-boot-starter-log4j2/2.3.7.RELEASE/spring-boot-starter-log4j2-2.3.7.RELEASE.jar, file:/D:/develop/repository/org/apache/logging/log4j/log4j-slf4j-impl/2.13.3/log4j-slf4j-impl-2.13.3.jar, file:/D:/develop/repository/org/slf4j/slf4j-api/1.7.30/slf4j-api-1.7.30.jar, file:/D:/develop/repository/org/apache/logging/log4j/log4j-api/2.13.3/log4j-api-2.13.3.jar, file:/D:/develop/repository/org/apache/logging/log4j/log4j-core/2.13.3/log4j-core-2.13.3.jar, file:/D:/develop/repository/org/apache/logging/log4j/log4j-jul/2.13.3/log4j-jul-2.13.3.jar, file:/D:/develop/repository/org/slf4j/jul-to-slf4j/1.7.30/jul-to-slf4j-1.7.30.jar, file:/D:/develop/repository/com/spring4all/swagger-spring-boot-starter/1.9.0.RELEASE/swagger-spring-boot-starter-1.9.0.RELEASE.jar, file:/D:/develop/repository/io/springfox/springfox-swagger-ui/2.9.2/springfox-swagger-ui-2.9.2.jar, file:/D:/develop/repository/io/springfox/springfox-spring-web/2.9.2/springfox-spring-web-2.9.2.jar, file:/D:/develop/repository/io/springfox/springfox-swagger2/2.9.2/springfox-swagger2-2.9.2.jar, file:/D:/develop/repository/io/swagger/swagger-models/1.5.20/swagger-models-1.5.20.jar, file:/D:/develop/repository/io/springfox/springfox-spi/2.9.2/springfox-spi-2.9.2.jar, file:/D:/develop/repository/io/springfox/springfox-core/2.9.2/springfox-core-2.9.2.jar, file:/D:/develop/repository/net/bytebuddy/byte-buddy/1.10.18/byte-buddy-1.10.18.jar, file:/D:/develop/repository/io/springfox/springfox-schema/2.9.2/springfox-schema-2.9.2.jar, file:/D:/develop/repository/io/springfox/springfox-swagger-common/2.9.2/springfox-swagger-common-2.9.2.jar, file:/D:/develop/repository/com/google/guava/guava/25.0-jre/guava-25.0-jre.jar, file:/D:/develop/repository/com/google/code/findbugs/jsr305/1.3.9/jsr305-1.3.9.jar, file:/D:/develop/repository/org/checkerframework/checker-compat-qual/2.0.0/checker-compat-qual-2.0.0.jar, file:/D:/develop/repository/com/google/errorprone/error_prone_annotations/2.1.3/error_prone_annotations-2.1.3.jar, file:/D:/develop/repository/com/google/j2objc/j2objc-annotations/1.1/j2objc-annotations-1.1.jar, file:/D:/develop/repository/org/codehaus/mojo/animal-sniffer-annotations/1.14/animal-sniffer-annotations-1.14.jar, file:/D:/develop/repository/org/springframework/plugin/spring-plugin-core/1.2.0.RELEASE/spring-plugin-core-1.2.0.RELEASE.jar, file:/D:/develop/repository/org/springframework/plugin/spring-plugin-metadata/1.2.0.RELEASE/spring-plugin-metadata-1.2.0.RELEASE.jar, file:/D:/develop/repository/org/mapstruct/mapstruct/1.2.0.Final/mapstruct-1.2.0.Final.jar, file:/D:/develop/repository/io/springfox/springfox-bean-validators/2.9.2/springfox-bean-validators-2.9.2.jar, file:/D:/itcast2023/xc_edu3.1/code_402/xuecheng-plus-project/xuecheng-plus-base/target/classes/, file:/D:/develop/repository/org/projectlombok/lombok/1.18.8/lombok-1.18.8.jar, file:/D:/develop/repository/org/apache/commons/commons-lang3/3.10/commons-lang3-3.10.jar, file:/D:/develop/repository/com/alibaba/fastjson/1.2.83/fastjson-1.2.83.jar, file:/D:/develop/repository/commons-lang/commons-lang/2.6/commons-lang-2.6.jar, file:/D:/develop/repository/commons-codec/commons-codec/1.14/commons-codec-1.14.jar, file:/D:/develop/repository/io/swagger/swagger-annotations/1.5.20/swagger-annotations-1.5.20.jar, file:/D:/develop/repository/com/j256/simplemagic/simplemagic/1.17/simplemagic-1.17.jar, file:/D:/develop/repository/com/google/zxing/core/3.3.3/core-3.3.3.jar, file:/D:/develop/repository/com/google/zxing/javase/3.3.3/javase-3.3.3.jar, file:/D:/develop/repository/com/beust/jcommander/1.72/jcommander-1.72.jar, file:/D:/develop/repository/com/github/jai-imageio/jai-imageio-core/1.4.0/jai-imageio-core-1.4.0.jar, file:/D:/develop/repository/com/fasterxml/jackson/module/jackson-module-parameter-names/2.11.3/jackson-module-parameter-names-2.11.3.jar, file:/D:/develop/repository/com/fasterxml/jackson/core/jackson-core/2.11.3/jackson-core-2.11.3.jar, file:/D:/develop/repository/com/fasterxml/jackson/datatype/jackson-datatype-jdk8/2.11.3/jackson-datatype-jdk8-2.11.3.jar, file:/D:/develop/repository/com/fasterxml/jackson/datatype/jackson-datatype-jsr310/2.11.3/jackson-datatype-jsr310-2.11.3.jar, file:/D:/develop/repository/com/fasterxml/jackson/core/jackson-annotations/2.11.3/jackson-annotations-2.11.3.jar, file:/D:/IntelliJ%20IDEA%202022.2.3/lib/idea_rt.jar]
2024-10-26 12:42:16,990 DEBUG [background-preinit][LoggerProviders.java:152] - Logging Provider: org.jboss.logging.Log4j2LoggerProvider
2024-10-26 12:42:16,990 DEBUG [background-preinit][LoggerProviders.java:152] - Logging Provider: org.jboss.logging.Log4j2LoggerProvider
2024-10-26 12:42:16,990 INFO [background-preinit][Version.java:21] - HV000001: Hibernate Validator 6.1.6.Final
2024-10-26 12:42:16,990 INFO [background-preinit][Version.java:21] - HV000001: Hibernate Validator 6.1.6.Final
2024-10-26 12:42:16,993 DEBUG [background-preinit][ValidationXmlParser.java:120] - Trying to load META-INF/validation.xml for XML based Validator configuration.
2024-10-26 12:42:16,993 DEBUG [background-preinit][ValidationXmlParser.java:120] - Trying to load META-INF/validation.xml for XML based Validator configuration.
2024-10-26 12:42:16,993 DEBUG [background-preinit][ResourceLoaderHelper.java:60] - Trying to load META-INF/validation.xml via TCCL
2024-10-26 12:42:16,993 DEBUG [background-preinit][ResourceLoaderHelper.java:60] - Trying to load META-INF/validation.xml via TCCL
2024-10-26 12:42:16,994 DEBUG [background-preinit][ResourceLoaderHelper.java:66] - Trying to load META-INF/validation.xml via Hibernate Validator's class loader
2024-10-26 12:42:16,994 DEBUG [background-preinit][ResourceLoaderHelper.java:66] - Trying to load META-INF/validation.xml via Hibernate Validator's class loader
2024-10-26 12:42:16,994 DEBUG [background-preinit][ValidationXmlParser.java:127] - No META-INF/validation.xml found. Using annotation based configuration only.
2024-10-26 12:42:16,994 DEBUG [background-preinit][ValidationXmlParser.java:127] - No META-INF/validation.xml found. Using annotation based configuration only.
2024-10-26 12:42:16,996 DEBUG [background-preinit][TraversableResolvers.java:60] - Cannot find javax.persistence.Persistence on classpath. Assuming non JPA 2 environment. All properties will per default be traversable.
2024-10-26 12:42:16,996 DEBUG [background-preinit][TraversableResolvers.java:60] - Cannot find javax.persistence.Persistence on classpath. Assuming non JPA 2 environment. All properties will per default be traversable.
2024-10-26 12:42:17,011 DEBUG [background-preinit][ResourceBundleMessageInterpolator.java:172] - Loaded expression factory via original TCCL
2024-10-26 12:42:17,011 DEBUG [background-preinit][ResourceBundleMessageInterpolator.java:172] - Loaded expression factory via original TCCL
2024-10-26 12:42:17,020 DEBUG [main][PropertySourcesPropertyResolver.java:115] - Found key 'spring.application.name' in PropertySource 'configurationProperties' with value of type String
2024-10-26 12:42:17,020 DEBUG [main][PropertySourcesPropertyResolver.java:115] - Found key 'spring.application.name' in PropertySource 'configurationProperties' with value of type String
2024-10-26 12:42:17,022 DEBUG [main][SpringApplication.java:679] - Loading source class org.springframework.cloud.bootstrap.BootstrapImportSelectorConfiguration
2024-10-26 12:42:17,022 DEBUG [main][SpringApplication.java:679] - Loading source class org.springframework.cloud.bootstrap.BootstrapImportSelectorConfiguration
2024-10-26 12:42:17,034 DEBUG [main][DeferredLog.java:222] - Loaded config file 'file:/D:/itcast2023/xc_edu3.1/code_402/xuecheng-plus-project/xuecheng-plus-content/xuecheng-plus-content-api/target/classes/bootstrap.yml' (classpath:/bootstrap.yml)
2024-10-26 12:42:17,034 DEBUG [main][DeferredLog.java:222] - Loaded config file 'file:/D:/itcast2023/xc_edu3.1/code_402/xuecheng-plus-project/xuecheng-plus-content/xuecheng-plus-content-api/target/classes/bootstrap.yml' (classpath:/bootstrap.yml)
2024-10-26 12:42:17,034 DEBUG [main][AbstractApplicationContext.java:596] - Refreshing org.springframework.context.annotation.AnnotationConfigApplicationContext@72d6b3ba
2024-10-26 12:42:17,034 DEBUG [main][AbstractApplicationContext.java:596] - Refreshing org.springframework.context.annotation.AnnotationConfigApplicationContext@72d6b3ba
2024-10-26 12:42:17,040 DEBUG [main][DefaultSingletonBeanRegistry.java:225] - Creating shared instance of singleton bean 'org.springframework.context.annotation.internalConfigurationAnnotationProcessor'
2024-10-26 12:42:17,040 DEBUG [main][DefaultSingletonBeanRegistry.java:225] - Creating shared instance of singleton bean 'org.springframework.context.annotation.internalConfigurationAnnotationProcessor'
2024-10-26 12:42:17,046 DEBUG [main][DefaultSingletonBeanRegistry.java:225] - Creating shared instance of singleton bean 'org.springframework.boot.autoconfigure.internalCachingMetadataReaderFactory'
2024-10-26 12:42:17,046 DEBUG [main][DefaultSingletonBeanRegistry.java:225] - Creating shared instance of singleton bean 'org.springframework.boot.autoconfigure.internalCachingMetadataReaderFactory'
2024-10-26 12:42:17,100 DEBUG [background-preinit][ValidatorFactoryConfigurationHelper.java:300] - HV000252: Using org.hibernate.validator.internal.engine.DefaultPropertyNodeNameProvider as property node name provider.
2024-10-26 12:42:17,100 DEBUG [background-preinit][ValidatorFactoryConfigurationHelper.java:300] - HV000252: Using org.hibernate.validator.internal.engine.DefaultPropertyNodeNameProvider as property node name provider.
2024-10-26 12:42:17,102 DEBUG [background-preinit][ValidatorFactoryConfigurationHelper.java:375] - HV000234: Using org.hibernate.validator.messageinterpolation.ResourceBundleMessageInterpolator as ValidatorFactory-scoped message interpolator.
2024-10-26 12:42:17,102 DEBUG [background-preinit][ValidatorFactoryConfigurationHelper.java:376] - HV000234: Using org.hibernate.validator.internal.engine.resolver.TraverseAllTraversableResolver as ValidatorFactory-scoped traversable resolver.
2024-10-26 12:42:17,102 DEBUG [background-preinit][ValidatorFactoryConfigurationHelper.java:375] - HV000234: Using org.hibernate.validator.messageinterpolation.ResourceBundleMessageInterpolator as ValidatorFactory-scoped message interpolator.
2024-10-26 12:42:17,102 DEBUG [background-preinit][ValidatorFactoryConfigurationHelper.java:377] - HV000234: Using org.hibernate.validator.internal.util.ExecutableParameterNameProvider as ValidatorFactory-scoped parameter name provider.
2024-10-26 12:42:17,102 DEBUG [background-preinit][ValidatorFactoryConfigurationHelper.java:376] - HV000234: Using org.hibernate.validator.internal.engine.resolver.TraverseAllTraversableResolver as ValidatorFactory-scoped traversable resolver.
2024-10-26 12:42:17,102 DEBUG [background-preinit][ValidatorFactoryConfigurationHelper.java:377] - HV000234: Using org.hibernate.validator.internal.util.ExecutableParameterNameProvider as ValidatorFactory-scoped parameter name provider.
2024-10-26 12:42:17,102 DEBUG [background-preinit][ValidatorFactoryConfigurationHelper.java:378] - HV000234: Using org.hibernate.validator.internal.engine.DefaultClockProvider as ValidatorFactory-scoped clock provider.
2024-10-26 12:42:17,102 DEBUG [background-preinit][ValidatorFactoryConfigurationHelper.java:378] - HV000234: Using org.hibernate.validator.internal.engine.DefaultClockProvider as ValidatorFactory-scoped clock provider.
2024-10-26 12:42:17,102 DEBUG [background-preinit][ValidatorFactoryConfigurationHelper.java:379] - HV000234: Using org.hibernate.validator.internal.engine.scripting.DefaultScriptEvaluatorFactory as ValidatorFactory-scoped script evaluator factory.
2024-10-26 12:42:17,102 DEBUG [background-preinit][ValidatorFactoryConfigurationHelper.java:379] - HV000234: Using org.hibernate.validator.internal.engine.scripting.DefaultScriptEvaluatorFactory as ValidatorFactory-scoped script evaluator factory.
2024-10-26 12:42:17,123 DEBUG [main][DefaultSingletonBeanRegistry.java:225] - Creating shared instance of singleton bean 'propertySourcesPlaceholderConfigurer'
2024-10-26 12:42:17,123 DEBUG [main][DefaultSingletonBeanRegistry.java:225] - Creating shared instance of singleton bean 'propertySourcesPlaceholderConfigurer'
2024-10-26 12:42:17,124 DEBUG [main][DefaultSingletonBeanRegistry.java:225] - Creating shared instance of singleton bean 'org.springframework.context.event.internalEventListenerProcessor'
2024-10-26 12:42:17,124 DEBUG [main][DefaultSingletonBeanRegistry.java:225] - Creating shared instance of singleton bean 'org.springframework.context.event.internalEventListenerProcessor'
2024-10-26 12:42:17,125 DEBUG [main][DefaultSingletonBeanRegistry.java:225] - Creating shared instance of singleton bean 'org.springframework.context.event.internalEventListenerFactory'
2024-10-26 12:42:17,125 DEBUG [main][DefaultSingletonBeanRegistry.java:225] - Creating shared instance of singleton bean 'org.springframework.context.event.internalEventListenerFactory'
2024-10-26 12:42:17,126 DEBUG [main][DefaultSingletonBeanRegistry.java:225] - Creating shared instance of singleton bean 'org.springframework.context.annotation.internalAutowiredAnnotationProcessor'
2024-10-26 12:42:17,126 DEBUG [main][DefaultSingletonBeanRegistry.java:225] - Creating shared instance of singleton bean 'org.springframework.context.annotation.internalAutowiredAnnotationProcessor'
2024-10-26 12:42:17,126 DEBUG [main][DefaultSingletonBeanRegistry.java:225] - Creating shared instance of singleton bean 'org.springframework.context.annotation.internalCommonAnnotationProcessor'
2024-10-26 12:42:17,126 DEBUG [main][DefaultSingletonBeanRegistry.java:225] - Creating shared instance of singleton bean 'org.springframework.context.annotation.internalCommonAnnotationProcessor'
2024-10-26 12:42:17,127 DEBUG [main][DefaultSingletonBeanRegistry.java:225] - Creating shared instance of singleton bean 'org.springframework.boot.context.properties.ConfigurationPropertiesBindingPostProcessor'
2024-10-26 12:42:17,127 DEBUG [main][DefaultSingletonBeanRegistry.java:225] - Creating shared instance of singleton bean 'org.springframework.boot.context.properties.ConfigurationPropertiesBindingPostProcessor'
2024-10-26 12:42:17,127 DEBUG [main][DefaultSingletonBeanRegistry.java:225] - Creating shared instance of singleton bean 'org.springframework.boot.context.internalConfigurationPropertiesBinder'
2024-10-26 12:42:17,127 DEBUG [main][DefaultSingletonBeanRegistry.java:225] - Creating shared instance of singleton bean 'org.springframework.boot.context.internalConfigurationPropertiesBinder'
2024-10-26 12:42:17,128 DEBUG [main][DefaultSingletonBeanRegistry.java:225] - Creating shared instance of singleton bean 'org.springframework.boot.context.internalConfigurationPropertiesBinderFactory'
2024-10-26 12:42:17,128 DEBUG [main][DefaultSingletonBeanRegistry.java:225] - Creating shared instance of singleton bean 'org.springframework.boot.context.internalConfigurationPropertiesBinderFactory'
2024-10-26 12:42:17,129 DEBUG [main][DefaultSingletonBeanRegistry.java:225] - Creating shared instance of singleton bean 'configurationPropertiesBeans'
2024-10-26 12:42:17,129 DEBUG [main][DefaultSingletonBeanRegistry.java:225] - Creating shared instance of singleton bean 'configurationPropertiesBeans'
2024-10-26 12:42:17,132 DEBUG [main][DefaultSingletonBeanRegistry.java:225] - Creating shared instance of singleton bean 'bootstrapImportSelectorConfiguration'
2024-10-26 12:42:17,132 DEBUG [main][DefaultSingletonBeanRegistry.java:225] - Creating shared instance of singleton bean 'bootstrapImportSelectorConfiguration'
2024-10-26 12:42:17,132 DEBUG [main][DefaultSingletonBeanRegistry.java:225] - Creating shared instance of singleton bean 'org.springframework.cloud.bootstrap.config.PropertySourceBootstrapConfiguration'
2024-10-26 12:42:17,132 DEBUG [main][DefaultSingletonBeanRegistry.java:225] - Creating shared instance of singleton bean 'org.springframework.cloud.bootstrap.config.PropertySourceBootstrapConfiguration'
2024-10-26 12:42:17,135 DEBUG [main][DefaultSingletonBeanRegistry.java:225] - Creating shared instance of singleton bean 'org.springframework.boot.context.properties.BoundConfigurationProperties'
2024-10-26 12:42:17,135 DEBUG [main][DefaultSingletonBeanRegistry.java:225] - Creating shared instance of singleton bean 'org.springframework.boot.context.properties.BoundConfigurationProperties'
2024-10-26 12:42:17,135 DEBUG [main][DefaultSingletonBeanRegistry.java:225] - Creating shared instance of singleton bean 'org.springframework.boot.context.properties.ConfigurationBeanFactoryMetadata'
2024-10-26 12:42:17,135 DEBUG [main][DefaultSingletonBeanRegistry.java:225] - Creating shared instance of singleton bean 'org.springframework.boot.context.properties.ConfigurationBeanFactoryMetadata'
2024-10-26 12:42:17,136 DEBUG [main][DefaultSingletonBeanRegistry.java:225] - Creating shared instance of singleton bean 'spring.cloud.config-org.springframework.cloud.bootstrap.config.PropertySourceBootstrapProperties'
2024-10-26 12:42:17,136 DEBUG [main][DefaultSingletonBeanRegistry.java:225] - Creating shared instance of singleton bean 'spring.cloud.config-org.springframework.cloud.bootstrap.config.PropertySourceBootstrapProperties'
2024-10-26 12:42:17,140 DEBUG [main][DefaultSingletonBeanRegistry.java:225] - Creating shared instance of singleton bean 'org.springframework.cloud.bootstrap.encrypt.EncryptionBootstrapConfiguration'
2024-10-26 12:42:17,140 DEBUG [main][DefaultSingletonBeanRegistry.java:225] - Creating shared instance of singleton bean 'org.springframework.cloud.bootstrap.encrypt.EncryptionBootstrapConfiguration'
2024-10-26 12:42:17,141 DEBUG [main][DefaultSingletonBeanRegistry.java:225] - Creating shared instance of singleton bean 'encrypt-org.springframework.cloud.bootstrap.encrypt.KeyProperties'
2024-10-26 12:42:17,141 DEBUG [main][DefaultSingletonBeanRegistry.java:225] - Creating shared instance of singleton bean 'encrypt-org.springframework.cloud.bootstrap.encrypt.KeyProperties'
2024-10-26 12:42:17,142 DEBUG [main][DefaultSingletonBeanRegistry.java:225] - Creating shared instance of singleton bean 'environmentDecryptApplicationListener'
2024-10-26 12:42:17,142 DEBUG [main][DefaultSingletonBeanRegistry.java:225] - Creating shared instance of singleton bean 'environmentDecryptApplicationListener'
2024-10-26 12:42:17,142 DEBUG [main][DefaultSingletonBeanRegistry.java:225] - Creating shared instance of singleton bean 'org.springframework.cloud.autoconfigure.ConfigurationPropertiesRebinderAutoConfiguration'
2024-10-26 12:42:17,142 DEBUG [main][DefaultSingletonBeanRegistry.java:225] - Creating shared instance of singleton bean 'org.springframework.cloud.autoconfigure.ConfigurationPropertiesRebinderAutoConfiguration'
2024-10-26 12:42:17,143 DEBUG [main][DefaultSingletonBeanRegistry.java:225] - Creating shared instance of singleton bean 'configurationPropertiesRebinder'
2024-10-26 12:42:17,143 DEBUG [main][DefaultSingletonBeanRegistry.java:225] - Creating shared instance of singleton bean 'configurationPropertiesRebinder'
2024-10-26 12:42:17,144 DEBUG [main][ConstructorResolver.java:807] - Autowiring by type from bean name 'configurationPropertiesRebinder' via factory method to bean named 'configurationPropertiesBeans'
2024-10-26 12:42:17,144 DEBUG [main][ConstructorResolver.java:807] - Autowiring by type from bean name 'configurationPropertiesRebinder' via factory method to bean named 'configurationPropertiesBeans'
2024-10-26 12:42:17,146 DEBUG [main][DefaultSingletonBeanRegistry.java:225] - Creating shared instance of singleton bean 'org.springframework.boot.autoconfigure.context.PropertyPlaceholderAutoConfiguration'
2024-10-26 12:42:17,146 DEBUG [main][DefaultSingletonBeanRegistry.java:225] - Creating shared instance of singleton bean 'org.springframework.boot.autoconfigure.context.PropertyPlaceholderAutoConfiguration'
2024-10-26 12:42:17,147 DEBUG [main][DefaultSingletonBeanRegistry.java:225] - Creating shared instance of singleton bean 'org.springframework.cloud.util.random.CachedRandomPropertySourceAutoConfiguration'
2024-10-26 12:42:17,147 DEBUG [main][DefaultSingletonBeanRegistry.java:225] - Creating shared instance of singleton bean 'org.springframework.cloud.util.random.CachedRandomPropertySourceAutoConfiguration'
2024-10-26 12:42:17,153 DEBUG [main][ConditionEvaluationReportLoggingListener.java:126] - 


============================
CONDITIONS EVALUATION REPORT
============================


Positive matches:
-----------------

   ConfigurationPropertiesRebinderAutoConfiguration matched:
      - @ConditionalOnBean (types: org.springframework.boot.context.properties.ConfigurationPropertiesBindingPostProcessor; SearchStrategy: all) found bean 'org.springframework.boot.context.properties.ConfigurationPropertiesBindingPostProcessor' (OnBeanCondition)

   ConfigurationPropertiesRebinderAutoConfiguration#configurationPropertiesBeans matched:
      - @ConditionalOnMissingBean (types: org.springframework.cloud.context.properties.ConfigurationPropertiesBeans; SearchStrategy: current) did not find any beans (OnBeanCondition)

   ConfigurationPropertiesRebinderAutoConfiguration#configurationPropertiesRebinder matched:
      - @ConditionalOnMissingBean (types: org.springframework.cloud.context.properties.ConfigurationPropertiesRebinder; SearchStrategy: current) did not find any beans (OnBeanCondition)

   EncryptionBootstrapConfiguration matched:
      - @ConditionalOnClass found required class 'org.springframework.security.crypto.encrypt.TextEncryptor' (OnClassCondition)

   PropertyPlaceholderAutoConfiguration#propertySourcesPlaceholderConfigurer matched:
      - @ConditionalOnMissingBean (types: org.springframework.context.support.PropertySourcesPlaceholderConfigurer; SearchStrategy: current) did not find any beans (OnBeanCondition)


Negative matches:
-----------------

   EncryptionBootstrapConfiguration.RsaEncryptionConfiguration:
      Did not match:
         - @ConditionalOnClass did not find required class 'org.springframework.security.rsa.crypto.RsaSecretEncryptor' (OnClassCondition)

   EncryptionBootstrapConfiguration.VanillaEncryptionConfiguration:
      Did not match:
         - Keystore nor key found in Environment (EncryptionBootstrapConfiguration.KeyCondition)
      Matched:
         - @ConditionalOnMissingClass did not find unwanted class 'org.springframework.security.rsa.crypto.RsaSecretEncryptor' (OnClassCondition)


Exclusions:
-----------

    None


Unconditional classes:
----------------------

    None



2024-10-26 12:42:17,153 DEBUG [main][ConditionEvaluationReportLoggingListener.java:126] - 


============================
CONDITIONS EVALUATION REPORT
============================


Positive matches:
-----------------

   ConfigurationPropertiesRebinderAutoConfiguration matched:
      - @ConditionalOnBean (types: org.springframework.boot.context.properties.ConfigurationPropertiesBindingPostProcessor; SearchStrategy: all) found bean 'org.springframework.boot.context.properties.ConfigurationPropertiesBindingPostProcessor' (OnBeanCondition)

   ConfigurationPropertiesRebinderAutoConfiguration#configurationPropertiesBeans matched:
      - @ConditionalOnMissingBean (types: org.springframework.cloud.context.properties.ConfigurationPropertiesBeans; SearchStrategy: current) did not find any beans (OnBeanCondition)

   ConfigurationPropertiesRebinderAutoConfiguration#configurationPropertiesRebinder matched:
      - @ConditionalOnMissingBean (types: org.springframework.cloud.context.properties.ConfigurationPropertiesRebinder; SearchStrategy: current) did not find any beans (OnBeanCondition)

   EncryptionBootstrapConfiguration matched:
      - @ConditionalOnClass found required class 'org.springframework.security.crypto.encrypt.TextEncryptor' (OnClassCondition)

   PropertyPlaceholderAutoConfiguration#propertySourcesPlaceholderConfigurer matched:
      - @ConditionalOnMissingBean (types: org.springframework.context.support.PropertySourcesPlaceholderConfigurer; SearchStrategy: current) did not find any beans (OnBeanCondition)


Negative matches:
-----------------

   EncryptionBootstrapConfiguration.RsaEncryptionConfiguration:
      Did not match:
         - @ConditionalOnClass did not find required class 'org.springframework.security.rsa.crypto.RsaSecretEncryptor' (OnClassCondition)

   EncryptionBootstrapConfiguration.VanillaEncryptionConfiguration:
      Did not match:
         - Keystore nor key found in Environment (EncryptionBootstrapConfiguration.KeyCondition)
      Matched:
         - @ConditionalOnMissingClass did not find unwanted class 'org.springframework.security.rsa.crypto.RsaSecretEncryptor' (OnClassCondition)


Exclusions:
-----------

    None


Unconditional classes:
----------------------

    None



2024-10-26 12:42:17,153 DEBUG [main][PropertySourcesPropertyResolver.java:115] - Found key 'spring.liveBeansView.mbeanDomain' in PropertySource 'systemProperties' with value of type String
2024-10-26 12:42:17,153 DEBUG [main][PropertySourcesPropertyResolver.java:115] - Found key 'spring.liveBeansView.mbeanDomain' in PropertySource 'systemProperties' with value of type String
2024-10-26 12:42:17,182 DEBUG [main][ClasspathLoggingApplicationListener.java:51] - Application started with classpath: [file:/C:/Program%20Files/Java/jdk1.8.0_202/jre/lib/charsets.jar, file:/C:/Program%20Files/Java/jdk1.8.0_202/jre/lib/deploy.jar, file:/C:/Program%20Files/Java/jdk1.8.0_202/jre/lib/ext/access-bridge-64.jar, file:/C:/Program%20Files/Java/jdk1.8.0_202/jre/lib/ext/cldrdata.jar, file:/C:/Program%20Files/Java/jdk1.8.0_202/jre/lib/ext/dnsns.jar, file:/C:/Program%20Files/Java/jdk1.8.0_202/jre/lib/ext/jaccess.jar, file:/C:/Program%20Files/Java/jdk1.8.0_202/jre/lib/ext/jfxrt.jar, file:/C:/Program%20Files/Java/jdk1.8.0_202/jre/lib/ext/localedata.jar, file:/C:/Program%20Files/Java/jdk1.8.0_202/jre/lib/ext/nashorn.jar, file:/C:/Program%20Files/Java/jdk1.8.0_202/jre/lib/ext/sunec.jar, file:/C:/Program%20Files/Java/jdk1.8.0_202/jre/lib/ext/sunjce_provider.jar, file:/C:/Program%20Files/Java/jdk1.8.0_202/jre/lib/ext/sunmscapi.jar, file:/C:/Program%20Files/Java/jdk1.8.0_202/jre/lib/ext/sunpkcs11.jar, file:/C:/Program%20Files/Java/jdk1.8.0_202/jre/lib/ext/zipfs.jar, file:/C:/Program%20Files/Java/jdk1.8.0_202/jre/lib/javaws.jar, file:/C:/Program%20Files/Java/jdk1.8.0_202/jre/lib/jce.jar, file:/C:/Program%20Files/Java/jdk1.8.0_202/jre/lib/jfr.jar, file:/C:/Program%20Files/Java/jdk1.8.0_202/jre/lib/jfxswt.jar, file:/C:/Program%20Files/Java/jdk1.8.0_202/jre/lib/jsse.jar, file:/C:/Program%20Files/Java/jdk1.8.0_202/jre/lib/management-agent.jar, file:/C:/Program%20Files/Java/jdk1.8.0_202/jre/lib/plugin.jar, file:/C:/Program%20Files/Java/jdk1.8.0_202/jre/lib/resources.jar, file:/C:/Program%20Files/Java/jdk1.8.0_202/jre/lib/rt.jar, file:/D:/itcast2023/xc_edu3.1/code_402/xuecheng-plus-project/xuecheng-plus-content/xuecheng-plus-content-api/target/classes/, file:/D:/itcast2023/xc_edu3.1/code_402/xuecheng-plus-project/xuecheng-plus-content/xuecheng-plus-content-model/target/classes/, file:/D:/develop/repository/com/baomidou/mybatis-plus-annotation/3.4.1/mybatis-plus-annotation-3.4.1.jar, file:/D:/develop/repository/com/baomidou/mybatis-plus-core/3.4.1/mybatis-plus-core-3.4.1.jar, file:/D:/develop/repository/com/github/jsqlparser/jsqlparser/3.2/jsqlparser-3.2.jar, file:/D:/develop/repository/org/mybatis/mybatis/3.5.6/mybatis-3.5.6.jar, file:/D:/develop/repository/org/springframework/cloud/spring-cloud-context/2.2.6.RELEASE/spring-cloud-context-2.2.6.RELEASE.jar, file:/D:/develop/repository/org/springframework/security/spring-security-crypto/5.3.6.RELEASE/spring-security-crypto-5.3.6.RELEASE.jar, file:/D:/develop/repository/org/springframework/boot/spring-boot-starter-web/2.3.7.RELEASE/spring-boot-starter-web-2.3.7.RELEASE.jar, file:/D:/develop/repository/org/springframework/boot/spring-boot-starter-json/2.3.7.RELEASE/spring-boot-starter-json-2.3.7.RELEASE.jar, file:/D:/develop/repository/com/fasterxml/jackson/core/jackson-databind/2.11.3/jackson-databind-2.11.3.jar, file:/D:/develop/repository/org/springframework/boot/spring-boot-starter-tomcat/2.3.7.RELEASE/spring-boot-starter-tomcat-2.3.7.RELEASE.jar, file:/D:/develop/repository/org/apache/tomcat/embed/tomcat-embed-core/9.0.41/tomcat-embed-core-9.0.41.jar, file:/D:/develop/repository/org/apache/tomcat/embed/tomcat-embed-websocket/9.0.41/tomcat-embed-websocket-9.0.41.jar, file:/D:/develop/repository/org/springframework/spring-web/5.2.12.RELEASE/spring-web-5.2.12.RELEASE.jar, file:/D:/develop/repository/org/springframework/spring-beans/5.2.12.RELEASE/spring-beans-5.2.12.RELEASE.jar, file:/D:/develop/repository/org/springframework/spring-webmvc/5.2.12.RELEASE/spring-webmvc-5.2.12.RELEASE.jar, file:/D:/develop/repository/org/springframework/spring-aop/5.2.12.RELEASE/spring-aop-5.2.12.RELEASE.jar, file:/D:/develop/repository/org/springframework/spring-context/5.2.12.RELEASE/spring-context-5.2.12.RELEASE.jar, file:/D:/develop/repository/org/springframework/spring-expression/5.2.12.RELEASE/spring-expression-5.2.12.RELEASE.jar, file:/D:/develop/repository/org/springframework/boot/spring-boot-starter/2.3.7.RELEASE/spring-boot-starter-2.3.7.RELEASE.jar, file:/D:/develop/repository/org/springframework/boot/spring-boot/2.3.7.RELEASE/spring-boot-2.3.7.RELEASE.jar, file:/D:/develop/repository/org/springframework/boot/spring-boot-autoconfigure/2.3.7.RELEASE/spring-boot-autoconfigure-2.3.7.RELEASE.jar, file:/D:/develop/repository/jakarta/annotation/jakarta.annotation-api/1.3.5/jakarta.annotation-api-1.3.5.jar, file:/D:/develop/repository/org/springframework/spring-core/5.2.12.RELEASE/spring-core-5.2.12.RELEASE.jar, file:/D:/develop/repository/org/springframework/spring-jcl/5.2.12.RELEASE/spring-jcl-5.2.12.RELEASE.jar, file:/D:/develop/repository/org/yaml/snakeyaml/1.26/snakeyaml-1.26.jar, file:/D:/develop/repository/org/springframework/boot/spring-boot-starter-validation/2.3.7.RELEASE/spring-boot-starter-validation-2.3.7.RELEASE.jar, file:/D:/develop/repository/org/glassfish/jakarta.el/3.0.3/jakarta.el-3.0.3.jar, file:/D:/develop/repository/org/hibernate/validator/hibernate-validator/6.1.6.Final/hibernate-validator-6.1.6.Final.jar, file:/D:/develop/repository/jakarta/validation/jakarta.validation-api/2.0.2/jakarta.validation-api-2.0.2.jar, file:/D:/develop/repository/org/jboss/logging/jboss-logging/3.4.1.Final/jboss-logging-3.4.1.Final.jar, file:/D:/develop/repository/com/fasterxml/classmate/1.5.1/classmate-1.5.1.jar, file:/D:/develop/repository/org/springframework/boot/spring-boot-starter-log4j2/2.3.7.RELEASE/spring-boot-starter-log4j2-2.3.7.RELEASE.jar, file:/D:/develop/repository/org/apache/logging/log4j/log4j-slf4j-impl/2.13.3/log4j-slf4j-impl-2.13.3.jar, file:/D:/develop/repository/org/slf4j/slf4j-api/1.7.30/slf4j-api-1.7.30.jar, file:/D:/develop/repository/org/apache/logging/log4j/log4j-api/2.13.3/log4j-api-2.13.3.jar, file:/D:/develop/repository/org/apache/logging/log4j/log4j-core/2.13.3/log4j-core-2.13.3.jar, file:/D:/develop/repository/org/apache/logging/log4j/log4j-jul/2.13.3/log4j-jul-2.13.3.jar, file:/D:/develop/repository/org/slf4j/jul-to-slf4j/1.7.30/jul-to-slf4j-1.7.30.jar, file:/D:/develop/repository/com/spring4all/swagger-spring-boot-starter/1.9.0.RELEASE/swagger-spring-boot-starter-1.9.0.RELEASE.jar, file:/D:/develop/repository/io/springfox/springfox-swagger-ui/2.9.2/springfox-swagger-ui-2.9.2.jar, file:/D:/develop/repository/io/springfox/springfox-spring-web/2.9.2/springfox-spring-web-2.9.2.jar, file:/D:/develop/repository/io/springfox/springfox-swagger2/2.9.2/springfox-swagger2-2.9.2.jar, file:/D:/develop/repository/io/swagger/swagger-models/1.5.20/swagger-models-1.5.20.jar, file:/D:/develop/repository/io/springfox/springfox-spi/2.9.2/springfox-spi-2.9.2.jar, file:/D:/develop/repository/io/springfox/springfox-core/2.9.2/springfox-core-2.9.2.jar, file:/D:/develop/repository/net/bytebuddy/byte-buddy/1.10.18/byte-buddy-1.10.18.jar, file:/D:/develop/repository/io/springfox/springfox-schema/2.9.2/springfox-schema-2.9.2.jar, file:/D:/develop/repository/io/springfox/springfox-swagger-common/2.9.2/springfox-swagger-common-2.9.2.jar, file:/D:/develop/repository/com/google/guava/guava/25.0-jre/guava-25.0-jre.jar, file:/D:/develop/repository/com/google/code/findbugs/jsr305/1.3.9/jsr305-1.3.9.jar, file:/D:/develop/repository/org/checkerframework/checker-compat-qual/2.0.0/checker-compat-qual-2.0.0.jar, file:/D:/develop/repository/com/google/errorprone/error_prone_annotations/2.1.3/error_prone_annotations-2.1.3.jar, file:/D:/develop/repository/com/google/j2objc/j2objc-annotations/1.1/j2objc-annotations-1.1.jar, file:/D:/develop/repository/org/codehaus/mojo/animal-sniffer-annotations/1.14/animal-sniffer-annotations-1.14.jar, file:/D:/develop/repository/org/springframework/plugin/spring-plugin-core/1.2.0.RELEASE/spring-plugin-core-1.2.0.RELEASE.jar, file:/D:/develop/repository/org/springframework/plugin/spring-plugin-metadata/1.2.0.RELEASE/spring-plugin-metadata-1.2.0.RELEASE.jar, file:/D:/develop/repository/org/mapstruct/mapstruct/1.2.0.Final/mapstruct-1.2.0.Final.jar, file:/D:/develop/repository/io/springfox/springfox-bean-validators/2.9.2/springfox-bean-validators-2.9.2.jar, file:/D:/itcast2023/xc_edu3.1/code_402/xuecheng-plus-project/xuecheng-plus-base/target/classes/, file:/D:/develop/repository/org/projectlombok/lombok/1.18.8/lombok-1.18.8.jar, file:/D:/develop/repository/org/apache/commons/commons-lang3/3.10/commons-lang3-3.10.jar, file:/D:/develop/repository/com/alibaba/fastjson/1.2.83/fastjson-1.2.83.jar, file:/D:/develop/repository/commons-lang/commons-lang/2.6/commons-lang-2.6.jar, file:/D:/develop/repository/commons-codec/commons-codec/1.14/commons-codec-1.14.jar, file:/D:/develop/repository/io/swagger/swagger-annotations/1.5.20/swagger-annotations-1.5.20.jar, file:/D:/develop/repository/com/j256/simplemagic/simplemagic/1.17/simplemagic-1.17.jar, file:/D:/develop/repository/com/google/zxing/core/3.3.3/core-3.3.3.jar, file:/D:/develop/repository/com/google/zxing/javase/3.3.3/javase-3.3.3.jar, file:/D:/develop/repository/com/beust/jcommander/1.72/jcommander-1.72.jar, file:/D:/develop/repository/com/github/jai-imageio/jai-imageio-core/1.4.0/jai-imageio-core-1.4.0.jar, file:/D:/develop/repository/com/fasterxml/jackson/module/jackson-module-parameter-names/2.11.3/jackson-module-parameter-names-2.11.3.jar, file:/D:/develop/repository/com/fasterxml/jackson/core/jackson-core/2.11.3/jackson-core-2.11.3.jar, file:/D:/develop/repository/com/fasterxml/jackson/datatype/jackson-datatype-jdk8/2.11.3/jackson-datatype-jdk8-2.11.3.jar, file:/D:/develop/repository/com/fasterxml/jackson/datatype/jackson-datatype-jsr310/2.11.3/jackson-datatype-jsr310-2.11.3.jar, file:/D:/develop/repository/com/fasterxml/jackson/core/jackson-annotations/2.11.3/jackson-annotations-2.11.3.jar, file:/D:/IntelliJ%20IDEA%202022.2.3/lib/idea_rt.jar]
2024-10-26 12:42:17,182 DEBUG [main][ClasspathLoggingApplicationListener.java:51] - Application started with classpath: [file:/C:/Program%20Files/Java/jdk1.8.0_202/jre/lib/charsets.jar, file:/C:/Program%20Files/Java/jdk1.8.0_202/jre/lib/deploy.jar, file:/C:/Program%20Files/Java/jdk1.8.0_202/jre/lib/ext/access-bridge-64.jar, file:/C:/Program%20Files/Java/jdk1.8.0_202/jre/lib/ext/cldrdata.jar, file:/C:/Program%20Files/Java/jdk1.8.0_202/jre/lib/ext/dnsns.jar, file:/C:/Program%20Files/Java/jdk1.8.0_202/jre/lib/ext/jaccess.jar, file:/C:/Program%20Files/Java/jdk1.8.0_202/jre/lib/ext/jfxrt.jar, file:/C:/Program%20Files/Java/jdk1.8.0_202/jre/lib/ext/localedata.jar, file:/C:/Program%20Files/Java/jdk1.8.0_202/jre/lib/ext/nashorn.jar, file:/C:/Program%20Files/Java/jdk1.8.0_202/jre/lib/ext/sunec.jar, file:/C:/Program%20Files/Java/jdk1.8.0_202/jre/lib/ext/sunjce_provider.jar, file:/C:/Program%20Files/Java/jdk1.8.0_202/jre/lib/ext/sunmscapi.jar, file:/C:/Program%20Files/Java/jdk1.8.0_202/jre/lib/ext/sunpkcs11.jar, file:/C:/Program%20Files/Java/jdk1.8.0_202/jre/lib/ext/zipfs.jar, file:/C:/Program%20Files/Java/jdk1.8.0_202/jre/lib/javaws.jar, file:/C:/Program%20Files/Java/jdk1.8.0_202/jre/lib/jce.jar, file:/C:/Program%20Files/Java/jdk1.8.0_202/jre/lib/jfr.jar, file:/C:/Program%20Files/Java/jdk1.8.0_202/jre/lib/jfxswt.jar, file:/C:/Program%20Files/Java/jdk1.8.0_202/jre/lib/jsse.jar, file:/C:/Program%20Files/Java/jdk1.8.0_202/jre/lib/management-agent.jar, file:/C:/Program%20Files/Java/jdk1.8.0_202/jre/lib/plugin.jar, file:/C:/Program%20Files/Java/jdk1.8.0_202/jre/lib/resources.jar, file:/C:/Program%20Files/Java/jdk1.8.0_202/jre/lib/rt.jar, file:/D:/itcast2023/xc_edu3.1/code_402/xuecheng-plus-project/xuecheng-plus-content/xuecheng-plus-content-api/target/classes/, file:/D:/itcast2023/xc_edu3.1/code_402/xuecheng-plus-project/xuecheng-plus-content/xuecheng-plus-content-model/target/classes/, file:/D:/develop/repository/com/baomidou/mybatis-plus-annotation/3.4.1/mybatis-plus-annotation-3.4.1.jar, file:/D:/develop/repository/com/baomidou/mybatis-plus-core/3.4.1/mybatis-plus-core-3.4.1.jar, file:/D:/develop/repository/com/github/jsqlparser/jsqlparser/3.2/jsqlparser-3.2.jar, file:/D:/develop/repository/org/mybatis/mybatis/3.5.6/mybatis-3.5.6.jar, file:/D:/develop/repository/org/springframework/cloud/spring-cloud-context/2.2.6.RELEASE/spring-cloud-context-2.2.6.RELEASE.jar, file:/D:/develop/repository/org/springframework/security/spring-security-crypto/5.3.6.RELEASE/spring-security-crypto-5.3.6.RELEASE.jar, file:/D:/develop/repository/org/springframework/boot/spring-boot-starter-web/2.3.7.RELEASE/spring-boot-starter-web-2.3.7.RELEASE.jar, file:/D:/develop/repository/org/springframework/boot/spring-boot-starter-json/2.3.7.RELEASE/spring-boot-starter-json-2.3.7.RELEASE.jar, file:/D:/develop/repository/com/fasterxml/jackson/core/jackson-databind/2.11.3/jackson-databind-2.11.3.jar, file:/D:/develop/repository/org/springframework/boot/spring-boot-starter-tomcat/2.3.7.RELEASE/spring-boot-starter-tomcat-2.3.7.RELEASE.jar, file:/D:/develop/repository/org/apache/tomcat/embed/tomcat-embed-core/9.0.41/tomcat-embed-core-9.0.41.jar, file:/D:/develop/repository/org/apache/tomcat/embed/tomcat-embed-websocket/9.0.41/tomcat-embed-websocket-9.0.41.jar, file:/D:/develop/repository/org/springframework/spring-web/5.2.12.RELEASE/spring-web-5.2.12.RELEASE.jar, file:/D:/develop/repository/org/springframework/spring-beans/5.2.12.RELEASE/spring-beans-5.2.12.RELEASE.jar, file:/D:/develop/repository/org/springframework/spring-webmvc/5.2.12.RELEASE/spring-webmvc-5.2.12.RELEASE.jar, file:/D:/develop/repository/org/springframework/spring-aop/5.2.12.RELEASE/spring-aop-5.2.12.RELEASE.jar, file:/D:/develop/repository/org/springframework/spring-context/5.2.12.RELEASE/spring-context-5.2.12.RELEASE.jar, file:/D:/develop/repository/org/springframework/spring-expression/5.2.12.RELEASE/spring-expression-5.2.12.RELEASE.jar, file:/D:/develop/repository/org/springframework/boot/spring-boot-starter/2.3.7.RELEASE/spring-boot-starter-2.3.7.RELEASE.jar, file:/D:/develop/repository/org/springframework/boot/spring-boot/2.3.7.RELEASE/spring-boot-2.3.7.RELEASE.jar, file:/D:/develop/repository/org/springframework/boot/spring-boot-autoconfigure/2.3.7.RELEASE/spring-boot-autoconfigure-2.3.7.RELEASE.jar, file:/D:/develop/repository/jakarta/annotation/jakarta.annotation-api/1.3.5/jakarta.annotation-api-1.3.5.jar, file:/D:/develop/repository/org/springframework/spring-core/5.2.12.RELEASE/spring-core-5.2.12.RELEASE.jar, file:/D:/develop/repository/org/springframework/spring-jcl/5.2.12.RELEASE/spring-jcl-5.2.12.RELEASE.jar, file:/D:/develop/repository/org/yaml/snakeyaml/1.26/snakeyaml-1.26.jar, file:/D:/develop/repository/org/springframework/boot/spring-boot-starter-validation/2.3.7.RELEASE/spring-boot-starter-validation-2.3.7.RELEASE.jar, file:/D:/develop/repository/org/glassfish/jakarta.el/3.0.3/jakarta.el-3.0.3.jar, file:/D:/develop/repository/org/hibernate/validator/hibernate-validator/6.1.6.Final/hibernate-validator-6.1.6.Final.jar, file:/D:/develop/repository/jakarta/validation/jakarta.validation-api/2.0.2/jakarta.validation-api-2.0.2.jar, file:/D:/develop/repository/org/jboss/logging/jboss-logging/3.4.1.Final/jboss-logging-3.4.1.Final.jar, file:/D:/develop/repository/com/fasterxml/classmate/1.5.1/classmate-1.5.1.jar, file:/D:/develop/repository/org/springframework/boot/spring-boot-starter-log4j2/2.3.7.RELEASE/spring-boot-starter-log4j2-2.3.7.RELEASE.jar, file:/D:/develop/repository/org/apache/logging/log4j/log4j-slf4j-impl/2.13.3/log4j-slf4j-impl-2.13.3.jar, file:/D:/develop/repository/org/slf4j/slf4j-api/1.7.30/slf4j-api-1.7.30.jar, file:/D:/develop/repository/org/apache/logging/log4j/log4j-api/2.13.3/log4j-api-2.13.3.jar, file:/D:/develop/repository/org/apache/logging/log4j/log4j-core/2.13.3/log4j-core-2.13.3.jar, file:/D:/develop/repository/org/apache/logging/log4j/log4j-jul/2.13.3/log4j-jul-2.13.3.jar, file:/D:/develop/repository/org/slf4j/jul-to-slf4j/1.7.30/jul-to-slf4j-1.7.30.jar, file:/D:/develop/repository/com/spring4all/swagger-spring-boot-starter/1.9.0.RELEASE/swagger-spring-boot-starter-1.9.0.RELEASE.jar, file:/D:/develop/repository/io/springfox/springfox-swagger-ui/2.9.2/springfox-swagger-ui-2.9.2.jar, file:/D:/develop/repository/io/springfox/springfox-spring-web/2.9.2/springfox-spring-web-2.9.2.jar, file:/D:/develop/repository/io/springfox/springfox-swagger2/2.9.2/springfox-swagger2-2.9.2.jar, file:/D:/develop/repository/io/swagger/swagger-models/1.5.20/swagger-models-1.5.20.jar, file:/D:/develop/repository/io/springfox/springfox-spi/2.9.2/springfox-spi-2.9.2.jar, file:/D:/develop/repository/io/springfox/springfox-core/2.9.2/springfox-core-2.9.2.jar, file:/D:/develop/repository/net/bytebuddy/byte-buddy/1.10.18/byte-buddy-1.10.18.jar, file:/D:/develop/repository/io/springfox/springfox-schema/2.9.2/springfox-schema-2.9.2.jar, file:/D:/develop/repository/io/springfox/springfox-swagger-common/2.9.2/springfox-swagger-common-2.9.2.jar, file:/D:/develop/repository/com/google/guava/guava/25.0-jre/guava-25.0-jre.jar, file:/D:/develop/repository/com/google/code/findbugs/jsr305/1.3.9/jsr305-1.3.9.jar, file:/D:/develop/repository/org/checkerframework/checker-compat-qual/2.0.0/checker-compat-qual-2.0.0.jar, file:/D:/develop/repository/com/google/errorprone/error_prone_annotations/2.1.3/error_prone_annotations-2.1.3.jar, file:/D:/develop/repository/com/google/j2objc/j2objc-annotations/1.1/j2objc-annotations-1.1.jar, file:/D:/develop/repository/org/codehaus/mojo/animal-sniffer-annotations/1.14/animal-sniffer-annotations-1.14.jar, file:/D:/develop/repository/org/springframework/plugin/spring-plugin-core/1.2.0.RELEASE/spring-plugin-core-1.2.0.RELEASE.jar, file:/D:/develop/repository/org/springframework/plugin/spring-plugin-metadata/1.2.0.RELEASE/spring-plugin-metadata-1.2.0.RELEASE.jar, file:/D:/develop/repository/org/mapstruct/mapstruct/1.2.0.Final/mapstruct-1.2.0.Final.jar, file:/D:/develop/repository/io/springfox/springfox-bean-validators/2.9.2/springfox-bean-validators-2.9.2.jar, file:/D:/itcast2023/xc_edu3.1/code_402/xuecheng-plus-project/xuecheng-plus-base/target/classes/, file:/D:/develop/repository/org/projectlombok/lombok/1.18.8/lombok-1.18.8.jar, file:/D:/develop/repository/org/apache/commons/commons-lang3/3.10/commons-lang3-3.10.jar, file:/D:/develop/repository/com/alibaba/fastjson/1.2.83/fastjson-1.2.83.jar, file:/D:/develop/repository/commons-lang/commons-lang/2.6/commons-lang-2.6.jar, file:/D:/develop/repository/commons-codec/commons-codec/1.14/commons-codec-1.14.jar, file:/D:/develop/repository/io/swagger/swagger-annotations/1.5.20/swagger-annotations-1.5.20.jar, file:/D:/develop/repository/com/j256/simplemagic/simplemagic/1.17/simplemagic-1.17.jar, file:/D:/develop/repository/com/google/zxing/core/3.3.3/core-3.3.3.jar, file:/D:/develop/repository/com/google/zxing/javase/3.3.3/javase-3.3.3.jar, file:/D:/develop/repository/com/beust/jcommander/1.72/jcommander-1.72.jar, file:/D:/develop/repository/com/github/jai-imageio/jai-imageio-core/1.4.0/jai-imageio-core-1.4.0.jar, file:/D:/develop/repository/com/fasterxml/jackson/module/jackson-module-parameter-names/2.11.3/jackson-module-parameter-names-2.11.3.jar, file:/D:/develop/repository/com/fasterxml/jackson/core/jackson-core/2.11.3/jackson-core-2.11.3.jar, file:/D:/develop/repository/com/fasterxml/jackson/datatype/jackson-datatype-jdk8/2.11.3/jackson-datatype-jdk8-2.11.3.jar, file:/D:/develop/repository/com/fasterxml/jackson/datatype/jackson-datatype-jsr310/2.11.3/jackson-datatype-jsr310-2.11.3.jar, file:/D:/develop/repository/com/fasterxml/jackson/core/jackson-annotations/2.11.3/jackson-annotations-2.11.3.jar, file:/D:/IntelliJ%20IDEA%202022.2.3/lib/idea_rt.jar]
2024-10-26 12:42:17,189 INFO [main][SpringApplication.java:651] - No active profile set, falling back to default profiles: default
2024-10-26 12:42:17,189 INFO [main][SpringApplication.java:651] - No active profile set, falling back to default profiles: default
2024-10-26 12:42:17,189 DEBUG [main][SpringApplication.java:679] - Loading source class com.xuecheng.ContentApplication,class org.springframework.cloud.bootstrap.BootstrapApplicationListener$BootstrapMarkerConfiguration
2024-10-26 12:42:17,189 DEBUG [main][SpringApplication.java:679] - Loading source class com.xuecheng.ContentApplication,class org.springframework.cloud.bootstrap.BootstrapApplicationListener$BootstrapMarkerConfiguration
2024-10-26 12:42:17,195 DEBUG [main][AbstractApplicationContext.java:596] - Refreshing org.springframework.boot.web.servlet.context.AnnotationConfigServletWebServerApplicationContext@14dda234
2024-10-26 12:42:17,195 DEBUG [main][AbstractApplicationContext.java:596] - Refreshing org.springframework.boot.web.servlet.context.AnnotationConfigServletWebServerApplicationContext@14dda234
2024-10-26 12:42:17,197 DEBUG [main][DefaultSingletonBeanRegistry.java:225] - Creating shared instance of singleton bean 'org.springframework.context.annotation.internalConfigurationAnnotationProcessor'
2024-10-26 12:42:17,197 DEBUG [main][DefaultSingletonBeanRegistry.java:225] - Creating shared instance of singleton bean 'org.springframework.context.annotation.internalConfigurationAnnotationProcessor'
2024-10-26 12:42:17,198 DEBUG [main][DefaultSingletonBeanRegistry.java:225] - Creating shared instance of singleton bean 'org.springframework.boot.autoconfigure.internalCachingMetadataReaderFactory'
2024-10-26 12:42:17,198 DEBUG [main][DefaultSingletonBeanRegistry.java:225] - Creating shared instance of singleton bean 'org.springframework.boot.autoconfigure.internalCachingMetadataReaderFactory'
2024-10-26 12:42:17,208 DEBUG [main][ClassPathScanningCandidateComponentProvider.java:435] - Identified candidate component class: file [D:\itcast2023\xc_edu3.1\code_402\xuecheng-plus-project\xuecheng-plus-content\xuecheng-plus-content-api\target\classes\com\xuecheng\content\api\CourseBaseInfoController.class]
2024-10-26 12:42:17,208 DEBUG [main][ClassPathScanningCandidateComponentProvider.java:435] - Identified candidate component class: file [D:\itcast2023\xc_edu3.1\code_402\xuecheng-plus-project\xuecheng-plus-content\xuecheng-plus-content-api\target\classes\com\xuecheng\content\api\CourseBaseInfoController.class]
2024-10-26 12:42:17,260 DEBUG [main][PropertySourcesPropertyResolver.java:115] - Found key 'spring.jmx.enabled' in PropertySource 'configurationProperties' with value of type String
2024-10-26 12:42:17,260 DEBUG [main][PropertySourcesPropertyResolver.java:115] - Found key 'spring.jmx.enabled' in PropertySource 'configurationProperties' with value of type String
2024-10-26 12:42:17,260 DEBUG [main][PropertySourcesPropertyResolver.java:115] - Found key 'spring.application.admin.enabled' in PropertySource 'configurationProperties' with value of type String
2024-10-26 12:42:17,260 DEBUG [main][PropertySourcesPropertyResolver.java:115] - Found key 'spring.application.admin.enabled' in PropertySource 'configurationProperties' with value of type String
2024-10-26 12:42:17,313 DEBUG [main][PropertySourcesPropertyResolver.java:115] - Found key 'spring.jmx.enabled' in PropertySource 'configurationProperties' with value of type String
2024-10-26 12:42:17,313 DEBUG [main][PropertySourcesPropertyResolver.java:115] - Found key 'spring.jmx.enabled' in PropertySource 'configurationProperties' with value of type String
2024-10-26 12:42:17,315 DEBUG [main][PropertySourcesPropertyResolver.java:115] - Found key 'spring.application.admin.enabled' in PropertySource 'configurationProperties' with value of type String
2024-10-26 12:42:17,315 DEBUG [main][PropertySourcesPropertyResolver.java:115] - Found key 'spring.application.admin.enabled' in PropertySource 'configurationProperties' with value of type String
2024-10-26 12:42:17,337 DEBUG [main][DefaultSingletonBeanRegistry.java:225] - Creating shared instance of singleton bean 'refreshScope'
2024-10-26 12:42:17,337 DEBUG [main][DefaultSingletonBeanRegistry.java:225] - Creating shared instance of singleton bean 'refreshScope'
2024-10-26 12:42:17,337 DEBUG [main][DefaultSingletonBeanRegistry.java:225] - Creating shared instance of singleton bean 'org.springframework.cloud.autoconfigure.RefreshAutoConfiguration$RefreshScopeBeanDefinitionEnhancer'
2024-10-26 12:42:17,337 DEBUG [main][DefaultSingletonBeanRegistry.java:225] - Creating shared instance of singleton bean 'org.springframework.cloud.autoconfigure.RefreshAutoConfiguration$RefreshScopeBeanDefinitionEnhancer'
2024-10-26 12:42:17,356 DEBUG [main][GenericScope.java:291] - Generating bean factory id from names: [applicationAvailability, applicationTaskExecutor, basicErrorController, beanNameHandlerMapping, beanNameViewResolver, bootstrapApplicationListener.BootstrapMarkerConfiguration, characterEncodingFilter, configurationPropertiesBeans, configurationPropertiesRebinder, contentApplication, contextRefresher, conventionErrorViewResolver, courseBaseInfoController, defaultServletHandlerMapping, defaultValidator, defaultViewResolver, dispatcherServlet, dispatcherServletRegistration, environmentManager, error, errorAttributes, errorPageCustomizer, errorPageRegistrarBeanPostProcessor, formContentFilter, handlerExceptionResolver, handlerFunctionAdapter, httpRequestHandlerAdapter, jacksonObjectMapper, jacksonObjectMapperBuilder, jsonComponentModule, lifecycleProcessor, localeCharsetMappingsCustomizer, loggingRebinder, mappingJackson2HttpMessageConverter, mbeanExporter, mbeanServer, messageConverters, methodValidationPostProcessor, multipartConfigElement, multipartResolver, mvcContentNegotiationManager, mvcConversionService, mvcHandlerMappingIntrospector, mvcPathMatcher, mvcResourceUrlProvider, mvcUriComponentsContributor, mvcUrlPathHelper, mvcValidator, mvcViewResolver, objectNamingStrategy, org.springframework.boot.autoconfigure.AutoConfigurationPackages, org.springframework.boot.autoconfigure.admin.SpringApplicationAdminJmxAutoConfiguration, org.springframework.boot.autoconfigure.aop.AopAutoConfiguration, org.springframework.boot.autoconfigure.aop.AopAutoConfiguration$ClassProxyingConfiguration, org.springframework.boot.autoconfigure.availability.ApplicationAvailabilityAutoConfiguration, org.springframework.boot.autoconfigure.context.ConfigurationPropertiesAutoConfiguration, org.springframework.boot.autoconfigure.context.LifecycleAutoConfiguration, org.springframework.boot.autoconfigure.context.PropertyPlaceholderAutoConfiguration, org.springframework.boot.autoconfigure.http.HttpMessageConvertersAutoConfiguration, org.springframework.boot.autoconfigure.http.HttpMessageConvertersAutoConfiguration$StringHttpMessageConverterConfiguration, org.springframework.boot.autoconfigure.http.JacksonHttpMessageConvertersConfiguration, org.springframework.boot.autoconfigure.http.JacksonHttpMessageConvertersConfiguration$MappingJackson2HttpMessageConverterConfiguration, org.springframework.boot.autoconfigure.info.ProjectInfoAutoConfiguration, org.springframework.boot.autoconfigure.internalCachingMetadataReaderFactory, org.springframework.boot.autoconfigure.jackson.JacksonAutoConfiguration, org.springframework.boot.autoconfigure.jackson.JacksonAutoConfiguration$Jackson2ObjectMapperBuilderCustomizerConfiguration, org.springframework.boot.autoconfigure.jackson.JacksonAutoConfiguration$JacksonObjectMapperBuilderConfiguration, org.springframework.boot.autoconfigure.jackson.JacksonAutoConfiguration$JacksonObjectMapperConfiguration, org.springframework.boot.autoconfigure.jackson.JacksonAutoConfiguration$ParameterNamesModuleConfiguration, org.springframework.boot.autoconfigure.jmx.JmxAutoConfiguration, org.springframework.boot.autoconfigure.task.TaskExecutionAutoConfiguration, org.springframework.boot.autoconfigure.task.TaskSchedulingAutoConfiguration, org.springframework.boot.autoconfigure.validation.ValidationAutoConfiguration, org.springframework.boot.autoconfigure.web.client.RestTemplateAutoConfiguration, org.springframework.boot.autoconfigure.web.embedded.EmbeddedWebServerFactoryCustomizerAutoConfiguration, org.springframework.boot.autoconfigure.web.embedded.EmbeddedWebServerFactoryCustomizerAutoConfiguration$TomcatWebServerFactoryCustomizerConfiguration, org.springframework.boot.autoconfigure.web.servlet.DispatcherServletAutoConfiguration, org.springframework.boot.autoconfigure.web.servlet.DispatcherServletAutoConfiguration$DispatcherServletConfiguration, org.springframework.boot.autoconfigure.web.servlet.DispatcherServletAutoConfiguration$DispatcherServletRegistrationConfiguration, org.springframework.boot.autoconfigure.web.servlet.HttpEncodingAutoConfiguration, org.springframework.boot.autoconfigure.web.servlet.MultipartAutoConfiguration, org.springframework.boot.autoconfigure.web.servlet.ServletWebServerFactoryAutoConfiguration, org.springframework.boot.autoconfigure.web.servlet.ServletWebServerFactoryConfiguration$EmbeddedTomcat, org.springframework.boot.autoconfigure.web.servlet.WebMvcAutoConfiguration, org.springframework.boot.autoconfigure.web.servlet.WebMvcAutoConfiguration$EnableWebMvcConfiguration, org.springframework.boot.autoconfigure.web.servlet.WebMvcAutoConfiguration$WebMvcAutoConfigurationAdapter, org.springframework.boot.autoconfigure.web.servlet.error.ErrorMvcAutoConfiguration, org.springframework.boot.autoconfigure.web.servlet.error.ErrorMvcAutoConfiguration$DefaultErrorViewResolverConfiguration, org.springframework.boot.autoconfigure.web.servlet.error.ErrorMvcAutoConfiguration$WhitelabelErrorViewConfiguration, org.springframework.boot.autoconfigure.websocket.servlet.WebSocketServletAutoConfiguration, org.springframework.boot.autoconfigure.websocket.servlet.WebSocketServletAutoConfiguration$TomcatWebSocketConfiguration, org.springframework.boot.context.internalConfigurationPropertiesBinder, org.springframework.boot.context.internalConfigurationPropertiesBinderFactory, org.springframework.boot.context.properties.BoundConfigurationProperties, org.springframework.boot.context.properties.ConfigurationBeanFactoryMetadata, org.springframework.boot.context.properties.ConfigurationPropertiesBindingPostProcessor, org.springframework.cloud.autoconfigure.ConfigurationPropertiesRebinderAutoConfiguration, org.springframework.cloud.autoconfigure.LifecycleMvcEndpointAutoConfiguration, org.springframework.cloud.autoconfigure.RefreshAutoConfiguration, org.springframework.cloud.autoconfigure.RefreshAutoConfiguration$RefreshScopeBeanDefinitionEnhancer, org.springframework.context.annotation.internalAutowiredAnnotationProcessor, org.springframework.context.annotation.internalCommonAnnotationProcessor, org.springframework.context.annotation.internalConfigurationAnnotationProcessor, org.springframework.context.event.internalEventListenerFactory, org.springframework.context.event.internalEventListenerProcessor, parameterNamesModule, preserveErrorControllerTargetClassPostProcessor, propertySourcesPlaceholderConfigurer, refreshEventListener, refreshScope, requestContextFilter, requestMappingHandlerAdapter, requestMappingHandlerMapping, resourceHandlerMapping, restTemplateBuilder, routerFunctionMapping, server-org.springframework.boot.autoconfigure.web.ServerProperties, servletWebServerFactoryCustomizer, simpleControllerHandlerAdapter, spring.info-org.springframework.boot.autoconfigure.info.ProjectInfoProperties, spring.jackson-org.springframework.boot.autoconfigure.jackson.JacksonProperties, spring.lifecycle-org.springframework.boot.autoconfigure.context.LifecycleProperties, spring.mvc-org.springframework.boot.autoconfigure.web.servlet.WebMvcProperties, spring.resources-org.springframework.boot.autoconfigure.web.ResourceProperties, spring.servlet.multipart-org.springframework.boot.autoconfigure.web.servlet.MultipartProperties, spring.task.execution-org.springframework.boot.autoconfigure.task.TaskExecutionProperties, spring.task.scheduling-org.springframework.boot.autoconfigure.task.TaskSchedulingProperties, springApplicationAdminRegistrar, standardJacksonObjectMapperBuilderCustomizer, stringHttpMessageConverter, taskExecutorBuilder, taskSchedulerBuilder, tomcatServletWebServerFactory, tomcatServletWebServerFactoryCustomizer, tomcatWebServerFactoryCustomizer, viewControllerHandlerMapping, viewResolver, webServerFactoryCustomizerBeanPostProcessor, websocketServletWebServerCustomizer, welcomePageHandlerMapping]
2024-10-26 12:42:17,356 DEBUG [main][GenericScope.java:291] - Generating bean factory id from names: [applicationAvailability, applicationTaskExecutor, basicErrorController, beanNameHandlerMapping, beanNameViewResolver, bootstrapApplicationListener.BootstrapMarkerConfiguration, characterEncodingFilter, configurationPropertiesBeans, configurationPropertiesRebinder, contentApplication, contextRefresher, conventionErrorViewResolver, courseBaseInfoController, defaultServletHandlerMapping, defaultValidator, defaultViewResolver, dispatcherServlet, dispatcherServletRegistration, environmentManager, error, errorAttributes, errorPageCustomizer, errorPageRegistrarBeanPostProcessor, formContentFilter, handlerExceptionResolver, handlerFunctionAdapter, httpRequestHandlerAdapter, jacksonObjectMapper, jacksonObjectMapperBuilder, jsonComponentModule, lifecycleProcessor, localeCharsetMappingsCustomizer, loggingRebinder, mappingJackson2HttpMessageConverter, mbeanExporter, mbeanServer, messageConverters, methodValidationPostProcessor, multipartConfigElement, multipartResolver, mvcContentNegotiationManager, mvcConversionService, mvcHandlerMappingIntrospector, mvcPathMatcher, mvcResourceUrlProvider, mvcUriComponentsContributor, mvcUrlPathHelper, mvcValidator, mvcViewResolver, objectNamingStrategy, org.springframework.boot.autoconfigure.AutoConfigurationPackages, org.springframework.boot.autoconfigure.admin.SpringApplicationAdminJmxAutoConfiguration, org.springframework.boot.autoconfigure.aop.AopAutoConfiguration, org.springframework.boot.autoconfigure.aop.AopAutoConfiguration$ClassProxyingConfiguration, org.springframework.boot.autoconfigure.availability.ApplicationAvailabilityAutoConfiguration, org.springframework.boot.autoconfigure.context.ConfigurationPropertiesAutoConfiguration, org.springframework.boot.autoconfigure.context.LifecycleAutoConfiguration, org.springframework.boot.autoconfigure.context.PropertyPlaceholderAutoConfiguration, org.springframework.boot.autoconfigure.http.HttpMessageConvertersAutoConfiguration, org.springframework.boot.autoconfigure.http.HttpMessageConvertersAutoConfiguration$StringHttpMessageConverterConfiguration, org.springframework.boot.autoconfigure.http.JacksonHttpMessageConvertersConfiguration, org.springframework.boot.autoconfigure.http.JacksonHttpMessageConvertersConfiguration$MappingJackson2HttpMessageConverterConfiguration, org.springframework.boot.autoconfigure.info.ProjectInfoAutoConfiguration, org.springframework.boot.autoconfigure.internalCachingMetadataReaderFactory, org.springframework.boot.autoconfigure.jackson.JacksonAutoConfiguration, org.springframework.boot.autoconfigure.jackson.JacksonAutoConfiguration$Jackson2ObjectMapperBuilderCustomizerConfiguration, org.springframework.boot.autoconfigure.jackson.JacksonAutoConfiguration$JacksonObjectMapperBuilderConfiguration, org.springframework.boot.autoconfigure.jackson.JacksonAutoConfiguration$JacksonObjectMapperConfiguration, org.springframework.boot.autoconfigure.jackson.JacksonAutoConfiguration$ParameterNamesModuleConfiguration, org.springframework.boot.autoconfigure.jmx.JmxAutoConfiguration, org.springframework.boot.autoconfigure.task.TaskExecutionAutoConfiguration, org.springframework.boot.autoconfigure.task.TaskSchedulingAutoConfiguration, org.springframework.boot.autoconfigure.validation.ValidationAutoConfiguration, org.springframework.boot.autoconfigure.web.client.RestTemplateAutoConfiguration, org.springframework.boot.autoconfigure.web.embedded.EmbeddedWebServerFactoryCustomizerAutoConfiguration, org.springframework.boot.autoconfigure.web.embedded.EmbeddedWebServerFactoryCustomizerAutoConfiguration$TomcatWebServerFactoryCustomizerConfiguration, org.springframework.boot.autoconfigure.web.servlet.DispatcherServletAutoConfiguration, org.springframework.boot.autoconfigure.web.servlet.DispatcherServletAutoConfiguration$DispatcherServletConfiguration, org.springframework.boot.autoconfigure.web.servlet.DispatcherServletAutoConfiguration$DispatcherServletRegistrationConfiguration, org.springframework.boot.autoconfigure.web.servlet.HttpEncodingAutoConfiguration, org.springframework.boot.autoconfigure.web.servlet.MultipartAutoConfiguration, org.springframework.boot.autoconfigure.web.servlet.ServletWebServerFactoryAutoConfiguration, org.springframework.boot.autoconfigure.web.servlet.ServletWebServerFactoryConfiguration$EmbeddedTomcat, org.springframework.boot.autoconfigure.web.servlet.WebMvcAutoConfiguration, org.springframework.boot.autoconfigure.web.servlet.WebMvcAutoConfiguration$EnableWebMvcConfiguration, org.springframework.boot.autoconfigure.web.servlet.WebMvcAutoConfiguration$WebMvcAutoConfigurationAdapter, org.springframework.boot.autoconfigure.web.servlet.error.ErrorMvcAutoConfiguration, org.springframework.boot.autoconfigure.web.servlet.error.ErrorMvcAutoConfiguration$DefaultErrorViewResolverConfiguration, org.springframework.boot.autoconfigure.web.servlet.error.ErrorMvcAutoConfiguration$WhitelabelErrorViewConfiguration, org.springframework.boot.autoconfigure.websocket.servlet.WebSocketServletAutoConfiguration, org.springframework.boot.autoconfigure.websocket.servlet.WebSocketServletAutoConfiguration$TomcatWebSocketConfiguration, org.springframework.boot.context.internalConfigurationPropertiesBinder, org.springframework.boot.context.internalConfigurationPropertiesBinderFactory, org.springframework.boot.context.properties.BoundConfigurationProperties, org.springframework.boot.context.properties.ConfigurationBeanFactoryMetadata, org.springframework.boot.context.properties.ConfigurationPropertiesBindingPostProcessor, org.springframework.cloud.autoconfigure.ConfigurationPropertiesRebinderAutoConfiguration, org.springframework.cloud.autoconfigure.LifecycleMvcEndpointAutoConfiguration, org.springframework.cloud.autoconfigure.RefreshAutoConfiguration, org.springframework.cloud.autoconfigure.RefreshAutoConfiguration$RefreshScopeBeanDefinitionEnhancer, org.springframework.context.annotation.internalAutowiredAnnotationProcessor, org.springframework.context.annotation.internalCommonAnnotationProcessor, org.springframework.context.annotation.internalConfigurationAnnotationProcessor, org.springframework.context.event.internalEventListenerFactory, org.springframework.context.event.internalEventListenerProcessor, parameterNamesModule, preserveErrorControllerTargetClassPostProcessor, propertySourcesPlaceholderConfigurer, refreshEventListener, refreshScope, requestContextFilter, requestMappingHandlerAdapter, requestMappingHandlerMapping, resourceHandlerMapping, restTemplateBuilder, routerFunctionMapping, server-org.springframework.boot.autoconfigure.web.ServerProperties, servletWebServerFactoryCustomizer, simpleControllerHandlerAdapter, spring.info-org.springframework.boot.autoconfigure.info.ProjectInfoProperties, spring.jackson-org.springframework.boot.autoconfigure.jackson.JacksonProperties, spring.lifecycle-org.springframework.boot.autoconfigure.context.LifecycleProperties, spring.mvc-org.springframework.boot.autoconfigure.web.servlet.WebMvcProperties, spring.resources-org.springframework.boot.autoconfigure.web.ResourceProperties, spring.servlet.multipart-org.springframework.boot.autoconfigure.web.servlet.MultipartProperties, spring.task.execution-org.springframework.boot.autoconfigure.task.TaskExecutionProperties, spring.task.scheduling-org.springframework.boot.autoconfigure.task.TaskSchedulingProperties, springApplicationAdminRegistrar, standardJacksonObjectMapperBuilderCustomizer, stringHttpMessageConverter, taskExecutorBuilder, taskSchedulerBuilder, tomcatServletWebServerFactory, tomcatServletWebServerFactoryCustomizer, tomcatWebServerFactoryCustomizer, viewControllerHandlerMapping, viewResolver, webServerFactoryCustomizerBeanPostProcessor, websocketServletWebServerCustomizer, welcomePageHandlerMapping]
2024-10-26 12:42:17,357 INFO [main][GenericScope.java:295] - BeanFactory id=42542b52-65e0-300c-a703-0e8102bfc45d
2024-10-26 12:42:17,357 INFO [main][GenericScope.java:295] - BeanFactory id=42542b52-65e0-300c-a703-0e8102bfc45d
2024-10-26 12:42:17,357 DEBUG [main][DefaultSingletonBeanRegistry.java:225] - Creating shared instance of singleton bean 'propertySourcesPlaceholderConfigurer'
2024-10-26 12:42:17,357 DEBUG [main][DefaultSingletonBeanRegistry.java:225] - Creating shared instance of singleton bean 'propertySourcesPlaceholderConfigurer'
2024-10-26 12:42:17,358 DEBUG [main][DefaultSingletonBeanRegistry.java:225] - Creating shared instance of singleton bean 'org.springframework.context.event.internalEventListenerProcessor'
2024-10-26 12:42:17,358 DEBUG [main][DefaultSingletonBeanRegistry.java:225] - Creating shared instance of singleton bean 'org.springframework.context.event.internalEventListenerProcessor'
2024-10-26 12:42:17,358 DEBUG [main][DefaultSingletonBeanRegistry.java:225] - Creating shared instance of singleton bean 'preserveErrorControllerTargetClassPostProcessor'
2024-10-26 12:42:17,358 DEBUG [main][DefaultSingletonBeanRegistry.java:225] - Creating shared instance of singleton bean 'preserveErrorControllerTargetClassPostProcessor'
2024-10-26 12:42:17,358 DEBUG [main][DefaultSingletonBeanRegistry.java:225] - Creating shared instance of singleton bean 'org.springframework.context.event.internalEventListenerFactory'
2024-10-26 12:42:17,358 DEBUG [main][DefaultSingletonBeanRegistry.java:225] - Creating shared instance of singleton bean 'org.springframework.context.event.internalEventListenerFactory'
2024-10-26 12:42:17,359 DEBUG [main][DefaultSingletonBeanRegistry.java:225] - Creating shared instance of singleton bean 'org.springframework.context.annotation.internalAutowiredAnnotationProcessor'
2024-10-26 12:42:17,359 DEBUG [main][DefaultSingletonBeanRegistry.java:225] - Creating shared instance of singleton bean 'org.springframework.context.annotation.internalAutowiredAnnotationProcessor'
2024-10-26 12:42:17,359 DEBUG [main][DefaultSingletonBeanRegistry.java:225] - Creating shared instance of singleton bean 'org.springframework.context.annotation.internalCommonAnnotationProcessor'
2024-10-26 12:42:17,359 DEBUG [main][DefaultSingletonBeanRegistry.java:225] - Creating shared instance of singleton bean 'org.springframework.context.annotation.internalCommonAnnotationProcessor'
2024-10-26 12:42:17,360 DEBUG [main][DefaultSingletonBeanRegistry.java:225] - Creating shared instance of singleton bean 'org.springframework.boot.context.properties.ConfigurationPropertiesBindingPostProcessor'
2024-10-26 12:42:17,360 DEBUG [main][DefaultSingletonBeanRegistry.java:225] - Creating shared instance of singleton bean 'org.springframework.boot.context.properties.ConfigurationPropertiesBindingPostProcessor'
2024-10-26 12:42:17,360 DEBUG [main][DefaultSingletonBeanRegistry.java:225] - Creating shared instance of singleton bean 'org.springframework.boot.context.internalConfigurationPropertiesBinder'
2024-10-26 12:42:17,360 DEBUG [main][DefaultSingletonBeanRegistry.java:225] - Creating shared instance of singleton bean 'org.springframework.boot.context.internalConfigurationPropertiesBinder'
2024-10-26 12:42:17,360 DEBUG [main][DefaultSingletonBeanRegistry.java:225] - Creating shared instance of singleton bean 'org.springframework.boot.context.internalConfigurationPropertiesBinderFactory'
2024-10-26 12:42:17,360 DEBUG [main][DefaultSingletonBeanRegistry.java:225] - Creating shared instance of singleton bean 'org.springframework.boot.context.internalConfigurationPropertiesBinderFactory'
2024-10-26 12:42:17,360 DEBUG [main][DefaultSingletonBeanRegistry.java:225] - Creating shared instance of singleton bean 'methodValidationPostProcessor'
2024-10-26 12:42:17,360 DEBUG [main][DefaultSingletonBeanRegistry.java:225] - Creating shared instance of singleton bean 'methodValidationPostProcessor'
2024-10-26 12:42:17,363 DEBUG [main][ConstructorResolver.java:807] - Autowiring by type from bean name 'methodValidationPostProcessor' via factory method to bean named 'environment'
2024-10-26 12:42:17,363 DEBUG [main][ConstructorResolver.java:807] - Autowiring by type from bean name 'methodValidationPostProcessor' via factory method to bean named 'environment'
2024-10-26 12:42:17,365 DEBUG [main][DefaultSingletonBeanRegistry.java:225] - Creating shared instance of singleton bean 'webServerFactoryCustomizerBeanPostProcessor'
2024-10-26 12:42:17,365 DEBUG [main][DefaultSingletonBeanRegistry.java:225] - Creating shared instance of singleton bean 'webServerFactoryCustomizerBeanPostProcessor'
2024-10-26 12:42:17,365 DEBUG [main][DefaultSingletonBeanRegistry.java:225] - Creating shared instance of singleton bean 'errorPageRegistrarBeanPostProcessor'
2024-10-26 12:42:17,365 DEBUG [main][DefaultSingletonBeanRegistry.java:225] - Creating shared instance of singleton bean 'errorPageRegistrarBeanPostProcessor'
2024-10-26 12:42:17,365 DEBUG [main][DefaultSingletonBeanRegistry.java:225] - Creating shared instance of singleton bean 'configurationPropertiesBeans'
2024-10-26 12:42:17,365 DEBUG [main][DefaultSingletonBeanRegistry.java:225] - Creating shared instance of singleton bean 'configurationPropertiesBeans'
2024-10-26 12:42:17,366 DEBUG [main][UiApplicationContextUtils.java:85] - Unable to locate ThemeSource with name 'themeSource': using default [org.springframework.ui.context.support.ResourceBundleThemeSource@6c2f1700]
2024-10-26 12:42:17,366 DEBUG [main][UiApplicationContextUtils.java:85] - Unable to locate ThemeSource with name 'themeSource': using default [org.springframework.ui.context.support.ResourceBundleThemeSource@6c2f1700]
2024-10-26 12:42:17,366 DEBUG [main][DefaultSingletonBeanRegistry.java:225] - Creating shared instance of singleton bean 'tomcatServletWebServerFactory'
2024-10-26 12:42:17,366 DEBUG [main][DefaultSingletonBeanRegistry.java:225] - Creating shared instance of singleton bean 'tomcatServletWebServerFactory'
2024-10-26 12:42:17,366 DEBUG [main][DefaultSingletonBeanRegistry.java:225] - Creating shared instance of singleton bean 'org.springframework.boot.autoconfigure.web.servlet.ServletWebServerFactoryConfiguration$EmbeddedTomcat'
2024-10-26 12:42:17,366 DEBUG [main][DefaultSingletonBeanRegistry.java:225] - Creating shared instance of singleton bean 'org.springframework.boot.autoconfigure.web.servlet.ServletWebServerFactoryConfiguration$EmbeddedTomcat'
2024-10-26 12:42:17,378 DEBUG [main][DefaultSingletonBeanRegistry.java:225] - Creating shared instance of singleton bean 'websocketServletWebServerCustomizer'
2024-10-26 12:42:17,378 DEBUG [main][DefaultSingletonBeanRegistry.java:225] - Creating shared instance of singleton bean 'websocketServletWebServerCustomizer'
2024-10-26 12:42:17,378 DEBUG [main][DefaultSingletonBeanRegistry.java:225] - Creating shared instance of singleton bean 'org.springframework.boot.autoconfigure.websocket.servlet.WebSocketServletAutoConfiguration$TomcatWebSocketConfiguration'
2024-10-26 12:42:17,378 DEBUG [main][DefaultSingletonBeanRegistry.java:225] - Creating shared instance of singleton bean 'org.springframework.boot.autoconfigure.websocket.servlet.WebSocketServletAutoConfiguration$TomcatWebSocketConfiguration'
2024-10-26 12:42:17,379 DEBUG [main][DefaultSingletonBeanRegistry.java:225] - Creating shared instance of singleton bean 'servletWebServerFactoryCustomizer'
2024-10-26 12:42:17,379 DEBUG [main][DefaultSingletonBeanRegistry.java:225] - Creating shared instance of singleton bean 'servletWebServerFactoryCustomizer'
2024-10-26 12:42:17,379 DEBUG [main][DefaultSingletonBeanRegistry.java:225] - Creating shared instance of singleton bean 'org.springframework.boot.autoconfigure.web.servlet.ServletWebServerFactoryAutoConfiguration'
2024-10-26 12:42:17,379 DEBUG [main][DefaultSingletonBeanRegistry.java:225] - Creating shared instance of singleton bean 'org.springframework.boot.autoconfigure.web.servlet.ServletWebServerFactoryAutoConfiguration'
2024-10-26 12:42:17,380 DEBUG [main][DefaultSingletonBeanRegistry.java:225] - Creating shared instance of singleton bean 'server-org.springframework.boot.autoconfigure.web.ServerProperties'
2024-10-26 12:42:17,380 DEBUG [main][DefaultSingletonBeanRegistry.java:225] - Creating shared instance of singleton bean 'server-org.springframework.boot.autoconfigure.web.ServerProperties'
2024-10-26 12:42:17,382 DEBUG [main][DefaultSingletonBeanRegistry.java:225] - Creating shared instance of singleton bean 'org.springframework.boot.context.properties.BoundConfigurationProperties'
2024-10-26 12:42:17,382 DEBUG [main][DefaultSingletonBeanRegistry.java:225] - Creating shared instance of singleton bean 'org.springframework.boot.context.properties.BoundConfigurationProperties'
2024-10-26 12:42:17,385 DEBUG [main][ConstructorResolver.java:807] - Autowiring by type from bean name 'servletWebServerFactoryCustomizer' via factory method to bean named 'server-org.springframework.boot.autoconfigure.web.ServerProperties'
2024-10-26 12:42:17,385 DEBUG [main][ConstructorResolver.java:807] - Autowiring by type from bean name 'servletWebServerFactoryCustomizer' via factory method to bean named 'server-org.springframework.boot.autoconfigure.web.ServerProperties'
2024-10-26 12:42:17,385 DEBUG [main][DefaultSingletonBeanRegistry.java:225] - Creating shared instance of singleton bean 'tomcatServletWebServerFactoryCustomizer'
2024-10-26 12:42:17,385 DEBUG [main][DefaultSingletonBeanRegistry.java:225] - Creating shared instance of singleton bean 'tomcatServletWebServerFactoryCustomizer'
2024-10-26 12:42:17,385 DEBUG [main][ConstructorResolver.java:807] - Autowiring by type from bean name 'tomcatServletWebServerFactoryCustomizer' via factory method to bean named 'server-org.springframework.boot.autoconfigure.web.ServerProperties'
2024-10-26 12:42:17,385 DEBUG [main][ConstructorResolver.java:807] - Autowiring by type from bean name 'tomcatServletWebServerFactoryCustomizer' via factory method to bean named 'server-org.springframework.boot.autoconfigure.web.ServerProperties'
2024-10-26 12:42:17,386 DEBUG [main][DefaultSingletonBeanRegistry.java:225] - Creating shared instance of singleton bean 'tomcatWebServerFactoryCustomizer'
2024-10-26 12:42:17,386 DEBUG [main][DefaultSingletonBeanRegistry.java:225] - Creating shared instance of singleton bean 'tomcatWebServerFactoryCustomizer'
2024-10-26 12:42:17,386 DEBUG [main][DefaultSingletonBeanRegistry.java:225] - Creating shared instance of singleton bean 'org.springframework.boot.autoconfigure.web.embedded.EmbeddedWebServerFactoryCustomizerAutoConfiguration$TomcatWebServerFactoryCustomizerConfiguration'
2024-10-26 12:42:17,386 DEBUG [main][DefaultSingletonBeanRegistry.java:225] - Creating shared instance of singleton bean 'org.springframework.boot.autoconfigure.web.embedded.EmbeddedWebServerFactoryCustomizerAutoConfiguration$TomcatWebServerFactoryCustomizerConfiguration'
2024-10-26 12:42:17,386 DEBUG [main][ConstructorResolver.java:807] - Autowiring by type from bean name 'tomcatWebServerFactoryCustomizer' via factory method to bean named 'environment'
2024-10-26 12:42:17,386 DEBUG [main][ConstructorResolver.java:807] - Autowiring by type from bean name 'tomcatWebServerFactoryCustomizer' via factory method to bean named 'environment'
2024-10-26 12:42:17,386 DEBUG [main][ConstructorResolver.java:807] - Autowiring by type from bean name 'tomcatWebServerFactoryCustomizer' via factory method to bean named 'server-org.springframework.boot.autoconfigure.web.ServerProperties'
2024-10-26 12:42:17,386 DEBUG [main][ConstructorResolver.java:807] - Autowiring by type from bean name 'tomcatWebServerFactoryCustomizer' via factory method to bean named 'server-org.springframework.boot.autoconfigure.web.ServerProperties'
2024-10-26 12:42:17,387 DEBUG [main][DefaultSingletonBeanRegistry.java:225] - Creating shared instance of singleton bean 'localeCharsetMappingsCustomizer'
2024-10-26 12:42:17,387 DEBUG [main][DefaultSingletonBeanRegistry.java:225] - Creating shared instance of singleton bean 'localeCharsetMappingsCustomizer'
2024-10-26 12:42:17,387 DEBUG [main][DefaultSingletonBeanRegistry.java:225] - Creating shared instance of singleton bean 'org.springframework.boot.autoconfigure.web.servlet.HttpEncodingAutoConfiguration'
2024-10-26 12:42:17,387 DEBUG [main][DefaultSingletonBeanRegistry.java:225] - Creating shared instance of singleton bean 'org.springframework.boot.autoconfigure.web.servlet.HttpEncodingAutoConfiguration'
2024-10-26 12:42:17,394 DEBUG [main][ConstructorResolver.java:807] - Autowiring by type from bean name 'org.springframework.boot.autoconfigure.web.servlet.HttpEncodingAutoConfiguration' via constructor to bean named 'server-org.springframework.boot.autoconfigure.web.ServerProperties'
2024-10-26 12:42:17,394 DEBUG [main][ConstructorResolver.java:807] - Autowiring by type from bean name 'org.springframework.boot.autoconfigure.web.servlet.HttpEncodingAutoConfiguration' via constructor to bean named 'server-org.springframework.boot.autoconfigure.web.ServerProperties'
2024-10-26 12:42:17,405 DEBUG [main][DefaultSingletonBeanRegistry.java:225] - Creating shared instance of singleton bean 'errorPageCustomizer'
2024-10-26 12:42:17,405 DEBUG [main][DefaultSingletonBeanRegistry.java:225] - Creating shared instance of singleton bean 'errorPageCustomizer'
2024-10-26 12:42:17,405 DEBUG [main][DefaultSingletonBeanRegistry.java:225] - Creating shared instance of singleton bean 'org.springframework.boot.autoconfigure.web.servlet.error.ErrorMvcAutoConfiguration'
2024-10-26 12:42:17,405 DEBUG [main][DefaultSingletonBeanRegistry.java:225] - Creating shared instance of singleton bean 'org.springframework.boot.autoconfigure.web.servlet.error.ErrorMvcAutoConfiguration'
2024-10-26 12:42:17,405 DEBUG [main][ConstructorResolver.java:807] - Autowiring by type from bean name 'org.springframework.boot.autoconfigure.web.servlet.error.ErrorMvcAutoConfiguration' via constructor to bean named 'server-org.springframework.boot.autoconfigure.web.ServerProperties'
2024-10-26 12:42:17,405 DEBUG [main][ConstructorResolver.java:807] - Autowiring by type from bean name 'org.springframework.boot.autoconfigure.web.servlet.error.ErrorMvcAutoConfiguration' via constructor to bean named 'server-org.springframework.boot.autoconfigure.web.ServerProperties'
2024-10-26 12:42:17,406 DEBUG [main][DefaultSingletonBeanRegistry.java:225] - Creating shared instance of singleton bean 'dispatcherServletRegistration'
2024-10-26 12:42:17,406 DEBUG [main][DefaultSingletonBeanRegistry.java:225] - Creating shared instance of singleton bean 'dispatcherServletRegistration'
2024-10-26 12:42:17,406 DEBUG [main][DefaultSingletonBeanRegistry.java:225] - Creating shared instance of singleton bean 'org.springframework.boot.autoconfigure.web.servlet.DispatcherServletAutoConfiguration$DispatcherServletRegistrationConfiguration'
2024-10-26 12:42:17,406 DEBUG [main][DefaultSingletonBeanRegistry.java:225] - Creating shared instance of singleton bean 'org.springframework.boot.autoconfigure.web.servlet.DispatcherServletAutoConfiguration$DispatcherServletRegistrationConfiguration'
2024-10-26 12:42:17,407 DEBUG [main][DefaultSingletonBeanRegistry.java:225] - Creating shared instance of singleton bean 'dispatcherServlet'
2024-10-26 12:42:17,407 DEBUG [main][DefaultSingletonBeanRegistry.java:225] - Creating shared instance of singleton bean 'dispatcherServlet'
2024-10-26 12:42:17,407 DEBUG [main][DefaultSingletonBeanRegistry.java:225] - Creating shared instance of singleton bean 'org.springframework.boot.autoconfigure.web.servlet.DispatcherServletAutoConfiguration$DispatcherServletConfiguration'
2024-10-26 12:42:17,407 DEBUG [main][DefaultSingletonBeanRegistry.java:225] - Creating shared instance of singleton bean 'org.springframework.boot.autoconfigure.web.servlet.DispatcherServletAutoConfiguration$DispatcherServletConfiguration'
2024-10-26 12:42:17,407 DEBUG [main][DefaultSingletonBeanRegistry.java:225] - Creating shared instance of singleton bean 'spring.mvc-org.springframework.boot.autoconfigure.web.servlet.WebMvcProperties'
2024-10-26 12:42:17,407 DEBUG [main][DefaultSingletonBeanRegistry.java:225] - Creating shared instance of singleton bean 'spring.mvc-org.springframework.boot.autoconfigure.web.servlet.WebMvcProperties'
2024-10-26 12:42:17,409 DEBUG [main][ConstructorResolver.java:807] - Autowiring by type from bean name 'dispatcherServlet' via factory method to bean named 'spring.mvc-org.springframework.boot.autoconfigure.web.servlet.WebMvcProperties'
2024-10-26 12:42:17,409 DEBUG [main][ConstructorResolver.java:807] - Autowiring by type from bean name 'dispatcherServlet' via factory method to bean named 'spring.mvc-org.springframework.boot.autoconfigure.web.servlet.WebMvcProperties'
2024-10-26 12:42:17,414 DEBUG [main][ConstructorResolver.java:807] - Autowiring by type from bean name 'dispatcherServletRegistration' via factory method to bean named 'dispatcherServlet'
2024-10-26 12:42:17,414 DEBUG [main][ConstructorResolver.java:807] - Autowiring by type from bean name 'dispatcherServletRegistration' via factory method to bean named 'dispatcherServlet'
2024-10-26 12:42:17,414 DEBUG [main][ConstructorResolver.java:807] - Autowiring by type from bean name 'dispatcherServletRegistration' via factory method to bean named 'spring.mvc-org.springframework.boot.autoconfigure.web.servlet.WebMvcProperties'
2024-10-26 12:42:17,414 DEBUG [main][ConstructorResolver.java:807] - Autowiring by type from bean name 'dispatcherServletRegistration' via factory method to bean named 'spring.mvc-org.springframework.boot.autoconfigure.web.servlet.WebMvcProperties'
2024-10-26 12:42:17,415 DEBUG [main][DefaultSingletonBeanRegistry.java:225] - Creating shared instance of singleton bean 'multipartConfigElement'
2024-10-26 12:42:17,415 DEBUG [main][DefaultSingletonBeanRegistry.java:225] - Creating shared instance of singleton bean 'multipartConfigElement'
2024-10-26 12:42:17,415 DEBUG [main][DefaultSingletonBeanRegistry.java:225] - Creating shared instance of singleton bean 'org.springframework.boot.autoconfigure.web.servlet.MultipartAutoConfiguration'
2024-10-26 12:42:17,415 DEBUG [main][DefaultSingletonBeanRegistry.java:225] - Creating shared instance of singleton bean 'org.springframework.boot.autoconfigure.web.servlet.MultipartAutoConfiguration'
2024-10-26 12:42:17,415 DEBUG [main][DefaultSingletonBeanRegistry.java:225] - Creating shared instance of singleton bean 'spring.servlet.multipart-org.springframework.boot.autoconfigure.web.servlet.MultipartProperties'
2024-10-26 12:42:17,415 DEBUG [main][DefaultSingletonBeanRegistry.java:225] - Creating shared instance of singleton bean 'spring.servlet.multipart-org.springframework.boot.autoconfigure.web.servlet.MultipartProperties'
2024-10-26 12:42:17,417 DEBUG [main][ConstructorResolver.java:807] - Autowiring by type from bean name 'org.springframework.boot.autoconfigure.web.servlet.MultipartAutoConfiguration' via constructor to bean named 'spring.servlet.multipart-org.springframework.boot.autoconfigure.web.servlet.MultipartProperties'
2024-10-26 12:42:17,417 DEBUG [main][ConstructorResolver.java:807] - Autowiring by type from bean name 'org.springframework.boot.autoconfigure.web.servlet.MultipartAutoConfiguration' via constructor to bean named 'spring.servlet.multipart-org.springframework.boot.autoconfigure.web.servlet.MultipartProperties'
2024-10-26 12:42:17,419 DEBUG [main][ConstructorResolver.java:807] - Autowiring by type from bean name 'errorPageCustomizer' via factory method to bean named 'dispatcherServletRegistration'
2024-10-26 12:42:17,419 DEBUG [main][ConstructorResolver.java:807] - Autowiring by type from bean name 'errorPageCustomizer' via factory method to bean named 'dispatcherServletRegistration'
2024-10-26 12:42:17,444 DEBUG [main][DocumentRoot.java:81] - Code archive: D:\develop\repository\org\springframework\boot\spring-boot\2.3.7.RELEASE\spring-boot-2.3.7.RELEASE.jar
2024-10-26 12:42:17,444 DEBUG [main][DocumentRoot.java:81] - Code archive: D:\develop\repository\org\springframework\boot\spring-boot\2.3.7.RELEASE\spring-boot-2.3.7.RELEASE.jar
2024-10-26 12:42:17,444 DEBUG [main][DocumentRoot.java:125] - Code archive: D:\develop\repository\org\springframework\boot\spring-boot\2.3.7.RELEASE\spring-boot-2.3.7.RELEASE.jar
2024-10-26 12:42:17,444 DEBUG [main][DocumentRoot.java:125] - Code archive: D:\develop\repository\org\springframework\boot\spring-boot\2.3.7.RELEASE\spring-boot-2.3.7.RELEASE.jar
2024-10-26 12:42:17,444 DEBUG [main][DocumentRoot.java:149] - None of the document roots [src/main/webapp, public, static] point to a directory and will be ignored.
2024-10-26 12:42:17,444 DEBUG [main][DocumentRoot.java:149] - None of the document roots [src/main/webapp, public, static] point to a directory and will be ignored.
2024-10-26 12:42:17,453 INFO [main][TomcatWebServer.java:108] - Tomcat initialized with port(s): 63040 (http)
2024-10-26 12:42:17,453 INFO [main][TomcatWebServer.java:108] - Tomcat initialized with port(s): 63040 (http)
2024-10-26 12:42:17,461 INFO [main][DirectJDKLog.java:173] - Initializing ProtocolHandler ["http-nio-63040"]
2024-10-26 12:42:17,461 INFO [main][DirectJDKLog.java:173] - Initializing ProtocolHandler ["http-nio-63040"]
2024-10-26 12:42:17,461 INFO [main][DirectJDKLog.java:173] - Starting service [Tomcat]
2024-10-26 12:42:17,461 INFO [main][DirectJDKLog.java:173] - Starting service [Tomcat]
2024-10-26 12:42:17,462 INFO [main][DirectJDKLog.java:173] - Starting Servlet engine: [Apache Tomcat/9.0.41]
2024-10-26 12:42:17,462 INFO [main][DirectJDKLog.java:173] - Starting Servlet engine: [Apache Tomcat/9.0.41]
2024-10-26 12:42:17,503 INFO [main][DirectJDKLog.java:173] - Initializing Spring embedded WebApplicationContext
2024-10-26 12:42:17,503 INFO [main][DirectJDKLog.java:173] - Initializing Spring embedded WebApplicationContext
2024-10-26 12:42:17,503 DEBUG [main][ServletWebServerApplicationContext.java:279] - Published root WebApplicationContext as ServletContext attribute with name [org.springframework.web.context.WebApplicationContext.ROOT]
2024-10-26 12:42:17,503 DEBUG [main][ServletWebServerApplicationContext.java:279] - Published root WebApplicationContext as ServletContext attribute with name [org.springframework.web.context.WebApplicationContext.ROOT]
2024-10-26 12:42:17,503 INFO [main][ServletWebServerApplicationContext.java:285] - Root WebApplicationContext: initialization completed in 308 ms
2024-10-26 12:42:17,503 INFO [main][ServletWebServerApplicationContext.java:285] - Root WebApplicationContext: initialization completed in 308 ms
2024-10-26 12:42:17,506 DEBUG [main][DefaultSingletonBeanRegistry.java:225] - Creating shared instance of singleton bean 'requestContextFilter'
2024-10-26 12:42:17,506 DEBUG [main][DefaultSingletonBeanRegistry.java:225] - Creating shared instance of singleton bean 'requestContextFilter'
2024-10-26 12:42:17,506 DEBUG [main][DefaultSingletonBeanRegistry.java:225] - Creating shared instance of singleton bean 'formContentFilter'
2024-10-26 12:42:17,506 DEBUG [main][DefaultSingletonBeanRegistry.java:225] - Creating shared instance of singleton bean 'formContentFilter'
2024-10-26 12:42:17,507 DEBUG [main][DefaultSingletonBeanRegistry.java:225] - Creating shared instance of singleton bean 'org.springframework.boot.autoconfigure.web.servlet.WebMvcAutoConfiguration'
2024-10-26 12:42:17,507 DEBUG [main][DefaultSingletonBeanRegistry.java:225] - Creating shared instance of singleton bean 'org.springframework.boot.autoconfigure.web.servlet.WebMvcAutoConfiguration'
2024-10-26 12:42:17,508 DEBUG [main][DefaultSingletonBeanRegistry.java:225] - Creating shared instance of singleton bean 'characterEncodingFilter'
2024-10-26 12:42:17,508 DEBUG [main][DefaultSingletonBeanRegistry.java:225] - Creating shared instance of singleton bean 'characterEncodingFilter'
2024-10-26 12:42:17,511 DEBUG [main][ServletContextInitializerBeans.java:235] - Mapping filters: characterEncodingFilter urls=[/*] order=-2147483648, formContentFilter urls=[/*] order=-9900, requestContextFilter urls=[/*] order=-105
2024-10-26 12:42:17,511 DEBUG [main][ServletContextInitializerBeans.java:235] - Mapping filters: characterEncodingFilter urls=[/*] order=-2147483648, formContentFilter urls=[/*] order=-9900, requestContextFilter urls=[/*] order=-105
2024-10-26 12:42:17,511 DEBUG [main][ServletContextInitializerBeans.java:235] - Mapping servlets: dispatcherServlet urls=[/]
2024-10-26 12:42:17,511 DEBUG [main][ServletContextInitializerBeans.java:235] - Mapping servlets: dispatcherServlet urls=[/]
2024-10-26 12:42:17,518 DEBUG [main][GenericFilterBean.java:242] - Filter 'requestContextFilter' configured for use
2024-10-26 12:42:17,518 DEBUG [main][GenericFilterBean.java:242] - Filter 'requestContextFilter' configured for use
2024-10-26 12:42:17,518 DEBUG [main][GenericFilterBean.java:242] - Filter 'characterEncodingFilter' configured for use
2024-10-26 12:42:17,518 DEBUG [main][GenericFilterBean.java:242] - Filter 'characterEncodingFilter' configured for use
2024-10-26 12:42:17,518 DEBUG [main][GenericFilterBean.java:242] - Filter 'formContentFilter' configured for use
2024-10-26 12:42:17,518 DEBUG [main][GenericFilterBean.java:242] - Filter 'formContentFilter' configured for use
2024-10-26 12:42:17,522 DEBUG [main][DefaultSingletonBeanRegistry.java:225] - Creating shared instance of singleton bean 'contentApplication'
2024-10-26 12:42:17,522 DEBUG [main][DefaultSingletonBeanRegistry.java:225] - Creating shared instance of singleton bean 'contentApplication'
2024-10-26 12:42:17,523 DEBUG [main][DefaultSingletonBeanRegistry.java:225] - Creating shared instance of singleton bean 'bootstrapApplicationListener.BootstrapMarkerConfiguration'
2024-10-26 12:42:17,523 DEBUG [main][DefaultSingletonBeanRegistry.java:225] - Creating shared instance of singleton bean 'bootstrapApplicationListener.BootstrapMarkerConfiguration'
2024-10-26 12:42:17,523 DEBUG [main][DefaultSingletonBeanRegistry.java:225] - Creating shared instance of singleton bean 'courseBaseInfoController'
2024-10-26 12:42:17,523 DEBUG [main][DefaultSingletonBeanRegistry.java:225] - Creating shared instance of singleton bean 'courseBaseInfoController'
2024-10-26 12:42:17,525 DEBUG [main][DefaultSingletonBeanRegistry.java:225] - Creating shared instance of singleton bean 'org.springframework.boot.autoconfigure.AutoConfigurationPackages'
2024-10-26 12:42:17,525 DEBUG [main][DefaultSingletonBeanRegistry.java:225] - Creating shared instance of singleton bean 'org.springframework.boot.autoconfigure.AutoConfigurationPackages'
2024-10-26 12:42:17,527 DEBUG [main][DefaultSingletonBeanRegistry.java:225] - Creating shared instance of singleton bean 'org.springframework.boot.autoconfigure.context.PropertyPlaceholderAutoConfiguration'
2024-10-26 12:42:17,527 DEBUG [main][DefaultSingletonBeanRegistry.java:225] - Creating shared instance of singleton bean 'org.springframework.boot.autoconfigure.context.PropertyPlaceholderAutoConfiguration'
2024-10-26 12:42:17,527 DEBUG [main][DefaultSingletonBeanRegistry.java:225] - Creating shared instance of singleton bean 'org.springframework.boot.autoconfigure.websocket.servlet.WebSocketServletAutoConfiguration'
2024-10-26 12:42:17,527 DEBUG [main][DefaultSingletonBeanRegistry.java:225] - Creating shared instance of singleton bean 'org.springframework.boot.autoconfigure.websocket.servlet.WebSocketServletAutoConfiguration'
2024-10-26 12:42:17,527 DEBUG [main][DefaultSingletonBeanRegistry.java:225] - Creating shared instance of singleton bean 'org.springframework.boot.context.properties.ConfigurationBeanFactoryMetadata'
2024-10-26 12:42:17,527 DEBUG [main][DefaultSingletonBeanRegistry.java:225] - Creating shared instance of singleton bean 'org.springframework.boot.context.properties.ConfigurationBeanFactoryMetadata'
2024-10-26 12:42:17,527 DEBUG [main][DefaultSingletonBeanRegistry.java:225] - Creating shared instance of singleton bean 'org.springframework.boot.autoconfigure.web.servlet.DispatcherServletAutoConfiguration'
2024-10-26 12:42:17,527 DEBUG [main][DefaultSingletonBeanRegistry.java:225] - Creating shared instance of singleton bean 'org.springframework.boot.autoconfigure.web.servlet.DispatcherServletAutoConfiguration'
2024-10-26 12:42:17,528 DEBUG [main][DefaultSingletonBeanRegistry.java:225] - Creating shared instance of singleton bean 'org.springframework.boot.autoconfigure.task.TaskExecutionAutoConfiguration'
2024-10-26 12:42:17,528 DEBUG [main][DefaultSingletonBeanRegistry.java:225] - Creating shared instance of singleton bean 'org.springframework.boot.autoconfigure.task.TaskExecutionAutoConfiguration'
2024-10-26 12:42:17,528 DEBUG [main][DefaultSingletonBeanRegistry.java:225] - Creating shared instance of singleton bean 'taskExecutorBuilder'
2024-10-26 12:42:17,528 DEBUG [main][DefaultSingletonBeanRegistry.java:225] - Creating shared instance of singleton bean 'taskExecutorBuilder'
2024-10-26 12:42:17,528 DEBUG [main][DefaultSingletonBeanRegistry.java:225] - Creating shared instance of singleton bean 'spring.task.execution-org.springframework.boot.autoconfigure.task.TaskExecutionProperties'
2024-10-26 12:42:17,528 DEBUG [main][DefaultSingletonBeanRegistry.java:225] - Creating shared instance of singleton bean 'spring.task.execution-org.springframework.boot.autoconfigure.task.TaskExecutionProperties'
2024-10-26 12:42:17,529 DEBUG [main][ConstructorResolver.java:807] - Autowiring by type from bean name 'taskExecutorBuilder' via factory method to bean named 'spring.task.execution-org.springframework.boot.autoconfigure.task.TaskExecutionProperties'
2024-10-26 12:42:17,529 DEBUG [main][ConstructorResolver.java:807] - Autowiring by type from bean name 'taskExecutorBuilder' via factory method to bean named 'spring.task.execution-org.springframework.boot.autoconfigure.task.TaskExecutionProperties'
2024-10-26 12:42:17,530 DEBUG [main][DefaultSingletonBeanRegistry.java:225] - Creating shared instance of singleton bean 'org.springframework.boot.autoconfigure.validation.ValidationAutoConfiguration'
2024-10-26 12:42:17,530 DEBUG [main][DefaultSingletonBeanRegistry.java:225] - Creating shared instance of singleton bean 'org.springframework.boot.autoconfigure.validation.ValidationAutoConfiguration'
2024-10-26 12:42:17,530 DEBUG [main][DefaultSingletonBeanRegistry.java:225] - Creating shared instance of singleton bean 'defaultValidator'
2024-10-26 12:42:17,530 DEBUG [main][DefaultSingletonBeanRegistry.java:225] - Creating shared instance of singleton bean 'defaultValidator'
2024-10-26 12:42:17,531 DEBUG [main][ResourceBundleMessageInterpolator.java:172] - Loaded expression factory via original TCCL
2024-10-26 12:42:17,531 DEBUG [main][ResourceBundleMessageInterpolator.java:172] - Loaded expression factory via original TCCL
2024-10-26 12:42:17,532 DEBUG [main][AbstractConfigurationImpl.java:171] - Setting custom MessageInterpolator of type org.springframework.validation.beanvalidation.LocaleContextMessageInterpolator
2024-10-26 12:42:17,532 DEBUG [main][AbstractConfigurationImpl.java:171] - Setting custom MessageInterpolator of type org.springframework.validation.beanvalidation.LocaleContextMessageInterpolator
2024-10-26 12:42:17,532 DEBUG [main][AbstractConfigurationImpl.java:203] - Setting custom ConstraintValidatorFactory of type org.springframework.validation.beanvalidation.SpringConstraintValidatorFactory
2024-10-26 12:42:17,532 DEBUG [main][AbstractConfigurationImpl.java:203] - Setting custom ConstraintValidatorFactory of type org.springframework.validation.beanvalidation.SpringConstraintValidatorFactory
2024-10-26 12:42:17,533 DEBUG [main][AbstractConfigurationImpl.java:217] - Setting custom ParameterNameProvider of type org.springframework.validation.beanvalidation.LocalValidatorFactoryBean$1
2024-10-26 12:42:17,533 DEBUG [main][AbstractConfigurationImpl.java:217] - Setting custom ParameterNameProvider of type org.springframework.validation.beanvalidation.LocalValidatorFactoryBean$1
2024-10-26 12:42:17,533 DEBUG [main][ValidationXmlParser.java:120] - Trying to load META-INF/validation.xml for XML based Validator configuration.
2024-10-26 12:42:17,533 DEBUG [main][ValidationXmlParser.java:120] - Trying to load META-INF/validation.xml for XML based Validator configuration.
2024-10-26 12:42:17,533 DEBUG [main][ResourceLoaderHelper.java:53] - Trying to load META-INF/validation.xml via user class loader
2024-10-26 12:42:17,533 DEBUG [main][ResourceLoaderHelper.java:53] - Trying to load META-INF/validation.xml via user class loader
2024-10-26 12:42:17,533 DEBUG [main][ResourceLoaderHelper.java:60] - Trying to load META-INF/validation.xml via TCCL
2024-10-26 12:42:17,533 DEBUG [main][ResourceLoaderHelper.java:60] - Trying to load META-INF/validation.xml via TCCL
2024-10-26 12:42:17,533 DEBUG [main][ResourceLoaderHelper.java:66] - Trying to load META-INF/validation.xml via Hibernate Validator's class loader
2024-10-26 12:42:17,533 DEBUG [main][ResourceLoaderHelper.java:66] - Trying to load META-INF/validation.xml via Hibernate Validator's class loader
2024-10-26 12:42:17,534 DEBUG [main][ValidationXmlParser.java:127] - No META-INF/validation.xml found. Using annotation based configuration only.
2024-10-26 12:42:17,534 DEBUG [main][ValidationXmlParser.java:127] - No META-INF/validation.xml found. Using annotation based configuration only.
2024-10-26 12:42:17,534 DEBUG [main][TraversableResolvers.java:60] - Cannot find javax.persistence.Persistence on classpath. Assuming non JPA 2 environment. All properties will per default be traversable.
2024-10-26 12:42:17,534 DEBUG [main][TraversableResolvers.java:60] - Cannot find javax.persistence.Persistence on classpath. Assuming non JPA 2 environment. All properties will per default be traversable.
2024-10-26 12:42:17,535 DEBUG [main][ValidatorFactoryConfigurationHelper.java:300] - HV000252: Using org.hibernate.validator.internal.engine.DefaultPropertyNodeNameProvider as property node name provider.
2024-10-26 12:42:17,535 DEBUG [main][ValidatorFactoryConfigurationHelper.java:300] - HV000252: Using org.hibernate.validator.internal.engine.DefaultPropertyNodeNameProvider as property node name provider.
2024-10-26 12:42:17,535 DEBUG [main][ValidatorFactoryConfigurationHelper.java:375] - HV000234: Using org.springframework.validation.beanvalidation.LocaleContextMessageInterpolator as ValidatorFactory-scoped message interpolator.
2024-10-26 12:42:17,535 DEBUG [main][ValidatorFactoryConfigurationHelper.java:375] - HV000234: Using org.springframework.validation.beanvalidation.LocaleContextMessageInterpolator as ValidatorFactory-scoped message interpolator.
2024-10-26 12:42:17,535 DEBUG [main][ValidatorFactoryConfigurationHelper.java:376] - HV000234: Using org.hibernate.validator.internal.engine.resolver.TraverseAllTraversableResolver as ValidatorFactory-scoped traversable resolver.
2024-10-26 12:42:17,535 DEBUG [main][ValidatorFactoryConfigurationHelper.java:376] - HV000234: Using org.hibernate.validator.internal.engine.resolver.TraverseAllTraversableResolver as ValidatorFactory-scoped traversable resolver.
2024-10-26 12:42:17,535 DEBUG [main][ValidatorFactoryConfigurationHelper.java:377] - HV000234: Using org.hibernate.validator.internal.util.ExecutableParameterNameProvider as ValidatorFactory-scoped parameter name provider.
2024-10-26 12:42:17,535 DEBUG [main][ValidatorFactoryConfigurationHelper.java:377] - HV000234: Using org.hibernate.validator.internal.util.ExecutableParameterNameProvider as ValidatorFactory-scoped parameter name provider.
2024-10-26 12:42:17,535 DEBUG [main][ValidatorFactoryConfigurationHelper.java:378] - HV000234: Using org.hibernate.validator.internal.engine.DefaultClockProvider as ValidatorFactory-scoped clock provider.
2024-10-26 12:42:17,535 DEBUG [main][ValidatorFactoryConfigurationHelper.java:378] - HV000234: Using org.hibernate.validator.internal.engine.DefaultClockProvider as ValidatorFactory-scoped clock provider.
2024-10-26 12:42:17,535 DEBUG [main][ValidatorFactoryConfigurationHelper.java:379] - HV000234: Using org.hibernate.validator.internal.engine.scripting.DefaultScriptEvaluatorFactory as ValidatorFactory-scoped script evaluator factory.
2024-10-26 12:42:17,535 DEBUG [main][ValidatorFactoryConfigurationHelper.java:379] - HV000234: Using org.hibernate.validator.internal.engine.scripting.DefaultScriptEvaluatorFactory as ValidatorFactory-scoped script evaluator factory.
2024-10-26 12:42:17,536 DEBUG [main][DefaultSingletonBeanRegistry.java:225] - Creating shared instance of singleton bean 'org.springframework.boot.autoconfigure.web.servlet.error.ErrorMvcAutoConfiguration$WhitelabelErrorViewConfiguration'
2024-10-26 12:42:17,536 DEBUG [main][DefaultSingletonBeanRegistry.java:225] - Creating shared instance of singleton bean 'org.springframework.boot.autoconfigure.web.servlet.error.ErrorMvcAutoConfiguration$WhitelabelErrorViewConfiguration'
2024-10-26 12:42:17,536 DEBUG [main][DefaultSingletonBeanRegistry.java:225] - Creating shared instance of singleton bean 'error'
2024-10-26 12:42:17,536 DEBUG [main][DefaultSingletonBeanRegistry.java:225] - Creating shared instance of singleton bean 'error'
2024-10-26 12:42:17,536 DEBUG [main][DefaultSingletonBeanRegistry.java:225] - Creating shared instance of singleton bean 'beanNameViewResolver'
2024-10-26 12:42:17,536 DEBUG [main][DefaultSingletonBeanRegistry.java:225] - Creating shared instance of singleton bean 'beanNameViewResolver'
2024-10-26 12:42:17,537 DEBUG [main][DefaultSingletonBeanRegistry.java:225] - Creating shared instance of singleton bean 'org.springframework.boot.autoconfigure.web.servlet.error.ErrorMvcAutoConfiguration$DefaultErrorViewResolverConfiguration'
2024-10-26 12:42:17,537 DEBUG [main][DefaultSingletonBeanRegistry.java:225] - Creating shared instance of singleton bean 'org.springframework.boot.autoconfigure.web.servlet.error.ErrorMvcAutoConfiguration$DefaultErrorViewResolverConfiguration'
2024-10-26 12:42:17,537 DEBUG [main][DefaultSingletonBeanRegistry.java:225] - Creating shared instance of singleton bean 'spring.resources-org.springframework.boot.autoconfigure.web.ResourceProperties'
2024-10-26 12:42:17,537 DEBUG [main][DefaultSingletonBeanRegistry.java:225] - Creating shared instance of singleton bean 'spring.resources-org.springframework.boot.autoconfigure.web.ResourceProperties'
2024-10-26 12:42:17,539 DEBUG [main][ConstructorResolver.java:807] - Autowiring by type from bean name 'org.springframework.boot.autoconfigure.web.servlet.error.ErrorMvcAutoConfiguration$DefaultErrorViewResolverConfiguration' via constructor to bean named 'org.springframework.boot.web.servlet.context.AnnotationConfigServletWebServerApplicationContext@14dda234'
2024-10-26 12:42:17,539 DEBUG [main][ConstructorResolver.java:807] - Autowiring by type from bean name 'org.springframework.boot.autoconfigure.web.servlet.error.ErrorMvcAutoConfiguration$DefaultErrorViewResolverConfiguration' via constructor to bean named 'org.springframework.boot.web.servlet.context.AnnotationConfigServletWebServerApplicationContext@14dda234'
2024-10-26 12:42:17,539 DEBUG [main][ConstructorResolver.java:807] - Autowiring by type from bean name 'org.springframework.boot.autoconfigure.web.servlet.error.ErrorMvcAutoConfiguration$DefaultErrorViewResolverConfiguration' via constructor to bean named 'spring.resources-org.springframework.boot.autoconfigure.web.ResourceProperties'
2024-10-26 12:42:17,539 DEBUG [main][ConstructorResolver.java:807] - Autowiring by type from bean name 'org.springframework.boot.autoconfigure.web.servlet.error.ErrorMvcAutoConfiguration$DefaultErrorViewResolverConfiguration' via constructor to bean named 'spring.resources-org.springframework.boot.autoconfigure.web.ResourceProperties'
2024-10-26 12:42:17,539 DEBUG [main][DefaultSingletonBeanRegistry.java:225] - Creating shared instance of singleton bean 'conventionErrorViewResolver'
2024-10-26 12:42:17,539 DEBUG [main][DefaultSingletonBeanRegistry.java:225] - Creating shared instance of singleton bean 'conventionErrorViewResolver'
2024-10-26 12:42:17,539 DEBUG [main][DefaultSingletonBeanRegistry.java:225] - Creating shared instance of singleton bean 'errorAttributes'
2024-10-26 12:42:17,539 DEBUG [main][DefaultSingletonBeanRegistry.java:225] - Creating shared instance of singleton bean 'errorAttributes'
2024-10-26 12:42:17,541 DEBUG [main][DefaultSingletonBeanRegistry.java:225] - Creating shared instance of singleton bean 'basicErrorController'
2024-10-26 12:42:17,541 DEBUG [main][DefaultSingletonBeanRegistry.java:225] - Creating shared instance of singleton bean 'basicErrorController'
2024-10-26 12:42:17,541 DEBUG [main][ConstructorResolver.java:807] - Autowiring by type from bean name 'basicErrorController' via factory method to bean named 'errorAttributes'
2024-10-26 12:42:17,541 DEBUG [main][ConstructorResolver.java:807] - Autowiring by type from bean name 'basicErrorController' via factory method to bean named 'errorAttributes'
2024-10-26 12:42:17,543 DEBUG [main][DefaultSingletonBeanRegistry.java:225] - Creating shared instance of singleton bean 'org.springframework.boot.autoconfigure.web.servlet.WebMvcAutoConfiguration$EnableWebMvcConfiguration'
2024-10-26 12:42:17,543 DEBUG [main][DefaultSingletonBeanRegistry.java:225] - Creating shared instance of singleton bean 'org.springframework.boot.autoconfigure.web.servlet.WebMvcAutoConfiguration$EnableWebMvcConfiguration'
2024-10-26 12:42:17,544 DEBUG [main][ConstructorResolver.java:807] - Autowiring by type from bean name 'org.springframework.boot.autoconfigure.web.servlet.WebMvcAutoConfiguration$EnableWebMvcConfiguration' via constructor to bean named 'spring.resources-org.springframework.boot.autoconfigure.web.ResourceProperties'
2024-10-26 12:42:17,544 DEBUG [main][ConstructorResolver.java:807] - Autowiring by type from bean name 'org.springframework.boot.autoconfigure.web.servlet.WebMvcAutoConfiguration$EnableWebMvcConfiguration' via constructor to bean named 'spring.resources-org.springframework.boot.autoconfigure.web.ResourceProperties'
2024-10-26 12:42:17,544 DEBUG [main][ConstructorResolver.java:807] - Autowiring by type from bean name 'org.springframework.boot.autoconfigure.web.servlet.WebMvcAutoConfiguration$EnableWebMvcConfiguration' via constructor to bean named 'org.springframework.beans.factory.support.DefaultListableBeanFactory@5bd82fed'
2024-10-26 12:42:17,544 DEBUG [main][ConstructorResolver.java:807] - Autowiring by type from bean name 'org.springframework.boot.autoconfigure.web.servlet.WebMvcAutoConfiguration$EnableWebMvcConfiguration' via constructor to bean named 'org.springframework.beans.factory.support.DefaultListableBeanFactory@5bd82fed'
2024-10-26 12:42:17,548 DEBUG [main][DefaultSingletonBeanRegistry.java:225] - Creating shared instance of singleton bean 'org.springframework.boot.autoconfigure.web.servlet.WebMvcAutoConfiguration$WebMvcAutoConfigurationAdapter'
2024-10-26 12:42:17,548 DEBUG [main][DefaultSingletonBeanRegistry.java:225] - Creating shared instance of singleton bean 'org.springframework.boot.autoconfigure.web.servlet.WebMvcAutoConfiguration$WebMvcAutoConfigurationAdapter'
2024-10-26 12:42:17,549 DEBUG [main][ConstructorResolver.java:807] - Autowiring by type from bean name 'org.springframework.boot.autoconfigure.web.servlet.WebMvcAutoConfiguration$WebMvcAutoConfigurationAdapter' via constructor to bean named 'spring.resources-org.springframework.boot.autoconfigure.web.ResourceProperties'
2024-10-26 12:42:17,549 DEBUG [main][ConstructorResolver.java:807] - Autowiring by type from bean name 'org.springframework.boot.autoconfigure.web.servlet.WebMvcAutoConfiguration$WebMvcAutoConfigurationAdapter' via constructor to bean named 'spring.resources-org.springframework.boot.autoconfigure.web.ResourceProperties'
2024-10-26 12:42:17,549 DEBUG [main][ConstructorResolver.java:807] - Autowiring by type from bean name 'org.springframework.boot.autoconfigure.web.servlet.WebMvcAutoConfiguration$WebMvcAutoConfigurationAdapter' via constructor to bean named 'spring.mvc-org.springframework.boot.autoconfigure.web.servlet.WebMvcProperties'
2024-10-26 12:42:17,549 DEBUG [main][ConstructorResolver.java:807] - Autowiring by type from bean name 'org.springframework.boot.autoconfigure.web.servlet.WebMvcAutoConfiguration$WebMvcAutoConfigurationAdapter' via constructor to bean named 'spring.mvc-org.springframework.boot.autoconfigure.web.servlet.WebMvcProperties'
2024-10-26 12:42:17,549 DEBUG [main][ConstructorResolver.java:807] - Autowiring by type from bean name 'org.springframework.boot.autoconfigure.web.servlet.WebMvcAutoConfiguration$WebMvcAutoConfigurationAdapter' via constructor to bean named 'org.springframework.beans.factory.support.DefaultListableBeanFactory@5bd82fed'
2024-10-26 12:42:17,549 DEBUG [main][ConstructorResolver.java:807] - Autowiring by type from bean name 'org.springframework.boot.autoconfigure.web.servlet.WebMvcAutoConfiguration$WebMvcAutoConfigurationAdapter' via constructor to bean named 'org.springframework.beans.factory.support.DefaultListableBeanFactory@5bd82fed'
2024-10-26 12:42:17,550 DEBUG [main][DefaultSingletonBeanRegistry.java:225] - Creating shared instance of singleton bean 'requestMappingHandlerAdapter'
2024-10-26 12:42:17,550 DEBUG [main][DefaultSingletonBeanRegistry.java:225] - Creating shared instance of singleton bean 'requestMappingHandlerAdapter'
2024-10-26 12:42:17,550 DEBUG [main][DefaultSingletonBeanRegistry.java:225] - Creating shared instance of singleton bean 'mvcContentNegotiationManager'
2024-10-26 12:42:17,550 DEBUG [main][DefaultSingletonBeanRegistry.java:225] - Creating shared instance of singleton bean 'mvcContentNegotiationManager'
2024-10-26 12:42:17,553 DEBUG [main][DefaultSingletonBeanRegistry.java:225] - Creating shared instance of singleton bean 'mvcConversionService'
2024-10-26 12:42:17,553 DEBUG [main][DefaultSingletonBeanRegistry.java:225] - Creating shared instance of singleton bean 'mvcConversionService'
2024-10-26 12:42:17,555 DEBUG [main][DefaultSingletonBeanRegistry.java:225] - Creating shared instance of singleton bean 'mvcValidator'
2024-10-26 12:42:17,555 DEBUG [main][DefaultSingletonBeanRegistry.java:225] - Creating shared instance of singleton bean 'mvcValidator'
2024-10-26 12:42:17,556 DEBUG [main][ConstructorResolver.java:807] - Autowiring by type from bean name 'requestMappingHandlerAdapter' via factory method to bean named 'mvcContentNegotiationManager'
2024-10-26 12:42:17,556 DEBUG [main][ConstructorResolver.java:807] - Autowiring by type from bean name 'requestMappingHandlerAdapter' via factory method to bean named 'mvcContentNegotiationManager'
2024-10-26 12:42:17,556 DEBUG [main][ConstructorResolver.java:807] - Autowiring by type from bean name 'requestMappingHandlerAdapter' via factory method to bean named 'mvcConversionService'
2024-10-26 12:42:17,556 DEBUG [main][ConstructorResolver.java:807] - Autowiring by type from bean name 'requestMappingHandlerAdapter' via factory method to bean named 'mvcConversionService'
2024-10-26 12:42:17,556 DEBUG [main][ConstructorResolver.java:807] - Autowiring by type from bean name 'requestMappingHandlerAdapter' via factory method to bean named 'mvcValidator'
2024-10-26 12:42:17,556 DEBUG [main][ConstructorResolver.java:807] - Autowiring by type from bean name 'requestMappingHandlerAdapter' via factory method to bean named 'mvcValidator'
2024-10-26 12:42:17,557 DEBUG [main][ConstructorResolver.java:807] - Autowiring by type from bean name 'requestMappingHandlerAdapter' via factory method to bean named 'mvcContentNegotiationManager'
2024-10-26 12:42:17,557 DEBUG [main][ConstructorResolver.java:807] - Autowiring by type from bean name 'requestMappingHandlerAdapter' via factory method to bean named 'mvcContentNegotiationManager'
2024-10-26 12:42:17,558 DEBUG [main][ConstructorResolver.java:807] - Autowiring by type from bean name 'requestMappingHandlerAdapter' via factory method to bean named 'mvcConversionService'
2024-10-26 12:42:17,558 DEBUG [main][ConstructorResolver.java:807] - Autowiring by type from bean name 'requestMappingHandlerAdapter' via factory method to bean named 'mvcConversionService'
2024-10-26 12:42:17,558 DEBUG [main][ConstructorResolver.java:807] - Autowiring by type from bean name 'requestMappingHandlerAdapter' via factory method to bean named 'mvcValidator'
2024-10-26 12:42:17,558 DEBUG [main][ConstructorResolver.java:807] - Autowiring by type from bean name 'requestMappingHandlerAdapter' via factory method to bean named 'mvcValidator'
2024-10-26 12:42:17,560 DEBUG [main][DefaultSingletonBeanRegistry.java:225] - Creating shared instance of singleton bean 'messageConverters'
2024-10-26 12:42:17,560 DEBUG [main][DefaultSingletonBeanRegistry.java:225] - Creating shared instance of singleton bean 'messageConverters'
2024-10-26 12:42:17,561 DEBUG [main][DefaultSingletonBeanRegistry.java:225] - Creating shared instance of singleton bean 'org.springframework.boot.autoconfigure.http.HttpMessageConvertersAutoConfiguration'
2024-10-26 12:42:17,561 DEBUG [main][DefaultSingletonBeanRegistry.java:225] - Creating shared instance of singleton bean 'org.springframework.boot.autoconfigure.http.HttpMessageConvertersAutoConfiguration'
2024-10-26 12:42:17,562 DEBUG [main][DefaultSingletonBeanRegistry.java:225] - Creating shared instance of singleton bean 'stringHttpMessageConverter'
2024-10-26 12:42:17,562 DEBUG [main][DefaultSingletonBeanRegistry.java:225] - Creating shared instance of singleton bean 'stringHttpMessageConverter'
2024-10-26 12:42:17,562 DEBUG [main][DefaultSingletonBeanRegistry.java:225] - Creating shared instance of singleton bean 'org.springframework.boot.autoconfigure.http.HttpMessageConvertersAutoConfiguration$StringHttpMessageConverterConfiguration'
2024-10-26 12:42:17,562 DEBUG [main][DefaultSingletonBeanRegistry.java:225] - Creating shared instance of singleton bean 'org.springframework.boot.autoconfigure.http.HttpMessageConvertersAutoConfiguration$StringHttpMessageConverterConfiguration'
2024-10-26 12:42:17,562 DEBUG [main][ConstructorResolver.java:807] - Autowiring by type from bean name 'stringHttpMessageConverter' via factory method to bean named 'environment'
2024-10-26 12:42:17,562 DEBUG [main][ConstructorResolver.java:807] - Autowiring by type from bean name 'stringHttpMessageConverter' via factory method to bean named 'environment'
2024-10-26 12:42:17,564 DEBUG [main][DefaultSingletonBeanRegistry.java:225] - Creating shared instance of singleton bean 'mappingJackson2HttpMessageConverter'
2024-10-26 12:42:17,564 DEBUG [main][DefaultSingletonBeanRegistry.java:225] - Creating shared instance of singleton bean 'mappingJackson2HttpMessageConverter'
2024-10-26 12:42:17,565 DEBUG [main][DefaultSingletonBeanRegistry.java:225] - Creating shared instance of singleton bean 'org.springframework.boot.autoconfigure.http.JacksonHttpMessageConvertersConfiguration$MappingJackson2HttpMessageConverterConfiguration'
2024-10-26 12:42:17,565 DEBUG [main][DefaultSingletonBeanRegistry.java:225] - Creating shared instance of singleton bean 'org.springframework.boot.autoconfigure.http.JacksonHttpMessageConvertersConfiguration$MappingJackson2HttpMessageConverterConfiguration'
2024-10-26 12:42:17,565 DEBUG [main][DefaultSingletonBeanRegistry.java:225] - Creating shared instance of singleton bean 'jacksonObjectMapper'
2024-10-26 12:42:17,565 DEBUG [main][DefaultSingletonBeanRegistry.java:225] - Creating shared instance of singleton bean 'jacksonObjectMapper'
2024-10-26 12:42:17,565 DEBUG [main][DefaultSingletonBeanRegistry.java:225] - Creating shared instance of singleton bean 'org.springframework.boot.autoconfigure.jackson.JacksonAutoConfiguration$JacksonObjectMapperConfiguration'
2024-10-26 12:42:17,565 DEBUG [main][DefaultSingletonBeanRegistry.java:225] - Creating shared instance of singleton bean 'org.springframework.boot.autoconfigure.jackson.JacksonAutoConfiguration$JacksonObjectMapperConfiguration'
2024-10-26 12:42:17,565 DEBUG [main][DefaultSingletonBeanRegistry.java:225] - Creating shared instance of singleton bean 'org.springframework.boot.autoconfigure.jackson.JacksonAutoConfiguration$JacksonObjectMapperBuilderConfiguration'
2024-10-26 12:42:17,565 DEBUG [main][DefaultSingletonBeanRegistry.java:225] - Creating shared instance of singleton bean 'org.springframework.boot.autoconfigure.jackson.JacksonAutoConfiguration$JacksonObjectMapperBuilderConfiguration'
2024-10-26 12:42:17,566 DEBUG [main][DefaultSingletonBeanRegistry.java:225] - Creating shared instance of singleton bean 'standardJacksonObjectMapperBuilderCustomizer'
2024-10-26 12:42:17,566 DEBUG [main][DefaultSingletonBeanRegistry.java:225] - Creating shared instance of singleton bean 'standardJacksonObjectMapperBuilderCustomizer'
2024-10-26 12:42:17,566 DEBUG [main][DefaultSingletonBeanRegistry.java:225] - Creating shared instance of singleton bean 'org.springframework.boot.autoconfigure.jackson.JacksonAutoConfiguration$Jackson2ObjectMapperBuilderCustomizerConfiguration'
2024-10-26 12:42:17,566 DEBUG [main][DefaultSingletonBeanRegistry.java:225] - Creating shared instance of singleton bean 'org.springframework.boot.autoconfigure.jackson.JacksonAutoConfiguration$Jackson2ObjectMapperBuilderCustomizerConfiguration'
2024-10-26 12:42:17,566 DEBUG [main][DefaultSingletonBeanRegistry.java:225] - Creating shared instance of singleton bean 'spring.jackson-org.springframework.boot.autoconfigure.jackson.JacksonProperties'
2024-10-26 12:42:17,566 DEBUG [main][DefaultSingletonBeanRegistry.java:225] - Creating shared instance of singleton bean 'spring.jackson-org.springframework.boot.autoconfigure.jackson.JacksonProperties'
2024-10-26 12:42:17,567 DEBUG [main][ConstructorResolver.java:807] - Autowiring by type from bean name 'standardJacksonObjectMapperBuilderCustomizer' via factory method to bean named 'org.springframework.boot.web.servlet.context.AnnotationConfigServletWebServerApplicationContext@14dda234'
2024-10-26 12:42:17,567 DEBUG [main][ConstructorResolver.java:807] - Autowiring by type from bean name 'standardJacksonObjectMapperBuilderCustomizer' via factory method to bean named 'org.springframework.boot.web.servlet.context.AnnotationConfigServletWebServerApplicationContext@14dda234'
2024-10-26 12:42:17,568 DEBUG [main][ConstructorResolver.java:807] - Autowiring by type from bean name 'standardJacksonObjectMapperBuilderCustomizer' via factory method to bean named 'spring.jackson-org.springframework.boot.autoconfigure.jackson.JacksonProperties'
2024-10-26 12:42:17,568 DEBUG [main][ConstructorResolver.java:807] - Autowiring by type from bean name 'standardJacksonObjectMapperBuilderCustomizer' via factory method to bean named 'spring.jackson-org.springframework.boot.autoconfigure.jackson.JacksonProperties'
2024-10-26 12:42:17,568 DEBUG [main][ConstructorResolver.java:807] - Autowiring by type from bean name 'jacksonObjectMapperBuilder' via factory method to bean named 'org.springframework.boot.web.servlet.context.AnnotationConfigServletWebServerApplicationContext@14dda234'
2024-10-26 12:42:17,568 DEBUG [main][ConstructorResolver.java:807] - Autowiring by type from bean name 'jacksonObjectMapperBuilder' via factory method to bean named 'org.springframework.boot.web.servlet.context.AnnotationConfigServletWebServerApplicationContext@14dda234'
2024-10-26 12:42:17,568 DEBUG [main][ConstructorResolver.java:807] - Autowiring by type from bean name 'jacksonObjectMapperBuilder' via factory method to bean named 'standardJacksonObjectMapperBuilderCustomizer'
2024-10-26 12:42:17,568 DEBUG [main][ConstructorResolver.java:807] - Autowiring by type from bean name 'jacksonObjectMapperBuilder' via factory method to bean named 'standardJacksonObjectMapperBuilderCustomizer'
2024-10-26 12:42:17,569 DEBUG [main][DefaultSingletonBeanRegistry.java:225] - Creating shared instance of singleton bean 'parameterNamesModule'
2024-10-26 12:42:17,569 DEBUG [main][DefaultSingletonBeanRegistry.java:225] - Creating shared instance of singleton bean 'parameterNamesModule'
2024-10-26 12:42:17,569 DEBUG [main][DefaultSingletonBeanRegistry.java:225] - Creating shared instance of singleton bean 'org.springframework.boot.autoconfigure.jackson.JacksonAutoConfiguration$ParameterNamesModuleConfiguration'
2024-10-26 12:42:17,569 DEBUG [main][DefaultSingletonBeanRegistry.java:225] - Creating shared instance of singleton bean 'org.springframework.boot.autoconfigure.jackson.JacksonAutoConfiguration$ParameterNamesModuleConfiguration'
2024-10-26 12:42:17,570 DEBUG [main][DefaultSingletonBeanRegistry.java:225] - Creating shared instance of singleton bean 'jsonComponentModule'
2024-10-26 12:42:17,570 DEBUG [main][DefaultSingletonBeanRegistry.java:225] - Creating shared instance of singleton bean 'jsonComponentModule'
2024-10-26 12:42:17,570 DEBUG [main][DefaultSingletonBeanRegistry.java:225] - Creating shared instance of singleton bean 'org.springframework.boot.autoconfigure.jackson.JacksonAutoConfiguration'
2024-10-26 12:42:17,570 DEBUG [main][DefaultSingletonBeanRegistry.java:225] - Creating shared instance of singleton bean 'org.springframework.boot.autoconfigure.jackson.JacksonAutoConfiguration'
2024-10-26 12:42:17,573 DEBUG [main][ConstructorResolver.java:807] - Autowiring by type from bean name 'jacksonObjectMapper' via factory method to bean named 'jacksonObjectMapperBuilder'
2024-10-26 12:42:17,573 DEBUG [main][ConstructorResolver.java:807] - Autowiring by type from bean name 'jacksonObjectMapper' via factory method to bean named 'jacksonObjectMapperBuilder'
2024-10-26 12:42:17,580 DEBUG [main][ConstructorResolver.java:807] - Autowiring by type from bean name 'mappingJackson2HttpMessageConverter' via factory method to bean named 'jacksonObjectMapper'
2024-10-26 12:42:17,580 DEBUG [main][ConstructorResolver.java:807] - Autowiring by type from bean name 'mappingJackson2HttpMessageConverter' via factory method to bean named 'jacksonObjectMapper'
2024-10-26 12:42:17,583 DEBUG [main][DefaultSingletonBeanRegistry.java:225] - Creating shared instance of singleton bean 'applicationTaskExecutor'
2024-10-26 12:42:17,583 DEBUG [main][DefaultSingletonBeanRegistry.java:225] - Creating shared instance of singleton bean 'applicationTaskExecutor'
2024-10-26 12:42:17,583 DEBUG [main][ConstructorResolver.java:807] - Autowiring by type from bean name 'applicationTaskExecutor' via factory method to bean named 'taskExecutorBuilder'
2024-10-26 12:42:17,583 DEBUG [main][ConstructorResolver.java:807] - Autowiring by type from bean name 'applicationTaskExecutor' via factory method to bean named 'taskExecutorBuilder'
2024-10-26 12:42:17,585 INFO [main][ExecutorConfigurationSupport.java:181] - Initializing ExecutorService 'applicationTaskExecutor'
2024-10-26 12:42:17,585 INFO [main][ExecutorConfigurationSupport.java:181] - Initializing ExecutorService 'applicationTaskExecutor'
2024-10-26 12:42:17,589 DEBUG [main][RequestMappingHandlerAdapter.java:614] - ControllerAdvice beans: 0 @ModelAttribute, 0 @InitBinder, 1 RequestBodyAdvice, 1 ResponseBodyAdvice
2024-10-26 12:42:17,589 DEBUG [main][RequestMappingHandlerAdapter.java:614] - ControllerAdvice beans: 0 @ModelAttribute, 0 @InitBinder, 1 RequestBodyAdvice, 1 ResponseBodyAdvice
2024-10-26 12:42:17,595 DEBUG [main][DefaultSingletonBeanRegistry.java:225] - Creating shared instance of singleton bean 'requestMappingHandlerMapping'
2024-10-26 12:42:17,595 DEBUG [main][DefaultSingletonBeanRegistry.java:225] - Creating shared instance of singleton bean 'requestMappingHandlerMapping'
2024-10-26 12:42:17,596 DEBUG [main][DefaultSingletonBeanRegistry.java:225] - Creating shared instance of singleton bean 'mvcResourceUrlProvider'
2024-10-26 12:42:17,596 DEBUG [main][DefaultSingletonBeanRegistry.java:225] - Creating shared instance of singleton bean 'mvcResourceUrlProvider'
2024-10-26 12:42:17,597 DEBUG [main][ConstructorResolver.java:807] - Autowiring by type from bean name 'requestMappingHandlerMapping' via factory method to bean named 'mvcContentNegotiationManager'
2024-10-26 12:42:17,597 DEBUG [main][ConstructorResolver.java:807] - Autowiring by type from bean name 'requestMappingHandlerMapping' via factory method to bean named 'mvcContentNegotiationManager'
2024-10-26 12:42:17,598 DEBUG [main][ConstructorResolver.java:807] - Autowiring by type from bean name 'requestMappingHandlerMapping' via factory method to bean named 'mvcConversionService'
2024-10-26 12:42:17,598 DEBUG [main][ConstructorResolver.java:807] - Autowiring by type from bean name 'requestMappingHandlerMapping' via factory method to bean named 'mvcConversionService'
2024-10-26 12:42:17,598 DEBUG [main][ConstructorResolver.java:807] - Autowiring by type from bean name 'requestMappingHandlerMapping' via factory method to bean named 'mvcResourceUrlProvider'
2024-10-26 12:42:17,598 DEBUG [main][ConstructorResolver.java:807] - Autowiring by type from bean name 'requestMappingHandlerMapping' via factory method to bean named 'mvcResourceUrlProvider'
2024-10-26 12:42:17,598 DEBUG [main][ConstructorResolver.java:807] - Autowiring by type from bean name 'requestMappingHandlerMapping' via factory method to bean named 'mvcContentNegotiationManager'
2024-10-26 12:42:17,598 DEBUG [main][ConstructorResolver.java:807] - Autowiring by type from bean name 'requestMappingHandlerMapping' via factory method to bean named 'mvcContentNegotiationManager'
2024-10-26 12:42:17,598 DEBUG [main][ConstructorResolver.java:807] - Autowiring by type from bean name 'requestMappingHandlerMapping' via factory method to bean named 'mvcConversionService'
2024-10-26 12:42:17,598 DEBUG [main][ConstructorResolver.java:807] - Autowiring by type from bean name 'requestMappingHandlerMapping' via factory method to bean named 'mvcConversionService'
2024-10-26 12:42:17,598 DEBUG [main][ConstructorResolver.java:807] - Autowiring by type from bean name 'requestMappingHandlerMapping' via factory method to bean named 'mvcResourceUrlProvider'
2024-10-26 12:42:17,598 DEBUG [main][ConstructorResolver.java:807] - Autowiring by type from bean name 'requestMappingHandlerMapping' via factory method to bean named 'mvcResourceUrlProvider'
2024-10-26 12:42:17,607 DEBUG [main][AbstractHandlerMethodMapping.java:351] - 3 mappings in 'requestMappingHandlerMapping'
2024-10-26 12:42:17,607 DEBUG [main][AbstractHandlerMethodMapping.java:351] - 3 mappings in 'requestMappingHandlerMapping'
2024-10-26 12:42:17,608 DEBUG [main][DefaultSingletonBeanRegistry.java:225] - Creating shared instance of singleton bean 'welcomePageHandlerMapping'
2024-10-26 12:42:17,608 DEBUG [main][DefaultSingletonBeanRegistry.java:225] - Creating shared instance of singleton bean 'welcomePageHandlerMapping'
2024-10-26 12:42:17,608 DEBUG [main][ConstructorResolver.java:807] - Autowiring by type from bean name 'welcomePageHandlerMapping' via factory method to bean named 'org.springframework.boot.web.servlet.context.AnnotationConfigServletWebServerApplicationContext@14dda234'
2024-10-26 12:42:17,608 DEBUG [main][ConstructorResolver.java:807] - Autowiring by type from bean name 'welcomePageHandlerMapping' via factory method to bean named 'org.springframework.boot.web.servlet.context.AnnotationConfigServletWebServerApplicationContext@14dda234'
2024-10-26 12:42:17,608 DEBUG [main][ConstructorResolver.java:807] - Autowiring by type from bean name 'welcomePageHandlerMapping' via factory method to bean named 'mvcConversionService'
2024-10-26 12:42:17,608 DEBUG [main][ConstructorResolver.java:807] - Autowiring by type from bean name 'welcomePageHandlerMapping' via factory method to bean named 'mvcConversionService'
2024-10-26 12:42:17,608 DEBUG [main][ConstructorResolver.java:807] - Autowiring by type from bean name 'welcomePageHandlerMapping' via factory method to bean named 'mvcResourceUrlProvider'
2024-10-26 12:42:17,608 DEBUG [main][ConstructorResolver.java:807] - Autowiring by type from bean name 'welcomePageHandlerMapping' via factory method to bean named 'mvcResourceUrlProvider'
2024-10-26 12:42:17,610 DEBUG [main][DefaultSingletonBeanRegistry.java:225] - Creating shared instance of singleton bean 'mvcPathMatcher'
2024-10-26 12:42:17,610 DEBUG [main][DefaultSingletonBeanRegistry.java:225] - Creating shared instance of singleton bean 'mvcPathMatcher'
2024-10-26 12:42:17,611 DEBUG [main][DefaultSingletonBeanRegistry.java:225] - Creating shared instance of singleton bean 'mvcUrlPathHelper'
2024-10-26 12:42:17,611 DEBUG [main][DefaultSingletonBeanRegistry.java:225] - Creating shared instance of singleton bean 'mvcUrlPathHelper'
2024-10-26 12:42:17,611 DEBUG [main][DefaultSingletonBeanRegistry.java:225] - Creating shared instance of singleton bean 'viewControllerHandlerMapping'
2024-10-26 12:42:17,611 DEBUG [main][DefaultSingletonBeanRegistry.java:225] - Creating shared instance of singleton bean 'viewControllerHandlerMapping'
2024-10-26 12:42:17,612 DEBUG [main][ConstructorResolver.java:807] - Autowiring by type from bean name 'viewControllerHandlerMapping' via factory method to bean named 'mvcPathMatcher'
2024-10-26 12:42:17,612 DEBUG [main][ConstructorResolver.java:807] - Autowiring by type from bean name 'viewControllerHandlerMapping' via factory method to bean named 'mvcPathMatcher'
2024-10-26 12:42:17,612 DEBUG [main][ConstructorResolver.java:807] - Autowiring by type from bean name 'viewControllerHandlerMapping' via factory method to bean named 'mvcUrlPathHelper'
2024-10-26 12:42:17,612 DEBUG [main][ConstructorResolver.java:807] - Autowiring by type from bean name 'viewControllerHandlerMapping' via factory method to bean named 'mvcUrlPathHelper'
2024-10-26 12:42:17,612 DEBUG [main][ConstructorResolver.java:807] - Autowiring by type from bean name 'viewControllerHandlerMapping' via factory method to bean named 'mvcConversionService'
2024-10-26 12:42:17,612 DEBUG [main][ConstructorResolver.java:807] - Autowiring by type from bean name 'viewControllerHandlerMapping' via factory method to bean named 'mvcConversionService'
2024-10-26 12:42:17,612 DEBUG [main][ConstructorResolver.java:807] - Autowiring by type from bean name 'viewControllerHandlerMapping' via factory method to bean named 'mvcResourceUrlProvider'
2024-10-26 12:42:17,612 DEBUG [main][ConstructorResolver.java:807] - Autowiring by type from bean name 'viewControllerHandlerMapping' via factory method to bean named 'mvcResourceUrlProvider'
2024-10-26 12:42:17,612 DEBUG [main][DefaultSingletonBeanRegistry.java:225] - Creating shared instance of singleton bean 'beanNameHandlerMapping'
2024-10-26 12:42:17,612 DEBUG [main][DefaultSingletonBeanRegistry.java:225] - Creating shared instance of singleton bean 'beanNameHandlerMapping'
2024-10-26 12:42:17,612 DEBUG [main][ConstructorResolver.java:807] - Autowiring by type from bean name 'beanNameHandlerMapping' via factory method to bean named 'mvcConversionService'
2024-10-26 12:42:17,612 DEBUG [main][ConstructorResolver.java:807] - Autowiring by type from bean name 'beanNameHandlerMapping' via factory method to bean named 'mvcConversionService'
2024-10-26 12:42:17,613 DEBUG [main][ConstructorResolver.java:807] - Autowiring by type from bean name 'beanNameHandlerMapping' via factory method to bean named 'mvcResourceUrlProvider'
2024-10-26 12:42:17,613 DEBUG [main][ConstructorResolver.java:807] - Autowiring by type from bean name 'beanNameHandlerMapping' via factory method to bean named 'mvcResourceUrlProvider'
2024-10-26 12:42:17,613 DEBUG [main][DefaultSingletonBeanRegistry.java:225] - Creating shared instance of singleton bean 'routerFunctionMapping'
2024-10-26 12:42:17,613 DEBUG [main][DefaultSingletonBeanRegistry.java:225] - Creating shared instance of singleton bean 'routerFunctionMapping'
2024-10-26 12:42:17,614 DEBUG [main][ConstructorResolver.java:807] - Autowiring by type from bean name 'routerFunctionMapping' via factory method to bean named 'mvcConversionService'
2024-10-26 12:42:17,614 DEBUG [main][ConstructorResolver.java:807] - Autowiring by type from bean name 'routerFunctionMapping' via factory method to bean named 'mvcConversionService'
2024-10-26 12:42:17,614 DEBUG [main][ConstructorResolver.java:807] - Autowiring by type from bean name 'routerFunctionMapping' via factory method to bean named 'mvcResourceUrlProvider'
2024-10-26 12:42:17,614 DEBUG [main][ConstructorResolver.java:807] - Autowiring by type from bean name 'routerFunctionMapping' via factory method to bean named 'mvcResourceUrlProvider'
2024-10-26 12:42:17,615 DEBUG [main][DefaultSingletonBeanRegistry.java:225] - Creating shared instance of singleton bean 'resourceHandlerMapping'
2024-10-26 12:42:17,615 DEBUG [main][DefaultSingletonBeanRegistry.java:225] - Creating shared instance of singleton bean 'resourceHandlerMapping'
2024-10-26 12:42:17,615 DEBUG [main][ConstructorResolver.java:807] - Autowiring by type from bean name 'resourceHandlerMapping' via factory method to bean named 'mvcUrlPathHelper'
2024-10-26 12:42:17,615 DEBUG [main][ConstructorResolver.java:807] - Autowiring by type from bean name 'resourceHandlerMapping' via factory method to bean named 'mvcUrlPathHelper'
2024-10-26 12:42:17,615 DEBUG [main][ConstructorResolver.java:807] - Autowiring by type from bean name 'resourceHandlerMapping' via factory method to bean named 'mvcPathMatcher'
2024-10-26 12:42:17,615 DEBUG [main][ConstructorResolver.java:807] - Autowiring by type from bean name 'resourceHandlerMapping' via factory method to bean named 'mvcContentNegotiationManager'
2024-10-26 12:42:17,615 DEBUG [main][ConstructorResolver.java:807] - Autowiring by type from bean name 'resourceHandlerMapping' via factory method to bean named 'mvcConversionService'
2024-10-26 12:42:17,615 DEBUG [main][ConstructorResolver.java:807] - Autowiring by type from bean name 'resourceHandlerMapping' via factory method to bean named 'mvcPathMatcher'
2024-10-26 12:42:17,615 DEBUG [main][ConstructorResolver.java:807] - Autowiring by type from bean name 'resourceHandlerMapping' via factory method to bean named 'mvcContentNegotiationManager'
2024-10-26 12:42:17,615 DEBUG [main][ConstructorResolver.java:807] - Autowiring by type from bean name 'resourceHandlerMapping' via factory method to bean named 'mvcConversionService'
2024-10-26 12:42:17,616 DEBUG [main][ConstructorResolver.java:807] - Autowiring by type from bean name 'resourceHandlerMapping' via factory method to bean named 'mvcResourceUrlProvider'
2024-10-26 12:42:17,616 DEBUG [main][ConstructorResolver.java:807] - Autowiring by type from bean name 'resourceHandlerMapping' via factory method to bean named 'mvcResourceUrlProvider'
2024-10-26 12:42:17,620 DEBUG [main][SimpleUrlHandlerMapping.java:173] - Patterns [/webjars/**, /**] in 'resourceHandlerMapping'
2024-10-26 12:42:17,620 DEBUG [main][SimpleUrlHandlerMapping.java:173] - Patterns [/webjars/**, /**] in 'resourceHandlerMapping'
2024-10-26 12:42:17,620 DEBUG [main][DefaultSingletonBeanRegistry.java:225] - Creating shared instance of singleton bean 'defaultServletHandlerMapping'
2024-10-26 12:42:17,620 DEBUG [main][DefaultSingletonBeanRegistry.java:225] - Creating shared instance of singleton bean 'defaultServletHandlerMapping'
2024-10-26 12:42:17,620 DEBUG [main][DefaultSingletonBeanRegistry.java:225] - Creating shared instance of singleton bean 'handlerFunctionAdapter'
2024-10-26 12:42:17,620 DEBUG [main][DefaultSingletonBeanRegistry.java:225] - Creating shared instance of singleton bean 'handlerFunctionAdapter'
2024-10-26 12:42:17,620 DEBUG [main][DefaultSingletonBeanRegistry.java:225] - Creating shared instance of singleton bean 'mvcUriComponentsContributor'
2024-10-26 12:42:17,620 DEBUG [main][DefaultSingletonBeanRegistry.java:225] - Creating shared instance of singleton bean 'mvcUriComponentsContributor'
2024-10-26 12:42:17,621 DEBUG [main][ConstructorResolver.java:807] - Autowiring by type from bean name 'mvcUriComponentsContributor' via factory method to bean named 'mvcConversionService'
2024-10-26 12:42:17,621 DEBUG [main][ConstructorResolver.java:807] - Autowiring by type from bean name 'mvcUriComponentsContributor' via factory method to bean named 'mvcConversionService'
2024-10-26 12:42:17,621 DEBUG [main][ConstructorResolver.java:807] - Autowiring by type from bean name 'mvcUriComponentsContributor' via factory method to bean named 'requestMappingHandlerAdapter'
2024-10-26 12:42:17,621 DEBUG [main][ConstructorResolver.java:807] - Autowiring by type from bean name 'mvcUriComponentsContributor' via factory method to bean named 'requestMappingHandlerAdapter'
2024-10-26 12:42:17,622 DEBUG [main][DefaultSingletonBeanRegistry.java:225] - Creating shared instance of singleton bean 'httpRequestHandlerAdapter'
2024-10-26 12:42:17,622 DEBUG [main][DefaultSingletonBeanRegistry.java:225] - Creating shared instance of singleton bean 'httpRequestHandlerAdapter'
2024-10-26 12:42:17,622 DEBUG [main][DefaultSingletonBeanRegistry.java:225] - Creating shared instance of singleton bean 'simpleControllerHandlerAdapter'
2024-10-26 12:42:17,622 DEBUG [main][DefaultSingletonBeanRegistry.java:225] - Creating shared instance of singleton bean 'simpleControllerHandlerAdapter'
2024-10-26 12:42:17,622 DEBUG [main][DefaultSingletonBeanRegistry.java:225] - Creating shared instance of singleton bean 'handlerExceptionResolver'
2024-10-26 12:42:17,622 DEBUG [main][DefaultSingletonBeanRegistry.java:225] - Creating shared instance of singleton bean 'handlerExceptionResolver'
2024-10-26 12:42:17,623 DEBUG [main][ConstructorResolver.java:807] - Autowiring by type from bean name 'handlerExceptionResolver' via factory method to bean named 'mvcContentNegotiationManager'
2024-10-26 12:42:17,623 DEBUG [main][ConstructorResolver.java:807] - Autowiring by type from bean name 'handlerExceptionResolver' via factory method to bean named 'mvcContentNegotiationManager'
2024-10-26 12:42:17,624 DEBUG [main][ExceptionHandlerExceptionResolver.java:297] - ControllerAdvice beans: 0 @ExceptionHandler, 1 ResponseBodyAdvice
2024-10-26 12:42:17,624 DEBUG [main][ExceptionHandlerExceptionResolver.java:297] - ControllerAdvice beans: 0 @ExceptionHandler, 1 ResponseBodyAdvice
2024-10-26 12:42:17,626 DEBUG [main][DefaultSingletonBeanRegistry.java:225] - Creating shared instance of singleton bean 'mvcViewResolver'
2024-10-26 12:42:17,626 DEBUG [main][DefaultSingletonBeanRegistry.java:225] - Creating shared instance of singleton bean 'mvcViewResolver'
2024-10-26 12:42:17,626 DEBUG [main][ConstructorResolver.java:807] - Autowiring by type from bean name 'mvcViewResolver' via factory method to bean named 'mvcContentNegotiationManager'
2024-10-26 12:42:17,626 DEBUG [main][ConstructorResolver.java:807] - Autowiring by type from bean name 'mvcViewResolver' via factory method to bean named 'mvcContentNegotiationManager'
2024-10-26 12:42:17,627 DEBUG [main][DefaultSingletonBeanRegistry.java:225] - Creating shared instance of singleton bean 'defaultViewResolver'
2024-10-26 12:42:17,627 DEBUG [main][DefaultSingletonBeanRegistry.java:225] - Creating shared instance of singleton bean 'defaultViewResolver'
2024-10-26 12:42:17,628 DEBUG [main][DefaultSingletonBeanRegistry.java:225] - Creating shared instance of singleton bean 'viewResolver'
2024-10-26 12:42:17,628 DEBUG [main][DefaultSingletonBeanRegistry.java:225] - Creating shared instance of singleton bean 'viewResolver'
2024-10-26 12:42:17,629 DEBUG [main][ConstructorResolver.java:807] - Autowiring by type from bean name 'viewResolver' via factory method to bean named 'org.springframework.beans.factory.support.DefaultListableBeanFactory@5bd82fed'
2024-10-26 12:42:17,629 DEBUG [main][ConstructorResolver.java:807] - Autowiring by type from bean name 'viewResolver' via factory method to bean named 'org.springframework.beans.factory.support.DefaultListableBeanFactory@5bd82fed'
2024-10-26 12:42:17,630 DEBUG [main][DefaultSingletonBeanRegistry.java:225] - Creating shared instance of singleton bean 'org.springframework.boot.autoconfigure.jmx.JmxAutoConfiguration'
2024-10-26 12:42:17,630 DEBUG [main][DefaultSingletonBeanRegistry.java:225] - Creating shared instance of singleton bean 'org.springframework.boot.autoconfigure.jmx.JmxAutoConfiguration'
2024-10-26 12:42:17,630 DEBUG [main][ConstructorResolver.java:807] - Autowiring by type from bean name 'org.springframework.boot.autoconfigure.jmx.JmxAutoConfiguration' via constructor to bean named 'environment'
2024-10-26 12:42:17,630 DEBUG [main][ConstructorResolver.java:807] - Autowiring by type from bean name 'org.springframework.boot.autoconfigure.jmx.JmxAutoConfiguration' via constructor to bean named 'environment'
2024-10-26 12:42:17,630 DEBUG [main][DefaultSingletonBeanRegistry.java:225] - Creating shared instance of singleton bean 'mbeanExporter'
2024-10-26 12:42:17,630 DEBUG [main][DefaultSingletonBeanRegistry.java:225] - Creating shared instance of singleton bean 'mbeanExporter'
2024-10-26 12:42:17,630 DEBUG [main][DefaultSingletonBeanRegistry.java:225] - Creating shared instance of singleton bean 'objectNamingStrategy'
2024-10-26 12:42:17,630 DEBUG [main][DefaultSingletonBeanRegistry.java:225] - Creating shared instance of singleton bean 'objectNamingStrategy'
2024-10-26 12:42:17,631 DEBUG [main][ConstructorResolver.java:807] - Autowiring by type from bean name 'mbeanExporter' via factory method to bean named 'objectNamingStrategy'
2024-10-26 12:42:17,631 DEBUG [main][ConstructorResolver.java:807] - Autowiring by type from bean name 'mbeanExporter' via factory method to bean named 'objectNamingStrategy'
2024-10-26 12:42:17,631 DEBUG [main][ConstructorResolver.java:807] - Autowiring by type from bean name 'mbeanExporter' via factory method to bean named 'org.springframework.beans.factory.support.DefaultListableBeanFactory@5bd82fed'
2024-10-26 12:42:17,631 DEBUG [main][ConstructorResolver.java:807] - Autowiring by type from bean name 'mbeanExporter' via factory method to bean named 'org.springframework.beans.factory.support.DefaultListableBeanFactory@5bd82fed'
2024-10-26 12:42:17,633 DEBUG [main][DefaultSingletonBeanRegistry.java:225] - Creating shared instance of singleton bean 'mbeanServer'
2024-10-26 12:42:17,633 DEBUG [main][DefaultSingletonBeanRegistry.java:225] - Creating shared instance of singleton bean 'mbeanServer'
2024-10-26 12:42:17,634 DEBUG [main][JmxUtils.java:127] - Found MBeanServer: com.sun.jmx.mbeanserver.JmxMBeanServer@7c3df479
2024-10-26 12:42:17,634 DEBUG [main][JmxUtils.java:127] - Found MBeanServer: com.sun.jmx.mbeanserver.JmxMBeanServer@7c3df479
2024-10-26 12:42:17,635 DEBUG [main][DefaultSingletonBeanRegistry.java:225] - Creating shared instance of singleton bean 'org.springframework.boot.autoconfigure.admin.SpringApplicationAdminJmxAutoConfiguration'
2024-10-26 12:42:17,635 DEBUG [main][DefaultSingletonBeanRegistry.java:225] - Creating shared instance of singleton bean 'org.springframework.boot.autoconfigure.admin.SpringApplicationAdminJmxAutoConfiguration'
2024-10-26 12:42:17,635 DEBUG [main][DefaultSingletonBeanRegistry.java:225] - Creating shared instance of singleton bean 'springApplicationAdminRegistrar'
2024-10-26 12:42:17,635 DEBUG [main][DefaultSingletonBeanRegistry.java:225] - Creating shared instance of singleton bean 'springApplicationAdminRegistrar'
2024-10-26 12:42:17,636 DEBUG [main][ConstructorResolver.java:807] - Autowiring by type from bean name 'springApplicationAdminRegistrar' via factory method to bean named 'environment'
2024-10-26 12:42:17,636 DEBUG [main][ConstructorResolver.java:807] - Autowiring by type from bean name 'springApplicationAdminRegistrar' via factory method to bean named 'environment'
2024-10-26 12:42:17,637 DEBUG [main][SpringApplicationAdminMXBeanRegistrar.java:131] - Application Admin MBean registered with name 'org.springframework.boot:type=Admin,name=SpringApplication'
2024-10-26 12:42:17,637 DEBUG [main][SpringApplicationAdminMXBeanRegistrar.java:131] - Application Admin MBean registered with name 'org.springframework.boot:type=Admin,name=SpringApplication'
2024-10-26 12:42:17,637 DEBUG [main][DefaultSingletonBeanRegistry.java:225] - Creating shared instance of singleton bean 'org.springframework.boot.autoconfigure.aop.AopAutoConfiguration$ClassProxyingConfiguration'
2024-10-26 12:42:17,637 DEBUG [main][DefaultSingletonBeanRegistry.java:225] - Creating shared instance of singleton bean 'org.springframework.boot.autoconfigure.aop.AopAutoConfiguration$ClassProxyingConfiguration'
2024-10-26 12:42:17,637 DEBUG [main][ConstructorResolver.java:807] - Autowiring by type from bean name 'org.springframework.boot.autoconfigure.aop.AopAutoConfiguration$ClassProxyingConfiguration' via constructor to bean named 'org.springframework.beans.factory.support.DefaultListableBeanFactory@5bd82fed'
2024-10-26 12:42:17,637 DEBUG [main][ConstructorResolver.java:807] - Autowiring by type from bean name 'org.springframework.boot.autoconfigure.aop.AopAutoConfiguration$ClassProxyingConfiguration' via constructor to bean named 'org.springframework.beans.factory.support.DefaultListableBeanFactory@5bd82fed'
2024-10-26 12:42:17,638 DEBUG [main][DefaultSingletonBeanRegistry.java:225] - Creating shared instance of singleton bean 'org.springframework.boot.autoconfigure.aop.AopAutoConfiguration'
2024-10-26 12:42:17,638 DEBUG [main][DefaultSingletonBeanRegistry.java:225] - Creating shared instance of singleton bean 'org.springframework.boot.autoconfigure.aop.AopAutoConfiguration'
2024-10-26 12:42:17,638 DEBUG [main][DefaultSingletonBeanRegistry.java:225] - Creating shared instance of singleton bean 'org.springframework.boot.autoconfigure.availability.ApplicationAvailabilityAutoConfiguration'
2024-10-26 12:42:17,638 DEBUG [main][DefaultSingletonBeanRegistry.java:225] - Creating shared instance of singleton bean 'org.springframework.boot.autoconfigure.availability.ApplicationAvailabilityAutoConfiguration'
2024-10-26 12:42:17,638 DEBUG [main][DefaultSingletonBeanRegistry.java:225] - Creating shared instance of singleton bean 'applicationAvailability'
2024-10-26 12:42:17,638 DEBUG [main][DefaultSingletonBeanRegistry.java:225] - Creating shared instance of singleton bean 'applicationAvailability'
2024-10-26 12:42:17,638 DEBUG [main][DefaultSingletonBeanRegistry.java:225] - Creating shared instance of singleton bean 'org.springframework.cloud.autoconfigure.RefreshAutoConfiguration'
2024-10-26 12:42:17,638 DEBUG [main][DefaultSingletonBeanRegistry.java:225] - Creating shared instance of singleton bean 'org.springframework.cloud.autoconfigure.RefreshAutoConfiguration'
2024-10-26 12:42:17,638 DEBUG [main][DefaultSingletonBeanRegistry.java:225] - Creating shared instance of singleton bean 'loggingRebinder'
2024-10-26 12:42:17,638 DEBUG [main][DefaultSingletonBeanRegistry.java:225] - Creating shared instance of singleton bean 'loggingRebinder'
2024-10-26 12:42:17,638 DEBUG [main][DefaultSingletonBeanRegistry.java:225] - Creating shared instance of singleton bean 'contextRefresher'
2024-10-26 12:42:17,638 DEBUG [main][DefaultSingletonBeanRegistry.java:225] - Creating shared instance of singleton bean 'contextRefresher'
2024-10-26 12:42:17,639 DEBUG [main][ConstructorResolver.java:807] - Autowiring by type from bean name 'contextRefresher' via factory method to bean named 'org.springframework.boot.web.servlet.context.AnnotationConfigServletWebServerApplicationContext@14dda234'
2024-10-26 12:42:17,639 DEBUG [main][ConstructorResolver.java:807] - Autowiring by type from bean name 'contextRefresher' via factory method to bean named 'org.springframework.boot.web.servlet.context.AnnotationConfigServletWebServerApplicationContext@14dda234'
2024-10-26 12:42:17,639 DEBUG [main][ConstructorResolver.java:807] - Autowiring by type from bean name 'contextRefresher' via factory method to bean named 'refreshScope'
2024-10-26 12:42:17,639 DEBUG [main][ConstructorResolver.java:807] - Autowiring by type from bean name 'contextRefresher' via factory method to bean named 'refreshScope'
2024-10-26 12:42:17,639 DEBUG [main][DefaultSingletonBeanRegistry.java:225] - Creating shared instance of singleton bean 'refreshEventListener'
2024-10-26 12:42:17,639 DEBUG [main][DefaultSingletonBeanRegistry.java:225] - Creating shared instance of singleton bean 'refreshEventListener'
2024-10-26 12:42:17,639 DEBUG [main][ConstructorResolver.java:807] - Autowiring by type from bean name 'refreshEventListener' via factory method to bean named 'contextRefresher'
2024-10-26 12:42:17,639 DEBUG [main][ConstructorResolver.java:807] - Autowiring by type from bean name 'refreshEventListener' via factory method to bean named 'contextRefresher'
2024-10-26 12:42:17,639 DEBUG [main][DefaultSingletonBeanRegistry.java:225] - Creating shared instance of singleton bean 'org.springframework.boot.autoconfigure.context.ConfigurationPropertiesAutoConfiguration'
2024-10-26 12:42:17,639 DEBUG [main][DefaultSingletonBeanRegistry.java:225] - Creating shared instance of singleton bean 'org.springframework.boot.autoconfigure.context.ConfigurationPropertiesAutoConfiguration'
2024-10-26 12:42:17,640 DEBUG [main][DefaultSingletonBeanRegistry.java:225] - Creating shared instance of singleton bean 'org.springframework.boot.autoconfigure.context.LifecycleAutoConfiguration'
2024-10-26 12:42:17,640 DEBUG [main][DefaultSingletonBeanRegistry.java:225] - Creating shared instance of singleton bean 'org.springframework.boot.autoconfigure.context.LifecycleAutoConfiguration'
2024-10-26 12:42:17,640 DEBUG [main][DefaultSingletonBeanRegistry.java:225] - Creating shared instance of singleton bean 'lifecycleProcessor'
2024-10-26 12:42:17,640 DEBUG [main][DefaultSingletonBeanRegistry.java:225] - Creating shared instance of singleton bean 'lifecycleProcessor'
2024-10-26 12:42:17,640 DEBUG [main][DefaultSingletonBeanRegistry.java:225] - Creating shared instance of singleton bean 'spring.lifecycle-org.springframework.boot.autoconfigure.context.LifecycleProperties'
2024-10-26 12:42:17,640 DEBUG [main][DefaultSingletonBeanRegistry.java:225] - Creating shared instance of singleton bean 'spring.lifecycle-org.springframework.boot.autoconfigure.context.LifecycleProperties'
2024-10-26 12:42:17,640 DEBUG [main][ConstructorResolver.java:807] - Autowiring by type from bean name 'lifecycleProcessor' via factory method to bean named 'spring.lifecycle-org.springframework.boot.autoconfigure.context.LifecycleProperties'
2024-10-26 12:42:17,640 DEBUG [main][ConstructorResolver.java:807] - Autowiring by type from bean name 'lifecycleProcessor' via factory method to bean named 'spring.lifecycle-org.springframework.boot.autoconfigure.context.LifecycleProperties'
2024-10-26 12:42:17,641 DEBUG [main][DefaultSingletonBeanRegistry.java:225] - Creating shared instance of singleton bean 'org.springframework.boot.autoconfigure.http.JacksonHttpMessageConvertersConfiguration'
2024-10-26 12:42:17,641 DEBUG [main][DefaultSingletonBeanRegistry.java:225] - Creating shared instance of singleton bean 'org.springframework.boot.autoconfigure.http.JacksonHttpMessageConvertersConfiguration'
2024-10-26 12:42:17,641 DEBUG [main][DefaultSingletonBeanRegistry.java:225] - Creating shared instance of singleton bean 'org.springframework.boot.autoconfigure.info.ProjectInfoAutoConfiguration'
2024-10-26 12:42:17,641 DEBUG [main][DefaultSingletonBeanRegistry.java:225] - Creating shared instance of singleton bean 'org.springframework.boot.autoconfigure.info.ProjectInfoAutoConfiguration'
2024-10-26 12:42:17,642 DEBUG [main][DefaultSingletonBeanRegistry.java:225] - Creating shared instance of singleton bean 'spring.info-org.springframework.boot.autoconfigure.info.ProjectInfoProperties'
2024-10-26 12:42:17,642 DEBUG [main][DefaultSingletonBeanRegistry.java:225] - Creating shared instance of singleton bean 'spring.info-org.springframework.boot.autoconfigure.info.ProjectInfoProperties'
2024-10-26 12:42:17,642 DEBUG [main][ConstructorResolver.java:807] - Autowiring by type from bean name 'org.springframework.boot.autoconfigure.info.ProjectInfoAutoConfiguration' via constructor to bean named 'spring.info-org.springframework.boot.autoconfigure.info.ProjectInfoProperties'
2024-10-26 12:42:17,642 DEBUG [main][ConstructorResolver.java:807] - Autowiring by type from bean name 'org.springframework.boot.autoconfigure.info.ProjectInfoAutoConfiguration' via constructor to bean named 'spring.info-org.springframework.boot.autoconfigure.info.ProjectInfoProperties'
2024-10-26 12:42:17,642 DEBUG [main][DefaultSingletonBeanRegistry.java:225] - Creating shared instance of singleton bean 'org.springframework.boot.autoconfigure.task.TaskSchedulingAutoConfiguration'
2024-10-26 12:42:17,642 DEBUG [main][DefaultSingletonBeanRegistry.java:225] - Creating shared instance of singleton bean 'org.springframework.boot.autoconfigure.task.TaskSchedulingAutoConfiguration'
2024-10-26 12:42:17,643 DEBUG [main][DefaultSingletonBeanRegistry.java:225] - Creating shared instance of singleton bean 'taskSchedulerBuilder'
2024-10-26 12:42:17,643 DEBUG [main][DefaultSingletonBeanRegistry.java:225] - Creating shared instance of singleton bean 'taskSchedulerBuilder'
2024-10-26 12:42:17,643 DEBUG [main][DefaultSingletonBeanRegistry.java:225] - Creating shared instance of singleton bean 'spring.task.scheduling-org.springframework.boot.autoconfigure.task.TaskSchedulingProperties'
2024-10-26 12:42:17,643 DEBUG [main][DefaultSingletonBeanRegistry.java:225] - Creating shared instance of singleton bean 'spring.task.scheduling-org.springframework.boot.autoconfigure.task.TaskSchedulingProperties'
2024-10-26 12:42:17,644 DEBUG [main][ConstructorResolver.java:807] - Autowiring by type from bean name 'taskSchedulerBuilder' via factory method to bean named 'spring.task.scheduling-org.springframework.boot.autoconfigure.task.TaskSchedulingProperties'
2024-10-26 12:42:17,644 DEBUG [main][ConstructorResolver.java:807] - Autowiring by type from bean name 'taskSchedulerBuilder' via factory method to bean named 'spring.task.scheduling-org.springframework.boot.autoconfigure.task.TaskSchedulingProperties'
2024-10-26 12:42:17,644 DEBUG [main][DefaultSingletonBeanRegistry.java:225] - Creating shared instance of singleton bean 'org.springframework.boot.autoconfigure.web.client.RestTemplateAutoConfiguration'
2024-10-26 12:42:17,644 DEBUG [main][DefaultSingletonBeanRegistry.java:225] - Creating shared instance of singleton bean 'org.springframework.boot.autoconfigure.web.client.RestTemplateAutoConfiguration'
2024-10-26 12:42:17,644 DEBUG [main][DefaultSingletonBeanRegistry.java:225] - Creating shared instance of singleton bean 'org.springframework.boot.autoconfigure.web.embedded.EmbeddedWebServerFactoryCustomizerAutoConfiguration'
2024-10-26 12:42:17,644 DEBUG [main][DefaultSingletonBeanRegistry.java:225] - Creating shared instance of singleton bean 'org.springframework.boot.autoconfigure.web.embedded.EmbeddedWebServerFactoryCustomizerAutoConfiguration'
2024-10-26 12:42:17,644 DEBUG [main][DefaultSingletonBeanRegistry.java:225] - Creating shared instance of singleton bean 'multipartResolver'
2024-10-26 12:42:17,644 DEBUG [main][DefaultSingletonBeanRegistry.java:225] - Creating shared instance of singleton bean 'multipartResolver'
2024-10-26 12:42:17,645 DEBUG [main][DefaultSingletonBeanRegistry.java:225] - Creating shared instance of singleton bean 'org.springframework.cloud.autoconfigure.ConfigurationPropertiesRebinderAutoConfiguration'
2024-10-26 12:42:17,645 DEBUG [main][DefaultSingletonBeanRegistry.java:225] - Creating shared instance of singleton bean 'org.springframework.cloud.autoconfigure.ConfigurationPropertiesRebinderAutoConfiguration'
2024-10-26 12:42:17,645 DEBUG [main][DefaultSingletonBeanRegistry.java:225] - Creating shared instance of singleton bean 'configurationPropertiesRebinder'
2024-10-26 12:42:17,645 DEBUG [main][DefaultSingletonBeanRegistry.java:225] - Creating shared instance of singleton bean 'configurationPropertiesRebinder'
2024-10-26 12:42:17,645 DEBUG [main][ConstructorResolver.java:807] - Autowiring by type from bean name 'configurationPropertiesRebinder' via factory method to bean named 'configurationPropertiesBeans'
2024-10-26 12:42:17,645 DEBUG [main][ConstructorResolver.java:807] - Autowiring by type from bean name 'configurationPropertiesRebinder' via factory method to bean named 'configurationPropertiesBeans'
2024-10-26 12:42:17,645 DEBUG [main][DefaultSingletonBeanRegistry.java:225] - Creating shared instance of singleton bean 'org.springframework.cloud.autoconfigure.LifecycleMvcEndpointAutoConfiguration'
2024-10-26 12:42:17,645 DEBUG [main][DefaultSingletonBeanRegistry.java:225] - Creating shared instance of singleton bean 'org.springframework.cloud.autoconfigure.LifecycleMvcEndpointAutoConfiguration'
2024-10-26 12:42:17,646 DEBUG [main][DefaultSingletonBeanRegistry.java:225] - Creating shared instance of singleton bean 'environmentManager'
2024-10-26 12:42:17,646 DEBUG [main][DefaultSingletonBeanRegistry.java:225] - Creating shared instance of singleton bean 'environmentManager'
2024-10-26 12:42:17,646 DEBUG [main][ConstructorResolver.java:807] - Autowiring by type from bean name 'environmentManager' via factory method to bean named 'environment'
2024-10-26 12:42:17,646 DEBUG [main][ConstructorResolver.java:807] - Autowiring by type from bean name 'environmentManager' via factory method to bean named 'environment'
2024-10-26 12:42:17,648 DEBUG [main][MBeanExporter.java:434] - Registering beans for JMX exposure on startup
2024-10-26 12:42:17,648 DEBUG [main][MBeanExporter.java:434] - Registering beans for JMX exposure on startup
2024-10-26 12:42:17,649 DEBUG [main][MBeanExporter.java:541] - Autodetecting user-defined JMX MBeans
2024-10-26 12:42:17,649 DEBUG [main][MBeanExporter.java:541] - Autodetecting user-defined JMX MBeans
2024-10-26 12:42:17,651 DEBUG [main][MBeanExporter.java:896] - Bean with name 'refreshScope' has been autodetected for JMX exposure
2024-10-26 12:42:17,651 DEBUG [main][MBeanExporter.java:896] - Bean with name 'refreshScope' has been autodetected for JMX exposure
2024-10-26 12:42:17,652 DEBUG [main][MBeanExporter.java:896] - Bean with name 'configurationPropertiesRebinder' has been autodetected for JMX exposure
2024-10-26 12:42:17,652 DEBUG [main][MBeanExporter.java:896] - Bean with name 'configurationPropertiesRebinder' has been autodetected for JMX exposure
2024-10-26 12:42:17,652 DEBUG [main][MBeanExporter.java:896] - Bean with name 'environmentManager' has been autodetected for JMX exposure
2024-10-26 12:42:17,652 DEBUG [main][MBeanExporter.java:896] - Bean with name 'environmentManager' has been autodetected for JMX exposure
2024-10-26 12:42:17,653 DEBUG [main][MBeanExporter.java:676] - Located managed bean 'environmentManager': registering with JMX server as MBean [org.springframework.cloud.context.environment:name=environmentManager,type=EnvironmentManager]
2024-10-26 12:42:17,653 DEBUG [main][MBeanExporter.java:676] - Located managed bean 'environmentManager': registering with JMX server as MBean [org.springframework.cloud.context.environment:name=environmentManager,type=EnvironmentManager]
2024-10-26 12:42:17,660 DEBUG [main][MBeanExporter.java:676] - Located managed bean 'refreshScope': registering with JMX server as MBean [org.springframework.cloud.context.scope.refresh:name=refreshScope,type=RefreshScope]
2024-10-26 12:42:17,660 DEBUG [main][MBeanExporter.java:676] - Located managed bean 'refreshScope': registering with JMX server as MBean [org.springframework.cloud.context.scope.refresh:name=refreshScope,type=RefreshScope]
2024-10-26 12:42:17,665 DEBUG [main][MBeanExporter.java:676] - Located managed bean 'configurationPropertiesRebinder': registering with JMX server as MBean [org.springframework.cloud.context.properties:name=configurationPropertiesRebinder,context=14dda234,type=ConfigurationPropertiesRebinder]
2024-10-26 12:42:17,665 DEBUG [main][MBeanExporter.java:676] - Located managed bean 'configurationPropertiesRebinder': registering with JMX server as MBean [org.springframework.cloud.context.properties:name=configurationPropertiesRebinder,context=14dda234,type=ConfigurationPropertiesRebinder]
2024-10-26 12:42:17,671 DEBUG [main][DefaultLifecycleProcessor.java:356] - Starting beans in phase 2147483646
2024-10-26 12:42:17,671 DEBUG [main][DefaultLifecycleProcessor.java:356] - Starting beans in phase 2147483646
2024-10-26 12:42:17,671 INFO [main][DirectJDKLog.java:173] - Starting ProtocolHandler ["http-nio-63040"]
2024-10-26 12:42:17,671 INFO [main][DirectJDKLog.java:173] - Starting ProtocolHandler ["http-nio-63040"]
2024-10-26 12:42:17,730 INFO [main][TomcatWebServer.java:220] - Tomcat started on port(s): 63040 (http) with context path '/content'
2024-10-26 12:42:17,730 INFO [main][TomcatWebServer.java:220] - Tomcat started on port(s): 63040 (http) with context path '/content'
2024-10-26 12:42:17,731 DEBUG [main][DefaultLifecycleProcessor.java:188] - Successfully started bean 'webServerStartStop'
2024-10-26 12:42:17,731 DEBUG [main][DefaultLifecycleProcessor.java:188] - Successfully started bean 'webServerStartStop'
2024-10-26 12:42:17,731 DEBUG [main][DefaultLifecycleProcessor.java:356] - Starting beans in phase 2147483647
2024-10-26 12:42:17,731 DEBUG [main][DefaultLifecycleProcessor.java:356] - Starting beans in phase 2147483647
2024-10-26 12:42:17,731 DEBUG [main][DefaultLifecycleProcessor.java:188] - Successfully started bean 'webServerGracefulShutdown'
2024-10-26 12:42:17,731 DEBUG [main][DefaultLifecycleProcessor.java:188] - Successfully started bean 'webServerGracefulShutdown'
2024-10-26 12:42:17,736 DEBUG [main][ConditionEvaluationReportLoggingListener.java:126] - 


============================
CONDITIONS EVALUATION REPORT
============================


Positive matches:
-----------------

   AopAutoConfiguration matched:
      - @ConditionalOnProperty (spring.aop.auto=true) matched (OnPropertyCondition)

   AopAutoConfiguration.ClassProxyingConfiguration matched:
      - @ConditionalOnMissingClass did not find unwanted class 'org.aspectj.weaver.Advice' (OnClassCondition)
      - @ConditionalOnProperty (spring.aop.proxy-target-class=true) matched (OnPropertyCondition)

   ConfigurationPropertiesRebinderAutoConfiguration matched:
      - @ConditionalOnBean (types: org.springframework.boot.context.properties.ConfigurationPropertiesBindingPostProcessor; SearchStrategy: all) found bean 'org.springframework.boot.context.properties.ConfigurationPropertiesBindingPostProcessor' (OnBeanCondition)

   ConfigurationPropertiesRebinderAutoConfiguration#configurationPropertiesBeans matched:
      - @ConditionalOnMissingBean (types: org.springframework.cloud.context.properties.ConfigurationPropertiesBeans; SearchStrategy: current) did not find any beans (OnBeanCondition)

   ConfigurationPropertiesRebinderAutoConfiguration#configurationPropertiesRebinder matched:
      - @ConditionalOnMissingBean (types: org.springframework.cloud.context.properties.ConfigurationPropertiesRebinder; SearchStrategy: current) did not find any beans (OnBeanCondition)

   DispatcherServletAutoConfiguration matched:
      - @ConditionalOnClass found required class 'org.springframework.web.servlet.DispatcherServlet' (OnClassCondition)
      - found 'session' scope (OnWebApplicationCondition)

   DispatcherServletAutoConfiguration.DispatcherServletConfiguration matched:
      - @ConditionalOnClass found required class 'javax.servlet.ServletRegistration' (OnClassCondition)
      - Default DispatcherServlet did not find dispatcher servlet beans (DispatcherServletAutoConfiguration.DefaultDispatcherServletCondition)

   DispatcherServletAutoConfiguration.DispatcherServletRegistrationConfiguration matched:
      - @ConditionalOnClass found required class 'javax.servlet.ServletRegistration' (OnClassCondition)
      - DispatcherServlet Registration did not find servlet registration bean (DispatcherServletAutoConfiguration.DispatcherServletRegistrationCondition)

   DispatcherServletAutoConfiguration.DispatcherServletRegistrationConfiguration#dispatcherServletRegistration matched:
      - @ConditionalOnBean (names: dispatcherServlet types: org.springframework.web.servlet.DispatcherServlet; SearchStrategy: all) found bean 'dispatcherServlet' (OnBeanCondition)

   EmbeddedWebServerFactoryCustomizerAutoConfiguration matched:
      - @ConditionalOnWebApplication (required) found 'session' scope (OnWebApplicationCondition)

   EmbeddedWebServerFactoryCustomizerAutoConfiguration.TomcatWebServerFactoryCustomizerConfiguration matched:
      - @ConditionalOnClass found required classes 'org.apache.catalina.startup.Tomcat', 'org.apache.coyote.UpgradeProtocol' (OnClassCondition)

   ErrorMvcAutoConfiguration matched:
      - @ConditionalOnClass found required classes 'javax.servlet.Servlet', 'org.springframework.web.servlet.DispatcherServlet' (OnClassCondition)
      - found 'session' scope (OnWebApplicationCondition)

   ErrorMvcAutoConfiguration#basicErrorController matched:
      - @ConditionalOnMissingBean (types: org.springframework.boot.web.servlet.error.ErrorController; SearchStrategy: current) did not find any beans (OnBeanCondition)

   ErrorMvcAutoConfiguration#errorAttributes matched:
      - @ConditionalOnMissingBean (types: org.springframework.boot.web.servlet.error.ErrorAttributes; SearchStrategy: current) did not find any beans (OnBeanCondition)

   ErrorMvcAutoConfiguration.DefaultErrorViewResolverConfiguration#conventionErrorViewResolver matched:
      - @ConditionalOnBean (types: org.springframework.web.servlet.DispatcherServlet; SearchStrategy: all) found bean 'dispatcherServlet'; @ConditionalOnMissingBean (types: org.springframework.boot.autoconfigure.web.servlet.error.ErrorViewResolver; SearchStrategy: all) did not find any beans (OnBeanCondition)

   ErrorMvcAutoConfiguration.WhitelabelErrorViewConfiguration matched:
      - @ConditionalOnProperty (server.error.whitelabel.enabled) matched (OnPropertyCondition)
      - ErrorTemplate Missing did not find error template view (ErrorMvcAutoConfiguration.ErrorTemplateMissingCondition)

   ErrorMvcAutoConfiguration.WhitelabelErrorViewConfiguration#beanNameViewResolver matched:
      - @ConditionalOnMissingBean (types: org.springframework.web.servlet.view.BeanNameViewResolver; SearchStrategy: all) did not find any beans (OnBeanCondition)

   ErrorMvcAutoConfiguration.WhitelabelErrorViewConfiguration#defaultErrorView matched:
      - @ConditionalOnMissingBean (names: error; SearchStrategy: all) did not find any beans (OnBeanCondition)

   GenericCacheConfiguration matched:
      - Cache org.springframework.boot.autoconfigure.cache.GenericCacheConfiguration automatic cache type (CacheCondition)

   HttpEncodingAutoConfiguration matched:
      - @ConditionalOnClass found required class 'org.springframework.web.filter.CharacterEncodingFilter' (OnClassCondition)
      - found 'session' scope (OnWebApplicationCondition)
      - @ConditionalOnProperty (server.servlet.encoding.enabled) matched (OnPropertyCondition)

   HttpEncodingAutoConfiguration#characterEncodingFilter matched:
      - @ConditionalOnMissingBean (types: org.springframework.web.filter.CharacterEncodingFilter; SearchStrategy: all) did not find any beans (OnBeanCondition)

   HttpMessageConvertersAutoConfiguration matched:
      - @ConditionalOnClass found required class 'org.springframework.http.converter.HttpMessageConverter' (OnClassCondition)
      - NoneNestedConditions 0 matched 1 did not; NestedCondition on HttpMessageConvertersAutoConfiguration.NotReactiveWebApplicationCondition.ReactiveWebApplication did not find reactive web application classes (HttpMessageConvertersAutoConfiguration.NotReactiveWebApplicationCondition)

   HttpMessageConvertersAutoConfiguration#messageConverters matched:
      - @ConditionalOnMissingBean (types: org.springframework.boot.autoconfigure.http.HttpMessageConverters; SearchStrategy: all) did not find any beans (OnBeanCondition)

   HttpMessageConvertersAutoConfiguration.StringHttpMessageConverterConfiguration matched:
      - @ConditionalOnClass found required class 'org.springframework.http.converter.StringHttpMessageConverter' (OnClassCondition)

   HttpMessageConvertersAutoConfiguration.StringHttpMessageConverterConfiguration#stringHttpMessageConverter matched:
      - @ConditionalOnMissingBean (types: org.springframework.http.converter.StringHttpMessageConverter; SearchStrategy: all) did not find any beans (OnBeanCondition)

   JacksonAutoConfiguration matched:
      - @ConditionalOnClass found required class 'com.fasterxml.jackson.databind.ObjectMapper' (OnClassCondition)

   JacksonAutoConfiguration.Jackson2ObjectMapperBuilderCustomizerConfiguration matched:
      - @ConditionalOnClass found required class 'org.springframework.http.converter.json.Jackson2ObjectMapperBuilder' (OnClassCondition)

   JacksonAutoConfiguration.JacksonObjectMapperBuilderConfiguration matched:
      - @ConditionalOnClass found required class 'org.springframework.http.converter.json.Jackson2ObjectMapperBuilder' (OnClassCondition)

   JacksonAutoConfiguration.JacksonObjectMapperBuilderConfiguration#jacksonObjectMapperBuilder matched:
      - @ConditionalOnMissingBean (types: org.springframework.http.converter.json.Jackson2ObjectMapperBuilder; SearchStrategy: all) did not find any beans (OnBeanCondition)

   JacksonAutoConfiguration.JacksonObjectMapperConfiguration matched:
      - @ConditionalOnClass found required class 'org.springframework.http.converter.json.Jackson2ObjectMapperBuilder' (OnClassCondition)

   JacksonAutoConfiguration.JacksonObjectMapperConfiguration#jacksonObjectMapper matched:
      - @ConditionalOnMissingBean (types: com.fasterxml.jackson.databind.ObjectMapper; SearchStrategy: all) did not find any beans (OnBeanCondition)

   JacksonAutoConfiguration.ParameterNamesModuleConfiguration matched:
      - @ConditionalOnClass found required class 'com.fasterxml.jackson.module.paramnames.ParameterNamesModule' (OnClassCondition)

   JacksonAutoConfiguration.ParameterNamesModuleConfiguration#parameterNamesModule matched:
      - @ConditionalOnMissingBean (types: com.fasterxml.jackson.module.paramnames.ParameterNamesModule; SearchStrategy: all) did not find any beans (OnBeanCondition)

   JacksonHttpMessageConvertersConfiguration.MappingJackson2HttpMessageConverterConfiguration matched:
      - @ConditionalOnClass found required class 'com.fasterxml.jackson.databind.ObjectMapper' (OnClassCondition)
      - @ConditionalOnProperty (spring.mvc.converters.preferred-json-mapper=jackson) matched (OnPropertyCondition)
      - @ConditionalOnBean (types: com.fasterxml.jackson.databind.ObjectMapper; SearchStrategy: all) found bean 'jacksonObjectMapper' (OnBeanCondition)

   JacksonHttpMessageConvertersConfiguration.MappingJackson2HttpMessageConverterConfiguration#mappingJackson2HttpMessageConverter matched:
      - @ConditionalOnMissingBean (types: org.springframework.http.converter.json.MappingJackson2HttpMessageConverter ignored: org.springframework.hateoas.server.mvc.TypeConstrainedMappingJackson2HttpMessageConverter,org.springframework.data.rest.webmvc.alps.AlpsJsonHttpMessageConverter; SearchStrategy: all) did not find any beans (OnBeanCondition)

   JmxAutoConfiguration matched:
      - @ConditionalOnClass found required class 'org.springframework.jmx.export.MBeanExporter' (OnClassCondition)
      - @ConditionalOnProperty (spring.jmx.enabled=true) matched (OnPropertyCondition)

   JmxAutoConfiguration#mbeanExporter matched:
      - @ConditionalOnMissingBean (types: org.springframework.jmx.export.MBeanExporter; SearchStrategy: current) did not find any beans (OnBeanCondition)

   JmxAutoConfiguration#mbeanServer matched:
      - @ConditionalOnMissingBean (types: javax.management.MBeanServer; SearchStrategy: all) did not find any beans (OnBeanCondition)

   JmxAutoConfiguration#objectNamingStrategy matched:
      - @ConditionalOnMissingBean (types: org.springframework.jmx.export.naming.ObjectNamingStrategy; SearchStrategy: current) did not find any beans (OnBeanCondition)

   LifecycleAutoConfiguration#defaultLifecycleProcessor matched:
      - @ConditionalOnMissingBean (names: lifecycleProcessor; SearchStrategy: current) did not find any beans (OnBeanCondition)

   LifecycleMvcEndpointAutoConfiguration#environmentManager matched:
      - @ConditionalOnMissingBean (types: org.springframework.cloud.context.environment.EnvironmentManager; SearchStrategy: all) did not find any beans (OnBeanCondition)

   MultipartAutoConfiguration matched:
      - @ConditionalOnClass found required classes 'javax.servlet.Servlet', 'org.springframework.web.multipart.support.StandardServletMultipartResolver', 'javax.servlet.MultipartConfigElement' (OnClassCondition)
      - found 'session' scope (OnWebApplicationCondition)
      - @ConditionalOnProperty (spring.servlet.multipart.enabled) matched (OnPropertyCondition)

   MultipartAutoConfiguration#multipartConfigElement matched:
      - @ConditionalOnMissingBean (types: javax.servlet.MultipartConfigElement,org.springframework.web.multipart.commons.CommonsMultipartResolver; SearchStrategy: all) did not find any beans (OnBeanCondition)

   MultipartAutoConfiguration#multipartResolver matched:
      - @ConditionalOnMissingBean (types: org.springframework.web.multipart.MultipartResolver; SearchStrategy: all) did not find any beans (OnBeanCondition)

   NoOpCacheConfiguration matched:
      - Cache org.springframework.boot.autoconfigure.cache.NoOpCacheConfiguration automatic cache type (CacheCondition)

   PropertyPlaceholderAutoConfiguration#propertySourcesPlaceholderConfigurer matched:
      - @ConditionalOnMissingBean (types: org.springframework.context.support.PropertySourcesPlaceholderConfigurer; SearchStrategy: current) did not find any beans (OnBeanCondition)

   RefreshAutoConfiguration matched:
      - @ConditionalOnClass found required class 'org.springframework.cloud.context.scope.refresh.RefreshScope' (OnClassCondition)
      - @ConditionalOnProperty (spring.cloud.refresh.enabled) matched (OnPropertyCondition)

   RefreshAutoConfiguration#contextRefresher matched:
      - @ConditionalOnMissingBean (types: org.springframework.cloud.context.refresh.ContextRefresher; SearchStrategy: all) did not find any beans (OnBeanCondition)

   RefreshAutoConfiguration#loggingRebinder matched:
      - @ConditionalOnMissingBean (types: org.springframework.cloud.logging.LoggingRebinder; SearchStrategy: all) did not find any beans (OnBeanCondition)

   RefreshAutoConfiguration#refreshScope matched:
      - @ConditionalOnMissingBean (types: org.springframework.cloud.context.scope.refresh.RefreshScope; SearchStrategy: all) did not find any beans (OnBeanCondition)

   RestTemplateAutoConfiguration matched:
      - @ConditionalOnClass found required class 'org.springframework.web.client.RestTemplate' (OnClassCondition)
      - NoneNestedConditions 0 matched 1 did not; NestedCondition on RestTemplateAutoConfiguration.NotReactiveWebApplicationCondition.ReactiveWebApplication did not find reactive web application classes (RestTemplateAutoConfiguration.NotReactiveWebApplicationCondition)

   RestTemplateAutoConfiguration#restTemplateBuilder matched:
      - @ConditionalOnMissingBean (types: org.springframework.boot.web.client.RestTemplateBuilder; SearchStrategy: all) did not find any beans (OnBeanCondition)

   ServletWebServerFactoryAutoConfiguration matched:
      - @ConditionalOnClass found required class 'javax.servlet.ServletRequest' (OnClassCondition)
      - found 'session' scope (OnWebApplicationCondition)

   ServletWebServerFactoryAutoConfiguration#tomcatServletWebServerFactoryCustomizer matched:
      - @ConditionalOnClass found required class 'org.apache.catalina.startup.Tomcat' (OnClassCondition)

   ServletWebServerFactoryConfiguration.EmbeddedTomcat matched:
      - @ConditionalOnClass found required classes 'javax.servlet.Servlet', 'org.apache.catalina.startup.Tomcat', 'org.apache.coyote.UpgradeProtocol' (OnClassCondition)
      - @ConditionalOnMissingBean (types: org.springframework.boot.web.servlet.server.ServletWebServerFactory; SearchStrategy: current) did not find any beans (OnBeanCondition)

   SimpleCacheConfiguration matched:
      - Cache org.springframework.boot.autoconfigure.cache.SimpleCacheConfiguration automatic cache type (CacheCondition)

   SpringApplicationAdminJmxAutoConfiguration matched:
      - @ConditionalOnProperty (spring.application.admin.enabled=true) matched (OnPropertyCondition)

   SpringApplicationAdminJmxAutoConfiguration#springApplicationAdminRegistrar matched:
      - @ConditionalOnMissingBean (types: org.springframework.boot.admin.SpringApplicationAdminMXBeanRegistrar; SearchStrategy: all) did not find any beans (OnBeanCondition)

   TaskExecutionAutoConfiguration matched:
      - @ConditionalOnClass found required class 'org.springframework.scheduling.concurrent.ThreadPoolTaskExecutor' (OnClassCondition)

   TaskExecutionAutoConfiguration#applicationTaskExecutor matched:
      - @ConditionalOnMissingBean (types: java.util.concurrent.Executor; SearchStrategy: all) did not find any beans (OnBeanCondition)

   TaskExecutionAutoConfiguration#taskExecutorBuilder matched:
      - @ConditionalOnMissingBean (types: org.springframework.boot.task.TaskExecutorBuilder; SearchStrategy: all) did not find any beans (OnBeanCondition)

   TaskSchedulingAutoConfiguration matched:
      - @ConditionalOnClass found required class 'org.springframework.scheduling.concurrent.ThreadPoolTaskScheduler' (OnClassCondition)

   TaskSchedulingAutoConfiguration#taskSchedulerBuilder matched:
      - @ConditionalOnMissingBean (types: org.springframework.boot.task.TaskSchedulerBuilder; SearchStrategy: all) did not find any beans (OnBeanCondition)

   ValidationAutoConfiguration matched:
      - @ConditionalOnClass found required class 'javax.validation.executable.ExecutableValidator' (OnClassCondition)
      - @ConditionalOnResource found location classpath:META-INF/services/javax.validation.spi.ValidationProvider (OnResourceCondition)

   ValidationAutoConfiguration#defaultValidator matched:
      - @ConditionalOnMissingBean (types: javax.validation.Validator; SearchStrategy: all) did not find any beans (OnBeanCondition)

   ValidationAutoConfiguration#methodValidationPostProcessor matched:
      - @ConditionalOnMissingBean (types: org.springframework.validation.beanvalidation.MethodValidationPostProcessor; SearchStrategy: all) did not find any beans (OnBeanCondition)

   WebMvcAutoConfiguration matched:
      - @ConditionalOnClass found required classes 'javax.servlet.Servlet', 'org.springframework.web.servlet.DispatcherServlet', 'org.springframework.web.servlet.config.annotation.WebMvcConfigurer' (OnClassCondition)
      - found 'session' scope (OnWebApplicationCondition)
      - @ConditionalOnMissingBean (types: org.springframework.web.servlet.config.annotation.WebMvcConfigurationSupport; SearchStrategy: all) did not find any beans (OnBeanCondition)

   WebMvcAutoConfiguration#formContentFilter matched:
      - @ConditionalOnProperty (spring.mvc.formcontent.filter.enabled) matched (OnPropertyCondition)
      - @ConditionalOnMissingBean (types: org.springframework.web.filter.FormContentFilter; SearchStrategy: all) did not find any beans (OnBeanCondition)

   WebMvcAutoConfiguration.WebMvcAutoConfigurationAdapter#defaultViewResolver matched:
      - @ConditionalOnMissingBean (types: org.springframework.web.servlet.view.InternalResourceViewResolver; SearchStrategy: all) did not find any beans (OnBeanCondition)

   WebMvcAutoConfiguration.WebMvcAutoConfigurationAdapter#requestContextFilter matched:
      - @ConditionalOnMissingBean (types: org.springframework.web.context.request.RequestContextListener,org.springframework.web.filter.RequestContextFilter; SearchStrategy: all) did not find any beans (OnBeanCondition)

   WebMvcAutoConfiguration.WebMvcAutoConfigurationAdapter#viewResolver matched:
      - @ConditionalOnBean (types: org.springframework.web.servlet.ViewResolver; SearchStrategy: all) found beans 'defaultViewResolver', 'beanNameViewResolver', 'mvcViewResolver'; @ConditionalOnMissingBean (names: viewResolver types: org.springframework.web.servlet.view.ContentNegotiatingViewResolver; SearchStrategy: all) did not find any beans (OnBeanCondition)

   WebSocketServletAutoConfiguration matched:
      - @ConditionalOnClass found required classes 'javax.servlet.Servlet', 'javax.websocket.server.ServerContainer' (OnClassCondition)
      - found 'session' scope (OnWebApplicationCondition)

   WebSocketServletAutoConfiguration.TomcatWebSocketConfiguration matched:
      - @ConditionalOnClass found required classes 'org.apache.catalina.startup.Tomcat', 'org.apache.tomcat.websocket.server.WsSci' (OnClassCondition)

   WebSocketServletAutoConfiguration.TomcatWebSocketConfiguration#websocketServletWebServerCustomizer matched:
      - @ConditionalOnMissingBean (names: websocketServletWebServerCustomizer; SearchStrategy: all) did not find any beans (OnBeanCondition)


Negative matches:
-----------------

   ActiveMQAutoConfiguration:
      Did not match:
         - @ConditionalOnClass did not find required class 'javax.jms.ConnectionFactory' (OnClassCondition)

   AopAutoConfiguration.AspectJAutoProxyingConfiguration:
      Did not match:
         - @ConditionalOnClass did not find required class 'org.aspectj.weaver.Advice' (OnClassCondition)

   ArtemisAutoConfiguration:
      Did not match:
         - @ConditionalOnClass did not find required class 'javax.jms.ConnectionFactory' (OnClassCondition)

   BatchAutoConfiguration:
      Did not match:
         - @ConditionalOnClass did not find required class 'org.springframework.batch.core.launch.JobLauncher' (OnClassCondition)

   CacheAutoConfiguration:
      Did not match:
         - @ConditionalOnBean (types: org.springframework.cache.interceptor.CacheAspectSupport; SearchStrategy: all) did not find any beans of type org.springframework.cache.interceptor.CacheAspectSupport (OnBeanCondition)
      Matched:
         - @ConditionalOnClass found required class 'org.springframework.cache.CacheManager' (OnClassCondition)

   CacheAutoConfiguration.CacheManagerEntityManagerFactoryDependsOnPostProcessor:
      Did not match:
         - @ConditionalOnClass did not find required class 'org.springframework.orm.jpa.LocalContainerEntityManagerFactoryBean' (OnClassCondition)
         - Ancestor org.springframework.boot.autoconfigure.cache.CacheAutoConfiguration did not match (ConditionEvaluationReport.AncestorsMatchedCondition)

   CaffeineCacheConfiguration:
      Did not match:
         - @ConditionalOnClass did not find required class 'com.github.benmanes.caffeine.cache.Caffeine' (OnClassCondition)

   CassandraAutoConfiguration:
      Did not match:
         - @ConditionalOnClass did not find required class 'com.datastax.oss.driver.api.core.CqlSession' (OnClassCondition)

   CassandraDataAutoConfiguration:
      Did not match:
         - @ConditionalOnClass did not find required class 'com.datastax.oss.driver.api.core.CqlSession' (OnClassCondition)

   CassandraReactiveDataAutoConfiguration:
      Did not match:
         - @ConditionalOnClass did not find required class 'com.datastax.oss.driver.api.core.CqlSession' (OnClassCondition)

   CassandraReactiveRepositoriesAutoConfiguration:
      Did not match:
         - @ConditionalOnClass did not find required class 'org.springframework.data.cassandra.ReactiveSession' (OnClassCondition)

   CassandraRepositoriesAutoConfiguration:
      Did not match:
         - @ConditionalOnClass did not find required class 'com.datastax.oss.driver.api.core.CqlSession' (OnClassCondition)

   ClientHttpConnectorAutoConfiguration:
      Did not match:
         - @ConditionalOnClass did not find required class 'org.springframework.web.reactive.function.client.WebClient' (OnClassCondition)

   CodecsAutoConfiguration:
      Did not match:
         - @ConditionalOnClass did not find required class 'org.springframework.web.reactive.function.client.WebClient' (OnClassCondition)

   CouchbaseAutoConfiguration:
      Did not match:
         - @ConditionalOnClass did not find required class 'com.couchbase.client.java.Cluster' (OnClassCondition)

   CouchbaseCacheConfiguration:
      Did not match:
         - @ConditionalOnClass did not find required class 'com.couchbase.client.java.Cluster' (OnClassCondition)

   CouchbaseDataAutoConfiguration:
      Did not match:
         - @ConditionalOnClass did not find required class 'com.couchbase.client.java.Bucket' (OnClassCondition)

   CouchbaseReactiveDataAutoConfiguration:
      Did not match:
         - @ConditionalOnClass did not find required class 'com.couchbase.client.java.Cluster' (OnClassCondition)

   CouchbaseReactiveRepositoriesAutoConfiguration:
      Did not match:
         - @ConditionalOnClass did not find required class 'com.couchbase.client.java.Cluster' (OnClassCondition)

   CouchbaseRepositoriesAutoConfiguration:
      Did not match:
         - @ConditionalOnClass did not find required class 'com.couchbase.client.java.Bucket' (OnClassCondition)

   DataSourceAutoConfiguration:
      Did not match:
         - @ConditionalOnClass did not find required class 'org.springframework.jdbc.datasource.embedded.EmbeddedDatabaseType' (OnClassCondition)

   DataSourceTransactionManagerAutoConfiguration:
      Did not match:
         - @ConditionalOnClass did not find required class 'org.springframework.jdbc.core.JdbcTemplate' (OnClassCondition)

   DispatcherServletAutoConfiguration.DispatcherServletConfiguration#multipartResolver:
      Did not match:
         - @ConditionalOnBean (types: org.springframework.web.multipart.MultipartResolver; SearchStrategy: all) did not find any beans of type org.springframework.web.multipart.MultipartResolver (OnBeanCondition)

   EhCacheCacheConfiguration:
      Did not match:
         - @ConditionalOnClass did not find required class 'net.sf.ehcache.Cache' (OnClassCondition)

   ElasticsearchDataAutoConfiguration:
      Did not match:
         - @ConditionalOnClass did not find required class 'org.springframework.data.elasticsearch.core.ElasticsearchTemplate' (OnClassCondition)

   ElasticsearchRepositoriesAutoConfiguration:
      Did not match:
         - @ConditionalOnClass did not find required class 'org.elasticsearch.client.Client' (OnClassCondition)

   ElasticsearchRestClientAutoConfiguration:
      Did not match:
         - @ConditionalOnClass did not find required class 'org.elasticsearch.client.RestClient' (OnClassCondition)

   EmbeddedLdapAutoConfiguration:
      Did not match:
         - @ConditionalOnClass did not find required class 'com.unboundid.ldap.listener.InMemoryDirectoryServer' (OnClassCondition)

   EmbeddedMongoAutoConfiguration:
      Did not match:
         - @ConditionalOnClass did not find required class 'com.mongodb.MongoClientSettings' (OnClassCondition)

   EmbeddedWebServerFactoryCustomizerAutoConfiguration.JettyWebServerFactoryCustomizerConfiguration:
      Did not match:
         - @ConditionalOnClass did not find required classes 'org.eclipse.jetty.server.Server', 'org.eclipse.jetty.util.Loader', 'org.eclipse.jetty.webapp.WebAppContext' (OnClassCondition)

   EmbeddedWebServerFactoryCustomizerAutoConfiguration.NettyWebServerFactoryCustomizerConfiguration:
      Did not match:
         - @ConditionalOnClass did not find required class 'reactor.netty.http.server.HttpServer' (OnClassCondition)

   EmbeddedWebServerFactoryCustomizerAutoConfiguration.UndertowWebServerFactoryCustomizerConfiguration:
      Did not match:
         - @ConditionalOnClass did not find required classes 'io.undertow.Undertow', 'org.xnio.SslClientAuthMode' (OnClassCondition)

   ErrorWebFluxAutoConfiguration:
      Did not match:
         - @ConditionalOnClass did not find required class 'org.springframework.web.reactive.config.WebFluxConfigurer' (OnClassCondition)

   FlywayAutoConfiguration:
      Did not match:
         - @ConditionalOnClass did not find required class 'org.flywaydb.core.Flyway' (OnClassCondition)

   FreeMarkerAutoConfiguration:
      Did not match:
         - @ConditionalOnClass did not find required class 'freemarker.template.Configuration' (OnClassCondition)

   GroovyTemplateAutoConfiguration:
      Did not match:
         - @ConditionalOnClass did not find required class 'groovy.text.markup.MarkupTemplateEngine' (OnClassCondition)

   GsonAutoConfiguration:
      Did not match:
         - @ConditionalOnClass did not find required class 'com.google.gson.Gson' (OnClassCondition)

   GsonHttpMessageConvertersConfiguration:
      Did not match:
         - @ConditionalOnClass did not find required class 'com.google.gson.Gson' (OnClassCondition)

   H2ConsoleAutoConfiguration:
      Did not match:
         - @ConditionalOnClass did not find required class 'org.h2.server.web.WebServlet' (OnClassCondition)

   HazelcastAutoConfiguration:
      Did not match:
         - @ConditionalOnClass did not find required class 'com.hazelcast.core.HazelcastInstance' (OnClassCondition)

   HazelcastCacheConfiguration:
      Did not match:
         - @ConditionalOnClass did not find required class 'com.hazelcast.core.HazelcastInstance' (OnClassCondition)

   HazelcastJpaDependencyAutoConfiguration:
      Did not match:
         - @ConditionalOnClass did not find required class 'com.hazelcast.core.HazelcastInstance' (OnClassCondition)

   HibernateJpaAutoConfiguration:
      Did not match:
         - @ConditionalOnClass did not find required class 'javax.persistence.EntityManager' (OnClassCondition)

   HttpHandlerAutoConfiguration:
      Did not match:
         - @ConditionalOnClass did not find required class 'org.springframework.web.reactive.DispatcherHandler' (OnClassCondition)

   HypermediaAutoConfiguration:
      Did not match:
         - @ConditionalOnClass did not find required class 'org.springframework.hateoas.EntityModel' (OnClassCondition)

   InfinispanCacheConfiguration:
      Did not match:
         - @ConditionalOnClass did not find required class 'org.infinispan.spring.embedded.provider.SpringEmbeddedCacheManager' (OnClassCondition)

   InfluxDbAutoConfiguration:
      Did not match:
         - @ConditionalOnClass did not find required class 'org.influxdb.InfluxDB' (OnClassCondition)

   IntegrationAutoConfiguration:
      Did not match:
         - @ConditionalOnClass did not find required class 'org.springframework.integration.config.EnableIntegration' (OnClassCondition)

   JCacheCacheConfiguration:
      Did not match:
         - @ConditionalOnClass did not find required class 'javax.cache.Caching' (OnClassCondition)

   JacksonHttpMessageConvertersConfiguration.MappingJackson2XmlHttpMessageConverterConfiguration:
      Did not match:
         - @ConditionalOnClass did not find required class 'com.fasterxml.jackson.dataformat.xml.XmlMapper' (OnClassCondition)

   JdbcRepositoriesAutoConfiguration:
      Did not match:
         - @ConditionalOnClass did not find required class 'org.springframework.data.jdbc.repository.config.AbstractJdbcConfiguration' (OnClassCondition)

   JdbcTemplateAutoConfiguration:
      Did not match:
         - @ConditionalOnClass did not find required class 'org.springframework.jdbc.core.JdbcTemplate' (OnClassCondition)

   JerseyAutoConfiguration:
      Did not match:
         - @ConditionalOnClass did not find required class 'org.glassfish.jersey.server.spring.SpringComponentProvider' (OnClassCondition)

   JmsAutoConfiguration:
      Did not match:
         - @ConditionalOnClass did not find required class 'javax.jms.Message' (OnClassCondition)

   JndiConnectionFactoryAutoConfiguration:
      Did not match:
         - @ConditionalOnClass did not find required class 'org.springframework.jms.core.JmsTemplate' (OnClassCondition)

   JndiDataSourceAutoConfiguration:
      Did not match:
         - @ConditionalOnClass did not find required class 'org.springframework.jdbc.datasource.embedded.EmbeddedDatabaseType' (OnClassCondition)

   JooqAutoConfiguration:
      Did not match:
         - @ConditionalOnClass did not find required class 'org.jooq.DSLContext' (OnClassCondition)

   JpaRepositoriesAutoConfiguration:
      Did not match:
         - @ConditionalOnClass did not find required class 'org.springframework.data.jpa.repository.JpaRepository' (OnClassCondition)

   JsonbAutoConfiguration:
      Did not match:
         - @ConditionalOnClass did not find required class 'javax.json.bind.Jsonb' (OnClassCondition)

   JsonbHttpMessageConvertersConfiguration:
      Did not match:
         - @ConditionalOnClass did not find required class 'javax.json.bind.Jsonb' (OnClassCondition)

   JtaAutoConfiguration:
      Did not match:
         - @ConditionalOnClass did not find required class 'javax.transaction.Transaction' (OnClassCondition)

   KafkaAutoConfiguration:
      Did not match:
         - @ConditionalOnClass did not find required class 'org.springframework.kafka.core.KafkaTemplate' (OnClassCondition)

   LdapAutoConfiguration:
      Did not match:
         - @ConditionalOnClass did not find required class 'org.springframework.ldap.core.ContextSource' (OnClassCondition)

   LdapRepositoriesAutoConfiguration:
      Did not match:
         - @ConditionalOnClass did not find required class 'org.springframework.data.ldap.repository.LdapRepository' (OnClassCondition)

   LiquibaseAutoConfiguration:
      Did not match:
         - @ConditionalOnClass did not find required class 'liquibase.change.DatabaseChange' (OnClassCondition)

   MailSenderAutoConfiguration:
      Did not match:
         - @ConditionalOnClass did not find required class 'javax.mail.internet.MimeMessage' (OnClassCondition)

   MailSenderValidatorAutoConfiguration:
      Did not match:
         - @ConditionalOnSingleCandidate did not find required type 'org.springframework.mail.javamail.JavaMailSenderImpl' (OnBeanCondition)

   MessageSourceAutoConfiguration:
      Did not match:
         - ResourceBundle did not find bundle with basename messages (MessageSourceAutoConfiguration.ResourceBundleCondition)

   MongoAutoConfiguration:
      Did not match:
         - @ConditionalOnClass did not find required class 'com.mongodb.client.MongoClient' (OnClassCondition)

   MongoDataAutoConfiguration:
      Did not match:
         - @ConditionalOnClass did not find required class 'com.mongodb.client.MongoClient' (OnClassCondition)

   MongoReactiveAutoConfiguration:
      Did not match:
         - @ConditionalOnClass did not find required class 'com.mongodb.reactivestreams.client.MongoClient' (OnClassCondition)

   MongoReactiveDataAutoConfiguration:
      Did not match:
         - @ConditionalOnClass did not find required class 'com.mongodb.reactivestreams.client.MongoClient' (OnClassCondition)

   MongoReactiveRepositoriesAutoConfiguration:
      Did not match:
         - @ConditionalOnClass did not find required class 'com.mongodb.reactivestreams.client.MongoClient' (OnClassCondition)

   MongoRepositoriesAutoConfiguration:
      Did not match:
         - @ConditionalOnClass did not find required class 'com.mongodb.client.MongoClient' (OnClassCondition)

   MustacheAutoConfiguration:
      Did not match:
         - @ConditionalOnClass did not find required class 'com.samskivert.mustache.Mustache' (OnClassCondition)

   Neo4jDataAutoConfiguration:
      Did not match:
         - @ConditionalOnClass did not find required class 'org.neo4j.ogm.session.SessionFactory' (OnClassCondition)

   Neo4jRepositoriesAutoConfiguration:
      Did not match:
         - @ConditionalOnClass did not find required class 'org.neo4j.ogm.session.Neo4jSession' (OnClassCondition)

   OAuth2ClientAutoConfiguration:
      Did not match:
         - @ConditionalOnClass did not find required class 'org.springframework.security.config.annotation.web.configuration.EnableWebSecurity' (OnClassCondition)

   OAuth2ResourceServerAutoConfiguration:
      Did not match:
         - @ConditionalOnClass did not find required class 'org.springframework.security.oauth2.server.resource.BearerTokenAuthenticationToken' (OnClassCondition)

   PersistenceExceptionTranslationAutoConfiguration:
      Did not match:
         - @ConditionalOnClass did not find required class 'org.springframework.dao.annotation.PersistenceExceptionTranslationPostProcessor' (OnClassCondition)

   ProjectInfoAutoConfiguration#buildProperties:
      Did not match:
         - @ConditionalOnResource did not find resource '${spring.info.build.location:classpath:META-INF/build-info.properties}' (OnResourceCondition)

   ProjectInfoAutoConfiguration#gitProperties:
      Did not match:
         - GitResource did not find git info at classpath:git.properties (ProjectInfoAutoConfiguration.GitResourceAvailableCondition)

   QuartzAutoConfiguration:
      Did not match:
         - @ConditionalOnClass did not find required class 'org.quartz.Scheduler' (OnClassCondition)

   R2dbcAutoConfiguration:
      Did not match:
         - @ConditionalOnClass did not find required class 'io.r2dbc.spi.ConnectionFactory' (OnClassCondition)

   R2dbcDataAutoConfiguration:
      Did not match:
         - @ConditionalOnClass did not find required class 'org.springframework.data.r2dbc.core.DatabaseClient' (OnClassCondition)

   R2dbcRepositoriesAutoConfiguration:
      Did not match:
         - @ConditionalOnClass did not find required class 'io.r2dbc.spi.ConnectionFactory' (OnClassCondition)

   R2dbcTransactionManagerAutoConfiguration:
      Did not match:
         - @ConditionalOnClass did not find required class 'org.springframework.data.r2dbc.connectionfactory.R2dbcTransactionManager' (OnClassCondition)

   RSocketMessagingAutoConfiguration:
      Did not match:
         - @ConditionalOnClass did not find required class 'io.rsocket.RSocketFactory' (OnClassCondition)

   RSocketRequesterAutoConfiguration:
      Did not match:
         - @ConditionalOnClass did not find required class 'io.rsocket.RSocketFactory' (OnClassCondition)

   RSocketSecurityAutoConfiguration:
      Did not match:
         - @ConditionalOnClass did not find required class 'org.springframework.security.rsocket.core.SecuritySocketAcceptorInterceptor' (OnClassCondition)

   RSocketServerAutoConfiguration:
      Did not match:
         - @ConditionalOnClass did not find required class 'io.rsocket.core.RSocketServer' (OnClassCondition)

   RSocketStrategiesAutoConfiguration:
      Did not match:
         - @ConditionalOnClass did not find required class 'io.netty.buffer.PooledByteBufAllocator' (OnClassCondition)

   RabbitAutoConfiguration:
      Did not match:
         - @ConditionalOnClass did not find required class 'com.rabbitmq.client.Channel' (OnClassCondition)

   ReactiveElasticsearchRepositoriesAutoConfiguration:
      Did not match:
         - @ConditionalOnClass did not find required class 'org.springframework.data.elasticsearch.client.reactive.ReactiveElasticsearchClient' (OnClassCondition)

   ReactiveElasticsearchRestClientAutoConfiguration:
      Did not match:
         - @ConditionalOnClass did not find required class 'reactor.netty.http.client.HttpClient' (OnClassCondition)

   ReactiveOAuth2ClientAutoConfiguration:
      Did not match:
         - @ConditionalOnClass did not find required class 'reactor.core.publisher.Flux' (OnClassCondition)

   ReactiveOAuth2ResourceServerAutoConfiguration:
      Did not match:
         - @ConditionalOnClass did not find required class 'org.springframework.security.config.annotation.web.reactive.EnableWebFluxSecurity' (OnClassCondition)

   ReactiveSecurityAutoConfiguration:
      Did not match:
         - @ConditionalOnClass did not find required class 'reactor.core.publisher.Flux' (OnClassCondition)

   ReactiveUserDetailsServiceAutoConfiguration:
      Did not match:
         - @ConditionalOnClass did not find required class 'org.springframework.security.authentication.ReactiveAuthenticationManager' (OnClassCondition)

   ReactiveWebServerFactoryAutoConfiguration:
      Did not match:
         - @ConditionalOnWebApplication did not find reactive web application classes (OnWebApplicationCondition)

   RedisAutoConfiguration:
      Did not match:
         - @ConditionalOnClass did not find required class 'org.springframework.data.redis.core.RedisOperations' (OnClassCondition)

   RedisCacheConfiguration:
      Did not match:
         - @ConditionalOnClass did not find required class 'org.springframework.data.redis.connection.RedisConnectionFactory' (OnClassCondition)

   RedisReactiveAutoConfiguration:
      Did not match:
         - @ConditionalOnClass did not find required class 'reactor.core.publisher.Flux' (OnClassCondition)

   RedisRepositoriesAutoConfiguration:
      Did not match:
         - @ConditionalOnClass did not find required class 'org.springframework.data.redis.repository.configuration.EnableRedisRepositories' (OnClassCondition)

   RefreshAutoConfiguration.JpaInvokerConfiguration:
      Did not match:
         - @ConditionalOnClass did not find required class 'javax.persistence.EntityManagerFactory' (OnClassCondition)

   RefreshEndpointAutoConfiguration:
      Did not match:
         - @ConditionalOnClass did not find required class 'org.springframework.boot.actuate.autoconfigure.endpoint.EndpointAutoConfiguration' (OnClassCondition)

   RepositoryRestMvcAutoConfiguration:
      Did not match:
         - @ConditionalOnClass did not find required class 'org.springframework.data.rest.webmvc.config.RepositoryRestMvcConfiguration' (OnClassCondition)

   Saml2RelyingPartyAutoConfiguration:
      Did not match:
         - @ConditionalOnClass did not find required class 'org.springframework.security.saml2.provider.service.registration.RelyingPartyRegistrationRepository' (OnClassCondition)

   SecurityAutoConfiguration:
      Did not match:
         - @ConditionalOnClass did not find required class 'org.springframework.security.authentication.DefaultAuthenticationEventPublisher' (OnClassCondition)

   SecurityFilterAutoConfiguration:
      Did not match:
         - @ConditionalOnClass did not find required class 'org.springframework.security.config.http.SessionCreationPolicy' (OnClassCondition)

   SendGridAutoConfiguration:
      Did not match:
         - @ConditionalOnClass did not find required class 'com.sendgrid.SendGrid' (OnClassCondition)

   ServletWebServerFactoryAutoConfiguration#forwardedHeaderFilter:
      Did not match:
         - @ConditionalOnProperty (server.forward-headers-strategy=framework) did not find property 'server.forward-headers-strategy' (OnPropertyCondition)

   ServletWebServerFactoryConfiguration.EmbeddedJetty:
      Did not match:
         - @ConditionalOnClass did not find required classes 'org.eclipse.jetty.server.Server', 'org.eclipse.jetty.util.Loader', 'org.eclipse.jetty.webapp.WebAppContext' (OnClassCondition)

   ServletWebServerFactoryConfiguration.EmbeddedUndertow:
      Did not match:
         - @ConditionalOnClass did not find required classes 'io.undertow.Undertow', 'org.xnio.SslClientAuthMode' (OnClassCondition)

   SessionAutoConfiguration:
      Did not match:
         - @ConditionalOnClass did not find required class 'org.springframework.session.Session' (OnClassCondition)

   SolrAutoConfiguration:
      Did not match:
         - @ConditionalOnClass did not find required class 'org.apache.solr.client.solrj.impl.CloudSolrClient' (OnClassCondition)

   SolrRepositoriesAutoConfiguration:
      Did not match:
         - @ConditionalOnClass did not find required class 'org.apache.solr.client.solrj.SolrClient' (OnClassCondition)

   SpringDataWebAutoConfiguration:
      Did not match:
         - @ConditionalOnClass did not find required class 'org.springframework.data.web.PageableHandlerMethodArgumentResolver' (OnClassCondition)

   TaskSchedulingAutoConfiguration#taskScheduler:
      Did not match:
         - @ConditionalOnBean (names: org.springframework.context.annotation.internalScheduledAnnotationProcessor; SearchStrategy: all) did not find any beans named org.springframework.context.annotation.internalScheduledAnnotationProcessor (OnBeanCondition)

   ThymeleafAutoConfiguration:
      Did not match:
         - @ConditionalOnClass did not find required class 'org.thymeleaf.spring5.SpringTemplateEngine' (OnClassCondition)

   TransactionAutoConfiguration:
      Did not match:
         - @ConditionalOnClass did not find required class 'org.springframework.transaction.PlatformTransactionManager' (OnClassCondition)

   UserDetailsServiceAutoConfiguration:
      Did not match:
         - @ConditionalOnClass did not find required class 'org.springframework.security.authentication.AuthenticationManager' (OnClassCondition)

   WebClientAutoConfiguration:
      Did not match:
         - @ConditionalOnClass did not find required class 'org.springframework.web.reactive.function.client.WebClient' (OnClassCondition)

   WebFluxAutoConfiguration:
      Did not match:
         - @ConditionalOnClass did not find required class 'org.springframework.web.reactive.config.WebFluxConfigurer' (OnClassCondition)

   WebMvcAutoConfiguration#hiddenHttpMethodFilter:
      Did not match:
         - @ConditionalOnProperty (spring.mvc.hiddenmethod.filter.enabled) did not find property 'enabled' (OnPropertyCondition)

   WebMvcAutoConfiguration.ResourceChainCustomizerConfiguration:
      Did not match:
         - @ConditionalOnEnabledResourceChain did not find class org.webjars.WebJarAssetLocator (OnEnabledResourceChainCondition)

   WebMvcAutoConfiguration.WebMvcAutoConfigurationAdapter#beanNameViewResolver:
      Did not match:
         - @ConditionalOnMissingBean (types: org.springframework.web.servlet.view.BeanNameViewResolver; SearchStrategy: all) found beans of type 'org.springframework.web.servlet.view.BeanNameViewResolver' beanNameViewResolver (OnBeanCondition)

   WebMvcAutoConfiguration.WebMvcAutoConfigurationAdapter#localeResolver:
      Did not match:
         - @ConditionalOnProperty (spring.mvc.locale) did not find property 'locale' (OnPropertyCondition)

   WebServiceTemplateAutoConfiguration:
      Did not match:
         - @ConditionalOnClass did not find required class 'org.springframework.oxm.Marshaller' (OnClassCondition)

   WebServicesAutoConfiguration:
      Did not match:
         - @ConditionalOnClass did not find required class 'org.springframework.ws.transport.http.MessageDispatcherServlet' (OnClassCondition)

   WebSocketMessagingAutoConfiguration:
      Did not match:
         - @ConditionalOnClass did not find required class 'org.springframework.web.socket.config.annotation.WebSocketMessageBrokerConfigurer' (OnClassCondition)

   WebSocketReactiveAutoConfiguration:
      Did not match:
         - @ConditionalOnWebApplication did not find reactive web application classes (OnWebApplicationCondition)

   WebSocketServletAutoConfiguration.JettyWebSocketConfiguration:
      Did not match:
         - @ConditionalOnClass did not find required class 'org.eclipse.jetty.websocket.jsr356.server.deploy.WebSocketServerContainerInitializer' (OnClassCondition)

   WebSocketServletAutoConfiguration.UndertowWebSocketConfiguration:
      Did not match:
         - @ConditionalOnClass did not find required class 'io.undertow.websockets.jsr.Bootstrap' (OnClassCondition)

   WritableEnvironmentEndpointAutoConfiguration:
      Did not match:
         - @ConditionalOnClass did not find required class 'org.springframework.boot.actuate.autoconfigure.env.EnvironmentEndpointProperties' (OnClassCondition)

   XADataSourceAutoConfiguration:
      Did not match:
         - @ConditionalOnClass did not find required class 'javax.transaction.TransactionManager' (OnClassCondition)


Exclusions:
-----------

    None


Unconditional classes:
----------------------

    org.springframework.boot.autoconfigure.context.ConfigurationPropertiesAutoConfiguration

    org.springframework.boot.autoconfigure.context.LifecycleAutoConfiguration

    org.springframework.boot.autoconfigure.context.PropertyPlaceholderAutoConfiguration

    org.springframework.cloud.autoconfigure.LifecycleMvcEndpointAutoConfiguration

    org.springframework.boot.autoconfigure.availability.ApplicationAvailabilityAutoConfiguration

    org.springframework.boot.autoconfigure.info.ProjectInfoAutoConfiguration



2024-10-26 12:42:17,736 DEBUG [main][ConditionEvaluationReportLoggingListener.java:126] - 


============================
CONDITIONS EVALUATION REPORT
============================


Positive matches:
-----------------

   AopAutoConfiguration matched:
      - @ConditionalOnProperty (spring.aop.auto=true) matched (OnPropertyCondition)

   AopAutoConfiguration.ClassProxyingConfiguration matched:
      - @ConditionalOnMissingClass did not find unwanted class 'org.aspectj.weaver.Advice' (OnClassCondition)
      - @ConditionalOnProperty (spring.aop.proxy-target-class=true) matched (OnPropertyCondition)

   ConfigurationPropertiesRebinderAutoConfiguration matched:
      - @ConditionalOnBean (types: org.springframework.boot.context.properties.ConfigurationPropertiesBindingPostProcessor; SearchStrategy: all) found bean 'org.springframework.boot.context.properties.ConfigurationPropertiesBindingPostProcessor' (OnBeanCondition)

   ConfigurationPropertiesRebinderAutoConfiguration#configurationPropertiesBeans matched:
      - @ConditionalOnMissingBean (types: org.springframework.cloud.context.properties.ConfigurationPropertiesBeans; SearchStrategy: current) did not find any beans (OnBeanCondition)

   ConfigurationPropertiesRebinderAutoConfiguration#configurationPropertiesRebinder matched:
      - @ConditionalOnMissingBean (types: org.springframework.cloud.context.properties.ConfigurationPropertiesRebinder; SearchStrategy: current) did not find any beans (OnBeanCondition)

   DispatcherServletAutoConfiguration matched:
      - @ConditionalOnClass found required class 'org.springframework.web.servlet.DispatcherServlet' (OnClassCondition)
      - found 'session' scope (OnWebApplicationCondition)

   DispatcherServletAutoConfiguration.DispatcherServletConfiguration matched:
      - @ConditionalOnClass found required class 'javax.servlet.ServletRegistration' (OnClassCondition)
      - Default DispatcherServlet did not find dispatcher servlet beans (DispatcherServletAutoConfiguration.DefaultDispatcherServletCondition)

   DispatcherServletAutoConfiguration.DispatcherServletRegistrationConfiguration matched:
      - @ConditionalOnClass found required class 'javax.servlet.ServletRegistration' (OnClassCondition)
      - DispatcherServlet Registration did not find servlet registration bean (DispatcherServletAutoConfiguration.DispatcherServletRegistrationCondition)

   DispatcherServletAutoConfiguration.DispatcherServletRegistrationConfiguration#dispatcherServletRegistration matched:
      - @ConditionalOnBean (names: dispatcherServlet types: org.springframework.web.servlet.DispatcherServlet; SearchStrategy: all) found bean 'dispatcherServlet' (OnBeanCondition)

   EmbeddedWebServerFactoryCustomizerAutoConfiguration matched:
      - @ConditionalOnWebApplication (required) found 'session' scope (OnWebApplicationCondition)

   EmbeddedWebServerFactoryCustomizerAutoConfiguration.TomcatWebServerFactoryCustomizerConfiguration matched:
      - @ConditionalOnClass found required classes 'org.apache.catalina.startup.Tomcat', 'org.apache.coyote.UpgradeProtocol' (OnClassCondition)

   ErrorMvcAutoConfiguration matched:
      - @ConditionalOnClass found required classes 'javax.servlet.Servlet', 'org.springframework.web.servlet.DispatcherServlet' (OnClassCondition)
      - found 'session' scope (OnWebApplicationCondition)

   ErrorMvcAutoConfiguration#basicErrorController matched:
      - @ConditionalOnMissingBean (types: org.springframework.boot.web.servlet.error.ErrorController; SearchStrategy: current) did not find any beans (OnBeanCondition)

   ErrorMvcAutoConfiguration#errorAttributes matched:
      - @ConditionalOnMissingBean (types: org.springframework.boot.web.servlet.error.ErrorAttributes; SearchStrategy: current) did not find any beans (OnBeanCondition)

   ErrorMvcAutoConfiguration.DefaultErrorViewResolverConfiguration#conventionErrorViewResolver matched:
      - @ConditionalOnBean (types: org.springframework.web.servlet.DispatcherServlet; SearchStrategy: all) found bean 'dispatcherServlet'; @ConditionalOnMissingBean (types: org.springframework.boot.autoconfigure.web.servlet.error.ErrorViewResolver; SearchStrategy: all) did not find any beans (OnBeanCondition)

   ErrorMvcAutoConfiguration.WhitelabelErrorViewConfiguration matched:
      - @ConditionalOnProperty (server.error.whitelabel.enabled) matched (OnPropertyCondition)
      - ErrorTemplate Missing did not find error template view (ErrorMvcAutoConfiguration.ErrorTemplateMissingCondition)

   ErrorMvcAutoConfiguration.WhitelabelErrorViewConfiguration#beanNameViewResolver matched:
      - @ConditionalOnMissingBean (types: org.springframework.web.servlet.view.BeanNameViewResolver; SearchStrategy: all) did not find any beans (OnBeanCondition)

   ErrorMvcAutoConfiguration.WhitelabelErrorViewConfiguration#defaultErrorView matched:
      - @ConditionalOnMissingBean (names: error; SearchStrategy: all) did not find any beans (OnBeanCondition)

   GenericCacheConfiguration matched:
      - Cache org.springframework.boot.autoconfigure.cache.GenericCacheConfiguration automatic cache type (CacheCondition)

   HttpEncodingAutoConfiguration matched:
      - @ConditionalOnClass found required class 'org.springframework.web.filter.CharacterEncodingFilter' (OnClassCondition)
      - found 'session' scope (OnWebApplicationCondition)
      - @ConditionalOnProperty (server.servlet.encoding.enabled) matched (OnPropertyCondition)

   HttpEncodingAutoConfiguration#characterEncodingFilter matched:
      - @ConditionalOnMissingBean (types: org.springframework.web.filter.CharacterEncodingFilter; SearchStrategy: all) did not find any beans (OnBeanCondition)

   HttpMessageConvertersAutoConfiguration matched:
      - @ConditionalOnClass found required class 'org.springframework.http.converter.HttpMessageConverter' (OnClassCondition)
      - NoneNestedConditions 0 matched 1 did not; NestedCondition on HttpMessageConvertersAutoConfiguration.NotReactiveWebApplicationCondition.ReactiveWebApplication did not find reactive web application classes (HttpMessageConvertersAutoConfiguration.NotReactiveWebApplicationCondition)

   HttpMessageConvertersAutoConfiguration#messageConverters matched:
      - @ConditionalOnMissingBean (types: org.springframework.boot.autoconfigure.http.HttpMessageConverters; SearchStrategy: all) did not find any beans (OnBeanCondition)

   HttpMessageConvertersAutoConfiguration.StringHttpMessageConverterConfiguration matched:
      - @ConditionalOnClass found required class 'org.springframework.http.converter.StringHttpMessageConverter' (OnClassCondition)

   HttpMessageConvertersAutoConfiguration.StringHttpMessageConverterConfiguration#stringHttpMessageConverter matched:
      - @ConditionalOnMissingBean (types: org.springframework.http.converter.StringHttpMessageConverter; SearchStrategy: all) did not find any beans (OnBeanCondition)

   JacksonAutoConfiguration matched:
      - @ConditionalOnClass found required class 'com.fasterxml.jackson.databind.ObjectMapper' (OnClassCondition)

   JacksonAutoConfiguration.Jackson2ObjectMapperBuilderCustomizerConfiguration matched:
      - @ConditionalOnClass found required class 'org.springframework.http.converter.json.Jackson2ObjectMapperBuilder' (OnClassCondition)

   JacksonAutoConfiguration.JacksonObjectMapperBuilderConfiguration matched:
      - @ConditionalOnClass found required class 'org.springframework.http.converter.json.Jackson2ObjectMapperBuilder' (OnClassCondition)

   JacksonAutoConfiguration.JacksonObjectMapperBuilderConfiguration#jacksonObjectMapperBuilder matched:
      - @ConditionalOnMissingBean (types: org.springframework.http.converter.json.Jackson2ObjectMapperBuilder; SearchStrategy: all) did not find any beans (OnBeanCondition)

   JacksonAutoConfiguration.JacksonObjectMapperConfiguration matched:
      - @ConditionalOnClass found required class 'org.springframework.http.converter.json.Jackson2ObjectMapperBuilder' (OnClassCondition)

   JacksonAutoConfiguration.JacksonObjectMapperConfiguration#jacksonObjectMapper matched:
      - @ConditionalOnMissingBean (types: com.fasterxml.jackson.databind.ObjectMapper; SearchStrategy: all) did not find any beans (OnBeanCondition)

   JacksonAutoConfiguration.ParameterNamesModuleConfiguration matched:
      - @ConditionalOnClass found required class 'com.fasterxml.jackson.module.paramnames.ParameterNamesModule' (OnClassCondition)

   JacksonAutoConfiguration.ParameterNamesModuleConfiguration#parameterNamesModule matched:
      - @ConditionalOnMissingBean (types: com.fasterxml.jackson.module.paramnames.ParameterNamesModule; SearchStrategy: all) did not find any beans (OnBeanCondition)

   JacksonHttpMessageConvertersConfiguration.MappingJackson2HttpMessageConverterConfiguration matched:
      - @ConditionalOnClass found required class 'com.fasterxml.jackson.databind.ObjectMapper' (OnClassCondition)
      - @ConditionalOnProperty (spring.mvc.converters.preferred-json-mapper=jackson) matched (OnPropertyCondition)
      - @ConditionalOnBean (types: com.fasterxml.jackson.databind.ObjectMapper; SearchStrategy: all) found bean 'jacksonObjectMapper' (OnBeanCondition)

   JacksonHttpMessageConvertersConfiguration.MappingJackson2HttpMessageConverterConfiguration#mappingJackson2HttpMessageConverter matched:
      - @ConditionalOnMissingBean (types: org.springframework.http.converter.json.MappingJackson2HttpMessageConverter ignored: org.springframework.hateoas.server.mvc.TypeConstrainedMappingJackson2HttpMessageConverter,org.springframework.data.rest.webmvc.alps.AlpsJsonHttpMessageConverter; SearchStrategy: all) did not find any beans (OnBeanCondition)

   JmxAutoConfiguration matched:
      - @ConditionalOnClass found required class 'org.springframework.jmx.export.MBeanExporter' (OnClassCondition)
      - @ConditionalOnProperty (spring.jmx.enabled=true) matched (OnPropertyCondition)

   JmxAutoConfiguration#mbeanExporter matched:
      - @ConditionalOnMissingBean (types: org.springframework.jmx.export.MBeanExporter; SearchStrategy: current) did not find any beans (OnBeanCondition)

   JmxAutoConfiguration#mbeanServer matched:
      - @ConditionalOnMissingBean (types: javax.management.MBeanServer; SearchStrategy: all) did not find any beans (OnBeanCondition)

   JmxAutoConfiguration#objectNamingStrategy matched:
      - @ConditionalOnMissingBean (types: org.springframework.jmx.export.naming.ObjectNamingStrategy; SearchStrategy: current) did not find any beans (OnBeanCondition)

   LifecycleAutoConfiguration#defaultLifecycleProcessor matched:
      - @ConditionalOnMissingBean (names: lifecycleProcessor; SearchStrategy: current) did not find any beans (OnBeanCondition)

   LifecycleMvcEndpointAutoConfiguration#environmentManager matched:
      - @ConditionalOnMissingBean (types: org.springframework.cloud.context.environment.EnvironmentManager; SearchStrategy: all) did not find any beans (OnBeanCondition)

   MultipartAutoConfiguration matched:
      - @ConditionalOnClass found required classes 'javax.servlet.Servlet', 'org.springframework.web.multipart.support.StandardServletMultipartResolver', 'javax.servlet.MultipartConfigElement' (OnClassCondition)
      - found 'session' scope (OnWebApplicationCondition)
      - @ConditionalOnProperty (spring.servlet.multipart.enabled) matched (OnPropertyCondition)

   MultipartAutoConfiguration#multipartConfigElement matched:
      - @ConditionalOnMissingBean (types: javax.servlet.MultipartConfigElement,org.springframework.web.multipart.commons.CommonsMultipartResolver; SearchStrategy: all) did not find any beans (OnBeanCondition)

   MultipartAutoConfiguration#multipartResolver matched:
      - @ConditionalOnMissingBean (types: org.springframework.web.multipart.MultipartResolver; SearchStrategy: all) did not find any beans (OnBeanCondition)

   NoOpCacheConfiguration matched:
      - Cache org.springframework.boot.autoconfigure.cache.NoOpCacheConfiguration automatic cache type (CacheCondition)

   PropertyPlaceholderAutoConfiguration#propertySourcesPlaceholderConfigurer matched:
      - @ConditionalOnMissingBean (types: org.springframework.context.support.PropertySourcesPlaceholderConfigurer; SearchStrategy: current) did not find any beans (OnBeanCondition)

   RefreshAutoConfiguration matched:
      - @ConditionalOnClass found required class 'org.springframework.cloud.context.scope.refresh.RefreshScope' (OnClassCondition)
      - @ConditionalOnProperty (spring.cloud.refresh.enabled) matched (OnPropertyCondition)

   RefreshAutoConfiguration#contextRefresher matched:
      - @ConditionalOnMissingBean (types: org.springframework.cloud.context.refresh.ContextRefresher; SearchStrategy: all) did not find any beans (OnBeanCondition)

   RefreshAutoConfiguration#loggingRebinder matched:
      - @ConditionalOnMissingBean (types: org.springframework.cloud.logging.LoggingRebinder; SearchStrategy: all) did not find any beans (OnBeanCondition)

   RefreshAutoConfiguration#refreshScope matched:
      - @ConditionalOnMissingBean (types: org.springframework.cloud.context.scope.refresh.RefreshScope; SearchStrategy: all) did not find any beans (OnBeanCondition)

   RestTemplateAutoConfiguration matched:
      - @ConditionalOnClass found required class 'org.springframework.web.client.RestTemplate' (OnClassCondition)
      - NoneNestedConditions 0 matched 1 did not; NestedCondition on RestTemplateAutoConfiguration.NotReactiveWebApplicationCondition.ReactiveWebApplication did not find reactive web application classes (RestTemplateAutoConfiguration.NotReactiveWebApplicationCondition)

   RestTemplateAutoConfiguration#restTemplateBuilder matched:
      - @ConditionalOnMissingBean (types: org.springframework.boot.web.client.RestTemplateBuilder; SearchStrategy: all) did not find any beans (OnBeanCondition)

   ServletWebServerFactoryAutoConfiguration matched:
      - @ConditionalOnClass found required class 'javax.servlet.ServletRequest' (OnClassCondition)
      - found 'session' scope (OnWebApplicationCondition)

   ServletWebServerFactoryAutoConfiguration#tomcatServletWebServerFactoryCustomizer matched:
      - @ConditionalOnClass found required class 'org.apache.catalina.startup.Tomcat' (OnClassCondition)

   ServletWebServerFactoryConfiguration.EmbeddedTomcat matched:
      - @ConditionalOnClass found required classes 'javax.servlet.Servlet', 'org.apache.catalina.startup.Tomcat', 'org.apache.coyote.UpgradeProtocol' (OnClassCondition)
      - @ConditionalOnMissingBean (types: org.springframework.boot.web.servlet.server.ServletWebServerFactory; SearchStrategy: current) did not find any beans (OnBeanCondition)

   SimpleCacheConfiguration matched:
      - Cache org.springframework.boot.autoconfigure.cache.SimpleCacheConfiguration automatic cache type (CacheCondition)

   SpringApplicationAdminJmxAutoConfiguration matched:
      - @ConditionalOnProperty (spring.application.admin.enabled=true) matched (OnPropertyCondition)

   SpringApplicationAdminJmxAutoConfiguration#springApplicationAdminRegistrar matched:
      - @ConditionalOnMissingBean (types: org.springframework.boot.admin.SpringApplicationAdminMXBeanRegistrar; SearchStrategy: all) did not find any beans (OnBeanCondition)

   TaskExecutionAutoConfiguration matched:
      - @ConditionalOnClass found required class 'org.springframework.scheduling.concurrent.ThreadPoolTaskExecutor' (OnClassCondition)

   TaskExecutionAutoConfiguration#applicationTaskExecutor matched:
      - @ConditionalOnMissingBean (types: java.util.concurrent.Executor; SearchStrategy: all) did not find any beans (OnBeanCondition)

   TaskExecutionAutoConfiguration#taskExecutorBuilder matched:
      - @ConditionalOnMissingBean (types: org.springframework.boot.task.TaskExecutorBuilder; SearchStrategy: all) did not find any beans (OnBeanCondition)

   TaskSchedulingAutoConfiguration matched:
      - @ConditionalOnClass found required class 'org.springframework.scheduling.concurrent.ThreadPoolTaskScheduler' (OnClassCondition)

   TaskSchedulingAutoConfiguration#taskSchedulerBuilder matched:
      - @ConditionalOnMissingBean (types: org.springframework.boot.task.TaskSchedulerBuilder; SearchStrategy: all) did not find any beans (OnBeanCondition)

   ValidationAutoConfiguration matched:
      - @ConditionalOnClass found required class 'javax.validation.executable.ExecutableValidator' (OnClassCondition)
      - @ConditionalOnResource found location classpath:META-INF/services/javax.validation.spi.ValidationProvider (OnResourceCondition)

   ValidationAutoConfiguration#defaultValidator matched:
      - @ConditionalOnMissingBean (types: javax.validation.Validator; SearchStrategy: all) did not find any beans (OnBeanCondition)

   ValidationAutoConfiguration#methodValidationPostProcessor matched:
      - @ConditionalOnMissingBean (types: org.springframework.validation.beanvalidation.MethodValidationPostProcessor; SearchStrategy: all) did not find any beans (OnBeanCondition)

   WebMvcAutoConfiguration matched:
      - @ConditionalOnClass found required classes 'javax.servlet.Servlet', 'org.springframework.web.servlet.DispatcherServlet', 'org.springframework.web.servlet.config.annotation.WebMvcConfigurer' (OnClassCondition)
      - found 'session' scope (OnWebApplicationCondition)
      - @ConditionalOnMissingBean (types: org.springframework.web.servlet.config.annotation.WebMvcConfigurationSupport; SearchStrategy: all) did not find any beans (OnBeanCondition)

   WebMvcAutoConfiguration#formContentFilter matched:
      - @ConditionalOnProperty (spring.mvc.formcontent.filter.enabled) matched (OnPropertyCondition)
      - @ConditionalOnMissingBean (types: org.springframework.web.filter.FormContentFilter; SearchStrategy: all) did not find any beans (OnBeanCondition)

   WebMvcAutoConfiguration.WebMvcAutoConfigurationAdapter#defaultViewResolver matched:
      - @ConditionalOnMissingBean (types: org.springframework.web.servlet.view.InternalResourceViewResolver; SearchStrategy: all) did not find any beans (OnBeanCondition)

   WebMvcAutoConfiguration.WebMvcAutoConfigurationAdapter#requestContextFilter matched:
      - @ConditionalOnMissingBean (types: org.springframework.web.context.request.RequestContextListener,org.springframework.web.filter.RequestContextFilter; SearchStrategy: all) did not find any beans (OnBeanCondition)

   WebMvcAutoConfiguration.WebMvcAutoConfigurationAdapter#viewResolver matched:
      - @ConditionalOnBean (types: org.springframework.web.servlet.ViewResolver; SearchStrategy: all) found beans 'defaultViewResolver', 'beanNameViewResolver', 'mvcViewResolver'; @ConditionalOnMissingBean (names: viewResolver types: org.springframework.web.servlet.view.ContentNegotiatingViewResolver; SearchStrategy: all) did not find any beans (OnBeanCondition)

   WebSocketServletAutoConfiguration matched:
      - @ConditionalOnClass found required classes 'javax.servlet.Servlet', 'javax.websocket.server.ServerContainer' (OnClassCondition)
      - found 'session' scope (OnWebApplicationCondition)

   WebSocketServletAutoConfiguration.TomcatWebSocketConfiguration matched:
      - @ConditionalOnClass found required classes 'org.apache.catalina.startup.Tomcat', 'org.apache.tomcat.websocket.server.WsSci' (OnClassCondition)

   WebSocketServletAutoConfiguration.TomcatWebSocketConfiguration#websocketServletWebServerCustomizer matched:
      - @ConditionalOnMissingBean (names: websocketServletWebServerCustomizer; SearchStrategy: all) did not find any beans (OnBeanCondition)


Negative matches:
-----------------

   ActiveMQAutoConfiguration:
      Did not match:
         - @ConditionalOnClass did not find required class 'javax.jms.ConnectionFactory' (OnClassCondition)

   AopAutoConfiguration.AspectJAutoProxyingConfiguration:
      Did not match:
         - @ConditionalOnClass did not find required class 'org.aspectj.weaver.Advice' (OnClassCondition)

   ArtemisAutoConfiguration:
      Did not match:
         - @ConditionalOnClass did not find required class 'javax.jms.ConnectionFactory' (OnClassCondition)

   BatchAutoConfiguration:
      Did not match:
         - @ConditionalOnClass did not find required class 'org.springframework.batch.core.launch.JobLauncher' (OnClassCondition)

   CacheAutoConfiguration:
      Did not match:
         - @ConditionalOnBean (types: org.springframework.cache.interceptor.CacheAspectSupport; SearchStrategy: all) did not find any beans of type org.springframework.cache.interceptor.CacheAspectSupport (OnBeanCondition)
      Matched:
         - @ConditionalOnClass found required class 'org.springframework.cache.CacheManager' (OnClassCondition)

   CacheAutoConfiguration.CacheManagerEntityManagerFactoryDependsOnPostProcessor:
      Did not match:
         - @ConditionalOnClass did not find required class 'org.springframework.orm.jpa.LocalContainerEntityManagerFactoryBean' (OnClassCondition)
         - Ancestor org.springframework.boot.autoconfigure.cache.CacheAutoConfiguration did not match (ConditionEvaluationReport.AncestorsMatchedCondition)

   CaffeineCacheConfiguration:
      Did not match:
         - @ConditionalOnClass did not find required class 'com.github.benmanes.caffeine.cache.Caffeine' (OnClassCondition)

   CassandraAutoConfiguration:
      Did not match:
         - @ConditionalOnClass did not find required class 'com.datastax.oss.driver.api.core.CqlSession' (OnClassCondition)

   CassandraDataAutoConfiguration:
      Did not match:
         - @ConditionalOnClass did not find required class 'com.datastax.oss.driver.api.core.CqlSession' (OnClassCondition)

   CassandraReactiveDataAutoConfiguration:
      Did not match:
         - @ConditionalOnClass did not find required class 'com.datastax.oss.driver.api.core.CqlSession' (OnClassCondition)

   CassandraReactiveRepositoriesAutoConfiguration:
      Did not match:
         - @ConditionalOnClass did not find required class 'org.springframework.data.cassandra.ReactiveSession' (OnClassCondition)

   CassandraRepositoriesAutoConfiguration:
      Did not match:
         - @ConditionalOnClass did not find required class 'com.datastax.oss.driver.api.core.CqlSession' (OnClassCondition)

   ClientHttpConnectorAutoConfiguration:
      Did not match:
         - @ConditionalOnClass did not find required class 'org.springframework.web.reactive.function.client.WebClient' (OnClassCondition)

   CodecsAutoConfiguration:
      Did not match:
         - @ConditionalOnClass did not find required class 'org.springframework.web.reactive.function.client.WebClient' (OnClassCondition)

   CouchbaseAutoConfiguration:
      Did not match:
         - @ConditionalOnClass did not find required class 'com.couchbase.client.java.Cluster' (OnClassCondition)

   CouchbaseCacheConfiguration:
      Did not match:
         - @ConditionalOnClass did not find required class 'com.couchbase.client.java.Cluster' (OnClassCondition)

   CouchbaseDataAutoConfiguration:
      Did not match:
         - @ConditionalOnClass did not find required class 'com.couchbase.client.java.Bucket' (OnClassCondition)

   CouchbaseReactiveDataAutoConfiguration:
      Did not match:
         - @ConditionalOnClass did not find required class 'com.couchbase.client.java.Cluster' (OnClassCondition)

   CouchbaseReactiveRepositoriesAutoConfiguration:
      Did not match:
         - @ConditionalOnClass did not find required class 'com.couchbase.client.java.Cluster' (OnClassCondition)

   CouchbaseRepositoriesAutoConfiguration:
      Did not match:
         - @ConditionalOnClass did not find required class 'com.couchbase.client.java.Bucket' (OnClassCondition)

   DataSourceAutoConfiguration:
      Did not match:
         - @ConditionalOnClass did not find required class 'org.springframework.jdbc.datasource.embedded.EmbeddedDatabaseType' (OnClassCondition)

   DataSourceTransactionManagerAutoConfiguration:
      Did not match:
         - @ConditionalOnClass did not find required class 'org.springframework.jdbc.core.JdbcTemplate' (OnClassCondition)

   DispatcherServletAutoConfiguration.DispatcherServletConfiguration#multipartResolver:
      Did not match:
         - @ConditionalOnBean (types: org.springframework.web.multipart.MultipartResolver; SearchStrategy: all) did not find any beans of type org.springframework.web.multipart.MultipartResolver (OnBeanCondition)

   EhCacheCacheConfiguration:
      Did not match:
         - @ConditionalOnClass did not find required class 'net.sf.ehcache.Cache' (OnClassCondition)

   ElasticsearchDataAutoConfiguration:
      Did not match:
         - @ConditionalOnClass did not find required class 'org.springframework.data.elasticsearch.core.ElasticsearchTemplate' (OnClassCondition)

   ElasticsearchRepositoriesAutoConfiguration:
      Did not match:
         - @ConditionalOnClass did not find required class 'org.elasticsearch.client.Client' (OnClassCondition)

   ElasticsearchRestClientAutoConfiguration:
      Did not match:
         - @ConditionalOnClass did not find required class 'org.elasticsearch.client.RestClient' (OnClassCondition)

   EmbeddedLdapAutoConfiguration:
      Did not match:
         - @ConditionalOnClass did not find required class 'com.unboundid.ldap.listener.InMemoryDirectoryServer' (OnClassCondition)

   EmbeddedMongoAutoConfiguration:
      Did not match:
         - @ConditionalOnClass did not find required class 'com.mongodb.MongoClientSettings' (OnClassCondition)

   EmbeddedWebServerFactoryCustomizerAutoConfiguration.JettyWebServerFactoryCustomizerConfiguration:
      Did not match:
         - @ConditionalOnClass did not find required classes 'org.eclipse.jetty.server.Server', 'org.eclipse.jetty.util.Loader', 'org.eclipse.jetty.webapp.WebAppContext' (OnClassCondition)

   EmbeddedWebServerFactoryCustomizerAutoConfiguration.NettyWebServerFactoryCustomizerConfiguration:
      Did not match:
         - @ConditionalOnClass did not find required class 'reactor.netty.http.server.HttpServer' (OnClassCondition)

   EmbeddedWebServerFactoryCustomizerAutoConfiguration.UndertowWebServerFactoryCustomizerConfiguration:
      Did not match:
         - @ConditionalOnClass did not find required classes 'io.undertow.Undertow', 'org.xnio.SslClientAuthMode' (OnClassCondition)

   ErrorWebFluxAutoConfiguration:
      Did not match:
         - @ConditionalOnClass did not find required class 'org.springframework.web.reactive.config.WebFluxConfigurer' (OnClassCondition)

   FlywayAutoConfiguration:
      Did not match:
         - @ConditionalOnClass did not find required class 'org.flywaydb.core.Flyway' (OnClassCondition)

   FreeMarkerAutoConfiguration:
      Did not match:
         - @ConditionalOnClass did not find required class 'freemarker.template.Configuration' (OnClassCondition)

   GroovyTemplateAutoConfiguration:
      Did not match:
         - @ConditionalOnClass did not find required class 'groovy.text.markup.MarkupTemplateEngine' (OnClassCondition)

   GsonAutoConfiguration:
      Did not match:
         - @ConditionalOnClass did not find required class 'com.google.gson.Gson' (OnClassCondition)

   GsonHttpMessageConvertersConfiguration:
      Did not match:
         - @ConditionalOnClass did not find required class 'com.google.gson.Gson' (OnClassCondition)

   H2ConsoleAutoConfiguration:
      Did not match:
         - @ConditionalOnClass did not find required class 'org.h2.server.web.WebServlet' (OnClassCondition)

   HazelcastAutoConfiguration:
      Did not match:
         - @ConditionalOnClass did not find required class 'com.hazelcast.core.HazelcastInstance' (OnClassCondition)

   HazelcastCacheConfiguration:
      Did not match:
         - @ConditionalOnClass did not find required class 'com.hazelcast.core.HazelcastInstance' (OnClassCondition)

   HazelcastJpaDependencyAutoConfiguration:
      Did not match:
         - @ConditionalOnClass did not find required class 'com.hazelcast.core.HazelcastInstance' (OnClassCondition)

   HibernateJpaAutoConfiguration:
      Did not match:
         - @ConditionalOnClass did not find required class 'javax.persistence.EntityManager' (OnClassCondition)

   HttpHandlerAutoConfiguration:
      Did not match:
         - @ConditionalOnClass did not find required class 'org.springframework.web.reactive.DispatcherHandler' (OnClassCondition)

   HypermediaAutoConfiguration:
      Did not match:
         - @ConditionalOnClass did not find required class 'org.springframework.hateoas.EntityModel' (OnClassCondition)

   InfinispanCacheConfiguration:
      Did not match:
         - @ConditionalOnClass did not find required class 'org.infinispan.spring.embedded.provider.SpringEmbeddedCacheManager' (OnClassCondition)

   InfluxDbAutoConfiguration:
      Did not match:
         - @ConditionalOnClass did not find required class 'org.influxdb.InfluxDB' (OnClassCondition)

   IntegrationAutoConfiguration:
      Did not match:
         - @ConditionalOnClass did not find required class 'org.springframework.integration.config.EnableIntegration' (OnClassCondition)

   JCacheCacheConfiguration:
      Did not match:
         - @ConditionalOnClass did not find required class 'javax.cache.Caching' (OnClassCondition)

   JacksonHttpMessageConvertersConfiguration.MappingJackson2XmlHttpMessageConverterConfiguration:
      Did not match:
         - @ConditionalOnClass did not find required class 'com.fasterxml.jackson.dataformat.xml.XmlMapper' (OnClassCondition)

   JdbcRepositoriesAutoConfiguration:
      Did not match:
         - @ConditionalOnClass did not find required class 'org.springframework.data.jdbc.repository.config.AbstractJdbcConfiguration' (OnClassCondition)

   JdbcTemplateAutoConfiguration:
      Did not match:
         - @ConditionalOnClass did not find required class 'org.springframework.jdbc.core.JdbcTemplate' (OnClassCondition)

   JerseyAutoConfiguration:
      Did not match:
         - @ConditionalOnClass did not find required class 'org.glassfish.jersey.server.spring.SpringComponentProvider' (OnClassCondition)

   JmsAutoConfiguration:
      Did not match:
         - @ConditionalOnClass did not find required class 'javax.jms.Message' (OnClassCondition)

   JndiConnectionFactoryAutoConfiguration:
      Did not match:
         - @ConditionalOnClass did not find required class 'org.springframework.jms.core.JmsTemplate' (OnClassCondition)

   JndiDataSourceAutoConfiguration:
      Did not match:
         - @ConditionalOnClass did not find required class 'org.springframework.jdbc.datasource.embedded.EmbeddedDatabaseType' (OnClassCondition)

   JooqAutoConfiguration:
      Did not match:
         - @ConditionalOnClass did not find required class 'org.jooq.DSLContext' (OnClassCondition)

   JpaRepositoriesAutoConfiguration:
      Did not match:
         - @ConditionalOnClass did not find required class 'org.springframework.data.jpa.repository.JpaRepository' (OnClassCondition)

   JsonbAutoConfiguration:
      Did not match:
         - @ConditionalOnClass did not find required class 'javax.json.bind.Jsonb' (OnClassCondition)

   JsonbHttpMessageConvertersConfiguration:
      Did not match:
         - @ConditionalOnClass did not find required class 'javax.json.bind.Jsonb' (OnClassCondition)

   JtaAutoConfiguration:
      Did not match:
         - @ConditionalOnClass did not find required class 'javax.transaction.Transaction' (OnClassCondition)

   KafkaAutoConfiguration:
      Did not match:
         - @ConditionalOnClass did not find required class 'org.springframework.kafka.core.KafkaTemplate' (OnClassCondition)

   LdapAutoConfiguration:
      Did not match:
         - @ConditionalOnClass did not find required class 'org.springframework.ldap.core.ContextSource' (OnClassCondition)

   LdapRepositoriesAutoConfiguration:
      Did not match:
         - @ConditionalOnClass did not find required class 'org.springframework.data.ldap.repository.LdapRepository' (OnClassCondition)

   LiquibaseAutoConfiguration:
      Did not match:
         - @ConditionalOnClass did not find required class 'liquibase.change.DatabaseChange' (OnClassCondition)

   MailSenderAutoConfiguration:
      Did not match:
         - @ConditionalOnClass did not find required class 'javax.mail.internet.MimeMessage' (OnClassCondition)

   MailSenderValidatorAutoConfiguration:
      Did not match:
         - @ConditionalOnSingleCandidate did not find required type 'org.springframework.mail.javamail.JavaMailSenderImpl' (OnBeanCondition)

   MessageSourceAutoConfiguration:
      Did not match:
         - ResourceBundle did not find bundle with basename messages (MessageSourceAutoConfiguration.ResourceBundleCondition)

   MongoAutoConfiguration:
      Did not match:
         - @ConditionalOnClass did not find required class 'com.mongodb.client.MongoClient' (OnClassCondition)

   MongoDataAutoConfiguration:
      Did not match:
         - @ConditionalOnClass did not find required class 'com.mongodb.client.MongoClient' (OnClassCondition)

   MongoReactiveAutoConfiguration:
      Did not match:
         - @ConditionalOnClass did not find required class 'com.mongodb.reactivestreams.client.MongoClient' (OnClassCondition)

   MongoReactiveDataAutoConfiguration:
      Did not match:
         - @ConditionalOnClass did not find required class 'com.mongodb.reactivestreams.client.MongoClient' (OnClassCondition)

   MongoReactiveRepositoriesAutoConfiguration:
      Did not match:
         - @ConditionalOnClass did not find required class 'com.mongodb.reactivestreams.client.MongoClient' (OnClassCondition)

   MongoRepositoriesAutoConfiguration:
      Did not match:
         - @ConditionalOnClass did not find required class 'com.mongodb.client.MongoClient' (OnClassCondition)

   MustacheAutoConfiguration:
      Did not match:
         - @ConditionalOnClass did not find required class 'com.samskivert.mustache.Mustache' (OnClassCondition)

   Neo4jDataAutoConfiguration:
      Did not match:
         - @ConditionalOnClass did not find required class 'org.neo4j.ogm.session.SessionFactory' (OnClassCondition)

   Neo4jRepositoriesAutoConfiguration:
      Did not match:
         - @ConditionalOnClass did not find required class 'org.neo4j.ogm.session.Neo4jSession' (OnClassCondition)

   OAuth2ClientAutoConfiguration:
      Did not match:
         - @ConditionalOnClass did not find required class 'org.springframework.security.config.annotation.web.configuration.EnableWebSecurity' (OnClassCondition)

   OAuth2ResourceServerAutoConfiguration:
      Did not match:
         - @ConditionalOnClass did not find required class 'org.springframework.security.oauth2.server.resource.BearerTokenAuthenticationToken' (OnClassCondition)

   PersistenceExceptionTranslationAutoConfiguration:
      Did not match:
         - @ConditionalOnClass did not find required class 'org.springframework.dao.annotation.PersistenceExceptionTranslationPostProcessor' (OnClassCondition)

   ProjectInfoAutoConfiguration#buildProperties:
      Did not match:
         - @ConditionalOnResource did not find resource '${spring.info.build.location:classpath:META-INF/build-info.properties}' (OnResourceCondition)

   ProjectInfoAutoConfiguration#gitProperties:
      Did not match:
         - GitResource did not find git info at classpath:git.properties (ProjectInfoAutoConfiguration.GitResourceAvailableCondition)

   QuartzAutoConfiguration:
      Did not match:
         - @ConditionalOnClass did not find required class 'org.quartz.Scheduler' (OnClassCondition)

   R2dbcAutoConfiguration:
      Did not match:
         - @ConditionalOnClass did not find required class 'io.r2dbc.spi.ConnectionFactory' (OnClassCondition)

   R2dbcDataAutoConfiguration:
      Did not match:
         - @ConditionalOnClass did not find required class 'org.springframework.data.r2dbc.core.DatabaseClient' (OnClassCondition)

   R2dbcRepositoriesAutoConfiguration:
      Did not match:
         - @ConditionalOnClass did not find required class 'io.r2dbc.spi.ConnectionFactory' (OnClassCondition)

   R2dbcTransactionManagerAutoConfiguration:
      Did not match:
         - @ConditionalOnClass did not find required class 'org.springframework.data.r2dbc.connectionfactory.R2dbcTransactionManager' (OnClassCondition)

   RSocketMessagingAutoConfiguration:
      Did not match:
         - @ConditionalOnClass did not find required class 'io.rsocket.RSocketFactory' (OnClassCondition)

   RSocketRequesterAutoConfiguration:
      Did not match:
         - @ConditionalOnClass did not find required class 'io.rsocket.RSocketFactory' (OnClassCondition)

   RSocketSecurityAutoConfiguration:
      Did not match:
         - @ConditionalOnClass did not find required class 'org.springframework.security.rsocket.core.SecuritySocketAcceptorInterceptor' (OnClassCondition)

   RSocketServerAutoConfiguration:
      Did not match:
         - @ConditionalOnClass did not find required class 'io.rsocket.core.RSocketServer' (OnClassCondition)

   RSocketStrategiesAutoConfiguration:
      Did not match:
         - @ConditionalOnClass did not find required class 'io.netty.buffer.PooledByteBufAllocator' (OnClassCondition)

   RabbitAutoConfiguration:
      Did not match:
         - @ConditionalOnClass did not find required class 'com.rabbitmq.client.Channel' (OnClassCondition)

   ReactiveElasticsearchRepositoriesAutoConfiguration:
      Did not match:
         - @ConditionalOnClass did not find required class 'org.springframework.data.elasticsearch.client.reactive.ReactiveElasticsearchClient' (OnClassCondition)

   ReactiveElasticsearchRestClientAutoConfiguration:
      Did not match:
         - @ConditionalOnClass did not find required class 'reactor.netty.http.client.HttpClient' (OnClassCondition)

   ReactiveOAuth2ClientAutoConfiguration:
      Did not match:
         - @ConditionalOnClass did not find required class 'reactor.core.publisher.Flux' (OnClassCondition)

   ReactiveOAuth2ResourceServerAutoConfiguration:
      Did not match:
         - @ConditionalOnClass did not find required class 'org.springframework.security.config.annotation.web.reactive.EnableWebFluxSecurity' (OnClassCondition)

   ReactiveSecurityAutoConfiguration:
      Did not match:
         - @ConditionalOnClass did not find required class 'reactor.core.publisher.Flux' (OnClassCondition)

   ReactiveUserDetailsServiceAutoConfiguration:
      Did not match:
         - @ConditionalOnClass did not find required class 'org.springframework.security.authentication.ReactiveAuthenticationManager' (OnClassCondition)

   ReactiveWebServerFactoryAutoConfiguration:
      Did not match:
         - @ConditionalOnWebApplication did not find reactive web application classes (OnWebApplicationCondition)

   RedisAutoConfiguration:
      Did not match:
         - @ConditionalOnClass did not find required class 'org.springframework.data.redis.core.RedisOperations' (OnClassCondition)

   RedisCacheConfiguration:
      Did not match:
         - @ConditionalOnClass did not find required class 'org.springframework.data.redis.connection.RedisConnectionFactory' (OnClassCondition)

   RedisReactiveAutoConfiguration:
      Did not match:
         - @ConditionalOnClass did not find required class 'reactor.core.publisher.Flux' (OnClassCondition)

   RedisRepositoriesAutoConfiguration:
      Did not match:
         - @ConditionalOnClass did not find required class 'org.springframework.data.redis.repository.configuration.EnableRedisRepositories' (OnClassCondition)

   RefreshAutoConfiguration.JpaInvokerConfiguration:
      Did not match:
         - @ConditionalOnClass did not find required class 'javax.persistence.EntityManagerFactory' (OnClassCondition)

   RefreshEndpointAutoConfiguration:
      Did not match:
         - @ConditionalOnClass did not find required class 'org.springframework.boot.actuate.autoconfigure.endpoint.EndpointAutoConfiguration' (OnClassCondition)

   RepositoryRestMvcAutoConfiguration:
      Did not match:
         - @ConditionalOnClass did not find required class 'org.springframework.data.rest.webmvc.config.RepositoryRestMvcConfiguration' (OnClassCondition)

   Saml2RelyingPartyAutoConfiguration:
      Did not match:
         - @ConditionalOnClass did not find required class 'org.springframework.security.saml2.provider.service.registration.RelyingPartyRegistrationRepository' (OnClassCondition)

   SecurityAutoConfiguration:
      Did not match:
         - @ConditionalOnClass did not find required class 'org.springframework.security.authentication.DefaultAuthenticationEventPublisher' (OnClassCondition)

   SecurityFilterAutoConfiguration:
      Did not match:
         - @ConditionalOnClass did not find required class 'org.springframework.security.config.http.SessionCreationPolicy' (OnClassCondition)

   SendGridAutoConfiguration:
      Did not match:
         - @ConditionalOnClass did not find required class 'com.sendgrid.SendGrid' (OnClassCondition)

   ServletWebServerFactoryAutoConfiguration#forwardedHeaderFilter:
      Did not match:
         - @ConditionalOnProperty (server.forward-headers-strategy=framework) did not find property 'server.forward-headers-strategy' (OnPropertyCondition)

   ServletWebServerFactoryConfiguration.EmbeddedJetty:
      Did not match:
         - @ConditionalOnClass did not find required classes 'org.eclipse.jetty.server.Server', 'org.eclipse.jetty.util.Loader', 'org.eclipse.jetty.webapp.WebAppContext' (OnClassCondition)

   ServletWebServerFactoryConfiguration.EmbeddedUndertow:
      Did not match:
         - @ConditionalOnClass did not find required classes 'io.undertow.Undertow', 'org.xnio.SslClientAuthMode' (OnClassCondition)

   SessionAutoConfiguration:
      Did not match:
         - @ConditionalOnClass did not find required class 'org.springframework.session.Session' (OnClassCondition)

   SolrAutoConfiguration:
      Did not match:
         - @ConditionalOnClass did not find required class 'org.apache.solr.client.solrj.impl.CloudSolrClient' (OnClassCondition)

   SolrRepositoriesAutoConfiguration:
      Did not match:
         - @ConditionalOnClass did not find required class 'org.apache.solr.client.solrj.SolrClient' (OnClassCondition)

   SpringDataWebAutoConfiguration:
      Did not match:
         - @ConditionalOnClass did not find required class 'org.springframework.data.web.PageableHandlerMethodArgumentResolver' (OnClassCondition)

   TaskSchedulingAutoConfiguration#taskScheduler:
      Did not match:
         - @ConditionalOnBean (names: org.springframework.context.annotation.internalScheduledAnnotationProcessor; SearchStrategy: all) did not find any beans named org.springframework.context.annotation.internalScheduledAnnotationProcessor (OnBeanCondition)

   ThymeleafAutoConfiguration:
      Did not match:
         - @ConditionalOnClass did not find required class 'org.thymeleaf.spring5.SpringTemplateEngine' (OnClassCondition)

   TransactionAutoConfiguration:
      Did not match:
         - @ConditionalOnClass did not find required class 'org.springframework.transaction.PlatformTransactionManager' (OnClassCondition)

   UserDetailsServiceAutoConfiguration:
      Did not match:
         - @ConditionalOnClass did not find required class 'org.springframework.security.authentication.AuthenticationManager' (OnClassCondition)

   WebClientAutoConfiguration:
      Did not match:
         - @ConditionalOnClass did not find required class 'org.springframework.web.reactive.function.client.WebClient' (OnClassCondition)

   WebFluxAutoConfiguration:
      Did not match:
         - @ConditionalOnClass did not find required class 'org.springframework.web.reactive.config.WebFluxConfigurer' (OnClassCondition)

   WebMvcAutoConfiguration#hiddenHttpMethodFilter:
      Did not match:
         - @ConditionalOnProperty (spring.mvc.hiddenmethod.filter.enabled) did not find property 'enabled' (OnPropertyCondition)

   WebMvcAutoConfiguration.ResourceChainCustomizerConfiguration:
      Did not match:
         - @ConditionalOnEnabledResourceChain did not find class org.webjars.WebJarAssetLocator (OnEnabledResourceChainCondition)

   WebMvcAutoConfiguration.WebMvcAutoConfigurationAdapter#beanNameViewResolver:
      Did not match:
         - @ConditionalOnMissingBean (types: org.springframework.web.servlet.view.BeanNameViewResolver; SearchStrategy: all) found beans of type 'org.springframework.web.servlet.view.BeanNameViewResolver' beanNameViewResolver (OnBeanCondition)

   WebMvcAutoConfiguration.WebMvcAutoConfigurationAdapter#localeResolver:
      Did not match:
         - @ConditionalOnProperty (spring.mvc.locale) did not find property 'locale' (OnPropertyCondition)

   WebServiceTemplateAutoConfiguration:
      Did not match:
         - @ConditionalOnClass did not find required class 'org.springframework.oxm.Marshaller' (OnClassCondition)

   WebServicesAutoConfiguration:
      Did not match:
         - @ConditionalOnClass did not find required class 'org.springframework.ws.transport.http.MessageDispatcherServlet' (OnClassCondition)

   WebSocketMessagingAutoConfiguration:
      Did not match:
         - @ConditionalOnClass did not find required class 'org.springframework.web.socket.config.annotation.WebSocketMessageBrokerConfigurer' (OnClassCondition)

   WebSocketReactiveAutoConfiguration:
      Did not match:
         - @ConditionalOnWebApplication did not find reactive web application classes (OnWebApplicationCondition)

   WebSocketServletAutoConfiguration.JettyWebSocketConfiguration:
      Did not match:
         - @ConditionalOnClass did not find required class 'org.eclipse.jetty.websocket.jsr356.server.deploy.WebSocketServerContainerInitializer' (OnClassCondition)

   WebSocketServletAutoConfiguration.UndertowWebSocketConfiguration:
      Did not match:
         - @ConditionalOnClass did not find required class 'io.undertow.websockets.jsr.Bootstrap' (OnClassCondition)

   WritableEnvironmentEndpointAutoConfiguration:
      Did not match:
         - @ConditionalOnClass did not find required class 'org.springframework.boot.actuate.autoconfigure.env.EnvironmentEndpointProperties' (OnClassCondition)

   XADataSourceAutoConfiguration:
      Did not match:
         - @ConditionalOnClass did not find required class 'javax.transaction.TransactionManager' (OnClassCondition)


Exclusions:
-----------

    None


Unconditional classes:
----------------------

    org.springframework.boot.autoconfigure.context.ConfigurationPropertiesAutoConfiguration

    org.springframework.boot.autoconfigure.context.LifecycleAutoConfiguration

    org.springframework.boot.autoconfigure.context.PropertyPlaceholderAutoConfiguration

    org.springframework.cloud.autoconfigure.LifecycleMvcEndpointAutoConfiguration

    org.springframework.boot.autoconfigure.availability.ApplicationAvailabilityAutoConfiguration

    org.springframework.boot.autoconfigure.info.ProjectInfoAutoConfiguration



2024-10-26 12:42:17,741 DEBUG [main][PropertySourcesPropertyResolver.java:115] - Found key 'spring.liveBeansView.mbeanDomain' in PropertySource 'systemProperties' with value of type String
2024-10-26 12:42:17,741 DEBUG [main][PropertySourcesPropertyResolver.java:115] - Found key 'spring.liveBeansView.mbeanDomain' in PropertySource 'systemProperties' with value of type String
2024-10-26 12:42:17,741 INFO [main][StartupInfoLogger.java:61] - Started ContentApplication in 0.948 seconds (JVM running for 1.453)
2024-10-26 12:42:17,741 INFO [main][StartupInfoLogger.java:61] - Started ContentApplication in 0.948 seconds (JVM running for 1.453)
2024-10-26 12:42:18,180 DEBUG [RMI TCP Connection(2)-192.168.99.13][PropertySourcesPropertyResolver.java:115] - Found key 'local.server.port' in PropertySource 'server.ports' with value of type Integer
2024-10-26 12:42:18,180 DEBUG [RMI TCP Connection(2)-192.168.99.13][PropertySourcesPropertyResolver.java:115] - Found key 'local.server.port' in PropertySource 'server.ports' with value of type Integer
2024-10-26 12:42:18,183 DEBUG [RMI TCP Connection(2)-192.168.99.13][PropertySourcesPropertyResolver.java:115] - Found key 'server.servlet.context-path' in PropertySource 'configurationProperties' with value of type String
2024-10-26 12:42:18,183 DEBUG [RMI TCP Connection(2)-192.168.99.13][PropertySourcesPropertyResolver.java:115] - Found key 'server.servlet.context-path' in PropertySource 'configurationProperties' with value of type String
2024-10-26 12:54:35,276 DEBUG [SpringContextShutdownHook][AbstractApplicationContext.java:1006] - Closing org.springframework.boot.web.servlet.context.AnnotationConfigServletWebServerApplicationContext@14dda234, started on Sat Oct 26 12:42:17 CEST 2024, parent: org.springframework.context.annotation.AnnotationConfigApplicationContext@72d6b3ba
2024-10-26 12:54:35,276 DEBUG [SpringContextShutdownHook][AbstractApplicationContext.java:1006] - Closing org.springframework.boot.web.servlet.context.AnnotationConfigServletWebServerApplicationContext@14dda234, started on Sat Oct 26 12:42:17 CEST 2024, parent: org.springframework.context.annotation.AnnotationConfigApplicationContext@72d6b3ba
2024-10-26 12:54:35,277 DEBUG [SpringContextShutdownHook][DefaultLifecycleProcessor.java:369] - Stopping beans in phase 2147483647
2024-10-26 12:54:35,277 DEBUG [SpringContextShutdownHook][DefaultLifecycleProcessor.java:369] - Stopping beans in phase 2147483647
2024-10-26 12:54:35,278 DEBUG [SpringContextShutdownHook][DefaultLifecycleProcessor.java:242] - Bean 'webServerGracefulShutdown' completed its stop procedure
2024-10-26 12:54:35,278 DEBUG [SpringContextShutdownHook][DefaultLifecycleProcessor.java:242] - Bean 'webServerGracefulShutdown' completed its stop procedure
2024-10-26 12:54:35,278 DEBUG [SpringContextShutdownHook][DefaultLifecycleProcessor.java:369] - Stopping beans in phase 2147483646
2024-10-26 12:54:35,278 DEBUG [SpringContextShutdownHook][DefaultLifecycleProcessor.java:369] - Stopping beans in phase 2147483646
2024-10-26 12:54:35,400 DEBUG [SpringContextShutdownHook][DefaultLifecycleProcessor.java:242] - Bean 'webServerStartStop' completed its stop procedure
2024-10-26 12:54:35,400 DEBUG [SpringContextShutdownHook][DefaultLifecycleProcessor.java:242] - Bean 'webServerStartStop' completed its stop procedure
2024-10-26 12:54:35,401 DEBUG [SpringContextShutdownHook][MBeanExporter.java:452] - Unregistering JMX-exposed beans on shutdown
2024-10-26 12:54:35,401 DEBUG [SpringContextShutdownHook][MBeanExporter.java:452] - Unregistering JMX-exposed beans on shutdown
2024-10-26 12:54:35,401 DEBUG [SpringContextShutdownHook][MBeanRegistrationSupport.java:186] - Unregistering JMX-exposed beans
2024-10-26 12:54:35,401 DEBUG [SpringContextShutdownHook][MBeanRegistrationSupport.java:186] - Unregistering JMX-exposed beans
2024-10-26 12:54:35,401 INFO [SpringContextShutdownHook][ExecutorConfigurationSupport.java:218] - Shutting down ExecutorService 'applicationTaskExecutor'
2024-10-26 12:54:35,401 INFO [SpringContextShutdownHook][ExecutorConfigurationSupport.java:218] - Shutting down ExecutorService 'applicationTaskExecutor'
2024-10-26 12:54:39,313 DEBUG [main][ClasspathLoggingApplicationListener.java:51] - Application started with classpath: [file:/C:/Program%20Files/Java/jdk1.8.0_202/jre/lib/charsets.jar, file:/C:/Program%20Files/Java/jdk1.8.0_202/jre/lib/deploy.jar, file:/C:/Program%20Files/Java/jdk1.8.0_202/jre/lib/ext/access-bridge-64.jar, file:/C:/Program%20Files/Java/jdk1.8.0_202/jre/lib/ext/cldrdata.jar, file:/C:/Program%20Files/Java/jdk1.8.0_202/jre/lib/ext/dnsns.jar, file:/C:/Program%20Files/Java/jdk1.8.0_202/jre/lib/ext/jaccess.jar, file:/C:/Program%20Files/Java/jdk1.8.0_202/jre/lib/ext/jfxrt.jar, file:/C:/Program%20Files/Java/jdk1.8.0_202/jre/lib/ext/localedata.jar, file:/C:/Program%20Files/Java/jdk1.8.0_202/jre/lib/ext/nashorn.jar, file:/C:/Program%20Files/Java/jdk1.8.0_202/jre/lib/ext/sunec.jar, file:/C:/Program%20Files/Java/jdk1.8.0_202/jre/lib/ext/sunjce_provider.jar, file:/C:/Program%20Files/Java/jdk1.8.0_202/jre/lib/ext/sunmscapi.jar, file:/C:/Program%20Files/Java/jdk1.8.0_202/jre/lib/ext/sunpkcs11.jar, file:/C:/Program%20Files/Java/jdk1.8.0_202/jre/lib/ext/zipfs.jar, file:/C:/Program%20Files/Java/jdk1.8.0_202/jre/lib/javaws.jar, file:/C:/Program%20Files/Java/jdk1.8.0_202/jre/lib/jce.jar, file:/C:/Program%20Files/Java/jdk1.8.0_202/jre/lib/jfr.jar, file:/C:/Program%20Files/Java/jdk1.8.0_202/jre/lib/jfxswt.jar, file:/C:/Program%20Files/Java/jdk1.8.0_202/jre/lib/jsse.jar, file:/C:/Program%20Files/Java/jdk1.8.0_202/jre/lib/management-agent.jar, file:/C:/Program%20Files/Java/jdk1.8.0_202/jre/lib/plugin.jar, file:/C:/Program%20Files/Java/jdk1.8.0_202/jre/lib/resources.jar, file:/C:/Program%20Files/Java/jdk1.8.0_202/jre/lib/rt.jar, file:/D:/itcast2023/xc_edu3.1/code_402/xuecheng-plus-project/xuecheng-plus-content/xuecheng-plus-content-api/target/classes/, file:/D:/itcast2023/xc_edu3.1/code_402/xuecheng-plus-project/xuecheng-plus-content/xuecheng-plus-content-model/target/classes/, file:/D:/develop/repository/com/baomidou/mybatis-plus-annotation/3.4.1/mybatis-plus-annotation-3.4.1.jar, file:/D:/develop/repository/com/baomidou/mybatis-plus-core/3.4.1/mybatis-plus-core-3.4.1.jar, file:/D:/develop/repository/com/github/jsqlparser/jsqlparser/3.2/jsqlparser-3.2.jar, file:/D:/develop/repository/org/mybatis/mybatis/3.5.6/mybatis-3.5.6.jar, file:/D:/develop/repository/org/springframework/cloud/spring-cloud-context/2.2.6.RELEASE/spring-cloud-context-2.2.6.RELEASE.jar, file:/D:/develop/repository/org/springframework/security/spring-security-crypto/5.3.6.RELEASE/spring-security-crypto-5.3.6.RELEASE.jar, file:/D:/develop/repository/org/springframework/boot/spring-boot-starter-web/2.3.7.RELEASE/spring-boot-starter-web-2.3.7.RELEASE.jar, file:/D:/develop/repository/org/springframework/boot/spring-boot-starter-json/2.3.7.RELEASE/spring-boot-starter-json-2.3.7.RELEASE.jar, file:/D:/develop/repository/com/fasterxml/jackson/core/jackson-databind/2.11.3/jackson-databind-2.11.3.jar, file:/D:/develop/repository/org/springframework/boot/spring-boot-starter-tomcat/2.3.7.RELEASE/spring-boot-starter-tomcat-2.3.7.RELEASE.jar, file:/D:/develop/repository/org/apache/tomcat/embed/tomcat-embed-core/9.0.41/tomcat-embed-core-9.0.41.jar, file:/D:/develop/repository/org/apache/tomcat/embed/tomcat-embed-websocket/9.0.41/tomcat-embed-websocket-9.0.41.jar, file:/D:/develop/repository/org/springframework/spring-web/5.2.12.RELEASE/spring-web-5.2.12.RELEASE.jar, file:/D:/develop/repository/org/springframework/spring-beans/5.2.12.RELEASE/spring-beans-5.2.12.RELEASE.jar, file:/D:/develop/repository/org/springframework/spring-webmvc/5.2.12.RELEASE/spring-webmvc-5.2.12.RELEASE.jar, file:/D:/develop/repository/org/springframework/spring-aop/5.2.12.RELEASE/spring-aop-5.2.12.RELEASE.jar, file:/D:/develop/repository/org/springframework/spring-context/5.2.12.RELEASE/spring-context-5.2.12.RELEASE.jar, file:/D:/develop/repository/org/springframework/spring-expression/5.2.12.RELEASE/spring-expression-5.2.12.RELEASE.jar, file:/D:/develop/repository/org/springframework/boot/spring-boot-starter/2.3.7.RELEASE/spring-boot-starter-2.3.7.RELEASE.jar, file:/D:/develop/repository/org/springframework/boot/spring-boot/2.3.7.RELEASE/spring-boot-2.3.7.RELEASE.jar, file:/D:/develop/repository/org/springframework/boot/spring-boot-autoconfigure/2.3.7.RELEASE/spring-boot-autoconfigure-2.3.7.RELEASE.jar, file:/D:/develop/repository/jakarta/annotation/jakarta.annotation-api/1.3.5/jakarta.annotation-api-1.3.5.jar, file:/D:/develop/repository/org/springframework/spring-core/5.2.12.RELEASE/spring-core-5.2.12.RELEASE.jar, file:/D:/develop/repository/org/springframework/spring-jcl/5.2.12.RELEASE/spring-jcl-5.2.12.RELEASE.jar, file:/D:/develop/repository/org/yaml/snakeyaml/1.26/snakeyaml-1.26.jar, file:/D:/develop/repository/org/springframework/boot/spring-boot-starter-validation/2.3.7.RELEASE/spring-boot-starter-validation-2.3.7.RELEASE.jar, file:/D:/develop/repository/org/glassfish/jakarta.el/3.0.3/jakarta.el-3.0.3.jar, file:/D:/develop/repository/org/hibernate/validator/hibernate-validator/6.1.6.Final/hibernate-validator-6.1.6.Final.jar, file:/D:/develop/repository/jakarta/validation/jakarta.validation-api/2.0.2/jakarta.validation-api-2.0.2.jar, file:/D:/develop/repository/org/jboss/logging/jboss-logging/3.4.1.Final/jboss-logging-3.4.1.Final.jar, file:/D:/develop/repository/com/fasterxml/classmate/1.5.1/classmate-1.5.1.jar, file:/D:/develop/repository/org/springframework/boot/spring-boot-starter-log4j2/2.3.7.RELEASE/spring-boot-starter-log4j2-2.3.7.RELEASE.jar, file:/D:/develop/repository/org/apache/logging/log4j/log4j-slf4j-impl/2.13.3/log4j-slf4j-impl-2.13.3.jar, file:/D:/develop/repository/org/slf4j/slf4j-api/1.7.30/slf4j-api-1.7.30.jar, file:/D:/develop/repository/org/apache/logging/log4j/log4j-api/2.13.3/log4j-api-2.13.3.jar, file:/D:/develop/repository/org/apache/logging/log4j/log4j-core/2.13.3/log4j-core-2.13.3.jar, file:/D:/develop/repository/org/apache/logging/log4j/log4j-jul/2.13.3/log4j-jul-2.13.3.jar, file:/D:/develop/repository/org/slf4j/jul-to-slf4j/1.7.30/jul-to-slf4j-1.7.30.jar, file:/D:/develop/repository/com/spring4all/swagger-spring-boot-starter/1.9.0.RELEASE/swagger-spring-boot-starter-1.9.0.RELEASE.jar, file:/D:/develop/repository/io/springfox/springfox-swagger-ui/2.9.2/springfox-swagger-ui-2.9.2.jar, file:/D:/develop/repository/io/springfox/springfox-spring-web/2.9.2/springfox-spring-web-2.9.2.jar, file:/D:/develop/repository/io/springfox/springfox-swagger2/2.9.2/springfox-swagger2-2.9.2.jar, file:/D:/develop/repository/io/swagger/swagger-models/1.5.20/swagger-models-1.5.20.jar, file:/D:/develop/repository/io/springfox/springfox-spi/2.9.2/springfox-spi-2.9.2.jar, file:/D:/develop/repository/io/springfox/springfox-core/2.9.2/springfox-core-2.9.2.jar, file:/D:/develop/repository/net/bytebuddy/byte-buddy/1.10.18/byte-buddy-1.10.18.jar, file:/D:/develop/repository/io/springfox/springfox-schema/2.9.2/springfox-schema-2.9.2.jar, file:/D:/develop/repository/io/springfox/springfox-swagger-common/2.9.2/springfox-swagger-common-2.9.2.jar, file:/D:/develop/repository/com/google/guava/guava/25.0-jre/guava-25.0-jre.jar, file:/D:/develop/repository/com/google/code/findbugs/jsr305/1.3.9/jsr305-1.3.9.jar, file:/D:/develop/repository/org/checkerframework/checker-compat-qual/2.0.0/checker-compat-qual-2.0.0.jar, file:/D:/develop/repository/com/google/errorprone/error_prone_annotations/2.1.3/error_prone_annotations-2.1.3.jar, file:/D:/develop/repository/com/google/j2objc/j2objc-annotations/1.1/j2objc-annotations-1.1.jar, file:/D:/develop/repository/org/codehaus/mojo/animal-sniffer-annotations/1.14/animal-sniffer-annotations-1.14.jar, file:/D:/develop/repository/org/springframework/plugin/spring-plugin-core/1.2.0.RELEASE/spring-plugin-core-1.2.0.RELEASE.jar, file:/D:/develop/repository/org/springframework/plugin/spring-plugin-metadata/1.2.0.RELEASE/spring-plugin-metadata-1.2.0.RELEASE.jar, file:/D:/develop/repository/org/mapstruct/mapstruct/1.2.0.Final/mapstruct-1.2.0.Final.jar, file:/D:/develop/repository/io/springfox/springfox-bean-validators/2.9.2/springfox-bean-validators-2.9.2.jar, file:/D:/itcast2023/xc_edu3.1/code_402/xuecheng-plus-project/xuecheng-plus-base/target/classes/, file:/D:/develop/repository/org/projectlombok/lombok/1.18.8/lombok-1.18.8.jar, file:/D:/develop/repository/org/apache/commons/commons-lang3/3.10/commons-lang3-3.10.jar, file:/D:/develop/repository/com/alibaba/fastjson/1.2.83/fastjson-1.2.83.jar, file:/D:/develop/repository/commons-lang/commons-lang/2.6/commons-lang-2.6.jar, file:/D:/develop/repository/commons-codec/commons-codec/1.14/commons-codec-1.14.jar, file:/D:/develop/repository/io/swagger/swagger-annotations/1.5.20/swagger-annotations-1.5.20.jar, file:/D:/develop/repository/com/j256/simplemagic/simplemagic/1.17/simplemagic-1.17.jar, file:/D:/develop/repository/com/google/zxing/core/3.3.3/core-3.3.3.jar, file:/D:/develop/repository/com/google/zxing/javase/3.3.3/javase-3.3.3.jar, file:/D:/develop/repository/com/beust/jcommander/1.72/jcommander-1.72.jar, file:/D:/develop/repository/com/github/jai-imageio/jai-imageio-core/1.4.0/jai-imageio-core-1.4.0.jar, file:/D:/develop/repository/com/fasterxml/jackson/module/jackson-module-parameter-names/2.11.3/jackson-module-parameter-names-2.11.3.jar, file:/D:/develop/repository/com/fasterxml/jackson/core/jackson-core/2.11.3/jackson-core-2.11.3.jar, file:/D:/develop/repository/com/fasterxml/jackson/datatype/jackson-datatype-jdk8/2.11.3/jackson-datatype-jdk8-2.11.3.jar, file:/D:/develop/repository/com/fasterxml/jackson/datatype/jackson-datatype-jsr310/2.11.3/jackson-datatype-jsr310-2.11.3.jar, file:/D:/develop/repository/com/fasterxml/jackson/core/jackson-annotations/2.11.3/jackson-annotations-2.11.3.jar, file:/D:/IntelliJ%20IDEA%202022.2.3/lib/idea_rt.jar]
2024-10-26 12:54:39,313 DEBUG [main][ClasspathLoggingApplicationListener.java:51] - Application started with classpath: [file:/C:/Program%20Files/Java/jdk1.8.0_202/jre/lib/charsets.jar, file:/C:/Program%20Files/Java/jdk1.8.0_202/jre/lib/deploy.jar, file:/C:/Program%20Files/Java/jdk1.8.0_202/jre/lib/ext/access-bridge-64.jar, file:/C:/Program%20Files/Java/jdk1.8.0_202/jre/lib/ext/cldrdata.jar, file:/C:/Program%20Files/Java/jdk1.8.0_202/jre/lib/ext/dnsns.jar, file:/C:/Program%20Files/Java/jdk1.8.0_202/jre/lib/ext/jaccess.jar, file:/C:/Program%20Files/Java/jdk1.8.0_202/jre/lib/ext/jfxrt.jar, file:/C:/Program%20Files/Java/jdk1.8.0_202/jre/lib/ext/localedata.jar, file:/C:/Program%20Files/Java/jdk1.8.0_202/jre/lib/ext/nashorn.jar, file:/C:/Program%20Files/Java/jdk1.8.0_202/jre/lib/ext/sunec.jar, file:/C:/Program%20Files/Java/jdk1.8.0_202/jre/lib/ext/sunjce_provider.jar, file:/C:/Program%20Files/Java/jdk1.8.0_202/jre/lib/ext/sunmscapi.jar, file:/C:/Program%20Files/Java/jdk1.8.0_202/jre/lib/ext/sunpkcs11.jar, file:/C:/Program%20Files/Java/jdk1.8.0_202/jre/lib/ext/zipfs.jar, file:/C:/Program%20Files/Java/jdk1.8.0_202/jre/lib/javaws.jar, file:/C:/Program%20Files/Java/jdk1.8.0_202/jre/lib/jce.jar, file:/C:/Program%20Files/Java/jdk1.8.0_202/jre/lib/jfr.jar, file:/C:/Program%20Files/Java/jdk1.8.0_202/jre/lib/jfxswt.jar, file:/C:/Program%20Files/Java/jdk1.8.0_202/jre/lib/jsse.jar, file:/C:/Program%20Files/Java/jdk1.8.0_202/jre/lib/management-agent.jar, file:/C:/Program%20Files/Java/jdk1.8.0_202/jre/lib/plugin.jar, file:/C:/Program%20Files/Java/jdk1.8.0_202/jre/lib/resources.jar, file:/C:/Program%20Files/Java/jdk1.8.0_202/jre/lib/rt.jar, file:/D:/itcast2023/xc_edu3.1/code_402/xuecheng-plus-project/xuecheng-plus-content/xuecheng-plus-content-api/target/classes/, file:/D:/itcast2023/xc_edu3.1/code_402/xuecheng-plus-project/xuecheng-plus-content/xuecheng-plus-content-model/target/classes/, file:/D:/develop/repository/com/baomidou/mybatis-plus-annotation/3.4.1/mybatis-plus-annotation-3.4.1.jar, file:/D:/develop/repository/com/baomidou/mybatis-plus-core/3.4.1/mybatis-plus-core-3.4.1.jar, file:/D:/develop/repository/com/github/jsqlparser/jsqlparser/3.2/jsqlparser-3.2.jar, file:/D:/develop/repository/org/mybatis/mybatis/3.5.6/mybatis-3.5.6.jar, file:/D:/develop/repository/org/springframework/cloud/spring-cloud-context/2.2.6.RELEASE/spring-cloud-context-2.2.6.RELEASE.jar, file:/D:/develop/repository/org/springframework/security/spring-security-crypto/5.3.6.RELEASE/spring-security-crypto-5.3.6.RELEASE.jar, file:/D:/develop/repository/org/springframework/boot/spring-boot-starter-web/2.3.7.RELEASE/spring-boot-starter-web-2.3.7.RELEASE.jar, file:/D:/develop/repository/org/springframework/boot/spring-boot-starter-json/2.3.7.RELEASE/spring-boot-starter-json-2.3.7.RELEASE.jar, file:/D:/develop/repository/com/fasterxml/jackson/core/jackson-databind/2.11.3/jackson-databind-2.11.3.jar, file:/D:/develop/repository/org/springframework/boot/spring-boot-starter-tomcat/2.3.7.RELEASE/spring-boot-starter-tomcat-2.3.7.RELEASE.jar, file:/D:/develop/repository/org/apache/tomcat/embed/tomcat-embed-core/9.0.41/tomcat-embed-core-9.0.41.jar, file:/D:/develop/repository/org/apache/tomcat/embed/tomcat-embed-websocket/9.0.41/tomcat-embed-websocket-9.0.41.jar, file:/D:/develop/repository/org/springframework/spring-web/5.2.12.RELEASE/spring-web-5.2.12.RELEASE.jar, file:/D:/develop/repository/org/springframework/spring-beans/5.2.12.RELEASE/spring-beans-5.2.12.RELEASE.jar, file:/D:/develop/repository/org/springframework/spring-webmvc/5.2.12.RELEASE/spring-webmvc-5.2.12.RELEASE.jar, file:/D:/develop/repository/org/springframework/spring-aop/5.2.12.RELEASE/spring-aop-5.2.12.RELEASE.jar, file:/D:/develop/repository/org/springframework/spring-context/5.2.12.RELEASE/spring-context-5.2.12.RELEASE.jar, file:/D:/develop/repository/org/springframework/spring-expression/5.2.12.RELEASE/spring-expression-5.2.12.RELEASE.jar, file:/D:/develop/repository/org/springframework/boot/spring-boot-starter/2.3.7.RELEASE/spring-boot-starter-2.3.7.RELEASE.jar, file:/D:/develop/repository/org/springframework/boot/spring-boot/2.3.7.RELEASE/spring-boot-2.3.7.RELEASE.jar, file:/D:/develop/repository/org/springframework/boot/spring-boot-autoconfigure/2.3.7.RELEASE/spring-boot-autoconfigure-2.3.7.RELEASE.jar, file:/D:/develop/repository/jakarta/annotation/jakarta.annotation-api/1.3.5/jakarta.annotation-api-1.3.5.jar, file:/D:/develop/repository/org/springframework/spring-core/5.2.12.RELEASE/spring-core-5.2.12.RELEASE.jar, file:/D:/develop/repository/org/springframework/spring-jcl/5.2.12.RELEASE/spring-jcl-5.2.12.RELEASE.jar, file:/D:/develop/repository/org/yaml/snakeyaml/1.26/snakeyaml-1.26.jar, file:/D:/develop/repository/org/springframework/boot/spring-boot-starter-validation/2.3.7.RELEASE/spring-boot-starter-validation-2.3.7.RELEASE.jar, file:/D:/develop/repository/org/glassfish/jakarta.el/3.0.3/jakarta.el-3.0.3.jar, file:/D:/develop/repository/org/hibernate/validator/hibernate-validator/6.1.6.Final/hibernate-validator-6.1.6.Final.jar, file:/D:/develop/repository/jakarta/validation/jakarta.validation-api/2.0.2/jakarta.validation-api-2.0.2.jar, file:/D:/develop/repository/org/jboss/logging/jboss-logging/3.4.1.Final/jboss-logging-3.4.1.Final.jar, file:/D:/develop/repository/com/fasterxml/classmate/1.5.1/classmate-1.5.1.jar, file:/D:/develop/repository/org/springframework/boot/spring-boot-starter-log4j2/2.3.7.RELEASE/spring-boot-starter-log4j2-2.3.7.RELEASE.jar, file:/D:/develop/repository/org/apache/logging/log4j/log4j-slf4j-impl/2.13.3/log4j-slf4j-impl-2.13.3.jar, file:/D:/develop/repository/org/slf4j/slf4j-api/1.7.30/slf4j-api-1.7.30.jar, file:/D:/develop/repository/org/apache/logging/log4j/log4j-api/2.13.3/log4j-api-2.13.3.jar, file:/D:/develop/repository/org/apache/logging/log4j/log4j-core/2.13.3/log4j-core-2.13.3.jar, file:/D:/develop/repository/org/apache/logging/log4j/log4j-jul/2.13.3/log4j-jul-2.13.3.jar, file:/D:/develop/repository/org/slf4j/jul-to-slf4j/1.7.30/jul-to-slf4j-1.7.30.jar, file:/D:/develop/repository/com/spring4all/swagger-spring-boot-starter/1.9.0.RELEASE/swagger-spring-boot-starter-1.9.0.RELEASE.jar, file:/D:/develop/repository/io/springfox/springfox-swagger-ui/2.9.2/springfox-swagger-ui-2.9.2.jar, file:/D:/develop/repository/io/springfox/springfox-spring-web/2.9.2/springfox-spring-web-2.9.2.jar, file:/D:/develop/repository/io/springfox/springfox-swagger2/2.9.2/springfox-swagger2-2.9.2.jar, file:/D:/develop/repository/io/swagger/swagger-models/1.5.20/swagger-models-1.5.20.jar, file:/D:/develop/repository/io/springfox/springfox-spi/2.9.2/springfox-spi-2.9.2.jar, file:/D:/develop/repository/io/springfox/springfox-core/2.9.2/springfox-core-2.9.2.jar, file:/D:/develop/repository/net/bytebuddy/byte-buddy/1.10.18/byte-buddy-1.10.18.jar, file:/D:/develop/repository/io/springfox/springfox-schema/2.9.2/springfox-schema-2.9.2.jar, file:/D:/develop/repository/io/springfox/springfox-swagger-common/2.9.2/springfox-swagger-common-2.9.2.jar, file:/D:/develop/repository/com/google/guava/guava/25.0-jre/guava-25.0-jre.jar, file:/D:/develop/repository/com/google/code/findbugs/jsr305/1.3.9/jsr305-1.3.9.jar, file:/D:/develop/repository/org/checkerframework/checker-compat-qual/2.0.0/checker-compat-qual-2.0.0.jar, file:/D:/develop/repository/com/google/errorprone/error_prone_annotations/2.1.3/error_prone_annotations-2.1.3.jar, file:/D:/develop/repository/com/google/j2objc/j2objc-annotations/1.1/j2objc-annotations-1.1.jar, file:/D:/develop/repository/org/codehaus/mojo/animal-sniffer-annotations/1.14/animal-sniffer-annotations-1.14.jar, file:/D:/develop/repository/org/springframework/plugin/spring-plugin-core/1.2.0.RELEASE/spring-plugin-core-1.2.0.RELEASE.jar, file:/D:/develop/repository/org/springframework/plugin/spring-plugin-metadata/1.2.0.RELEASE/spring-plugin-metadata-1.2.0.RELEASE.jar, file:/D:/develop/repository/org/mapstruct/mapstruct/1.2.0.Final/mapstruct-1.2.0.Final.jar, file:/D:/develop/repository/io/springfox/springfox-bean-validators/2.9.2/springfox-bean-validators-2.9.2.jar, file:/D:/itcast2023/xc_edu3.1/code_402/xuecheng-plus-project/xuecheng-plus-base/target/classes/, file:/D:/develop/repository/org/projectlombok/lombok/1.18.8/lombok-1.18.8.jar, file:/D:/develop/repository/org/apache/commons/commons-lang3/3.10/commons-lang3-3.10.jar, file:/D:/develop/repository/com/alibaba/fastjson/1.2.83/fastjson-1.2.83.jar, file:/D:/develop/repository/commons-lang/commons-lang/2.6/commons-lang-2.6.jar, file:/D:/develop/repository/commons-codec/commons-codec/1.14/commons-codec-1.14.jar, file:/D:/develop/repository/io/swagger/swagger-annotations/1.5.20/swagger-annotations-1.5.20.jar, file:/D:/develop/repository/com/j256/simplemagic/simplemagic/1.17/simplemagic-1.17.jar, file:/D:/develop/repository/com/google/zxing/core/3.3.3/core-3.3.3.jar, file:/D:/develop/repository/com/google/zxing/javase/3.3.3/javase-3.3.3.jar, file:/D:/develop/repository/com/beust/jcommander/1.72/jcommander-1.72.jar, file:/D:/develop/repository/com/github/jai-imageio/jai-imageio-core/1.4.0/jai-imageio-core-1.4.0.jar, file:/D:/develop/repository/com/fasterxml/jackson/module/jackson-module-parameter-names/2.11.3/jackson-module-parameter-names-2.11.3.jar, file:/D:/develop/repository/com/fasterxml/jackson/core/jackson-core/2.11.3/jackson-core-2.11.3.jar, file:/D:/develop/repository/com/fasterxml/jackson/datatype/jackson-datatype-jdk8/2.11.3/jackson-datatype-jdk8-2.11.3.jar, file:/D:/develop/repository/com/fasterxml/jackson/datatype/jackson-datatype-jsr310/2.11.3/jackson-datatype-jsr310-2.11.3.jar, file:/D:/develop/repository/com/fasterxml/jackson/core/jackson-annotations/2.11.3/jackson-annotations-2.11.3.jar, file:/D:/IntelliJ%20IDEA%202022.2.3/lib/idea_rt.jar]
2024-10-26 12:54:39,329 DEBUG [background-preinit][LoggerProviders.java:152] - Logging Provider: org.jboss.logging.Log4j2LoggerProvider
2024-10-26 12:54:39,329 DEBUG [background-preinit][LoggerProviders.java:152] - Logging Provider: org.jboss.logging.Log4j2LoggerProvider
2024-10-26 12:54:39,330 INFO [background-preinit][Version.java:21] - HV000001: Hibernate Validator 6.1.6.Final
2024-10-26 12:54:39,330 INFO [background-preinit][Version.java:21] - HV000001: Hibernate Validator 6.1.6.Final
2024-10-26 12:54:39,334 DEBUG [background-preinit][ValidationXmlParser.java:120] - Trying to load META-INF/validation.xml for XML based Validator configuration.
2024-10-26 12:54:39,334 DEBUG [background-preinit][ValidationXmlParser.java:120] - Trying to load META-INF/validation.xml for XML based Validator configuration.
2024-10-26 12:54:39,335 DEBUG [background-preinit][ResourceLoaderHelper.java:60] - Trying to load META-INF/validation.xml via TCCL
2024-10-26 12:54:39,335 DEBUG [background-preinit][ResourceLoaderHelper.java:60] - Trying to load META-INF/validation.xml via TCCL
2024-10-26 12:54:39,335 DEBUG [background-preinit][ResourceLoaderHelper.java:66] - Trying to load META-INF/validation.xml via Hibernate Validator's class loader
2024-10-26 12:54:39,335 DEBUG [background-preinit][ResourceLoaderHelper.java:66] - Trying to load META-INF/validation.xml via Hibernate Validator's class loader
2024-10-26 12:54:39,335 DEBUG [background-preinit][ValidationXmlParser.java:127] - No META-INF/validation.xml found. Using annotation based configuration only.
2024-10-26 12:54:39,335 DEBUG [background-preinit][ValidationXmlParser.java:127] - No META-INF/validation.xml found. Using annotation based configuration only.
2024-10-26 12:54:39,338 DEBUG [background-preinit][TraversableResolvers.java:60] - Cannot find javax.persistence.Persistence on classpath. Assuming non JPA 2 environment. All properties will per default be traversable.
2024-10-26 12:54:39,338 DEBUG [background-preinit][TraversableResolvers.java:60] - Cannot find javax.persistence.Persistence on classpath. Assuming non JPA 2 environment. All properties will per default be traversable.
2024-10-26 12:54:39,354 DEBUG [background-preinit][ResourceBundleMessageInterpolator.java:172] - Loaded expression factory via original TCCL
2024-10-26 12:54:39,354 DEBUG [background-preinit][ResourceBundleMessageInterpolator.java:172] - Loaded expression factory via original TCCL
2024-10-26 12:54:39,363 DEBUG [main][PropertySourcesPropertyResolver.java:115] - Found key 'spring.application.name' in PropertySource 'configurationProperties' with value of type String
2024-10-26 12:54:39,363 DEBUG [main][PropertySourcesPropertyResolver.java:115] - Found key 'spring.application.name' in PropertySource 'configurationProperties' with value of type String
2024-10-26 12:54:39,365 DEBUG [main][SpringApplication.java:679] - Loading source class org.springframework.cloud.bootstrap.BootstrapImportSelectorConfiguration
2024-10-26 12:54:39,365 DEBUG [main][SpringApplication.java:679] - Loading source class org.springframework.cloud.bootstrap.BootstrapImportSelectorConfiguration
2024-10-26 12:54:39,379 DEBUG [main][DeferredLog.java:222] - Loaded config file 'file:/D:/itcast2023/xc_edu3.1/code_402/xuecheng-plus-project/xuecheng-plus-content/xuecheng-plus-content-api/target/classes/bootstrap.yml' (classpath:/bootstrap.yml)
2024-10-26 12:54:39,379 DEBUG [main][DeferredLog.java:222] - Loaded config file 'file:/D:/itcast2023/xc_edu3.1/code_402/xuecheng-plus-project/xuecheng-plus-content/xuecheng-plus-content-api/target/classes/bootstrap.yml' (classpath:/bootstrap.yml)
2024-10-26 12:54:39,380 DEBUG [main][AbstractApplicationContext.java:596] - Refreshing org.springframework.context.annotation.AnnotationConfigApplicationContext@72d6b3ba
2024-10-26 12:54:39,380 DEBUG [main][AbstractApplicationContext.java:596] - Refreshing org.springframework.context.annotation.AnnotationConfigApplicationContext@72d6b3ba
2024-10-26 12:54:39,386 DEBUG [main][DefaultSingletonBeanRegistry.java:225] - Creating shared instance of singleton bean 'org.springframework.context.annotation.internalConfigurationAnnotationProcessor'
2024-10-26 12:54:39,386 DEBUG [main][DefaultSingletonBeanRegistry.java:225] - Creating shared instance of singleton bean 'org.springframework.context.annotation.internalConfigurationAnnotationProcessor'
2024-10-26 12:54:39,392 DEBUG [main][DefaultSingletonBeanRegistry.java:225] - Creating shared instance of singleton bean 'org.springframework.boot.autoconfigure.internalCachingMetadataReaderFactory'
2024-10-26 12:54:39,392 DEBUG [main][DefaultSingletonBeanRegistry.java:225] - Creating shared instance of singleton bean 'org.springframework.boot.autoconfigure.internalCachingMetadataReaderFactory'
2024-10-26 12:54:39,438 DEBUG [background-preinit][ValidatorFactoryConfigurationHelper.java:300] - HV000252: Using org.hibernate.validator.internal.engine.DefaultPropertyNodeNameProvider as property node name provider.
2024-10-26 12:54:39,438 DEBUG [background-preinit][ValidatorFactoryConfigurationHelper.java:300] - HV000252: Using org.hibernate.validator.internal.engine.DefaultPropertyNodeNameProvider as property node name provider.
2024-10-26 12:54:39,440 DEBUG [background-preinit][ValidatorFactoryConfigurationHelper.java:375] - HV000234: Using org.hibernate.validator.messageinterpolation.ResourceBundleMessageInterpolator as ValidatorFactory-scoped message interpolator.
2024-10-26 12:54:39,440 DEBUG [background-preinit][ValidatorFactoryConfigurationHelper.java:375] - HV000234: Using org.hibernate.validator.messageinterpolation.ResourceBundleMessageInterpolator as ValidatorFactory-scoped message interpolator.
2024-10-26 12:54:39,440 DEBUG [background-preinit][ValidatorFactoryConfigurationHelper.java:376] - HV000234: Using org.hibernate.validator.internal.engine.resolver.TraverseAllTraversableResolver as ValidatorFactory-scoped traversable resolver.
2024-10-26 12:54:39,440 DEBUG [background-preinit][ValidatorFactoryConfigurationHelper.java:376] - HV000234: Using org.hibernate.validator.internal.engine.resolver.TraverseAllTraversableResolver as ValidatorFactory-scoped traversable resolver.
2024-10-26 12:54:39,440 DEBUG [background-preinit][ValidatorFactoryConfigurationHelper.java:377] - HV000234: Using org.hibernate.validator.internal.util.ExecutableParameterNameProvider as ValidatorFactory-scoped parameter name provider.
2024-10-26 12:54:39,440 DEBUG [background-preinit][ValidatorFactoryConfigurationHelper.java:377] - HV000234: Using org.hibernate.validator.internal.util.ExecutableParameterNameProvider as ValidatorFactory-scoped parameter name provider.
2024-10-26 12:54:39,441 DEBUG [background-preinit][ValidatorFactoryConfigurationHelper.java:378] - HV000234: Using org.hibernate.validator.internal.engine.DefaultClockProvider as ValidatorFactory-scoped clock provider.
2024-10-26 12:54:39,441 DEBUG [background-preinit][ValidatorFactoryConfigurationHelper.java:378] - HV000234: Using org.hibernate.validator.internal.engine.DefaultClockProvider as ValidatorFactory-scoped clock provider.
2024-10-26 12:54:39,441 DEBUG [background-preinit][ValidatorFactoryConfigurationHelper.java:379] - HV000234: Using org.hibernate.validator.internal.engine.scripting.DefaultScriptEvaluatorFactory as ValidatorFactory-scoped script evaluator factory.
2024-10-26 12:54:39,441 DEBUG [background-preinit][ValidatorFactoryConfigurationHelper.java:379] - HV000234: Using org.hibernate.validator.internal.engine.scripting.DefaultScriptEvaluatorFactory as ValidatorFactory-scoped script evaluator factory.
2024-10-26 12:54:39,465 DEBUG [main][DefaultSingletonBeanRegistry.java:225] - Creating shared instance of singleton bean 'propertySourcesPlaceholderConfigurer'
2024-10-26 12:54:39,465 DEBUG [main][DefaultSingletonBeanRegistry.java:225] - Creating shared instance of singleton bean 'propertySourcesPlaceholderConfigurer'
2024-10-26 12:54:39,467 DEBUG [main][DefaultSingletonBeanRegistry.java:225] - Creating shared instance of singleton bean 'org.springframework.context.event.internalEventListenerProcessor'
2024-10-26 12:54:39,467 DEBUG [main][DefaultSingletonBeanRegistry.java:225] - Creating shared instance of singleton bean 'org.springframework.context.event.internalEventListenerProcessor'
2024-10-26 12:54:39,468 DEBUG [main][DefaultSingletonBeanRegistry.java:225] - Creating shared instance of singleton bean 'org.springframework.context.event.internalEventListenerFactory'
2024-10-26 12:54:39,468 DEBUG [main][DefaultSingletonBeanRegistry.java:225] - Creating shared instance of singleton bean 'org.springframework.context.event.internalEventListenerFactory'
2024-10-26 12:54:39,468 DEBUG [main][DefaultSingletonBeanRegistry.java:225] - Creating shared instance of singleton bean 'org.springframework.context.annotation.internalAutowiredAnnotationProcessor'
2024-10-26 12:54:39,468 DEBUG [main][DefaultSingletonBeanRegistry.java:225] - Creating shared instance of singleton bean 'org.springframework.context.annotation.internalAutowiredAnnotationProcessor'
2024-10-26 12:54:39,469 DEBUG [main][DefaultSingletonBeanRegistry.java:225] - Creating shared instance of singleton bean 'org.springframework.context.annotation.internalCommonAnnotationProcessor'
2024-10-26 12:54:39,469 DEBUG [main][DefaultSingletonBeanRegistry.java:225] - Creating shared instance of singleton bean 'org.springframework.context.annotation.internalCommonAnnotationProcessor'
2024-10-26 12:54:39,470 DEBUG [main][DefaultSingletonBeanRegistry.java:225] - Creating shared instance of singleton bean 'org.springframework.boot.context.properties.ConfigurationPropertiesBindingPostProcessor'
2024-10-26 12:54:39,470 DEBUG [main][DefaultSingletonBeanRegistry.java:225] - Creating shared instance of singleton bean 'org.springframework.boot.context.properties.ConfigurationPropertiesBindingPostProcessor'
2024-10-26 12:54:39,470 DEBUG [main][DefaultSingletonBeanRegistry.java:225] - Creating shared instance of singleton bean 'org.springframework.boot.context.internalConfigurationPropertiesBinder'
2024-10-26 12:54:39,470 DEBUG [main][DefaultSingletonBeanRegistry.java:225] - Creating shared instance of singleton bean 'org.springframework.boot.context.internalConfigurationPropertiesBinder'
2024-10-26 12:54:39,471 DEBUG [main][DefaultSingletonBeanRegistry.java:225] - Creating shared instance of singleton bean 'org.springframework.boot.context.internalConfigurationPropertiesBinderFactory'
2024-10-26 12:54:39,471 DEBUG [main][DefaultSingletonBeanRegistry.java:225] - Creating shared instance of singleton bean 'org.springframework.boot.context.internalConfigurationPropertiesBinderFactory'
2024-10-26 12:54:39,472 DEBUG [main][DefaultSingletonBeanRegistry.java:225] - Creating shared instance of singleton bean 'configurationPropertiesBeans'
2024-10-26 12:54:39,472 DEBUG [main][DefaultSingletonBeanRegistry.java:225] - Creating shared instance of singleton bean 'configurationPropertiesBeans'
2024-10-26 12:54:39,474 DEBUG [main][DefaultSingletonBeanRegistry.java:225] - Creating shared instance of singleton bean 'bootstrapImportSelectorConfiguration'
2024-10-26 12:54:39,474 DEBUG [main][DefaultSingletonBeanRegistry.java:225] - Creating shared instance of singleton bean 'bootstrapImportSelectorConfiguration'
2024-10-26 12:54:39,475 DEBUG [main][DefaultSingletonBeanRegistry.java:225] - Creating shared instance of singleton bean 'org.springframework.cloud.bootstrap.config.PropertySourceBootstrapConfiguration'
2024-10-26 12:54:39,475 DEBUG [main][DefaultSingletonBeanRegistry.java:225] - Creating shared instance of singleton bean 'org.springframework.cloud.bootstrap.config.PropertySourceBootstrapConfiguration'
2024-10-26 12:54:39,478 DEBUG [main][DefaultSingletonBeanRegistry.java:225] - Creating shared instance of singleton bean 'org.springframework.boot.context.properties.BoundConfigurationProperties'
2024-10-26 12:54:39,478 DEBUG [main][DefaultSingletonBeanRegistry.java:225] - Creating shared instance of singleton bean 'org.springframework.boot.context.properties.BoundConfigurationProperties'
2024-10-26 12:54:39,478 DEBUG [main][DefaultSingletonBeanRegistry.java:225] - Creating shared instance of singleton bean 'org.springframework.boot.context.properties.ConfigurationBeanFactoryMetadata'
2024-10-26 12:54:39,478 DEBUG [main][DefaultSingletonBeanRegistry.java:225] - Creating shared instance of singleton bean 'org.springframework.boot.context.properties.ConfigurationBeanFactoryMetadata'
2024-10-26 12:54:39,478 DEBUG [main][DefaultSingletonBeanRegistry.java:225] - Creating shared instance of singleton bean 'spring.cloud.config-org.springframework.cloud.bootstrap.config.PropertySourceBootstrapProperties'
2024-10-26 12:54:39,478 DEBUG [main][DefaultSingletonBeanRegistry.java:225] - Creating shared instance of singleton bean 'spring.cloud.config-org.springframework.cloud.bootstrap.config.PropertySourceBootstrapProperties'
2024-10-26 12:54:39,482 DEBUG [main][DefaultSingletonBeanRegistry.java:225] - Creating shared instance of singleton bean 'org.springframework.cloud.bootstrap.encrypt.EncryptionBootstrapConfiguration'
2024-10-26 12:54:39,482 DEBUG [main][DefaultSingletonBeanRegistry.java:225] - Creating shared instance of singleton bean 'org.springframework.cloud.bootstrap.encrypt.EncryptionBootstrapConfiguration'
2024-10-26 12:54:39,483 DEBUG [main][DefaultSingletonBeanRegistry.java:225] - Creating shared instance of singleton bean 'encrypt-org.springframework.cloud.bootstrap.encrypt.KeyProperties'
2024-10-26 12:54:39,483 DEBUG [main][DefaultSingletonBeanRegistry.java:225] - Creating shared instance of singleton bean 'encrypt-org.springframework.cloud.bootstrap.encrypt.KeyProperties'
2024-10-26 12:54:39,484 DEBUG [main][DefaultSingletonBeanRegistry.java:225] - Creating shared instance of singleton bean 'environmentDecryptApplicationListener'
2024-10-26 12:54:39,484 DEBUG [main][DefaultSingletonBeanRegistry.java:225] - Creating shared instance of singleton bean 'environmentDecryptApplicationListener'
2024-10-26 12:54:39,485 DEBUG [main][DefaultSingletonBeanRegistry.java:225] - Creating shared instance of singleton bean 'org.springframework.cloud.autoconfigure.ConfigurationPropertiesRebinderAutoConfiguration'
2024-10-26 12:54:39,485 DEBUG [main][DefaultSingletonBeanRegistry.java:225] - Creating shared instance of singleton bean 'org.springframework.cloud.autoconfigure.ConfigurationPropertiesRebinderAutoConfiguration'
2024-10-26 12:54:39,486 DEBUG [main][DefaultSingletonBeanRegistry.java:225] - Creating shared instance of singleton bean 'configurationPropertiesRebinder'
2024-10-26 12:54:39,486 DEBUG [main][DefaultSingletonBeanRegistry.java:225] - Creating shared instance of singleton bean 'configurationPropertiesRebinder'
2024-10-26 12:54:39,486 DEBUG [main][ConstructorResolver.java:807] - Autowiring by type from bean name 'configurationPropertiesRebinder' via factory method to bean named 'configurationPropertiesBeans'
2024-10-26 12:54:39,486 DEBUG [main][ConstructorResolver.java:807] - Autowiring by type from bean name 'configurationPropertiesRebinder' via factory method to bean named 'configurationPropertiesBeans'
2024-10-26 12:54:39,489 DEBUG [main][DefaultSingletonBeanRegistry.java:225] - Creating shared instance of singleton bean 'org.springframework.boot.autoconfigure.context.PropertyPlaceholderAutoConfiguration'
2024-10-26 12:54:39,489 DEBUG [main][DefaultSingletonBeanRegistry.java:225] - Creating shared instance of singleton bean 'org.springframework.boot.autoconfigure.context.PropertyPlaceholderAutoConfiguration'
2024-10-26 12:54:39,489 DEBUG [main][DefaultSingletonBeanRegistry.java:225] - Creating shared instance of singleton bean 'org.springframework.cloud.util.random.CachedRandomPropertySourceAutoConfiguration'
2024-10-26 12:54:39,489 DEBUG [main][DefaultSingletonBeanRegistry.java:225] - Creating shared instance of singleton bean 'org.springframework.cloud.util.random.CachedRandomPropertySourceAutoConfiguration'
2024-10-26 12:54:39,495 DEBUG [main][ConditionEvaluationReportLoggingListener.java:126] - 


============================
CONDITIONS EVALUATION REPORT
============================


Positive matches:
-----------------

   ConfigurationPropertiesRebinderAutoConfiguration matched:
      - @ConditionalOnBean (types: org.springframework.boot.context.properties.ConfigurationPropertiesBindingPostProcessor; SearchStrategy: all) found bean 'org.springframework.boot.context.properties.ConfigurationPropertiesBindingPostProcessor' (OnBeanCondition)

   ConfigurationPropertiesRebinderAutoConfiguration#configurationPropertiesBeans matched:
      - @ConditionalOnMissingBean (types: org.springframework.cloud.context.properties.ConfigurationPropertiesBeans; SearchStrategy: current) did not find any beans (OnBeanCondition)

   ConfigurationPropertiesRebinderAutoConfiguration#configurationPropertiesRebinder matched:
      - @ConditionalOnMissingBean (types: org.springframework.cloud.context.properties.ConfigurationPropertiesRebinder; SearchStrategy: current) did not find any beans (OnBeanCondition)

   EncryptionBootstrapConfiguration matched:
      - @ConditionalOnClass found required class 'org.springframework.security.crypto.encrypt.TextEncryptor' (OnClassCondition)

   PropertyPlaceholderAutoConfiguration#propertySourcesPlaceholderConfigurer matched:
      - @ConditionalOnMissingBean (types: org.springframework.context.support.PropertySourcesPlaceholderConfigurer; SearchStrategy: current) did not find any beans (OnBeanCondition)


Negative matches:
-----------------

   EncryptionBootstrapConfiguration.RsaEncryptionConfiguration:
      Did not match:
         - @ConditionalOnClass did not find required class 'org.springframework.security.rsa.crypto.RsaSecretEncryptor' (OnClassCondition)

   EncryptionBootstrapConfiguration.VanillaEncryptionConfiguration:
      Did not match:
         - Keystore nor key found in Environment (EncryptionBootstrapConfiguration.KeyCondition)
      Matched:
         - @ConditionalOnMissingClass did not find unwanted class 'org.springframework.security.rsa.crypto.RsaSecretEncryptor' (OnClassCondition)


Exclusions:
-----------

    None


Unconditional classes:
----------------------

    None



2024-10-26 12:54:39,495 DEBUG [main][ConditionEvaluationReportLoggingListener.java:126] - 


============================
CONDITIONS EVALUATION REPORT
============================


Positive matches:
-----------------

   ConfigurationPropertiesRebinderAutoConfiguration matched:
      - @ConditionalOnBean (types: org.springframework.boot.context.properties.ConfigurationPropertiesBindingPostProcessor; SearchStrategy: all) found bean 'org.springframework.boot.context.properties.ConfigurationPropertiesBindingPostProcessor' (OnBeanCondition)

   ConfigurationPropertiesRebinderAutoConfiguration#configurationPropertiesBeans matched:
      - @ConditionalOnMissingBean (types: org.springframework.cloud.context.properties.ConfigurationPropertiesBeans; SearchStrategy: current) did not find any beans (OnBeanCondition)

   ConfigurationPropertiesRebinderAutoConfiguration#configurationPropertiesRebinder matched:
      - @ConditionalOnMissingBean (types: org.springframework.cloud.context.properties.ConfigurationPropertiesRebinder; SearchStrategy: current) did not find any beans (OnBeanCondition)

   EncryptionBootstrapConfiguration matched:
      - @ConditionalOnClass found required class 'org.springframework.security.crypto.encrypt.TextEncryptor' (OnClassCondition)

   PropertyPlaceholderAutoConfiguration#propertySourcesPlaceholderConfigurer matched:
      - @ConditionalOnMissingBean (types: org.springframework.context.support.PropertySourcesPlaceholderConfigurer; SearchStrategy: current) did not find any beans (OnBeanCondition)


Negative matches:
-----------------

   EncryptionBootstrapConfiguration.RsaEncryptionConfiguration:
      Did not match:
         - @ConditionalOnClass did not find required class 'org.springframework.security.rsa.crypto.RsaSecretEncryptor' (OnClassCondition)

   EncryptionBootstrapConfiguration.VanillaEncryptionConfiguration:
      Did not match:
         - Keystore nor key found in Environment (EncryptionBootstrapConfiguration.KeyCondition)
      Matched:
         - @ConditionalOnMissingClass did not find unwanted class 'org.springframework.security.rsa.crypto.RsaSecretEncryptor' (OnClassCondition)


Exclusions:
-----------

    None


Unconditional classes:
----------------------

    None



2024-10-26 12:54:39,495 DEBUG [main][PropertySourcesPropertyResolver.java:115] - Found key 'spring.liveBeansView.mbeanDomain' in PropertySource 'systemProperties' with value of type String
2024-10-26 12:54:39,495 DEBUG [main][PropertySourcesPropertyResolver.java:115] - Found key 'spring.liveBeansView.mbeanDomain' in PropertySource 'systemProperties' with value of type String
2024-10-26 12:54:39,523 DEBUG [main][ClasspathLoggingApplicationListener.java:51] - Application started with classpath: [file:/C:/Program%20Files/Java/jdk1.8.0_202/jre/lib/charsets.jar, file:/C:/Program%20Files/Java/jdk1.8.0_202/jre/lib/deploy.jar, file:/C:/Program%20Files/Java/jdk1.8.0_202/jre/lib/ext/access-bridge-64.jar, file:/C:/Program%20Files/Java/jdk1.8.0_202/jre/lib/ext/cldrdata.jar, file:/C:/Program%20Files/Java/jdk1.8.0_202/jre/lib/ext/dnsns.jar, file:/C:/Program%20Files/Java/jdk1.8.0_202/jre/lib/ext/jaccess.jar, file:/C:/Program%20Files/Java/jdk1.8.0_202/jre/lib/ext/jfxrt.jar, file:/C:/Program%20Files/Java/jdk1.8.0_202/jre/lib/ext/localedata.jar, file:/C:/Program%20Files/Java/jdk1.8.0_202/jre/lib/ext/nashorn.jar, file:/C:/Program%20Files/Java/jdk1.8.0_202/jre/lib/ext/sunec.jar, file:/C:/Program%20Files/Java/jdk1.8.0_202/jre/lib/ext/sunjce_provider.jar, file:/C:/Program%20Files/Java/jdk1.8.0_202/jre/lib/ext/sunmscapi.jar, file:/C:/Program%20Files/Java/jdk1.8.0_202/jre/lib/ext/sunpkcs11.jar, file:/C:/Program%20Files/Java/jdk1.8.0_202/jre/lib/ext/zipfs.jar, file:/C:/Program%20Files/Java/jdk1.8.0_202/jre/lib/javaws.jar, file:/C:/Program%20Files/Java/jdk1.8.0_202/jre/lib/jce.jar, file:/C:/Program%20Files/Java/jdk1.8.0_202/jre/lib/jfr.jar, file:/C:/Program%20Files/Java/jdk1.8.0_202/jre/lib/jfxswt.jar, file:/C:/Program%20Files/Java/jdk1.8.0_202/jre/lib/jsse.jar, file:/C:/Program%20Files/Java/jdk1.8.0_202/jre/lib/management-agent.jar, file:/C:/Program%20Files/Java/jdk1.8.0_202/jre/lib/plugin.jar, file:/C:/Program%20Files/Java/jdk1.8.0_202/jre/lib/resources.jar, file:/C:/Program%20Files/Java/jdk1.8.0_202/jre/lib/rt.jar, file:/D:/itcast2023/xc_edu3.1/code_402/xuecheng-plus-project/xuecheng-plus-content/xuecheng-plus-content-api/target/classes/, file:/D:/itcast2023/xc_edu3.1/code_402/xuecheng-plus-project/xuecheng-plus-content/xuecheng-plus-content-model/target/classes/, file:/D:/develop/repository/com/baomidou/mybatis-plus-annotation/3.4.1/mybatis-plus-annotation-3.4.1.jar, file:/D:/develop/repository/com/baomidou/mybatis-plus-core/3.4.1/mybatis-plus-core-3.4.1.jar, file:/D:/develop/repository/com/github/jsqlparser/jsqlparser/3.2/jsqlparser-3.2.jar, file:/D:/develop/repository/org/mybatis/mybatis/3.5.6/mybatis-3.5.6.jar, file:/D:/develop/repository/org/springframework/cloud/spring-cloud-context/2.2.6.RELEASE/spring-cloud-context-2.2.6.RELEASE.jar, file:/D:/develop/repository/org/springframework/security/spring-security-crypto/5.3.6.RELEASE/spring-security-crypto-5.3.6.RELEASE.jar, file:/D:/develop/repository/org/springframework/boot/spring-boot-starter-web/2.3.7.RELEASE/spring-boot-starter-web-2.3.7.RELEASE.jar, file:/D:/develop/repository/org/springframework/boot/spring-boot-starter-json/2.3.7.RELEASE/spring-boot-starter-json-2.3.7.RELEASE.jar, file:/D:/develop/repository/com/fasterxml/jackson/core/jackson-databind/2.11.3/jackson-databind-2.11.3.jar, file:/D:/develop/repository/org/springframework/boot/spring-boot-starter-tomcat/2.3.7.RELEASE/spring-boot-starter-tomcat-2.3.7.RELEASE.jar, file:/D:/develop/repository/org/apache/tomcat/embed/tomcat-embed-core/9.0.41/tomcat-embed-core-9.0.41.jar, file:/D:/develop/repository/org/apache/tomcat/embed/tomcat-embed-websocket/9.0.41/tomcat-embed-websocket-9.0.41.jar, file:/D:/develop/repository/org/springframework/spring-web/5.2.12.RELEASE/spring-web-5.2.12.RELEASE.jar, file:/D:/develop/repository/org/springframework/spring-beans/5.2.12.RELEASE/spring-beans-5.2.12.RELEASE.jar, file:/D:/develop/repository/org/springframework/spring-webmvc/5.2.12.RELEASE/spring-webmvc-5.2.12.RELEASE.jar, file:/D:/develop/repository/org/springframework/spring-aop/5.2.12.RELEASE/spring-aop-5.2.12.RELEASE.jar, file:/D:/develop/repository/org/springframework/spring-context/5.2.12.RELEASE/spring-context-5.2.12.RELEASE.jar, file:/D:/develop/repository/org/springframework/spring-expression/5.2.12.RELEASE/spring-expression-5.2.12.RELEASE.jar, file:/D:/develop/repository/org/springframework/boot/spring-boot-starter/2.3.7.RELEASE/spring-boot-starter-2.3.7.RELEASE.jar, file:/D:/develop/repository/org/springframework/boot/spring-boot/2.3.7.RELEASE/spring-boot-2.3.7.RELEASE.jar, file:/D:/develop/repository/org/springframework/boot/spring-boot-autoconfigure/2.3.7.RELEASE/spring-boot-autoconfigure-2.3.7.RELEASE.jar, file:/D:/develop/repository/jakarta/annotation/jakarta.annotation-api/1.3.5/jakarta.annotation-api-1.3.5.jar, file:/D:/develop/repository/org/springframework/spring-core/5.2.12.RELEASE/spring-core-5.2.12.RELEASE.jar, file:/D:/develop/repository/org/springframework/spring-jcl/5.2.12.RELEASE/spring-jcl-5.2.12.RELEASE.jar, file:/D:/develop/repository/org/yaml/snakeyaml/1.26/snakeyaml-1.26.jar, file:/D:/develop/repository/org/springframework/boot/spring-boot-starter-validation/2.3.7.RELEASE/spring-boot-starter-validation-2.3.7.RELEASE.jar, file:/D:/develop/repository/org/glassfish/jakarta.el/3.0.3/jakarta.el-3.0.3.jar, file:/D:/develop/repository/org/hibernate/validator/hibernate-validator/6.1.6.Final/hibernate-validator-6.1.6.Final.jar, file:/D:/develop/repository/jakarta/validation/jakarta.validation-api/2.0.2/jakarta.validation-api-2.0.2.jar, file:/D:/develop/repository/org/jboss/logging/jboss-logging/3.4.1.Final/jboss-logging-3.4.1.Final.jar, file:/D:/develop/repository/com/fasterxml/classmate/1.5.1/classmate-1.5.1.jar, file:/D:/develop/repository/org/springframework/boot/spring-boot-starter-log4j2/2.3.7.RELEASE/spring-boot-starter-log4j2-2.3.7.RELEASE.jar, file:/D:/develop/repository/org/apache/logging/log4j/log4j-slf4j-impl/2.13.3/log4j-slf4j-impl-2.13.3.jar, file:/D:/develop/repository/org/slf4j/slf4j-api/1.7.30/slf4j-api-1.7.30.jar, file:/D:/develop/repository/org/apache/logging/log4j/log4j-api/2.13.3/log4j-api-2.13.3.jar, file:/D:/develop/repository/org/apache/logging/log4j/log4j-core/2.13.3/log4j-core-2.13.3.jar, file:/D:/develop/repository/org/apache/logging/log4j/log4j-jul/2.13.3/log4j-jul-2.13.3.jar, file:/D:/develop/repository/org/slf4j/jul-to-slf4j/1.7.30/jul-to-slf4j-1.7.30.jar, file:/D:/develop/repository/com/spring4all/swagger-spring-boot-starter/1.9.0.RELEASE/swagger-spring-boot-starter-1.9.0.RELEASE.jar, file:/D:/develop/repository/io/springfox/springfox-swagger-ui/2.9.2/springfox-swagger-ui-2.9.2.jar, file:/D:/develop/repository/io/springfox/springfox-spring-web/2.9.2/springfox-spring-web-2.9.2.jar, file:/D:/develop/repository/io/springfox/springfox-swagger2/2.9.2/springfox-swagger2-2.9.2.jar, file:/D:/develop/repository/io/swagger/swagger-models/1.5.20/swagger-models-1.5.20.jar, file:/D:/develop/repository/io/springfox/springfox-spi/2.9.2/springfox-spi-2.9.2.jar, file:/D:/develop/repository/io/springfox/springfox-core/2.9.2/springfox-core-2.9.2.jar, file:/D:/develop/repository/net/bytebuddy/byte-buddy/1.10.18/byte-buddy-1.10.18.jar, file:/D:/develop/repository/io/springfox/springfox-schema/2.9.2/springfox-schema-2.9.2.jar, file:/D:/develop/repository/io/springfox/springfox-swagger-common/2.9.2/springfox-swagger-common-2.9.2.jar, file:/D:/develop/repository/com/google/guava/guava/25.0-jre/guava-25.0-jre.jar, file:/D:/develop/repository/com/google/code/findbugs/jsr305/1.3.9/jsr305-1.3.9.jar, file:/D:/develop/repository/org/checkerframework/checker-compat-qual/2.0.0/checker-compat-qual-2.0.0.jar, file:/D:/develop/repository/com/google/errorprone/error_prone_annotations/2.1.3/error_prone_annotations-2.1.3.jar, file:/D:/develop/repository/com/google/j2objc/j2objc-annotations/1.1/j2objc-annotations-1.1.jar, file:/D:/develop/repository/org/codehaus/mojo/animal-sniffer-annotations/1.14/animal-sniffer-annotations-1.14.jar, file:/D:/develop/repository/org/springframework/plugin/spring-plugin-core/1.2.0.RELEASE/spring-plugin-core-1.2.0.RELEASE.jar, file:/D:/develop/repository/org/springframework/plugin/spring-plugin-metadata/1.2.0.RELEASE/spring-plugin-metadata-1.2.0.RELEASE.jar, file:/D:/develop/repository/org/mapstruct/mapstruct/1.2.0.Final/mapstruct-1.2.0.Final.jar, file:/D:/develop/repository/io/springfox/springfox-bean-validators/2.9.2/springfox-bean-validators-2.9.2.jar, file:/D:/itcast2023/xc_edu3.1/code_402/xuecheng-plus-project/xuecheng-plus-base/target/classes/, file:/D:/develop/repository/org/projectlombok/lombok/1.18.8/lombok-1.18.8.jar, file:/D:/develop/repository/org/apache/commons/commons-lang3/3.10/commons-lang3-3.10.jar, file:/D:/develop/repository/com/alibaba/fastjson/1.2.83/fastjson-1.2.83.jar, file:/D:/develop/repository/commons-lang/commons-lang/2.6/commons-lang-2.6.jar, file:/D:/develop/repository/commons-codec/commons-codec/1.14/commons-codec-1.14.jar, file:/D:/develop/repository/io/swagger/swagger-annotations/1.5.20/swagger-annotations-1.5.20.jar, file:/D:/develop/repository/com/j256/simplemagic/simplemagic/1.17/simplemagic-1.17.jar, file:/D:/develop/repository/com/google/zxing/core/3.3.3/core-3.3.3.jar, file:/D:/develop/repository/com/google/zxing/javase/3.3.3/javase-3.3.3.jar, file:/D:/develop/repository/com/beust/jcommander/1.72/jcommander-1.72.jar, file:/D:/develop/repository/com/github/jai-imageio/jai-imageio-core/1.4.0/jai-imageio-core-1.4.0.jar, file:/D:/develop/repository/com/fasterxml/jackson/module/jackson-module-parameter-names/2.11.3/jackson-module-parameter-names-2.11.3.jar, file:/D:/develop/repository/com/fasterxml/jackson/core/jackson-core/2.11.3/jackson-core-2.11.3.jar, file:/D:/develop/repository/com/fasterxml/jackson/datatype/jackson-datatype-jdk8/2.11.3/jackson-datatype-jdk8-2.11.3.jar, file:/D:/develop/repository/com/fasterxml/jackson/datatype/jackson-datatype-jsr310/2.11.3/jackson-datatype-jsr310-2.11.3.jar, file:/D:/develop/repository/com/fasterxml/jackson/core/jackson-annotations/2.11.3/jackson-annotations-2.11.3.jar, file:/D:/IntelliJ%20IDEA%202022.2.3/lib/idea_rt.jar]
2024-10-26 12:54:39,523 DEBUG [main][ClasspathLoggingApplicationListener.java:51] - Application started with classpath: [file:/C:/Program%20Files/Java/jdk1.8.0_202/jre/lib/charsets.jar, file:/C:/Program%20Files/Java/jdk1.8.0_202/jre/lib/deploy.jar, file:/C:/Program%20Files/Java/jdk1.8.0_202/jre/lib/ext/access-bridge-64.jar, file:/C:/Program%20Files/Java/jdk1.8.0_202/jre/lib/ext/cldrdata.jar, file:/C:/Program%20Files/Java/jdk1.8.0_202/jre/lib/ext/dnsns.jar, file:/C:/Program%20Files/Java/jdk1.8.0_202/jre/lib/ext/jaccess.jar, file:/C:/Program%20Files/Java/jdk1.8.0_202/jre/lib/ext/jfxrt.jar, file:/C:/Program%20Files/Java/jdk1.8.0_202/jre/lib/ext/localedata.jar, file:/C:/Program%20Files/Java/jdk1.8.0_202/jre/lib/ext/nashorn.jar, file:/C:/Program%20Files/Java/jdk1.8.0_202/jre/lib/ext/sunec.jar, file:/C:/Program%20Files/Java/jdk1.8.0_202/jre/lib/ext/sunjce_provider.jar, file:/C:/Program%20Files/Java/jdk1.8.0_202/jre/lib/ext/sunmscapi.jar, file:/C:/Program%20Files/Java/jdk1.8.0_202/jre/lib/ext/sunpkcs11.jar, file:/C:/Program%20Files/Java/jdk1.8.0_202/jre/lib/ext/zipfs.jar, file:/C:/Program%20Files/Java/jdk1.8.0_202/jre/lib/javaws.jar, file:/C:/Program%20Files/Java/jdk1.8.0_202/jre/lib/jce.jar, file:/C:/Program%20Files/Java/jdk1.8.0_202/jre/lib/jfr.jar, file:/C:/Program%20Files/Java/jdk1.8.0_202/jre/lib/jfxswt.jar, file:/C:/Program%20Files/Java/jdk1.8.0_202/jre/lib/jsse.jar, file:/C:/Program%20Files/Java/jdk1.8.0_202/jre/lib/management-agent.jar, file:/C:/Program%20Files/Java/jdk1.8.0_202/jre/lib/plugin.jar, file:/C:/Program%20Files/Java/jdk1.8.0_202/jre/lib/resources.jar, file:/C:/Program%20Files/Java/jdk1.8.0_202/jre/lib/rt.jar, file:/D:/itcast2023/xc_edu3.1/code_402/xuecheng-plus-project/xuecheng-plus-content/xuecheng-plus-content-api/target/classes/, file:/D:/itcast2023/xc_edu3.1/code_402/xuecheng-plus-project/xuecheng-plus-content/xuecheng-plus-content-model/target/classes/, file:/D:/develop/repository/com/baomidou/mybatis-plus-annotation/3.4.1/mybatis-plus-annotation-3.4.1.jar, file:/D:/develop/repository/com/baomidou/mybatis-plus-core/3.4.1/mybatis-plus-core-3.4.1.jar, file:/D:/develop/repository/com/github/jsqlparser/jsqlparser/3.2/jsqlparser-3.2.jar, file:/D:/develop/repository/org/mybatis/mybatis/3.5.6/mybatis-3.5.6.jar, file:/D:/develop/repository/org/springframework/cloud/spring-cloud-context/2.2.6.RELEASE/spring-cloud-context-2.2.6.RELEASE.jar, file:/D:/develop/repository/org/springframework/security/spring-security-crypto/5.3.6.RELEASE/spring-security-crypto-5.3.6.RELEASE.jar, file:/D:/develop/repository/org/springframework/boot/spring-boot-starter-web/2.3.7.RELEASE/spring-boot-starter-web-2.3.7.RELEASE.jar, file:/D:/develop/repository/org/springframework/boot/spring-boot-starter-json/2.3.7.RELEASE/spring-boot-starter-json-2.3.7.RELEASE.jar, file:/D:/develop/repository/com/fasterxml/jackson/core/jackson-databind/2.11.3/jackson-databind-2.11.3.jar, file:/D:/develop/repository/org/springframework/boot/spring-boot-starter-tomcat/2.3.7.RELEASE/spring-boot-starter-tomcat-2.3.7.RELEASE.jar, file:/D:/develop/repository/org/apache/tomcat/embed/tomcat-embed-core/9.0.41/tomcat-embed-core-9.0.41.jar, file:/D:/develop/repository/org/apache/tomcat/embed/tomcat-embed-websocket/9.0.41/tomcat-embed-websocket-9.0.41.jar, file:/D:/develop/repository/org/springframework/spring-web/5.2.12.RELEASE/spring-web-5.2.12.RELEASE.jar, file:/D:/develop/repository/org/springframework/spring-beans/5.2.12.RELEASE/spring-beans-5.2.12.RELEASE.jar, file:/D:/develop/repository/org/springframework/spring-webmvc/5.2.12.RELEASE/spring-webmvc-5.2.12.RELEASE.jar, file:/D:/develop/repository/org/springframework/spring-aop/5.2.12.RELEASE/spring-aop-5.2.12.RELEASE.jar, file:/D:/develop/repository/org/springframework/spring-context/5.2.12.RELEASE/spring-context-5.2.12.RELEASE.jar, file:/D:/develop/repository/org/springframework/spring-expression/5.2.12.RELEASE/spring-expression-5.2.12.RELEASE.jar, file:/D:/develop/repository/org/springframework/boot/spring-boot-starter/2.3.7.RELEASE/spring-boot-starter-2.3.7.RELEASE.jar, file:/D:/develop/repository/org/springframework/boot/spring-boot/2.3.7.RELEASE/spring-boot-2.3.7.RELEASE.jar, file:/D:/develop/repository/org/springframework/boot/spring-boot-autoconfigure/2.3.7.RELEASE/spring-boot-autoconfigure-2.3.7.RELEASE.jar, file:/D:/develop/repository/jakarta/annotation/jakarta.annotation-api/1.3.5/jakarta.annotation-api-1.3.5.jar, file:/D:/develop/repository/org/springframework/spring-core/5.2.12.RELEASE/spring-core-5.2.12.RELEASE.jar, file:/D:/develop/repository/org/springframework/spring-jcl/5.2.12.RELEASE/spring-jcl-5.2.12.RELEASE.jar, file:/D:/develop/repository/org/yaml/snakeyaml/1.26/snakeyaml-1.26.jar, file:/D:/develop/repository/org/springframework/boot/spring-boot-starter-validation/2.3.7.RELEASE/spring-boot-starter-validation-2.3.7.RELEASE.jar, file:/D:/develop/repository/org/glassfish/jakarta.el/3.0.3/jakarta.el-3.0.3.jar, file:/D:/develop/repository/org/hibernate/validator/hibernate-validator/6.1.6.Final/hibernate-validator-6.1.6.Final.jar, file:/D:/develop/repository/jakarta/validation/jakarta.validation-api/2.0.2/jakarta.validation-api-2.0.2.jar, file:/D:/develop/repository/org/jboss/logging/jboss-logging/3.4.1.Final/jboss-logging-3.4.1.Final.jar, file:/D:/develop/repository/com/fasterxml/classmate/1.5.1/classmate-1.5.1.jar, file:/D:/develop/repository/org/springframework/boot/spring-boot-starter-log4j2/2.3.7.RELEASE/spring-boot-starter-log4j2-2.3.7.RELEASE.jar, file:/D:/develop/repository/org/apache/logging/log4j/log4j-slf4j-impl/2.13.3/log4j-slf4j-impl-2.13.3.jar, file:/D:/develop/repository/org/slf4j/slf4j-api/1.7.30/slf4j-api-1.7.30.jar, file:/D:/develop/repository/org/apache/logging/log4j/log4j-api/2.13.3/log4j-api-2.13.3.jar, file:/D:/develop/repository/org/apache/logging/log4j/log4j-core/2.13.3/log4j-core-2.13.3.jar, file:/D:/develop/repository/org/apache/logging/log4j/log4j-jul/2.13.3/log4j-jul-2.13.3.jar, file:/D:/develop/repository/org/slf4j/jul-to-slf4j/1.7.30/jul-to-slf4j-1.7.30.jar, file:/D:/develop/repository/com/spring4all/swagger-spring-boot-starter/1.9.0.RELEASE/swagger-spring-boot-starter-1.9.0.RELEASE.jar, file:/D:/develop/repository/io/springfox/springfox-swagger-ui/2.9.2/springfox-swagger-ui-2.9.2.jar, file:/D:/develop/repository/io/springfox/springfox-spring-web/2.9.2/springfox-spring-web-2.9.2.jar, file:/D:/develop/repository/io/springfox/springfox-swagger2/2.9.2/springfox-swagger2-2.9.2.jar, file:/D:/develop/repository/io/swagger/swagger-models/1.5.20/swagger-models-1.5.20.jar, file:/D:/develop/repository/io/springfox/springfox-spi/2.9.2/springfox-spi-2.9.2.jar, file:/D:/develop/repository/io/springfox/springfox-core/2.9.2/springfox-core-2.9.2.jar, file:/D:/develop/repository/net/bytebuddy/byte-buddy/1.10.18/byte-buddy-1.10.18.jar, file:/D:/develop/repository/io/springfox/springfox-schema/2.9.2/springfox-schema-2.9.2.jar, file:/D:/develop/repository/io/springfox/springfox-swagger-common/2.9.2/springfox-swagger-common-2.9.2.jar, file:/D:/develop/repository/com/google/guava/guava/25.0-jre/guava-25.0-jre.jar, file:/D:/develop/repository/com/google/code/findbugs/jsr305/1.3.9/jsr305-1.3.9.jar, file:/D:/develop/repository/org/checkerframework/checker-compat-qual/2.0.0/checker-compat-qual-2.0.0.jar, file:/D:/develop/repository/com/google/errorprone/error_prone_annotations/2.1.3/error_prone_annotations-2.1.3.jar, file:/D:/develop/repository/com/google/j2objc/j2objc-annotations/1.1/j2objc-annotations-1.1.jar, file:/D:/develop/repository/org/codehaus/mojo/animal-sniffer-annotations/1.14/animal-sniffer-annotations-1.14.jar, file:/D:/develop/repository/org/springframework/plugin/spring-plugin-core/1.2.0.RELEASE/spring-plugin-core-1.2.0.RELEASE.jar, file:/D:/develop/repository/org/springframework/plugin/spring-plugin-metadata/1.2.0.RELEASE/spring-plugin-metadata-1.2.0.RELEASE.jar, file:/D:/develop/repository/org/mapstruct/mapstruct/1.2.0.Final/mapstruct-1.2.0.Final.jar, file:/D:/develop/repository/io/springfox/springfox-bean-validators/2.9.2/springfox-bean-validators-2.9.2.jar, file:/D:/itcast2023/xc_edu3.1/code_402/xuecheng-plus-project/xuecheng-plus-base/target/classes/, file:/D:/develop/repository/org/projectlombok/lombok/1.18.8/lombok-1.18.8.jar, file:/D:/develop/repository/org/apache/commons/commons-lang3/3.10/commons-lang3-3.10.jar, file:/D:/develop/repository/com/alibaba/fastjson/1.2.83/fastjson-1.2.83.jar, file:/D:/develop/repository/commons-lang/commons-lang/2.6/commons-lang-2.6.jar, file:/D:/develop/repository/commons-codec/commons-codec/1.14/commons-codec-1.14.jar, file:/D:/develop/repository/io/swagger/swagger-annotations/1.5.20/swagger-annotations-1.5.20.jar, file:/D:/develop/repository/com/j256/simplemagic/simplemagic/1.17/simplemagic-1.17.jar, file:/D:/develop/repository/com/google/zxing/core/3.3.3/core-3.3.3.jar, file:/D:/develop/repository/com/google/zxing/javase/3.3.3/javase-3.3.3.jar, file:/D:/develop/repository/com/beust/jcommander/1.72/jcommander-1.72.jar, file:/D:/develop/repository/com/github/jai-imageio/jai-imageio-core/1.4.0/jai-imageio-core-1.4.0.jar, file:/D:/develop/repository/com/fasterxml/jackson/module/jackson-module-parameter-names/2.11.3/jackson-module-parameter-names-2.11.3.jar, file:/D:/develop/repository/com/fasterxml/jackson/core/jackson-core/2.11.3/jackson-core-2.11.3.jar, file:/D:/develop/repository/com/fasterxml/jackson/datatype/jackson-datatype-jdk8/2.11.3/jackson-datatype-jdk8-2.11.3.jar, file:/D:/develop/repository/com/fasterxml/jackson/datatype/jackson-datatype-jsr310/2.11.3/jackson-datatype-jsr310-2.11.3.jar, file:/D:/develop/repository/com/fasterxml/jackson/core/jackson-annotations/2.11.3/jackson-annotations-2.11.3.jar, file:/D:/IntelliJ%20IDEA%202022.2.3/lib/idea_rt.jar]
2024-10-26 12:54:39,530 INFO [main][SpringApplication.java:651] - No active profile set, falling back to default profiles: default
2024-10-26 12:54:39,530 INFO [main][SpringApplication.java:651] - No active profile set, falling back to default profiles: default
2024-10-26 12:54:39,530 DEBUG [main][SpringApplication.java:679] - Loading source class com.xuecheng.ContentApplication,class org.springframework.cloud.bootstrap.BootstrapApplicationListener$BootstrapMarkerConfiguration
2024-10-26 12:54:39,530 DEBUG [main][SpringApplication.java:679] - Loading source class com.xuecheng.ContentApplication,class org.springframework.cloud.bootstrap.BootstrapApplicationListener$BootstrapMarkerConfiguration
2024-10-26 12:54:39,535 DEBUG [main][AbstractApplicationContext.java:596] - Refreshing org.springframework.boot.web.servlet.context.AnnotationConfigServletWebServerApplicationContext@14dda234
2024-10-26 12:54:39,535 DEBUG [main][AbstractApplicationContext.java:596] - Refreshing org.springframework.boot.web.servlet.context.AnnotationConfigServletWebServerApplicationContext@14dda234
2024-10-26 12:54:39,538 DEBUG [main][DefaultSingletonBeanRegistry.java:225] - Creating shared instance of singleton bean 'org.springframework.context.annotation.internalConfigurationAnnotationProcessor'
2024-10-26 12:54:39,538 DEBUG [main][DefaultSingletonBeanRegistry.java:225] - Creating shared instance of singleton bean 'org.springframework.context.annotation.internalConfigurationAnnotationProcessor'
2024-10-26 12:54:39,538 DEBUG [main][DefaultSingletonBeanRegistry.java:225] - Creating shared instance of singleton bean 'org.springframework.boot.autoconfigure.internalCachingMetadataReaderFactory'
2024-10-26 12:54:39,538 DEBUG [main][DefaultSingletonBeanRegistry.java:225] - Creating shared instance of singleton bean 'org.springframework.boot.autoconfigure.internalCachingMetadataReaderFactory'
2024-10-26 12:54:39,548 DEBUG [main][ClassPathScanningCandidateComponentProvider.java:435] - Identified candidate component class: file [D:\itcast2023\xc_edu3.1\code_402\xuecheng-plus-project\xuecheng-plus-content\xuecheng-plus-content-api\target\classes\com\xuecheng\content\api\CourseBaseInfoController.class]
2024-10-26 12:54:39,548 DEBUG [main][ClassPathScanningCandidateComponentProvider.java:435] - Identified candidate component class: file [D:\itcast2023\xc_edu3.1\code_402\xuecheng-plus-project\xuecheng-plus-content\xuecheng-plus-content-api\target\classes\com\xuecheng\content\api\CourseBaseInfoController.class]
2024-10-26 12:54:39,604 DEBUG [main][PropertySourcesPropertyResolver.java:115] - Found key 'spring.jmx.enabled' in PropertySource 'configurationProperties' with value of type String
2024-10-26 12:54:39,604 DEBUG [main][PropertySourcesPropertyResolver.java:115] - Found key 'spring.jmx.enabled' in PropertySource 'configurationProperties' with value of type String
2024-10-26 12:54:39,605 DEBUG [main][PropertySourcesPropertyResolver.java:115] - Found key 'spring.application.admin.enabled' in PropertySource 'configurationProperties' with value of type String
2024-10-26 12:54:39,605 DEBUG [main][PropertySourcesPropertyResolver.java:115] - Found key 'spring.application.admin.enabled' in PropertySource 'configurationProperties' with value of type String
2024-10-26 12:54:39,662 DEBUG [main][PropertySourcesPropertyResolver.java:115] - Found key 'spring.jmx.enabled' in PropertySource 'configurationProperties' with value of type String
2024-10-26 12:54:39,662 DEBUG [main][PropertySourcesPropertyResolver.java:115] - Found key 'spring.jmx.enabled' in PropertySource 'configurationProperties' with value of type String
2024-10-26 12:54:39,666 DEBUG [main][PropertySourcesPropertyResolver.java:115] - Found key 'spring.application.admin.enabled' in PropertySource 'configurationProperties' with value of type String
2024-10-26 12:54:39,666 DEBUG [main][PropertySourcesPropertyResolver.java:115] - Found key 'spring.application.admin.enabled' in PropertySource 'configurationProperties' with value of type String
2024-10-26 12:54:39,687 DEBUG [main][DefaultSingletonBeanRegistry.java:225] - Creating shared instance of singleton bean 'refreshScope'
2024-10-26 12:54:39,687 DEBUG [main][DefaultSingletonBeanRegistry.java:225] - Creating shared instance of singleton bean 'refreshScope'
2024-10-26 12:54:39,688 DEBUG [main][DefaultSingletonBeanRegistry.java:225] - Creating shared instance of singleton bean 'org.springframework.cloud.autoconfigure.RefreshAutoConfiguration$RefreshScopeBeanDefinitionEnhancer'
2024-10-26 12:54:39,688 DEBUG [main][DefaultSingletonBeanRegistry.java:225] - Creating shared instance of singleton bean 'org.springframework.cloud.autoconfigure.RefreshAutoConfiguration$RefreshScopeBeanDefinitionEnhancer'
2024-10-26 12:54:39,709 DEBUG [main][GenericScope.java:291] - Generating bean factory id from names: [applicationAvailability, applicationTaskExecutor, basicErrorController, beanNameHandlerMapping, beanNameViewResolver, bootstrapApplicationListener.BootstrapMarkerConfiguration, characterEncodingFilter, configurationPropertiesBeans, configurationPropertiesRebinder, contentApplication, contextRefresher, conventionErrorViewResolver, courseBaseInfoController, defaultServletHandlerMapping, defaultValidator, defaultViewResolver, dispatcherServlet, dispatcherServletRegistration, environmentManager, error, errorAttributes, errorPageCustomizer, errorPageRegistrarBeanPostProcessor, formContentFilter, handlerExceptionResolver, handlerFunctionAdapter, httpRequestHandlerAdapter, jacksonObjectMapper, jacksonObjectMapperBuilder, jsonComponentModule, lifecycleProcessor, localeCharsetMappingsCustomizer, loggingRebinder, mappingJackson2HttpMessageConverter, mbeanExporter, mbeanServer, messageConverters, methodValidationPostProcessor, multipartConfigElement, multipartResolver, mvcContentNegotiationManager, mvcConversionService, mvcHandlerMappingIntrospector, mvcPathMatcher, mvcResourceUrlProvider, mvcUriComponentsContributor, mvcUrlPathHelper, mvcValidator, mvcViewResolver, objectNamingStrategy, org.springframework.boot.autoconfigure.AutoConfigurationPackages, org.springframework.boot.autoconfigure.admin.SpringApplicationAdminJmxAutoConfiguration, org.springframework.boot.autoconfigure.aop.AopAutoConfiguration, org.springframework.boot.autoconfigure.aop.AopAutoConfiguration$ClassProxyingConfiguration, org.springframework.boot.autoconfigure.availability.ApplicationAvailabilityAutoConfiguration, org.springframework.boot.autoconfigure.context.ConfigurationPropertiesAutoConfiguration, org.springframework.boot.autoconfigure.context.LifecycleAutoConfiguration, org.springframework.boot.autoconfigure.context.PropertyPlaceholderAutoConfiguration, org.springframework.boot.autoconfigure.http.HttpMessageConvertersAutoConfiguration, org.springframework.boot.autoconfigure.http.HttpMessageConvertersAutoConfiguration$StringHttpMessageConverterConfiguration, org.springframework.boot.autoconfigure.http.JacksonHttpMessageConvertersConfiguration, org.springframework.boot.autoconfigure.http.JacksonHttpMessageConvertersConfiguration$MappingJackson2HttpMessageConverterConfiguration, org.springframework.boot.autoconfigure.info.ProjectInfoAutoConfiguration, org.springframework.boot.autoconfigure.internalCachingMetadataReaderFactory, org.springframework.boot.autoconfigure.jackson.JacksonAutoConfiguration, org.springframework.boot.autoconfigure.jackson.JacksonAutoConfiguration$Jackson2ObjectMapperBuilderCustomizerConfiguration, org.springframework.boot.autoconfigure.jackson.JacksonAutoConfiguration$JacksonObjectMapperBuilderConfiguration, org.springframework.boot.autoconfigure.jackson.JacksonAutoConfiguration$JacksonObjectMapperConfiguration, org.springframework.boot.autoconfigure.jackson.JacksonAutoConfiguration$ParameterNamesModuleConfiguration, org.springframework.boot.autoconfigure.jmx.JmxAutoConfiguration, org.springframework.boot.autoconfigure.task.TaskExecutionAutoConfiguration, org.springframework.boot.autoconfigure.task.TaskSchedulingAutoConfiguration, org.springframework.boot.autoconfigure.validation.ValidationAutoConfiguration, org.springframework.boot.autoconfigure.web.client.RestTemplateAutoConfiguration, org.springframework.boot.autoconfigure.web.embedded.EmbeddedWebServerFactoryCustomizerAutoConfiguration, org.springframework.boot.autoconfigure.web.embedded.EmbeddedWebServerFactoryCustomizerAutoConfiguration$TomcatWebServerFactoryCustomizerConfiguration, org.springframework.boot.autoconfigure.web.servlet.DispatcherServletAutoConfiguration, org.springframework.boot.autoconfigure.web.servlet.DispatcherServletAutoConfiguration$DispatcherServletConfiguration, org.springframework.boot.autoconfigure.web.servlet.DispatcherServletAutoConfiguration$DispatcherServletRegistrationConfiguration, org.springframework.boot.autoconfigure.web.servlet.HttpEncodingAutoConfiguration, org.springframework.boot.autoconfigure.web.servlet.MultipartAutoConfiguration, org.springframework.boot.autoconfigure.web.servlet.ServletWebServerFactoryAutoConfiguration, org.springframework.boot.autoconfigure.web.servlet.ServletWebServerFactoryConfiguration$EmbeddedTomcat, org.springframework.boot.autoconfigure.web.servlet.WebMvcAutoConfiguration, org.springframework.boot.autoconfigure.web.servlet.WebMvcAutoConfiguration$EnableWebMvcConfiguration, org.springframework.boot.autoconfigure.web.servlet.WebMvcAutoConfiguration$WebMvcAutoConfigurationAdapter, org.springframework.boot.autoconfigure.web.servlet.error.ErrorMvcAutoConfiguration, org.springframework.boot.autoconfigure.web.servlet.error.ErrorMvcAutoConfiguration$DefaultErrorViewResolverConfiguration, org.springframework.boot.autoconfigure.web.servlet.error.ErrorMvcAutoConfiguration$WhitelabelErrorViewConfiguration, org.springframework.boot.autoconfigure.websocket.servlet.WebSocketServletAutoConfiguration, org.springframework.boot.autoconfigure.websocket.servlet.WebSocketServletAutoConfiguration$TomcatWebSocketConfiguration, org.springframework.boot.context.internalConfigurationPropertiesBinder, org.springframework.boot.context.internalConfigurationPropertiesBinderFactory, org.springframework.boot.context.properties.BoundConfigurationProperties, org.springframework.boot.context.properties.ConfigurationBeanFactoryMetadata, org.springframework.boot.context.properties.ConfigurationPropertiesBindingPostProcessor, org.springframework.cloud.autoconfigure.ConfigurationPropertiesRebinderAutoConfiguration, org.springframework.cloud.autoconfigure.LifecycleMvcEndpointAutoConfiguration, org.springframework.cloud.autoconfigure.RefreshAutoConfiguration, org.springframework.cloud.autoconfigure.RefreshAutoConfiguration$RefreshScopeBeanDefinitionEnhancer, org.springframework.context.annotation.internalAutowiredAnnotationProcessor, org.springframework.context.annotation.internalCommonAnnotationProcessor, org.springframework.context.annotation.internalConfigurationAnnotationProcessor, org.springframework.context.event.internalEventListenerFactory, org.springframework.context.event.internalEventListenerProcessor, parameterNamesModule, preserveErrorControllerTargetClassPostProcessor, propertySourcesPlaceholderConfigurer, refreshEventListener, refreshScope, requestContextFilter, requestMappingHandlerAdapter, requestMappingHandlerMapping, resourceHandlerMapping, restTemplateBuilder, routerFunctionMapping, server-org.springframework.boot.autoconfigure.web.ServerProperties, servletWebServerFactoryCustomizer, simpleControllerHandlerAdapter, spring.info-org.springframework.boot.autoconfigure.info.ProjectInfoProperties, spring.jackson-org.springframework.boot.autoconfigure.jackson.JacksonProperties, spring.lifecycle-org.springframework.boot.autoconfigure.context.LifecycleProperties, spring.mvc-org.springframework.boot.autoconfigure.web.servlet.WebMvcProperties, spring.resources-org.springframework.boot.autoconfigure.web.ResourceProperties, spring.servlet.multipart-org.springframework.boot.autoconfigure.web.servlet.MultipartProperties, spring.task.execution-org.springframework.boot.autoconfigure.task.TaskExecutionProperties, spring.task.scheduling-org.springframework.boot.autoconfigure.task.TaskSchedulingProperties, springApplicationAdminRegistrar, standardJacksonObjectMapperBuilderCustomizer, stringHttpMessageConverter, taskExecutorBuilder, taskSchedulerBuilder, tomcatServletWebServerFactory, tomcatServletWebServerFactoryCustomizer, tomcatWebServerFactoryCustomizer, viewControllerHandlerMapping, viewResolver, webServerFactoryCustomizerBeanPostProcessor, websocketServletWebServerCustomizer, welcomePageHandlerMapping]
2024-10-26 12:54:39,709 DEBUG [main][GenericScope.java:291] - Generating bean factory id from names: [applicationAvailability, applicationTaskExecutor, basicErrorController, beanNameHandlerMapping, beanNameViewResolver, bootstrapApplicationListener.BootstrapMarkerConfiguration, characterEncodingFilter, configurationPropertiesBeans, configurationPropertiesRebinder, contentApplication, contextRefresher, conventionErrorViewResolver, courseBaseInfoController, defaultServletHandlerMapping, defaultValidator, defaultViewResolver, dispatcherServlet, dispatcherServletRegistration, environmentManager, error, errorAttributes, errorPageCustomizer, errorPageRegistrarBeanPostProcessor, formContentFilter, handlerExceptionResolver, handlerFunctionAdapter, httpRequestHandlerAdapter, jacksonObjectMapper, jacksonObjectMapperBuilder, jsonComponentModule, lifecycleProcessor, localeCharsetMappingsCustomizer, loggingRebinder, mappingJackson2HttpMessageConverter, mbeanExporter, mbeanServer, messageConverters, methodValidationPostProcessor, multipartConfigElement, multipartResolver, mvcContentNegotiationManager, mvcConversionService, mvcHandlerMappingIntrospector, mvcPathMatcher, mvcResourceUrlProvider, mvcUriComponentsContributor, mvcUrlPathHelper, mvcValidator, mvcViewResolver, objectNamingStrategy, org.springframework.boot.autoconfigure.AutoConfigurationPackages, org.springframework.boot.autoconfigure.admin.SpringApplicationAdminJmxAutoConfiguration, org.springframework.boot.autoconfigure.aop.AopAutoConfiguration, org.springframework.boot.autoconfigure.aop.AopAutoConfiguration$ClassProxyingConfiguration, org.springframework.boot.autoconfigure.availability.ApplicationAvailabilityAutoConfiguration, org.springframework.boot.autoconfigure.context.ConfigurationPropertiesAutoConfiguration, org.springframework.boot.autoconfigure.context.LifecycleAutoConfiguration, org.springframework.boot.autoconfigure.context.PropertyPlaceholderAutoConfiguration, org.springframework.boot.autoconfigure.http.HttpMessageConvertersAutoConfiguration, org.springframework.boot.autoconfigure.http.HttpMessageConvertersAutoConfiguration$StringHttpMessageConverterConfiguration, org.springframework.boot.autoconfigure.http.JacksonHttpMessageConvertersConfiguration, org.springframework.boot.autoconfigure.http.JacksonHttpMessageConvertersConfiguration$MappingJackson2HttpMessageConverterConfiguration, org.springframework.boot.autoconfigure.info.ProjectInfoAutoConfiguration, org.springframework.boot.autoconfigure.internalCachingMetadataReaderFactory, org.springframework.boot.autoconfigure.jackson.JacksonAutoConfiguration, org.springframework.boot.autoconfigure.jackson.JacksonAutoConfiguration$Jackson2ObjectMapperBuilderCustomizerConfiguration, org.springframework.boot.autoconfigure.jackson.JacksonAutoConfiguration$JacksonObjectMapperBuilderConfiguration, org.springframework.boot.autoconfigure.jackson.JacksonAutoConfiguration$JacksonObjectMapperConfiguration, org.springframework.boot.autoconfigure.jackson.JacksonAutoConfiguration$ParameterNamesModuleConfiguration, org.springframework.boot.autoconfigure.jmx.JmxAutoConfiguration, org.springframework.boot.autoconfigure.task.TaskExecutionAutoConfiguration, org.springframework.boot.autoconfigure.task.TaskSchedulingAutoConfiguration, org.springframework.boot.autoconfigure.validation.ValidationAutoConfiguration, org.springframework.boot.autoconfigure.web.client.RestTemplateAutoConfiguration, org.springframework.boot.autoconfigure.web.embedded.EmbeddedWebServerFactoryCustomizerAutoConfiguration, org.springframework.boot.autoconfigure.web.embedded.EmbeddedWebServerFactoryCustomizerAutoConfiguration$TomcatWebServerFactoryCustomizerConfiguration, org.springframework.boot.autoconfigure.web.servlet.DispatcherServletAutoConfiguration, org.springframework.boot.autoconfigure.web.servlet.DispatcherServletAutoConfiguration$DispatcherServletConfiguration, org.springframework.boot.autoconfigure.web.servlet.DispatcherServletAutoConfiguration$DispatcherServletRegistrationConfiguration, org.springframework.boot.autoconfigure.web.servlet.HttpEncodingAutoConfiguration, org.springframework.boot.autoconfigure.web.servlet.MultipartAutoConfiguration, org.springframework.boot.autoconfigure.web.servlet.ServletWebServerFactoryAutoConfiguration, org.springframework.boot.autoconfigure.web.servlet.ServletWebServerFactoryConfiguration$EmbeddedTomcat, org.springframework.boot.autoconfigure.web.servlet.WebMvcAutoConfiguration, org.springframework.boot.autoconfigure.web.servlet.WebMvcAutoConfiguration$EnableWebMvcConfiguration, org.springframework.boot.autoconfigure.web.servlet.WebMvcAutoConfiguration$WebMvcAutoConfigurationAdapter, org.springframework.boot.autoconfigure.web.servlet.error.ErrorMvcAutoConfiguration, org.springframework.boot.autoconfigure.web.servlet.error.ErrorMvcAutoConfiguration$DefaultErrorViewResolverConfiguration, org.springframework.boot.autoconfigure.web.servlet.error.ErrorMvcAutoConfiguration$WhitelabelErrorViewConfiguration, org.springframework.boot.autoconfigure.websocket.servlet.WebSocketServletAutoConfiguration, org.springframework.boot.autoconfigure.websocket.servlet.WebSocketServletAutoConfiguration$TomcatWebSocketConfiguration, org.springframework.boot.context.internalConfigurationPropertiesBinder, org.springframework.boot.context.internalConfigurationPropertiesBinderFactory, org.springframework.boot.context.properties.BoundConfigurationProperties, org.springframework.boot.context.properties.ConfigurationBeanFactoryMetadata, org.springframework.boot.context.properties.ConfigurationPropertiesBindingPostProcessor, org.springframework.cloud.autoconfigure.ConfigurationPropertiesRebinderAutoConfiguration, org.springframework.cloud.autoconfigure.LifecycleMvcEndpointAutoConfiguration, org.springframework.cloud.autoconfigure.RefreshAutoConfiguration, org.springframework.cloud.autoconfigure.RefreshAutoConfiguration$RefreshScopeBeanDefinitionEnhancer, org.springframework.context.annotation.internalAutowiredAnnotationProcessor, org.springframework.context.annotation.internalCommonAnnotationProcessor, org.springframework.context.annotation.internalConfigurationAnnotationProcessor, org.springframework.context.event.internalEventListenerFactory, org.springframework.context.event.internalEventListenerProcessor, parameterNamesModule, preserveErrorControllerTargetClassPostProcessor, propertySourcesPlaceholderConfigurer, refreshEventListener, refreshScope, requestContextFilter, requestMappingHandlerAdapter, requestMappingHandlerMapping, resourceHandlerMapping, restTemplateBuilder, routerFunctionMapping, server-org.springframework.boot.autoconfigure.web.ServerProperties, servletWebServerFactoryCustomizer, simpleControllerHandlerAdapter, spring.info-org.springframework.boot.autoconfigure.info.ProjectInfoProperties, spring.jackson-org.springframework.boot.autoconfigure.jackson.JacksonProperties, spring.lifecycle-org.springframework.boot.autoconfigure.context.LifecycleProperties, spring.mvc-org.springframework.boot.autoconfigure.web.servlet.WebMvcProperties, spring.resources-org.springframework.boot.autoconfigure.web.ResourceProperties, spring.servlet.multipart-org.springframework.boot.autoconfigure.web.servlet.MultipartProperties, spring.task.execution-org.springframework.boot.autoconfigure.task.TaskExecutionProperties, spring.task.scheduling-org.springframework.boot.autoconfigure.task.TaskSchedulingProperties, springApplicationAdminRegistrar, standardJacksonObjectMapperBuilderCustomizer, stringHttpMessageConverter, taskExecutorBuilder, taskSchedulerBuilder, tomcatServletWebServerFactory, tomcatServletWebServerFactoryCustomizer, tomcatWebServerFactoryCustomizer, viewControllerHandlerMapping, viewResolver, webServerFactoryCustomizerBeanPostProcessor, websocketServletWebServerCustomizer, welcomePageHandlerMapping]
2024-10-26 12:54:39,710 INFO [main][GenericScope.java:295] - BeanFactory id=42542b52-65e0-300c-a703-0e8102bfc45d
2024-10-26 12:54:39,710 INFO [main][GenericScope.java:295] - BeanFactory id=42542b52-65e0-300c-a703-0e8102bfc45d
2024-10-26 12:54:39,710 DEBUG [main][DefaultSingletonBeanRegistry.java:225] - Creating shared instance of singleton bean 'propertySourcesPlaceholderConfigurer'
2024-10-26 12:54:39,710 DEBUG [main][DefaultSingletonBeanRegistry.java:225] - Creating shared instance of singleton bean 'propertySourcesPlaceholderConfigurer'
2024-10-26 12:54:39,711 DEBUG [main][DefaultSingletonBeanRegistry.java:225] - Creating shared instance of singleton bean 'org.springframework.context.event.internalEventListenerProcessor'
2024-10-26 12:54:39,711 DEBUG [main][DefaultSingletonBeanRegistry.java:225] - Creating shared instance of singleton bean 'org.springframework.context.event.internalEventListenerProcessor'
2024-10-26 12:54:39,711 DEBUG [main][DefaultSingletonBeanRegistry.java:225] - Creating shared instance of singleton bean 'preserveErrorControllerTargetClassPostProcessor'
2024-10-26 12:54:39,711 DEBUG [main][DefaultSingletonBeanRegistry.java:225] - Creating shared instance of singleton bean 'preserveErrorControllerTargetClassPostProcessor'
2024-10-26 12:54:39,711 DEBUG [main][DefaultSingletonBeanRegistry.java:225] - Creating shared instance of singleton bean 'org.springframework.context.event.internalEventListenerFactory'
2024-10-26 12:54:39,711 DEBUG [main][DefaultSingletonBeanRegistry.java:225] - Creating shared instance of singleton bean 'org.springframework.context.event.internalEventListenerFactory'
2024-10-26 12:54:39,712 DEBUG [main][DefaultSingletonBeanRegistry.java:225] - Creating shared instance of singleton bean 'org.springframework.context.annotation.internalAutowiredAnnotationProcessor'
2024-10-26 12:54:39,712 DEBUG [main][DefaultSingletonBeanRegistry.java:225] - Creating shared instance of singleton bean 'org.springframework.context.annotation.internalAutowiredAnnotationProcessor'
2024-10-26 12:54:39,712 DEBUG [main][DefaultSingletonBeanRegistry.java:225] - Creating shared instance of singleton bean 'org.springframework.context.annotation.internalCommonAnnotationProcessor'
2024-10-26 12:54:39,712 DEBUG [main][DefaultSingletonBeanRegistry.java:225] - Creating shared instance of singleton bean 'org.springframework.context.annotation.internalCommonAnnotationProcessor'
2024-10-26 12:54:39,712 DEBUG [main][DefaultSingletonBeanRegistry.java:225] - Creating shared instance of singleton bean 'org.springframework.boot.context.properties.ConfigurationPropertiesBindingPostProcessor'
2024-10-26 12:54:39,712 DEBUG [main][DefaultSingletonBeanRegistry.java:225] - Creating shared instance of singleton bean 'org.springframework.boot.context.properties.ConfigurationPropertiesBindingPostProcessor'
2024-10-26 12:54:39,712 DEBUG [main][DefaultSingletonBeanRegistry.java:225] - Creating shared instance of singleton bean 'org.springframework.boot.context.internalConfigurationPropertiesBinder'
2024-10-26 12:54:39,712 DEBUG [main][DefaultSingletonBeanRegistry.java:225] - Creating shared instance of singleton bean 'org.springframework.boot.context.internalConfigurationPropertiesBinder'
2024-10-26 12:54:39,712 DEBUG [main][DefaultSingletonBeanRegistry.java:225] - Creating shared instance of singleton bean 'org.springframework.boot.context.internalConfigurationPropertiesBinderFactory'
2024-10-26 12:54:39,712 DEBUG [main][DefaultSingletonBeanRegistry.java:225] - Creating shared instance of singleton bean 'org.springframework.boot.context.internalConfigurationPropertiesBinderFactory'
2024-10-26 12:54:39,713 DEBUG [main][DefaultSingletonBeanRegistry.java:225] - Creating shared instance of singleton bean 'methodValidationPostProcessor'
2024-10-26 12:54:39,713 DEBUG [main][DefaultSingletonBeanRegistry.java:225] - Creating shared instance of singleton bean 'methodValidationPostProcessor'
2024-10-26 12:54:39,715 DEBUG [main][ConstructorResolver.java:807] - Autowiring by type from bean name 'methodValidationPostProcessor' via factory method to bean named 'environment'
2024-10-26 12:54:39,715 DEBUG [main][ConstructorResolver.java:807] - Autowiring by type from bean name 'methodValidationPostProcessor' via factory method to bean named 'environment'
2024-10-26 12:54:39,717 DEBUG [main][DefaultSingletonBeanRegistry.java:225] - Creating shared instance of singleton bean 'webServerFactoryCustomizerBeanPostProcessor'
2024-10-26 12:54:39,717 DEBUG [main][DefaultSingletonBeanRegistry.java:225] - Creating shared instance of singleton bean 'webServerFactoryCustomizerBeanPostProcessor'
2024-10-26 12:54:39,717 DEBUG [main][DefaultSingletonBeanRegistry.java:225] - Creating shared instance of singleton bean 'errorPageRegistrarBeanPostProcessor'
2024-10-26 12:54:39,717 DEBUG [main][DefaultSingletonBeanRegistry.java:225] - Creating shared instance of singleton bean 'errorPageRegistrarBeanPostProcessor'
2024-10-26 12:54:39,718 DEBUG [main][DefaultSingletonBeanRegistry.java:225] - Creating shared instance of singleton bean 'configurationPropertiesBeans'
2024-10-26 12:54:39,718 DEBUG [main][DefaultSingletonBeanRegistry.java:225] - Creating shared instance of singleton bean 'configurationPropertiesBeans'
2024-10-26 12:54:39,718 DEBUG [main][UiApplicationContextUtils.java:85] - Unable to locate ThemeSource with name 'themeSource': using default [org.springframework.ui.context.support.ResourceBundleThemeSource@6c2f1700]
2024-10-26 12:54:39,718 DEBUG [main][UiApplicationContextUtils.java:85] - Unable to locate ThemeSource with name 'themeSource': using default [org.springframework.ui.context.support.ResourceBundleThemeSource@6c2f1700]
2024-10-26 12:54:39,718 DEBUG [main][DefaultSingletonBeanRegistry.java:225] - Creating shared instance of singleton bean 'tomcatServletWebServerFactory'
2024-10-26 12:54:39,718 DEBUG [main][DefaultSingletonBeanRegistry.java:225] - Creating shared instance of singleton bean 'tomcatServletWebServerFactory'
2024-10-26 12:54:39,718 DEBUG [main][DefaultSingletonBeanRegistry.java:225] - Creating shared instance of singleton bean 'org.springframework.boot.autoconfigure.web.servlet.ServletWebServerFactoryConfiguration$EmbeddedTomcat'
2024-10-26 12:54:39,718 DEBUG [main][DefaultSingletonBeanRegistry.java:225] - Creating shared instance of singleton bean 'org.springframework.boot.autoconfigure.web.servlet.ServletWebServerFactoryConfiguration$EmbeddedTomcat'
2024-10-26 12:54:39,730 DEBUG [main][DefaultSingletonBeanRegistry.java:225] - Creating shared instance of singleton bean 'websocketServletWebServerCustomizer'
2024-10-26 12:54:39,730 DEBUG [main][DefaultSingletonBeanRegistry.java:225] - Creating shared instance of singleton bean 'websocketServletWebServerCustomizer'
2024-10-26 12:54:39,730 DEBUG [main][DefaultSingletonBeanRegistry.java:225] - Creating shared instance of singleton bean 'org.springframework.boot.autoconfigure.websocket.servlet.WebSocketServletAutoConfiguration$TomcatWebSocketConfiguration'
2024-10-26 12:54:39,730 DEBUG [main][DefaultSingletonBeanRegistry.java:225] - Creating shared instance of singleton bean 'org.springframework.boot.autoconfigure.websocket.servlet.WebSocketServletAutoConfiguration$TomcatWebSocketConfiguration'
2024-10-26 12:54:39,731 DEBUG [main][DefaultSingletonBeanRegistry.java:225] - Creating shared instance of singleton bean 'servletWebServerFactoryCustomizer'
2024-10-26 12:54:39,731 DEBUG [main][DefaultSingletonBeanRegistry.java:225] - Creating shared instance of singleton bean 'servletWebServerFactoryCustomizer'
2024-10-26 12:54:39,731 DEBUG [main][DefaultSingletonBeanRegistry.java:225] - Creating shared instance of singleton bean 'org.springframework.boot.autoconfigure.web.servlet.ServletWebServerFactoryAutoConfiguration'
2024-10-26 12:54:39,731 DEBUG [main][DefaultSingletonBeanRegistry.java:225] - Creating shared instance of singleton bean 'org.springframework.boot.autoconfigure.web.servlet.ServletWebServerFactoryAutoConfiguration'
2024-10-26 12:54:39,732 DEBUG [main][DefaultSingletonBeanRegistry.java:225] - Creating shared instance of singleton bean 'server-org.springframework.boot.autoconfigure.web.ServerProperties'
2024-10-26 12:54:39,732 DEBUG [main][DefaultSingletonBeanRegistry.java:225] - Creating shared instance of singleton bean 'server-org.springframework.boot.autoconfigure.web.ServerProperties'
2024-10-26 12:54:39,734 DEBUG [main][DefaultSingletonBeanRegistry.java:225] - Creating shared instance of singleton bean 'org.springframework.boot.context.properties.BoundConfigurationProperties'
2024-10-26 12:54:39,734 DEBUG [main][DefaultSingletonBeanRegistry.java:225] - Creating shared instance of singleton bean 'org.springframework.boot.context.properties.BoundConfigurationProperties'
2024-10-26 12:54:39,737 DEBUG [main][ConstructorResolver.java:807] - Autowiring by type from bean name 'servletWebServerFactoryCustomizer' via factory method to bean named 'server-org.springframework.boot.autoconfigure.web.ServerProperties'
2024-10-26 12:54:39,737 DEBUG [main][ConstructorResolver.java:807] - Autowiring by type from bean name 'servletWebServerFactoryCustomizer' via factory method to bean named 'server-org.springframework.boot.autoconfigure.web.ServerProperties'
2024-10-26 12:54:39,737 DEBUG [main][DefaultSingletonBeanRegistry.java:225] - Creating shared instance of singleton bean 'tomcatServletWebServerFactoryCustomizer'
2024-10-26 12:54:39,737 DEBUG [main][DefaultSingletonBeanRegistry.java:225] - Creating shared instance of singleton bean 'tomcatServletWebServerFactoryCustomizer'
2024-10-26 12:54:39,737 DEBUG [main][ConstructorResolver.java:807] - Autowiring by type from bean name 'tomcatServletWebServerFactoryCustomizer' via factory method to bean named 'server-org.springframework.boot.autoconfigure.web.ServerProperties'
2024-10-26 12:54:39,737 DEBUG [main][ConstructorResolver.java:807] - Autowiring by type from bean name 'tomcatServletWebServerFactoryCustomizer' via factory method to bean named 'server-org.springframework.boot.autoconfigure.web.ServerProperties'
2024-10-26 12:54:39,737 DEBUG [main][DefaultSingletonBeanRegistry.java:225] - Creating shared instance of singleton bean 'tomcatWebServerFactoryCustomizer'
2024-10-26 12:54:39,738 DEBUG [main][DefaultSingletonBeanRegistry.java:225] - Creating shared instance of singleton bean 'org.springframework.boot.autoconfigure.web.embedded.EmbeddedWebServerFactoryCustomizerAutoConfiguration$TomcatWebServerFactoryCustomizerConfiguration'
2024-10-26 12:54:39,737 DEBUG [main][DefaultSingletonBeanRegistry.java:225] - Creating shared instance of singleton bean 'tomcatWebServerFactoryCustomizer'
2024-10-26 12:54:39,738 DEBUG [main][DefaultSingletonBeanRegistry.java:225] - Creating shared instance of singleton bean 'org.springframework.boot.autoconfigure.web.embedded.EmbeddedWebServerFactoryCustomizerAutoConfiguration$TomcatWebServerFactoryCustomizerConfiguration'
2024-10-26 12:54:39,738 DEBUG [main][ConstructorResolver.java:807] - Autowiring by type from bean name 'tomcatWebServerFactoryCustomizer' via factory method to bean named 'environment'
2024-10-26 12:54:39,738 DEBUG [main][ConstructorResolver.java:807] - Autowiring by type from bean name 'tomcatWebServerFactoryCustomizer' via factory method to bean named 'environment'
2024-10-26 12:54:39,738 DEBUG [main][ConstructorResolver.java:807] - Autowiring by type from bean name 'tomcatWebServerFactoryCustomizer' via factory method to bean named 'server-org.springframework.boot.autoconfigure.web.ServerProperties'
2024-10-26 12:54:39,738 DEBUG [main][ConstructorResolver.java:807] - Autowiring by type from bean name 'tomcatWebServerFactoryCustomizer' via factory method to bean named 'server-org.springframework.boot.autoconfigure.web.ServerProperties'
2024-10-26 12:54:39,739 DEBUG [main][DefaultSingletonBeanRegistry.java:225] - Creating shared instance of singleton bean 'localeCharsetMappingsCustomizer'
2024-10-26 12:54:39,739 DEBUG [main][DefaultSingletonBeanRegistry.java:225] - Creating shared instance of singleton bean 'localeCharsetMappingsCustomizer'
2024-10-26 12:54:39,739 DEBUG [main][DefaultSingletonBeanRegistry.java:225] - Creating shared instance of singleton bean 'org.springframework.boot.autoconfigure.web.servlet.HttpEncodingAutoConfiguration'
2024-10-26 12:54:39,739 DEBUG [main][DefaultSingletonBeanRegistry.java:225] - Creating shared instance of singleton bean 'org.springframework.boot.autoconfigure.web.servlet.HttpEncodingAutoConfiguration'
2024-10-26 12:54:39,740 DEBUG [main][ConstructorResolver.java:807] - Autowiring by type from bean name 'org.springframework.boot.autoconfigure.web.servlet.HttpEncodingAutoConfiguration' via constructor to bean named 'server-org.springframework.boot.autoconfigure.web.ServerProperties'
2024-10-26 12:54:39,740 DEBUG [main][ConstructorResolver.java:807] - Autowiring by type from bean name 'org.springframework.boot.autoconfigure.web.servlet.HttpEncodingAutoConfiguration' via constructor to bean named 'server-org.springframework.boot.autoconfigure.web.ServerProperties'
2024-10-26 12:54:39,753 DEBUG [main][DefaultSingletonBeanRegistry.java:225] - Creating shared instance of singleton bean 'errorPageCustomizer'
2024-10-26 12:54:39,753 DEBUG [main][DefaultSingletonBeanRegistry.java:225] - Creating shared instance of singleton bean 'errorPageCustomizer'
2024-10-26 12:54:39,753 DEBUG [main][DefaultSingletonBeanRegistry.java:225] - Creating shared instance of singleton bean 'org.springframework.boot.autoconfigure.web.servlet.error.ErrorMvcAutoConfiguration'
2024-10-26 12:54:39,753 DEBUG [main][DefaultSingletonBeanRegistry.java:225] - Creating shared instance of singleton bean 'org.springframework.boot.autoconfigure.web.servlet.error.ErrorMvcAutoConfiguration'
2024-10-26 12:54:39,753 DEBUG [main][ConstructorResolver.java:807] - Autowiring by type from bean name 'org.springframework.boot.autoconfigure.web.servlet.error.ErrorMvcAutoConfiguration' via constructor to bean named 'server-org.springframework.boot.autoconfigure.web.ServerProperties'
2024-10-26 12:54:39,753 DEBUG [main][ConstructorResolver.java:807] - Autowiring by type from bean name 'org.springframework.boot.autoconfigure.web.servlet.error.ErrorMvcAutoConfiguration' via constructor to bean named 'server-org.springframework.boot.autoconfigure.web.ServerProperties'
2024-10-26 12:54:39,754 DEBUG [main][DefaultSingletonBeanRegistry.java:225] - Creating shared instance of singleton bean 'dispatcherServletRegistration'
2024-10-26 12:54:39,754 DEBUG [main][DefaultSingletonBeanRegistry.java:225] - Creating shared instance of singleton bean 'dispatcherServletRegistration'
2024-10-26 12:54:39,754 DEBUG [main][DefaultSingletonBeanRegistry.java:225] - Creating shared instance of singleton bean 'org.springframework.boot.autoconfigure.web.servlet.DispatcherServletAutoConfiguration$DispatcherServletRegistrationConfiguration'
2024-10-26 12:54:39,754 DEBUG [main][DefaultSingletonBeanRegistry.java:225] - Creating shared instance of singleton bean 'org.springframework.boot.autoconfigure.web.servlet.DispatcherServletAutoConfiguration$DispatcherServletRegistrationConfiguration'
2024-10-26 12:54:39,755 DEBUG [main][DefaultSingletonBeanRegistry.java:225] - Creating shared instance of singleton bean 'dispatcherServlet'
2024-10-26 12:54:39,755 DEBUG [main][DefaultSingletonBeanRegistry.java:225] - Creating shared instance of singleton bean 'dispatcherServlet'
2024-10-26 12:54:39,755 DEBUG [main][DefaultSingletonBeanRegistry.java:225] - Creating shared instance of singleton bean 'org.springframework.boot.autoconfigure.web.servlet.DispatcherServletAutoConfiguration$DispatcherServletConfiguration'
2024-10-26 12:54:39,755 DEBUG [main][DefaultSingletonBeanRegistry.java:225] - Creating shared instance of singleton bean 'org.springframework.boot.autoconfigure.web.servlet.DispatcherServletAutoConfiguration$DispatcherServletConfiguration'
2024-10-26 12:54:39,755 DEBUG [main][DefaultSingletonBeanRegistry.java:225] - Creating shared instance of singleton bean 'spring.mvc-org.springframework.boot.autoconfigure.web.servlet.WebMvcProperties'
2024-10-26 12:54:39,755 DEBUG [main][DefaultSingletonBeanRegistry.java:225] - Creating shared instance of singleton bean 'spring.mvc-org.springframework.boot.autoconfigure.web.servlet.WebMvcProperties'
2024-10-26 12:54:39,756 DEBUG [main][ConstructorResolver.java:807] - Autowiring by type from bean name 'dispatcherServlet' via factory method to bean named 'spring.mvc-org.springframework.boot.autoconfigure.web.servlet.WebMvcProperties'
2024-10-26 12:54:39,756 DEBUG [main][ConstructorResolver.java:807] - Autowiring by type from bean name 'dispatcherServlet' via factory method to bean named 'spring.mvc-org.springframework.boot.autoconfigure.web.servlet.WebMvcProperties'
2024-10-26 12:54:39,761 DEBUG [main][ConstructorResolver.java:807] - Autowiring by type from bean name 'dispatcherServletRegistration' via factory method to bean named 'dispatcherServlet'
2024-10-26 12:54:39,761 DEBUG [main][ConstructorResolver.java:807] - Autowiring by type from bean name 'dispatcherServletRegistration' via factory method to bean named 'dispatcherServlet'
2024-10-26 12:54:39,761 DEBUG [main][ConstructorResolver.java:807] - Autowiring by type from bean name 'dispatcherServletRegistration' via factory method to bean named 'spring.mvc-org.springframework.boot.autoconfigure.web.servlet.WebMvcProperties'
2024-10-26 12:54:39,761 DEBUG [main][ConstructorResolver.java:807] - Autowiring by type from bean name 'dispatcherServletRegistration' via factory method to bean named 'spring.mvc-org.springframework.boot.autoconfigure.web.servlet.WebMvcProperties'
2024-10-26 12:54:39,762 DEBUG [main][DefaultSingletonBeanRegistry.java:225] - Creating shared instance of singleton bean 'multipartConfigElement'
2024-10-26 12:54:39,762 DEBUG [main][DefaultSingletonBeanRegistry.java:225] - Creating shared instance of singleton bean 'multipartConfigElement'
2024-10-26 12:54:39,762 DEBUG [main][DefaultSingletonBeanRegistry.java:225] - Creating shared instance of singleton bean 'org.springframework.boot.autoconfigure.web.servlet.MultipartAutoConfiguration'
2024-10-26 12:54:39,762 DEBUG [main][DefaultSingletonBeanRegistry.java:225] - Creating shared instance of singleton bean 'org.springframework.boot.autoconfigure.web.servlet.MultipartAutoConfiguration'
2024-10-26 12:54:39,762 DEBUG [main][DefaultSingletonBeanRegistry.java:225] - Creating shared instance of singleton bean 'spring.servlet.multipart-org.springframework.boot.autoconfigure.web.servlet.MultipartProperties'
2024-10-26 12:54:39,762 DEBUG [main][DefaultSingletonBeanRegistry.java:225] - Creating shared instance of singleton bean 'spring.servlet.multipart-org.springframework.boot.autoconfigure.web.servlet.MultipartProperties'
2024-10-26 12:54:39,764 DEBUG [main][ConstructorResolver.java:807] - Autowiring by type from bean name 'org.springframework.boot.autoconfigure.web.servlet.MultipartAutoConfiguration' via constructor to bean named 'spring.servlet.multipart-org.springframework.boot.autoconfigure.web.servlet.MultipartProperties'
2024-10-26 12:54:39,764 DEBUG [main][ConstructorResolver.java:807] - Autowiring by type from bean name 'org.springframework.boot.autoconfigure.web.servlet.MultipartAutoConfiguration' via constructor to bean named 'spring.servlet.multipart-org.springframework.boot.autoconfigure.web.servlet.MultipartProperties'
2024-10-26 12:54:39,766 DEBUG [main][ConstructorResolver.java:807] - Autowiring by type from bean name 'errorPageCustomizer' via factory method to bean named 'dispatcherServletRegistration'
2024-10-26 12:54:39,766 DEBUG [main][ConstructorResolver.java:807] - Autowiring by type from bean name 'errorPageCustomizer' via factory method to bean named 'dispatcherServletRegistration'
2024-10-26 12:54:39,788 DEBUG [main][DocumentRoot.java:81] - Code archive: D:\develop\repository\org\springframework\boot\spring-boot\2.3.7.RELEASE\spring-boot-2.3.7.RELEASE.jar
2024-10-26 12:54:39,788 DEBUG [main][DocumentRoot.java:81] - Code archive: D:\develop\repository\org\springframework\boot\spring-boot\2.3.7.RELEASE\spring-boot-2.3.7.RELEASE.jar
2024-10-26 12:54:39,788 DEBUG [main][DocumentRoot.java:125] - Code archive: D:\develop\repository\org\springframework\boot\spring-boot\2.3.7.RELEASE\spring-boot-2.3.7.RELEASE.jar
2024-10-26 12:54:39,788 DEBUG [main][DocumentRoot.java:125] - Code archive: D:\develop\repository\org\springframework\boot\spring-boot\2.3.7.RELEASE\spring-boot-2.3.7.RELEASE.jar
2024-10-26 12:54:39,788 DEBUG [main][DocumentRoot.java:149] - None of the document roots [src/main/webapp, public, static] point to a directory and will be ignored.
2024-10-26 12:54:39,788 DEBUG [main][DocumentRoot.java:149] - None of the document roots [src/main/webapp, public, static] point to a directory and will be ignored.
2024-10-26 12:54:39,796 INFO [main][TomcatWebServer.java:108] - Tomcat initialized with port(s): 63040 (http)
2024-10-26 12:54:39,796 INFO [main][TomcatWebServer.java:108] - Tomcat initialized with port(s): 63040 (http)
2024-10-26 12:54:39,802 INFO [main][DirectJDKLog.java:173] - Initializing ProtocolHandler ["http-nio-63040"]
2024-10-26 12:54:39,802 INFO [main][DirectJDKLog.java:173] - Initializing ProtocolHandler ["http-nio-63040"]
2024-10-26 12:54:39,802 INFO [main][DirectJDKLog.java:173] - Starting service [Tomcat]
2024-10-26 12:54:39,802 INFO [main][DirectJDKLog.java:173] - Starting service [Tomcat]
2024-10-26 12:54:39,803 INFO [main][DirectJDKLog.java:173] - Starting Servlet engine: [Apache Tomcat/9.0.41]
2024-10-26 12:54:39,803 INFO [main][DirectJDKLog.java:173] - Starting Servlet engine: [Apache Tomcat/9.0.41]
2024-10-26 12:54:39,841 INFO [main][DirectJDKLog.java:173] - Initializing Spring embedded WebApplicationContext
2024-10-26 12:54:39,841 INFO [main][DirectJDKLog.java:173] - Initializing Spring embedded WebApplicationContext
2024-10-26 12:54:39,841 DEBUG [main][ServletWebServerApplicationContext.java:279] - Published root WebApplicationContext as ServletContext attribute with name [org.springframework.web.context.WebApplicationContext.ROOT]
2024-10-26 12:54:39,841 DEBUG [main][ServletWebServerApplicationContext.java:279] - Published root WebApplicationContext as ServletContext attribute with name [org.springframework.web.context.WebApplicationContext.ROOT]
2024-10-26 12:54:39,841 INFO [main][ServletWebServerApplicationContext.java:285] - Root WebApplicationContext: initialization completed in 306 ms
2024-10-26 12:54:39,841 INFO [main][ServletWebServerApplicationContext.java:285] - Root WebApplicationContext: initialization completed in 306 ms
2024-10-26 12:54:39,843 DEBUG [main][DefaultSingletonBeanRegistry.java:225] - Creating shared instance of singleton bean 'requestContextFilter'
2024-10-26 12:54:39,843 DEBUG [main][DefaultSingletonBeanRegistry.java:225] - Creating shared instance of singleton bean 'requestContextFilter'
2024-10-26 12:54:39,844 DEBUG [main][DefaultSingletonBeanRegistry.java:225] - Creating shared instance of singleton bean 'formContentFilter'
2024-10-26 12:54:39,844 DEBUG [main][DefaultSingletonBeanRegistry.java:225] - Creating shared instance of singleton bean 'formContentFilter'
2024-10-26 12:54:39,844 DEBUG [main][DefaultSingletonBeanRegistry.java:225] - Creating shared instance of singleton bean 'org.springframework.boot.autoconfigure.web.servlet.WebMvcAutoConfiguration'
2024-10-26 12:54:39,844 DEBUG [main][DefaultSingletonBeanRegistry.java:225] - Creating shared instance of singleton bean 'org.springframework.boot.autoconfigure.web.servlet.WebMvcAutoConfiguration'
2024-10-26 12:54:39,846 DEBUG [main][DefaultSingletonBeanRegistry.java:225] - Creating shared instance of singleton bean 'characterEncodingFilter'
2024-10-26 12:54:39,846 DEBUG [main][DefaultSingletonBeanRegistry.java:225] - Creating shared instance of singleton bean 'characterEncodingFilter'
2024-10-26 12:54:39,849 DEBUG [main][ServletContextInitializerBeans.java:235] - Mapping filters: characterEncodingFilter urls=[/*] order=-2147483648, formContentFilter urls=[/*] order=-9900, requestContextFilter urls=[/*] order=-105
2024-10-26 12:54:39,849 DEBUG [main][ServletContextInitializerBeans.java:235] - Mapping filters: characterEncodingFilter urls=[/*] order=-2147483648, formContentFilter urls=[/*] order=-9900, requestContextFilter urls=[/*] order=-105
2024-10-26 12:54:39,849 DEBUG [main][ServletContextInitializerBeans.java:235] - Mapping servlets: dispatcherServlet urls=[/]
2024-10-26 12:54:39,849 DEBUG [main][ServletContextInitializerBeans.java:235] - Mapping servlets: dispatcherServlet urls=[/]
2024-10-26 12:54:39,855 DEBUG [main][GenericFilterBean.java:242] - Filter 'requestContextFilter' configured for use
2024-10-26 12:54:39,855 DEBUG [main][GenericFilterBean.java:242] - Filter 'requestContextFilter' configured for use
2024-10-26 12:54:39,855 DEBUG [main][GenericFilterBean.java:242] - Filter 'characterEncodingFilter' configured for use
2024-10-26 12:54:39,855 DEBUG [main][GenericFilterBean.java:242] - Filter 'characterEncodingFilter' configured for use
2024-10-26 12:54:39,855 DEBUG [main][GenericFilterBean.java:242] - Filter 'formContentFilter' configured for use
2024-10-26 12:54:39,855 DEBUG [main][GenericFilterBean.java:242] - Filter 'formContentFilter' configured for use
2024-10-26 12:54:39,858 DEBUG [main][DefaultSingletonBeanRegistry.java:225] - Creating shared instance of singleton bean 'contentApplication'
2024-10-26 12:54:39,858 DEBUG [main][DefaultSingletonBeanRegistry.java:225] - Creating shared instance of singleton bean 'contentApplication'
2024-10-26 12:54:39,859 DEBUG [main][DefaultSingletonBeanRegistry.java:225] - Creating shared instance of singleton bean 'bootstrapApplicationListener.BootstrapMarkerConfiguration'
2024-10-26 12:54:39,859 DEBUG [main][DefaultSingletonBeanRegistry.java:225] - Creating shared instance of singleton bean 'bootstrapApplicationListener.BootstrapMarkerConfiguration'
2024-10-26 12:54:39,859 DEBUG [main][DefaultSingletonBeanRegistry.java:225] - Creating shared instance of singleton bean 'courseBaseInfoController'
2024-10-26 12:54:39,859 DEBUG [main][DefaultSingletonBeanRegistry.java:225] - Creating shared instance of singleton bean 'courseBaseInfoController'
2024-10-26 12:54:39,861 DEBUG [main][DefaultSingletonBeanRegistry.java:225] - Creating shared instance of singleton bean 'org.springframework.boot.autoconfigure.AutoConfigurationPackages'
2024-10-26 12:54:39,861 DEBUG [main][DefaultSingletonBeanRegistry.java:225] - Creating shared instance of singleton bean 'org.springframework.boot.autoconfigure.AutoConfigurationPackages'
2024-10-26 12:54:39,863 DEBUG [main][DefaultSingletonBeanRegistry.java:225] - Creating shared instance of singleton bean 'org.springframework.boot.autoconfigure.context.PropertyPlaceholderAutoConfiguration'
2024-10-26 12:54:39,863 DEBUG [main][DefaultSingletonBeanRegistry.java:225] - Creating shared instance of singleton bean 'org.springframework.boot.autoconfigure.context.PropertyPlaceholderAutoConfiguration'
2024-10-26 12:54:39,863 DEBUG [main][DefaultSingletonBeanRegistry.java:225] - Creating shared instance of singleton bean 'org.springframework.boot.autoconfigure.websocket.servlet.WebSocketServletAutoConfiguration'
2024-10-26 12:54:39,863 DEBUG [main][DefaultSingletonBeanRegistry.java:225] - Creating shared instance of singleton bean 'org.springframework.boot.autoconfigure.websocket.servlet.WebSocketServletAutoConfiguration'
2024-10-26 12:54:39,863 DEBUG [main][DefaultSingletonBeanRegistry.java:225] - Creating shared instance of singleton bean 'org.springframework.boot.context.properties.ConfigurationBeanFactoryMetadata'
2024-10-26 12:54:39,863 DEBUG [main][DefaultSingletonBeanRegistry.java:225] - Creating shared instance of singleton bean 'org.springframework.boot.context.properties.ConfigurationBeanFactoryMetadata'
2024-10-26 12:54:39,863 DEBUG [main][DefaultSingletonBeanRegistry.java:225] - Creating shared instance of singleton bean 'org.springframework.boot.autoconfigure.web.servlet.DispatcherServletAutoConfiguration'
2024-10-26 12:54:39,863 DEBUG [main][DefaultSingletonBeanRegistry.java:225] - Creating shared instance of singleton bean 'org.springframework.boot.autoconfigure.web.servlet.DispatcherServletAutoConfiguration'
2024-10-26 12:54:39,864 DEBUG [main][DefaultSingletonBeanRegistry.java:225] - Creating shared instance of singleton bean 'org.springframework.boot.autoconfigure.task.TaskExecutionAutoConfiguration'
2024-10-26 12:54:39,864 DEBUG [main][DefaultSingletonBeanRegistry.java:225] - Creating shared instance of singleton bean 'org.springframework.boot.autoconfigure.task.TaskExecutionAutoConfiguration'
2024-10-26 12:54:39,864 DEBUG [main][DefaultSingletonBeanRegistry.java:225] - Creating shared instance of singleton bean 'taskExecutorBuilder'
2024-10-26 12:54:39,864 DEBUG [main][DefaultSingletonBeanRegistry.java:225] - Creating shared instance of singleton bean 'taskExecutorBuilder'
2024-10-26 12:54:39,864 DEBUG [main][DefaultSingletonBeanRegistry.java:225] - Creating shared instance of singleton bean 'spring.task.execution-org.springframework.boot.autoconfigure.task.TaskExecutionProperties'
2024-10-26 12:54:39,864 DEBUG [main][DefaultSingletonBeanRegistry.java:225] - Creating shared instance of singleton bean 'spring.task.execution-org.springframework.boot.autoconfigure.task.TaskExecutionProperties'
2024-10-26 12:54:39,865 DEBUG [main][ConstructorResolver.java:807] - Autowiring by type from bean name 'taskExecutorBuilder' via factory method to bean named 'spring.task.execution-org.springframework.boot.autoconfigure.task.TaskExecutionProperties'
2024-10-26 12:54:39,865 DEBUG [main][ConstructorResolver.java:807] - Autowiring by type from bean name 'taskExecutorBuilder' via factory method to bean named 'spring.task.execution-org.springframework.boot.autoconfigure.task.TaskExecutionProperties'
2024-10-26 12:54:39,866 DEBUG [main][DefaultSingletonBeanRegistry.java:225] - Creating shared instance of singleton bean 'org.springframework.boot.autoconfigure.validation.ValidationAutoConfiguration'
2024-10-26 12:54:39,866 DEBUG [main][DefaultSingletonBeanRegistry.java:225] - Creating shared instance of singleton bean 'org.springframework.boot.autoconfigure.validation.ValidationAutoConfiguration'
2024-10-26 12:54:39,867 DEBUG [main][DefaultSingletonBeanRegistry.java:225] - Creating shared instance of singleton bean 'defaultValidator'
2024-10-26 12:54:39,867 DEBUG [main][DefaultSingletonBeanRegistry.java:225] - Creating shared instance of singleton bean 'defaultValidator'
2024-10-26 12:54:39,867 DEBUG [main][ResourceBundleMessageInterpolator.java:172] - Loaded expression factory via original TCCL
2024-10-26 12:54:39,867 DEBUG [main][ResourceBundleMessageInterpolator.java:172] - Loaded expression factory via original TCCL
2024-10-26 12:54:39,868 DEBUG [main][AbstractConfigurationImpl.java:171] - Setting custom MessageInterpolator of type org.springframework.validation.beanvalidation.LocaleContextMessageInterpolator
2024-10-26 12:54:39,868 DEBUG [main][AbstractConfigurationImpl.java:171] - Setting custom MessageInterpolator of type org.springframework.validation.beanvalidation.LocaleContextMessageInterpolator
2024-10-26 12:54:39,869 DEBUG [main][AbstractConfigurationImpl.java:203] - Setting custom ConstraintValidatorFactory of type org.springframework.validation.beanvalidation.SpringConstraintValidatorFactory
2024-10-26 12:54:39,869 DEBUG [main][AbstractConfigurationImpl.java:203] - Setting custom ConstraintValidatorFactory of type org.springframework.validation.beanvalidation.SpringConstraintValidatorFactory
2024-10-26 12:54:39,869 DEBUG [main][AbstractConfigurationImpl.java:217] - Setting custom ParameterNameProvider of type org.springframework.validation.beanvalidation.LocalValidatorFactoryBean$1
2024-10-26 12:54:39,869 DEBUG [main][AbstractConfigurationImpl.java:217] - Setting custom ParameterNameProvider of type org.springframework.validation.beanvalidation.LocalValidatorFactoryBean$1
2024-10-26 12:54:39,869 DEBUG [main][ValidationXmlParser.java:120] - Trying to load META-INF/validation.xml for XML based Validator configuration.
2024-10-26 12:54:39,869 DEBUG [main][ValidationXmlParser.java:120] - Trying to load META-INF/validation.xml for XML based Validator configuration.
2024-10-26 12:54:39,869 DEBUG [main][ResourceLoaderHelper.java:53] - Trying to load META-INF/validation.xml via user class loader
2024-10-26 12:54:39,869 DEBUG [main][ResourceLoaderHelper.java:53] - Trying to load META-INF/validation.xml via user class loader
2024-10-26 12:54:39,870 DEBUG [main][ResourceLoaderHelper.java:60] - Trying to load META-INF/validation.xml via TCCL
2024-10-26 12:54:39,870 DEBUG [main][ResourceLoaderHelper.java:60] - Trying to load META-INF/validation.xml via TCCL
2024-10-26 12:54:39,870 DEBUG [main][ResourceLoaderHelper.java:66] - Trying to load META-INF/validation.xml via Hibernate Validator's class loader
2024-10-26 12:54:39,870 DEBUG [main][ResourceLoaderHelper.java:66] - Trying to load META-INF/validation.xml via Hibernate Validator's class loader
2024-10-26 12:54:39,870 DEBUG [main][ValidationXmlParser.java:127] - No META-INF/validation.xml found. Using annotation based configuration only.
2024-10-26 12:54:39,870 DEBUG [main][ValidationXmlParser.java:127] - No META-INF/validation.xml found. Using annotation based configuration only.
2024-10-26 12:54:39,870 DEBUG [main][TraversableResolvers.java:60] - Cannot find javax.persistence.Persistence on classpath. Assuming non JPA 2 environment. All properties will per default be traversable.
2024-10-26 12:54:39,870 DEBUG [main][TraversableResolvers.java:60] - Cannot find javax.persistence.Persistence on classpath. Assuming non JPA 2 environment. All properties will per default be traversable.
2024-10-26 12:54:39,871 DEBUG [main][ValidatorFactoryConfigurationHelper.java:300] - HV000252: Using org.hibernate.validator.internal.engine.DefaultPropertyNodeNameProvider as property node name provider.
2024-10-26 12:54:39,871 DEBUG [main][ValidatorFactoryConfigurationHelper.java:300] - HV000252: Using org.hibernate.validator.internal.engine.DefaultPropertyNodeNameProvider as property node name provider.
2024-10-26 12:54:39,871 DEBUG [main][ValidatorFactoryConfigurationHelper.java:375] - HV000234: Using org.springframework.validation.beanvalidation.LocaleContextMessageInterpolator as ValidatorFactory-scoped message interpolator.
2024-10-26 12:54:39,871 DEBUG [main][ValidatorFactoryConfigurationHelper.java:375] - HV000234: Using org.springframework.validation.beanvalidation.LocaleContextMessageInterpolator as ValidatorFactory-scoped message interpolator.
2024-10-26 12:54:39,871 DEBUG [main][ValidatorFactoryConfigurationHelper.java:376] - HV000234: Using org.hibernate.validator.internal.engine.resolver.TraverseAllTraversableResolver as ValidatorFactory-scoped traversable resolver.
2024-10-26 12:54:39,871 DEBUG [main][ValidatorFactoryConfigurationHelper.java:376] - HV000234: Using org.hibernate.validator.internal.engine.resolver.TraverseAllTraversableResolver as ValidatorFactory-scoped traversable resolver.
2024-10-26 12:54:39,871 DEBUG [main][ValidatorFactoryConfigurationHelper.java:377] - HV000234: Using org.hibernate.validator.internal.util.ExecutableParameterNameProvider as ValidatorFactory-scoped parameter name provider.
2024-10-26 12:54:39,871 DEBUG [main][ValidatorFactoryConfigurationHelper.java:377] - HV000234: Using org.hibernate.validator.internal.util.ExecutableParameterNameProvider as ValidatorFactory-scoped parameter name provider.
2024-10-26 12:54:39,871 DEBUG [main][ValidatorFactoryConfigurationHelper.java:378] - HV000234: Using org.hibernate.validator.internal.engine.DefaultClockProvider as ValidatorFactory-scoped clock provider.
2024-10-26 12:54:39,871 DEBUG [main][ValidatorFactoryConfigurationHelper.java:378] - HV000234: Using org.hibernate.validator.internal.engine.DefaultClockProvider as ValidatorFactory-scoped clock provider.
2024-10-26 12:54:39,871 DEBUG [main][ValidatorFactoryConfigurationHelper.java:379] - HV000234: Using org.hibernate.validator.internal.engine.scripting.DefaultScriptEvaluatorFactory as ValidatorFactory-scoped script evaluator factory.
2024-10-26 12:54:39,871 DEBUG [main][ValidatorFactoryConfigurationHelper.java:379] - HV000234: Using org.hibernate.validator.internal.engine.scripting.DefaultScriptEvaluatorFactory as ValidatorFactory-scoped script evaluator factory.
2024-10-26 12:54:39,872 DEBUG [main][DefaultSingletonBeanRegistry.java:225] - Creating shared instance of singleton bean 'org.springframework.boot.autoconfigure.web.servlet.error.ErrorMvcAutoConfiguration$WhitelabelErrorViewConfiguration'
2024-10-26 12:54:39,872 DEBUG [main][DefaultSingletonBeanRegistry.java:225] - Creating shared instance of singleton bean 'org.springframework.boot.autoconfigure.web.servlet.error.ErrorMvcAutoConfiguration$WhitelabelErrorViewConfiguration'
2024-10-26 12:54:39,872 DEBUG [main][DefaultSingletonBeanRegistry.java:225] - Creating shared instance of singleton bean 'error'
2024-10-26 12:54:39,872 DEBUG [main][DefaultSingletonBeanRegistry.java:225] - Creating shared instance of singleton bean 'error'
2024-10-26 12:54:39,873 DEBUG [main][DefaultSingletonBeanRegistry.java:225] - Creating shared instance of singleton bean 'beanNameViewResolver'
2024-10-26 12:54:39,873 DEBUG [main][DefaultSingletonBeanRegistry.java:225] - Creating shared instance of singleton bean 'beanNameViewResolver'
2024-10-26 12:54:39,873 DEBUG [main][DefaultSingletonBeanRegistry.java:225] - Creating shared instance of singleton bean 'org.springframework.boot.autoconfigure.web.servlet.error.ErrorMvcAutoConfiguration$DefaultErrorViewResolverConfiguration'
2024-10-26 12:54:39,873 DEBUG [main][DefaultSingletonBeanRegistry.java:225] - Creating shared instance of singleton bean 'org.springframework.boot.autoconfigure.web.servlet.error.ErrorMvcAutoConfiguration$DefaultErrorViewResolverConfiguration'
2024-10-26 12:54:39,873 DEBUG [main][DefaultSingletonBeanRegistry.java:225] - Creating shared instance of singleton bean 'spring.resources-org.springframework.boot.autoconfigure.web.ResourceProperties'
2024-10-26 12:54:39,873 DEBUG [main][DefaultSingletonBeanRegistry.java:225] - Creating shared instance of singleton bean 'spring.resources-org.springframework.boot.autoconfigure.web.ResourceProperties'
2024-10-26 12:54:39,875 DEBUG [main][ConstructorResolver.java:807] - Autowiring by type from bean name 'org.springframework.boot.autoconfigure.web.servlet.error.ErrorMvcAutoConfiguration$DefaultErrorViewResolverConfiguration' via constructor to bean named 'org.springframework.boot.web.servlet.context.AnnotationConfigServletWebServerApplicationContext@14dda234'
2024-10-26 12:54:39,875 DEBUG [main][ConstructorResolver.java:807] - Autowiring by type from bean name 'org.springframework.boot.autoconfigure.web.servlet.error.ErrorMvcAutoConfiguration$DefaultErrorViewResolverConfiguration' via constructor to bean named 'org.springframework.boot.web.servlet.context.AnnotationConfigServletWebServerApplicationContext@14dda234'
2024-10-26 12:54:39,875 DEBUG [main][ConstructorResolver.java:807] - Autowiring by type from bean name 'org.springframework.boot.autoconfigure.web.servlet.error.ErrorMvcAutoConfiguration$DefaultErrorViewResolverConfiguration' via constructor to bean named 'spring.resources-org.springframework.boot.autoconfigure.web.ResourceProperties'
2024-10-26 12:54:39,875 DEBUG [main][ConstructorResolver.java:807] - Autowiring by type from bean name 'org.springframework.boot.autoconfigure.web.servlet.error.ErrorMvcAutoConfiguration$DefaultErrorViewResolverConfiguration' via constructor to bean named 'spring.resources-org.springframework.boot.autoconfigure.web.ResourceProperties'
2024-10-26 12:54:39,875 DEBUG [main][DefaultSingletonBeanRegistry.java:225] - Creating shared instance of singleton bean 'conventionErrorViewResolver'
2024-10-26 12:54:39,875 DEBUG [main][DefaultSingletonBeanRegistry.java:225] - Creating shared instance of singleton bean 'conventionErrorViewResolver'
2024-10-26 12:54:39,876 DEBUG [main][DefaultSingletonBeanRegistry.java:225] - Creating shared instance of singleton bean 'errorAttributes'
2024-10-26 12:54:39,876 DEBUG [main][DefaultSingletonBeanRegistry.java:225] - Creating shared instance of singleton bean 'errorAttributes'
2024-10-26 12:54:39,876 DEBUG [main][DefaultSingletonBeanRegistry.java:225] - Creating shared instance of singleton bean 'basicErrorController'
2024-10-26 12:54:39,876 DEBUG [main][DefaultSingletonBeanRegistry.java:225] - Creating shared instance of singleton bean 'basicErrorController'
2024-10-26 12:54:39,876 DEBUG [main][ConstructorResolver.java:807] - Autowiring by type from bean name 'basicErrorController' via factory method to bean named 'errorAttributes'
2024-10-26 12:54:39,876 DEBUG [main][ConstructorResolver.java:807] - Autowiring by type from bean name 'basicErrorController' via factory method to bean named 'errorAttributes'
2024-10-26 12:54:39,878 DEBUG [main][DefaultSingletonBeanRegistry.java:225] - Creating shared instance of singleton bean 'org.springframework.boot.autoconfigure.web.servlet.WebMvcAutoConfiguration$EnableWebMvcConfiguration'
2024-10-26 12:54:39,878 DEBUG [main][DefaultSingletonBeanRegistry.java:225] - Creating shared instance of singleton bean 'org.springframework.boot.autoconfigure.web.servlet.WebMvcAutoConfiguration$EnableWebMvcConfiguration'
2024-10-26 12:54:39,879 DEBUG [main][ConstructorResolver.java:807] - Autowiring by type from bean name 'org.springframework.boot.autoconfigure.web.servlet.WebMvcAutoConfiguration$EnableWebMvcConfiguration' via constructor to bean named 'spring.resources-org.springframework.boot.autoconfigure.web.ResourceProperties'
2024-10-26 12:54:39,879 DEBUG [main][ConstructorResolver.java:807] - Autowiring by type from bean name 'org.springframework.boot.autoconfigure.web.servlet.WebMvcAutoConfiguration$EnableWebMvcConfiguration' via constructor to bean named 'spring.resources-org.springframework.boot.autoconfigure.web.ResourceProperties'
2024-10-26 12:54:39,879 DEBUG [main][ConstructorResolver.java:807] - Autowiring by type from bean name 'org.springframework.boot.autoconfigure.web.servlet.WebMvcAutoConfiguration$EnableWebMvcConfiguration' via constructor to bean named 'org.springframework.beans.factory.support.DefaultListableBeanFactory@5bd82fed'
2024-10-26 12:54:39,879 DEBUG [main][ConstructorResolver.java:807] - Autowiring by type from bean name 'org.springframework.boot.autoconfigure.web.servlet.WebMvcAutoConfiguration$EnableWebMvcConfiguration' via constructor to bean named 'org.springframework.beans.factory.support.DefaultListableBeanFactory@5bd82fed'
2024-10-26 12:54:39,884 DEBUG [main][DefaultSingletonBeanRegistry.java:225] - Creating shared instance of singleton bean 'org.springframework.boot.autoconfigure.web.servlet.WebMvcAutoConfiguration$WebMvcAutoConfigurationAdapter'
2024-10-26 12:54:39,884 DEBUG [main][DefaultSingletonBeanRegistry.java:225] - Creating shared instance of singleton bean 'org.springframework.boot.autoconfigure.web.servlet.WebMvcAutoConfiguration$WebMvcAutoConfigurationAdapter'
2024-10-26 12:54:39,884 DEBUG [main][ConstructorResolver.java:807] - Autowiring by type from bean name 'org.springframework.boot.autoconfigure.web.servlet.WebMvcAutoConfiguration$WebMvcAutoConfigurationAdapter' via constructor to bean named 'spring.resources-org.springframework.boot.autoconfigure.web.ResourceProperties'
2024-10-26 12:54:39,884 DEBUG [main][ConstructorResolver.java:807] - Autowiring by type from bean name 'org.springframework.boot.autoconfigure.web.servlet.WebMvcAutoConfiguration$WebMvcAutoConfigurationAdapter' via constructor to bean named 'spring.resources-org.springframework.boot.autoconfigure.web.ResourceProperties'
2024-10-26 12:54:39,884 DEBUG [main][ConstructorResolver.java:807] - Autowiring by type from bean name 'org.springframework.boot.autoconfigure.web.servlet.WebMvcAutoConfiguration$WebMvcAutoConfigurationAdapter' via constructor to bean named 'spring.mvc-org.springframework.boot.autoconfigure.web.servlet.WebMvcProperties'
2024-10-26 12:54:39,884 DEBUG [main][ConstructorResolver.java:807] - Autowiring by type from bean name 'org.springframework.boot.autoconfigure.web.servlet.WebMvcAutoConfiguration$WebMvcAutoConfigurationAdapter' via constructor to bean named 'spring.mvc-org.springframework.boot.autoconfigure.web.servlet.WebMvcProperties'
2024-10-26 12:54:39,884 DEBUG [main][ConstructorResolver.java:807] - Autowiring by type from bean name 'org.springframework.boot.autoconfigure.web.servlet.WebMvcAutoConfiguration$WebMvcAutoConfigurationAdapter' via constructor to bean named 'org.springframework.beans.factory.support.DefaultListableBeanFactory@5bd82fed'
2024-10-26 12:54:39,884 DEBUG [main][ConstructorResolver.java:807] - Autowiring by type from bean name 'org.springframework.boot.autoconfigure.web.servlet.WebMvcAutoConfiguration$WebMvcAutoConfigurationAdapter' via constructor to bean named 'org.springframework.beans.factory.support.DefaultListableBeanFactory@5bd82fed'
2024-10-26 12:54:39,885 DEBUG [main][DefaultSingletonBeanRegistry.java:225] - Creating shared instance of singleton bean 'requestMappingHandlerAdapter'
2024-10-26 12:54:39,885 DEBUG [main][DefaultSingletonBeanRegistry.java:225] - Creating shared instance of singleton bean 'requestMappingHandlerAdapter'
2024-10-26 12:54:39,886 DEBUG [main][DefaultSingletonBeanRegistry.java:225] - Creating shared instance of singleton bean 'mvcContentNegotiationManager'
2024-10-26 12:54:39,886 DEBUG [main][DefaultSingletonBeanRegistry.java:225] - Creating shared instance of singleton bean 'mvcContentNegotiationManager'
2024-10-26 12:54:39,888 DEBUG [main][DefaultSingletonBeanRegistry.java:225] - Creating shared instance of singleton bean 'mvcConversionService'
2024-10-26 12:54:39,888 DEBUG [main][DefaultSingletonBeanRegistry.java:225] - Creating shared instance of singleton bean 'mvcConversionService'
2024-10-26 12:54:39,890 DEBUG [main][DefaultSingletonBeanRegistry.java:225] - Creating shared instance of singleton bean 'mvcValidator'
2024-10-26 12:54:39,890 DEBUG [main][DefaultSingletonBeanRegistry.java:225] - Creating shared instance of singleton bean 'mvcValidator'
2024-10-26 12:54:39,891 DEBUG [main][ConstructorResolver.java:807] - Autowiring by type from bean name 'requestMappingHandlerAdapter' via factory method to bean named 'mvcContentNegotiationManager'
2024-10-26 12:54:39,891 DEBUG [main][ConstructorResolver.java:807] - Autowiring by type from bean name 'requestMappingHandlerAdapter' via factory method to bean named 'mvcContentNegotiationManager'
2024-10-26 12:54:39,891 DEBUG [main][ConstructorResolver.java:807] - Autowiring by type from bean name 'requestMappingHandlerAdapter' via factory method to bean named 'mvcConversionService'
2024-10-26 12:54:39,891 DEBUG [main][ConstructorResolver.java:807] - Autowiring by type from bean name 'requestMappingHandlerAdapter' via factory method to bean named 'mvcConversionService'
2024-10-26 12:54:39,891 DEBUG [main][ConstructorResolver.java:807] - Autowiring by type from bean name 'requestMappingHandlerAdapter' via factory method to bean named 'mvcValidator'
2024-10-26 12:54:39,891 DEBUG [main][ConstructorResolver.java:807] - Autowiring by type from bean name 'requestMappingHandlerAdapter' via factory method to bean named 'mvcValidator'
2024-10-26 12:54:39,893 DEBUG [main][ConstructorResolver.java:807] - Autowiring by type from bean name 'requestMappingHandlerAdapter' via factory method to bean named 'mvcContentNegotiationManager'
2024-10-26 12:54:39,893 DEBUG [main][ConstructorResolver.java:807] - Autowiring by type from bean name 'requestMappingHandlerAdapter' via factory method to bean named 'mvcContentNegotiationManager'
2024-10-26 12:54:39,893 DEBUG [main][ConstructorResolver.java:807] - Autowiring by type from bean name 'requestMappingHandlerAdapter' via factory method to bean named 'mvcConversionService'
2024-10-26 12:54:39,893 DEBUG [main][ConstructorResolver.java:807] - Autowiring by type from bean name 'requestMappingHandlerAdapter' via factory method to bean named 'mvcConversionService'
2024-10-26 12:54:39,893 DEBUG [main][ConstructorResolver.java:807] - Autowiring by type from bean name 'requestMappingHandlerAdapter' via factory method to bean named 'mvcValidator'
2024-10-26 12:54:39,893 DEBUG [main][ConstructorResolver.java:807] - Autowiring by type from bean name 'requestMappingHandlerAdapter' via factory method to bean named 'mvcValidator'
2024-10-26 12:54:39,896 DEBUG [main][DefaultSingletonBeanRegistry.java:225] - Creating shared instance of singleton bean 'messageConverters'
2024-10-26 12:54:39,896 DEBUG [main][DefaultSingletonBeanRegistry.java:225] - Creating shared instance of singleton bean 'messageConverters'
2024-10-26 12:54:39,896 DEBUG [main][DefaultSingletonBeanRegistry.java:225] - Creating shared instance of singleton bean 'org.springframework.boot.autoconfigure.http.HttpMessageConvertersAutoConfiguration'
2024-10-26 12:54:39,896 DEBUG [main][DefaultSingletonBeanRegistry.java:225] - Creating shared instance of singleton bean 'org.springframework.boot.autoconfigure.http.HttpMessageConvertersAutoConfiguration'
2024-10-26 12:54:39,897 DEBUG [main][DefaultSingletonBeanRegistry.java:225] - Creating shared instance of singleton bean 'stringHttpMessageConverter'
2024-10-26 12:54:39,897 DEBUG [main][DefaultSingletonBeanRegistry.java:225] - Creating shared instance of singleton bean 'stringHttpMessageConverter'
2024-10-26 12:54:39,897 DEBUG [main][DefaultSingletonBeanRegistry.java:225] - Creating shared instance of singleton bean 'org.springframework.boot.autoconfigure.http.HttpMessageConvertersAutoConfiguration$StringHttpMessageConverterConfiguration'
2024-10-26 12:54:39,897 DEBUG [main][DefaultSingletonBeanRegistry.java:225] - Creating shared instance of singleton bean 'org.springframework.boot.autoconfigure.http.HttpMessageConvertersAutoConfiguration$StringHttpMessageConverterConfiguration'
2024-10-26 12:54:39,898 DEBUG [main][ConstructorResolver.java:807] - Autowiring by type from bean name 'stringHttpMessageConverter' via factory method to bean named 'environment'
2024-10-26 12:54:39,898 DEBUG [main][ConstructorResolver.java:807] - Autowiring by type from bean name 'stringHttpMessageConverter' via factory method to bean named 'environment'
2024-10-26 12:54:39,900 DEBUG [main][DefaultSingletonBeanRegistry.java:225] - Creating shared instance of singleton bean 'mappingJackson2HttpMessageConverter'
2024-10-26 12:54:39,900 DEBUG [main][DefaultSingletonBeanRegistry.java:225] - Creating shared instance of singleton bean 'mappingJackson2HttpMessageConverter'
2024-10-26 12:54:39,900 DEBUG [main][DefaultSingletonBeanRegistry.java:225] - Creating shared instance of singleton bean 'org.springframework.boot.autoconfigure.http.JacksonHttpMessageConvertersConfiguration$MappingJackson2HttpMessageConverterConfiguration'
2024-10-26 12:54:39,900 DEBUG [main][DefaultSingletonBeanRegistry.java:225] - Creating shared instance of singleton bean 'org.springframework.boot.autoconfigure.http.JacksonHttpMessageConvertersConfiguration$MappingJackson2HttpMessageConverterConfiguration'
2024-10-26 12:54:39,901 DEBUG [main][DefaultSingletonBeanRegistry.java:225] - Creating shared instance of singleton bean 'jacksonObjectMapper'
2024-10-26 12:54:39,901 DEBUG [main][DefaultSingletonBeanRegistry.java:225] - Creating shared instance of singleton bean 'jacksonObjectMapper'
2024-10-26 12:54:39,901 DEBUG [main][DefaultSingletonBeanRegistry.java:225] - Creating shared instance of singleton bean 'org.springframework.boot.autoconfigure.jackson.JacksonAutoConfiguration$JacksonObjectMapperConfiguration'
2024-10-26 12:54:39,901 DEBUG [main][DefaultSingletonBeanRegistry.java:225] - Creating shared instance of singleton bean 'org.springframework.boot.autoconfigure.jackson.JacksonAutoConfiguration$JacksonObjectMapperConfiguration'
2024-10-26 12:54:39,901 DEBUG [main][DefaultSingletonBeanRegistry.java:225] - Creating shared instance of singleton bean 'org.springframework.boot.autoconfigure.jackson.JacksonAutoConfiguration$JacksonObjectMapperBuilderConfiguration'
2024-10-26 12:54:39,901 DEBUG [main][DefaultSingletonBeanRegistry.java:225] - Creating shared instance of singleton bean 'org.springframework.boot.autoconfigure.jackson.JacksonAutoConfiguration$JacksonObjectMapperBuilderConfiguration'
2024-10-26 12:54:39,901 DEBUG [main][DefaultSingletonBeanRegistry.java:225] - Creating shared instance of singleton bean 'standardJacksonObjectMapperBuilderCustomizer'
2024-10-26 12:54:39,901 DEBUG [main][DefaultSingletonBeanRegistry.java:225] - Creating shared instance of singleton bean 'standardJacksonObjectMapperBuilderCustomizer'
2024-10-26 12:54:39,902 DEBUG [main][DefaultSingletonBeanRegistry.java:225] - Creating shared instance of singleton bean 'org.springframework.boot.autoconfigure.jackson.JacksonAutoConfiguration$Jackson2ObjectMapperBuilderCustomizerConfiguration'
2024-10-26 12:54:39,902 DEBUG [main][DefaultSingletonBeanRegistry.java:225] - Creating shared instance of singleton bean 'org.springframework.boot.autoconfigure.jackson.JacksonAutoConfiguration$Jackson2ObjectMapperBuilderCustomizerConfiguration'
2024-10-26 12:54:39,902 DEBUG [main][DefaultSingletonBeanRegistry.java:225] - Creating shared instance of singleton bean 'spring.jackson-org.springframework.boot.autoconfigure.jackson.JacksonProperties'
2024-10-26 12:54:39,902 DEBUG [main][DefaultSingletonBeanRegistry.java:225] - Creating shared instance of singleton bean 'spring.jackson-org.springframework.boot.autoconfigure.jackson.JacksonProperties'
2024-10-26 12:54:39,903 DEBUG [main][ConstructorResolver.java:807] - Autowiring by type from bean name 'standardJacksonObjectMapperBuilderCustomizer' via factory method to bean named 'org.springframework.boot.web.servlet.context.AnnotationConfigServletWebServerApplicationContext@14dda234'
2024-10-26 12:54:39,903 DEBUG [main][ConstructorResolver.java:807] - Autowiring by type from bean name 'standardJacksonObjectMapperBuilderCustomizer' via factory method to bean named 'org.springframework.boot.web.servlet.context.AnnotationConfigServletWebServerApplicationContext@14dda234'
2024-10-26 12:54:39,903 DEBUG [main][ConstructorResolver.java:807] - Autowiring by type from bean name 'standardJacksonObjectMapperBuilderCustomizer' via factory method to bean named 'spring.jackson-org.springframework.boot.autoconfigure.jackson.JacksonProperties'
2024-10-26 12:54:39,903 DEBUG [main][ConstructorResolver.java:807] - Autowiring by type from bean name 'standardJacksonObjectMapperBuilderCustomizer' via factory method to bean named 'spring.jackson-org.springframework.boot.autoconfigure.jackson.JacksonProperties'
2024-10-26 12:54:39,904 DEBUG [main][ConstructorResolver.java:807] - Autowiring by type from bean name 'jacksonObjectMapperBuilder' via factory method to bean named 'org.springframework.boot.web.servlet.context.AnnotationConfigServletWebServerApplicationContext@14dda234'
2024-10-26 12:54:39,904 DEBUG [main][ConstructorResolver.java:807] - Autowiring by type from bean name 'jacksonObjectMapperBuilder' via factory method to bean named 'org.springframework.boot.web.servlet.context.AnnotationConfigServletWebServerApplicationContext@14dda234'
2024-10-26 12:54:39,904 DEBUG [main][ConstructorResolver.java:807] - Autowiring by type from bean name 'jacksonObjectMapperBuilder' via factory method to bean named 'standardJacksonObjectMapperBuilderCustomizer'
2024-10-26 12:54:39,904 DEBUG [main][ConstructorResolver.java:807] - Autowiring by type from bean name 'jacksonObjectMapperBuilder' via factory method to bean named 'standardJacksonObjectMapperBuilderCustomizer'
2024-10-26 12:54:39,904 DEBUG [main][DefaultSingletonBeanRegistry.java:225] - Creating shared instance of singleton bean 'parameterNamesModule'
2024-10-26 12:54:39,904 DEBUG [main][DefaultSingletonBeanRegistry.java:225] - Creating shared instance of singleton bean 'parameterNamesModule'
2024-10-26 12:54:39,904 DEBUG [main][DefaultSingletonBeanRegistry.java:225] - Creating shared instance of singleton bean 'org.springframework.boot.autoconfigure.jackson.JacksonAutoConfiguration$ParameterNamesModuleConfiguration'
2024-10-26 12:54:39,904 DEBUG [main][DefaultSingletonBeanRegistry.java:225] - Creating shared instance of singleton bean 'org.springframework.boot.autoconfigure.jackson.JacksonAutoConfiguration$ParameterNamesModuleConfiguration'
2024-10-26 12:54:39,906 DEBUG [main][DefaultSingletonBeanRegistry.java:225] - Creating shared instance of singleton bean 'jsonComponentModule'
2024-10-26 12:54:39,906 DEBUG [main][DefaultSingletonBeanRegistry.java:225] - Creating shared instance of singleton bean 'jsonComponentModule'
2024-10-26 12:54:39,906 DEBUG [main][DefaultSingletonBeanRegistry.java:225] - Creating shared instance of singleton bean 'org.springframework.boot.autoconfigure.jackson.JacksonAutoConfiguration'
2024-10-26 12:54:39,906 DEBUG [main][DefaultSingletonBeanRegistry.java:225] - Creating shared instance of singleton bean 'org.springframework.boot.autoconfigure.jackson.JacksonAutoConfiguration'
2024-10-26 12:54:39,909 DEBUG [main][ConstructorResolver.java:807] - Autowiring by type from bean name 'jacksonObjectMapper' via factory method to bean named 'jacksonObjectMapperBuilder'
2024-10-26 12:54:39,909 DEBUG [main][ConstructorResolver.java:807] - Autowiring by type from bean name 'jacksonObjectMapper' via factory method to bean named 'jacksonObjectMapperBuilder'
2024-10-26 12:54:39,916 DEBUG [main][ConstructorResolver.java:807] - Autowiring by type from bean name 'mappingJackson2HttpMessageConverter' via factory method to bean named 'jacksonObjectMapper'
2024-10-26 12:54:39,916 DEBUG [main][ConstructorResolver.java:807] - Autowiring by type from bean name 'mappingJackson2HttpMessageConverter' via factory method to bean named 'jacksonObjectMapper'
2024-10-26 12:54:39,918 DEBUG [main][DefaultSingletonBeanRegistry.java:225] - Creating shared instance of singleton bean 'applicationTaskExecutor'
2024-10-26 12:54:39,918 DEBUG [main][DefaultSingletonBeanRegistry.java:225] - Creating shared instance of singleton bean 'applicationTaskExecutor'
2024-10-26 12:54:39,920 DEBUG [main][ConstructorResolver.java:807] - Autowiring by type from bean name 'applicationTaskExecutor' via factory method to bean named 'taskExecutorBuilder'
2024-10-26 12:54:39,920 DEBUG [main][ConstructorResolver.java:807] - Autowiring by type from bean name 'applicationTaskExecutor' via factory method to bean named 'taskExecutorBuilder'
2024-10-26 12:54:39,921 INFO [main][ExecutorConfigurationSupport.java:181] - Initializing ExecutorService 'applicationTaskExecutor'
2024-10-26 12:54:39,921 INFO [main][ExecutorConfigurationSupport.java:181] - Initializing ExecutorService 'applicationTaskExecutor'
2024-10-26 12:54:39,925 DEBUG [main][RequestMappingHandlerAdapter.java:614] - ControllerAdvice beans: 0 @ModelAttribute, 0 @InitBinder, 1 RequestBodyAdvice, 1 ResponseBodyAdvice
2024-10-26 12:54:39,925 DEBUG [main][RequestMappingHandlerAdapter.java:614] - ControllerAdvice beans: 0 @ModelAttribute, 0 @InitBinder, 1 RequestBodyAdvice, 1 ResponseBodyAdvice
2024-10-26 12:54:39,931 DEBUG [main][DefaultSingletonBeanRegistry.java:225] - Creating shared instance of singleton bean 'requestMappingHandlerMapping'
2024-10-26 12:54:39,931 DEBUG [main][DefaultSingletonBeanRegistry.java:225] - Creating shared instance of singleton bean 'requestMappingHandlerMapping'
2024-10-26 12:54:39,931 DEBUG [main][DefaultSingletonBeanRegistry.java:225] - Creating shared instance of singleton bean 'mvcResourceUrlProvider'
2024-10-26 12:54:39,931 DEBUG [main][DefaultSingletonBeanRegistry.java:225] - Creating shared instance of singleton bean 'mvcResourceUrlProvider'
2024-10-26 12:54:39,933 DEBUG [main][ConstructorResolver.java:807] - Autowiring by type from bean name 'requestMappingHandlerMapping' via factory method to bean named 'mvcContentNegotiationManager'
2024-10-26 12:54:39,933 DEBUG [main][ConstructorResolver.java:807] - Autowiring by type from bean name 'requestMappingHandlerMapping' via factory method to bean named 'mvcContentNegotiationManager'
2024-10-26 12:54:39,933 DEBUG [main][ConstructorResolver.java:807] - Autowiring by type from bean name 'requestMappingHandlerMapping' via factory method to bean named 'mvcConversionService'
2024-10-26 12:54:39,933 DEBUG [main][ConstructorResolver.java:807] - Autowiring by type from bean name 'requestMappingHandlerMapping' via factory method to bean named 'mvcConversionService'
2024-10-26 12:54:39,933 DEBUG [main][ConstructorResolver.java:807] - Autowiring by type from bean name 'requestMappingHandlerMapping' via factory method to bean named 'mvcResourceUrlProvider'
2024-10-26 12:54:39,933 DEBUG [main][ConstructorResolver.java:807] - Autowiring by type from bean name 'requestMappingHandlerMapping' via factory method to bean named 'mvcResourceUrlProvider'
2024-10-26 12:54:39,933 DEBUG [main][ConstructorResolver.java:807] - Autowiring by type from bean name 'requestMappingHandlerMapping' via factory method to bean named 'mvcContentNegotiationManager'
2024-10-26 12:54:39,933 DEBUG [main][ConstructorResolver.java:807] - Autowiring by type from bean name 'requestMappingHandlerMapping' via factory method to bean named 'mvcContentNegotiationManager'
2024-10-26 12:54:39,933 DEBUG [main][ConstructorResolver.java:807] - Autowiring by type from bean name 'requestMappingHandlerMapping' via factory method to bean named 'mvcConversionService'
2024-10-26 12:54:39,933 DEBUG [main][ConstructorResolver.java:807] - Autowiring by type from bean name 'requestMappingHandlerMapping' via factory method to bean named 'mvcConversionService'
2024-10-26 12:54:39,933 DEBUG [main][ConstructorResolver.java:807] - Autowiring by type from bean name 'requestMappingHandlerMapping' via factory method to bean named 'mvcResourceUrlProvider'
2024-10-26 12:54:39,933 DEBUG [main][ConstructorResolver.java:807] - Autowiring by type from bean name 'requestMappingHandlerMapping' via factory method to bean named 'mvcResourceUrlProvider'
2024-10-26 12:54:39,943 DEBUG [main][AbstractHandlerMethodMapping.java:351] - 3 mappings in 'requestMappingHandlerMapping'
2024-10-26 12:54:39,943 DEBUG [main][AbstractHandlerMethodMapping.java:351] - 3 mappings in 'requestMappingHandlerMapping'
2024-10-26 12:54:39,943 DEBUG [main][DefaultSingletonBeanRegistry.java:225] - Creating shared instance of singleton bean 'welcomePageHandlerMapping'
2024-10-26 12:54:39,943 DEBUG [main][DefaultSingletonBeanRegistry.java:225] - Creating shared instance of singleton bean 'welcomePageHandlerMapping'
2024-10-26 12:54:39,944 DEBUG [main][ConstructorResolver.java:807] - Autowiring by type from bean name 'welcomePageHandlerMapping' via factory method to bean named 'org.springframework.boot.web.servlet.context.AnnotationConfigServletWebServerApplicationContext@14dda234'
2024-10-26 12:54:39,944 DEBUG [main][ConstructorResolver.java:807] - Autowiring by type from bean name 'welcomePageHandlerMapping' via factory method to bean named 'org.springframework.boot.web.servlet.context.AnnotationConfigServletWebServerApplicationContext@14dda234'
2024-10-26 12:54:39,944 DEBUG [main][ConstructorResolver.java:807] - Autowiring by type from bean name 'welcomePageHandlerMapping' via factory method to bean named 'mvcConversionService'
2024-10-26 12:54:39,944 DEBUG [main][ConstructorResolver.java:807] - Autowiring by type from bean name 'welcomePageHandlerMapping' via factory method to bean named 'mvcConversionService'
2024-10-26 12:54:39,944 DEBUG [main][ConstructorResolver.java:807] - Autowiring by type from bean name 'welcomePageHandlerMapping' via factory method to bean named 'mvcResourceUrlProvider'
2024-10-26 12:54:39,944 DEBUG [main][ConstructorResolver.java:807] - Autowiring by type from bean name 'welcomePageHandlerMapping' via factory method to bean named 'mvcResourceUrlProvider'
2024-10-26 12:54:39,946 DEBUG [main][DefaultSingletonBeanRegistry.java:225] - Creating shared instance of singleton bean 'mvcPathMatcher'
2024-10-26 12:54:39,946 DEBUG [main][DefaultSingletonBeanRegistry.java:225] - Creating shared instance of singleton bean 'mvcPathMatcher'
2024-10-26 12:54:39,946 DEBUG [main][DefaultSingletonBeanRegistry.java:225] - Creating shared instance of singleton bean 'mvcUrlPathHelper'
2024-10-26 12:54:39,946 DEBUG [main][DefaultSingletonBeanRegistry.java:225] - Creating shared instance of singleton bean 'mvcUrlPathHelper'
2024-10-26 12:54:39,946 DEBUG [main][DefaultSingletonBeanRegistry.java:225] - Creating shared instance of singleton bean 'viewControllerHandlerMapping'
2024-10-26 12:54:39,946 DEBUG [main][DefaultSingletonBeanRegistry.java:225] - Creating shared instance of singleton bean 'viewControllerHandlerMapping'
2024-10-26 12:54:39,947 DEBUG [main][ConstructorResolver.java:807] - Autowiring by type from bean name 'viewControllerHandlerMapping' via factory method to bean named 'mvcPathMatcher'
2024-10-26 12:54:39,947 DEBUG [main][ConstructorResolver.java:807] - Autowiring by type from bean name 'viewControllerHandlerMapping' via factory method to bean named 'mvcPathMatcher'
2024-10-26 12:54:39,947 DEBUG [main][ConstructorResolver.java:807] - Autowiring by type from bean name 'viewControllerHandlerMapping' via factory method to bean named 'mvcUrlPathHelper'
2024-10-26 12:54:39,947 DEBUG [main][ConstructorResolver.java:807] - Autowiring by type from bean name 'viewControllerHandlerMapping' via factory method to bean named 'mvcUrlPathHelper'
2024-10-26 12:54:39,947 DEBUG [main][ConstructorResolver.java:807] - Autowiring by type from bean name 'viewControllerHandlerMapping' via factory method to bean named 'mvcConversionService'
2024-10-26 12:54:39,947 DEBUG [main][ConstructorResolver.java:807] - Autowiring by type from bean name 'viewControllerHandlerMapping' via factory method to bean named 'mvcConversionService'
2024-10-26 12:54:39,947 DEBUG [main][ConstructorResolver.java:807] - Autowiring by type from bean name 'viewControllerHandlerMapping' via factory method to bean named 'mvcResourceUrlProvider'
2024-10-26 12:54:39,947 DEBUG [main][ConstructorResolver.java:807] - Autowiring by type from bean name 'viewControllerHandlerMapping' via factory method to bean named 'mvcResourceUrlProvider'
2024-10-26 12:54:39,947 DEBUG [main][DefaultSingletonBeanRegistry.java:225] - Creating shared instance of singleton bean 'beanNameHandlerMapping'
2024-10-26 12:54:39,947 DEBUG [main][DefaultSingletonBeanRegistry.java:225] - Creating shared instance of singleton bean 'beanNameHandlerMapping'
2024-10-26 12:54:39,947 DEBUG [main][ConstructorResolver.java:807] - Autowiring by type from bean name 'beanNameHandlerMapping' via factory method to bean named 'mvcConversionService'
2024-10-26 12:54:39,947 DEBUG [main][ConstructorResolver.java:807] - Autowiring by type from bean name 'beanNameHandlerMapping' via factory method to bean named 'mvcConversionService'
2024-10-26 12:54:39,948 DEBUG [main][ConstructorResolver.java:807] - Autowiring by type from bean name 'beanNameHandlerMapping' via factory method to bean named 'mvcResourceUrlProvider'
2024-10-26 12:54:39,948 DEBUG [main][ConstructorResolver.java:807] - Autowiring by type from bean name 'beanNameHandlerMapping' via factory method to bean named 'mvcResourceUrlProvider'
2024-10-26 12:54:39,948 DEBUG [main][DefaultSingletonBeanRegistry.java:225] - Creating shared instance of singleton bean 'routerFunctionMapping'
2024-10-26 12:54:39,948 DEBUG [main][DefaultSingletonBeanRegistry.java:225] - Creating shared instance of singleton bean 'routerFunctionMapping'
2024-10-26 12:54:39,949 DEBUG [main][ConstructorResolver.java:807] - Autowiring by type from bean name 'routerFunctionMapping' via factory method to bean named 'mvcConversionService'
2024-10-26 12:54:39,949 DEBUG [main][ConstructorResolver.java:807] - Autowiring by type from bean name 'routerFunctionMapping' via factory method to bean named 'mvcConversionService'
2024-10-26 12:54:39,949 DEBUG [main][ConstructorResolver.java:807] - Autowiring by type from bean name 'routerFunctionMapping' via factory method to bean named 'mvcResourceUrlProvider'
2024-10-26 12:54:39,949 DEBUG [main][ConstructorResolver.java:807] - Autowiring by type from bean name 'routerFunctionMapping' via factory method to bean named 'mvcResourceUrlProvider'
2024-10-26 12:54:39,950 DEBUG [main][DefaultSingletonBeanRegistry.java:225] - Creating shared instance of singleton bean 'resourceHandlerMapping'
2024-10-26 12:54:39,950 DEBUG [main][DefaultSingletonBeanRegistry.java:225] - Creating shared instance of singleton bean 'resourceHandlerMapping'
2024-10-26 12:54:39,950 DEBUG [main][ConstructorResolver.java:807] - Autowiring by type from bean name 'resourceHandlerMapping' via factory method to bean named 'mvcUrlPathHelper'
2024-10-26 12:54:39,950 DEBUG [main][ConstructorResolver.java:807] - Autowiring by type from bean name 'resourceHandlerMapping' via factory method to bean named 'mvcUrlPathHelper'
2024-10-26 12:54:39,950 DEBUG [main][ConstructorResolver.java:807] - Autowiring by type from bean name 'resourceHandlerMapping' via factory method to bean named 'mvcPathMatcher'
2024-10-26 12:54:39,950 DEBUG [main][ConstructorResolver.java:807] - Autowiring by type from bean name 'resourceHandlerMapping' via factory method to bean named 'mvcPathMatcher'
2024-10-26 12:54:39,950 DEBUG [main][ConstructorResolver.java:807] - Autowiring by type from bean name 'resourceHandlerMapping' via factory method to bean named 'mvcContentNegotiationManager'
2024-10-26 12:54:39,950 DEBUG [main][ConstructorResolver.java:807] - Autowiring by type from bean name 'resourceHandlerMapping' via factory method to bean named 'mvcContentNegotiationManager'
2024-10-26 12:54:39,950 DEBUG [main][ConstructorResolver.java:807] - Autowiring by type from bean name 'resourceHandlerMapping' via factory method to bean named 'mvcConversionService'
2024-10-26 12:54:39,950 DEBUG [main][ConstructorResolver.java:807] - Autowiring by type from bean name 'resourceHandlerMapping' via factory method to bean named 'mvcConversionService'
2024-10-26 12:54:39,950 DEBUG [main][ConstructorResolver.java:807] - Autowiring by type from bean name 'resourceHandlerMapping' via factory method to bean named 'mvcResourceUrlProvider'
2024-10-26 12:54:39,950 DEBUG [main][ConstructorResolver.java:807] - Autowiring by type from bean name 'resourceHandlerMapping' via factory method to bean named 'mvcResourceUrlProvider'
2024-10-26 12:54:39,954 DEBUG [main][SimpleUrlHandlerMapping.java:173] - Patterns [/webjars/**, /**] in 'resourceHandlerMapping'
2024-10-26 12:54:39,954 DEBUG [main][SimpleUrlHandlerMapping.java:173] - Patterns [/webjars/**, /**] in 'resourceHandlerMapping'
2024-10-26 12:54:39,954 DEBUG [main][DefaultSingletonBeanRegistry.java:225] - Creating shared instance of singleton bean 'defaultServletHandlerMapping'
2024-10-26 12:54:39,954 DEBUG [main][DefaultSingletonBeanRegistry.java:225] - Creating shared instance of singleton bean 'defaultServletHandlerMapping'
2024-10-26 12:54:39,954 DEBUG [main][DefaultSingletonBeanRegistry.java:225] - Creating shared instance of singleton bean 'handlerFunctionAdapter'
2024-10-26 12:54:39,954 DEBUG [main][DefaultSingletonBeanRegistry.java:225] - Creating shared instance of singleton bean 'handlerFunctionAdapter'
2024-10-26 12:54:39,954 DEBUG [main][DefaultSingletonBeanRegistry.java:225] - Creating shared instance of singleton bean 'mvcUriComponentsContributor'
2024-10-26 12:54:39,954 DEBUG [main][DefaultSingletonBeanRegistry.java:225] - Creating shared instance of singleton bean 'mvcUriComponentsContributor'
2024-10-26 12:54:39,955 DEBUG [main][ConstructorResolver.java:807] - Autowiring by type from bean name 'mvcUriComponentsContributor' via factory method to bean named 'mvcConversionService'
2024-10-26 12:54:39,955 DEBUG [main][ConstructorResolver.java:807] - Autowiring by type from bean name 'mvcUriComponentsContributor' via factory method to bean named 'mvcConversionService'
2024-10-26 12:54:39,955 DEBUG [main][ConstructorResolver.java:807] - Autowiring by type from bean name 'mvcUriComponentsContributor' via factory method to bean named 'requestMappingHandlerAdapter'
2024-10-26 12:54:39,955 DEBUG [main][ConstructorResolver.java:807] - Autowiring by type from bean name 'mvcUriComponentsContributor' via factory method to bean named 'requestMappingHandlerAdapter'
2024-10-26 12:54:39,955 DEBUG [main][DefaultSingletonBeanRegistry.java:225] - Creating shared instance of singleton bean 'httpRequestHandlerAdapter'
2024-10-26 12:54:39,955 DEBUG [main][DefaultSingletonBeanRegistry.java:225] - Creating shared instance of singleton bean 'httpRequestHandlerAdapter'
2024-10-26 12:54:39,955 DEBUG [main][DefaultSingletonBeanRegistry.java:225] - Creating shared instance of singleton bean 'simpleControllerHandlerAdapter'
2024-10-26 12:54:39,955 DEBUG [main][DefaultSingletonBeanRegistry.java:225] - Creating shared instance of singleton bean 'simpleControllerHandlerAdapter'
2024-10-26 12:54:39,956 DEBUG [main][DefaultSingletonBeanRegistry.java:225] - Creating shared instance of singleton bean 'handlerExceptionResolver'
2024-10-26 12:54:39,956 DEBUG [main][DefaultSingletonBeanRegistry.java:225] - Creating shared instance of singleton bean 'handlerExceptionResolver'
2024-10-26 12:54:39,956 DEBUG [main][ConstructorResolver.java:807] - Autowiring by type from bean name 'handlerExceptionResolver' via factory method to bean named 'mvcContentNegotiationManager'
2024-10-26 12:54:39,956 DEBUG [main][ConstructorResolver.java:807] - Autowiring by type from bean name 'handlerExceptionResolver' via factory method to bean named 'mvcContentNegotiationManager'
2024-10-26 12:54:39,957 DEBUG [main][ExceptionHandlerExceptionResolver.java:297] - ControllerAdvice beans: 0 @ExceptionHandler, 1 ResponseBodyAdvice
2024-10-26 12:54:39,957 DEBUG [main][ExceptionHandlerExceptionResolver.java:297] - ControllerAdvice beans: 0 @ExceptionHandler, 1 ResponseBodyAdvice
2024-10-26 12:54:39,958 DEBUG [main][DefaultSingletonBeanRegistry.java:225] - Creating shared instance of singleton bean 'mvcViewResolver'
2024-10-26 12:54:39,958 DEBUG [main][DefaultSingletonBeanRegistry.java:225] - Creating shared instance of singleton bean 'mvcViewResolver'
2024-10-26 12:54:39,958 DEBUG [main][ConstructorResolver.java:807] - Autowiring by type from bean name 'mvcViewResolver' via factory method to bean named 'mvcContentNegotiationManager'
2024-10-26 12:54:39,958 DEBUG [main][ConstructorResolver.java:807] - Autowiring by type from bean name 'mvcViewResolver' via factory method to bean named 'mvcContentNegotiationManager'
2024-10-26 12:54:39,959 DEBUG [main][DefaultSingletonBeanRegistry.java:225] - Creating shared instance of singleton bean 'defaultViewResolver'
2024-10-26 12:54:39,959 DEBUG [main][DefaultSingletonBeanRegistry.java:225] - Creating shared instance of singleton bean 'defaultViewResolver'
2024-10-26 12:54:39,961 DEBUG [main][DefaultSingletonBeanRegistry.java:225] - Creating shared instance of singleton bean 'viewResolver'
2024-10-26 12:54:39,961 DEBUG [main][DefaultSingletonBeanRegistry.java:225] - Creating shared instance of singleton bean 'viewResolver'
2024-10-26 12:54:39,961 DEBUG [main][ConstructorResolver.java:807] - Autowiring by type from bean name 'viewResolver' via factory method to bean named 'org.springframework.beans.factory.support.DefaultListableBeanFactory@5bd82fed'
2024-10-26 12:54:39,961 DEBUG [main][ConstructorResolver.java:807] - Autowiring by type from bean name 'viewResolver' via factory method to bean named 'org.springframework.beans.factory.support.DefaultListableBeanFactory@5bd82fed'
2024-10-26 12:54:39,962 DEBUG [main][DefaultSingletonBeanRegistry.java:225] - Creating shared instance of singleton bean 'org.springframework.boot.autoconfigure.jmx.JmxAutoConfiguration'
2024-10-26 12:54:39,962 DEBUG [main][DefaultSingletonBeanRegistry.java:225] - Creating shared instance of singleton bean 'org.springframework.boot.autoconfigure.jmx.JmxAutoConfiguration'
2024-10-26 12:54:39,962 DEBUG [main][ConstructorResolver.java:807] - Autowiring by type from bean name 'org.springframework.boot.autoconfigure.jmx.JmxAutoConfiguration' via constructor to bean named 'environment'
2024-10-26 12:54:39,962 DEBUG [main][ConstructorResolver.java:807] - Autowiring by type from bean name 'org.springframework.boot.autoconfigure.jmx.JmxAutoConfiguration' via constructor to bean named 'environment'
2024-10-26 12:54:39,962 DEBUG [main][DefaultSingletonBeanRegistry.java:225] - Creating shared instance of singleton bean 'mbeanExporter'
2024-10-26 12:54:39,962 DEBUG [main][DefaultSingletonBeanRegistry.java:225] - Creating shared instance of singleton bean 'mbeanExporter'
2024-10-26 12:54:39,962 DEBUG [main][DefaultSingletonBeanRegistry.java:225] - Creating shared instance of singleton bean 'objectNamingStrategy'
2024-10-26 12:54:39,962 DEBUG [main][DefaultSingletonBeanRegistry.java:225] - Creating shared instance of singleton bean 'objectNamingStrategy'
2024-10-26 12:54:39,963 DEBUG [main][ConstructorResolver.java:807] - Autowiring by type from bean name 'mbeanExporter' via factory method to bean named 'objectNamingStrategy'
2024-10-26 12:54:39,963 DEBUG [main][ConstructorResolver.java:807] - Autowiring by type from bean name 'mbeanExporter' via factory method to bean named 'objectNamingStrategy'
2024-10-26 12:54:39,963 DEBUG [main][ConstructorResolver.java:807] - Autowiring by type from bean name 'mbeanExporter' via factory method to bean named 'org.springframework.beans.factory.support.DefaultListableBeanFactory@5bd82fed'
2024-10-26 12:54:39,963 DEBUG [main][ConstructorResolver.java:807] - Autowiring by type from bean name 'mbeanExporter' via factory method to bean named 'org.springframework.beans.factory.support.DefaultListableBeanFactory@5bd82fed'
2024-10-26 12:54:39,964 DEBUG [main][DefaultSingletonBeanRegistry.java:225] - Creating shared instance of singleton bean 'mbeanServer'
2024-10-26 12:54:39,964 DEBUG [main][DefaultSingletonBeanRegistry.java:225] - Creating shared instance of singleton bean 'mbeanServer'
2024-10-26 12:54:39,966 DEBUG [main][JmxUtils.java:127] - Found MBeanServer: com.sun.jmx.mbeanserver.JmxMBeanServer@7c3df479
2024-10-26 12:54:39,966 DEBUG [main][JmxUtils.java:127] - Found MBeanServer: com.sun.jmx.mbeanserver.JmxMBeanServer@7c3df479
2024-10-26 12:54:39,967 DEBUG [main][DefaultSingletonBeanRegistry.java:225] - Creating shared instance of singleton bean 'org.springframework.boot.autoconfigure.admin.SpringApplicationAdminJmxAutoConfiguration'
2024-10-26 12:54:39,967 DEBUG [main][DefaultSingletonBeanRegistry.java:225] - Creating shared instance of singleton bean 'org.springframework.boot.autoconfigure.admin.SpringApplicationAdminJmxAutoConfiguration'
2024-10-26 12:54:39,967 DEBUG [main][DefaultSingletonBeanRegistry.java:225] - Creating shared instance of singleton bean 'springApplicationAdminRegistrar'
2024-10-26 12:54:39,967 DEBUG [main][DefaultSingletonBeanRegistry.java:225] - Creating shared instance of singleton bean 'springApplicationAdminRegistrar'
2024-10-26 12:54:39,967 DEBUG [main][ConstructorResolver.java:807] - Autowiring by type from bean name 'springApplicationAdminRegistrar' via factory method to bean named 'environment'
2024-10-26 12:54:39,967 DEBUG [main][ConstructorResolver.java:807] - Autowiring by type from bean name 'springApplicationAdminRegistrar' via factory method to bean named 'environment'
2024-10-26 12:54:39,968 DEBUG [main][SpringApplicationAdminMXBeanRegistrar.java:131] - Application Admin MBean registered with name 'org.springframework.boot:type=Admin,name=SpringApplication'
2024-10-26 12:54:39,968 DEBUG [main][SpringApplicationAdminMXBeanRegistrar.java:131] - Application Admin MBean registered with name 'org.springframework.boot:type=Admin,name=SpringApplication'
2024-10-26 12:54:39,968 DEBUG [main][DefaultSingletonBeanRegistry.java:225] - Creating shared instance of singleton bean 'org.springframework.boot.autoconfigure.aop.AopAutoConfiguration$ClassProxyingConfiguration'
2024-10-26 12:54:39,968 DEBUG [main][DefaultSingletonBeanRegistry.java:225] - Creating shared instance of singleton bean 'org.springframework.boot.autoconfigure.aop.AopAutoConfiguration$ClassProxyingConfiguration'
2024-10-26 12:54:39,968 DEBUG [main][ConstructorResolver.java:807] - Autowiring by type from bean name 'org.springframework.boot.autoconfigure.aop.AopAutoConfiguration$ClassProxyingConfiguration' via constructor to bean named 'org.springframework.beans.factory.support.DefaultListableBeanFactory@5bd82fed'
2024-10-26 12:54:39,968 DEBUG [main][ConstructorResolver.java:807] - Autowiring by type from bean name 'org.springframework.boot.autoconfigure.aop.AopAutoConfiguration$ClassProxyingConfiguration' via constructor to bean named 'org.springframework.beans.factory.support.DefaultListableBeanFactory@5bd82fed'
2024-10-26 12:54:39,969 DEBUG [main][DefaultSingletonBeanRegistry.java:225] - Creating shared instance of singleton bean 'org.springframework.boot.autoconfigure.aop.AopAutoConfiguration'
2024-10-26 12:54:39,969 DEBUG [main][DefaultSingletonBeanRegistry.java:225] - Creating shared instance of singleton bean 'org.springframework.boot.autoconfigure.aop.AopAutoConfiguration'
2024-10-26 12:54:39,970 DEBUG [main][DefaultSingletonBeanRegistry.java:225] - Creating shared instance of singleton bean 'org.springframework.boot.autoconfigure.availability.ApplicationAvailabilityAutoConfiguration'
2024-10-26 12:54:39,970 DEBUG [main][DefaultSingletonBeanRegistry.java:225] - Creating shared instance of singleton bean 'org.springframework.boot.autoconfigure.availability.ApplicationAvailabilityAutoConfiguration'
2024-10-26 12:54:39,970 DEBUG [main][DefaultSingletonBeanRegistry.java:225] - Creating shared instance of singleton bean 'applicationAvailability'
2024-10-26 12:54:39,970 DEBUG [main][DefaultSingletonBeanRegistry.java:225] - Creating shared instance of singleton bean 'applicationAvailability'
2024-10-26 12:54:39,970 DEBUG [main][DefaultSingletonBeanRegistry.java:225] - Creating shared instance of singleton bean 'org.springframework.cloud.autoconfigure.RefreshAutoConfiguration'
2024-10-26 12:54:39,970 DEBUG [main][DefaultSingletonBeanRegistry.java:225] - Creating shared instance of singleton bean 'org.springframework.cloud.autoconfigure.RefreshAutoConfiguration'
2024-10-26 12:54:39,970 DEBUG [main][DefaultSingletonBeanRegistry.java:225] - Creating shared instance of singleton bean 'loggingRebinder'
2024-10-26 12:54:39,970 DEBUG [main][DefaultSingletonBeanRegistry.java:225] - Creating shared instance of singleton bean 'loggingRebinder'
2024-10-26 12:54:39,970 DEBUG [main][DefaultSingletonBeanRegistry.java:225] - Creating shared instance of singleton bean 'contextRefresher'
2024-10-26 12:54:39,970 DEBUG [main][DefaultSingletonBeanRegistry.java:225] - Creating shared instance of singleton bean 'contextRefresher'
2024-10-26 12:54:39,971 DEBUG [main][ConstructorResolver.java:807] - Autowiring by type from bean name 'contextRefresher' via factory method to bean named 'org.springframework.boot.web.servlet.context.AnnotationConfigServletWebServerApplicationContext@14dda234'
2024-10-26 12:54:39,971 DEBUG [main][ConstructorResolver.java:807] - Autowiring by type from bean name 'contextRefresher' via factory method to bean named 'org.springframework.boot.web.servlet.context.AnnotationConfigServletWebServerApplicationContext@14dda234'
2024-10-26 12:54:39,971 DEBUG [main][ConstructorResolver.java:807] - Autowiring by type from bean name 'contextRefresher' via factory method to bean named 'refreshScope'
2024-10-26 12:54:39,971 DEBUG [main][ConstructorResolver.java:807] - Autowiring by type from bean name 'contextRefresher' via factory method to bean named 'refreshScope'
2024-10-26 12:54:39,971 DEBUG [main][DefaultSingletonBeanRegistry.java:225] - Creating shared instance of singleton bean 'refreshEventListener'
2024-10-26 12:54:39,971 DEBUG [main][DefaultSingletonBeanRegistry.java:225] - Creating shared instance of singleton bean 'refreshEventListener'
2024-10-26 12:54:39,971 DEBUG [main][ConstructorResolver.java:807] - Autowiring by type from bean name 'refreshEventListener' via factory method to bean named 'contextRefresher'
2024-10-26 12:54:39,971 DEBUG [main][ConstructorResolver.java:807] - Autowiring by type from bean name 'refreshEventListener' via factory method to bean named 'contextRefresher'
2024-10-26 12:54:39,971 DEBUG [main][DefaultSingletonBeanRegistry.java:225] - Creating shared instance of singleton bean 'org.springframework.boot.autoconfigure.context.ConfigurationPropertiesAutoConfiguration'
2024-10-26 12:54:39,971 DEBUG [main][DefaultSingletonBeanRegistry.java:225] - Creating shared instance of singleton bean 'org.springframework.boot.autoconfigure.context.ConfigurationPropertiesAutoConfiguration'
2024-10-26 12:54:39,972 DEBUG [main][DefaultSingletonBeanRegistry.java:225] - Creating shared instance of singleton bean 'org.springframework.boot.autoconfigure.context.LifecycleAutoConfiguration'
2024-10-26 12:54:39,972 DEBUG [main][DefaultSingletonBeanRegistry.java:225] - Creating shared instance of singleton bean 'org.springframework.boot.autoconfigure.context.LifecycleAutoConfiguration'
2024-10-26 12:54:39,972 DEBUG [main][DefaultSingletonBeanRegistry.java:225] - Creating shared instance of singleton bean 'lifecycleProcessor'
2024-10-26 12:54:39,972 DEBUG [main][DefaultSingletonBeanRegistry.java:225] - Creating shared instance of singleton bean 'lifecycleProcessor'
2024-10-26 12:54:39,972 DEBUG [main][DefaultSingletonBeanRegistry.java:225] - Creating shared instance of singleton bean 'spring.lifecycle-org.springframework.boot.autoconfigure.context.LifecycleProperties'
2024-10-26 12:54:39,972 DEBUG [main][DefaultSingletonBeanRegistry.java:225] - Creating shared instance of singleton bean 'spring.lifecycle-org.springframework.boot.autoconfigure.context.LifecycleProperties'
2024-10-26 12:54:39,972 DEBUG [main][ConstructorResolver.java:807] - Autowiring by type from bean name 'lifecycleProcessor' via factory method to bean named 'spring.lifecycle-org.springframework.boot.autoconfigure.context.LifecycleProperties'
2024-10-26 12:54:39,972 DEBUG [main][ConstructorResolver.java:807] - Autowiring by type from bean name 'lifecycleProcessor' via factory method to bean named 'spring.lifecycle-org.springframework.boot.autoconfigure.context.LifecycleProperties'
2024-10-26 12:54:39,973 DEBUG [main][DefaultSingletonBeanRegistry.java:225] - Creating shared instance of singleton bean 'org.springframework.boot.autoconfigure.http.JacksonHttpMessageConvertersConfiguration'
2024-10-26 12:54:39,973 DEBUG [main][DefaultSingletonBeanRegistry.java:225] - Creating shared instance of singleton bean 'org.springframework.boot.autoconfigure.http.JacksonHttpMessageConvertersConfiguration'
2024-10-26 12:54:39,973 DEBUG [main][DefaultSingletonBeanRegistry.java:225] - Creating shared instance of singleton bean 'org.springframework.boot.autoconfigure.info.ProjectInfoAutoConfiguration'
2024-10-26 12:54:39,973 DEBUG [main][DefaultSingletonBeanRegistry.java:225] - Creating shared instance of singleton bean 'org.springframework.boot.autoconfigure.info.ProjectInfoAutoConfiguration'
2024-10-26 12:54:39,973 DEBUG [main][DefaultSingletonBeanRegistry.java:225] - Creating shared instance of singleton bean 'spring.info-org.springframework.boot.autoconfigure.info.ProjectInfoProperties'
2024-10-26 12:54:39,973 DEBUG [main][DefaultSingletonBeanRegistry.java:225] - Creating shared instance of singleton bean 'spring.info-org.springframework.boot.autoconfigure.info.ProjectInfoProperties'
2024-10-26 12:54:39,974 DEBUG [main][ConstructorResolver.java:807] - Autowiring by type from bean name 'org.springframework.boot.autoconfigure.info.ProjectInfoAutoConfiguration' via constructor to bean named 'spring.info-org.springframework.boot.autoconfigure.info.ProjectInfoProperties'
2024-10-26 12:54:39,974 DEBUG [main][ConstructorResolver.java:807] - Autowiring by type from bean name 'org.springframework.boot.autoconfigure.info.ProjectInfoAutoConfiguration' via constructor to bean named 'spring.info-org.springframework.boot.autoconfigure.info.ProjectInfoProperties'
2024-10-26 12:54:39,974 DEBUG [main][DefaultSingletonBeanRegistry.java:225] - Creating shared instance of singleton bean 'org.springframework.boot.autoconfigure.task.TaskSchedulingAutoConfiguration'
2024-10-26 12:54:39,974 DEBUG [main][DefaultSingletonBeanRegistry.java:225] - Creating shared instance of singleton bean 'org.springframework.boot.autoconfigure.task.TaskSchedulingAutoConfiguration'
2024-10-26 12:54:39,974 DEBUG [main][DefaultSingletonBeanRegistry.java:225] - Creating shared instance of singleton bean 'taskSchedulerBuilder'
2024-10-26 12:54:39,974 DEBUG [main][DefaultSingletonBeanRegistry.java:225] - Creating shared instance of singleton bean 'taskSchedulerBuilder'
2024-10-26 12:54:39,975 DEBUG [main][DefaultSingletonBeanRegistry.java:225] - Creating shared instance of singleton bean 'spring.task.scheduling-org.springframework.boot.autoconfigure.task.TaskSchedulingProperties'
2024-10-26 12:54:39,975 DEBUG [main][DefaultSingletonBeanRegistry.java:225] - Creating shared instance of singleton bean 'spring.task.scheduling-org.springframework.boot.autoconfigure.task.TaskSchedulingProperties'
2024-10-26 12:54:39,975 DEBUG [main][ConstructorResolver.java:807] - Autowiring by type from bean name 'taskSchedulerBuilder' via factory method to bean named 'spring.task.scheduling-org.springframework.boot.autoconfigure.task.TaskSchedulingProperties'
2024-10-26 12:54:39,975 DEBUG [main][ConstructorResolver.java:807] - Autowiring by type from bean name 'taskSchedulerBuilder' via factory method to bean named 'spring.task.scheduling-org.springframework.boot.autoconfigure.task.TaskSchedulingProperties'
2024-10-26 12:54:39,976 DEBUG [main][DefaultSingletonBeanRegistry.java:225] - Creating shared instance of singleton bean 'org.springframework.boot.autoconfigure.web.client.RestTemplateAutoConfiguration'
2024-10-26 12:54:39,976 DEBUG [main][DefaultSingletonBeanRegistry.java:225] - Creating shared instance of singleton bean 'org.springframework.boot.autoconfigure.web.client.RestTemplateAutoConfiguration'
2024-10-26 12:54:39,976 DEBUG [main][DefaultSingletonBeanRegistry.java:225] - Creating shared instance of singleton bean 'org.springframework.boot.autoconfigure.web.embedded.EmbeddedWebServerFactoryCustomizerAutoConfiguration'
2024-10-26 12:54:39,976 DEBUG [main][DefaultSingletonBeanRegistry.java:225] - Creating shared instance of singleton bean 'org.springframework.boot.autoconfigure.web.embedded.EmbeddedWebServerFactoryCustomizerAutoConfiguration'
2024-10-26 12:54:39,976 DEBUG [main][DefaultSingletonBeanRegistry.java:225] - Creating shared instance of singleton bean 'multipartResolver'
2024-10-26 12:54:39,976 DEBUG [main][DefaultSingletonBeanRegistry.java:225] - Creating shared instance of singleton bean 'multipartResolver'
2024-10-26 12:54:39,976 DEBUG [main][DefaultSingletonBeanRegistry.java:225] - Creating shared instance of singleton bean 'org.springframework.cloud.autoconfigure.ConfigurationPropertiesRebinderAutoConfiguration'
2024-10-26 12:54:39,976 DEBUG [main][DefaultSingletonBeanRegistry.java:225] - Creating shared instance of singleton bean 'org.springframework.cloud.autoconfigure.ConfigurationPropertiesRebinderAutoConfiguration'
2024-10-26 12:54:39,977 DEBUG [main][DefaultSingletonBeanRegistry.java:225] - Creating shared instance of singleton bean 'configurationPropertiesRebinder'
2024-10-26 12:54:39,977 DEBUG [main][DefaultSingletonBeanRegistry.java:225] - Creating shared instance of singleton bean 'configurationPropertiesRebinder'
2024-10-26 12:54:39,977 DEBUG [main][ConstructorResolver.java:807] - Autowiring by type from bean name 'configurationPropertiesRebinder' via factory method to bean named 'configurationPropertiesBeans'
2024-10-26 12:54:39,977 DEBUG [main][ConstructorResolver.java:807] - Autowiring by type from bean name 'configurationPropertiesRebinder' via factory method to bean named 'configurationPropertiesBeans'
2024-10-26 12:54:39,977 DEBUG [main][DefaultSingletonBeanRegistry.java:225] - Creating shared instance of singleton bean 'org.springframework.cloud.autoconfigure.LifecycleMvcEndpointAutoConfiguration'
2024-10-26 12:54:39,977 DEBUG [main][DefaultSingletonBeanRegistry.java:225] - Creating shared instance of singleton bean 'org.springframework.cloud.autoconfigure.LifecycleMvcEndpointAutoConfiguration'
2024-10-26 12:54:39,977 DEBUG [main][DefaultSingletonBeanRegistry.java:225] - Creating shared instance of singleton bean 'environmentManager'
2024-10-26 12:54:39,977 DEBUG [main][DefaultSingletonBeanRegistry.java:225] - Creating shared instance of singleton bean 'environmentManager'
2024-10-26 12:54:39,977 DEBUG [main][ConstructorResolver.java:807] - Autowiring by type from bean name 'environmentManager' via factory method to bean named 'environment'
2024-10-26 12:54:39,977 DEBUG [main][ConstructorResolver.java:807] - Autowiring by type from bean name 'environmentManager' via factory method to bean named 'environment'
2024-10-26 12:54:39,980 DEBUG [main][MBeanExporter.java:434] - Registering beans for JMX exposure on startup
2024-10-26 12:54:39,980 DEBUG [main][MBeanExporter.java:434] - Registering beans for JMX exposure on startup
2024-10-26 12:54:39,980 DEBUG [main][MBeanExporter.java:541] - Autodetecting user-defined JMX MBeans
2024-10-26 12:54:39,980 DEBUG [main][MBeanExporter.java:541] - Autodetecting user-defined JMX MBeans
2024-10-26 12:54:39,983 DEBUG [main][MBeanExporter.java:896] - Bean with name 'refreshScope' has been autodetected for JMX exposure
2024-10-26 12:54:39,983 DEBUG [main][MBeanExporter.java:896] - Bean with name 'refreshScope' has been autodetected for JMX exposure
2024-10-26 12:54:39,983 DEBUG [main][MBeanExporter.java:896] - Bean with name 'configurationPropertiesRebinder' has been autodetected for JMX exposure
2024-10-26 12:54:39,983 DEBUG [main][MBeanExporter.java:896] - Bean with name 'configurationPropertiesRebinder' has been autodetected for JMX exposure
2024-10-26 12:54:39,983 DEBUG [main][MBeanExporter.java:896] - Bean with name 'environmentManager' has been autodetected for JMX exposure
2024-10-26 12:54:39,983 DEBUG [main][MBeanExporter.java:896] - Bean with name 'environmentManager' has been autodetected for JMX exposure
2024-10-26 12:54:39,984 DEBUG [main][MBeanExporter.java:676] - Located managed bean 'environmentManager': registering with JMX server as MBean [org.springframework.cloud.context.environment:name=environmentManager,type=EnvironmentManager]
2024-10-26 12:54:39,984 DEBUG [main][MBeanExporter.java:676] - Located managed bean 'environmentManager': registering with JMX server as MBean [org.springframework.cloud.context.environment:name=environmentManager,type=EnvironmentManager]
2024-10-26 12:54:39,991 DEBUG [main][MBeanExporter.java:676] - Located managed bean 'refreshScope': registering with JMX server as MBean [org.springframework.cloud.context.scope.refresh:name=refreshScope,type=RefreshScope]
2024-10-26 12:54:39,991 DEBUG [main][MBeanExporter.java:676] - Located managed bean 'refreshScope': registering with JMX server as MBean [org.springframework.cloud.context.scope.refresh:name=refreshScope,type=RefreshScope]
2024-10-26 12:54:39,996 DEBUG [main][MBeanExporter.java:676] - Located managed bean 'configurationPropertiesRebinder': registering with JMX server as MBean [org.springframework.cloud.context.properties:name=configurationPropertiesRebinder,context=14dda234,type=ConfigurationPropertiesRebinder]
2024-10-26 12:54:39,996 DEBUG [main][MBeanExporter.java:676] - Located managed bean 'configurationPropertiesRebinder': registering with JMX server as MBean [org.springframework.cloud.context.properties:name=configurationPropertiesRebinder,context=14dda234,type=ConfigurationPropertiesRebinder]
2024-10-26 12:54:40,001 DEBUG [main][DefaultLifecycleProcessor.java:356] - Starting beans in phase 2147483646
2024-10-26 12:54:40,001 DEBUG [main][DefaultLifecycleProcessor.java:356] - Starting beans in phase 2147483646
2024-10-26 12:54:40,002 INFO [main][DirectJDKLog.java:173] - Starting ProtocolHandler ["http-nio-63040"]
2024-10-26 12:54:40,002 INFO [main][DirectJDKLog.java:173] - Starting ProtocolHandler ["http-nio-63040"]
2024-10-26 12:54:40,033 INFO [main][TomcatWebServer.java:220] - Tomcat started on port(s): 63040 (http) with context path '/content'
2024-10-26 12:54:40,033 INFO [main][TomcatWebServer.java:220] - Tomcat started on port(s): 63040 (http) with context path '/content'
2024-10-26 12:54:40,034 DEBUG [main][DefaultLifecycleProcessor.java:188] - Successfully started bean 'webServerStartStop'
2024-10-26 12:54:40,034 DEBUG [main][DefaultLifecycleProcessor.java:188] - Successfully started bean 'webServerStartStop'
2024-10-26 12:54:40,034 DEBUG [main][DefaultLifecycleProcessor.java:356] - Starting beans in phase 2147483647
2024-10-26 12:54:40,034 DEBUG [main][DefaultLifecycleProcessor.java:356] - Starting beans in phase 2147483647
2024-10-26 12:54:40,034 DEBUG [main][DefaultLifecycleProcessor.java:188] - Successfully started bean 'webServerGracefulShutdown'
2024-10-26 12:54:40,034 DEBUG [main][DefaultLifecycleProcessor.java:188] - Successfully started bean 'webServerGracefulShutdown'
2024-10-26 12:54:40,038 DEBUG [main][ConditionEvaluationReportLoggingListener.java:126] - 


============================
CONDITIONS EVALUATION REPORT
============================


Positive matches:
-----------------

   AopAutoConfiguration matched:
      - @ConditionalOnProperty (spring.aop.auto=true) matched (OnPropertyCondition)

   AopAutoConfiguration.ClassProxyingConfiguration matched:
      - @ConditionalOnMissingClass did not find unwanted class 'org.aspectj.weaver.Advice' (OnClassCondition)
      - @ConditionalOnProperty (spring.aop.proxy-target-class=true) matched (OnPropertyCondition)

   ConfigurationPropertiesRebinderAutoConfiguration matched:
      - @ConditionalOnBean (types: org.springframework.boot.context.properties.ConfigurationPropertiesBindingPostProcessor; SearchStrategy: all) found bean 'org.springframework.boot.context.properties.ConfigurationPropertiesBindingPostProcessor' (OnBeanCondition)

   ConfigurationPropertiesRebinderAutoConfiguration#configurationPropertiesBeans matched:
      - @ConditionalOnMissingBean (types: org.springframework.cloud.context.properties.ConfigurationPropertiesBeans; SearchStrategy: current) did not find any beans (OnBeanCondition)

   ConfigurationPropertiesRebinderAutoConfiguration#configurationPropertiesRebinder matched:
      - @ConditionalOnMissingBean (types: org.springframework.cloud.context.properties.ConfigurationPropertiesRebinder; SearchStrategy: current) did not find any beans (OnBeanCondition)

   DispatcherServletAutoConfiguration matched:
      - @ConditionalOnClass found required class 'org.springframework.web.servlet.DispatcherServlet' (OnClassCondition)
      - found 'session' scope (OnWebApplicationCondition)

   DispatcherServletAutoConfiguration.DispatcherServletConfiguration matched:
      - @ConditionalOnClass found required class 'javax.servlet.ServletRegistration' (OnClassCondition)
      - Default DispatcherServlet did not find dispatcher servlet beans (DispatcherServletAutoConfiguration.DefaultDispatcherServletCondition)

   DispatcherServletAutoConfiguration.DispatcherServletRegistrationConfiguration matched:
      - @ConditionalOnClass found required class 'javax.servlet.ServletRegistration' (OnClassCondition)
      - DispatcherServlet Registration did not find servlet registration bean (DispatcherServletAutoConfiguration.DispatcherServletRegistrationCondition)

   DispatcherServletAutoConfiguration.DispatcherServletRegistrationConfiguration#dispatcherServletRegistration matched:
      - @ConditionalOnBean (names: dispatcherServlet types: org.springframework.web.servlet.DispatcherServlet; SearchStrategy: all) found bean 'dispatcherServlet' (OnBeanCondition)

   EmbeddedWebServerFactoryCustomizerAutoConfiguration matched:
      - @ConditionalOnWebApplication (required) found 'session' scope (OnWebApplicationCondition)

   EmbeddedWebServerFactoryCustomizerAutoConfiguration.TomcatWebServerFactoryCustomizerConfiguration matched:
      - @ConditionalOnClass found required classes 'org.apache.catalina.startup.Tomcat', 'org.apache.coyote.UpgradeProtocol' (OnClassCondition)

   ErrorMvcAutoConfiguration matched:
      - @ConditionalOnClass found required classes 'javax.servlet.Servlet', 'org.springframework.web.servlet.DispatcherServlet' (OnClassCondition)
      - found 'session' scope (OnWebApplicationCondition)

   ErrorMvcAutoConfiguration#basicErrorController matched:
      - @ConditionalOnMissingBean (types: org.springframework.boot.web.servlet.error.ErrorController; SearchStrategy: current) did not find any beans (OnBeanCondition)

   ErrorMvcAutoConfiguration#errorAttributes matched:
      - @ConditionalOnMissingBean (types: org.springframework.boot.web.servlet.error.ErrorAttributes; SearchStrategy: current) did not find any beans (OnBeanCondition)

   ErrorMvcAutoConfiguration.DefaultErrorViewResolverConfiguration#conventionErrorViewResolver matched:
      - @ConditionalOnBean (types: org.springframework.web.servlet.DispatcherServlet; SearchStrategy: all) found bean 'dispatcherServlet'; @ConditionalOnMissingBean (types: org.springframework.boot.autoconfigure.web.servlet.error.ErrorViewResolver; SearchStrategy: all) did not find any beans (OnBeanCondition)

   ErrorMvcAutoConfiguration.WhitelabelErrorViewConfiguration matched:
      - @ConditionalOnProperty (server.error.whitelabel.enabled) matched (OnPropertyCondition)
      - ErrorTemplate Missing did not find error template view (ErrorMvcAutoConfiguration.ErrorTemplateMissingCondition)

   ErrorMvcAutoConfiguration.WhitelabelErrorViewConfiguration#beanNameViewResolver matched:
      - @ConditionalOnMissingBean (types: org.springframework.web.servlet.view.BeanNameViewResolver; SearchStrategy: all) did not find any beans (OnBeanCondition)

   ErrorMvcAutoConfiguration.WhitelabelErrorViewConfiguration#defaultErrorView matched:
      - @ConditionalOnMissingBean (names: error; SearchStrategy: all) did not find any beans (OnBeanCondition)

   GenericCacheConfiguration matched:
      - Cache org.springframework.boot.autoconfigure.cache.GenericCacheConfiguration automatic cache type (CacheCondition)

   HttpEncodingAutoConfiguration matched:
      - @ConditionalOnClass found required class 'org.springframework.web.filter.CharacterEncodingFilter' (OnClassCondition)
      - found 'session' scope (OnWebApplicationCondition)
      - @ConditionalOnProperty (server.servlet.encoding.enabled) matched (OnPropertyCondition)

   HttpEncodingAutoConfiguration#characterEncodingFilter matched:
      - @ConditionalOnMissingBean (types: org.springframework.web.filter.CharacterEncodingFilter; SearchStrategy: all) did not find any beans (OnBeanCondition)

   HttpMessageConvertersAutoConfiguration matched:
      - @ConditionalOnClass found required class 'org.springframework.http.converter.HttpMessageConverter' (OnClassCondition)
      - NoneNestedConditions 0 matched 1 did not; NestedCondition on HttpMessageConvertersAutoConfiguration.NotReactiveWebApplicationCondition.ReactiveWebApplication did not find reactive web application classes (HttpMessageConvertersAutoConfiguration.NotReactiveWebApplicationCondition)

   HttpMessageConvertersAutoConfiguration#messageConverters matched:
      - @ConditionalOnMissingBean (types: org.springframework.boot.autoconfigure.http.HttpMessageConverters; SearchStrategy: all) did not find any beans (OnBeanCondition)

   HttpMessageConvertersAutoConfiguration.StringHttpMessageConverterConfiguration matched:
      - @ConditionalOnClass found required class 'org.springframework.http.converter.StringHttpMessageConverter' (OnClassCondition)

   HttpMessageConvertersAutoConfiguration.StringHttpMessageConverterConfiguration#stringHttpMessageConverter matched:
      - @ConditionalOnMissingBean (types: org.springframework.http.converter.StringHttpMessageConverter; SearchStrategy: all) did not find any beans (OnBeanCondition)

   JacksonAutoConfiguration matched:
      - @ConditionalOnClass found required class 'com.fasterxml.jackson.databind.ObjectMapper' (OnClassCondition)

   JacksonAutoConfiguration.Jackson2ObjectMapperBuilderCustomizerConfiguration matched:
      - @ConditionalOnClass found required class 'org.springframework.http.converter.json.Jackson2ObjectMapperBuilder' (OnClassCondition)

   JacksonAutoConfiguration.JacksonObjectMapperBuilderConfiguration matched:
      - @ConditionalOnClass found required class 'org.springframework.http.converter.json.Jackson2ObjectMapperBuilder' (OnClassCondition)

   JacksonAutoConfiguration.JacksonObjectMapperBuilderConfiguration#jacksonObjectMapperBuilder matched:
      - @ConditionalOnMissingBean (types: org.springframework.http.converter.json.Jackson2ObjectMapperBuilder; SearchStrategy: all) did not find any beans (OnBeanCondition)

   JacksonAutoConfiguration.JacksonObjectMapperConfiguration matched:
      - @ConditionalOnClass found required class 'org.springframework.http.converter.json.Jackson2ObjectMapperBuilder' (OnClassCondition)

   JacksonAutoConfiguration.JacksonObjectMapperConfiguration#jacksonObjectMapper matched:
      - @ConditionalOnMissingBean (types: com.fasterxml.jackson.databind.ObjectMapper; SearchStrategy: all) did not find any beans (OnBeanCondition)

   JacksonAutoConfiguration.ParameterNamesModuleConfiguration matched:
      - @ConditionalOnClass found required class 'com.fasterxml.jackson.module.paramnames.ParameterNamesModule' (OnClassCondition)

   JacksonAutoConfiguration.ParameterNamesModuleConfiguration#parameterNamesModule matched:
      - @ConditionalOnMissingBean (types: com.fasterxml.jackson.module.paramnames.ParameterNamesModule; SearchStrategy: all) did not find any beans (OnBeanCondition)

   JacksonHttpMessageConvertersConfiguration.MappingJackson2HttpMessageConverterConfiguration matched:
      - @ConditionalOnClass found required class 'com.fasterxml.jackson.databind.ObjectMapper' (OnClassCondition)
      - @ConditionalOnProperty (spring.mvc.converters.preferred-json-mapper=jackson) matched (OnPropertyCondition)
      - @ConditionalOnBean (types: com.fasterxml.jackson.databind.ObjectMapper; SearchStrategy: all) found bean 'jacksonObjectMapper' (OnBeanCondition)

   JacksonHttpMessageConvertersConfiguration.MappingJackson2HttpMessageConverterConfiguration#mappingJackson2HttpMessageConverter matched:
      - @ConditionalOnMissingBean (types: org.springframework.http.converter.json.MappingJackson2HttpMessageConverter ignored: org.springframework.hateoas.server.mvc.TypeConstrainedMappingJackson2HttpMessageConverter,org.springframework.data.rest.webmvc.alps.AlpsJsonHttpMessageConverter; SearchStrategy: all) did not find any beans (OnBeanCondition)

   JmxAutoConfiguration matched:
      - @ConditionalOnClass found required class 'org.springframework.jmx.export.MBeanExporter' (OnClassCondition)
      - @ConditionalOnProperty (spring.jmx.enabled=true) matched (OnPropertyCondition)

   JmxAutoConfiguration#mbeanExporter matched:
      - @ConditionalOnMissingBean (types: org.springframework.jmx.export.MBeanExporter; SearchStrategy: current) did not find any beans (OnBeanCondition)

   JmxAutoConfiguration#mbeanServer matched:
      - @ConditionalOnMissingBean (types: javax.management.MBeanServer; SearchStrategy: all) did not find any beans (OnBeanCondition)

   JmxAutoConfiguration#objectNamingStrategy matched:
      - @ConditionalOnMissingBean (types: org.springframework.jmx.export.naming.ObjectNamingStrategy; SearchStrategy: current) did not find any beans (OnBeanCondition)

   LifecycleAutoConfiguration#defaultLifecycleProcessor matched:
      - @ConditionalOnMissingBean (names: lifecycleProcessor; SearchStrategy: current) did not find any beans (OnBeanCondition)

   LifecycleMvcEndpointAutoConfiguration#environmentManager matched:
      - @ConditionalOnMissingBean (types: org.springframework.cloud.context.environment.EnvironmentManager; SearchStrategy: all) did not find any beans (OnBeanCondition)

   MultipartAutoConfiguration matched:
      - @ConditionalOnClass found required classes 'javax.servlet.Servlet', 'org.springframework.web.multipart.support.StandardServletMultipartResolver', 'javax.servlet.MultipartConfigElement' (OnClassCondition)
      - found 'session' scope (OnWebApplicationCondition)
      - @ConditionalOnProperty (spring.servlet.multipart.enabled) matched (OnPropertyCondition)

   MultipartAutoConfiguration#multipartConfigElement matched:
      - @ConditionalOnMissingBean (types: javax.servlet.MultipartConfigElement,org.springframework.web.multipart.commons.CommonsMultipartResolver; SearchStrategy: all) did not find any beans (OnBeanCondition)

   MultipartAutoConfiguration#multipartResolver matched:
      - @ConditionalOnMissingBean (types: org.springframework.web.multipart.MultipartResolver; SearchStrategy: all) did not find any beans (OnBeanCondition)

   NoOpCacheConfiguration matched:
      - Cache org.springframework.boot.autoconfigure.cache.NoOpCacheConfiguration automatic cache type (CacheCondition)

   PropertyPlaceholderAutoConfiguration#propertySourcesPlaceholderConfigurer matched:
      - @ConditionalOnMissingBean (types: org.springframework.context.support.PropertySourcesPlaceholderConfigurer; SearchStrategy: current) did not find any beans (OnBeanCondition)

   RefreshAutoConfiguration matched:
      - @ConditionalOnClass found required class 'org.springframework.cloud.context.scope.refresh.RefreshScope' (OnClassCondition)
      - @ConditionalOnProperty (spring.cloud.refresh.enabled) matched (OnPropertyCondition)

   RefreshAutoConfiguration#contextRefresher matched:
      - @ConditionalOnMissingBean (types: org.springframework.cloud.context.refresh.ContextRefresher; SearchStrategy: all) did not find any beans (OnBeanCondition)

   RefreshAutoConfiguration#loggingRebinder matched:
      - @ConditionalOnMissingBean (types: org.springframework.cloud.logging.LoggingRebinder; SearchStrategy: all) did not find any beans (OnBeanCondition)

   RefreshAutoConfiguration#refreshScope matched:
      - @ConditionalOnMissingBean (types: org.springframework.cloud.context.scope.refresh.RefreshScope; SearchStrategy: all) did not find any beans (OnBeanCondition)

   RestTemplateAutoConfiguration matched:
      - @ConditionalOnClass found required class 'org.springframework.web.client.RestTemplate' (OnClassCondition)
      - NoneNestedConditions 0 matched 1 did not; NestedCondition on RestTemplateAutoConfiguration.NotReactiveWebApplicationCondition.ReactiveWebApplication did not find reactive web application classes (RestTemplateAutoConfiguration.NotReactiveWebApplicationCondition)

   RestTemplateAutoConfiguration#restTemplateBuilder matched:
      - @ConditionalOnMissingBean (types: org.springframework.boot.web.client.RestTemplateBuilder; SearchStrategy: all) did not find any beans (OnBeanCondition)

   ServletWebServerFactoryAutoConfiguration matched:
      - @ConditionalOnClass found required class 'javax.servlet.ServletRequest' (OnClassCondition)
      - found 'session' scope (OnWebApplicationCondition)

   ServletWebServerFactoryAutoConfiguration#tomcatServletWebServerFactoryCustomizer matched:
      - @ConditionalOnClass found required class 'org.apache.catalina.startup.Tomcat' (OnClassCondition)

   ServletWebServerFactoryConfiguration.EmbeddedTomcat matched:
      - @ConditionalOnClass found required classes 'javax.servlet.Servlet', 'org.apache.catalina.startup.Tomcat', 'org.apache.coyote.UpgradeProtocol' (OnClassCondition)
      - @ConditionalOnMissingBean (types: org.springframework.boot.web.servlet.server.ServletWebServerFactory; SearchStrategy: current) did not find any beans (OnBeanCondition)

   SimpleCacheConfiguration matched:
      - Cache org.springframework.boot.autoconfigure.cache.SimpleCacheConfiguration automatic cache type (CacheCondition)

   SpringApplicationAdminJmxAutoConfiguration matched:
      - @ConditionalOnProperty (spring.application.admin.enabled=true) matched (OnPropertyCondition)

   SpringApplicationAdminJmxAutoConfiguration#springApplicationAdminRegistrar matched:
      - @ConditionalOnMissingBean (types: org.springframework.boot.admin.SpringApplicationAdminMXBeanRegistrar; SearchStrategy: all) did not find any beans (OnBeanCondition)

   TaskExecutionAutoConfiguration matched:
      - @ConditionalOnClass found required class 'org.springframework.scheduling.concurrent.ThreadPoolTaskExecutor' (OnClassCondition)

   TaskExecutionAutoConfiguration#applicationTaskExecutor matched:
      - @ConditionalOnMissingBean (types: java.util.concurrent.Executor; SearchStrategy: all) did not find any beans (OnBeanCondition)

   TaskExecutionAutoConfiguration#taskExecutorBuilder matched:
      - @ConditionalOnMissingBean (types: org.springframework.boot.task.TaskExecutorBuilder; SearchStrategy: all) did not find any beans (OnBeanCondition)

   TaskSchedulingAutoConfiguration matched:
      - @ConditionalOnClass found required class 'org.springframework.scheduling.concurrent.ThreadPoolTaskScheduler' (OnClassCondition)

   TaskSchedulingAutoConfiguration#taskSchedulerBuilder matched:
      - @ConditionalOnMissingBean (types: org.springframework.boot.task.TaskSchedulerBuilder; SearchStrategy: all) did not find any beans (OnBeanCondition)

   ValidationAutoConfiguration matched:
      - @ConditionalOnClass found required class 'javax.validation.executable.ExecutableValidator' (OnClassCondition)
      - @ConditionalOnResource found location classpath:META-INF/services/javax.validation.spi.ValidationProvider (OnResourceCondition)

   ValidationAutoConfiguration#defaultValidator matched:
      - @ConditionalOnMissingBean (types: javax.validation.Validator; SearchStrategy: all) did not find any beans (OnBeanCondition)

   ValidationAutoConfiguration#methodValidationPostProcessor matched:
      - @ConditionalOnMissingBean (types: org.springframework.validation.beanvalidation.MethodValidationPostProcessor; SearchStrategy: all) did not find any beans (OnBeanCondition)

   WebMvcAutoConfiguration matched:
      - @ConditionalOnClass found required classes 'javax.servlet.Servlet', 'org.springframework.web.servlet.DispatcherServlet', 'org.springframework.web.servlet.config.annotation.WebMvcConfigurer' (OnClassCondition)
      - found 'session' scope (OnWebApplicationCondition)
      - @ConditionalOnMissingBean (types: org.springframework.web.servlet.config.annotation.WebMvcConfigurationSupport; SearchStrategy: all) did not find any beans (OnBeanCondition)

   WebMvcAutoConfiguration#formContentFilter matched:
      - @ConditionalOnProperty (spring.mvc.formcontent.filter.enabled) matched (OnPropertyCondition)
      - @ConditionalOnMissingBean (types: org.springframework.web.filter.FormContentFilter; SearchStrategy: all) did not find any beans (OnBeanCondition)

   WebMvcAutoConfiguration.WebMvcAutoConfigurationAdapter#defaultViewResolver matched:
      - @ConditionalOnMissingBean (types: org.springframework.web.servlet.view.InternalResourceViewResolver; SearchStrategy: all) did not find any beans (OnBeanCondition)

   WebMvcAutoConfiguration.WebMvcAutoConfigurationAdapter#requestContextFilter matched:
      - @ConditionalOnMissingBean (types: org.springframework.web.context.request.RequestContextListener,org.springframework.web.filter.RequestContextFilter; SearchStrategy: all) did not find any beans (OnBeanCondition)

   WebMvcAutoConfiguration.WebMvcAutoConfigurationAdapter#viewResolver matched:
      - @ConditionalOnBean (types: org.springframework.web.servlet.ViewResolver; SearchStrategy: all) found beans 'defaultViewResolver', 'beanNameViewResolver', 'mvcViewResolver'; @ConditionalOnMissingBean (names: viewResolver types: org.springframework.web.servlet.view.ContentNegotiatingViewResolver; SearchStrategy: all) did not find any beans (OnBeanCondition)

   WebSocketServletAutoConfiguration matched:
      - @ConditionalOnClass found required classes 'javax.servlet.Servlet', 'javax.websocket.server.ServerContainer' (OnClassCondition)
      - found 'session' scope (OnWebApplicationCondition)

   WebSocketServletAutoConfiguration.TomcatWebSocketConfiguration matched:
      - @ConditionalOnClass found required classes 'org.apache.catalina.startup.Tomcat', 'org.apache.tomcat.websocket.server.WsSci' (OnClassCondition)

   WebSocketServletAutoConfiguration.TomcatWebSocketConfiguration#websocketServletWebServerCustomizer matched:
      - @ConditionalOnMissingBean (names: websocketServletWebServerCustomizer; SearchStrategy: all) did not find any beans (OnBeanCondition)


Negative matches:
-----------------

   ActiveMQAutoConfiguration:
      Did not match:
         - @ConditionalOnClass did not find required class 'javax.jms.ConnectionFactory' (OnClassCondition)

   AopAutoConfiguration.AspectJAutoProxyingConfiguration:
      Did not match:
         - @ConditionalOnClass did not find required class 'org.aspectj.weaver.Advice' (OnClassCondition)

   ArtemisAutoConfiguration:
      Did not match:
         - @ConditionalOnClass did not find required class 'javax.jms.ConnectionFactory' (OnClassCondition)

   BatchAutoConfiguration:
      Did not match:
         - @ConditionalOnClass did not find required class 'org.springframework.batch.core.launch.JobLauncher' (OnClassCondition)

   CacheAutoConfiguration:
      Did not match:
         - @ConditionalOnBean (types: org.springframework.cache.interceptor.CacheAspectSupport; SearchStrategy: all) did not find any beans of type org.springframework.cache.interceptor.CacheAspectSupport (OnBeanCondition)
      Matched:
         - @ConditionalOnClass found required class 'org.springframework.cache.CacheManager' (OnClassCondition)

   CacheAutoConfiguration.CacheManagerEntityManagerFactoryDependsOnPostProcessor:
      Did not match:
         - @ConditionalOnClass did not find required class 'org.springframework.orm.jpa.LocalContainerEntityManagerFactoryBean' (OnClassCondition)
         - Ancestor org.springframework.boot.autoconfigure.cache.CacheAutoConfiguration did not match (ConditionEvaluationReport.AncestorsMatchedCondition)

   CaffeineCacheConfiguration:
      Did not match:
         - @ConditionalOnClass did not find required class 'com.github.benmanes.caffeine.cache.Caffeine' (OnClassCondition)

   CassandraAutoConfiguration:
      Did not match:
         - @ConditionalOnClass did not find required class 'com.datastax.oss.driver.api.core.CqlSession' (OnClassCondition)

   CassandraDataAutoConfiguration:
      Did not match:
         - @ConditionalOnClass did not find required class 'com.datastax.oss.driver.api.core.CqlSession' (OnClassCondition)

   CassandraReactiveDataAutoConfiguration:
      Did not match:
         - @ConditionalOnClass did not find required class 'com.datastax.oss.driver.api.core.CqlSession' (OnClassCondition)

   CassandraReactiveRepositoriesAutoConfiguration:
      Did not match:
         - @ConditionalOnClass did not find required class 'org.springframework.data.cassandra.ReactiveSession' (OnClassCondition)

   CassandraRepositoriesAutoConfiguration:
      Did not match:
         - @ConditionalOnClass did not find required class 'com.datastax.oss.driver.api.core.CqlSession' (OnClassCondition)

   ClientHttpConnectorAutoConfiguration:
      Did not match:
         - @ConditionalOnClass did not find required class 'org.springframework.web.reactive.function.client.WebClient' (OnClassCondition)

   CodecsAutoConfiguration:
      Did not match:
         - @ConditionalOnClass did not find required class 'org.springframework.web.reactive.function.client.WebClient' (OnClassCondition)

   CouchbaseAutoConfiguration:
      Did not match:
         - @ConditionalOnClass did not find required class 'com.couchbase.client.java.Cluster' (OnClassCondition)

   CouchbaseCacheConfiguration:
      Did not match:
         - @ConditionalOnClass did not find required class 'com.couchbase.client.java.Cluster' (OnClassCondition)

   CouchbaseDataAutoConfiguration:
      Did not match:
         - @ConditionalOnClass did not find required class 'com.couchbase.client.java.Bucket' (OnClassCondition)

   CouchbaseReactiveDataAutoConfiguration:
      Did not match:
         - @ConditionalOnClass did not find required class 'com.couchbase.client.java.Cluster' (OnClassCondition)

   CouchbaseReactiveRepositoriesAutoConfiguration:
      Did not match:
         - @ConditionalOnClass did not find required class 'com.couchbase.client.java.Cluster' (OnClassCondition)

   CouchbaseRepositoriesAutoConfiguration:
      Did not match:
         - @ConditionalOnClass did not find required class 'com.couchbase.client.java.Bucket' (OnClassCondition)

   DataSourceAutoConfiguration:
      Did not match:
         - @ConditionalOnClass did not find required class 'org.springframework.jdbc.datasource.embedded.EmbeddedDatabaseType' (OnClassCondition)

   DataSourceTransactionManagerAutoConfiguration:
      Did not match:
         - @ConditionalOnClass did not find required class 'org.springframework.jdbc.core.JdbcTemplate' (OnClassCondition)

   DispatcherServletAutoConfiguration.DispatcherServletConfiguration#multipartResolver:
      Did not match:
         - @ConditionalOnBean (types: org.springframework.web.multipart.MultipartResolver; SearchStrategy: all) did not find any beans of type org.springframework.web.multipart.MultipartResolver (OnBeanCondition)

   EhCacheCacheConfiguration:
      Did not match:
         - @ConditionalOnClass did not find required class 'net.sf.ehcache.Cache' (OnClassCondition)

   ElasticsearchDataAutoConfiguration:
      Did not match:
         - @ConditionalOnClass did not find required class 'org.springframework.data.elasticsearch.core.ElasticsearchTemplate' (OnClassCondition)

   ElasticsearchRepositoriesAutoConfiguration:
      Did not match:
         - @ConditionalOnClass did not find required class 'org.elasticsearch.client.Client' (OnClassCondition)

   ElasticsearchRestClientAutoConfiguration:
      Did not match:
         - @ConditionalOnClass did not find required class 'org.elasticsearch.client.RestClient' (OnClassCondition)

   EmbeddedLdapAutoConfiguration:
      Did not match:
         - @ConditionalOnClass did not find required class 'com.unboundid.ldap.listener.InMemoryDirectoryServer' (OnClassCondition)

   EmbeddedMongoAutoConfiguration:
      Did not match:
         - @ConditionalOnClass did not find required class 'com.mongodb.MongoClientSettings' (OnClassCondition)

   EmbeddedWebServerFactoryCustomizerAutoConfiguration.JettyWebServerFactoryCustomizerConfiguration:
      Did not match:
         - @ConditionalOnClass did not find required classes 'org.eclipse.jetty.server.Server', 'org.eclipse.jetty.util.Loader', 'org.eclipse.jetty.webapp.WebAppContext' (OnClassCondition)

   EmbeddedWebServerFactoryCustomizerAutoConfiguration.NettyWebServerFactoryCustomizerConfiguration:
      Did not match:
         - @ConditionalOnClass did not find required class 'reactor.netty.http.server.HttpServer' (OnClassCondition)

   EmbeddedWebServerFactoryCustomizerAutoConfiguration.UndertowWebServerFactoryCustomizerConfiguration:
      Did not match:
         - @ConditionalOnClass did not find required classes 'io.undertow.Undertow', 'org.xnio.SslClientAuthMode' (OnClassCondition)

   ErrorWebFluxAutoConfiguration:
      Did not match:
         - @ConditionalOnClass did not find required class 'org.springframework.web.reactive.config.WebFluxConfigurer' (OnClassCondition)

   FlywayAutoConfiguration:
      Did not match:
         - @ConditionalOnClass did not find required class 'org.flywaydb.core.Flyway' (OnClassCondition)

   FreeMarkerAutoConfiguration:
      Did not match:
         - @ConditionalOnClass did not find required class 'freemarker.template.Configuration' (OnClassCondition)

   GroovyTemplateAutoConfiguration:
      Did not match:
         - @ConditionalOnClass did not find required class 'groovy.text.markup.MarkupTemplateEngine' (OnClassCondition)

   GsonAutoConfiguration:
      Did not match:
         - @ConditionalOnClass did not find required class 'com.google.gson.Gson' (OnClassCondition)

   GsonHttpMessageConvertersConfiguration:
      Did not match:
         - @ConditionalOnClass did not find required class 'com.google.gson.Gson' (OnClassCondition)

   H2ConsoleAutoConfiguration:
      Did not match:
         - @ConditionalOnClass did not find required class 'org.h2.server.web.WebServlet' (OnClassCondition)

   HazelcastAutoConfiguration:
      Did not match:
         - @ConditionalOnClass did not find required class 'com.hazelcast.core.HazelcastInstance' (OnClassCondition)

   HazelcastCacheConfiguration:
      Did not match:
         - @ConditionalOnClass did not find required class 'com.hazelcast.core.HazelcastInstance' (OnClassCondition)

   HazelcastJpaDependencyAutoConfiguration:
      Did not match:
         - @ConditionalOnClass did not find required class 'com.hazelcast.core.HazelcastInstance' (OnClassCondition)

   HibernateJpaAutoConfiguration:
      Did not match:
         - @ConditionalOnClass did not find required class 'javax.persistence.EntityManager' (OnClassCondition)

   HttpHandlerAutoConfiguration:
      Did not match:
         - @ConditionalOnClass did not find required class 'org.springframework.web.reactive.DispatcherHandler' (OnClassCondition)

   HypermediaAutoConfiguration:
      Did not match:
         - @ConditionalOnClass did not find required class 'org.springframework.hateoas.EntityModel' (OnClassCondition)

   InfinispanCacheConfiguration:
      Did not match:
         - @ConditionalOnClass did not find required class 'org.infinispan.spring.embedded.provider.SpringEmbeddedCacheManager' (OnClassCondition)

   InfluxDbAutoConfiguration:
      Did not match:
         - @ConditionalOnClass did not find required class 'org.influxdb.InfluxDB' (OnClassCondition)

   IntegrationAutoConfiguration:
      Did not match:
         - @ConditionalOnClass did not find required class 'org.springframework.integration.config.EnableIntegration' (OnClassCondition)

   JCacheCacheConfiguration:
      Did not match:
         - @ConditionalOnClass did not find required class 'javax.cache.Caching' (OnClassCondition)

   JacksonHttpMessageConvertersConfiguration.MappingJackson2XmlHttpMessageConverterConfiguration:
      Did not match:
         - @ConditionalOnClass did not find required class 'com.fasterxml.jackson.dataformat.xml.XmlMapper' (OnClassCondition)

   JdbcRepositoriesAutoConfiguration:
      Did not match:
         - @ConditionalOnClass did not find required class 'org.springframework.data.jdbc.repository.config.AbstractJdbcConfiguration' (OnClassCondition)

   JdbcTemplateAutoConfiguration:
      Did not match:
         - @ConditionalOnClass did not find required class 'org.springframework.jdbc.core.JdbcTemplate' (OnClassCondition)

   JerseyAutoConfiguration:
      Did not match:
         - @ConditionalOnClass did not find required class 'org.glassfish.jersey.server.spring.SpringComponentProvider' (OnClassCondition)

   JmsAutoConfiguration:
      Did not match:
         - @ConditionalOnClass did not find required class 'javax.jms.Message' (OnClassCondition)

   JndiConnectionFactoryAutoConfiguration:
      Did not match:
         - @ConditionalOnClass did not find required class 'org.springframework.jms.core.JmsTemplate' (OnClassCondition)

   JndiDataSourceAutoConfiguration:
      Did not match:
         - @ConditionalOnClass did not find required class 'org.springframework.jdbc.datasource.embedded.EmbeddedDatabaseType' (OnClassCondition)

   JooqAutoConfiguration:
      Did not match:
         - @ConditionalOnClass did not find required class 'org.jooq.DSLContext' (OnClassCondition)

   JpaRepositoriesAutoConfiguration:
      Did not match:
         - @ConditionalOnClass did not find required class 'org.springframework.data.jpa.repository.JpaRepository' (OnClassCondition)

   JsonbAutoConfiguration:
      Did not match:
         - @ConditionalOnClass did not find required class 'javax.json.bind.Jsonb' (OnClassCondition)

   JsonbHttpMessageConvertersConfiguration:
      Did not match:
         - @ConditionalOnClass did not find required class 'javax.json.bind.Jsonb' (OnClassCondition)

   JtaAutoConfiguration:
      Did not match:
         - @ConditionalOnClass did not find required class 'javax.transaction.Transaction' (OnClassCondition)

   KafkaAutoConfiguration:
      Did not match:
         - @ConditionalOnClass did not find required class 'org.springframework.kafka.core.KafkaTemplate' (OnClassCondition)

   LdapAutoConfiguration:
      Did not match:
         - @ConditionalOnClass did not find required class 'org.springframework.ldap.core.ContextSource' (OnClassCondition)

   LdapRepositoriesAutoConfiguration:
      Did not match:
         - @ConditionalOnClass did not find required class 'org.springframework.data.ldap.repository.LdapRepository' (OnClassCondition)

   LiquibaseAutoConfiguration:
      Did not match:
         - @ConditionalOnClass did not find required class 'liquibase.change.DatabaseChange' (OnClassCondition)

   MailSenderAutoConfiguration:
      Did not match:
         - @ConditionalOnClass did not find required class 'javax.mail.internet.MimeMessage' (OnClassCondition)

   MailSenderValidatorAutoConfiguration:
      Did not match:
         - @ConditionalOnSingleCandidate did not find required type 'org.springframework.mail.javamail.JavaMailSenderImpl' (OnBeanCondition)

   MessageSourceAutoConfiguration:
      Did not match:
         - ResourceBundle did not find bundle with basename messages (MessageSourceAutoConfiguration.ResourceBundleCondition)

   MongoAutoConfiguration:
      Did not match:
         - @ConditionalOnClass did not find required class 'com.mongodb.client.MongoClient' (OnClassCondition)

   MongoDataAutoConfiguration:
      Did not match:
         - @ConditionalOnClass did not find required class 'com.mongodb.client.MongoClient' (OnClassCondition)

   MongoReactiveAutoConfiguration:
      Did not match:
         - @ConditionalOnClass did not find required class 'com.mongodb.reactivestreams.client.MongoClient' (OnClassCondition)

   MongoReactiveDataAutoConfiguration:
      Did not match:
         - @ConditionalOnClass did not find required class 'com.mongodb.reactivestreams.client.MongoClient' (OnClassCondition)

   MongoReactiveRepositoriesAutoConfiguration:
      Did not match:
         - @ConditionalOnClass did not find required class 'com.mongodb.reactivestreams.client.MongoClient' (OnClassCondition)

   MongoRepositoriesAutoConfiguration:
      Did not match:
         - @ConditionalOnClass did not find required class 'com.mongodb.client.MongoClient' (OnClassCondition)

   MustacheAutoConfiguration:
      Did not match:
         - @ConditionalOnClass did not find required class 'com.samskivert.mustache.Mustache' (OnClassCondition)

   Neo4jDataAutoConfiguration:
      Did not match:
         - @ConditionalOnClass did not find required class 'org.neo4j.ogm.session.SessionFactory' (OnClassCondition)

   Neo4jRepositoriesAutoConfiguration:
      Did not match:
         - @ConditionalOnClass did not find required class 'org.neo4j.ogm.session.Neo4jSession' (OnClassCondition)

   OAuth2ClientAutoConfiguration:
      Did not match:
         - @ConditionalOnClass did not find required class 'org.springframework.security.config.annotation.web.configuration.EnableWebSecurity' (OnClassCondition)

   OAuth2ResourceServerAutoConfiguration:
      Did not match:
         - @ConditionalOnClass did not find required class 'org.springframework.security.oauth2.server.resource.BearerTokenAuthenticationToken' (OnClassCondition)

   PersistenceExceptionTranslationAutoConfiguration:
      Did not match:
         - @ConditionalOnClass did not find required class 'org.springframework.dao.annotation.PersistenceExceptionTranslationPostProcessor' (OnClassCondition)

   ProjectInfoAutoConfiguration#buildProperties:
      Did not match:
         - @ConditionalOnResource did not find resource '${spring.info.build.location:classpath:META-INF/build-info.properties}' (OnResourceCondition)

   ProjectInfoAutoConfiguration#gitProperties:
      Did not match:
         - GitResource did not find git info at classpath:git.properties (ProjectInfoAutoConfiguration.GitResourceAvailableCondition)

   QuartzAutoConfiguration:
      Did not match:
         - @ConditionalOnClass did not find required class 'org.quartz.Scheduler' (OnClassCondition)

   R2dbcAutoConfiguration:
      Did not match:
         - @ConditionalOnClass did not find required class 'io.r2dbc.spi.ConnectionFactory' (OnClassCondition)

   R2dbcDataAutoConfiguration:
      Did not match:
         - @ConditionalOnClass did not find required class 'org.springframework.data.r2dbc.core.DatabaseClient' (OnClassCondition)

   R2dbcRepositoriesAutoConfiguration:
      Did not match:
         - @ConditionalOnClass did not find required class 'io.r2dbc.spi.ConnectionFactory' (OnClassCondition)

   R2dbcTransactionManagerAutoConfiguration:
      Did not match:
         - @ConditionalOnClass did not find required class 'org.springframework.data.r2dbc.connectionfactory.R2dbcTransactionManager' (OnClassCondition)

   RSocketMessagingAutoConfiguration:
      Did not match:
         - @ConditionalOnClass did not find required class 'io.rsocket.RSocketFactory' (OnClassCondition)

   RSocketRequesterAutoConfiguration:
      Did not match:
         - @ConditionalOnClass did not find required class 'io.rsocket.RSocketFactory' (OnClassCondition)

   RSocketSecurityAutoConfiguration:
      Did not match:
         - @ConditionalOnClass did not find required class 'org.springframework.security.rsocket.core.SecuritySocketAcceptorInterceptor' (OnClassCondition)

   RSocketServerAutoConfiguration:
      Did not match:
         - @ConditionalOnClass did not find required class 'io.rsocket.core.RSocketServer' (OnClassCondition)

   RSocketStrategiesAutoConfiguration:
      Did not match:
         - @ConditionalOnClass did not find required class 'io.netty.buffer.PooledByteBufAllocator' (OnClassCondition)

   RabbitAutoConfiguration:
      Did not match:
         - @ConditionalOnClass did not find required class 'com.rabbitmq.client.Channel' (OnClassCondition)

   ReactiveElasticsearchRepositoriesAutoConfiguration:
      Did not match:
         - @ConditionalOnClass did not find required class 'org.springframework.data.elasticsearch.client.reactive.ReactiveElasticsearchClient' (OnClassCondition)

   ReactiveElasticsearchRestClientAutoConfiguration:
      Did not match:
         - @ConditionalOnClass did not find required class 'reactor.netty.http.client.HttpClient' (OnClassCondition)

   ReactiveOAuth2ClientAutoConfiguration:
      Did not match:
         - @ConditionalOnClass did not find required class 'reactor.core.publisher.Flux' (OnClassCondition)

   ReactiveOAuth2ResourceServerAutoConfiguration:
      Did not match:
         - @ConditionalOnClass did not find required class 'org.springframework.security.config.annotation.web.reactive.EnableWebFluxSecurity' (OnClassCondition)

   ReactiveSecurityAutoConfiguration:
      Did not match:
         - @ConditionalOnClass did not find required class 'reactor.core.publisher.Flux' (OnClassCondition)

   ReactiveUserDetailsServiceAutoConfiguration:
      Did not match:
         - @ConditionalOnClass did not find required class 'org.springframework.security.authentication.ReactiveAuthenticationManager' (OnClassCondition)

   ReactiveWebServerFactoryAutoConfiguration:
      Did not match:
         - @ConditionalOnWebApplication did not find reactive web application classes (OnWebApplicationCondition)

   RedisAutoConfiguration:
      Did not match:
         - @ConditionalOnClass did not find required class 'org.springframework.data.redis.core.RedisOperations' (OnClassCondition)

   RedisCacheConfiguration:
      Did not match:
         - @ConditionalOnClass did not find required class 'org.springframework.data.redis.connection.RedisConnectionFactory' (OnClassCondition)

   RedisReactiveAutoConfiguration:
      Did not match:
         - @ConditionalOnClass did not find required class 'reactor.core.publisher.Flux' (OnClassCondition)

   RedisRepositoriesAutoConfiguration:
      Did not match:
         - @ConditionalOnClass did not find required class 'org.springframework.data.redis.repository.configuration.EnableRedisRepositories' (OnClassCondition)

   RefreshAutoConfiguration.JpaInvokerConfiguration:
      Did not match:
         - @ConditionalOnClass did not find required class 'javax.persistence.EntityManagerFactory' (OnClassCondition)

   RefreshEndpointAutoConfiguration:
      Did not match:
         - @ConditionalOnClass did not find required class 'org.springframework.boot.actuate.autoconfigure.endpoint.EndpointAutoConfiguration' (OnClassCondition)

   RepositoryRestMvcAutoConfiguration:
      Did not match:
         - @ConditionalOnClass did not find required class 'org.springframework.data.rest.webmvc.config.RepositoryRestMvcConfiguration' (OnClassCondition)

   Saml2RelyingPartyAutoConfiguration:
      Did not match:
         - @ConditionalOnClass did not find required class 'org.springframework.security.saml2.provider.service.registration.RelyingPartyRegistrationRepository' (OnClassCondition)

   SecurityAutoConfiguration:
      Did not match:
         - @ConditionalOnClass did not find required class 'org.springframework.security.authentication.DefaultAuthenticationEventPublisher' (OnClassCondition)

   SecurityFilterAutoConfiguration:
      Did not match:
         - @ConditionalOnClass did not find required class 'org.springframework.security.config.http.SessionCreationPolicy' (OnClassCondition)

   SendGridAutoConfiguration:
      Did not match:
         - @ConditionalOnClass did not find required class 'com.sendgrid.SendGrid' (OnClassCondition)

   ServletWebServerFactoryAutoConfiguration#forwardedHeaderFilter:
      Did not match:
         - @ConditionalOnProperty (server.forward-headers-strategy=framework) did not find property 'server.forward-headers-strategy' (OnPropertyCondition)

   ServletWebServerFactoryConfiguration.EmbeddedJetty:
      Did not match:
         - @ConditionalOnClass did not find required classes 'org.eclipse.jetty.server.Server', 'org.eclipse.jetty.util.Loader', 'org.eclipse.jetty.webapp.WebAppContext' (OnClassCondition)

   ServletWebServerFactoryConfiguration.EmbeddedUndertow:
      Did not match:
         - @ConditionalOnClass did not find required classes 'io.undertow.Undertow', 'org.xnio.SslClientAuthMode' (OnClassCondition)

   SessionAutoConfiguration:
      Did not match:
         - @ConditionalOnClass did not find required class 'org.springframework.session.Session' (OnClassCondition)

   SolrAutoConfiguration:
      Did not match:
         - @ConditionalOnClass did not find required class 'org.apache.solr.client.solrj.impl.CloudSolrClient' (OnClassCondition)

   SolrRepositoriesAutoConfiguration:
      Did not match:
         - @ConditionalOnClass did not find required class 'org.apache.solr.client.solrj.SolrClient' (OnClassCondition)

   SpringDataWebAutoConfiguration:
      Did not match:
         - @ConditionalOnClass did not find required class 'org.springframework.data.web.PageableHandlerMethodArgumentResolver' (OnClassCondition)

   TaskSchedulingAutoConfiguration#taskScheduler:
      Did not match:
         - @ConditionalOnBean (names: org.springframework.context.annotation.internalScheduledAnnotationProcessor; SearchStrategy: all) did not find any beans named org.springframework.context.annotation.internalScheduledAnnotationProcessor (OnBeanCondition)

   ThymeleafAutoConfiguration:
      Did not match:
         - @ConditionalOnClass did not find required class 'org.thymeleaf.spring5.SpringTemplateEngine' (OnClassCondition)

   TransactionAutoConfiguration:
      Did not match:
         - @ConditionalOnClass did not find required class 'org.springframework.transaction.PlatformTransactionManager' (OnClassCondition)

   UserDetailsServiceAutoConfiguration:
      Did not match:
         - @ConditionalOnClass did not find required class 'org.springframework.security.authentication.AuthenticationManager' (OnClassCondition)

   WebClientAutoConfiguration:
      Did not match:
         - @ConditionalOnClass did not find required class 'org.springframework.web.reactive.function.client.WebClient' (OnClassCondition)

   WebFluxAutoConfiguration:
      Did not match:
         - @ConditionalOnClass did not find required class 'org.springframework.web.reactive.config.WebFluxConfigurer' (OnClassCondition)

   WebMvcAutoConfiguration#hiddenHttpMethodFilter:
      Did not match:
         - @ConditionalOnProperty (spring.mvc.hiddenmethod.filter.enabled) did not find property 'enabled' (OnPropertyCondition)

   WebMvcAutoConfiguration.ResourceChainCustomizerConfiguration:
      Did not match:
         - @ConditionalOnEnabledResourceChain did not find class org.webjars.WebJarAssetLocator (OnEnabledResourceChainCondition)

   WebMvcAutoConfiguration.WebMvcAutoConfigurationAdapter#beanNameViewResolver:
      Did not match:
         - @ConditionalOnMissingBean (types: org.springframework.web.servlet.view.BeanNameViewResolver; SearchStrategy: all) found beans of type 'org.springframework.web.servlet.view.BeanNameViewResolver' beanNameViewResolver (OnBeanCondition)

   WebMvcAutoConfiguration.WebMvcAutoConfigurationAdapter#localeResolver:
      Did not match:
         - @ConditionalOnProperty (spring.mvc.locale) did not find property 'locale' (OnPropertyCondition)

   WebServiceTemplateAutoConfiguration:
      Did not match:
         - @ConditionalOnClass did not find required class 'org.springframework.oxm.Marshaller' (OnClassCondition)

   WebServicesAutoConfiguration:
      Did not match:
         - @ConditionalOnClass did not find required class 'org.springframework.ws.transport.http.MessageDispatcherServlet' (OnClassCondition)

   WebSocketMessagingAutoConfiguration:
      Did not match:
         - @ConditionalOnClass did not find required class 'org.springframework.web.socket.config.annotation.WebSocketMessageBrokerConfigurer' (OnClassCondition)

   WebSocketReactiveAutoConfiguration:
      Did not match:
         - @ConditionalOnWebApplication did not find reactive web application classes (OnWebApplicationCondition)

   WebSocketServletAutoConfiguration.JettyWebSocketConfiguration:
      Did not match:
         - @ConditionalOnClass did not find required class 'org.eclipse.jetty.websocket.jsr356.server.deploy.WebSocketServerContainerInitializer' (OnClassCondition)

   WebSocketServletAutoConfiguration.UndertowWebSocketConfiguration:
      Did not match:
         - @ConditionalOnClass did not find required class 'io.undertow.websockets.jsr.Bootstrap' (OnClassCondition)

   WritableEnvironmentEndpointAutoConfiguration:
      Did not match:
         - @ConditionalOnClass did not find required class 'org.springframework.boot.actuate.autoconfigure.env.EnvironmentEndpointProperties' (OnClassCondition)

   XADataSourceAutoConfiguration:
      Did not match:
         - @ConditionalOnClass did not find required class 'javax.transaction.TransactionManager' (OnClassCondition)


Exclusions:
-----------

    None


Unconditional classes:
----------------------

    org.springframework.boot.autoconfigure.context.ConfigurationPropertiesAutoConfiguration

    org.springframework.boot.autoconfigure.context.LifecycleAutoConfiguration

    org.springframework.boot.autoconfigure.context.PropertyPlaceholderAutoConfiguration

    org.springframework.cloud.autoconfigure.LifecycleMvcEndpointAutoConfiguration

    org.springframework.boot.autoconfigure.availability.ApplicationAvailabilityAutoConfiguration

    org.springframework.boot.autoconfigure.info.ProjectInfoAutoConfiguration



2024-10-26 12:54:40,038 DEBUG [main][ConditionEvaluationReportLoggingListener.java:126] - 


============================
CONDITIONS EVALUATION REPORT
============================


Positive matches:
-----------------

   AopAutoConfiguration matched:
      - @ConditionalOnProperty (spring.aop.auto=true) matched (OnPropertyCondition)

   AopAutoConfiguration.ClassProxyingConfiguration matched:
      - @ConditionalOnMissingClass did not find unwanted class 'org.aspectj.weaver.Advice' (OnClassCondition)
      - @ConditionalOnProperty (spring.aop.proxy-target-class=true) matched (OnPropertyCondition)

   ConfigurationPropertiesRebinderAutoConfiguration matched:
      - @ConditionalOnBean (types: org.springframework.boot.context.properties.ConfigurationPropertiesBindingPostProcessor; SearchStrategy: all) found bean 'org.springframework.boot.context.properties.ConfigurationPropertiesBindingPostProcessor' (OnBeanCondition)

   ConfigurationPropertiesRebinderAutoConfiguration#configurationPropertiesBeans matched:
      - @ConditionalOnMissingBean (types: org.springframework.cloud.context.properties.ConfigurationPropertiesBeans; SearchStrategy: current) did not find any beans (OnBeanCondition)

   ConfigurationPropertiesRebinderAutoConfiguration#configurationPropertiesRebinder matched:
      - @ConditionalOnMissingBean (types: org.springframework.cloud.context.properties.ConfigurationPropertiesRebinder; SearchStrategy: current) did not find any beans (OnBeanCondition)

   DispatcherServletAutoConfiguration matched:
      - @ConditionalOnClass found required class 'org.springframework.web.servlet.DispatcherServlet' (OnClassCondition)
      - found 'session' scope (OnWebApplicationCondition)

   DispatcherServletAutoConfiguration.DispatcherServletConfiguration matched:
      - @ConditionalOnClass found required class 'javax.servlet.ServletRegistration' (OnClassCondition)
      - Default DispatcherServlet did not find dispatcher servlet beans (DispatcherServletAutoConfiguration.DefaultDispatcherServletCondition)

   DispatcherServletAutoConfiguration.DispatcherServletRegistrationConfiguration matched:
      - @ConditionalOnClass found required class 'javax.servlet.ServletRegistration' (OnClassCondition)
      - DispatcherServlet Registration did not find servlet registration bean (DispatcherServletAutoConfiguration.DispatcherServletRegistrationCondition)

   DispatcherServletAutoConfiguration.DispatcherServletRegistrationConfiguration#dispatcherServletRegistration matched:
      - @ConditionalOnBean (names: dispatcherServlet types: org.springframework.web.servlet.DispatcherServlet; SearchStrategy: all) found bean 'dispatcherServlet' (OnBeanCondition)

   EmbeddedWebServerFactoryCustomizerAutoConfiguration matched:
      - @ConditionalOnWebApplication (required) found 'session' scope (OnWebApplicationCondition)

   EmbeddedWebServerFactoryCustomizerAutoConfiguration.TomcatWebServerFactoryCustomizerConfiguration matched:
      - @ConditionalOnClass found required classes 'org.apache.catalina.startup.Tomcat', 'org.apache.coyote.UpgradeProtocol' (OnClassCondition)

   ErrorMvcAutoConfiguration matched:
      - @ConditionalOnClass found required classes 'javax.servlet.Servlet', 'org.springframework.web.servlet.DispatcherServlet' (OnClassCondition)
      - found 'session' scope (OnWebApplicationCondition)

   ErrorMvcAutoConfiguration#basicErrorController matched:
      - @ConditionalOnMissingBean (types: org.springframework.boot.web.servlet.error.ErrorController; SearchStrategy: current) did not find any beans (OnBeanCondition)

   ErrorMvcAutoConfiguration#errorAttributes matched:
      - @ConditionalOnMissingBean (types: org.springframework.boot.web.servlet.error.ErrorAttributes; SearchStrategy: current) did not find any beans (OnBeanCondition)

   ErrorMvcAutoConfiguration.DefaultErrorViewResolverConfiguration#conventionErrorViewResolver matched:
      - @ConditionalOnBean (types: org.springframework.web.servlet.DispatcherServlet; SearchStrategy: all) found bean 'dispatcherServlet'; @ConditionalOnMissingBean (types: org.springframework.boot.autoconfigure.web.servlet.error.ErrorViewResolver; SearchStrategy: all) did not find any beans (OnBeanCondition)

   ErrorMvcAutoConfiguration.WhitelabelErrorViewConfiguration matched:
      - @ConditionalOnProperty (server.error.whitelabel.enabled) matched (OnPropertyCondition)
      - ErrorTemplate Missing did not find error template view (ErrorMvcAutoConfiguration.ErrorTemplateMissingCondition)

   ErrorMvcAutoConfiguration.WhitelabelErrorViewConfiguration#beanNameViewResolver matched:
      - @ConditionalOnMissingBean (types: org.springframework.web.servlet.view.BeanNameViewResolver; SearchStrategy: all) did not find any beans (OnBeanCondition)

   ErrorMvcAutoConfiguration.WhitelabelErrorViewConfiguration#defaultErrorView matched:
      - @ConditionalOnMissingBean (names: error; SearchStrategy: all) did not find any beans (OnBeanCondition)

   GenericCacheConfiguration matched:
      - Cache org.springframework.boot.autoconfigure.cache.GenericCacheConfiguration automatic cache type (CacheCondition)

   HttpEncodingAutoConfiguration matched:
      - @ConditionalOnClass found required class 'org.springframework.web.filter.CharacterEncodingFilter' (OnClassCondition)
      - found 'session' scope (OnWebApplicationCondition)
      - @ConditionalOnProperty (server.servlet.encoding.enabled) matched (OnPropertyCondition)

   HttpEncodingAutoConfiguration#characterEncodingFilter matched:
      - @ConditionalOnMissingBean (types: org.springframework.web.filter.CharacterEncodingFilter; SearchStrategy: all) did not find any beans (OnBeanCondition)

   HttpMessageConvertersAutoConfiguration matched:
      - @ConditionalOnClass found required class 'org.springframework.http.converter.HttpMessageConverter' (OnClassCondition)
      - NoneNestedConditions 0 matched 1 did not; NestedCondition on HttpMessageConvertersAutoConfiguration.NotReactiveWebApplicationCondition.ReactiveWebApplication did not find reactive web application classes (HttpMessageConvertersAutoConfiguration.NotReactiveWebApplicationCondition)

   HttpMessageConvertersAutoConfiguration#messageConverters matched:
      - @ConditionalOnMissingBean (types: org.springframework.boot.autoconfigure.http.HttpMessageConverters; SearchStrategy: all) did not find any beans (OnBeanCondition)

   HttpMessageConvertersAutoConfiguration.StringHttpMessageConverterConfiguration matched:
      - @ConditionalOnClass found required class 'org.springframework.http.converter.StringHttpMessageConverter' (OnClassCondition)

   HttpMessageConvertersAutoConfiguration.StringHttpMessageConverterConfiguration#stringHttpMessageConverter matched:
      - @ConditionalOnMissingBean (types: org.springframework.http.converter.StringHttpMessageConverter; SearchStrategy: all) did not find any beans (OnBeanCondition)

   JacksonAutoConfiguration matched:
      - @ConditionalOnClass found required class 'com.fasterxml.jackson.databind.ObjectMapper' (OnClassCondition)

   JacksonAutoConfiguration.Jackson2ObjectMapperBuilderCustomizerConfiguration matched:
      - @ConditionalOnClass found required class 'org.springframework.http.converter.json.Jackson2ObjectMapperBuilder' (OnClassCondition)

   JacksonAutoConfiguration.JacksonObjectMapperBuilderConfiguration matched:
      - @ConditionalOnClass found required class 'org.springframework.http.converter.json.Jackson2ObjectMapperBuilder' (OnClassCondition)

   JacksonAutoConfiguration.JacksonObjectMapperBuilderConfiguration#jacksonObjectMapperBuilder matched:
      - @ConditionalOnMissingBean (types: org.springframework.http.converter.json.Jackson2ObjectMapperBuilder; SearchStrategy: all) did not find any beans (OnBeanCondition)

   JacksonAutoConfiguration.JacksonObjectMapperConfiguration matched:
      - @ConditionalOnClass found required class 'org.springframework.http.converter.json.Jackson2ObjectMapperBuilder' (OnClassCondition)

   JacksonAutoConfiguration.JacksonObjectMapperConfiguration#jacksonObjectMapper matched:
      - @ConditionalOnMissingBean (types: com.fasterxml.jackson.databind.ObjectMapper; SearchStrategy: all) did not find any beans (OnBeanCondition)

   JacksonAutoConfiguration.ParameterNamesModuleConfiguration matched:
      - @ConditionalOnClass found required class 'com.fasterxml.jackson.module.paramnames.ParameterNamesModule' (OnClassCondition)

   JacksonAutoConfiguration.ParameterNamesModuleConfiguration#parameterNamesModule matched:
      - @ConditionalOnMissingBean (types: com.fasterxml.jackson.module.paramnames.ParameterNamesModule; SearchStrategy: all) did not find any beans (OnBeanCondition)

   JacksonHttpMessageConvertersConfiguration.MappingJackson2HttpMessageConverterConfiguration matched:
      - @ConditionalOnClass found required class 'com.fasterxml.jackson.databind.ObjectMapper' (OnClassCondition)
      - @ConditionalOnProperty (spring.mvc.converters.preferred-json-mapper=jackson) matched (OnPropertyCondition)
      - @ConditionalOnBean (types: com.fasterxml.jackson.databind.ObjectMapper; SearchStrategy: all) found bean 'jacksonObjectMapper' (OnBeanCondition)

   JacksonHttpMessageConvertersConfiguration.MappingJackson2HttpMessageConverterConfiguration#mappingJackson2HttpMessageConverter matched:
      - @ConditionalOnMissingBean (types: org.springframework.http.converter.json.MappingJackson2HttpMessageConverter ignored: org.springframework.hateoas.server.mvc.TypeConstrainedMappingJackson2HttpMessageConverter,org.springframework.data.rest.webmvc.alps.AlpsJsonHttpMessageConverter; SearchStrategy: all) did not find any beans (OnBeanCondition)

   JmxAutoConfiguration matched:
      - @ConditionalOnClass found required class 'org.springframework.jmx.export.MBeanExporter' (OnClassCondition)
      - @ConditionalOnProperty (spring.jmx.enabled=true) matched (OnPropertyCondition)

   JmxAutoConfiguration#mbeanExporter matched:
      - @ConditionalOnMissingBean (types: org.springframework.jmx.export.MBeanExporter; SearchStrategy: current) did not find any beans (OnBeanCondition)

   JmxAutoConfiguration#mbeanServer matched:
      - @ConditionalOnMissingBean (types: javax.management.MBeanServer; SearchStrategy: all) did not find any beans (OnBeanCondition)

   JmxAutoConfiguration#objectNamingStrategy matched:
      - @ConditionalOnMissingBean (types: org.springframework.jmx.export.naming.ObjectNamingStrategy; SearchStrategy: current) did not find any beans (OnBeanCondition)

   LifecycleAutoConfiguration#defaultLifecycleProcessor matched:
      - @ConditionalOnMissingBean (names: lifecycleProcessor; SearchStrategy: current) did not find any beans (OnBeanCondition)

   LifecycleMvcEndpointAutoConfiguration#environmentManager matched:
      - @ConditionalOnMissingBean (types: org.springframework.cloud.context.environment.EnvironmentManager; SearchStrategy: all) did not find any beans (OnBeanCondition)

   MultipartAutoConfiguration matched:
      - @ConditionalOnClass found required classes 'javax.servlet.Servlet', 'org.springframework.web.multipart.support.StandardServletMultipartResolver', 'javax.servlet.MultipartConfigElement' (OnClassCondition)
      - found 'session' scope (OnWebApplicationCondition)
      - @ConditionalOnProperty (spring.servlet.multipart.enabled) matched (OnPropertyCondition)

   MultipartAutoConfiguration#multipartConfigElement matched:
      - @ConditionalOnMissingBean (types: javax.servlet.MultipartConfigElement,org.springframework.web.multipart.commons.CommonsMultipartResolver; SearchStrategy: all) did not find any beans (OnBeanCondition)

   MultipartAutoConfiguration#multipartResolver matched:
      - @ConditionalOnMissingBean (types: org.springframework.web.multipart.MultipartResolver; SearchStrategy: all) did not find any beans (OnBeanCondition)

   NoOpCacheConfiguration matched:
      - Cache org.springframework.boot.autoconfigure.cache.NoOpCacheConfiguration automatic cache type (CacheCondition)

   PropertyPlaceholderAutoConfiguration#propertySourcesPlaceholderConfigurer matched:
      - @ConditionalOnMissingBean (types: org.springframework.context.support.PropertySourcesPlaceholderConfigurer; SearchStrategy: current) did not find any beans (OnBeanCondition)

   RefreshAutoConfiguration matched:
      - @ConditionalOnClass found required class 'org.springframework.cloud.context.scope.refresh.RefreshScope' (OnClassCondition)
      - @ConditionalOnProperty (spring.cloud.refresh.enabled) matched (OnPropertyCondition)

   RefreshAutoConfiguration#contextRefresher matched:
      - @ConditionalOnMissingBean (types: org.springframework.cloud.context.refresh.ContextRefresher; SearchStrategy: all) did not find any beans (OnBeanCondition)

   RefreshAutoConfiguration#loggingRebinder matched:
      - @ConditionalOnMissingBean (types: org.springframework.cloud.logging.LoggingRebinder; SearchStrategy: all) did not find any beans (OnBeanCondition)

   RefreshAutoConfiguration#refreshScope matched:
      - @ConditionalOnMissingBean (types: org.springframework.cloud.context.scope.refresh.RefreshScope; SearchStrategy: all) did not find any beans (OnBeanCondition)

   RestTemplateAutoConfiguration matched:
      - @ConditionalOnClass found required class 'org.springframework.web.client.RestTemplate' (OnClassCondition)
      - NoneNestedConditions 0 matched 1 did not; NestedCondition on RestTemplateAutoConfiguration.NotReactiveWebApplicationCondition.ReactiveWebApplication did not find reactive web application classes (RestTemplateAutoConfiguration.NotReactiveWebApplicationCondition)

   RestTemplateAutoConfiguration#restTemplateBuilder matched:
      - @ConditionalOnMissingBean (types: org.springframework.boot.web.client.RestTemplateBuilder; SearchStrategy: all) did not find any beans (OnBeanCondition)

   ServletWebServerFactoryAutoConfiguration matched:
      - @ConditionalOnClass found required class 'javax.servlet.ServletRequest' (OnClassCondition)
      - found 'session' scope (OnWebApplicationCondition)

   ServletWebServerFactoryAutoConfiguration#tomcatServletWebServerFactoryCustomizer matched:
      - @ConditionalOnClass found required class 'org.apache.catalina.startup.Tomcat' (OnClassCondition)

   ServletWebServerFactoryConfiguration.EmbeddedTomcat matched:
      - @ConditionalOnClass found required classes 'javax.servlet.Servlet', 'org.apache.catalina.startup.Tomcat', 'org.apache.coyote.UpgradeProtocol' (OnClassCondition)
      - @ConditionalOnMissingBean (types: org.springframework.boot.web.servlet.server.ServletWebServerFactory; SearchStrategy: current) did not find any beans (OnBeanCondition)

   SimpleCacheConfiguration matched:
      - Cache org.springframework.boot.autoconfigure.cache.SimpleCacheConfiguration automatic cache type (CacheCondition)

   SpringApplicationAdminJmxAutoConfiguration matched:
      - @ConditionalOnProperty (spring.application.admin.enabled=true) matched (OnPropertyCondition)

   SpringApplicationAdminJmxAutoConfiguration#springApplicationAdminRegistrar matched:
      - @ConditionalOnMissingBean (types: org.springframework.boot.admin.SpringApplicationAdminMXBeanRegistrar; SearchStrategy: all) did not find any beans (OnBeanCondition)

   TaskExecutionAutoConfiguration matched:
      - @ConditionalOnClass found required class 'org.springframework.scheduling.concurrent.ThreadPoolTaskExecutor' (OnClassCondition)

   TaskExecutionAutoConfiguration#applicationTaskExecutor matched:
      - @ConditionalOnMissingBean (types: java.util.concurrent.Executor; SearchStrategy: all) did not find any beans (OnBeanCondition)

   TaskExecutionAutoConfiguration#taskExecutorBuilder matched:
      - @ConditionalOnMissingBean (types: org.springframework.boot.task.TaskExecutorBuilder; SearchStrategy: all) did not find any beans (OnBeanCondition)

   TaskSchedulingAutoConfiguration matched:
      - @ConditionalOnClass found required class 'org.springframework.scheduling.concurrent.ThreadPoolTaskScheduler' (OnClassCondition)

   TaskSchedulingAutoConfiguration#taskSchedulerBuilder matched:
      - @ConditionalOnMissingBean (types: org.springframework.boot.task.TaskSchedulerBuilder; SearchStrategy: all) did not find any beans (OnBeanCondition)

   ValidationAutoConfiguration matched:
      - @ConditionalOnClass found required class 'javax.validation.executable.ExecutableValidator' (OnClassCondition)
      - @ConditionalOnResource found location classpath:META-INF/services/javax.validation.spi.ValidationProvider (OnResourceCondition)

   ValidationAutoConfiguration#defaultValidator matched:
      - @ConditionalOnMissingBean (types: javax.validation.Validator; SearchStrategy: all) did not find any beans (OnBeanCondition)

   ValidationAutoConfiguration#methodValidationPostProcessor matched:
      - @ConditionalOnMissingBean (types: org.springframework.validation.beanvalidation.MethodValidationPostProcessor; SearchStrategy: all) did not find any beans (OnBeanCondition)

   WebMvcAutoConfiguration matched:
      - @ConditionalOnClass found required classes 'javax.servlet.Servlet', 'org.springframework.web.servlet.DispatcherServlet', 'org.springframework.web.servlet.config.annotation.WebMvcConfigurer' (OnClassCondition)
      - found 'session' scope (OnWebApplicationCondition)
      - @ConditionalOnMissingBean (types: org.springframework.web.servlet.config.annotation.WebMvcConfigurationSupport; SearchStrategy: all) did not find any beans (OnBeanCondition)

   WebMvcAutoConfiguration#formContentFilter matched:
      - @ConditionalOnProperty (spring.mvc.formcontent.filter.enabled) matched (OnPropertyCondition)
      - @ConditionalOnMissingBean (types: org.springframework.web.filter.FormContentFilter; SearchStrategy: all) did not find any beans (OnBeanCondition)

   WebMvcAutoConfiguration.WebMvcAutoConfigurationAdapter#defaultViewResolver matched:
      - @ConditionalOnMissingBean (types: org.springframework.web.servlet.view.InternalResourceViewResolver; SearchStrategy: all) did not find any beans (OnBeanCondition)

   WebMvcAutoConfiguration.WebMvcAutoConfigurationAdapter#requestContextFilter matched:
      - @ConditionalOnMissingBean (types: org.springframework.web.context.request.RequestContextListener,org.springframework.web.filter.RequestContextFilter; SearchStrategy: all) did not find any beans (OnBeanCondition)

   WebMvcAutoConfiguration.WebMvcAutoConfigurationAdapter#viewResolver matched:
      - @ConditionalOnBean (types: org.springframework.web.servlet.ViewResolver; SearchStrategy: all) found beans 'defaultViewResolver', 'beanNameViewResolver', 'mvcViewResolver'; @ConditionalOnMissingBean (names: viewResolver types: org.springframework.web.servlet.view.ContentNegotiatingViewResolver; SearchStrategy: all) did not find any beans (OnBeanCondition)

   WebSocketServletAutoConfiguration matched:
      - @ConditionalOnClass found required classes 'javax.servlet.Servlet', 'javax.websocket.server.ServerContainer' (OnClassCondition)
      - found 'session' scope (OnWebApplicationCondition)

   WebSocketServletAutoConfiguration.TomcatWebSocketConfiguration matched:
      - @ConditionalOnClass found required classes 'org.apache.catalina.startup.Tomcat', 'org.apache.tomcat.websocket.server.WsSci' (OnClassCondition)

   WebSocketServletAutoConfiguration.TomcatWebSocketConfiguration#websocketServletWebServerCustomizer matched:
      - @ConditionalOnMissingBean (names: websocketServletWebServerCustomizer; SearchStrategy: all) did not find any beans (OnBeanCondition)


Negative matches:
-----------------

   ActiveMQAutoConfiguration:
      Did not match:
         - @ConditionalOnClass did not find required class 'javax.jms.ConnectionFactory' (OnClassCondition)

   AopAutoConfiguration.AspectJAutoProxyingConfiguration:
      Did not match:
         - @ConditionalOnClass did not find required class 'org.aspectj.weaver.Advice' (OnClassCondition)

   ArtemisAutoConfiguration:
      Did not match:
         - @ConditionalOnClass did not find required class 'javax.jms.ConnectionFactory' (OnClassCondition)

   BatchAutoConfiguration:
      Did not match:
         - @ConditionalOnClass did not find required class 'org.springframework.batch.core.launch.JobLauncher' (OnClassCondition)

   CacheAutoConfiguration:
      Did not match:
         - @ConditionalOnBean (types: org.springframework.cache.interceptor.CacheAspectSupport; SearchStrategy: all) did not find any beans of type org.springframework.cache.interceptor.CacheAspectSupport (OnBeanCondition)
      Matched:
         - @ConditionalOnClass found required class 'org.springframework.cache.CacheManager' (OnClassCondition)

   CacheAutoConfiguration.CacheManagerEntityManagerFactoryDependsOnPostProcessor:
      Did not match:
         - @ConditionalOnClass did not find required class 'org.springframework.orm.jpa.LocalContainerEntityManagerFactoryBean' (OnClassCondition)
         - Ancestor org.springframework.boot.autoconfigure.cache.CacheAutoConfiguration did not match (ConditionEvaluationReport.AncestorsMatchedCondition)

   CaffeineCacheConfiguration:
      Did not match:
         - @ConditionalOnClass did not find required class 'com.github.benmanes.caffeine.cache.Caffeine' (OnClassCondition)

   CassandraAutoConfiguration:
      Did not match:
         - @ConditionalOnClass did not find required class 'com.datastax.oss.driver.api.core.CqlSession' (OnClassCondition)

   CassandraDataAutoConfiguration:
      Did not match:
         - @ConditionalOnClass did not find required class 'com.datastax.oss.driver.api.core.CqlSession' (OnClassCondition)

   CassandraReactiveDataAutoConfiguration:
      Did not match:
         - @ConditionalOnClass did not find required class 'com.datastax.oss.driver.api.core.CqlSession' (OnClassCondition)

   CassandraReactiveRepositoriesAutoConfiguration:
      Did not match:
         - @ConditionalOnClass did not find required class 'org.springframework.data.cassandra.ReactiveSession' (OnClassCondition)

   CassandraRepositoriesAutoConfiguration:
      Did not match:
         - @ConditionalOnClass did not find required class 'com.datastax.oss.driver.api.core.CqlSession' (OnClassCondition)

   ClientHttpConnectorAutoConfiguration:
      Did not match:
         - @ConditionalOnClass did not find required class 'org.springframework.web.reactive.function.client.WebClient' (OnClassCondition)

   CodecsAutoConfiguration:
      Did not match:
         - @ConditionalOnClass did not find required class 'org.springframework.web.reactive.function.client.WebClient' (OnClassCondition)

   CouchbaseAutoConfiguration:
      Did not match:
         - @ConditionalOnClass did not find required class 'com.couchbase.client.java.Cluster' (OnClassCondition)

   CouchbaseCacheConfiguration:
      Did not match:
         - @ConditionalOnClass did not find required class 'com.couchbase.client.java.Cluster' (OnClassCondition)

   CouchbaseDataAutoConfiguration:
      Did not match:
         - @ConditionalOnClass did not find required class 'com.couchbase.client.java.Bucket' (OnClassCondition)

   CouchbaseReactiveDataAutoConfiguration:
      Did not match:
         - @ConditionalOnClass did not find required class 'com.couchbase.client.java.Cluster' (OnClassCondition)

   CouchbaseReactiveRepositoriesAutoConfiguration:
      Did not match:
         - @ConditionalOnClass did not find required class 'com.couchbase.client.java.Cluster' (OnClassCondition)

   CouchbaseRepositoriesAutoConfiguration:
      Did not match:
         - @ConditionalOnClass did not find required class 'com.couchbase.client.java.Bucket' (OnClassCondition)

   DataSourceAutoConfiguration:
      Did not match:
         - @ConditionalOnClass did not find required class 'org.springframework.jdbc.datasource.embedded.EmbeddedDatabaseType' (OnClassCondition)

   DataSourceTransactionManagerAutoConfiguration:
      Did not match:
         - @ConditionalOnClass did not find required class 'org.springframework.jdbc.core.JdbcTemplate' (OnClassCondition)

   DispatcherServletAutoConfiguration.DispatcherServletConfiguration#multipartResolver:
      Did not match:
         - @ConditionalOnBean (types: org.springframework.web.multipart.MultipartResolver; SearchStrategy: all) did not find any beans of type org.springframework.web.multipart.MultipartResolver (OnBeanCondition)

   EhCacheCacheConfiguration:
      Did not match:
         - @ConditionalOnClass did not find required class 'net.sf.ehcache.Cache' (OnClassCondition)

   ElasticsearchDataAutoConfiguration:
      Did not match:
         - @ConditionalOnClass did not find required class 'org.springframework.data.elasticsearch.core.ElasticsearchTemplate' (OnClassCondition)

   ElasticsearchRepositoriesAutoConfiguration:
      Did not match:
         - @ConditionalOnClass did not find required class 'org.elasticsearch.client.Client' (OnClassCondition)

   ElasticsearchRestClientAutoConfiguration:
      Did not match:
         - @ConditionalOnClass did not find required class 'org.elasticsearch.client.RestClient' (OnClassCondition)

   EmbeddedLdapAutoConfiguration:
      Did not match:
         - @ConditionalOnClass did not find required class 'com.unboundid.ldap.listener.InMemoryDirectoryServer' (OnClassCondition)

   EmbeddedMongoAutoConfiguration:
      Did not match:
         - @ConditionalOnClass did not find required class 'com.mongodb.MongoClientSettings' (OnClassCondition)

   EmbeddedWebServerFactoryCustomizerAutoConfiguration.JettyWebServerFactoryCustomizerConfiguration:
      Did not match:
         - @ConditionalOnClass did not find required classes 'org.eclipse.jetty.server.Server', 'org.eclipse.jetty.util.Loader', 'org.eclipse.jetty.webapp.WebAppContext' (OnClassCondition)

   EmbeddedWebServerFactoryCustomizerAutoConfiguration.NettyWebServerFactoryCustomizerConfiguration:
      Did not match:
         - @ConditionalOnClass did not find required class 'reactor.netty.http.server.HttpServer' (OnClassCondition)

   EmbeddedWebServerFactoryCustomizerAutoConfiguration.UndertowWebServerFactoryCustomizerConfiguration:
      Did not match:
         - @ConditionalOnClass did not find required classes 'io.undertow.Undertow', 'org.xnio.SslClientAuthMode' (OnClassCondition)

   ErrorWebFluxAutoConfiguration:
      Did not match:
         - @ConditionalOnClass did not find required class 'org.springframework.web.reactive.config.WebFluxConfigurer' (OnClassCondition)

   FlywayAutoConfiguration:
      Did not match:
         - @ConditionalOnClass did not find required class 'org.flywaydb.core.Flyway' (OnClassCondition)

   FreeMarkerAutoConfiguration:
      Did not match:
         - @ConditionalOnClass did not find required class 'freemarker.template.Configuration' (OnClassCondition)

   GroovyTemplateAutoConfiguration:
      Did not match:
         - @ConditionalOnClass did not find required class 'groovy.text.markup.MarkupTemplateEngine' (OnClassCondition)

   GsonAutoConfiguration:
      Did not match:
         - @ConditionalOnClass did not find required class 'com.google.gson.Gson' (OnClassCondition)

   GsonHttpMessageConvertersConfiguration:
      Did not match:
         - @ConditionalOnClass did not find required class 'com.google.gson.Gson' (OnClassCondition)

   H2ConsoleAutoConfiguration:
      Did not match:
         - @ConditionalOnClass did not find required class 'org.h2.server.web.WebServlet' (OnClassCondition)

   HazelcastAutoConfiguration:
      Did not match:
         - @ConditionalOnClass did not find required class 'com.hazelcast.core.HazelcastInstance' (OnClassCondition)

   HazelcastCacheConfiguration:
      Did not match:
         - @ConditionalOnClass did not find required class 'com.hazelcast.core.HazelcastInstance' (OnClassCondition)

   HazelcastJpaDependencyAutoConfiguration:
      Did not match:
         - @ConditionalOnClass did not find required class 'com.hazelcast.core.HazelcastInstance' (OnClassCondition)

   HibernateJpaAutoConfiguration:
      Did not match:
         - @ConditionalOnClass did not find required class 'javax.persistence.EntityManager' (OnClassCondition)

   HttpHandlerAutoConfiguration:
      Did not match:
         - @ConditionalOnClass did not find required class 'org.springframework.web.reactive.DispatcherHandler' (OnClassCondition)

   HypermediaAutoConfiguration:
      Did not match:
         - @ConditionalOnClass did not find required class 'org.springframework.hateoas.EntityModel' (OnClassCondition)

   InfinispanCacheConfiguration:
      Did not match:
         - @ConditionalOnClass did not find required class 'org.infinispan.spring.embedded.provider.SpringEmbeddedCacheManager' (OnClassCondition)

   InfluxDbAutoConfiguration:
      Did not match:
         - @ConditionalOnClass did not find required class 'org.influxdb.InfluxDB' (OnClassCondition)

   IntegrationAutoConfiguration:
      Did not match:
         - @ConditionalOnClass did not find required class 'org.springframework.integration.config.EnableIntegration' (OnClassCondition)

   JCacheCacheConfiguration:
      Did not match:
         - @ConditionalOnClass did not find required class 'javax.cache.Caching' (OnClassCondition)

   JacksonHttpMessageConvertersConfiguration.MappingJackson2XmlHttpMessageConverterConfiguration:
      Did not match:
         - @ConditionalOnClass did not find required class 'com.fasterxml.jackson.dataformat.xml.XmlMapper' (OnClassCondition)

   JdbcRepositoriesAutoConfiguration:
      Did not match:
         - @ConditionalOnClass did not find required class 'org.springframework.data.jdbc.repository.config.AbstractJdbcConfiguration' (OnClassCondition)

   JdbcTemplateAutoConfiguration:
      Did not match:
         - @ConditionalOnClass did not find required class 'org.springframework.jdbc.core.JdbcTemplate' (OnClassCondition)

   JerseyAutoConfiguration:
      Did not match:
         - @ConditionalOnClass did not find required class 'org.glassfish.jersey.server.spring.SpringComponentProvider' (OnClassCondition)

   JmsAutoConfiguration:
      Did not match:
         - @ConditionalOnClass did not find required class 'javax.jms.Message' (OnClassCondition)

   JndiConnectionFactoryAutoConfiguration:
      Did not match:
         - @ConditionalOnClass did not find required class 'org.springframework.jms.core.JmsTemplate' (OnClassCondition)

   JndiDataSourceAutoConfiguration:
      Did not match:
         - @ConditionalOnClass did not find required class 'org.springframework.jdbc.datasource.embedded.EmbeddedDatabaseType' (OnClassCondition)

   JooqAutoConfiguration:
      Did not match:
         - @ConditionalOnClass did not find required class 'org.jooq.DSLContext' (OnClassCondition)

   JpaRepositoriesAutoConfiguration:
      Did not match:
         - @ConditionalOnClass did not find required class 'org.springframework.data.jpa.repository.JpaRepository' (OnClassCondition)

   JsonbAutoConfiguration:
      Did not match:
         - @ConditionalOnClass did not find required class 'javax.json.bind.Jsonb' (OnClassCondition)

   JsonbHttpMessageConvertersConfiguration:
      Did not match:
         - @ConditionalOnClass did not find required class 'javax.json.bind.Jsonb' (OnClassCondition)

   JtaAutoConfiguration:
      Did not match:
         - @ConditionalOnClass did not find required class 'javax.transaction.Transaction' (OnClassCondition)

   KafkaAutoConfiguration:
      Did not match:
         - @ConditionalOnClass did not find required class 'org.springframework.kafka.core.KafkaTemplate' (OnClassCondition)

   LdapAutoConfiguration:
      Did not match:
         - @ConditionalOnClass did not find required class 'org.springframework.ldap.core.ContextSource' (OnClassCondition)

   LdapRepositoriesAutoConfiguration:
      Did not match:
         - @ConditionalOnClass did not find required class 'org.springframework.data.ldap.repository.LdapRepository' (OnClassCondition)

   LiquibaseAutoConfiguration:
      Did not match:
         - @ConditionalOnClass did not find required class 'liquibase.change.DatabaseChange' (OnClassCondition)

   MailSenderAutoConfiguration:
      Did not match:
         - @ConditionalOnClass did not find required class 'javax.mail.internet.MimeMessage' (OnClassCondition)

   MailSenderValidatorAutoConfiguration:
      Did not match:
         - @ConditionalOnSingleCandidate did not find required type 'org.springframework.mail.javamail.JavaMailSenderImpl' (OnBeanCondition)

   MessageSourceAutoConfiguration:
      Did not match:
         - ResourceBundle did not find bundle with basename messages (MessageSourceAutoConfiguration.ResourceBundleCondition)

   MongoAutoConfiguration:
      Did not match:
         - @ConditionalOnClass did not find required class 'com.mongodb.client.MongoClient' (OnClassCondition)

   MongoDataAutoConfiguration:
      Did not match:
         - @ConditionalOnClass did not find required class 'com.mongodb.client.MongoClient' (OnClassCondition)

   MongoReactiveAutoConfiguration:
      Did not match:
         - @ConditionalOnClass did not find required class 'com.mongodb.reactivestreams.client.MongoClient' (OnClassCondition)

   MongoReactiveDataAutoConfiguration:
      Did not match:
         - @ConditionalOnClass did not find required class 'com.mongodb.reactivestreams.client.MongoClient' (OnClassCondition)

   MongoReactiveRepositoriesAutoConfiguration:
      Did not match:
         - @ConditionalOnClass did not find required class 'com.mongodb.reactivestreams.client.MongoClient' (OnClassCondition)

   MongoRepositoriesAutoConfiguration:
      Did not match:
         - @ConditionalOnClass did not find required class 'com.mongodb.client.MongoClient' (OnClassCondition)

   MustacheAutoConfiguration:
      Did not match:
         - @ConditionalOnClass did not find required class 'com.samskivert.mustache.Mustache' (OnClassCondition)

   Neo4jDataAutoConfiguration:
      Did not match:
         - @ConditionalOnClass did not find required class 'org.neo4j.ogm.session.SessionFactory' (OnClassCondition)

   Neo4jRepositoriesAutoConfiguration:
      Did not match:
         - @ConditionalOnClass did not find required class 'org.neo4j.ogm.session.Neo4jSession' (OnClassCondition)

   OAuth2ClientAutoConfiguration:
      Did not match:
         - @ConditionalOnClass did not find required class 'org.springframework.security.config.annotation.web.configuration.EnableWebSecurity' (OnClassCondition)

   OAuth2ResourceServerAutoConfiguration:
      Did not match:
         - @ConditionalOnClass did not find required class 'org.springframework.security.oauth2.server.resource.BearerTokenAuthenticationToken' (OnClassCondition)

   PersistenceExceptionTranslationAutoConfiguration:
      Did not match:
         - @ConditionalOnClass did not find required class 'org.springframework.dao.annotation.PersistenceExceptionTranslationPostProcessor' (OnClassCondition)

   ProjectInfoAutoConfiguration#buildProperties:
      Did not match:
         - @ConditionalOnResource did not find resource '${spring.info.build.location:classpath:META-INF/build-info.properties}' (OnResourceCondition)

   ProjectInfoAutoConfiguration#gitProperties:
      Did not match:
         - GitResource did not find git info at classpath:git.properties (ProjectInfoAutoConfiguration.GitResourceAvailableCondition)

   QuartzAutoConfiguration:
      Did not match:
         - @ConditionalOnClass did not find required class 'org.quartz.Scheduler' (OnClassCondition)

   R2dbcAutoConfiguration:
      Did not match:
         - @ConditionalOnClass did not find required class 'io.r2dbc.spi.ConnectionFactory' (OnClassCondition)

   R2dbcDataAutoConfiguration:
      Did not match:
         - @ConditionalOnClass did not find required class 'org.springframework.data.r2dbc.core.DatabaseClient' (OnClassCondition)

   R2dbcRepositoriesAutoConfiguration:
      Did not match:
         - @ConditionalOnClass did not find required class 'io.r2dbc.spi.ConnectionFactory' (OnClassCondition)

   R2dbcTransactionManagerAutoConfiguration:
      Did not match:
         - @ConditionalOnClass did not find required class 'org.springframework.data.r2dbc.connectionfactory.R2dbcTransactionManager' (OnClassCondition)

   RSocketMessagingAutoConfiguration:
      Did not match:
         - @ConditionalOnClass did not find required class 'io.rsocket.RSocketFactory' (OnClassCondition)

   RSocketRequesterAutoConfiguration:
      Did not match:
         - @ConditionalOnClass did not find required class 'io.rsocket.RSocketFactory' (OnClassCondition)

   RSocketSecurityAutoConfiguration:
      Did not match:
         - @ConditionalOnClass did not find required class 'org.springframework.security.rsocket.core.SecuritySocketAcceptorInterceptor' (OnClassCondition)

   RSocketServerAutoConfiguration:
      Did not match:
         - @ConditionalOnClass did not find required class 'io.rsocket.core.RSocketServer' (OnClassCondition)

   RSocketStrategiesAutoConfiguration:
      Did not match:
         - @ConditionalOnClass did not find required class 'io.netty.buffer.PooledByteBufAllocator' (OnClassCondition)

   RabbitAutoConfiguration:
      Did not match:
         - @ConditionalOnClass did not find required class 'com.rabbitmq.client.Channel' (OnClassCondition)

   ReactiveElasticsearchRepositoriesAutoConfiguration:
      Did not match:
         - @ConditionalOnClass did not find required class 'org.springframework.data.elasticsearch.client.reactive.ReactiveElasticsearchClient' (OnClassCondition)

   ReactiveElasticsearchRestClientAutoConfiguration:
      Did not match:
         - @ConditionalOnClass did not find required class 'reactor.netty.http.client.HttpClient' (OnClassCondition)

   ReactiveOAuth2ClientAutoConfiguration:
      Did not match:
         - @ConditionalOnClass did not find required class 'reactor.core.publisher.Flux' (OnClassCondition)

   ReactiveOAuth2ResourceServerAutoConfiguration:
      Did not match:
         - @ConditionalOnClass did not find required class 'org.springframework.security.config.annotation.web.reactive.EnableWebFluxSecurity' (OnClassCondition)

   ReactiveSecurityAutoConfiguration:
      Did not match:
         - @ConditionalOnClass did not find required class 'reactor.core.publisher.Flux' (OnClassCondition)

   ReactiveUserDetailsServiceAutoConfiguration:
      Did not match:
         - @ConditionalOnClass did not find required class 'org.springframework.security.authentication.ReactiveAuthenticationManager' (OnClassCondition)

   ReactiveWebServerFactoryAutoConfiguration:
      Did not match:
         - @ConditionalOnWebApplication did not find reactive web application classes (OnWebApplicationCondition)

   RedisAutoConfiguration:
      Did not match:
         - @ConditionalOnClass did not find required class 'org.springframework.data.redis.core.RedisOperations' (OnClassCondition)

   RedisCacheConfiguration:
      Did not match:
         - @ConditionalOnClass did not find required class 'org.springframework.data.redis.connection.RedisConnectionFactory' (OnClassCondition)

   RedisReactiveAutoConfiguration:
      Did not match:
         - @ConditionalOnClass did not find required class 'reactor.core.publisher.Flux' (OnClassCondition)

   RedisRepositoriesAutoConfiguration:
      Did not match:
         - @ConditionalOnClass did not find required class 'org.springframework.data.redis.repository.configuration.EnableRedisRepositories' (OnClassCondition)

   RefreshAutoConfiguration.JpaInvokerConfiguration:
      Did not match:
         - @ConditionalOnClass did not find required class 'javax.persistence.EntityManagerFactory' (OnClassCondition)

   RefreshEndpointAutoConfiguration:
      Did not match:
         - @ConditionalOnClass did not find required class 'org.springframework.boot.actuate.autoconfigure.endpoint.EndpointAutoConfiguration' (OnClassCondition)

   RepositoryRestMvcAutoConfiguration:
      Did not match:
         - @ConditionalOnClass did not find required class 'org.springframework.data.rest.webmvc.config.RepositoryRestMvcConfiguration' (OnClassCondition)

   Saml2RelyingPartyAutoConfiguration:
      Did not match:
         - @ConditionalOnClass did not find required class 'org.springframework.security.saml2.provider.service.registration.RelyingPartyRegistrationRepository' (OnClassCondition)

   SecurityAutoConfiguration:
      Did not match:
         - @ConditionalOnClass did not find required class 'org.springframework.security.authentication.DefaultAuthenticationEventPublisher' (OnClassCondition)

   SecurityFilterAutoConfiguration:
      Did not match:
         - @ConditionalOnClass did not find required class 'org.springframework.security.config.http.SessionCreationPolicy' (OnClassCondition)

   SendGridAutoConfiguration:
      Did not match:
         - @ConditionalOnClass did not find required class 'com.sendgrid.SendGrid' (OnClassCondition)

   ServletWebServerFactoryAutoConfiguration#forwardedHeaderFilter:
      Did not match:
         - @ConditionalOnProperty (server.forward-headers-strategy=framework) did not find property 'server.forward-headers-strategy' (OnPropertyCondition)

   ServletWebServerFactoryConfiguration.EmbeddedJetty:
      Did not match:
         - @ConditionalOnClass did not find required classes 'org.eclipse.jetty.server.Server', 'org.eclipse.jetty.util.Loader', 'org.eclipse.jetty.webapp.WebAppContext' (OnClassCondition)

   ServletWebServerFactoryConfiguration.EmbeddedUndertow:
      Did not match:
         - @ConditionalOnClass did not find required classes 'io.undertow.Undertow', 'org.xnio.SslClientAuthMode' (OnClassCondition)

   SessionAutoConfiguration:
      Did not match:
         - @ConditionalOnClass did not find required class 'org.springframework.session.Session' (OnClassCondition)

   SolrAutoConfiguration:
      Did not match:
         - @ConditionalOnClass did not find required class 'org.apache.solr.client.solrj.impl.CloudSolrClient' (OnClassCondition)

   SolrRepositoriesAutoConfiguration:
      Did not match:
         - @ConditionalOnClass did not find required class 'org.apache.solr.client.solrj.SolrClient' (OnClassCondition)

   SpringDataWebAutoConfiguration:
      Did not match:
         - @ConditionalOnClass did not find required class 'org.springframework.data.web.PageableHandlerMethodArgumentResolver' (OnClassCondition)

   TaskSchedulingAutoConfiguration#taskScheduler:
      Did not match:
         - @ConditionalOnBean (names: org.springframework.context.annotation.internalScheduledAnnotationProcessor; SearchStrategy: all) did not find any beans named org.springframework.context.annotation.internalScheduledAnnotationProcessor (OnBeanCondition)

   ThymeleafAutoConfiguration:
      Did not match:
         - @ConditionalOnClass did not find required class 'org.thymeleaf.spring5.SpringTemplateEngine' (OnClassCondition)

   TransactionAutoConfiguration:
      Did not match:
         - @ConditionalOnClass did not find required class 'org.springframework.transaction.PlatformTransactionManager' (OnClassCondition)

   UserDetailsServiceAutoConfiguration:
      Did not match:
         - @ConditionalOnClass did not find required class 'org.springframework.security.authentication.AuthenticationManager' (OnClassCondition)

   WebClientAutoConfiguration:
      Did not match:
         - @ConditionalOnClass did not find required class 'org.springframework.web.reactive.function.client.WebClient' (OnClassCondition)

   WebFluxAutoConfiguration:
      Did not match:
         - @ConditionalOnClass did not find required class 'org.springframework.web.reactive.config.WebFluxConfigurer' (OnClassCondition)

   WebMvcAutoConfiguration#hiddenHttpMethodFilter:
      Did not match:
         - @ConditionalOnProperty (spring.mvc.hiddenmethod.filter.enabled) did not find property 'enabled' (OnPropertyCondition)

   WebMvcAutoConfiguration.ResourceChainCustomizerConfiguration:
      Did not match:
         - @ConditionalOnEnabledResourceChain did not find class org.webjars.WebJarAssetLocator (OnEnabledResourceChainCondition)

   WebMvcAutoConfiguration.WebMvcAutoConfigurationAdapter#beanNameViewResolver:
      Did not match:
         - @ConditionalOnMissingBean (types: org.springframework.web.servlet.view.BeanNameViewResolver; SearchStrategy: all) found beans of type 'org.springframework.web.servlet.view.BeanNameViewResolver' beanNameViewResolver (OnBeanCondition)

   WebMvcAutoConfiguration.WebMvcAutoConfigurationAdapter#localeResolver:
      Did not match:
         - @ConditionalOnProperty (spring.mvc.locale) did not find property 'locale' (OnPropertyCondition)

   WebServiceTemplateAutoConfiguration:
      Did not match:
         - @ConditionalOnClass did not find required class 'org.springframework.oxm.Marshaller' (OnClassCondition)

   WebServicesAutoConfiguration:
      Did not match:
         - @ConditionalOnClass did not find required class 'org.springframework.ws.transport.http.MessageDispatcherServlet' (OnClassCondition)

   WebSocketMessagingAutoConfiguration:
      Did not match:
         - @ConditionalOnClass did not find required class 'org.springframework.web.socket.config.annotation.WebSocketMessageBrokerConfigurer' (OnClassCondition)

   WebSocketReactiveAutoConfiguration:
      Did not match:
         - @ConditionalOnWebApplication did not find reactive web application classes (OnWebApplicationCondition)

   WebSocketServletAutoConfiguration.JettyWebSocketConfiguration:
      Did not match:
         - @ConditionalOnClass did not find required class 'org.eclipse.jetty.websocket.jsr356.server.deploy.WebSocketServerContainerInitializer' (OnClassCondition)

   WebSocketServletAutoConfiguration.UndertowWebSocketConfiguration:
      Did not match:
         - @ConditionalOnClass did not find required class 'io.undertow.websockets.jsr.Bootstrap' (OnClassCondition)

   WritableEnvironmentEndpointAutoConfiguration:
      Did not match:
         - @ConditionalOnClass did not find required class 'org.springframework.boot.actuate.autoconfigure.env.EnvironmentEndpointProperties' (OnClassCondition)

   XADataSourceAutoConfiguration:
      Did not match:
         - @ConditionalOnClass did not find required class 'javax.transaction.TransactionManager' (OnClassCondition)


Exclusions:
-----------

    None


Unconditional classes:
----------------------

    org.springframework.boot.autoconfigure.context.ConfigurationPropertiesAutoConfiguration

    org.springframework.boot.autoconfigure.context.LifecycleAutoConfiguration

    org.springframework.boot.autoconfigure.context.PropertyPlaceholderAutoConfiguration

    org.springframework.cloud.autoconfigure.LifecycleMvcEndpointAutoConfiguration

    org.springframework.boot.autoconfigure.availability.ApplicationAvailabilityAutoConfiguration

    org.springframework.boot.autoconfigure.info.ProjectInfoAutoConfiguration



2024-10-26 12:54:40,043 DEBUG [main][PropertySourcesPropertyResolver.java:115] - Found key 'spring.liveBeansView.mbeanDomain' in PropertySource 'systemProperties' with value of type String
2024-10-26 12:54:40,043 DEBUG [main][PropertySourcesPropertyResolver.java:115] - Found key 'spring.liveBeansView.mbeanDomain' in PropertySource 'systemProperties' with value of type String
2024-10-26 12:54:40,043 INFO [main][StartupInfoLogger.java:61] - Started ContentApplication in 0.891 seconds (JVM running for 1.402)
2024-10-26 12:54:40,043 INFO [main][StartupInfoLogger.java:61] - Started ContentApplication in 0.891 seconds (JVM running for 1.402)
2024-10-26 12:54:40,428 DEBUG [RMI TCP Connection(1)-192.168.99.13][PropertySourcesPropertyResolver.java:115] - Found key 'local.server.port' in PropertySource 'server.ports' with value of type Integer
2024-10-26 12:54:40,428 DEBUG [RMI TCP Connection(1)-192.168.99.13][PropertySourcesPropertyResolver.java:115] - Found key 'local.server.port' in PropertySource 'server.ports' with value of type Integer
2024-10-26 12:54:40,433 DEBUG [RMI TCP Connection(1)-192.168.99.13][PropertySourcesPropertyResolver.java:115] - Found key 'server.servlet.context-path' in PropertySource 'configurationProperties' with value of type String
2024-10-26 12:54:40,433 DEBUG [RMI TCP Connection(1)-192.168.99.13][PropertySourcesPropertyResolver.java:115] - Found key 'server.servlet.context-path' in PropertySource 'configurationProperties' with value of type String
