2024-10-26 14:35:46,536 DEBUG [main][ClasspathLoggingApplicationListener.java:51] - Application started with classpath: [file:/C:/Program%20Files/Java/jdk1.8.0_202/jre/lib/charsets.jar, file:/C:/Program%20Files/Java/jdk1.8.0_202/jre/lib/deploy.jar, file:/C:/Program%20Files/Java/jdk1.8.0_202/jre/lib/ext/access-bridge-64.jar, file:/C:/Program%20Files/Java/jdk1.8.0_202/jre/lib/ext/cldrdata.jar, file:/C:/Program%20Files/Java/jdk1.8.0_202/jre/lib/ext/dnsns.jar, file:/C:/Program%20Files/Java/jdk1.8.0_202/jre/lib/ext/jaccess.jar, file:/C:/Program%20Files/Java/jdk1.8.0_202/jre/lib/ext/jfxrt.jar, file:/C:/Program%20Files/Java/jdk1.8.0_202/jre/lib/ext/localedata.jar, file:/C:/Program%20Files/Java/jdk1.8.0_202/jre/lib/ext/nashorn.jar, file:/C:/Program%20Files/Java/jdk1.8.0_202/jre/lib/ext/sunec.jar, file:/C:/Program%20Files/Java/jdk1.8.0_202/jre/lib/ext/sunjce_provider.jar, file:/C:/Program%20Files/Java/jdk1.8.0_202/jre/lib/ext/sunmscapi.jar, file:/C:/Program%20Files/Java/jdk1.8.0_202/jre/lib/ext/sunpkcs11.jar, file:/C:/Program%20Files/Java/jdk1.8.0_202/jre/lib/ext/zipfs.jar, file:/C:/Program%20Files/Java/jdk1.8.0_202/jre/lib/javaws.jar, file:/C:/Program%20Files/Java/jdk1.8.0_202/jre/lib/jce.jar, file:/C:/Program%20Files/Java/jdk1.8.0_202/jre/lib/jfr.jar, file:/C:/Program%20Files/Java/jdk1.8.0_202/jre/lib/jfxswt.jar, file:/C:/Program%20Files/Java/jdk1.8.0_202/jre/lib/jsse.jar, file:/C:/Program%20Files/Java/jdk1.8.0_202/jre/lib/management-agent.jar, file:/C:/Program%20Files/Java/jdk1.8.0_202/jre/lib/plugin.jar, file:/C:/Program%20Files/Java/jdk1.8.0_202/jre/lib/resources.jar, file:/C:/Program%20Files/Java/jdk1.8.0_202/jre/lib/rt.jar, file:/D:/itcast2023/xc_edu3.1/code_402/xuecheng-plus-project/xuecheng-plus-content/xuecheng-plus-content-api/target/classes/, file:/D:/itcast2023/xc_edu3.1/code_402/xuecheng-plus-project/xuecheng-plus-content/xuecheng-plus-content-model/target/classes/, file:/D:/develop/repository/com/baomidou/mybatis-plus-annotation/3.4.1/mybatis-plus-annotation-3.4.1.jar, file:/D:/develop/repository/com/baomidou/mybatis-plus-core/3.4.1/mybatis-plus-core-3.4.1.jar, file:/D:/develop/repository/com/github/jsqlparser/jsqlparser/3.2/jsqlparser-3.2.jar, file:/D:/develop/repository/org/mybatis/mybatis/3.5.6/mybatis-3.5.6.jar, file:/D:/develop/repository/org/springframework/cloud/spring-cloud-context/2.2.6.RELEASE/spring-cloud-context-2.2.6.RELEASE.jar, file:/D:/develop/repository/org/springframework/security/spring-security-crypto/5.3.6.RELEASE/spring-security-crypto-5.3.6.RELEASE.jar, file:/D:/develop/repository/org/springframework/boot/spring-boot-starter-web/2.3.7.RELEASE/spring-boot-starter-web-2.3.7.RELEASE.jar, file:/D:/develop/repository/org/springframework/boot/spring-boot-starter-json/2.3.7.RELEASE/spring-boot-starter-json-2.3.7.RELEASE.jar, file:/D:/develop/repository/com/fasterxml/jackson/core/jackson-databind/2.11.3/jackson-databind-2.11.3.jar, file:/D:/develop/repository/org/springframework/boot/spring-boot-starter-tomcat/2.3.7.RELEASE/spring-boot-starter-tomcat-2.3.7.RELEASE.jar, file:/D:/develop/repository/org/apache/tomcat/embed/tomcat-embed-core/9.0.41/tomcat-embed-core-9.0.41.jar, file:/D:/develop/repository/org/apache/tomcat/embed/tomcat-embed-websocket/9.0.41/tomcat-embed-websocket-9.0.41.jar, file:/D:/develop/repository/org/springframework/spring-web/5.2.12.RELEASE/spring-web-5.2.12.RELEASE.jar, file:/D:/develop/repository/org/springframework/spring-beans/5.2.12.RELEASE/spring-beans-5.2.12.RELEASE.jar, file:/D:/develop/repository/org/springframework/spring-webmvc/5.2.12.RELEASE/spring-webmvc-5.2.12.RELEASE.jar, file:/D:/develop/repository/org/springframework/spring-aop/5.2.12.RELEASE/spring-aop-5.2.12.RELEASE.jar, file:/D:/develop/repository/org/springframework/spring-context/5.2.12.RELEASE/spring-context-5.2.12.RELEASE.jar, file:/D:/develop/repository/org/springframework/spring-expression/5.2.12.RELEASE/spring-expression-5.2.12.RELEASE.jar, file:/D:/develop/repository/org/springframework/boot/spring-boot-starter/2.3.7.RELEASE/spring-boot-starter-2.3.7.RELEASE.jar, file:/D:/develop/repository/org/springframework/boot/spring-boot/2.3.7.RELEASE/spring-boot-2.3.7.RELEASE.jar, file:/D:/develop/repository/org/springframework/boot/spring-boot-autoconfigure/2.3.7.RELEASE/spring-boot-autoconfigure-2.3.7.RELEASE.jar, file:/D:/develop/repository/jakarta/annotation/jakarta.annotation-api/1.3.5/jakarta.annotation-api-1.3.5.jar, file:/D:/develop/repository/org/springframework/spring-core/5.2.12.RELEASE/spring-core-5.2.12.RELEASE.jar, file:/D:/develop/repository/org/springframework/spring-jcl/5.2.12.RELEASE/spring-jcl-5.2.12.RELEASE.jar, file:/D:/develop/repository/org/yaml/snakeyaml/1.26/snakeyaml-1.26.jar, file:/D:/develop/repository/org/springframework/boot/spring-boot-starter-validation/2.3.7.RELEASE/spring-boot-starter-validation-2.3.7.RELEASE.jar, file:/D:/develop/repository/org/glassfish/jakarta.el/3.0.3/jakarta.el-3.0.3.jar, file:/D:/develop/repository/org/hibernate/validator/hibernate-validator/6.1.6.Final/hibernate-validator-6.1.6.Final.jar, file:/D:/develop/repository/jakarta/validation/jakarta.validation-api/2.0.2/jakarta.validation-api-2.0.2.jar, file:/D:/develop/repository/org/jboss/logging/jboss-logging/3.4.1.Final/jboss-logging-3.4.1.Final.jar, file:/D:/develop/repository/com/fasterxml/classmate/1.5.1/classmate-1.5.1.jar, file:/D:/develop/repository/org/springframework/boot/spring-boot-starter-log4j2/2.3.7.RELEASE/spring-boot-starter-log4j2-2.3.7.RELEASE.jar, file:/D:/develop/repository/org/apache/logging/log4j/log4j-slf4j-impl/2.13.3/log4j-slf4j-impl-2.13.3.jar, file:/D:/develop/repository/org/slf4j/slf4j-api/1.7.30/slf4j-api-1.7.30.jar, file:/D:/develop/repository/org/apache/logging/log4j/log4j-api/2.13.3/log4j-api-2.13.3.jar, file:/D:/develop/repository/org/apache/logging/log4j/log4j-core/2.13.3/log4j-core-2.13.3.jar, file:/D:/develop/repository/org/apache/logging/log4j/log4j-jul/2.13.3/log4j-jul-2.13.3.jar, file:/D:/develop/repository/org/slf4j/jul-to-slf4j/1.7.30/jul-to-slf4j-1.7.30.jar, file:/D:/develop/repository/com/spring4all/swagger-spring-boot-starter/1.9.0.RELEASE/swagger-spring-boot-starter-1.9.0.RELEASE.jar, file:/D:/develop/repository/io/springfox/springfox-swagger-ui/2.9.2/springfox-swagger-ui-2.9.2.jar, file:/D:/develop/repository/io/springfox/springfox-spring-web/2.9.2/springfox-spring-web-2.9.2.jar, file:/D:/develop/repository/io/springfox/springfox-swagger2/2.9.2/springfox-swagger2-2.9.2.jar, file:/D:/develop/repository/io/swagger/swagger-models/1.5.20/swagger-models-1.5.20.jar, file:/D:/develop/repository/io/springfox/springfox-spi/2.9.2/springfox-spi-2.9.2.jar, file:/D:/develop/repository/io/springfox/springfox-core/2.9.2/springfox-core-2.9.2.jar, file:/D:/develop/repository/net/bytebuddy/byte-buddy/1.10.18/byte-buddy-1.10.18.jar, file:/D:/develop/repository/io/springfox/springfox-schema/2.9.2/springfox-schema-2.9.2.jar, file:/D:/develop/repository/io/springfox/springfox-swagger-common/2.9.2/springfox-swagger-common-2.9.2.jar, file:/D:/develop/repository/com/google/guava/guava/25.0-jre/guava-25.0-jre.jar, file:/D:/develop/repository/com/google/code/findbugs/jsr305/1.3.9/jsr305-1.3.9.jar, file:/D:/develop/repository/org/checkerframework/checker-compat-qual/2.0.0/checker-compat-qual-2.0.0.jar, file:/D:/develop/repository/com/google/errorprone/error_prone_annotations/2.1.3/error_prone_annotations-2.1.3.jar, file:/D:/develop/repository/com/google/j2objc/j2objc-annotations/1.1/j2objc-annotations-1.1.jar, file:/D:/develop/repository/org/codehaus/mojo/animal-sniffer-annotations/1.14/animal-sniffer-annotations-1.14.jar, file:/D:/develop/repository/org/springframework/plugin/spring-plugin-core/1.2.0.RELEASE/spring-plugin-core-1.2.0.RELEASE.jar, file:/D:/develop/repository/org/springframework/plugin/spring-plugin-metadata/1.2.0.RELEASE/spring-plugin-metadata-1.2.0.RELEASE.jar, file:/D:/develop/repository/org/mapstruct/mapstruct/1.2.0.Final/mapstruct-1.2.0.Final.jar, file:/D:/develop/repository/io/springfox/springfox-bean-validators/2.9.2/springfox-bean-validators-2.9.2.jar, file:/D:/itcast2023/xc_edu3.1/code_402/xuecheng-plus-project/xuecheng-plus-base/target/classes/, file:/D:/develop/repository/org/projectlombok/lombok/1.18.8/lombok-1.18.8.jar, file:/D:/develop/repository/org/apache/commons/commons-lang3/3.10/commons-lang3-3.10.jar, file:/D:/develop/repository/com/alibaba/fastjson/1.2.83/fastjson-1.2.83.jar, file:/D:/develop/repository/commons-lang/commons-lang/2.6/commons-lang-2.6.jar, file:/D:/develop/repository/commons-codec/commons-codec/1.14/commons-codec-1.14.jar, file:/D:/develop/repository/io/swagger/swagger-annotations/1.5.20/swagger-annotations-1.5.20.jar, file:/D:/develop/repository/com/j256/simplemagic/simplemagic/1.17/simplemagic-1.17.jar, file:/D:/develop/repository/com/google/zxing/core/3.3.3/core-3.3.3.jar, file:/D:/develop/repository/com/google/zxing/javase/3.3.3/javase-3.3.3.jar, file:/D:/develop/repository/com/beust/jcommander/1.72/jcommander-1.72.jar, file:/D:/develop/repository/com/github/jai-imageio/jai-imageio-core/1.4.0/jai-imageio-core-1.4.0.jar, file:/D:/develop/repository/com/fasterxml/jackson/module/jackson-module-parameter-names/2.11.3/jackson-module-parameter-names-2.11.3.jar, file:/D:/develop/repository/com/fasterxml/jackson/core/jackson-core/2.11.3/jackson-core-2.11.3.jar, file:/D:/develop/repository/com/fasterxml/jackson/datatype/jackson-datatype-jdk8/2.11.3/jackson-datatype-jdk8-2.11.3.jar, file:/D:/develop/repository/com/fasterxml/jackson/datatype/jackson-datatype-jsr310/2.11.3/jackson-datatype-jsr310-2.11.3.jar, file:/D:/develop/repository/com/fasterxml/jackson/core/jackson-annotations/2.11.3/jackson-annotations-2.11.3.jar, file:/D:/IntelliJ%20IDEA%202022.2.3/lib/idea_rt.jar]
2024-10-26 14:35:46,536 DEBUG [main][ClasspathLoggingApplicationListener.java:51] - Application started with classpath: [file:/C:/Program%20Files/Java/jdk1.8.0_202/jre/lib/charsets.jar, file:/C:/Program%20Files/Java/jdk1.8.0_202/jre/lib/deploy.jar, file:/C:/Program%20Files/Java/jdk1.8.0_202/jre/lib/ext/access-bridge-64.jar, file:/C:/Program%20Files/Java/jdk1.8.0_202/jre/lib/ext/cldrdata.jar, file:/C:/Program%20Files/Java/jdk1.8.0_202/jre/lib/ext/dnsns.jar, file:/C:/Program%20Files/Java/jdk1.8.0_202/jre/lib/ext/jaccess.jar, file:/C:/Program%20Files/Java/jdk1.8.0_202/jre/lib/ext/jfxrt.jar, file:/C:/Program%20Files/Java/jdk1.8.0_202/jre/lib/ext/localedata.jar, file:/C:/Program%20Files/Java/jdk1.8.0_202/jre/lib/ext/nashorn.jar, file:/C:/Program%20Files/Java/jdk1.8.0_202/jre/lib/ext/sunec.jar, file:/C:/Program%20Files/Java/jdk1.8.0_202/jre/lib/ext/sunjce_provider.jar, file:/C:/Program%20Files/Java/jdk1.8.0_202/jre/lib/ext/sunmscapi.jar, file:/C:/Program%20Files/Java/jdk1.8.0_202/jre/lib/ext/sunpkcs11.jar, file:/C:/Program%20Files/Java/jdk1.8.0_202/jre/lib/ext/zipfs.jar, file:/C:/Program%20Files/Java/jdk1.8.0_202/jre/lib/javaws.jar, file:/C:/Program%20Files/Java/jdk1.8.0_202/jre/lib/jce.jar, file:/C:/Program%20Files/Java/jdk1.8.0_202/jre/lib/jfr.jar, file:/C:/Program%20Files/Java/jdk1.8.0_202/jre/lib/jfxswt.jar, file:/C:/Program%20Files/Java/jdk1.8.0_202/jre/lib/jsse.jar, file:/C:/Program%20Files/Java/jdk1.8.0_202/jre/lib/management-agent.jar, file:/C:/Program%20Files/Java/jdk1.8.0_202/jre/lib/plugin.jar, file:/C:/Program%20Files/Java/jdk1.8.0_202/jre/lib/resources.jar, file:/C:/Program%20Files/Java/jdk1.8.0_202/jre/lib/rt.jar, file:/D:/itcast2023/xc_edu3.1/code_402/xuecheng-plus-project/xuecheng-plus-content/xuecheng-plus-content-api/target/classes/, file:/D:/itcast2023/xc_edu3.1/code_402/xuecheng-plus-project/xuecheng-plus-content/xuecheng-plus-content-model/target/classes/, file:/D:/develop/repository/com/baomidou/mybatis-plus-annotation/3.4.1/mybatis-plus-annotation-3.4.1.jar, file:/D:/develop/repository/com/baomidou/mybatis-plus-core/3.4.1/mybatis-plus-core-3.4.1.jar, file:/D:/develop/repository/com/github/jsqlparser/jsqlparser/3.2/jsqlparser-3.2.jar, file:/D:/develop/repository/org/mybatis/mybatis/3.5.6/mybatis-3.5.6.jar, file:/D:/develop/repository/org/springframework/cloud/spring-cloud-context/2.2.6.RELEASE/spring-cloud-context-2.2.6.RELEASE.jar, file:/D:/develop/repository/org/springframework/security/spring-security-crypto/5.3.6.RELEASE/spring-security-crypto-5.3.6.RELEASE.jar, file:/D:/develop/repository/org/springframework/boot/spring-boot-starter-web/2.3.7.RELEASE/spring-boot-starter-web-2.3.7.RELEASE.jar, file:/D:/develop/repository/org/springframework/boot/spring-boot-starter-json/2.3.7.RELEASE/spring-boot-starter-json-2.3.7.RELEASE.jar, file:/D:/develop/repository/com/fasterxml/jackson/core/jackson-databind/2.11.3/jackson-databind-2.11.3.jar, file:/D:/develop/repository/org/springframework/boot/spring-boot-starter-tomcat/2.3.7.RELEASE/spring-boot-starter-tomcat-2.3.7.RELEASE.jar, file:/D:/develop/repository/org/apache/tomcat/embed/tomcat-embed-core/9.0.41/tomcat-embed-core-9.0.41.jar, file:/D:/develop/repository/org/apache/tomcat/embed/tomcat-embed-websocket/9.0.41/tomcat-embed-websocket-9.0.41.jar, file:/D:/develop/repository/org/springframework/spring-web/5.2.12.RELEASE/spring-web-5.2.12.RELEASE.jar, file:/D:/develop/repository/org/springframework/spring-beans/5.2.12.RELEASE/spring-beans-5.2.12.RELEASE.jar, file:/D:/develop/repository/org/springframework/spring-webmvc/5.2.12.RELEASE/spring-webmvc-5.2.12.RELEASE.jar, file:/D:/develop/repository/org/springframework/spring-aop/5.2.12.RELEASE/spring-aop-5.2.12.RELEASE.jar, file:/D:/develop/repository/org/springframework/spring-context/5.2.12.RELEASE/spring-context-5.2.12.RELEASE.jar, file:/D:/develop/repository/org/springframework/spring-expression/5.2.12.RELEASE/spring-expression-5.2.12.RELEASE.jar, file:/D:/develop/repository/org/springframework/boot/spring-boot-starter/2.3.7.RELEASE/spring-boot-starter-2.3.7.RELEASE.jar, file:/D:/develop/repository/org/springframework/boot/spring-boot/2.3.7.RELEASE/spring-boot-2.3.7.RELEASE.jar, file:/D:/develop/repository/org/springframework/boot/spring-boot-autoconfigure/2.3.7.RELEASE/spring-boot-autoconfigure-2.3.7.RELEASE.jar, file:/D:/develop/repository/jakarta/annotation/jakarta.annotation-api/1.3.5/jakarta.annotation-api-1.3.5.jar, file:/D:/develop/repository/org/springframework/spring-core/5.2.12.RELEASE/spring-core-5.2.12.RELEASE.jar, file:/D:/develop/repository/org/springframework/spring-jcl/5.2.12.RELEASE/spring-jcl-5.2.12.RELEASE.jar, file:/D:/develop/repository/org/yaml/snakeyaml/1.26/snakeyaml-1.26.jar, file:/D:/develop/repository/org/springframework/boot/spring-boot-starter-validation/2.3.7.RELEASE/spring-boot-starter-validation-2.3.7.RELEASE.jar, file:/D:/develop/repository/org/glassfish/jakarta.el/3.0.3/jakarta.el-3.0.3.jar, file:/D:/develop/repository/org/hibernate/validator/hibernate-validator/6.1.6.Final/hibernate-validator-6.1.6.Final.jar, file:/D:/develop/repository/jakarta/validation/jakarta.validation-api/2.0.2/jakarta.validation-api-2.0.2.jar, file:/D:/develop/repository/org/jboss/logging/jboss-logging/3.4.1.Final/jboss-logging-3.4.1.Final.jar, file:/D:/develop/repository/com/fasterxml/classmate/1.5.1/classmate-1.5.1.jar, file:/D:/develop/repository/org/springframework/boot/spring-boot-starter-log4j2/2.3.7.RELEASE/spring-boot-starter-log4j2-2.3.7.RELEASE.jar, file:/D:/develop/repository/org/apache/logging/log4j/log4j-slf4j-impl/2.13.3/log4j-slf4j-impl-2.13.3.jar, file:/D:/develop/repository/org/slf4j/slf4j-api/1.7.30/slf4j-api-1.7.30.jar, file:/D:/develop/repository/org/apache/logging/log4j/log4j-api/2.13.3/log4j-api-2.13.3.jar, file:/D:/develop/repository/org/apache/logging/log4j/log4j-core/2.13.3/log4j-core-2.13.3.jar, file:/D:/develop/repository/org/apache/logging/log4j/log4j-jul/2.13.3/log4j-jul-2.13.3.jar, file:/D:/develop/repository/org/slf4j/jul-to-slf4j/1.7.30/jul-to-slf4j-1.7.30.jar, file:/D:/develop/repository/com/spring4all/swagger-spring-boot-starter/1.9.0.RELEASE/swagger-spring-boot-starter-1.9.0.RELEASE.jar, file:/D:/develop/repository/io/springfox/springfox-swagger-ui/2.9.2/springfox-swagger-ui-2.9.2.jar, file:/D:/develop/repository/io/springfox/springfox-spring-web/2.9.2/springfox-spring-web-2.9.2.jar, file:/D:/develop/repository/io/springfox/springfox-swagger2/2.9.2/springfox-swagger2-2.9.2.jar, file:/D:/develop/repository/io/swagger/swagger-models/1.5.20/swagger-models-1.5.20.jar, file:/D:/develop/repository/io/springfox/springfox-spi/2.9.2/springfox-spi-2.9.2.jar, file:/D:/develop/repository/io/springfox/springfox-core/2.9.2/springfox-core-2.9.2.jar, file:/D:/develop/repository/net/bytebuddy/byte-buddy/1.10.18/byte-buddy-1.10.18.jar, file:/D:/develop/repository/io/springfox/springfox-schema/2.9.2/springfox-schema-2.9.2.jar, file:/D:/develop/repository/io/springfox/springfox-swagger-common/2.9.2/springfox-swagger-common-2.9.2.jar, file:/D:/develop/repository/com/google/guava/guava/25.0-jre/guava-25.0-jre.jar, file:/D:/develop/repository/com/google/code/findbugs/jsr305/1.3.9/jsr305-1.3.9.jar, file:/D:/develop/repository/org/checkerframework/checker-compat-qual/2.0.0/checker-compat-qual-2.0.0.jar, file:/D:/develop/repository/com/google/errorprone/error_prone_annotations/2.1.3/error_prone_annotations-2.1.3.jar, file:/D:/develop/repository/com/google/j2objc/j2objc-annotations/1.1/j2objc-annotations-1.1.jar, file:/D:/develop/repository/org/codehaus/mojo/animal-sniffer-annotations/1.14/animal-sniffer-annotations-1.14.jar, file:/D:/develop/repository/org/springframework/plugin/spring-plugin-core/1.2.0.RELEASE/spring-plugin-core-1.2.0.RELEASE.jar, file:/D:/develop/repository/org/springframework/plugin/spring-plugin-metadata/1.2.0.RELEASE/spring-plugin-metadata-1.2.0.RELEASE.jar, file:/D:/develop/repository/org/mapstruct/mapstruct/1.2.0.Final/mapstruct-1.2.0.Final.jar, file:/D:/develop/repository/io/springfox/springfox-bean-validators/2.9.2/springfox-bean-validators-2.9.2.jar, file:/D:/itcast2023/xc_edu3.1/code_402/xuecheng-plus-project/xuecheng-plus-base/target/classes/, file:/D:/develop/repository/org/projectlombok/lombok/1.18.8/lombok-1.18.8.jar, file:/D:/develop/repository/org/apache/commons/commons-lang3/3.10/commons-lang3-3.10.jar, file:/D:/develop/repository/com/alibaba/fastjson/1.2.83/fastjson-1.2.83.jar, file:/D:/develop/repository/commons-lang/commons-lang/2.6/commons-lang-2.6.jar, file:/D:/develop/repository/commons-codec/commons-codec/1.14/commons-codec-1.14.jar, file:/D:/develop/repository/io/swagger/swagger-annotations/1.5.20/swagger-annotations-1.5.20.jar, file:/D:/develop/repository/com/j256/simplemagic/simplemagic/1.17/simplemagic-1.17.jar, file:/D:/develop/repository/com/google/zxing/core/3.3.3/core-3.3.3.jar, file:/D:/develop/repository/com/google/zxing/javase/3.3.3/javase-3.3.3.jar, file:/D:/develop/repository/com/beust/jcommander/1.72/jcommander-1.72.jar, file:/D:/develop/repository/com/github/jai-imageio/jai-imageio-core/1.4.0/jai-imageio-core-1.4.0.jar, file:/D:/develop/repository/com/fasterxml/jackson/module/jackson-module-parameter-names/2.11.3/jackson-module-parameter-names-2.11.3.jar, file:/D:/develop/repository/com/fasterxml/jackson/core/jackson-core/2.11.3/jackson-core-2.11.3.jar, file:/D:/develop/repository/com/fasterxml/jackson/datatype/jackson-datatype-jdk8/2.11.3/jackson-datatype-jdk8-2.11.3.jar, file:/D:/develop/repository/com/fasterxml/jackson/datatype/jackson-datatype-jsr310/2.11.3/jackson-datatype-jsr310-2.11.3.jar, file:/D:/develop/repository/com/fasterxml/jackson/core/jackson-annotations/2.11.3/jackson-annotations-2.11.3.jar, file:/D:/IntelliJ%20IDEA%202022.2.3/lib/idea_rt.jar]
2024-10-26 14:35:46,572 DEBUG [background-preinit][LoggerProviders.java:152] - Logging Provider: org.jboss.logging.Log4j2LoggerProvider
2024-10-26 14:35:46,572 DEBUG [background-preinit][LoggerProviders.java:152] - Logging Provider: org.jboss.logging.Log4j2LoggerProvider
2024-10-26 14:35:46,573 INFO [background-preinit][Version.java:21] - HV000001: Hibernate Validator 6.1.6.Final
2024-10-26 14:35:46,573 INFO [background-preinit][Version.java:21] - HV000001: Hibernate Validator 6.1.6.Final
2024-10-26 14:35:46,578 DEBUG [background-preinit][ValidationXmlParser.java:120] - Trying to load META-INF/validation.xml for XML based Validator configuration.
2024-10-26 14:35:46,578 DEBUG [background-preinit][ValidationXmlParser.java:120] - Trying to load META-INF/validation.xml for XML based Validator configuration.
2024-10-26 14:35:46,579 DEBUG [background-preinit][ResourceLoaderHelper.java:60] - Trying to load META-INF/validation.xml via TCCL
2024-10-26 14:35:46,579 DEBUG [background-preinit][ResourceLoaderHelper.java:60] - Trying to load META-INF/validation.xml via TCCL
2024-10-26 14:35:46,580 DEBUG [background-preinit][ResourceLoaderHelper.java:66] - Trying to load META-INF/validation.xml via Hibernate Validator's class loader
2024-10-26 14:35:46,580 DEBUG [background-preinit][ResourceLoaderHelper.java:66] - Trying to load META-INF/validation.xml via Hibernate Validator's class loader
2024-10-26 14:35:46,581 DEBUG [background-preinit][ValidationXmlParser.java:127] - No META-INF/validation.xml found. Using annotation based configuration only.
2024-10-26 14:35:46,581 DEBUG [background-preinit][ValidationXmlParser.java:127] - No META-INF/validation.xml found. Using annotation based configuration only.
2024-10-26 14:35:46,584 DEBUG [background-preinit][TraversableResolvers.java:60] - Cannot find javax.persistence.Persistence on classpath. Assuming non JPA 2 environment. All properties will per default be traversable.
2024-10-26 14:35:46,584 DEBUG [background-preinit][TraversableResolvers.java:60] - Cannot find javax.persistence.Persistence on classpath. Assuming non JPA 2 environment. All properties will per default be traversable.
2024-10-26 14:35:46,609 DEBUG [background-preinit][ResourceBundleMessageInterpolator.java:172] - Loaded expression factory via original TCCL
2024-10-26 14:35:46,609 DEBUG [background-preinit][ResourceBundleMessageInterpolator.java:172] - Loaded expression factory via original TCCL
2024-10-26 14:35:46,631 DEBUG [main][PropertySourcesPropertyResolver.java:115] - Found key 'spring.application.name' in PropertySource 'configurationProperties' with value of type String
2024-10-26 14:35:46,631 DEBUG [main][PropertySourcesPropertyResolver.java:115] - Found key 'spring.application.name' in PropertySource 'configurationProperties' with value of type String
2024-10-26 14:35:46,635 DEBUG [main][SpringApplication.java:679] - Loading source class org.springframework.cloud.bootstrap.BootstrapImportSelectorConfiguration
2024-10-26 14:35:46,635 DEBUG [main][SpringApplication.java:679] - Loading source class org.springframework.cloud.bootstrap.BootstrapImportSelectorConfiguration
2024-10-26 14:35:46,659 DEBUG [main][DeferredLog.java:222] - Loaded config file 'file:/D:/itcast2023/xc_edu3.1/code_402/xuecheng-plus-project/xuecheng-plus-content/xuecheng-plus-content-api/target/classes/bootstrap.yml' (classpath:/bootstrap.yml)
2024-10-26 14:35:46,659 DEBUG [main][DeferredLog.java:222] - Loaded config file 'file:/D:/itcast2023/xc_edu3.1/code_402/xuecheng-plus-project/xuecheng-plus-content/xuecheng-plus-content-api/target/classes/bootstrap.yml' (classpath:/bootstrap.yml)
2024-10-26 14:35:46,659 DEBUG [main][AbstractApplicationContext.java:596] - Refreshing org.springframework.context.annotation.AnnotationConfigApplicationContext@7de62196
2024-10-26 14:35:46,659 DEBUG [main][AbstractApplicationContext.java:596] - Refreshing org.springframework.context.annotation.AnnotationConfigApplicationContext@7de62196
2024-10-26 14:35:46,668 DEBUG [main][DefaultSingletonBeanRegistry.java:225] - Creating shared instance of singleton bean 'org.springframework.context.annotation.internalConfigurationAnnotationProcessor'
2024-10-26 14:35:46,668 DEBUG [main][DefaultSingletonBeanRegistry.java:225] - Creating shared instance of singleton bean 'org.springframework.context.annotation.internalConfigurationAnnotationProcessor'
2024-10-26 14:35:46,678 DEBUG [main][DefaultSingletonBeanRegistry.java:225] - Creating shared instance of singleton bean 'org.springframework.boot.autoconfigure.internalCachingMetadataReaderFactory'
2024-10-26 14:35:46,678 DEBUG [main][DefaultSingletonBeanRegistry.java:225] - Creating shared instance of singleton bean 'org.springframework.boot.autoconfigure.internalCachingMetadataReaderFactory'
2024-10-26 14:35:46,762 DEBUG [background-preinit][ValidatorFactoryConfigurationHelper.java:300] - HV000252: Using org.hibernate.validator.internal.engine.DefaultPropertyNodeNameProvider as property node name provider.
2024-10-26 14:35:46,762 DEBUG [background-preinit][ValidatorFactoryConfigurationHelper.java:300] - HV000252: Using org.hibernate.validator.internal.engine.DefaultPropertyNodeNameProvider as property node name provider.
2024-10-26 14:35:46,766 DEBUG [background-preinit][ValidatorFactoryConfigurationHelper.java:375] - HV000234: Using org.hibernate.validator.messageinterpolation.ResourceBundleMessageInterpolator as ValidatorFactory-scoped message interpolator.
2024-10-26 14:35:46,766 DEBUG [background-preinit][ValidatorFactoryConfigurationHelper.java:375] - HV000234: Using org.hibernate.validator.messageinterpolation.ResourceBundleMessageInterpolator as ValidatorFactory-scoped message interpolator.
2024-10-26 14:35:46,766 DEBUG [background-preinit][ValidatorFactoryConfigurationHelper.java:376] - HV000234: Using org.hibernate.validator.internal.engine.resolver.TraverseAllTraversableResolver as ValidatorFactory-scoped traversable resolver.
2024-10-26 14:35:46,766 DEBUG [background-preinit][ValidatorFactoryConfigurationHelper.java:376] - HV000234: Using org.hibernate.validator.internal.engine.resolver.TraverseAllTraversableResolver as ValidatorFactory-scoped traversable resolver.
2024-10-26 14:35:46,766 DEBUG [background-preinit][ValidatorFactoryConfigurationHelper.java:377] - HV000234: Using org.hibernate.validator.internal.util.ExecutableParameterNameProvider as ValidatorFactory-scoped parameter name provider.
2024-10-26 14:35:46,766 DEBUG [background-preinit][ValidatorFactoryConfigurationHelper.java:377] - HV000234: Using org.hibernate.validator.internal.util.ExecutableParameterNameProvider as ValidatorFactory-scoped parameter name provider.
2024-10-26 14:35:46,766 DEBUG [background-preinit][ValidatorFactoryConfigurationHelper.java:378] - HV000234: Using org.hibernate.validator.internal.engine.DefaultClockProvider as ValidatorFactory-scoped clock provider.
2024-10-26 14:35:46,766 DEBUG [background-preinit][ValidatorFactoryConfigurationHelper.java:378] - HV000234: Using org.hibernate.validator.internal.engine.DefaultClockProvider as ValidatorFactory-scoped clock provider.
2024-10-26 14:35:46,766 DEBUG [background-preinit][ValidatorFactoryConfigurationHelper.java:379] - HV000234: Using org.hibernate.validator.internal.engine.scripting.DefaultScriptEvaluatorFactory as ValidatorFactory-scoped script evaluator factory.
2024-10-26 14:35:46,766 DEBUG [background-preinit][ValidatorFactoryConfigurationHelper.java:379] - HV000234: Using org.hibernate.validator.internal.engine.scripting.DefaultScriptEvaluatorFactory as ValidatorFactory-scoped script evaluator factory.
2024-10-26 14:35:46,822 DEBUG [main][DefaultSingletonBeanRegistry.java:225] - Creating shared instance of singleton bean 'propertySourcesPlaceholderConfigurer'
2024-10-26 14:35:46,822 DEBUG [main][DefaultSingletonBeanRegistry.java:225] - Creating shared instance of singleton bean 'propertySourcesPlaceholderConfigurer'
2024-10-26 14:35:46,825 DEBUG [main][DefaultSingletonBeanRegistry.java:225] - Creating shared instance of singleton bean 'org.springframework.context.event.internalEventListenerProcessor'
2024-10-26 14:35:46,825 DEBUG [main][DefaultSingletonBeanRegistry.java:225] - Creating shared instance of singleton bean 'org.springframework.context.event.internalEventListenerProcessor'
2024-10-26 14:35:46,827 DEBUG [main][DefaultSingletonBeanRegistry.java:225] - Creating shared instance of singleton bean 'org.springframework.context.event.internalEventListenerFactory'
2024-10-26 14:35:46,827 DEBUG [main][DefaultSingletonBeanRegistry.java:225] - Creating shared instance of singleton bean 'org.springframework.context.event.internalEventListenerFactory'
2024-10-26 14:35:46,828 DEBUG [main][DefaultSingletonBeanRegistry.java:225] - Creating shared instance of singleton bean 'org.springframework.context.annotation.internalAutowiredAnnotationProcessor'
2024-10-26 14:35:46,828 DEBUG [main][DefaultSingletonBeanRegistry.java:225] - Creating shared instance of singleton bean 'org.springframework.context.annotation.internalAutowiredAnnotationProcessor'
2024-10-26 14:35:46,829 DEBUG [main][DefaultSingletonBeanRegistry.java:225] - Creating shared instance of singleton bean 'org.springframework.context.annotation.internalCommonAnnotationProcessor'
2024-10-26 14:35:46,829 DEBUG [main][DefaultSingletonBeanRegistry.java:225] - Creating shared instance of singleton bean 'org.springframework.context.annotation.internalCommonAnnotationProcessor'
2024-10-26 14:35:46,831 DEBUG [main][DefaultSingletonBeanRegistry.java:225] - Creating shared instance of singleton bean 'org.springframework.boot.context.properties.ConfigurationPropertiesBindingPostProcessor'
2024-10-26 14:35:46,831 DEBUG [main][DefaultSingletonBeanRegistry.java:225] - Creating shared instance of singleton bean 'org.springframework.boot.context.properties.ConfigurationPropertiesBindingPostProcessor'
2024-10-26 14:35:46,832 DEBUG [main][DefaultSingletonBeanRegistry.java:225] - Creating shared instance of singleton bean 'org.springframework.boot.context.internalConfigurationPropertiesBinder'
2024-10-26 14:35:46,832 DEBUG [main][DefaultSingletonBeanRegistry.java:225] - Creating shared instance of singleton bean 'org.springframework.boot.context.internalConfigurationPropertiesBinder'
2024-10-26 14:35:46,832 DEBUG [main][DefaultSingletonBeanRegistry.java:225] - Creating shared instance of singleton bean 'org.springframework.boot.context.internalConfigurationPropertiesBinderFactory'
2024-10-26 14:35:46,832 DEBUG [main][DefaultSingletonBeanRegistry.java:225] - Creating shared instance of singleton bean 'org.springframework.boot.context.internalConfigurationPropertiesBinderFactory'
2024-10-26 14:35:46,834 DEBUG [main][DefaultSingletonBeanRegistry.java:225] - Creating shared instance of singleton bean 'configurationPropertiesBeans'
2024-10-26 14:35:46,834 DEBUG [main][DefaultSingletonBeanRegistry.java:225] - Creating shared instance of singleton bean 'configurationPropertiesBeans'
2024-10-26 14:35:46,839 DEBUG [main][DefaultSingletonBeanRegistry.java:225] - Creating shared instance of singleton bean 'bootstrapImportSelectorConfiguration'
2024-10-26 14:35:46,839 DEBUG [main][DefaultSingletonBeanRegistry.java:225] - Creating shared instance of singleton bean 'bootstrapImportSelectorConfiguration'
2024-10-26 14:35:46,840 DEBUG [main][DefaultSingletonBeanRegistry.java:225] - Creating shared instance of singleton bean 'org.springframework.cloud.bootstrap.config.PropertySourceBootstrapConfiguration'
2024-10-26 14:35:46,840 DEBUG [main][DefaultSingletonBeanRegistry.java:225] - Creating shared instance of singleton bean 'org.springframework.cloud.bootstrap.config.PropertySourceBootstrapConfiguration'
2024-10-26 14:35:46,845 DEBUG [main][DefaultSingletonBeanRegistry.java:225] - Creating shared instance of singleton bean 'org.springframework.boot.context.properties.BoundConfigurationProperties'
2024-10-26 14:35:46,845 DEBUG [main][DefaultSingletonBeanRegistry.java:225] - Creating shared instance of singleton bean 'org.springframework.boot.context.properties.BoundConfigurationProperties'
2024-10-26 14:35:46,846 DEBUG [main][DefaultSingletonBeanRegistry.java:225] - Creating shared instance of singleton bean 'org.springframework.boot.context.properties.ConfigurationBeanFactoryMetadata'
2024-10-26 14:35:46,846 DEBUG [main][DefaultSingletonBeanRegistry.java:225] - Creating shared instance of singleton bean 'org.springframework.boot.context.properties.ConfigurationBeanFactoryMetadata'
2024-10-26 14:35:46,846 DEBUG [main][DefaultSingletonBeanRegistry.java:225] - Creating shared instance of singleton bean 'spring.cloud.config-org.springframework.cloud.bootstrap.config.PropertySourceBootstrapProperties'
2024-10-26 14:35:46,846 DEBUG [main][DefaultSingletonBeanRegistry.java:225] - Creating shared instance of singleton bean 'spring.cloud.config-org.springframework.cloud.bootstrap.config.PropertySourceBootstrapProperties'
2024-10-26 14:35:46,855 DEBUG [main][DefaultSingletonBeanRegistry.java:225] - Creating shared instance of singleton bean 'org.springframework.cloud.bootstrap.encrypt.EncryptionBootstrapConfiguration'
2024-10-26 14:35:46,855 DEBUG [main][DefaultSingletonBeanRegistry.java:225] - Creating shared instance of singleton bean 'org.springframework.cloud.bootstrap.encrypt.EncryptionBootstrapConfiguration'
2024-10-26 14:35:46,857 DEBUG [main][DefaultSingletonBeanRegistry.java:225] - Creating shared instance of singleton bean 'encrypt-org.springframework.cloud.bootstrap.encrypt.KeyProperties'
2024-10-26 14:35:46,857 DEBUG [main][DefaultSingletonBeanRegistry.java:225] - Creating shared instance of singleton bean 'encrypt-org.springframework.cloud.bootstrap.encrypt.KeyProperties'
2024-10-26 14:35:46,859 DEBUG [main][DefaultSingletonBeanRegistry.java:225] - Creating shared instance of singleton bean 'environmentDecryptApplicationListener'
2024-10-26 14:35:46,859 DEBUG [main][DefaultSingletonBeanRegistry.java:225] - Creating shared instance of singleton bean 'environmentDecryptApplicationListener'
2024-10-26 14:35:46,860 DEBUG [main][DefaultSingletonBeanRegistry.java:225] - Creating shared instance of singleton bean 'org.springframework.cloud.autoconfigure.ConfigurationPropertiesRebinderAutoConfiguration'
2024-10-26 14:35:46,860 DEBUG [main][DefaultSingletonBeanRegistry.java:225] - Creating shared instance of singleton bean 'org.springframework.cloud.autoconfigure.ConfigurationPropertiesRebinderAutoConfiguration'
2024-10-26 14:35:46,861 DEBUG [main][DefaultSingletonBeanRegistry.java:225] - Creating shared instance of singleton bean 'configurationPropertiesRebinder'
2024-10-26 14:35:46,861 DEBUG [main][DefaultSingletonBeanRegistry.java:225] - Creating shared instance of singleton bean 'configurationPropertiesRebinder'
2024-10-26 14:35:46,863 DEBUG [main][ConstructorResolver.java:807] - Autowiring by type from bean name 'configurationPropertiesRebinder' via factory method to bean named 'configurationPropertiesBeans'
2024-10-26 14:35:46,863 DEBUG [main][ConstructorResolver.java:807] - Autowiring by type from bean name 'configurationPropertiesRebinder' via factory method to bean named 'configurationPropertiesBeans'
2024-10-26 14:35:46,867 DEBUG [main][DefaultSingletonBeanRegistry.java:225] - Creating shared instance of singleton bean 'org.springframework.boot.autoconfigure.context.PropertyPlaceholderAutoConfiguration'
2024-10-26 14:35:46,867 DEBUG [main][DefaultSingletonBeanRegistry.java:225] - Creating shared instance of singleton bean 'org.springframework.boot.autoconfigure.context.PropertyPlaceholderAutoConfiguration'
2024-10-26 14:35:46,869 DEBUG [main][DefaultSingletonBeanRegistry.java:225] - Creating shared instance of singleton bean 'org.springframework.cloud.util.random.CachedRandomPropertySourceAutoConfiguration'
2024-10-26 14:35:46,869 DEBUG [main][DefaultSingletonBeanRegistry.java:225] - Creating shared instance of singleton bean 'org.springframework.cloud.util.random.CachedRandomPropertySourceAutoConfiguration'
2024-10-26 14:35:46,879 DEBUG [main][ConditionEvaluationReportLoggingListener.java:126] - 


============================
CONDITIONS EVALUATION REPORT
============================


Positive matches:
-----------------

   ConfigurationPropertiesRebinderAutoConfiguration matched:
      - @ConditionalOnBean (types: org.springframework.boot.context.properties.ConfigurationPropertiesBindingPostProcessor; SearchStrategy: all) found bean 'org.springframework.boot.context.properties.ConfigurationPropertiesBindingPostProcessor' (OnBeanCondition)

   ConfigurationPropertiesRebinderAutoConfiguration#configurationPropertiesBeans matched:
      - @ConditionalOnMissingBean (types: org.springframework.cloud.context.properties.ConfigurationPropertiesBeans; SearchStrategy: current) did not find any beans (OnBeanCondition)

   ConfigurationPropertiesRebinderAutoConfiguration#configurationPropertiesRebinder matched:
      - @ConditionalOnMissingBean (types: org.springframework.cloud.context.properties.ConfigurationPropertiesRebinder; SearchStrategy: current) did not find any beans (OnBeanCondition)

   EncryptionBootstrapConfiguration matched:
      - @ConditionalOnClass found required class 'org.springframework.security.crypto.encrypt.TextEncryptor' (OnClassCondition)

   PropertyPlaceholderAutoConfiguration#propertySourcesPlaceholderConfigurer matched:
      - @ConditionalOnMissingBean (types: org.springframework.context.support.PropertySourcesPlaceholderConfigurer; SearchStrategy: current) did not find any beans (OnBeanCondition)


Negative matches:
-----------------

   EncryptionBootstrapConfiguration.RsaEncryptionConfiguration:
      Did not match:
         - @ConditionalOnClass did not find required class 'org.springframework.security.rsa.crypto.RsaSecretEncryptor' (OnClassCondition)

   EncryptionBootstrapConfiguration.VanillaEncryptionConfiguration:
      Did not match:
         - Keystore nor key found in Environment (EncryptionBootstrapConfiguration.KeyCondition)
      Matched:
         - @ConditionalOnMissingClass did not find unwanted class 'org.springframework.security.rsa.crypto.RsaSecretEncryptor' (OnClassCondition)


Exclusions:
-----------

    None


Unconditional classes:
----------------------

    None



2024-10-26 14:35:46,879 DEBUG [main][ConditionEvaluationReportLoggingListener.java:126] - 


============================
CONDITIONS EVALUATION REPORT
============================


Positive matches:
-----------------

   ConfigurationPropertiesRebinderAutoConfiguration matched:
      - @ConditionalOnBean (types: org.springframework.boot.context.properties.ConfigurationPropertiesBindingPostProcessor; SearchStrategy: all) found bean 'org.springframework.boot.context.properties.ConfigurationPropertiesBindingPostProcessor' (OnBeanCondition)

   ConfigurationPropertiesRebinderAutoConfiguration#configurationPropertiesBeans matched:
      - @ConditionalOnMissingBean (types: org.springframework.cloud.context.properties.ConfigurationPropertiesBeans; SearchStrategy: current) did not find any beans (OnBeanCondition)

   ConfigurationPropertiesRebinderAutoConfiguration#configurationPropertiesRebinder matched:
      - @ConditionalOnMissingBean (types: org.springframework.cloud.context.properties.ConfigurationPropertiesRebinder; SearchStrategy: current) did not find any beans (OnBeanCondition)

   EncryptionBootstrapConfiguration matched:
      - @ConditionalOnClass found required class 'org.springframework.security.crypto.encrypt.TextEncryptor' (OnClassCondition)

   PropertyPlaceholderAutoConfiguration#propertySourcesPlaceholderConfigurer matched:
      - @ConditionalOnMissingBean (types: org.springframework.context.support.PropertySourcesPlaceholderConfigurer; SearchStrategy: current) did not find any beans (OnBeanCondition)


Negative matches:
-----------------

   EncryptionBootstrapConfiguration.RsaEncryptionConfiguration:
      Did not match:
         - @ConditionalOnClass did not find required class 'org.springframework.security.rsa.crypto.RsaSecretEncryptor' (OnClassCondition)

   EncryptionBootstrapConfiguration.VanillaEncryptionConfiguration:
      Did not match:
         - Keystore nor key found in Environment (EncryptionBootstrapConfiguration.KeyCondition)
      Matched:
         - @ConditionalOnMissingClass did not find unwanted class 'org.springframework.security.rsa.crypto.RsaSecretEncryptor' (OnClassCondition)


Exclusions:
-----------

    None


Unconditional classes:
----------------------

    None



2024-10-26 14:35:46,880 DEBUG [main][PropertySourcesPropertyResolver.java:115] - Found key 'spring.liveBeansView.mbeanDomain' in PropertySource 'systemProperties' with value of type String
2024-10-26 14:35:46,880 DEBUG [main][PropertySourcesPropertyResolver.java:115] - Found key 'spring.liveBeansView.mbeanDomain' in PropertySource 'systemProperties' with value of type String
2024-10-26 14:35:46,916 DEBUG [main][ClasspathLoggingApplicationListener.java:51] - Application started with classpath: [file:/C:/Program%20Files/Java/jdk1.8.0_202/jre/lib/charsets.jar, file:/C:/Program%20Files/Java/jdk1.8.0_202/jre/lib/deploy.jar, file:/C:/Program%20Files/Java/jdk1.8.0_202/jre/lib/ext/access-bridge-64.jar, file:/C:/Program%20Files/Java/jdk1.8.0_202/jre/lib/ext/cldrdata.jar, file:/C:/Program%20Files/Java/jdk1.8.0_202/jre/lib/ext/dnsns.jar, file:/C:/Program%20Files/Java/jdk1.8.0_202/jre/lib/ext/jaccess.jar, file:/C:/Program%20Files/Java/jdk1.8.0_202/jre/lib/ext/jfxrt.jar, file:/C:/Program%20Files/Java/jdk1.8.0_202/jre/lib/ext/localedata.jar, file:/C:/Program%20Files/Java/jdk1.8.0_202/jre/lib/ext/nashorn.jar, file:/C:/Program%20Files/Java/jdk1.8.0_202/jre/lib/ext/sunec.jar, file:/C:/Program%20Files/Java/jdk1.8.0_202/jre/lib/ext/sunjce_provider.jar, file:/C:/Program%20Files/Java/jdk1.8.0_202/jre/lib/ext/sunmscapi.jar, file:/C:/Program%20Files/Java/jdk1.8.0_202/jre/lib/ext/sunpkcs11.jar, file:/C:/Program%20Files/Java/jdk1.8.0_202/jre/lib/ext/zipfs.jar, file:/C:/Program%20Files/Java/jdk1.8.0_202/jre/lib/javaws.jar, file:/C:/Program%20Files/Java/jdk1.8.0_202/jre/lib/jce.jar, file:/C:/Program%20Files/Java/jdk1.8.0_202/jre/lib/jfr.jar, file:/C:/Program%20Files/Java/jdk1.8.0_202/jre/lib/jfxswt.jar, file:/C:/Program%20Files/Java/jdk1.8.0_202/jre/lib/jsse.jar, file:/C:/Program%20Files/Java/jdk1.8.0_202/jre/lib/management-agent.jar, file:/C:/Program%20Files/Java/jdk1.8.0_202/jre/lib/plugin.jar, file:/C:/Program%20Files/Java/jdk1.8.0_202/jre/lib/resources.jar, file:/C:/Program%20Files/Java/jdk1.8.0_202/jre/lib/rt.jar, file:/D:/itcast2023/xc_edu3.1/code_402/xuecheng-plus-project/xuecheng-plus-content/xuecheng-plus-content-api/target/classes/, file:/D:/itcast2023/xc_edu3.1/code_402/xuecheng-plus-project/xuecheng-plus-content/xuecheng-plus-content-model/target/classes/, file:/D:/develop/repository/com/baomidou/mybatis-plus-annotation/3.4.1/mybatis-plus-annotation-3.4.1.jar, file:/D:/develop/repository/com/baomidou/mybatis-plus-core/3.4.1/mybatis-plus-core-3.4.1.jar, file:/D:/develop/repository/com/github/jsqlparser/jsqlparser/3.2/jsqlparser-3.2.jar, file:/D:/develop/repository/org/mybatis/mybatis/3.5.6/mybatis-3.5.6.jar, file:/D:/develop/repository/org/springframework/cloud/spring-cloud-context/2.2.6.RELEASE/spring-cloud-context-2.2.6.RELEASE.jar, file:/D:/develop/repository/org/springframework/security/spring-security-crypto/5.3.6.RELEASE/spring-security-crypto-5.3.6.RELEASE.jar, file:/D:/develop/repository/org/springframework/boot/spring-boot-starter-web/2.3.7.RELEASE/spring-boot-starter-web-2.3.7.RELEASE.jar, file:/D:/develop/repository/org/springframework/boot/spring-boot-starter-json/2.3.7.RELEASE/spring-boot-starter-json-2.3.7.RELEASE.jar, file:/D:/develop/repository/com/fasterxml/jackson/core/jackson-databind/2.11.3/jackson-databind-2.11.3.jar, file:/D:/develop/repository/org/springframework/boot/spring-boot-starter-tomcat/2.3.7.RELEASE/spring-boot-starter-tomcat-2.3.7.RELEASE.jar, file:/D:/develop/repository/org/apache/tomcat/embed/tomcat-embed-core/9.0.41/tomcat-embed-core-9.0.41.jar, file:/D:/develop/repository/org/apache/tomcat/embed/tomcat-embed-websocket/9.0.41/tomcat-embed-websocket-9.0.41.jar, file:/D:/develop/repository/org/springframework/spring-web/5.2.12.RELEASE/spring-web-5.2.12.RELEASE.jar, file:/D:/develop/repository/org/springframework/spring-beans/5.2.12.RELEASE/spring-beans-5.2.12.RELEASE.jar, file:/D:/develop/repository/org/springframework/spring-webmvc/5.2.12.RELEASE/spring-webmvc-5.2.12.RELEASE.jar, file:/D:/develop/repository/org/springframework/spring-aop/5.2.12.RELEASE/spring-aop-5.2.12.RELEASE.jar, file:/D:/develop/repository/org/springframework/spring-context/5.2.12.RELEASE/spring-context-5.2.12.RELEASE.jar, file:/D:/develop/repository/org/springframework/spring-expression/5.2.12.RELEASE/spring-expression-5.2.12.RELEASE.jar, file:/D:/develop/repository/org/springframework/boot/spring-boot-starter/2.3.7.RELEASE/spring-boot-starter-2.3.7.RELEASE.jar, file:/D:/develop/repository/org/springframework/boot/spring-boot/2.3.7.RELEASE/spring-boot-2.3.7.RELEASE.jar, file:/D:/develop/repository/org/springframework/boot/spring-boot-autoconfigure/2.3.7.RELEASE/spring-boot-autoconfigure-2.3.7.RELEASE.jar, file:/D:/develop/repository/jakarta/annotation/jakarta.annotation-api/1.3.5/jakarta.annotation-api-1.3.5.jar, file:/D:/develop/repository/org/springframework/spring-core/5.2.12.RELEASE/spring-core-5.2.12.RELEASE.jar, file:/D:/develop/repository/org/springframework/spring-jcl/5.2.12.RELEASE/spring-jcl-5.2.12.RELEASE.jar, file:/D:/develop/repository/org/yaml/snakeyaml/1.26/snakeyaml-1.26.jar, file:/D:/develop/repository/org/springframework/boot/spring-boot-starter-validation/2.3.7.RELEASE/spring-boot-starter-validation-2.3.7.RELEASE.jar, file:/D:/develop/repository/org/glassfish/jakarta.el/3.0.3/jakarta.el-3.0.3.jar, file:/D:/develop/repository/org/hibernate/validator/hibernate-validator/6.1.6.Final/hibernate-validator-6.1.6.Final.jar, file:/D:/develop/repository/jakarta/validation/jakarta.validation-api/2.0.2/jakarta.validation-api-2.0.2.jar, file:/D:/develop/repository/org/jboss/logging/jboss-logging/3.4.1.Final/jboss-logging-3.4.1.Final.jar, file:/D:/develop/repository/com/fasterxml/classmate/1.5.1/classmate-1.5.1.jar, file:/D:/develop/repository/org/springframework/boot/spring-boot-starter-log4j2/2.3.7.RELEASE/spring-boot-starter-log4j2-2.3.7.RELEASE.jar, file:/D:/develop/repository/org/apache/logging/log4j/log4j-slf4j-impl/2.13.3/log4j-slf4j-impl-2.13.3.jar, file:/D:/develop/repository/org/slf4j/slf4j-api/1.7.30/slf4j-api-1.7.30.jar, file:/D:/develop/repository/org/apache/logging/log4j/log4j-api/2.13.3/log4j-api-2.13.3.jar, file:/D:/develop/repository/org/apache/logging/log4j/log4j-core/2.13.3/log4j-core-2.13.3.jar, file:/D:/develop/repository/org/apache/logging/log4j/log4j-jul/2.13.3/log4j-jul-2.13.3.jar, file:/D:/develop/repository/org/slf4j/jul-to-slf4j/1.7.30/jul-to-slf4j-1.7.30.jar, file:/D:/develop/repository/com/spring4all/swagger-spring-boot-starter/1.9.0.RELEASE/swagger-spring-boot-starter-1.9.0.RELEASE.jar, file:/D:/develop/repository/io/springfox/springfox-swagger-ui/2.9.2/springfox-swagger-ui-2.9.2.jar, file:/D:/develop/repository/io/springfox/springfox-spring-web/2.9.2/springfox-spring-web-2.9.2.jar, file:/D:/develop/repository/io/springfox/springfox-swagger2/2.9.2/springfox-swagger2-2.9.2.jar, file:/D:/develop/repository/io/swagger/swagger-models/1.5.20/swagger-models-1.5.20.jar, file:/D:/develop/repository/io/springfox/springfox-spi/2.9.2/springfox-spi-2.9.2.jar, file:/D:/develop/repository/io/springfox/springfox-core/2.9.2/springfox-core-2.9.2.jar, file:/D:/develop/repository/net/bytebuddy/byte-buddy/1.10.18/byte-buddy-1.10.18.jar, file:/D:/develop/repository/io/springfox/springfox-schema/2.9.2/springfox-schema-2.9.2.jar, file:/D:/develop/repository/io/springfox/springfox-swagger-common/2.9.2/springfox-swagger-common-2.9.2.jar, file:/D:/develop/repository/com/google/guava/guava/25.0-jre/guava-25.0-jre.jar, file:/D:/develop/repository/com/google/code/findbugs/jsr305/1.3.9/jsr305-1.3.9.jar, file:/D:/develop/repository/org/checkerframework/checker-compat-qual/2.0.0/checker-compat-qual-2.0.0.jar, file:/D:/develop/repository/com/google/errorprone/error_prone_annotations/2.1.3/error_prone_annotations-2.1.3.jar, file:/D:/develop/repository/com/google/j2objc/j2objc-annotations/1.1/j2objc-annotations-1.1.jar, file:/D:/develop/repository/org/codehaus/mojo/animal-sniffer-annotations/1.14/animal-sniffer-annotations-1.14.jar, file:/D:/develop/repository/org/springframework/plugin/spring-plugin-core/1.2.0.RELEASE/spring-plugin-core-1.2.0.RELEASE.jar, file:/D:/develop/repository/org/springframework/plugin/spring-plugin-metadata/1.2.0.RELEASE/spring-plugin-metadata-1.2.0.RELEASE.jar, file:/D:/develop/repository/org/mapstruct/mapstruct/1.2.0.Final/mapstruct-1.2.0.Final.jar, file:/D:/develop/repository/io/springfox/springfox-bean-validators/2.9.2/springfox-bean-validators-2.9.2.jar, file:/D:/itcast2023/xc_edu3.1/code_402/xuecheng-plus-project/xuecheng-plus-base/target/classes/, file:/D:/develop/repository/org/projectlombok/lombok/1.18.8/lombok-1.18.8.jar, file:/D:/develop/repository/org/apache/commons/commons-lang3/3.10/commons-lang3-3.10.jar, file:/D:/develop/repository/com/alibaba/fastjson/1.2.83/fastjson-1.2.83.jar, file:/D:/develop/repository/commons-lang/commons-lang/2.6/commons-lang-2.6.jar, file:/D:/develop/repository/commons-codec/commons-codec/1.14/commons-codec-1.14.jar, file:/D:/develop/repository/io/swagger/swagger-annotations/1.5.20/swagger-annotations-1.5.20.jar, file:/D:/develop/repository/com/j256/simplemagic/simplemagic/1.17/simplemagic-1.17.jar, file:/D:/develop/repository/com/google/zxing/core/3.3.3/core-3.3.3.jar, file:/D:/develop/repository/com/google/zxing/javase/3.3.3/javase-3.3.3.jar, file:/D:/develop/repository/com/beust/jcommander/1.72/jcommander-1.72.jar, file:/D:/develop/repository/com/github/jai-imageio/jai-imageio-core/1.4.0/jai-imageio-core-1.4.0.jar, file:/D:/develop/repository/com/fasterxml/jackson/module/jackson-module-parameter-names/2.11.3/jackson-module-parameter-names-2.11.3.jar, file:/D:/develop/repository/com/fasterxml/jackson/core/jackson-core/2.11.3/jackson-core-2.11.3.jar, file:/D:/develop/repository/com/fasterxml/jackson/datatype/jackson-datatype-jdk8/2.11.3/jackson-datatype-jdk8-2.11.3.jar, file:/D:/develop/repository/com/fasterxml/jackson/datatype/jackson-datatype-jsr310/2.11.3/jackson-datatype-jsr310-2.11.3.jar, file:/D:/develop/repository/com/fasterxml/jackson/core/jackson-annotations/2.11.3/jackson-annotations-2.11.3.jar, file:/D:/IntelliJ%20IDEA%202022.2.3/lib/idea_rt.jar]
2024-10-26 14:35:46,916 DEBUG [main][ClasspathLoggingApplicationListener.java:51] - Application started with classpath: [file:/C:/Program%20Files/Java/jdk1.8.0_202/jre/lib/charsets.jar, file:/C:/Program%20Files/Java/jdk1.8.0_202/jre/lib/deploy.jar, file:/C:/Program%20Files/Java/jdk1.8.0_202/jre/lib/ext/access-bridge-64.jar, file:/C:/Program%20Files/Java/jdk1.8.0_202/jre/lib/ext/cldrdata.jar, file:/C:/Program%20Files/Java/jdk1.8.0_202/jre/lib/ext/dnsns.jar, file:/C:/Program%20Files/Java/jdk1.8.0_202/jre/lib/ext/jaccess.jar, file:/C:/Program%20Files/Java/jdk1.8.0_202/jre/lib/ext/jfxrt.jar, file:/C:/Program%20Files/Java/jdk1.8.0_202/jre/lib/ext/localedata.jar, file:/C:/Program%20Files/Java/jdk1.8.0_202/jre/lib/ext/nashorn.jar, file:/C:/Program%20Files/Java/jdk1.8.0_202/jre/lib/ext/sunec.jar, file:/C:/Program%20Files/Java/jdk1.8.0_202/jre/lib/ext/sunjce_provider.jar, file:/C:/Program%20Files/Java/jdk1.8.0_202/jre/lib/ext/sunmscapi.jar, file:/C:/Program%20Files/Java/jdk1.8.0_202/jre/lib/ext/sunpkcs11.jar, file:/C:/Program%20Files/Java/jdk1.8.0_202/jre/lib/ext/zipfs.jar, file:/C:/Program%20Files/Java/jdk1.8.0_202/jre/lib/javaws.jar, file:/C:/Program%20Files/Java/jdk1.8.0_202/jre/lib/jce.jar, file:/C:/Program%20Files/Java/jdk1.8.0_202/jre/lib/jfr.jar, file:/C:/Program%20Files/Java/jdk1.8.0_202/jre/lib/jfxswt.jar, file:/C:/Program%20Files/Java/jdk1.8.0_202/jre/lib/jsse.jar, file:/C:/Program%20Files/Java/jdk1.8.0_202/jre/lib/management-agent.jar, file:/C:/Program%20Files/Java/jdk1.8.0_202/jre/lib/plugin.jar, file:/C:/Program%20Files/Java/jdk1.8.0_202/jre/lib/resources.jar, file:/C:/Program%20Files/Java/jdk1.8.0_202/jre/lib/rt.jar, file:/D:/itcast2023/xc_edu3.1/code_402/xuecheng-plus-project/xuecheng-plus-content/xuecheng-plus-content-api/target/classes/, file:/D:/itcast2023/xc_edu3.1/code_402/xuecheng-plus-project/xuecheng-plus-content/xuecheng-plus-content-model/target/classes/, file:/D:/develop/repository/com/baomidou/mybatis-plus-annotation/3.4.1/mybatis-plus-annotation-3.4.1.jar, file:/D:/develop/repository/com/baomidou/mybatis-plus-core/3.4.1/mybatis-plus-core-3.4.1.jar, file:/D:/develop/repository/com/github/jsqlparser/jsqlparser/3.2/jsqlparser-3.2.jar, file:/D:/develop/repository/org/mybatis/mybatis/3.5.6/mybatis-3.5.6.jar, file:/D:/develop/repository/org/springframework/cloud/spring-cloud-context/2.2.6.RELEASE/spring-cloud-context-2.2.6.RELEASE.jar, file:/D:/develop/repository/org/springframework/security/spring-security-crypto/5.3.6.RELEASE/spring-security-crypto-5.3.6.RELEASE.jar, file:/D:/develop/repository/org/springframework/boot/spring-boot-starter-web/2.3.7.RELEASE/spring-boot-starter-web-2.3.7.RELEASE.jar, file:/D:/develop/repository/org/springframework/boot/spring-boot-starter-json/2.3.7.RELEASE/spring-boot-starter-json-2.3.7.RELEASE.jar, file:/D:/develop/repository/com/fasterxml/jackson/core/jackson-databind/2.11.3/jackson-databind-2.11.3.jar, file:/D:/develop/repository/org/springframework/boot/spring-boot-starter-tomcat/2.3.7.RELEASE/spring-boot-starter-tomcat-2.3.7.RELEASE.jar, file:/D:/develop/repository/org/apache/tomcat/embed/tomcat-embed-core/9.0.41/tomcat-embed-core-9.0.41.jar, file:/D:/develop/repository/org/apache/tomcat/embed/tomcat-embed-websocket/9.0.41/tomcat-embed-websocket-9.0.41.jar, file:/D:/develop/repository/org/springframework/spring-web/5.2.12.RELEASE/spring-web-5.2.12.RELEASE.jar, file:/D:/develop/repository/org/springframework/spring-beans/5.2.12.RELEASE/spring-beans-5.2.12.RELEASE.jar, file:/D:/develop/repository/org/springframework/spring-webmvc/5.2.12.RELEASE/spring-webmvc-5.2.12.RELEASE.jar, file:/D:/develop/repository/org/springframework/spring-aop/5.2.12.RELEASE/spring-aop-5.2.12.RELEASE.jar, file:/D:/develop/repository/org/springframework/spring-context/5.2.12.RELEASE/spring-context-5.2.12.RELEASE.jar, file:/D:/develop/repository/org/springframework/spring-expression/5.2.12.RELEASE/spring-expression-5.2.12.RELEASE.jar, file:/D:/develop/repository/org/springframework/boot/spring-boot-starter/2.3.7.RELEASE/spring-boot-starter-2.3.7.RELEASE.jar, file:/D:/develop/repository/org/springframework/boot/spring-boot/2.3.7.RELEASE/spring-boot-2.3.7.RELEASE.jar, file:/D:/develop/repository/org/springframework/boot/spring-boot-autoconfigure/2.3.7.RELEASE/spring-boot-autoconfigure-2.3.7.RELEASE.jar, file:/D:/develop/repository/jakarta/annotation/jakarta.annotation-api/1.3.5/jakarta.annotation-api-1.3.5.jar, file:/D:/develop/repository/org/springframework/spring-core/5.2.12.RELEASE/spring-core-5.2.12.RELEASE.jar, file:/D:/develop/repository/org/springframework/spring-jcl/5.2.12.RELEASE/spring-jcl-5.2.12.RELEASE.jar, file:/D:/develop/repository/org/yaml/snakeyaml/1.26/snakeyaml-1.26.jar, file:/D:/develop/repository/org/springframework/boot/spring-boot-starter-validation/2.3.7.RELEASE/spring-boot-starter-validation-2.3.7.RELEASE.jar, file:/D:/develop/repository/org/glassfish/jakarta.el/3.0.3/jakarta.el-3.0.3.jar, file:/D:/develop/repository/org/hibernate/validator/hibernate-validator/6.1.6.Final/hibernate-validator-6.1.6.Final.jar, file:/D:/develop/repository/jakarta/validation/jakarta.validation-api/2.0.2/jakarta.validation-api-2.0.2.jar, file:/D:/develop/repository/org/jboss/logging/jboss-logging/3.4.1.Final/jboss-logging-3.4.1.Final.jar, file:/D:/develop/repository/com/fasterxml/classmate/1.5.1/classmate-1.5.1.jar, file:/D:/develop/repository/org/springframework/boot/spring-boot-starter-log4j2/2.3.7.RELEASE/spring-boot-starter-log4j2-2.3.7.RELEASE.jar, file:/D:/develop/repository/org/apache/logging/log4j/log4j-slf4j-impl/2.13.3/log4j-slf4j-impl-2.13.3.jar, file:/D:/develop/repository/org/slf4j/slf4j-api/1.7.30/slf4j-api-1.7.30.jar, file:/D:/develop/repository/org/apache/logging/log4j/log4j-api/2.13.3/log4j-api-2.13.3.jar, file:/D:/develop/repository/org/apache/logging/log4j/log4j-core/2.13.3/log4j-core-2.13.3.jar, file:/D:/develop/repository/org/apache/logging/log4j/log4j-jul/2.13.3/log4j-jul-2.13.3.jar, file:/D:/develop/repository/org/slf4j/jul-to-slf4j/1.7.30/jul-to-slf4j-1.7.30.jar, file:/D:/develop/repository/com/spring4all/swagger-spring-boot-starter/1.9.0.RELEASE/swagger-spring-boot-starter-1.9.0.RELEASE.jar, file:/D:/develop/repository/io/springfox/springfox-swagger-ui/2.9.2/springfox-swagger-ui-2.9.2.jar, file:/D:/develop/repository/io/springfox/springfox-spring-web/2.9.2/springfox-spring-web-2.9.2.jar, file:/D:/develop/repository/io/springfox/springfox-swagger2/2.9.2/springfox-swagger2-2.9.2.jar, file:/D:/develop/repository/io/swagger/swagger-models/1.5.20/swagger-models-1.5.20.jar, file:/D:/develop/repository/io/springfox/springfox-spi/2.9.2/springfox-spi-2.9.2.jar, file:/D:/develop/repository/io/springfox/springfox-core/2.9.2/springfox-core-2.9.2.jar, file:/D:/develop/repository/net/bytebuddy/byte-buddy/1.10.18/byte-buddy-1.10.18.jar, file:/D:/develop/repository/io/springfox/springfox-schema/2.9.2/springfox-schema-2.9.2.jar, file:/D:/develop/repository/io/springfox/springfox-swagger-common/2.9.2/springfox-swagger-common-2.9.2.jar, file:/D:/develop/repository/com/google/guava/guava/25.0-jre/guava-25.0-jre.jar, file:/D:/develop/repository/com/google/code/findbugs/jsr305/1.3.9/jsr305-1.3.9.jar, file:/D:/develop/repository/org/checkerframework/checker-compat-qual/2.0.0/checker-compat-qual-2.0.0.jar, file:/D:/develop/repository/com/google/errorprone/error_prone_annotations/2.1.3/error_prone_annotations-2.1.3.jar, file:/D:/develop/repository/com/google/j2objc/j2objc-annotations/1.1/j2objc-annotations-1.1.jar, file:/D:/develop/repository/org/codehaus/mojo/animal-sniffer-annotations/1.14/animal-sniffer-annotations-1.14.jar, file:/D:/develop/repository/org/springframework/plugin/spring-plugin-core/1.2.0.RELEASE/spring-plugin-core-1.2.0.RELEASE.jar, file:/D:/develop/repository/org/springframework/plugin/spring-plugin-metadata/1.2.0.RELEASE/spring-plugin-metadata-1.2.0.RELEASE.jar, file:/D:/develop/repository/org/mapstruct/mapstruct/1.2.0.Final/mapstruct-1.2.0.Final.jar, file:/D:/develop/repository/io/springfox/springfox-bean-validators/2.9.2/springfox-bean-validators-2.9.2.jar, file:/D:/itcast2023/xc_edu3.1/code_402/xuecheng-plus-project/xuecheng-plus-base/target/classes/, file:/D:/develop/repository/org/projectlombok/lombok/1.18.8/lombok-1.18.8.jar, file:/D:/develop/repository/org/apache/commons/commons-lang3/3.10/commons-lang3-3.10.jar, file:/D:/develop/repository/com/alibaba/fastjson/1.2.83/fastjson-1.2.83.jar, file:/D:/develop/repository/commons-lang/commons-lang/2.6/commons-lang-2.6.jar, file:/D:/develop/repository/commons-codec/commons-codec/1.14/commons-codec-1.14.jar, file:/D:/develop/repository/io/swagger/swagger-annotations/1.5.20/swagger-annotations-1.5.20.jar, file:/D:/develop/repository/com/j256/simplemagic/simplemagic/1.17/simplemagic-1.17.jar, file:/D:/develop/repository/com/google/zxing/core/3.3.3/core-3.3.3.jar, file:/D:/develop/repository/com/google/zxing/javase/3.3.3/javase-3.3.3.jar, file:/D:/develop/repository/com/beust/jcommander/1.72/jcommander-1.72.jar, file:/D:/develop/repository/com/github/jai-imageio/jai-imageio-core/1.4.0/jai-imageio-core-1.4.0.jar, file:/D:/develop/repository/com/fasterxml/jackson/module/jackson-module-parameter-names/2.11.3/jackson-module-parameter-names-2.11.3.jar, file:/D:/develop/repository/com/fasterxml/jackson/core/jackson-core/2.11.3/jackson-core-2.11.3.jar, file:/D:/develop/repository/com/fasterxml/jackson/datatype/jackson-datatype-jdk8/2.11.3/jackson-datatype-jdk8-2.11.3.jar, file:/D:/develop/repository/com/fasterxml/jackson/datatype/jackson-datatype-jsr310/2.11.3/jackson-datatype-jsr310-2.11.3.jar, file:/D:/develop/repository/com/fasterxml/jackson/core/jackson-annotations/2.11.3/jackson-annotations-2.11.3.jar, file:/D:/IntelliJ%20IDEA%202022.2.3/lib/idea_rt.jar]
2024-10-26 14:35:46,926 INFO [main][SpringApplication.java:651] - No active profile set, falling back to default profiles: default
2024-10-26 14:35:46,926 INFO [main][SpringApplication.java:651] - No active profile set, falling back to default profiles: default
2024-10-26 14:35:46,926 DEBUG [main][SpringApplication.java:679] - Loading source class com.xuecheng.ContentApplication,class org.springframework.cloud.bootstrap.BootstrapApplicationListener$BootstrapMarkerConfiguration
2024-10-26 14:35:46,926 DEBUG [main][SpringApplication.java:679] - Loading source class com.xuecheng.ContentApplication,class org.springframework.cloud.bootstrap.BootstrapApplicationListener$BootstrapMarkerConfiguration
2024-10-26 14:35:46,935 DEBUG [main][AbstractApplicationContext.java:596] - Refreshing org.springframework.boot.web.servlet.context.AnnotationConfigServletWebServerApplicationContext@74a6a609
2024-10-26 14:35:46,935 DEBUG [main][AbstractApplicationContext.java:596] - Refreshing org.springframework.boot.web.servlet.context.AnnotationConfigServletWebServerApplicationContext@74a6a609
2024-10-26 14:35:46,939 DEBUG [main][DefaultSingletonBeanRegistry.java:225] - Creating shared instance of singleton bean 'org.springframework.context.annotation.internalConfigurationAnnotationProcessor'
2024-10-26 14:35:46,939 DEBUG [main][DefaultSingletonBeanRegistry.java:225] - Creating shared instance of singleton bean 'org.springframework.context.annotation.internalConfigurationAnnotationProcessor'
2024-10-26 14:35:46,940 DEBUG [main][DefaultSingletonBeanRegistry.java:225] - Creating shared instance of singleton bean 'org.springframework.boot.autoconfigure.internalCachingMetadataReaderFactory'
2024-10-26 14:35:46,940 DEBUG [main][DefaultSingletonBeanRegistry.java:225] - Creating shared instance of singleton bean 'org.springframework.boot.autoconfigure.internalCachingMetadataReaderFactory'
2024-10-26 14:35:46,957 DEBUG [main][ClassPathScanningCandidateComponentProvider.java:435] - Identified candidate component class: file [D:\itcast2023\xc_edu3.1\code_402\xuecheng-plus-project\xuecheng-plus-content\xuecheng-plus-content-api\target\classes\com\xuecheng\content\api\CourseBaseInfoController.class]
2024-10-26 14:35:46,957 DEBUG [main][ClassPathScanningCandidateComponentProvider.java:435] - Identified candidate component class: file [D:\itcast2023\xc_edu3.1\code_402\xuecheng-plus-project\xuecheng-plus-content\xuecheng-plus-content-api\target\classes\com\xuecheng\content\api\CourseBaseInfoController.class]
2024-10-26 14:35:47,064 DEBUG [main][PropertySourcesPropertyResolver.java:115] - Found key 'spring.jmx.enabled' in PropertySource 'configurationProperties' with value of type String
2024-10-26 14:35:47,064 DEBUG [main][PropertySourcesPropertyResolver.java:115] - Found key 'spring.jmx.enabled' in PropertySource 'configurationProperties' with value of type String
2024-10-26 14:35:47,066 DEBUG [main][PropertySourcesPropertyResolver.java:115] - Found key 'spring.application.admin.enabled' in PropertySource 'configurationProperties' with value of type String
2024-10-26 14:35:47,066 DEBUG [main][PropertySourcesPropertyResolver.java:115] - Found key 'spring.application.admin.enabled' in PropertySource 'configurationProperties' with value of type String
2024-10-26 14:35:47,183 DEBUG [main][PropertySourcesPropertyResolver.java:115] - Found key 'spring.jmx.enabled' in PropertySource 'configurationProperties' with value of type String
2024-10-26 14:35:47,183 DEBUG [main][PropertySourcesPropertyResolver.java:115] - Found key 'spring.jmx.enabled' in PropertySource 'configurationProperties' with value of type String
2024-10-26 14:35:47,190 DEBUG [main][PropertySourcesPropertyResolver.java:115] - Found key 'spring.application.admin.enabled' in PropertySource 'configurationProperties' with value of type String
2024-10-26 14:35:47,190 DEBUG [main][PropertySourcesPropertyResolver.java:115] - Found key 'spring.application.admin.enabled' in PropertySource 'configurationProperties' with value of type String
2024-10-26 14:35:47,245 DEBUG [main][DefaultSingletonBeanRegistry.java:225] - Creating shared instance of singleton bean 'refreshScope'
2024-10-26 14:35:47,245 DEBUG [main][DefaultSingletonBeanRegistry.java:225] - Creating shared instance of singleton bean 'refreshScope'
2024-10-26 14:35:47,247 DEBUG [main][DefaultSingletonBeanRegistry.java:225] - Creating shared instance of singleton bean 'org.springframework.cloud.autoconfigure.RefreshAutoConfiguration$RefreshScopeBeanDefinitionEnhancer'
2024-10-26 14:35:47,247 DEBUG [main][DefaultSingletonBeanRegistry.java:225] - Creating shared instance of singleton bean 'org.springframework.cloud.autoconfigure.RefreshAutoConfiguration$RefreshScopeBeanDefinitionEnhancer'
2024-10-26 14:35:47,311 DEBUG [main][GenericScope.java:291] - Generating bean factory id from names: [applicationAvailability, applicationTaskExecutor, basicErrorController, beanNameHandlerMapping, beanNameViewResolver, bootstrapApplicationListener.BootstrapMarkerConfiguration, characterEncodingFilter, configurationPropertiesBeans, configurationPropertiesRebinder, contentApplication, contextRefresher, conventionErrorViewResolver, courseBaseInfoController, defaultServletHandlerMapping, defaultValidator, defaultViewResolver, dispatcherServlet, dispatcherServletRegistration, environmentManager, error, errorAttributes, errorPageCustomizer, errorPageRegistrarBeanPostProcessor, formContentFilter, handlerExceptionResolver, handlerFunctionAdapter, httpRequestHandlerAdapter, jacksonObjectMapper, jacksonObjectMapperBuilder, jsonComponentModule, lifecycleProcessor, localeCharsetMappingsCustomizer, loggingRebinder, mappingJackson2HttpMessageConverter, mbeanExporter, mbeanServer, messageConverters, methodValidationPostProcessor, multipartConfigElement, multipartResolver, mvcContentNegotiationManager, mvcConversionService, mvcHandlerMappingIntrospector, mvcPathMatcher, mvcResourceUrlProvider, mvcUriComponentsContributor, mvcUrlPathHelper, mvcValidator, mvcViewResolver, objectNamingStrategy, org.springframework.boot.autoconfigure.AutoConfigurationPackages, org.springframework.boot.autoconfigure.admin.SpringApplicationAdminJmxAutoConfiguration, org.springframework.boot.autoconfigure.aop.AopAutoConfiguration, org.springframework.boot.autoconfigure.aop.AopAutoConfiguration$ClassProxyingConfiguration, org.springframework.boot.autoconfigure.availability.ApplicationAvailabilityAutoConfiguration, org.springframework.boot.autoconfigure.context.ConfigurationPropertiesAutoConfiguration, org.springframework.boot.autoconfigure.context.LifecycleAutoConfiguration, org.springframework.boot.autoconfigure.context.PropertyPlaceholderAutoConfiguration, org.springframework.boot.autoconfigure.http.HttpMessageConvertersAutoConfiguration, org.springframework.boot.autoconfigure.http.HttpMessageConvertersAutoConfiguration$StringHttpMessageConverterConfiguration, org.springframework.boot.autoconfigure.http.JacksonHttpMessageConvertersConfiguration, org.springframework.boot.autoconfigure.http.JacksonHttpMessageConvertersConfiguration$MappingJackson2HttpMessageConverterConfiguration, org.springframework.boot.autoconfigure.info.ProjectInfoAutoConfiguration, org.springframework.boot.autoconfigure.internalCachingMetadataReaderFactory, org.springframework.boot.autoconfigure.jackson.JacksonAutoConfiguration, org.springframework.boot.autoconfigure.jackson.JacksonAutoConfiguration$Jackson2ObjectMapperBuilderCustomizerConfiguration, org.springframework.boot.autoconfigure.jackson.JacksonAutoConfiguration$JacksonObjectMapperBuilderConfiguration, org.springframework.boot.autoconfigure.jackson.JacksonAutoConfiguration$JacksonObjectMapperConfiguration, org.springframework.boot.autoconfigure.jackson.JacksonAutoConfiguration$ParameterNamesModuleConfiguration, org.springframework.boot.autoconfigure.jmx.JmxAutoConfiguration, org.springframework.boot.autoconfigure.task.TaskExecutionAutoConfiguration, org.springframework.boot.autoconfigure.task.TaskSchedulingAutoConfiguration, org.springframework.boot.autoconfigure.validation.ValidationAutoConfiguration, org.springframework.boot.autoconfigure.web.client.RestTemplateAutoConfiguration, org.springframework.boot.autoconfigure.web.embedded.EmbeddedWebServerFactoryCustomizerAutoConfiguration, org.springframework.boot.autoconfigure.web.embedded.EmbeddedWebServerFactoryCustomizerAutoConfiguration$TomcatWebServerFactoryCustomizerConfiguration, org.springframework.boot.autoconfigure.web.servlet.DispatcherServletAutoConfiguration, org.springframework.boot.autoconfigure.web.servlet.DispatcherServletAutoConfiguration$DispatcherServletConfiguration, org.springframework.boot.autoconfigure.web.servlet.DispatcherServletAutoConfiguration$DispatcherServletRegistrationConfiguration, org.springframework.boot.autoconfigure.web.servlet.HttpEncodingAutoConfiguration, org.springframework.boot.autoconfigure.web.servlet.MultipartAutoConfiguration, org.springframework.boot.autoconfigure.web.servlet.ServletWebServerFactoryAutoConfiguration, org.springframework.boot.autoconfigure.web.servlet.ServletWebServerFactoryConfiguration$EmbeddedTomcat, org.springframework.boot.autoconfigure.web.servlet.WebMvcAutoConfiguration, org.springframework.boot.autoconfigure.web.servlet.WebMvcAutoConfiguration$EnableWebMvcConfiguration, org.springframework.boot.autoconfigure.web.servlet.WebMvcAutoConfiguration$WebMvcAutoConfigurationAdapter, org.springframework.boot.autoconfigure.web.servlet.error.ErrorMvcAutoConfiguration, org.springframework.boot.autoconfigure.web.servlet.error.ErrorMvcAutoConfiguration$DefaultErrorViewResolverConfiguration, org.springframework.boot.autoconfigure.web.servlet.error.ErrorMvcAutoConfiguration$WhitelabelErrorViewConfiguration, org.springframework.boot.autoconfigure.websocket.servlet.WebSocketServletAutoConfiguration, org.springframework.boot.autoconfigure.websocket.servlet.WebSocketServletAutoConfiguration$TomcatWebSocketConfiguration, org.springframework.boot.context.internalConfigurationPropertiesBinder, org.springframework.boot.context.internalConfigurationPropertiesBinderFactory, org.springframework.boot.context.properties.BoundConfigurationProperties, org.springframework.boot.context.properties.ConfigurationBeanFactoryMetadata, org.springframework.boot.context.properties.ConfigurationPropertiesBindingPostProcessor, org.springframework.cloud.autoconfigure.ConfigurationPropertiesRebinderAutoConfiguration, org.springframework.cloud.autoconfigure.LifecycleMvcEndpointAutoConfiguration, org.springframework.cloud.autoconfigure.RefreshAutoConfiguration, org.springframework.cloud.autoconfigure.RefreshAutoConfiguration$RefreshScopeBeanDefinitionEnhancer, org.springframework.context.annotation.internalAutowiredAnnotationProcessor, org.springframework.context.annotation.internalCommonAnnotationProcessor, org.springframework.context.annotation.internalConfigurationAnnotationProcessor, org.springframework.context.event.internalEventListenerFactory, org.springframework.context.event.internalEventListenerProcessor, parameterNamesModule, preserveErrorControllerTargetClassPostProcessor, propertySourcesPlaceholderConfigurer, refreshEventListener, refreshScope, requestContextFilter, requestMappingHandlerAdapter, requestMappingHandlerMapping, resourceHandlerMapping, restTemplateBuilder, routerFunctionMapping, server-org.springframework.boot.autoconfigure.web.ServerProperties, servletWebServerFactoryCustomizer, simpleControllerHandlerAdapter, spring.info-org.springframework.boot.autoconfigure.info.ProjectInfoProperties, spring.jackson-org.springframework.boot.autoconfigure.jackson.JacksonProperties, spring.lifecycle-org.springframework.boot.autoconfigure.context.LifecycleProperties, spring.mvc-org.springframework.boot.autoconfigure.web.servlet.WebMvcProperties, spring.resources-org.springframework.boot.autoconfigure.web.ResourceProperties, spring.servlet.multipart-org.springframework.boot.autoconfigure.web.servlet.MultipartProperties, spring.task.execution-org.springframework.boot.autoconfigure.task.TaskExecutionProperties, spring.task.scheduling-org.springframework.boot.autoconfigure.task.TaskSchedulingProperties, springApplicationAdminRegistrar, standardJacksonObjectMapperBuilderCustomizer, stringHttpMessageConverter, taskExecutorBuilder, taskSchedulerBuilder, tomcatServletWebServerFactory, tomcatServletWebServerFactoryCustomizer, tomcatWebServerFactoryCustomizer, viewControllerHandlerMapping, viewResolver, webServerFactoryCustomizerBeanPostProcessor, websocketServletWebServerCustomizer, welcomePageHandlerMapping]
2024-10-26 14:35:47,311 DEBUG [main][GenericScope.java:291] - Generating bean factory id from names: [applicationAvailability, applicationTaskExecutor, basicErrorController, beanNameHandlerMapping, beanNameViewResolver, bootstrapApplicationListener.BootstrapMarkerConfiguration, characterEncodingFilter, configurationPropertiesBeans, configurationPropertiesRebinder, contentApplication, contextRefresher, conventionErrorViewResolver, courseBaseInfoController, defaultServletHandlerMapping, defaultValidator, defaultViewResolver, dispatcherServlet, dispatcherServletRegistration, environmentManager, error, errorAttributes, errorPageCustomizer, errorPageRegistrarBeanPostProcessor, formContentFilter, handlerExceptionResolver, handlerFunctionAdapter, httpRequestHandlerAdapter, jacksonObjectMapper, jacksonObjectMapperBuilder, jsonComponentModule, lifecycleProcessor, localeCharsetMappingsCustomizer, loggingRebinder, mappingJackson2HttpMessageConverter, mbeanExporter, mbeanServer, messageConverters, methodValidationPostProcessor, multipartConfigElement, multipartResolver, mvcContentNegotiationManager, mvcConversionService, mvcHandlerMappingIntrospector, mvcPathMatcher, mvcResourceUrlProvider, mvcUriComponentsContributor, mvcUrlPathHelper, mvcValidator, mvcViewResolver, objectNamingStrategy, org.springframework.boot.autoconfigure.AutoConfigurationPackages, org.springframework.boot.autoconfigure.admin.SpringApplicationAdminJmxAutoConfiguration, org.springframework.boot.autoconfigure.aop.AopAutoConfiguration, org.springframework.boot.autoconfigure.aop.AopAutoConfiguration$ClassProxyingConfiguration, org.springframework.boot.autoconfigure.availability.ApplicationAvailabilityAutoConfiguration, org.springframework.boot.autoconfigure.context.ConfigurationPropertiesAutoConfiguration, org.springframework.boot.autoconfigure.context.LifecycleAutoConfiguration, org.springframework.boot.autoconfigure.context.PropertyPlaceholderAutoConfiguration, org.springframework.boot.autoconfigure.http.HttpMessageConvertersAutoConfiguration, org.springframework.boot.autoconfigure.http.HttpMessageConvertersAutoConfiguration$StringHttpMessageConverterConfiguration, org.springframework.boot.autoconfigure.http.JacksonHttpMessageConvertersConfiguration, org.springframework.boot.autoconfigure.http.JacksonHttpMessageConvertersConfiguration$MappingJackson2HttpMessageConverterConfiguration, org.springframework.boot.autoconfigure.info.ProjectInfoAutoConfiguration, org.springframework.boot.autoconfigure.internalCachingMetadataReaderFactory, org.springframework.boot.autoconfigure.jackson.JacksonAutoConfiguration, org.springframework.boot.autoconfigure.jackson.JacksonAutoConfiguration$Jackson2ObjectMapperBuilderCustomizerConfiguration, org.springframework.boot.autoconfigure.jackson.JacksonAutoConfiguration$JacksonObjectMapperBuilderConfiguration, org.springframework.boot.autoconfigure.jackson.JacksonAutoConfiguration$JacksonObjectMapperConfiguration, org.springframework.boot.autoconfigure.jackson.JacksonAutoConfiguration$ParameterNamesModuleConfiguration, org.springframework.boot.autoconfigure.jmx.JmxAutoConfiguration, org.springframework.boot.autoconfigure.task.TaskExecutionAutoConfiguration, org.springframework.boot.autoconfigure.task.TaskSchedulingAutoConfiguration, org.springframework.boot.autoconfigure.validation.ValidationAutoConfiguration, org.springframework.boot.autoconfigure.web.client.RestTemplateAutoConfiguration, org.springframework.boot.autoconfigure.web.embedded.EmbeddedWebServerFactoryCustomizerAutoConfiguration, org.springframework.boot.autoconfigure.web.embedded.EmbeddedWebServerFactoryCustomizerAutoConfiguration$TomcatWebServerFactoryCustomizerConfiguration, org.springframework.boot.autoconfigure.web.servlet.DispatcherServletAutoConfiguration, org.springframework.boot.autoconfigure.web.servlet.DispatcherServletAutoConfiguration$DispatcherServletConfiguration, org.springframework.boot.autoconfigure.web.servlet.DispatcherServletAutoConfiguration$DispatcherServletRegistrationConfiguration, org.springframework.boot.autoconfigure.web.servlet.HttpEncodingAutoConfiguration, org.springframework.boot.autoconfigure.web.servlet.MultipartAutoConfiguration, org.springframework.boot.autoconfigure.web.servlet.ServletWebServerFactoryAutoConfiguration, org.springframework.boot.autoconfigure.web.servlet.ServletWebServerFactoryConfiguration$EmbeddedTomcat, org.springframework.boot.autoconfigure.web.servlet.WebMvcAutoConfiguration, org.springframework.boot.autoconfigure.web.servlet.WebMvcAutoConfiguration$EnableWebMvcConfiguration, org.springframework.boot.autoconfigure.web.servlet.WebMvcAutoConfiguration$WebMvcAutoConfigurationAdapter, org.springframework.boot.autoconfigure.web.servlet.error.ErrorMvcAutoConfiguration, org.springframework.boot.autoconfigure.web.servlet.error.ErrorMvcAutoConfiguration$DefaultErrorViewResolverConfiguration, org.springframework.boot.autoconfigure.web.servlet.error.ErrorMvcAutoConfiguration$WhitelabelErrorViewConfiguration, org.springframework.boot.autoconfigure.websocket.servlet.WebSocketServletAutoConfiguration, org.springframework.boot.autoconfigure.websocket.servlet.WebSocketServletAutoConfiguration$TomcatWebSocketConfiguration, org.springframework.boot.context.internalConfigurationPropertiesBinder, org.springframework.boot.context.internalConfigurationPropertiesBinderFactory, org.springframework.boot.context.properties.BoundConfigurationProperties, org.springframework.boot.context.properties.ConfigurationBeanFactoryMetadata, org.springframework.boot.context.properties.ConfigurationPropertiesBindingPostProcessor, org.springframework.cloud.autoconfigure.ConfigurationPropertiesRebinderAutoConfiguration, org.springframework.cloud.autoconfigure.LifecycleMvcEndpointAutoConfiguration, org.springframework.cloud.autoconfigure.RefreshAutoConfiguration, org.springframework.cloud.autoconfigure.RefreshAutoConfiguration$RefreshScopeBeanDefinitionEnhancer, org.springframework.context.annotation.internalAutowiredAnnotationProcessor, org.springframework.context.annotation.internalCommonAnnotationProcessor, org.springframework.context.annotation.internalConfigurationAnnotationProcessor, org.springframework.context.event.internalEventListenerFactory, org.springframework.context.event.internalEventListenerProcessor, parameterNamesModule, preserveErrorControllerTargetClassPostProcessor, propertySourcesPlaceholderConfigurer, refreshEventListener, refreshScope, requestContextFilter, requestMappingHandlerAdapter, requestMappingHandlerMapping, resourceHandlerMapping, restTemplateBuilder, routerFunctionMapping, server-org.springframework.boot.autoconfigure.web.ServerProperties, servletWebServerFactoryCustomizer, simpleControllerHandlerAdapter, spring.info-org.springframework.boot.autoconfigure.info.ProjectInfoProperties, spring.jackson-org.springframework.boot.autoconfigure.jackson.JacksonProperties, spring.lifecycle-org.springframework.boot.autoconfigure.context.LifecycleProperties, spring.mvc-org.springframework.boot.autoconfigure.web.servlet.WebMvcProperties, spring.resources-org.springframework.boot.autoconfigure.web.ResourceProperties, spring.servlet.multipart-org.springframework.boot.autoconfigure.web.servlet.MultipartProperties, spring.task.execution-org.springframework.boot.autoconfigure.task.TaskExecutionProperties, spring.task.scheduling-org.springframework.boot.autoconfigure.task.TaskSchedulingProperties, springApplicationAdminRegistrar, standardJacksonObjectMapperBuilderCustomizer, stringHttpMessageConverter, taskExecutorBuilder, taskSchedulerBuilder, tomcatServletWebServerFactory, tomcatServletWebServerFactoryCustomizer, tomcatWebServerFactoryCustomizer, viewControllerHandlerMapping, viewResolver, webServerFactoryCustomizerBeanPostProcessor, websocketServletWebServerCustomizer, welcomePageHandlerMapping]
2024-10-26 14:35:47,311 INFO [main][GenericScope.java:295] - BeanFactory id=42542b52-65e0-300c-a703-0e8102bfc45d
2024-10-26 14:35:47,311 INFO [main][GenericScope.java:295] - BeanFactory id=42542b52-65e0-300c-a703-0e8102bfc45d
2024-10-26 14:35:47,312 DEBUG [main][DefaultSingletonBeanRegistry.java:225] - Creating shared instance of singleton bean 'propertySourcesPlaceholderConfigurer'
2024-10-26 14:35:47,312 DEBUG [main][DefaultSingletonBeanRegistry.java:225] - Creating shared instance of singleton bean 'propertySourcesPlaceholderConfigurer'
2024-10-26 14:35:47,313 DEBUG [main][DefaultSingletonBeanRegistry.java:225] - Creating shared instance of singleton bean 'org.springframework.context.event.internalEventListenerProcessor'
2024-10-26 14:35:47,313 DEBUG [main][DefaultSingletonBeanRegistry.java:225] - Creating shared instance of singleton bean 'org.springframework.context.event.internalEventListenerProcessor'
2024-10-26 14:35:47,313 DEBUG [main][DefaultSingletonBeanRegistry.java:225] - Creating shared instance of singleton bean 'preserveErrorControllerTargetClassPostProcessor'
2024-10-26 14:35:47,313 DEBUG [main][DefaultSingletonBeanRegistry.java:225] - Creating shared instance of singleton bean 'preserveErrorControllerTargetClassPostProcessor'
2024-10-26 14:35:47,314 DEBUG [main][DefaultSingletonBeanRegistry.java:225] - Creating shared instance of singleton bean 'org.springframework.context.event.internalEventListenerFactory'
2024-10-26 14:35:47,314 DEBUG [main][DefaultSingletonBeanRegistry.java:225] - Creating shared instance of singleton bean 'org.springframework.context.event.internalEventListenerFactory'
2024-10-26 14:35:47,316 DEBUG [main][DefaultSingletonBeanRegistry.java:225] - Creating shared instance of singleton bean 'org.springframework.context.annotation.internalAutowiredAnnotationProcessor'
2024-10-26 14:35:47,316 DEBUG [main][DefaultSingletonBeanRegistry.java:225] - Creating shared instance of singleton bean 'org.springframework.context.annotation.internalAutowiredAnnotationProcessor'
2024-10-26 14:35:47,316 DEBUG [main][DefaultSingletonBeanRegistry.java:225] - Creating shared instance of singleton bean 'org.springframework.context.annotation.internalCommonAnnotationProcessor'
2024-10-26 14:35:47,316 DEBUG [main][DefaultSingletonBeanRegistry.java:225] - Creating shared instance of singleton bean 'org.springframework.context.annotation.internalCommonAnnotationProcessor'
2024-10-26 14:35:47,317 DEBUG [main][DefaultSingletonBeanRegistry.java:225] - Creating shared instance of singleton bean 'org.springframework.boot.context.properties.ConfigurationPropertiesBindingPostProcessor'
2024-10-26 14:35:47,317 DEBUG [main][DefaultSingletonBeanRegistry.java:225] - Creating shared instance of singleton bean 'org.springframework.boot.context.properties.ConfigurationPropertiesBindingPostProcessor'
2024-10-26 14:35:47,317 DEBUG [main][DefaultSingletonBeanRegistry.java:225] - Creating shared instance of singleton bean 'org.springframework.boot.context.internalConfigurationPropertiesBinder'
2024-10-26 14:35:47,317 DEBUG [main][DefaultSingletonBeanRegistry.java:225] - Creating shared instance of singleton bean 'org.springframework.boot.context.internalConfigurationPropertiesBinder'
2024-10-26 14:35:47,317 DEBUG [main][DefaultSingletonBeanRegistry.java:225] - Creating shared instance of singleton bean 'org.springframework.boot.context.internalConfigurationPropertiesBinderFactory'
2024-10-26 14:35:47,317 DEBUG [main][DefaultSingletonBeanRegistry.java:225] - Creating shared instance of singleton bean 'org.springframework.boot.context.internalConfigurationPropertiesBinderFactory'
2024-10-26 14:35:47,317 DEBUG [main][DefaultSingletonBeanRegistry.java:225] - Creating shared instance of singleton bean 'methodValidationPostProcessor'
2024-10-26 14:35:47,317 DEBUG [main][DefaultSingletonBeanRegistry.java:225] - Creating shared instance of singleton bean 'methodValidationPostProcessor'
2024-10-26 14:35:47,324 DEBUG [main][ConstructorResolver.java:807] - Autowiring by type from bean name 'methodValidationPostProcessor' via factory method to bean named 'environment'
2024-10-26 14:35:47,324 DEBUG [main][ConstructorResolver.java:807] - Autowiring by type from bean name 'methodValidationPostProcessor' via factory method to bean named 'environment'
2024-10-26 14:35:47,328 DEBUG [main][DefaultSingletonBeanRegistry.java:225] - Creating shared instance of singleton bean 'webServerFactoryCustomizerBeanPostProcessor'
2024-10-26 14:35:47,328 DEBUG [main][DefaultSingletonBeanRegistry.java:225] - Creating shared instance of singleton bean 'webServerFactoryCustomizerBeanPostProcessor'
2024-10-26 14:35:47,329 DEBUG [main][DefaultSingletonBeanRegistry.java:225] - Creating shared instance of singleton bean 'errorPageRegistrarBeanPostProcessor'
2024-10-26 14:35:47,329 DEBUG [main][DefaultSingletonBeanRegistry.java:225] - Creating shared instance of singleton bean 'errorPageRegistrarBeanPostProcessor'
2024-10-26 14:35:47,329 DEBUG [main][DefaultSingletonBeanRegistry.java:225] - Creating shared instance of singleton bean 'configurationPropertiesBeans'
2024-10-26 14:35:47,329 DEBUG [main][DefaultSingletonBeanRegistry.java:225] - Creating shared instance of singleton bean 'configurationPropertiesBeans'
2024-10-26 14:35:47,331 DEBUG [main][UiApplicationContextUtils.java:85] - Unable to locate ThemeSource with name 'themeSource': using default [org.springframework.ui.context.support.ResourceBundleThemeSource@4c7a078]
2024-10-26 14:35:47,331 DEBUG [main][UiApplicationContextUtils.java:85] - Unable to locate ThemeSource with name 'themeSource': using default [org.springframework.ui.context.support.ResourceBundleThemeSource@4c7a078]
2024-10-26 14:35:47,332 DEBUG [main][DefaultSingletonBeanRegistry.java:225] - Creating shared instance of singleton bean 'tomcatServletWebServerFactory'
2024-10-26 14:35:47,332 DEBUG [main][DefaultSingletonBeanRegistry.java:225] - Creating shared instance of singleton bean 'tomcatServletWebServerFactory'
2024-10-26 14:35:47,332 DEBUG [main][DefaultSingletonBeanRegistry.java:225] - Creating shared instance of singleton bean 'org.springframework.boot.autoconfigure.web.servlet.ServletWebServerFactoryConfiguration$EmbeddedTomcat'
2024-10-26 14:35:47,332 DEBUG [main][DefaultSingletonBeanRegistry.java:225] - Creating shared instance of singleton bean 'org.springframework.boot.autoconfigure.web.servlet.ServletWebServerFactoryConfiguration$EmbeddedTomcat'
2024-10-26 14:35:47,360 DEBUG [main][DefaultSingletonBeanRegistry.java:225] - Creating shared instance of singleton bean 'websocketServletWebServerCustomizer'
2024-10-26 14:35:47,360 DEBUG [main][DefaultSingletonBeanRegistry.java:225] - Creating shared instance of singleton bean 'websocketServletWebServerCustomizer'
2024-10-26 14:35:47,360 DEBUG [main][DefaultSingletonBeanRegistry.java:225] - Creating shared instance of singleton bean 'org.springframework.boot.autoconfigure.websocket.servlet.WebSocketServletAutoConfiguration$TomcatWebSocketConfiguration'
2024-10-26 14:35:47,360 DEBUG [main][DefaultSingletonBeanRegistry.java:225] - Creating shared instance of singleton bean 'org.springframework.boot.autoconfigure.websocket.servlet.WebSocketServletAutoConfiguration$TomcatWebSocketConfiguration'
2024-10-26 14:35:47,361 DEBUG [main][DefaultSingletonBeanRegistry.java:225] - Creating shared instance of singleton bean 'servletWebServerFactoryCustomizer'
2024-10-26 14:35:47,361 DEBUG [main][DefaultSingletonBeanRegistry.java:225] - Creating shared instance of singleton bean 'servletWebServerFactoryCustomizer'
2024-10-26 14:35:47,361 DEBUG [main][DefaultSingletonBeanRegistry.java:225] - Creating shared instance of singleton bean 'org.springframework.boot.autoconfigure.web.servlet.ServletWebServerFactoryAutoConfiguration'
2024-10-26 14:35:47,361 DEBUG [main][DefaultSingletonBeanRegistry.java:225] - Creating shared instance of singleton bean 'org.springframework.boot.autoconfigure.web.servlet.ServletWebServerFactoryAutoConfiguration'
2024-10-26 14:35:47,362 DEBUG [main][DefaultSingletonBeanRegistry.java:225] - Creating shared instance of singleton bean 'server-org.springframework.boot.autoconfigure.web.ServerProperties'
2024-10-26 14:35:47,362 DEBUG [main][DefaultSingletonBeanRegistry.java:225] - Creating shared instance of singleton bean 'server-org.springframework.boot.autoconfigure.web.ServerProperties'
2024-10-26 14:35:47,367 DEBUG [main][DefaultSingletonBeanRegistry.java:225] - Creating shared instance of singleton bean 'org.springframework.boot.context.properties.BoundConfigurationProperties'
2024-10-26 14:35:47,367 DEBUG [main][DefaultSingletonBeanRegistry.java:225] - Creating shared instance of singleton bean 'org.springframework.boot.context.properties.BoundConfigurationProperties'
2024-10-26 14:35:47,376 DEBUG [main][ConstructorResolver.java:807] - Autowiring by type from bean name 'servletWebServerFactoryCustomizer' via factory method to bean named 'server-org.springframework.boot.autoconfigure.web.ServerProperties'
2024-10-26 14:35:47,376 DEBUG [main][ConstructorResolver.java:807] - Autowiring by type from bean name 'servletWebServerFactoryCustomizer' via factory method to bean named 'server-org.springframework.boot.autoconfigure.web.ServerProperties'
2024-10-26 14:35:47,376 DEBUG [main][DefaultSingletonBeanRegistry.java:225] - Creating shared instance of singleton bean 'tomcatServletWebServerFactoryCustomizer'
2024-10-26 14:35:47,376 DEBUG [main][DefaultSingletonBeanRegistry.java:225] - Creating shared instance of singleton bean 'tomcatServletWebServerFactoryCustomizer'
2024-10-26 14:35:47,377 DEBUG [main][ConstructorResolver.java:807] - Autowiring by type from bean name 'tomcatServletWebServerFactoryCustomizer' via factory method to bean named 'server-org.springframework.boot.autoconfigure.web.ServerProperties'
2024-10-26 14:35:47,377 DEBUG [main][ConstructorResolver.java:807] - Autowiring by type from bean name 'tomcatServletWebServerFactoryCustomizer' via factory method to bean named 'server-org.springframework.boot.autoconfigure.web.ServerProperties'
2024-10-26 14:35:47,377 DEBUG [main][DefaultSingletonBeanRegistry.java:225] - Creating shared instance of singleton bean 'tomcatWebServerFactoryCustomizer'
2024-10-26 14:35:47,377 DEBUG [main][DefaultSingletonBeanRegistry.java:225] - Creating shared instance of singleton bean 'tomcatWebServerFactoryCustomizer'
2024-10-26 14:35:47,378 DEBUG [main][DefaultSingletonBeanRegistry.java:225] - Creating shared instance of singleton bean 'org.springframework.boot.autoconfigure.web.embedded.EmbeddedWebServerFactoryCustomizerAutoConfiguration$TomcatWebServerFactoryCustomizerConfiguration'
2024-10-26 14:35:47,378 DEBUG [main][DefaultSingletonBeanRegistry.java:225] - Creating shared instance of singleton bean 'org.springframework.boot.autoconfigure.web.embedded.EmbeddedWebServerFactoryCustomizerAutoConfiguration$TomcatWebServerFactoryCustomizerConfiguration'
2024-10-26 14:35:47,379 DEBUG [main][ConstructorResolver.java:807] - Autowiring by type from bean name 'tomcatWebServerFactoryCustomizer' via factory method to bean named 'environment'
2024-10-26 14:35:47,379 DEBUG [main][ConstructorResolver.java:807] - Autowiring by type from bean name 'tomcatWebServerFactoryCustomizer' via factory method to bean named 'environment'
2024-10-26 14:35:47,379 DEBUG [main][ConstructorResolver.java:807] - Autowiring by type from bean name 'tomcatWebServerFactoryCustomizer' via factory method to bean named 'server-org.springframework.boot.autoconfigure.web.ServerProperties'
2024-10-26 14:35:47,379 DEBUG [main][ConstructorResolver.java:807] - Autowiring by type from bean name 'tomcatWebServerFactoryCustomizer' via factory method to bean named 'server-org.springframework.boot.autoconfigure.web.ServerProperties'
2024-10-26 14:35:47,380 DEBUG [main][DefaultSingletonBeanRegistry.java:225] - Creating shared instance of singleton bean 'localeCharsetMappingsCustomizer'
2024-10-26 14:35:47,380 DEBUG [main][DefaultSingletonBeanRegistry.java:225] - Creating shared instance of singleton bean 'localeCharsetMappingsCustomizer'
2024-10-26 14:35:47,380 DEBUG [main][DefaultSingletonBeanRegistry.java:225] - Creating shared instance of singleton bean 'org.springframework.boot.autoconfigure.web.servlet.HttpEncodingAutoConfiguration'
2024-10-26 14:35:47,380 DEBUG [main][DefaultSingletonBeanRegistry.java:225] - Creating shared instance of singleton bean 'org.springframework.boot.autoconfigure.web.servlet.HttpEncodingAutoConfiguration'
2024-10-26 14:35:47,382 DEBUG [main][ConstructorResolver.java:807] - Autowiring by type from bean name 'org.springframework.boot.autoconfigure.web.servlet.HttpEncodingAutoConfiguration' via constructor to bean named 'server-org.springframework.boot.autoconfigure.web.ServerProperties'
2024-10-26 14:35:47,382 DEBUG [main][ConstructorResolver.java:807] - Autowiring by type from bean name 'org.springframework.boot.autoconfigure.web.servlet.HttpEncodingAutoConfiguration' via constructor to bean named 'server-org.springframework.boot.autoconfigure.web.ServerProperties'
2024-10-26 14:35:47,399 DEBUG [main][DefaultSingletonBeanRegistry.java:225] - Creating shared instance of singleton bean 'errorPageCustomizer'
2024-10-26 14:35:47,399 DEBUG [main][DefaultSingletonBeanRegistry.java:225] - Creating shared instance of singleton bean 'errorPageCustomizer'
2024-10-26 14:35:47,399 DEBUG [main][DefaultSingletonBeanRegistry.java:225] - Creating shared instance of singleton bean 'org.springframework.boot.autoconfigure.web.servlet.error.ErrorMvcAutoConfiguration'
2024-10-26 14:35:47,399 DEBUG [main][DefaultSingletonBeanRegistry.java:225] - Creating shared instance of singleton bean 'org.springframework.boot.autoconfigure.web.servlet.error.ErrorMvcAutoConfiguration'
2024-10-26 14:35:47,400 DEBUG [main][ConstructorResolver.java:807] - Autowiring by type from bean name 'org.springframework.boot.autoconfigure.web.servlet.error.ErrorMvcAutoConfiguration' via constructor to bean named 'server-org.springframework.boot.autoconfigure.web.ServerProperties'
2024-10-26 14:35:47,400 DEBUG [main][ConstructorResolver.java:807] - Autowiring by type from bean name 'org.springframework.boot.autoconfigure.web.servlet.error.ErrorMvcAutoConfiguration' via constructor to bean named 'server-org.springframework.boot.autoconfigure.web.ServerProperties'
2024-10-26 14:35:47,401 DEBUG [main][DefaultSingletonBeanRegistry.java:225] - Creating shared instance of singleton bean 'dispatcherServletRegistration'
2024-10-26 14:35:47,401 DEBUG [main][DefaultSingletonBeanRegistry.java:225] - Creating shared instance of singleton bean 'dispatcherServletRegistration'
2024-10-26 14:35:47,401 DEBUG [main][DefaultSingletonBeanRegistry.java:225] - Creating shared instance of singleton bean 'org.springframework.boot.autoconfigure.web.servlet.DispatcherServletAutoConfiguration$DispatcherServletRegistrationConfiguration'
2024-10-26 14:35:47,401 DEBUG [main][DefaultSingletonBeanRegistry.java:225] - Creating shared instance of singleton bean 'org.springframework.boot.autoconfigure.web.servlet.DispatcherServletAutoConfiguration$DispatcherServletRegistrationConfiguration'
2024-10-26 14:35:47,403 DEBUG [main][DefaultSingletonBeanRegistry.java:225] - Creating shared instance of singleton bean 'dispatcherServlet'
2024-10-26 14:35:47,403 DEBUG [main][DefaultSingletonBeanRegistry.java:225] - Creating shared instance of singleton bean 'dispatcherServlet'
2024-10-26 14:35:47,403 DEBUG [main][DefaultSingletonBeanRegistry.java:225] - Creating shared instance of singleton bean 'org.springframework.boot.autoconfigure.web.servlet.DispatcherServletAutoConfiguration$DispatcherServletConfiguration'
2024-10-26 14:35:47,403 DEBUG [main][DefaultSingletonBeanRegistry.java:225] - Creating shared instance of singleton bean 'org.springframework.boot.autoconfigure.web.servlet.DispatcherServletAutoConfiguration$DispatcherServletConfiguration'
2024-10-26 14:35:47,404 DEBUG [main][DefaultSingletonBeanRegistry.java:225] - Creating shared instance of singleton bean 'spring.mvc-org.springframework.boot.autoconfigure.web.servlet.WebMvcProperties'
2024-10-26 14:35:47,404 DEBUG [main][DefaultSingletonBeanRegistry.java:225] - Creating shared instance of singleton bean 'spring.mvc-org.springframework.boot.autoconfigure.web.servlet.WebMvcProperties'
2024-10-26 14:35:47,406 DEBUG [main][ConstructorResolver.java:807] - Autowiring by type from bean name 'dispatcherServlet' via factory method to bean named 'spring.mvc-org.springframework.boot.autoconfigure.web.servlet.WebMvcProperties'
2024-10-26 14:35:47,406 DEBUG [main][ConstructorResolver.java:807] - Autowiring by type from bean name 'dispatcherServlet' via factory method to bean named 'spring.mvc-org.springframework.boot.autoconfigure.web.servlet.WebMvcProperties'
2024-10-26 14:35:47,415 DEBUG [main][ConstructorResolver.java:807] - Autowiring by type from bean name 'dispatcherServletRegistration' via factory method to bean named 'dispatcherServlet'
2024-10-26 14:35:47,415 DEBUG [main][ConstructorResolver.java:807] - Autowiring by type from bean name 'dispatcherServletRegistration' via factory method to bean named 'dispatcherServlet'
2024-10-26 14:35:47,415 DEBUG [main][ConstructorResolver.java:807] - Autowiring by type from bean name 'dispatcherServletRegistration' via factory method to bean named 'spring.mvc-org.springframework.boot.autoconfigure.web.servlet.WebMvcProperties'
2024-10-26 14:35:47,415 DEBUG [main][ConstructorResolver.java:807] - Autowiring by type from bean name 'dispatcherServletRegistration' via factory method to bean named 'spring.mvc-org.springframework.boot.autoconfigure.web.servlet.WebMvcProperties'
2024-10-26 14:35:47,417 DEBUG [main][DefaultSingletonBeanRegistry.java:225] - Creating shared instance of singleton bean 'multipartConfigElement'
2024-10-26 14:35:47,417 DEBUG [main][DefaultSingletonBeanRegistry.java:225] - Creating shared instance of singleton bean 'multipartConfigElement'
2024-10-26 14:35:47,417 DEBUG [main][DefaultSingletonBeanRegistry.java:225] - Creating shared instance of singleton bean 'org.springframework.boot.autoconfigure.web.servlet.MultipartAutoConfiguration'
2024-10-26 14:35:47,417 DEBUG [main][DefaultSingletonBeanRegistry.java:225] - Creating shared instance of singleton bean 'org.springframework.boot.autoconfigure.web.servlet.MultipartAutoConfiguration'
2024-10-26 14:35:47,418 DEBUG [main][DefaultSingletonBeanRegistry.java:225] - Creating shared instance of singleton bean 'spring.servlet.multipart-org.springframework.boot.autoconfigure.web.servlet.MultipartProperties'
2024-10-26 14:35:47,418 DEBUG [main][DefaultSingletonBeanRegistry.java:225] - Creating shared instance of singleton bean 'spring.servlet.multipart-org.springframework.boot.autoconfigure.web.servlet.MultipartProperties'
2024-10-26 14:35:47,421 DEBUG [main][ConstructorResolver.java:807] - Autowiring by type from bean name 'org.springframework.boot.autoconfigure.web.servlet.MultipartAutoConfiguration' via constructor to bean named 'spring.servlet.multipart-org.springframework.boot.autoconfigure.web.servlet.MultipartProperties'
2024-10-26 14:35:47,421 DEBUG [main][ConstructorResolver.java:807] - Autowiring by type from bean name 'org.springframework.boot.autoconfigure.web.servlet.MultipartAutoConfiguration' via constructor to bean named 'spring.servlet.multipart-org.springframework.boot.autoconfigure.web.servlet.MultipartProperties'
2024-10-26 14:35:47,425 DEBUG [main][ConstructorResolver.java:807] - Autowiring by type from bean name 'errorPageCustomizer' via factory method to bean named 'dispatcherServletRegistration'
2024-10-26 14:35:47,425 DEBUG [main][ConstructorResolver.java:807] - Autowiring by type from bean name 'errorPageCustomizer' via factory method to bean named 'dispatcherServletRegistration'
2024-10-26 14:35:47,472 DEBUG [main][DocumentRoot.java:81] - Code archive: D:\develop\repository\org\springframework\boot\spring-boot\2.3.7.RELEASE\spring-boot-2.3.7.RELEASE.jar
2024-10-26 14:35:47,472 DEBUG [main][DocumentRoot.java:81] - Code archive: D:\develop\repository\org\springframework\boot\spring-boot\2.3.7.RELEASE\spring-boot-2.3.7.RELEASE.jar
2024-10-26 14:35:47,473 DEBUG [main][DocumentRoot.java:125] - Code archive: D:\develop\repository\org\springframework\boot\spring-boot\2.3.7.RELEASE\spring-boot-2.3.7.RELEASE.jar
2024-10-26 14:35:47,473 DEBUG [main][DocumentRoot.java:125] - Code archive: D:\develop\repository\org\springframework\boot\spring-boot\2.3.7.RELEASE\spring-boot-2.3.7.RELEASE.jar
2024-10-26 14:35:47,473 DEBUG [main][DocumentRoot.java:149] - None of the document roots [src/main/webapp, public, static] point to a directory and will be ignored.
2024-10-26 14:35:47,473 DEBUG [main][DocumentRoot.java:149] - None of the document roots [src/main/webapp, public, static] point to a directory and will be ignored.
2024-10-26 14:35:47,490 INFO [main][TomcatWebServer.java:108] - Tomcat initialized with port(s): 63040 (http)
2024-10-26 14:35:47,490 INFO [main][TomcatWebServer.java:108] - Tomcat initialized with port(s): 63040 (http)
2024-10-26 14:35:47,501 INFO [main][DirectJDKLog.java:173] - Initializing ProtocolHandler ["http-nio-63040"]
2024-10-26 14:35:47,501 INFO [main][DirectJDKLog.java:173] - Initializing ProtocolHandler ["http-nio-63040"]
2024-10-26 14:35:47,502 INFO [main][DirectJDKLog.java:173] - Starting service [Tomcat]
2024-10-26 14:35:47,502 INFO [main][DirectJDKLog.java:173] - Starting service [Tomcat]
2024-10-26 14:35:47,502 INFO [main][DirectJDKLog.java:173] - Starting Servlet engine: [Apache Tomcat/9.0.41]
2024-10-26 14:35:47,502 INFO [main][DirectJDKLog.java:173] - Starting Servlet engine: [Apache Tomcat/9.0.41]
2024-10-26 14:35:47,575 INFO [main][DirectJDKLog.java:173] - Initializing Spring embedded WebApplicationContext
2024-10-26 14:35:47,575 INFO [main][DirectJDKLog.java:173] - Initializing Spring embedded WebApplicationContext
2024-10-26 14:35:47,575 DEBUG [main][ServletWebServerApplicationContext.java:279] - Published root WebApplicationContext as ServletContext attribute with name [org.springframework.web.context.WebApplicationContext.ROOT]
2024-10-26 14:35:47,575 DEBUG [main][ServletWebServerApplicationContext.java:279] - Published root WebApplicationContext as ServletContext attribute with name [org.springframework.web.context.WebApplicationContext.ROOT]
2024-10-26 14:35:47,575 INFO [main][ServletWebServerApplicationContext.java:285] - Root WebApplicationContext: initialization completed in 640 ms
2024-10-26 14:35:47,575 INFO [main][ServletWebServerApplicationContext.java:285] - Root WebApplicationContext: initialization completed in 640 ms
2024-10-26 14:35:47,579 DEBUG [main][DefaultSingletonBeanRegistry.java:225] - Creating shared instance of singleton bean 'requestContextFilter'
2024-10-26 14:35:47,579 DEBUG [main][DefaultSingletonBeanRegistry.java:225] - Creating shared instance of singleton bean 'requestContextFilter'
2024-10-26 14:35:47,581 DEBUG [main][DefaultSingletonBeanRegistry.java:225] - Creating shared instance of singleton bean 'formContentFilter'
2024-10-26 14:35:47,581 DEBUG [main][DefaultSingletonBeanRegistry.java:225] - Creating shared instance of singleton bean 'formContentFilter'
2024-10-26 14:35:47,581 DEBUG [main][DefaultSingletonBeanRegistry.java:225] - Creating shared instance of singleton bean 'org.springframework.boot.autoconfigure.web.servlet.WebMvcAutoConfiguration'
2024-10-26 14:35:47,581 DEBUG [main][DefaultSingletonBeanRegistry.java:225] - Creating shared instance of singleton bean 'org.springframework.boot.autoconfigure.web.servlet.WebMvcAutoConfiguration'
2024-10-26 14:35:47,584 DEBUG [main][DefaultSingletonBeanRegistry.java:225] - Creating shared instance of singleton bean 'characterEncodingFilter'
2024-10-26 14:35:47,584 DEBUG [main][DefaultSingletonBeanRegistry.java:225] - Creating shared instance of singleton bean 'characterEncodingFilter'
2024-10-26 14:35:47,591 DEBUG [main][ServletContextInitializerBeans.java:235] - Mapping filters: characterEncodingFilter urls=[/*] order=-2147483648, formContentFilter urls=[/*] order=-9900, requestContextFilter urls=[/*] order=-105
2024-10-26 14:35:47,591 DEBUG [main][ServletContextInitializerBeans.java:235] - Mapping filters: characterEncodingFilter urls=[/*] order=-2147483648, formContentFilter urls=[/*] order=-9900, requestContextFilter urls=[/*] order=-105
2024-10-26 14:35:47,591 DEBUG [main][ServletContextInitializerBeans.java:235] - Mapping servlets: dispatcherServlet urls=[/]
2024-10-26 14:35:47,591 DEBUG [main][ServletContextInitializerBeans.java:235] - Mapping servlets: dispatcherServlet urls=[/]
2024-10-26 14:35:47,604 DEBUG [main][GenericFilterBean.java:242] - Filter 'requestContextFilter' configured for use
2024-10-26 14:35:47,604 DEBUG [main][GenericFilterBean.java:242] - Filter 'requestContextFilter' configured for use
2024-10-26 14:35:47,604 DEBUG [main][GenericFilterBean.java:242] - Filter 'characterEncodingFilter' configured for use
2024-10-26 14:35:47,604 DEBUG [main][GenericFilterBean.java:242] - Filter 'characterEncodingFilter' configured for use
2024-10-26 14:35:47,604 DEBUG [main][GenericFilterBean.java:242] - Filter 'formContentFilter' configured for use
2024-10-26 14:35:47,604 DEBUG [main][GenericFilterBean.java:242] - Filter 'formContentFilter' configured for use
2024-10-26 14:35:47,611 DEBUG [main][DefaultSingletonBeanRegistry.java:225] - Creating shared instance of singleton bean 'contentApplication'
2024-10-26 14:35:47,611 DEBUG [main][DefaultSingletonBeanRegistry.java:225] - Creating shared instance of singleton bean 'contentApplication'
2024-10-26 14:35:47,612 DEBUG [main][DefaultSingletonBeanRegistry.java:225] - Creating shared instance of singleton bean 'bootstrapApplicationListener.BootstrapMarkerConfiguration'
2024-10-26 14:35:47,612 DEBUG [main][DefaultSingletonBeanRegistry.java:225] - Creating shared instance of singleton bean 'bootstrapApplicationListener.BootstrapMarkerConfiguration'
2024-10-26 14:35:47,612 DEBUG [main][DefaultSingletonBeanRegistry.java:225] - Creating shared instance of singleton bean 'courseBaseInfoController'
2024-10-26 14:35:47,612 DEBUG [main][DefaultSingletonBeanRegistry.java:225] - Creating shared instance of singleton bean 'courseBaseInfoController'
2024-10-26 14:35:47,616 DEBUG [main][DefaultSingletonBeanRegistry.java:225] - Creating shared instance of singleton bean 'org.springframework.boot.autoconfigure.AutoConfigurationPackages'
2024-10-26 14:35:47,616 DEBUG [main][DefaultSingletonBeanRegistry.java:225] - Creating shared instance of singleton bean 'org.springframework.boot.autoconfigure.AutoConfigurationPackages'
2024-10-26 14:35:47,619 DEBUG [main][DefaultSingletonBeanRegistry.java:225] - Creating shared instance of singleton bean 'org.springframework.boot.autoconfigure.context.PropertyPlaceholderAutoConfiguration'
2024-10-26 14:35:47,619 DEBUG [main][DefaultSingletonBeanRegistry.java:225] - Creating shared instance of singleton bean 'org.springframework.boot.autoconfigure.context.PropertyPlaceholderAutoConfiguration'
2024-10-26 14:35:47,620 DEBUG [main][DefaultSingletonBeanRegistry.java:225] - Creating shared instance of singleton bean 'org.springframework.boot.autoconfigure.websocket.servlet.WebSocketServletAutoConfiguration'
2024-10-26 14:35:47,620 DEBUG [main][DefaultSingletonBeanRegistry.java:225] - Creating shared instance of singleton bean 'org.springframework.boot.autoconfigure.websocket.servlet.WebSocketServletAutoConfiguration'
2024-10-26 14:35:47,621 DEBUG [main][DefaultSingletonBeanRegistry.java:225] - Creating shared instance of singleton bean 'org.springframework.boot.context.properties.ConfigurationBeanFactoryMetadata'
2024-10-26 14:35:47,621 DEBUG [main][DefaultSingletonBeanRegistry.java:225] - Creating shared instance of singleton bean 'org.springframework.boot.context.properties.ConfigurationBeanFactoryMetadata'
2024-10-26 14:35:47,621 DEBUG [main][DefaultSingletonBeanRegistry.java:225] - Creating shared instance of singleton bean 'org.springframework.boot.autoconfigure.web.servlet.DispatcherServletAutoConfiguration'
2024-10-26 14:35:47,621 DEBUG [main][DefaultSingletonBeanRegistry.java:225] - Creating shared instance of singleton bean 'org.springframework.boot.autoconfigure.web.servlet.DispatcherServletAutoConfiguration'
2024-10-26 14:35:47,622 DEBUG [main][DefaultSingletonBeanRegistry.java:225] - Creating shared instance of singleton bean 'org.springframework.boot.autoconfigure.task.TaskExecutionAutoConfiguration'
2024-10-26 14:35:47,622 DEBUG [main][DefaultSingletonBeanRegistry.java:225] - Creating shared instance of singleton bean 'org.springframework.boot.autoconfigure.task.TaskExecutionAutoConfiguration'
2024-10-26 14:35:47,622 DEBUG [main][DefaultSingletonBeanRegistry.java:225] - Creating shared instance of singleton bean 'taskExecutorBuilder'
2024-10-26 14:35:47,622 DEBUG [main][DefaultSingletonBeanRegistry.java:225] - Creating shared instance of singleton bean 'taskExecutorBuilder'
2024-10-26 14:35:47,623 DEBUG [main][DefaultSingletonBeanRegistry.java:225] - Creating shared instance of singleton bean 'spring.task.execution-org.springframework.boot.autoconfigure.task.TaskExecutionProperties'
2024-10-26 14:35:47,623 DEBUG [main][DefaultSingletonBeanRegistry.java:225] - Creating shared instance of singleton bean 'spring.task.execution-org.springframework.boot.autoconfigure.task.TaskExecutionProperties'
2024-10-26 14:35:47,625 DEBUG [main][ConstructorResolver.java:807] - Autowiring by type from bean name 'taskExecutorBuilder' via factory method to bean named 'spring.task.execution-org.springframework.boot.autoconfigure.task.TaskExecutionProperties'
2024-10-26 14:35:47,625 DEBUG [main][ConstructorResolver.java:807] - Autowiring by type from bean name 'taskExecutorBuilder' via factory method to bean named 'spring.task.execution-org.springframework.boot.autoconfigure.task.TaskExecutionProperties'
2024-10-26 14:35:47,627 DEBUG [main][DefaultSingletonBeanRegistry.java:225] - Creating shared instance of singleton bean 'org.springframework.boot.autoconfigure.validation.ValidationAutoConfiguration'
2024-10-26 14:35:47,627 DEBUG [main][DefaultSingletonBeanRegistry.java:225] - Creating shared instance of singleton bean 'org.springframework.boot.autoconfigure.validation.ValidationAutoConfiguration'
2024-10-26 14:35:47,628 DEBUG [main][DefaultSingletonBeanRegistry.java:225] - Creating shared instance of singleton bean 'defaultValidator'
2024-10-26 14:35:47,628 DEBUG [main][DefaultSingletonBeanRegistry.java:225] - Creating shared instance of singleton bean 'defaultValidator'
2024-10-26 14:35:47,629 DEBUG [main][ResourceBundleMessageInterpolator.java:172] - Loaded expression factory via original TCCL
2024-10-26 14:35:47,629 DEBUG [main][ResourceBundleMessageInterpolator.java:172] - Loaded expression factory via original TCCL
2024-10-26 14:35:47,632 DEBUG [main][AbstractConfigurationImpl.java:171] - Setting custom MessageInterpolator of type org.springframework.validation.beanvalidation.LocaleContextMessageInterpolator
2024-10-26 14:35:47,632 DEBUG [main][AbstractConfigurationImpl.java:171] - Setting custom MessageInterpolator of type org.springframework.validation.beanvalidation.LocaleContextMessageInterpolator
2024-10-26 14:35:47,632 DEBUG [main][AbstractConfigurationImpl.java:203] - Setting custom ConstraintValidatorFactory of type org.springframework.validation.beanvalidation.SpringConstraintValidatorFactory
2024-10-26 14:35:47,632 DEBUG [main][AbstractConfigurationImpl.java:203] - Setting custom ConstraintValidatorFactory of type org.springframework.validation.beanvalidation.SpringConstraintValidatorFactory
2024-10-26 14:35:47,633 DEBUG [main][AbstractConfigurationImpl.java:217] - Setting custom ParameterNameProvider of type org.springframework.validation.beanvalidation.LocalValidatorFactoryBean$1
2024-10-26 14:35:47,633 DEBUG [main][AbstractConfigurationImpl.java:217] - Setting custom ParameterNameProvider of type org.springframework.validation.beanvalidation.LocalValidatorFactoryBean$1
2024-10-26 14:35:47,634 DEBUG [main][ValidationXmlParser.java:120] - Trying to load META-INF/validation.xml for XML based Validator configuration.
2024-10-26 14:35:47,634 DEBUG [main][ValidationXmlParser.java:120] - Trying to load META-INF/validation.xml for XML based Validator configuration.
2024-10-26 14:35:47,634 DEBUG [main][ResourceLoaderHelper.java:53] - Trying to load META-INF/validation.xml via user class loader
2024-10-26 14:35:47,634 DEBUG [main][ResourceLoaderHelper.java:53] - Trying to load META-INF/validation.xml via user class loader
2024-10-26 14:35:47,634 DEBUG [main][ResourceLoaderHelper.java:60] - Trying to load META-INF/validation.xml via TCCL
2024-10-26 14:35:47,634 DEBUG [main][ResourceLoaderHelper.java:60] - Trying to load META-INF/validation.xml via TCCL
2024-10-26 14:35:47,635 DEBUG [main][ResourceLoaderHelper.java:66] - Trying to load META-INF/validation.xml via Hibernate Validator's class loader
2024-10-26 14:35:47,635 DEBUG [main][ResourceLoaderHelper.java:66] - Trying to load META-INF/validation.xml via Hibernate Validator's class loader
2024-10-26 14:35:47,635 DEBUG [main][ValidationXmlParser.java:127] - No META-INF/validation.xml found. Using annotation based configuration only.
2024-10-26 14:35:47,635 DEBUG [main][ValidationXmlParser.java:127] - No META-INF/validation.xml found. Using annotation based configuration only.
2024-10-26 14:35:47,636 DEBUG [main][TraversableResolvers.java:60] - Cannot find javax.persistence.Persistence on classpath. Assuming non JPA 2 environment. All properties will per default be traversable.
2024-10-26 14:35:47,636 DEBUG [main][TraversableResolvers.java:60] - Cannot find javax.persistence.Persistence on classpath. Assuming non JPA 2 environment. All properties will per default be traversable.
2024-10-26 14:35:47,638 DEBUG [main][ValidatorFactoryConfigurationHelper.java:300] - HV000252: Using org.hibernate.validator.internal.engine.DefaultPropertyNodeNameProvider as property node name provider.
2024-10-26 14:35:47,638 DEBUG [main][ValidatorFactoryConfigurationHelper.java:300] - HV000252: Using org.hibernate.validator.internal.engine.DefaultPropertyNodeNameProvider as property node name provider.
2024-10-26 14:35:47,639 DEBUG [main][ValidatorFactoryConfigurationHelper.java:375] - HV000234: Using org.springframework.validation.beanvalidation.LocaleContextMessageInterpolator as ValidatorFactory-scoped message interpolator.
2024-10-26 14:35:47,639 DEBUG [main][ValidatorFactoryConfigurationHelper.java:375] - HV000234: Using org.springframework.validation.beanvalidation.LocaleContextMessageInterpolator as ValidatorFactory-scoped message interpolator.
2024-10-26 14:35:47,639 DEBUG [main][ValidatorFactoryConfigurationHelper.java:376] - HV000234: Using org.hibernate.validator.internal.engine.resolver.TraverseAllTraversableResolver as ValidatorFactory-scoped traversable resolver.
2024-10-26 14:35:47,639 DEBUG [main][ValidatorFactoryConfigurationHelper.java:376] - HV000234: Using org.hibernate.validator.internal.engine.resolver.TraverseAllTraversableResolver as ValidatorFactory-scoped traversable resolver.
2024-10-26 14:35:47,640 DEBUG [main][ValidatorFactoryConfigurationHelper.java:377] - HV000234: Using org.hibernate.validator.internal.util.ExecutableParameterNameProvider as ValidatorFactory-scoped parameter name provider.
2024-10-26 14:35:47,640 DEBUG [main][ValidatorFactoryConfigurationHelper.java:377] - HV000234: Using org.hibernate.validator.internal.util.ExecutableParameterNameProvider as ValidatorFactory-scoped parameter name provider.
2024-10-26 14:35:47,640 DEBUG [main][ValidatorFactoryConfigurationHelper.java:378] - HV000234: Using org.hibernate.validator.internal.engine.DefaultClockProvider as ValidatorFactory-scoped clock provider.
2024-10-26 14:35:47,640 DEBUG [main][ValidatorFactoryConfigurationHelper.java:378] - HV000234: Using org.hibernate.validator.internal.engine.DefaultClockProvider as ValidatorFactory-scoped clock provider.
2024-10-26 14:35:47,640 DEBUG [main][ValidatorFactoryConfigurationHelper.java:379] - HV000234: Using org.hibernate.validator.internal.engine.scripting.DefaultScriptEvaluatorFactory as ValidatorFactory-scoped script evaluator factory.
2024-10-26 14:35:47,640 DEBUG [main][ValidatorFactoryConfigurationHelper.java:379] - HV000234: Using org.hibernate.validator.internal.engine.scripting.DefaultScriptEvaluatorFactory as ValidatorFactory-scoped script evaluator factory.
2024-10-26 14:35:47,642 DEBUG [main][DefaultSingletonBeanRegistry.java:225] - Creating shared instance of singleton bean 'org.springframework.boot.autoconfigure.web.servlet.error.ErrorMvcAutoConfiguration$WhitelabelErrorViewConfiguration'
2024-10-26 14:35:47,642 DEBUG [main][DefaultSingletonBeanRegistry.java:225] - Creating shared instance of singleton bean 'org.springframework.boot.autoconfigure.web.servlet.error.ErrorMvcAutoConfiguration$WhitelabelErrorViewConfiguration'
2024-10-26 14:35:47,643 DEBUG [main][DefaultSingletonBeanRegistry.java:225] - Creating shared instance of singleton bean 'error'
2024-10-26 14:35:47,643 DEBUG [main][DefaultSingletonBeanRegistry.java:225] - Creating shared instance of singleton bean 'error'
2024-10-26 14:35:47,644 DEBUG [main][DefaultSingletonBeanRegistry.java:225] - Creating shared instance of singleton bean 'beanNameViewResolver'
2024-10-26 14:35:47,644 DEBUG [main][DefaultSingletonBeanRegistry.java:225] - Creating shared instance of singleton bean 'beanNameViewResolver'
2024-10-26 14:35:47,646 DEBUG [main][DefaultSingletonBeanRegistry.java:225] - Creating shared instance of singleton bean 'org.springframework.boot.autoconfigure.web.servlet.error.ErrorMvcAutoConfiguration$DefaultErrorViewResolverConfiguration'
2024-10-26 14:35:47,646 DEBUG [main][DefaultSingletonBeanRegistry.java:225] - Creating shared instance of singleton bean 'org.springframework.boot.autoconfigure.web.servlet.error.ErrorMvcAutoConfiguration$DefaultErrorViewResolverConfiguration'
2024-10-26 14:35:47,646 DEBUG [main][DefaultSingletonBeanRegistry.java:225] - Creating shared instance of singleton bean 'spring.resources-org.springframework.boot.autoconfigure.web.ResourceProperties'
2024-10-26 14:35:47,646 DEBUG [main][DefaultSingletonBeanRegistry.java:225] - Creating shared instance of singleton bean 'spring.resources-org.springframework.boot.autoconfigure.web.ResourceProperties'
2024-10-26 14:35:47,648 DEBUG [main][ConstructorResolver.java:807] - Autowiring by type from bean name 'org.springframework.boot.autoconfigure.web.servlet.error.ErrorMvcAutoConfiguration$DefaultErrorViewResolverConfiguration' via constructor to bean named 'org.springframework.boot.web.servlet.context.AnnotationConfigServletWebServerApplicationContext@74a6a609'
2024-10-26 14:35:47,648 DEBUG [main][ConstructorResolver.java:807] - Autowiring by type from bean name 'org.springframework.boot.autoconfigure.web.servlet.error.ErrorMvcAutoConfiguration$DefaultErrorViewResolverConfiguration' via constructor to bean named 'org.springframework.boot.web.servlet.context.AnnotationConfigServletWebServerApplicationContext@74a6a609'
2024-10-26 14:35:47,648 DEBUG [main][ConstructorResolver.java:807] - Autowiring by type from bean name 'org.springframework.boot.autoconfigure.web.servlet.error.ErrorMvcAutoConfiguration$DefaultErrorViewResolverConfiguration' via constructor to bean named 'spring.resources-org.springframework.boot.autoconfigure.web.ResourceProperties'
2024-10-26 14:35:47,648 DEBUG [main][ConstructorResolver.java:807] - Autowiring by type from bean name 'org.springframework.boot.autoconfigure.web.servlet.error.ErrorMvcAutoConfiguration$DefaultErrorViewResolverConfiguration' via constructor to bean named 'spring.resources-org.springframework.boot.autoconfigure.web.ResourceProperties'
2024-10-26 14:35:47,648 DEBUG [main][DefaultSingletonBeanRegistry.java:225] - Creating shared instance of singleton bean 'conventionErrorViewResolver'
2024-10-26 14:35:47,648 DEBUG [main][DefaultSingletonBeanRegistry.java:225] - Creating shared instance of singleton bean 'conventionErrorViewResolver'
2024-10-26 14:35:47,650 DEBUG [main][DefaultSingletonBeanRegistry.java:225] - Creating shared instance of singleton bean 'errorAttributes'
2024-10-26 14:35:47,650 DEBUG [main][DefaultSingletonBeanRegistry.java:225] - Creating shared instance of singleton bean 'errorAttributes'
2024-10-26 14:35:47,651 DEBUG [main][DefaultSingletonBeanRegistry.java:225] - Creating shared instance of singleton bean 'basicErrorController'
2024-10-26 14:35:47,651 DEBUG [main][DefaultSingletonBeanRegistry.java:225] - Creating shared instance of singleton bean 'basicErrorController'
2024-10-26 14:35:47,651 DEBUG [main][ConstructorResolver.java:807] - Autowiring by type from bean name 'basicErrorController' via factory method to bean named 'errorAttributes'
2024-10-26 14:35:47,651 DEBUG [main][ConstructorResolver.java:807] - Autowiring by type from bean name 'basicErrorController' via factory method to bean named 'errorAttributes'
2024-10-26 14:35:47,654 DEBUG [main][DefaultSingletonBeanRegistry.java:225] - Creating shared instance of singleton bean 'org.springframework.boot.autoconfigure.web.servlet.WebMvcAutoConfiguration$EnableWebMvcConfiguration'
2024-10-26 14:35:47,654 DEBUG [main][DefaultSingletonBeanRegistry.java:225] - Creating shared instance of singleton bean 'org.springframework.boot.autoconfigure.web.servlet.WebMvcAutoConfiguration$EnableWebMvcConfiguration'
2024-10-26 14:35:47,656 DEBUG [main][ConstructorResolver.java:807] - Autowiring by type from bean name 'org.springframework.boot.autoconfigure.web.servlet.WebMvcAutoConfiguration$EnableWebMvcConfiguration' via constructor to bean named 'spring.resources-org.springframework.boot.autoconfigure.web.ResourceProperties'
2024-10-26 14:35:47,656 DEBUG [main][ConstructorResolver.java:807] - Autowiring by type from bean name 'org.springframework.boot.autoconfigure.web.servlet.WebMvcAutoConfiguration$EnableWebMvcConfiguration' via constructor to bean named 'spring.resources-org.springframework.boot.autoconfigure.web.ResourceProperties'
2024-10-26 14:35:47,657 DEBUG [main][ConstructorResolver.java:807] - Autowiring by type from bean name 'org.springframework.boot.autoconfigure.web.servlet.WebMvcAutoConfiguration$EnableWebMvcConfiguration' via constructor to bean named 'org.springframework.beans.factory.support.DefaultListableBeanFactory@476b0ae6'
2024-10-26 14:35:47,657 DEBUG [main][ConstructorResolver.java:807] - Autowiring by type from bean name 'org.springframework.boot.autoconfigure.web.servlet.WebMvcAutoConfiguration$EnableWebMvcConfiguration' via constructor to bean named 'org.springframework.beans.factory.support.DefaultListableBeanFactory@476b0ae6'
2024-10-26 14:35:47,663 DEBUG [main][DefaultSingletonBeanRegistry.java:225] - Creating shared instance of singleton bean 'org.springframework.boot.autoconfigure.web.servlet.WebMvcAutoConfiguration$WebMvcAutoConfigurationAdapter'
2024-10-26 14:35:47,663 DEBUG [main][DefaultSingletonBeanRegistry.java:225] - Creating shared instance of singleton bean 'org.springframework.boot.autoconfigure.web.servlet.WebMvcAutoConfiguration$WebMvcAutoConfigurationAdapter'
2024-10-26 14:35:47,664 DEBUG [main][ConstructorResolver.java:807] - Autowiring by type from bean name 'org.springframework.boot.autoconfigure.web.servlet.WebMvcAutoConfiguration$WebMvcAutoConfigurationAdapter' via constructor to bean named 'spring.resources-org.springframework.boot.autoconfigure.web.ResourceProperties'
2024-10-26 14:35:47,664 DEBUG [main][ConstructorResolver.java:807] - Autowiring by type from bean name 'org.springframework.boot.autoconfigure.web.servlet.WebMvcAutoConfiguration$WebMvcAutoConfigurationAdapter' via constructor to bean named 'spring.resources-org.springframework.boot.autoconfigure.web.ResourceProperties'
2024-10-26 14:35:47,664 DEBUG [main][ConstructorResolver.java:807] - Autowiring by type from bean name 'org.springframework.boot.autoconfigure.web.servlet.WebMvcAutoConfiguration$WebMvcAutoConfigurationAdapter' via constructor to bean named 'spring.mvc-org.springframework.boot.autoconfigure.web.servlet.WebMvcProperties'
2024-10-26 14:35:47,664 DEBUG [main][ConstructorResolver.java:807] - Autowiring by type from bean name 'org.springframework.boot.autoconfigure.web.servlet.WebMvcAutoConfiguration$WebMvcAutoConfigurationAdapter' via constructor to bean named 'spring.mvc-org.springframework.boot.autoconfigure.web.servlet.WebMvcProperties'
2024-10-26 14:35:47,664 DEBUG [main][ConstructorResolver.java:807] - Autowiring by type from bean name 'org.springframework.boot.autoconfigure.web.servlet.WebMvcAutoConfiguration$WebMvcAutoConfigurationAdapter' via constructor to bean named 'org.springframework.beans.factory.support.DefaultListableBeanFactory@476b0ae6'
2024-10-26 14:35:47,664 DEBUG [main][ConstructorResolver.java:807] - Autowiring by type from bean name 'org.springframework.boot.autoconfigure.web.servlet.WebMvcAutoConfiguration$WebMvcAutoConfigurationAdapter' via constructor to bean named 'org.springframework.beans.factory.support.DefaultListableBeanFactory@476b0ae6'
2024-10-26 14:35:47,665 DEBUG [main][DefaultSingletonBeanRegistry.java:225] - Creating shared instance of singleton bean 'requestMappingHandlerAdapter'
2024-10-26 14:35:47,665 DEBUG [main][DefaultSingletonBeanRegistry.java:225] - Creating shared instance of singleton bean 'requestMappingHandlerAdapter'
2024-10-26 14:35:47,666 DEBUG [main][DefaultSingletonBeanRegistry.java:225] - Creating shared instance of singleton bean 'mvcContentNegotiationManager'
2024-10-26 14:35:47,666 DEBUG [main][DefaultSingletonBeanRegistry.java:225] - Creating shared instance of singleton bean 'mvcContentNegotiationManager'
2024-10-26 14:35:47,671 DEBUG [main][DefaultSingletonBeanRegistry.java:225] - Creating shared instance of singleton bean 'mvcConversionService'
2024-10-26 14:35:47,671 DEBUG [main][DefaultSingletonBeanRegistry.java:225] - Creating shared instance of singleton bean 'mvcConversionService'
2024-10-26 14:35:47,674 DEBUG [main][DefaultSingletonBeanRegistry.java:225] - Creating shared instance of singleton bean 'mvcValidator'
2024-10-26 14:35:47,674 DEBUG [main][DefaultSingletonBeanRegistry.java:225] - Creating shared instance of singleton bean 'mvcValidator'
2024-10-26 14:35:47,674 DEBUG [main][ConstructorResolver.java:807] - Autowiring by type from bean name 'requestMappingHandlerAdapter' via factory method to bean named 'mvcContentNegotiationManager'
2024-10-26 14:35:47,674 DEBUG [main][ConstructorResolver.java:807] - Autowiring by type from bean name 'requestMappingHandlerAdapter' via factory method to bean named 'mvcContentNegotiationManager'
2024-10-26 14:35:47,675 DEBUG [main][ConstructorResolver.java:807] - Autowiring by type from bean name 'requestMappingHandlerAdapter' via factory method to bean named 'mvcConversionService'
2024-10-26 14:35:47,675 DEBUG [main][ConstructorResolver.java:807] - Autowiring by type from bean name 'requestMappingHandlerAdapter' via factory method to bean named 'mvcConversionService'
2024-10-26 14:35:47,675 DEBUG [main][ConstructorResolver.java:807] - Autowiring by type from bean name 'requestMappingHandlerAdapter' via factory method to bean named 'mvcValidator'
2024-10-26 14:35:47,675 DEBUG [main][ConstructorResolver.java:807] - Autowiring by type from bean name 'requestMappingHandlerAdapter' via factory method to bean named 'mvcValidator'
2024-10-26 14:35:47,677 DEBUG [main][ConstructorResolver.java:807] - Autowiring by type from bean name 'requestMappingHandlerAdapter' via factory method to bean named 'mvcContentNegotiationManager'
2024-10-26 14:35:47,677 DEBUG [main][ConstructorResolver.java:807] - Autowiring by type from bean name 'requestMappingHandlerAdapter' via factory method to bean named 'mvcContentNegotiationManager'
2024-10-26 14:35:47,677 DEBUG [main][ConstructorResolver.java:807] - Autowiring by type from bean name 'requestMappingHandlerAdapter' via factory method to bean named 'mvcConversionService'
2024-10-26 14:35:47,677 DEBUG [main][ConstructorResolver.java:807] - Autowiring by type from bean name 'requestMappingHandlerAdapter' via factory method to bean named 'mvcConversionService'
2024-10-26 14:35:47,677 DEBUG [main][ConstructorResolver.java:807] - Autowiring by type from bean name 'requestMappingHandlerAdapter' via factory method to bean named 'mvcValidator'
2024-10-26 14:35:47,677 DEBUG [main][ConstructorResolver.java:807] - Autowiring by type from bean name 'requestMappingHandlerAdapter' via factory method to bean named 'mvcValidator'
2024-10-26 14:35:47,682 DEBUG [main][DefaultSingletonBeanRegistry.java:225] - Creating shared instance of singleton bean 'messageConverters'
2024-10-26 14:35:47,682 DEBUG [main][DefaultSingletonBeanRegistry.java:225] - Creating shared instance of singleton bean 'messageConverters'
2024-10-26 14:35:47,683 DEBUG [main][DefaultSingletonBeanRegistry.java:225] - Creating shared instance of singleton bean 'org.springframework.boot.autoconfigure.http.HttpMessageConvertersAutoConfiguration'
2024-10-26 14:35:47,683 DEBUG [main][DefaultSingletonBeanRegistry.java:225] - Creating shared instance of singleton bean 'org.springframework.boot.autoconfigure.http.HttpMessageConvertersAutoConfiguration'
2024-10-26 14:35:47,685 DEBUG [main][DefaultSingletonBeanRegistry.java:225] - Creating shared instance of singleton bean 'stringHttpMessageConverter'
2024-10-26 14:35:47,685 DEBUG [main][DefaultSingletonBeanRegistry.java:225] - Creating shared instance of singleton bean 'stringHttpMessageConverter'
2024-10-26 14:35:47,685 DEBUG [main][DefaultSingletonBeanRegistry.java:225] - Creating shared instance of singleton bean 'org.springframework.boot.autoconfigure.http.HttpMessageConvertersAutoConfiguration$StringHttpMessageConverterConfiguration'
2024-10-26 14:35:47,685 DEBUG [main][DefaultSingletonBeanRegistry.java:225] - Creating shared instance of singleton bean 'org.springframework.boot.autoconfigure.http.HttpMessageConvertersAutoConfiguration$StringHttpMessageConverterConfiguration'
2024-10-26 14:35:47,686 DEBUG [main][ConstructorResolver.java:807] - Autowiring by type from bean name 'stringHttpMessageConverter' via factory method to bean named 'environment'
2024-10-26 14:35:47,686 DEBUG [main][ConstructorResolver.java:807] - Autowiring by type from bean name 'stringHttpMessageConverter' via factory method to bean named 'environment'
2024-10-26 14:35:47,689 DEBUG [main][DefaultSingletonBeanRegistry.java:225] - Creating shared instance of singleton bean 'mappingJackson2HttpMessageConverter'
2024-10-26 14:35:47,689 DEBUG [main][DefaultSingletonBeanRegistry.java:225] - Creating shared instance of singleton bean 'mappingJackson2HttpMessageConverter'
2024-10-26 14:35:47,690 DEBUG [main][DefaultSingletonBeanRegistry.java:225] - Creating shared instance of singleton bean 'org.springframework.boot.autoconfigure.http.JacksonHttpMessageConvertersConfiguration$MappingJackson2HttpMessageConverterConfiguration'
2024-10-26 14:35:47,690 DEBUG [main][DefaultSingletonBeanRegistry.java:225] - Creating shared instance of singleton bean 'org.springframework.boot.autoconfigure.http.JacksonHttpMessageConvertersConfiguration$MappingJackson2HttpMessageConverterConfiguration'
2024-10-26 14:35:47,690 DEBUG [main][DefaultSingletonBeanRegistry.java:225] - Creating shared instance of singleton bean 'jacksonObjectMapper'
2024-10-26 14:35:47,690 DEBUG [main][DefaultSingletonBeanRegistry.java:225] - Creating shared instance of singleton bean 'jacksonObjectMapper'
2024-10-26 14:35:47,690 DEBUG [main][DefaultSingletonBeanRegistry.java:225] - Creating shared instance of singleton bean 'org.springframework.boot.autoconfigure.jackson.JacksonAutoConfiguration$JacksonObjectMapperConfiguration'
2024-10-26 14:35:47,690 DEBUG [main][DefaultSingletonBeanRegistry.java:225] - Creating shared instance of singleton bean 'org.springframework.boot.autoconfigure.jackson.JacksonAutoConfiguration$JacksonObjectMapperConfiguration'
2024-10-26 14:35:47,691 DEBUG [main][DefaultSingletonBeanRegistry.java:225] - Creating shared instance of singleton bean 'org.springframework.boot.autoconfigure.jackson.JacksonAutoConfiguration$JacksonObjectMapperBuilderConfiguration'
2024-10-26 14:35:47,691 DEBUG [main][DefaultSingletonBeanRegistry.java:225] - Creating shared instance of singleton bean 'org.springframework.boot.autoconfigure.jackson.JacksonAutoConfiguration$JacksonObjectMapperBuilderConfiguration'
2024-10-26 14:35:47,692 DEBUG [main][DefaultSingletonBeanRegistry.java:225] - Creating shared instance of singleton bean 'standardJacksonObjectMapperBuilderCustomizer'
2024-10-26 14:35:47,692 DEBUG [main][DefaultSingletonBeanRegistry.java:225] - Creating shared instance of singleton bean 'standardJacksonObjectMapperBuilderCustomizer'
2024-10-26 14:35:47,692 DEBUG [main][DefaultSingletonBeanRegistry.java:225] - Creating shared instance of singleton bean 'org.springframework.boot.autoconfigure.jackson.JacksonAutoConfiguration$Jackson2ObjectMapperBuilderCustomizerConfiguration'
2024-10-26 14:35:47,692 DEBUG [main][DefaultSingletonBeanRegistry.java:225] - Creating shared instance of singleton bean 'org.springframework.boot.autoconfigure.jackson.JacksonAutoConfiguration$Jackson2ObjectMapperBuilderCustomizerConfiguration'
2024-10-26 14:35:47,693 DEBUG [main][DefaultSingletonBeanRegistry.java:225] - Creating shared instance of singleton bean 'spring.jackson-org.springframework.boot.autoconfigure.jackson.JacksonProperties'
2024-10-26 14:35:47,693 DEBUG [main][DefaultSingletonBeanRegistry.java:225] - Creating shared instance of singleton bean 'spring.jackson-org.springframework.boot.autoconfigure.jackson.JacksonProperties'
2024-10-26 14:35:47,694 DEBUG [main][ConstructorResolver.java:807] - Autowiring by type from bean name 'standardJacksonObjectMapperBuilderCustomizer' via factory method to bean named 'org.springframework.boot.web.servlet.context.AnnotationConfigServletWebServerApplicationContext@74a6a609'
2024-10-26 14:35:47,694 DEBUG [main][ConstructorResolver.java:807] - Autowiring by type from bean name 'standardJacksonObjectMapperBuilderCustomizer' via factory method to bean named 'org.springframework.boot.web.servlet.context.AnnotationConfigServletWebServerApplicationContext@74a6a609'
2024-10-26 14:35:47,695 DEBUG [main][ConstructorResolver.java:807] - Autowiring by type from bean name 'standardJacksonObjectMapperBuilderCustomizer' via factory method to bean named 'spring.jackson-org.springframework.boot.autoconfigure.jackson.JacksonProperties'
2024-10-26 14:35:47,695 DEBUG [main][ConstructorResolver.java:807] - Autowiring by type from bean name 'standardJacksonObjectMapperBuilderCustomizer' via factory method to bean named 'spring.jackson-org.springframework.boot.autoconfigure.jackson.JacksonProperties'
2024-10-26 14:35:47,695 DEBUG [main][ConstructorResolver.java:807] - Autowiring by type from bean name 'jacksonObjectMapperBuilder' via factory method to bean named 'org.springframework.boot.web.servlet.context.AnnotationConfigServletWebServerApplicationContext@74a6a609'
2024-10-26 14:35:47,695 DEBUG [main][ConstructorResolver.java:807] - Autowiring by type from bean name 'jacksonObjectMapperBuilder' via factory method to bean named 'org.springframework.boot.web.servlet.context.AnnotationConfigServletWebServerApplicationContext@74a6a609'
2024-10-26 14:35:47,695 DEBUG [main][ConstructorResolver.java:807] - Autowiring by type from bean name 'jacksonObjectMapperBuilder' via factory method to bean named 'standardJacksonObjectMapperBuilderCustomizer'
2024-10-26 14:35:47,695 DEBUG [main][ConstructorResolver.java:807] - Autowiring by type from bean name 'jacksonObjectMapperBuilder' via factory method to bean named 'standardJacksonObjectMapperBuilderCustomizer'
2024-10-26 14:35:47,696 DEBUG [main][DefaultSingletonBeanRegistry.java:225] - Creating shared instance of singleton bean 'parameterNamesModule'
2024-10-26 14:35:47,696 DEBUG [main][DefaultSingletonBeanRegistry.java:225] - Creating shared instance of singleton bean 'parameterNamesModule'
2024-10-26 14:35:47,697 DEBUG [main][DefaultSingletonBeanRegistry.java:225] - Creating shared instance of singleton bean 'org.springframework.boot.autoconfigure.jackson.JacksonAutoConfiguration$ParameterNamesModuleConfiguration'
2024-10-26 14:35:47,697 DEBUG [main][DefaultSingletonBeanRegistry.java:225] - Creating shared instance of singleton bean 'org.springframework.boot.autoconfigure.jackson.JacksonAutoConfiguration$ParameterNamesModuleConfiguration'
2024-10-26 14:35:47,700 DEBUG [main][DefaultSingletonBeanRegistry.java:225] - Creating shared instance of singleton bean 'jsonComponentModule'
2024-10-26 14:35:47,700 DEBUG [main][DefaultSingletonBeanRegistry.java:225] - Creating shared instance of singleton bean 'jsonComponentModule'
2024-10-26 14:35:47,700 DEBUG [main][DefaultSingletonBeanRegistry.java:225] - Creating shared instance of singleton bean 'org.springframework.boot.autoconfigure.jackson.JacksonAutoConfiguration'
2024-10-26 14:35:47,700 DEBUG [main][DefaultSingletonBeanRegistry.java:225] - Creating shared instance of singleton bean 'org.springframework.boot.autoconfigure.jackson.JacksonAutoConfiguration'
2024-10-26 14:35:47,705 DEBUG [main][ConstructorResolver.java:807] - Autowiring by type from bean name 'jacksonObjectMapper' via factory method to bean named 'jacksonObjectMapperBuilder'
2024-10-26 14:35:47,705 DEBUG [main][ConstructorResolver.java:807] - Autowiring by type from bean name 'jacksonObjectMapper' via factory method to bean named 'jacksonObjectMapperBuilder'
2024-10-26 14:35:47,718 DEBUG [main][ConstructorResolver.java:807] - Autowiring by type from bean name 'mappingJackson2HttpMessageConverter' via factory method to bean named 'jacksonObjectMapper'
2024-10-26 14:35:47,718 DEBUG [main][ConstructorResolver.java:807] - Autowiring by type from bean name 'mappingJackson2HttpMessageConverter' via factory method to bean named 'jacksonObjectMapper'
2024-10-26 14:35:47,724 DEBUG [main][DefaultSingletonBeanRegistry.java:225] - Creating shared instance of singleton bean 'applicationTaskExecutor'
2024-10-26 14:35:47,724 DEBUG [main][DefaultSingletonBeanRegistry.java:225] - Creating shared instance of singleton bean 'applicationTaskExecutor'
2024-10-26 14:35:47,724 DEBUG [main][ConstructorResolver.java:807] - Autowiring by type from bean name 'applicationTaskExecutor' via factory method to bean named 'taskExecutorBuilder'
2024-10-26 14:35:47,724 DEBUG [main][ConstructorResolver.java:807] - Autowiring by type from bean name 'applicationTaskExecutor' via factory method to bean named 'taskExecutorBuilder'
2024-10-26 14:35:47,727 INFO [main][ExecutorConfigurationSupport.java:181] - Initializing ExecutorService 'applicationTaskExecutor'
2024-10-26 14:35:47,727 INFO [main][ExecutorConfigurationSupport.java:181] - Initializing ExecutorService 'applicationTaskExecutor'
2024-10-26 14:35:47,736 DEBUG [main][RequestMappingHandlerAdapter.java:614] - ControllerAdvice beans: 0 @ModelAttribute, 0 @InitBinder, 1 RequestBodyAdvice, 1 ResponseBodyAdvice
2024-10-26 14:35:47,736 DEBUG [main][RequestMappingHandlerAdapter.java:614] - ControllerAdvice beans: 0 @ModelAttribute, 0 @InitBinder, 1 RequestBodyAdvice, 1 ResponseBodyAdvice
2024-10-26 14:35:47,749 DEBUG [main][DefaultSingletonBeanRegistry.java:225] - Creating shared instance of singleton bean 'requestMappingHandlerMapping'
2024-10-26 14:35:47,749 DEBUG [main][DefaultSingletonBeanRegistry.java:225] - Creating shared instance of singleton bean 'requestMappingHandlerMapping'
2024-10-26 14:35:47,750 DEBUG [main][DefaultSingletonBeanRegistry.java:225] - Creating shared instance of singleton bean 'mvcResourceUrlProvider'
2024-10-26 14:35:47,750 DEBUG [main][DefaultSingletonBeanRegistry.java:225] - Creating shared instance of singleton bean 'mvcResourceUrlProvider'
2024-10-26 14:35:47,754 DEBUG [main][ConstructorResolver.java:807] - Autowiring by type from bean name 'requestMappingHandlerMapping' via factory method to bean named 'mvcContentNegotiationManager'
2024-10-26 14:35:47,754 DEBUG [main][ConstructorResolver.java:807] - Autowiring by type from bean name 'requestMappingHandlerMapping' via factory method to bean named 'mvcContentNegotiationManager'
2024-10-26 14:35:47,755 DEBUG [main][ConstructorResolver.java:807] - Autowiring by type from bean name 'requestMappingHandlerMapping' via factory method to bean named 'mvcConversionService'
2024-10-26 14:35:47,755 DEBUG [main][ConstructorResolver.java:807] - Autowiring by type from bean name 'requestMappingHandlerMapping' via factory method to bean named 'mvcConversionService'
2024-10-26 14:35:47,755 DEBUG [main][ConstructorResolver.java:807] - Autowiring by type from bean name 'requestMappingHandlerMapping' via factory method to bean named 'mvcResourceUrlProvider'
2024-10-26 14:35:47,755 DEBUG [main][ConstructorResolver.java:807] - Autowiring by type from bean name 'requestMappingHandlerMapping' via factory method to bean named 'mvcResourceUrlProvider'
2024-10-26 14:35:47,755 DEBUG [main][ConstructorResolver.java:807] - Autowiring by type from bean name 'requestMappingHandlerMapping' via factory method to bean named 'mvcContentNegotiationManager'
2024-10-26 14:35:47,755 DEBUG [main][ConstructorResolver.java:807] - Autowiring by type from bean name 'requestMappingHandlerMapping' via factory method to bean named 'mvcContentNegotiationManager'
2024-10-26 14:35:47,755 DEBUG [main][ConstructorResolver.java:807] - Autowiring by type from bean name 'requestMappingHandlerMapping' via factory method to bean named 'mvcConversionService'
2024-10-26 14:35:47,755 DEBUG [main][ConstructorResolver.java:807] - Autowiring by type from bean name 'requestMappingHandlerMapping' via factory method to bean named 'mvcConversionService'
2024-10-26 14:35:47,755 DEBUG [main][ConstructorResolver.java:807] - Autowiring by type from bean name 'requestMappingHandlerMapping' via factory method to bean named 'mvcResourceUrlProvider'
2024-10-26 14:35:47,755 DEBUG [main][ConstructorResolver.java:807] - Autowiring by type from bean name 'requestMappingHandlerMapping' via factory method to bean named 'mvcResourceUrlProvider'
2024-10-26 14:35:47,777 DEBUG [main][AbstractHandlerMethodMapping.java:351] - 3 mappings in 'requestMappingHandlerMapping'
2024-10-26 14:35:47,777 DEBUG [main][AbstractHandlerMethodMapping.java:351] - 3 mappings in 'requestMappingHandlerMapping'
2024-10-26 14:35:47,777 DEBUG [main][DefaultSingletonBeanRegistry.java:225] - Creating shared instance of singleton bean 'welcomePageHandlerMapping'
2024-10-26 14:35:47,777 DEBUG [main][DefaultSingletonBeanRegistry.java:225] - Creating shared instance of singleton bean 'welcomePageHandlerMapping'
2024-10-26 14:35:47,778 DEBUG [main][ConstructorResolver.java:807] - Autowiring by type from bean name 'welcomePageHandlerMapping' via factory method to bean named 'org.springframework.boot.web.servlet.context.AnnotationConfigServletWebServerApplicationContext@74a6a609'
2024-10-26 14:35:47,778 DEBUG [main][ConstructorResolver.java:807] - Autowiring by type from bean name 'welcomePageHandlerMapping' via factory method to bean named 'org.springframework.boot.web.servlet.context.AnnotationConfigServletWebServerApplicationContext@74a6a609'
2024-10-26 14:35:47,778 DEBUG [main][ConstructorResolver.java:807] - Autowiring by type from bean name 'welcomePageHandlerMapping' via factory method to bean named 'mvcConversionService'
2024-10-26 14:35:47,778 DEBUG [main][ConstructorResolver.java:807] - Autowiring by type from bean name 'welcomePageHandlerMapping' via factory method to bean named 'mvcConversionService'
2024-10-26 14:35:47,778 DEBUG [main][ConstructorResolver.java:807] - Autowiring by type from bean name 'welcomePageHandlerMapping' via factory method to bean named 'mvcResourceUrlProvider'
2024-10-26 14:35:47,778 DEBUG [main][ConstructorResolver.java:807] - Autowiring by type from bean name 'welcomePageHandlerMapping' via factory method to bean named 'mvcResourceUrlProvider'
2024-10-26 14:35:47,781 DEBUG [main][DefaultSingletonBeanRegistry.java:225] - Creating shared instance of singleton bean 'mvcPathMatcher'
2024-10-26 14:35:47,781 DEBUG [main][DefaultSingletonBeanRegistry.java:225] - Creating shared instance of singleton bean 'mvcPathMatcher'
2024-10-26 14:35:47,782 DEBUG [main][DefaultSingletonBeanRegistry.java:225] - Creating shared instance of singleton bean 'mvcUrlPathHelper'
2024-10-26 14:35:47,782 DEBUG [main][DefaultSingletonBeanRegistry.java:225] - Creating shared instance of singleton bean 'mvcUrlPathHelper'
2024-10-26 14:35:47,782 DEBUG [main][DefaultSingletonBeanRegistry.java:225] - Creating shared instance of singleton bean 'viewControllerHandlerMapping'
2024-10-26 14:35:47,782 DEBUG [main][DefaultSingletonBeanRegistry.java:225] - Creating shared instance of singleton bean 'viewControllerHandlerMapping'
2024-10-26 14:35:47,784 DEBUG [main][ConstructorResolver.java:807] - Autowiring by type from bean name 'viewControllerHandlerMapping' via factory method to bean named 'mvcPathMatcher'
2024-10-26 14:35:47,784 DEBUG [main][ConstructorResolver.java:807] - Autowiring by type from bean name 'viewControllerHandlerMapping' via factory method to bean named 'mvcPathMatcher'
2024-10-26 14:35:47,784 DEBUG [main][ConstructorResolver.java:807] - Autowiring by type from bean name 'viewControllerHandlerMapping' via factory method to bean named 'mvcUrlPathHelper'
2024-10-26 14:35:47,784 DEBUG [main][ConstructorResolver.java:807] - Autowiring by type from bean name 'viewControllerHandlerMapping' via factory method to bean named 'mvcUrlPathHelper'
2024-10-26 14:35:47,784 DEBUG [main][ConstructorResolver.java:807] - Autowiring by type from bean name 'viewControllerHandlerMapping' via factory method to bean named 'mvcConversionService'
2024-10-26 14:35:47,784 DEBUG [main][ConstructorResolver.java:807] - Autowiring by type from bean name 'viewControllerHandlerMapping' via factory method to bean named 'mvcConversionService'
2024-10-26 14:35:47,784 DEBUG [main][ConstructorResolver.java:807] - Autowiring by type from bean name 'viewControllerHandlerMapping' via factory method to bean named 'mvcResourceUrlProvider'
2024-10-26 14:35:47,784 DEBUG [main][ConstructorResolver.java:807] - Autowiring by type from bean name 'viewControllerHandlerMapping' via factory method to bean named 'mvcResourceUrlProvider'
2024-10-26 14:35:47,784 DEBUG [main][DefaultSingletonBeanRegistry.java:225] - Creating shared instance of singleton bean 'beanNameHandlerMapping'
2024-10-26 14:35:47,784 DEBUG [main][DefaultSingletonBeanRegistry.java:225] - Creating shared instance of singleton bean 'beanNameHandlerMapping'
2024-10-26 14:35:47,784 DEBUG [main][ConstructorResolver.java:807] - Autowiring by type from bean name 'beanNameHandlerMapping' via factory method to bean named 'mvcConversionService'
2024-10-26 14:35:47,784 DEBUG [main][ConstructorResolver.java:807] - Autowiring by type from bean name 'beanNameHandlerMapping' via factory method to bean named 'mvcConversionService'
2024-10-26 14:35:47,785 DEBUG [main][ConstructorResolver.java:807] - Autowiring by type from bean name 'beanNameHandlerMapping' via factory method to bean named 'mvcResourceUrlProvider'
2024-10-26 14:35:47,785 DEBUG [main][ConstructorResolver.java:807] - Autowiring by type from bean name 'beanNameHandlerMapping' via factory method to bean named 'mvcResourceUrlProvider'
2024-10-26 14:35:47,787 DEBUG [main][DefaultSingletonBeanRegistry.java:225] - Creating shared instance of singleton bean 'routerFunctionMapping'
2024-10-26 14:35:47,787 DEBUG [main][DefaultSingletonBeanRegistry.java:225] - Creating shared instance of singleton bean 'routerFunctionMapping'
2024-10-26 14:35:47,787 DEBUG [main][ConstructorResolver.java:807] - Autowiring by type from bean name 'routerFunctionMapping' via factory method to bean named 'mvcConversionService'
2024-10-26 14:35:47,787 DEBUG [main][ConstructorResolver.java:807] - Autowiring by type from bean name 'routerFunctionMapping' via factory method to bean named 'mvcResourceUrlProvider'
2024-10-26 14:35:47,787 DEBUG [main][ConstructorResolver.java:807] - Autowiring by type from bean name 'routerFunctionMapping' via factory method to bean named 'mvcConversionService'
2024-10-26 14:35:47,787 DEBUG [main][ConstructorResolver.java:807] - Autowiring by type from bean name 'routerFunctionMapping' via factory method to bean named 'mvcResourceUrlProvider'
2024-10-26 14:35:47,789 DEBUG [main][DefaultSingletonBeanRegistry.java:225] - Creating shared instance of singleton bean 'resourceHandlerMapping'
2024-10-26 14:35:47,789 DEBUG [main][DefaultSingletonBeanRegistry.java:225] - Creating shared instance of singleton bean 'resourceHandlerMapping'
2024-10-26 14:35:47,790 DEBUG [main][ConstructorResolver.java:807] - Autowiring by type from bean name 'resourceHandlerMapping' via factory method to bean named 'mvcUrlPathHelper'
2024-10-26 14:35:47,790 DEBUG [main][ConstructorResolver.java:807] - Autowiring by type from bean name 'resourceHandlerMapping' via factory method to bean named 'mvcUrlPathHelper'
2024-10-26 14:35:47,790 DEBUG [main][ConstructorResolver.java:807] - Autowiring by type from bean name 'resourceHandlerMapping' via factory method to bean named 'mvcPathMatcher'
2024-10-26 14:35:47,790 DEBUG [main][ConstructorResolver.java:807] - Autowiring by type from bean name 'resourceHandlerMapping' via factory method to bean named 'mvcPathMatcher'
2024-10-26 14:35:47,790 DEBUG [main][ConstructorResolver.java:807] - Autowiring by type from bean name 'resourceHandlerMapping' via factory method to bean named 'mvcContentNegotiationManager'
2024-10-26 14:35:47,790 DEBUG [main][ConstructorResolver.java:807] - Autowiring by type from bean name 'resourceHandlerMapping' via factory method to bean named 'mvcContentNegotiationManager'
2024-10-26 14:35:47,790 DEBUG [main][ConstructorResolver.java:807] - Autowiring by type from bean name 'resourceHandlerMapping' via factory method to bean named 'mvcConversionService'
2024-10-26 14:35:47,790 DEBUG [main][ConstructorResolver.java:807] - Autowiring by type from bean name 'resourceHandlerMapping' via factory method to bean named 'mvcConversionService'
2024-10-26 14:35:47,790 DEBUG [main][ConstructorResolver.java:807] - Autowiring by type from bean name 'resourceHandlerMapping' via factory method to bean named 'mvcResourceUrlProvider'
2024-10-26 14:35:47,790 DEBUG [main][ConstructorResolver.java:807] - Autowiring by type from bean name 'resourceHandlerMapping' via factory method to bean named 'mvcResourceUrlProvider'
2024-10-26 14:35:47,797 DEBUG [main][SimpleUrlHandlerMapping.java:173] - Patterns [/webjars/**, /**] in 'resourceHandlerMapping'
2024-10-26 14:35:47,797 DEBUG [main][SimpleUrlHandlerMapping.java:173] - Patterns [/webjars/**, /**] in 'resourceHandlerMapping'
2024-10-26 14:35:47,798 DEBUG [main][DefaultSingletonBeanRegistry.java:225] - Creating shared instance of singleton bean 'defaultServletHandlerMapping'
2024-10-26 14:35:47,798 DEBUG [main][DefaultSingletonBeanRegistry.java:225] - Creating shared instance of singleton bean 'defaultServletHandlerMapping'
2024-10-26 14:35:47,798 DEBUG [main][DefaultSingletonBeanRegistry.java:225] - Creating shared instance of singleton bean 'handlerFunctionAdapter'
2024-10-26 14:35:47,798 DEBUG [main][DefaultSingletonBeanRegistry.java:225] - Creating shared instance of singleton bean 'handlerFunctionAdapter'
2024-10-26 14:35:47,799 DEBUG [main][DefaultSingletonBeanRegistry.java:225] - Creating shared instance of singleton bean 'mvcUriComponentsContributor'
2024-10-26 14:35:47,799 DEBUG [main][DefaultSingletonBeanRegistry.java:225] - Creating shared instance of singleton bean 'mvcUriComponentsContributor'
2024-10-26 14:35:47,800 DEBUG [main][ConstructorResolver.java:807] - Autowiring by type from bean name 'mvcUriComponentsContributor' via factory method to bean named 'mvcConversionService'
2024-10-26 14:35:47,800 DEBUG [main][ConstructorResolver.java:807] - Autowiring by type from bean name 'mvcUriComponentsContributor' via factory method to bean named 'mvcConversionService'
2024-10-26 14:35:47,800 DEBUG [main][ConstructorResolver.java:807] - Autowiring by type from bean name 'mvcUriComponentsContributor' via factory method to bean named 'requestMappingHandlerAdapter'
2024-10-26 14:35:47,800 DEBUG [main][ConstructorResolver.java:807] - Autowiring by type from bean name 'mvcUriComponentsContributor' via factory method to bean named 'requestMappingHandlerAdapter'
2024-10-26 14:35:47,803 DEBUG [main][DefaultSingletonBeanRegistry.java:225] - Creating shared instance of singleton bean 'httpRequestHandlerAdapter'
2024-10-26 14:35:47,803 DEBUG [main][DefaultSingletonBeanRegistry.java:225] - Creating shared instance of singleton bean 'httpRequestHandlerAdapter'
2024-10-26 14:35:47,803 DEBUG [main][DefaultSingletonBeanRegistry.java:225] - Creating shared instance of singleton bean 'simpleControllerHandlerAdapter'
2024-10-26 14:35:47,803 DEBUG [main][DefaultSingletonBeanRegistry.java:225] - Creating shared instance of singleton bean 'simpleControllerHandlerAdapter'
2024-10-26 14:35:47,803 DEBUG [main][DefaultSingletonBeanRegistry.java:225] - Creating shared instance of singleton bean 'handlerExceptionResolver'
2024-10-26 14:35:47,803 DEBUG [main][DefaultSingletonBeanRegistry.java:225] - Creating shared instance of singleton bean 'handlerExceptionResolver'
2024-10-26 14:35:47,804 DEBUG [main][ConstructorResolver.java:807] - Autowiring by type from bean name 'handlerExceptionResolver' via factory method to bean named 'mvcContentNegotiationManager'
2024-10-26 14:35:47,804 DEBUG [main][ConstructorResolver.java:807] - Autowiring by type from bean name 'handlerExceptionResolver' via factory method to bean named 'mvcContentNegotiationManager'
2024-10-26 14:35:47,806 DEBUG [main][ExceptionHandlerExceptionResolver.java:297] - ControllerAdvice beans: 0 @ExceptionHandler, 1 ResponseBodyAdvice
2024-10-26 14:35:47,806 DEBUG [main][ExceptionHandlerExceptionResolver.java:297] - ControllerAdvice beans: 0 @ExceptionHandler, 1 ResponseBodyAdvice
2024-10-26 14:35:47,808 DEBUG [main][DefaultSingletonBeanRegistry.java:225] - Creating shared instance of singleton bean 'mvcViewResolver'
2024-10-26 14:35:47,808 DEBUG [main][DefaultSingletonBeanRegistry.java:225] - Creating shared instance of singleton bean 'mvcViewResolver'
2024-10-26 14:35:47,809 DEBUG [main][ConstructorResolver.java:807] - Autowiring by type from bean name 'mvcViewResolver' via factory method to bean named 'mvcContentNegotiationManager'
2024-10-26 14:35:47,809 DEBUG [main][ConstructorResolver.java:807] - Autowiring by type from bean name 'mvcViewResolver' via factory method to bean named 'mvcContentNegotiationManager'
2024-10-26 14:35:47,810 DEBUG [main][DefaultSingletonBeanRegistry.java:225] - Creating shared instance of singleton bean 'defaultViewResolver'
2024-10-26 14:35:47,810 DEBUG [main][DefaultSingletonBeanRegistry.java:225] - Creating shared instance of singleton bean 'defaultViewResolver'
2024-10-26 14:35:47,812 DEBUG [main][DefaultSingletonBeanRegistry.java:225] - Creating shared instance of singleton bean 'viewResolver'
2024-10-26 14:35:47,812 DEBUG [main][DefaultSingletonBeanRegistry.java:225] - Creating shared instance of singleton bean 'viewResolver'
2024-10-26 14:35:47,813 DEBUG [main][ConstructorResolver.java:807] - Autowiring by type from bean name 'viewResolver' via factory method to bean named 'org.springframework.beans.factory.support.DefaultListableBeanFactory@476b0ae6'
2024-10-26 14:35:47,813 DEBUG [main][ConstructorResolver.java:807] - Autowiring by type from bean name 'viewResolver' via factory method to bean named 'org.springframework.beans.factory.support.DefaultListableBeanFactory@476b0ae6'
2024-10-26 14:35:47,814 DEBUG [main][DefaultSingletonBeanRegistry.java:225] - Creating shared instance of singleton bean 'org.springframework.boot.autoconfigure.jmx.JmxAutoConfiguration'
2024-10-26 14:35:47,814 DEBUG [main][DefaultSingletonBeanRegistry.java:225] - Creating shared instance of singleton bean 'org.springframework.boot.autoconfigure.jmx.JmxAutoConfiguration'
2024-10-26 14:35:47,814 DEBUG [main][ConstructorResolver.java:807] - Autowiring by type from bean name 'org.springframework.boot.autoconfigure.jmx.JmxAutoConfiguration' via constructor to bean named 'environment'
2024-10-26 14:35:47,814 DEBUG [main][ConstructorResolver.java:807] - Autowiring by type from bean name 'org.springframework.boot.autoconfigure.jmx.JmxAutoConfiguration' via constructor to bean named 'environment'
2024-10-26 14:35:47,814 DEBUG [main][DefaultSingletonBeanRegistry.java:225] - Creating shared instance of singleton bean 'mbeanExporter'
2024-10-26 14:35:47,814 DEBUG [main][DefaultSingletonBeanRegistry.java:225] - Creating shared instance of singleton bean 'mbeanExporter'
2024-10-26 14:35:47,814 DEBUG [main][DefaultSingletonBeanRegistry.java:225] - Creating shared instance of singleton bean 'objectNamingStrategy'
2024-10-26 14:35:47,814 DEBUG [main][DefaultSingletonBeanRegistry.java:225] - Creating shared instance of singleton bean 'objectNamingStrategy'
2024-10-26 14:35:47,816 DEBUG [main][ConstructorResolver.java:807] - Autowiring by type from bean name 'mbeanExporter' via factory method to bean named 'objectNamingStrategy'
2024-10-26 14:35:47,816 DEBUG [main][ConstructorResolver.java:807] - Autowiring by type from bean name 'mbeanExporter' via factory method to bean named 'org.springframework.beans.factory.support.DefaultListableBeanFactory@476b0ae6'
2024-10-26 14:35:47,816 DEBUG [main][ConstructorResolver.java:807] - Autowiring by type from bean name 'mbeanExporter' via factory method to bean named 'objectNamingStrategy'
2024-10-26 14:35:47,816 DEBUG [main][ConstructorResolver.java:807] - Autowiring by type from bean name 'mbeanExporter' via factory method to bean named 'org.springframework.beans.factory.support.DefaultListableBeanFactory@476b0ae6'
2024-10-26 14:35:47,819 DEBUG [main][DefaultSingletonBeanRegistry.java:225] - Creating shared instance of singleton bean 'mbeanServer'
2024-10-26 14:35:47,819 DEBUG [main][DefaultSingletonBeanRegistry.java:225] - Creating shared instance of singleton bean 'mbeanServer'
2024-10-26 14:35:47,821 DEBUG [main][JmxUtils.java:127] - Found MBeanServer: com.sun.jmx.mbeanserver.JmxMBeanServer@7c3df479
2024-10-26 14:35:47,821 DEBUG [main][JmxUtils.java:127] - Found MBeanServer: com.sun.jmx.mbeanserver.JmxMBeanServer@7c3df479
2024-10-26 14:35:47,823 DEBUG [main][DefaultSingletonBeanRegistry.java:225] - Creating shared instance of singleton bean 'org.springframework.boot.autoconfigure.admin.SpringApplicationAdminJmxAutoConfiguration'
2024-10-26 14:35:47,823 DEBUG [main][DefaultSingletonBeanRegistry.java:225] - Creating shared instance of singleton bean 'org.springframework.boot.autoconfigure.admin.SpringApplicationAdminJmxAutoConfiguration'
2024-10-26 14:35:47,823 DEBUG [main][DefaultSingletonBeanRegistry.java:225] - Creating shared instance of singleton bean 'springApplicationAdminRegistrar'
2024-10-26 14:35:47,823 DEBUG [main][DefaultSingletonBeanRegistry.java:225] - Creating shared instance of singleton bean 'springApplicationAdminRegistrar'
2024-10-26 14:35:47,824 DEBUG [main][ConstructorResolver.java:807] - Autowiring by type from bean name 'springApplicationAdminRegistrar' via factory method to bean named 'environment'
2024-10-26 14:35:47,824 DEBUG [main][ConstructorResolver.java:807] - Autowiring by type from bean name 'springApplicationAdminRegistrar' via factory method to bean named 'environment'
2024-10-26 14:35:47,825 DEBUG [main][SpringApplicationAdminMXBeanRegistrar.java:131] - Application Admin MBean registered with name 'org.springframework.boot:type=Admin,name=SpringApplication'
2024-10-26 14:35:47,825 DEBUG [main][SpringApplicationAdminMXBeanRegistrar.java:131] - Application Admin MBean registered with name 'org.springframework.boot:type=Admin,name=SpringApplication'
2024-10-26 14:35:47,825 DEBUG [main][DefaultSingletonBeanRegistry.java:225] - Creating shared instance of singleton bean 'org.springframework.boot.autoconfigure.aop.AopAutoConfiguration$ClassProxyingConfiguration'
2024-10-26 14:35:47,825 DEBUG [main][DefaultSingletonBeanRegistry.java:225] - Creating shared instance of singleton bean 'org.springframework.boot.autoconfigure.aop.AopAutoConfiguration$ClassProxyingConfiguration'
2024-10-26 14:35:47,825 DEBUG [main][ConstructorResolver.java:807] - Autowiring by type from bean name 'org.springframework.boot.autoconfigure.aop.AopAutoConfiguration$ClassProxyingConfiguration' via constructor to bean named 'org.springframework.beans.factory.support.DefaultListableBeanFactory@476b0ae6'
2024-10-26 14:35:47,825 DEBUG [main][ConstructorResolver.java:807] - Autowiring by type from bean name 'org.springframework.boot.autoconfigure.aop.AopAutoConfiguration$ClassProxyingConfiguration' via constructor to bean named 'org.springframework.beans.factory.support.DefaultListableBeanFactory@476b0ae6'
2024-10-26 14:35:47,828 DEBUG [main][DefaultSingletonBeanRegistry.java:225] - Creating shared instance of singleton bean 'org.springframework.boot.autoconfigure.aop.AopAutoConfiguration'
2024-10-26 14:35:47,828 DEBUG [main][DefaultSingletonBeanRegistry.java:225] - Creating shared instance of singleton bean 'org.springframework.boot.autoconfigure.aop.AopAutoConfiguration'
2024-10-26 14:35:47,828 DEBUG [main][DefaultSingletonBeanRegistry.java:225] - Creating shared instance of singleton bean 'org.springframework.boot.autoconfigure.availability.ApplicationAvailabilityAutoConfiguration'
2024-10-26 14:35:47,828 DEBUG [main][DefaultSingletonBeanRegistry.java:225] - Creating shared instance of singleton bean 'org.springframework.boot.autoconfigure.availability.ApplicationAvailabilityAutoConfiguration'
2024-10-26 14:35:47,828 DEBUG [main][DefaultSingletonBeanRegistry.java:225] - Creating shared instance of singleton bean 'applicationAvailability'
2024-10-26 14:35:47,828 DEBUG [main][DefaultSingletonBeanRegistry.java:225] - Creating shared instance of singleton bean 'applicationAvailability'
2024-10-26 14:35:47,829 DEBUG [main][DefaultSingletonBeanRegistry.java:225] - Creating shared instance of singleton bean 'org.springframework.cloud.autoconfigure.RefreshAutoConfiguration'
2024-10-26 14:35:47,829 DEBUG [main][DefaultSingletonBeanRegistry.java:225] - Creating shared instance of singleton bean 'org.springframework.cloud.autoconfigure.RefreshAutoConfiguration'
2024-10-26 14:35:47,829 DEBUG [main][DefaultSingletonBeanRegistry.java:225] - Creating shared instance of singleton bean 'loggingRebinder'
2024-10-26 14:35:47,829 DEBUG [main][DefaultSingletonBeanRegistry.java:225] - Creating shared instance of singleton bean 'loggingRebinder'
2024-10-26 14:35:47,829 DEBUG [main][DefaultSingletonBeanRegistry.java:225] - Creating shared instance of singleton bean 'contextRefresher'
2024-10-26 14:35:47,829 DEBUG [main][DefaultSingletonBeanRegistry.java:225] - Creating shared instance of singleton bean 'contextRefresher'
2024-10-26 14:35:47,830 DEBUG [main][ConstructorResolver.java:807] - Autowiring by type from bean name 'contextRefresher' via factory method to bean named 'org.springframework.boot.web.servlet.context.AnnotationConfigServletWebServerApplicationContext@74a6a609'
2024-10-26 14:35:47,830 DEBUG [main][ConstructorResolver.java:807] - Autowiring by type from bean name 'contextRefresher' via factory method to bean named 'refreshScope'
2024-10-26 14:35:47,830 DEBUG [main][ConstructorResolver.java:807] - Autowiring by type from bean name 'contextRefresher' via factory method to bean named 'org.springframework.boot.web.servlet.context.AnnotationConfigServletWebServerApplicationContext@74a6a609'
2024-10-26 14:35:47,830 DEBUG [main][ConstructorResolver.java:807] - Autowiring by type from bean name 'contextRefresher' via factory method to bean named 'refreshScope'
2024-10-26 14:35:47,830 DEBUG [main][DefaultSingletonBeanRegistry.java:225] - Creating shared instance of singleton bean 'refreshEventListener'
2024-10-26 14:35:47,830 DEBUG [main][DefaultSingletonBeanRegistry.java:225] - Creating shared instance of singleton bean 'refreshEventListener'
2024-10-26 14:35:47,830 DEBUG [main][ConstructorResolver.java:807] - Autowiring by type from bean name 'refreshEventListener' via factory method to bean named 'contextRefresher'
2024-10-26 14:35:47,830 DEBUG [main][ConstructorResolver.java:807] - Autowiring by type from bean name 'refreshEventListener' via factory method to bean named 'contextRefresher'
2024-10-26 14:35:47,831 DEBUG [main][DefaultSingletonBeanRegistry.java:225] - Creating shared instance of singleton bean 'org.springframework.boot.autoconfigure.context.ConfigurationPropertiesAutoConfiguration'
2024-10-26 14:35:47,831 DEBUG [main][DefaultSingletonBeanRegistry.java:225] - Creating shared instance of singleton bean 'org.springframework.boot.autoconfigure.context.ConfigurationPropertiesAutoConfiguration'
2024-10-26 14:35:47,831 DEBUG [main][DefaultSingletonBeanRegistry.java:225] - Creating shared instance of singleton bean 'org.springframework.boot.autoconfigure.context.LifecycleAutoConfiguration'
2024-10-26 14:35:47,831 DEBUG [main][DefaultSingletonBeanRegistry.java:225] - Creating shared instance of singleton bean 'org.springframework.boot.autoconfigure.context.LifecycleAutoConfiguration'
2024-10-26 14:35:47,831 DEBUG [main][DefaultSingletonBeanRegistry.java:225] - Creating shared instance of singleton bean 'lifecycleProcessor'
2024-10-26 14:35:47,831 DEBUG [main][DefaultSingletonBeanRegistry.java:225] - Creating shared instance of singleton bean 'lifecycleProcessor'
2024-10-26 14:35:47,831 DEBUG [main][DefaultSingletonBeanRegistry.java:225] - Creating shared instance of singleton bean 'spring.lifecycle-org.springframework.boot.autoconfigure.context.LifecycleProperties'
2024-10-26 14:35:47,831 DEBUG [main][DefaultSingletonBeanRegistry.java:225] - Creating shared instance of singleton bean 'spring.lifecycle-org.springframework.boot.autoconfigure.context.LifecycleProperties'
2024-10-26 14:35:47,832 DEBUG [main][ConstructorResolver.java:807] - Autowiring by type from bean name 'lifecycleProcessor' via factory method to bean named 'spring.lifecycle-org.springframework.boot.autoconfigure.context.LifecycleProperties'
2024-10-26 14:35:47,832 DEBUG [main][ConstructorResolver.java:807] - Autowiring by type from bean name 'lifecycleProcessor' via factory method to bean named 'spring.lifecycle-org.springframework.boot.autoconfigure.context.LifecycleProperties'
2024-10-26 14:35:47,833 DEBUG [main][DefaultSingletonBeanRegistry.java:225] - Creating shared instance of singleton bean 'org.springframework.boot.autoconfigure.http.JacksonHttpMessageConvertersConfiguration'
2024-10-26 14:35:47,833 DEBUG [main][DefaultSingletonBeanRegistry.java:225] - Creating shared instance of singleton bean 'org.springframework.boot.autoconfigure.http.JacksonHttpMessageConvertersConfiguration'
2024-10-26 14:35:47,834 DEBUG [main][DefaultSingletonBeanRegistry.java:225] - Creating shared instance of singleton bean 'org.springframework.boot.autoconfigure.info.ProjectInfoAutoConfiguration'
2024-10-26 14:35:47,834 DEBUG [main][DefaultSingletonBeanRegistry.java:225] - Creating shared instance of singleton bean 'org.springframework.boot.autoconfigure.info.ProjectInfoAutoConfiguration'
2024-10-26 14:35:47,835 DEBUG [main][DefaultSingletonBeanRegistry.java:225] - Creating shared instance of singleton bean 'spring.info-org.springframework.boot.autoconfigure.info.ProjectInfoProperties'
2024-10-26 14:35:47,835 DEBUG [main][DefaultSingletonBeanRegistry.java:225] - Creating shared instance of singleton bean 'spring.info-org.springframework.boot.autoconfigure.info.ProjectInfoProperties'
2024-10-26 14:35:47,836 DEBUG [main][ConstructorResolver.java:807] - Autowiring by type from bean name 'org.springframework.boot.autoconfigure.info.ProjectInfoAutoConfiguration' via constructor to bean named 'spring.info-org.springframework.boot.autoconfigure.info.ProjectInfoProperties'
2024-10-26 14:35:47,836 DEBUG [main][ConstructorResolver.java:807] - Autowiring by type from bean name 'org.springframework.boot.autoconfigure.info.ProjectInfoAutoConfiguration' via constructor to bean named 'spring.info-org.springframework.boot.autoconfigure.info.ProjectInfoProperties'
2024-10-26 14:35:47,836 DEBUG [main][DefaultSingletonBeanRegistry.java:225] - Creating shared instance of singleton bean 'org.springframework.boot.autoconfigure.task.TaskSchedulingAutoConfiguration'
2024-10-26 14:35:47,836 DEBUG [main][DefaultSingletonBeanRegistry.java:225] - Creating shared instance of singleton bean 'org.springframework.boot.autoconfigure.task.TaskSchedulingAutoConfiguration'
2024-10-26 14:35:47,837 DEBUG [main][DefaultSingletonBeanRegistry.java:225] - Creating shared instance of singleton bean 'taskSchedulerBuilder'
2024-10-26 14:35:47,837 DEBUG [main][DefaultSingletonBeanRegistry.java:225] - Creating shared instance of singleton bean 'taskSchedulerBuilder'
2024-10-26 14:35:47,837 DEBUG [main][DefaultSingletonBeanRegistry.java:225] - Creating shared instance of singleton bean 'spring.task.scheduling-org.springframework.boot.autoconfigure.task.TaskSchedulingProperties'
2024-10-26 14:35:47,837 DEBUG [main][DefaultSingletonBeanRegistry.java:225] - Creating shared instance of singleton bean 'spring.task.scheduling-org.springframework.boot.autoconfigure.task.TaskSchedulingProperties'
2024-10-26 14:35:47,838 DEBUG [main][ConstructorResolver.java:807] - Autowiring by type from bean name 'taskSchedulerBuilder' via factory method to bean named 'spring.task.scheduling-org.springframework.boot.autoconfigure.task.TaskSchedulingProperties'
2024-10-26 14:35:47,838 DEBUG [main][ConstructorResolver.java:807] - Autowiring by type from bean name 'taskSchedulerBuilder' via factory method to bean named 'spring.task.scheduling-org.springframework.boot.autoconfigure.task.TaskSchedulingProperties'
2024-10-26 14:35:47,839 DEBUG [main][DefaultSingletonBeanRegistry.java:225] - Creating shared instance of singleton bean 'org.springframework.boot.autoconfigure.web.client.RestTemplateAutoConfiguration'
2024-10-26 14:35:47,839 DEBUG [main][DefaultSingletonBeanRegistry.java:225] - Creating shared instance of singleton bean 'org.springframework.boot.autoconfigure.web.client.RestTemplateAutoConfiguration'
2024-10-26 14:35:47,839 DEBUG [main][DefaultSingletonBeanRegistry.java:225] - Creating shared instance of singleton bean 'org.springframework.boot.autoconfigure.web.embedded.EmbeddedWebServerFactoryCustomizerAutoConfiguration'
2024-10-26 14:35:47,839 DEBUG [main][DefaultSingletonBeanRegistry.java:225] - Creating shared instance of singleton bean 'org.springframework.boot.autoconfigure.web.embedded.EmbeddedWebServerFactoryCustomizerAutoConfiguration'
2024-10-26 14:35:47,839 DEBUG [main][DefaultSingletonBeanRegistry.java:225] - Creating shared instance of singleton bean 'multipartResolver'
2024-10-26 14:35:47,839 DEBUG [main][DefaultSingletonBeanRegistry.java:225] - Creating shared instance of singleton bean 'multipartResolver'
2024-10-26 14:35:47,840 DEBUG [main][DefaultSingletonBeanRegistry.java:225] - Creating shared instance of singleton bean 'org.springframework.cloud.autoconfigure.ConfigurationPropertiesRebinderAutoConfiguration'
2024-10-26 14:35:47,840 DEBUG [main][DefaultSingletonBeanRegistry.java:225] - Creating shared instance of singleton bean 'org.springframework.cloud.autoconfigure.ConfigurationPropertiesRebinderAutoConfiguration'
2024-10-26 14:35:47,840 DEBUG [main][DefaultSingletonBeanRegistry.java:225] - Creating shared instance of singleton bean 'configurationPropertiesRebinder'
2024-10-26 14:35:47,840 DEBUG [main][DefaultSingletonBeanRegistry.java:225] - Creating shared instance of singleton bean 'configurationPropertiesRebinder'
2024-10-26 14:35:47,841 DEBUG [main][ConstructorResolver.java:807] - Autowiring by type from bean name 'configurationPropertiesRebinder' via factory method to bean named 'configurationPropertiesBeans'
2024-10-26 14:35:47,841 DEBUG [main][ConstructorResolver.java:807] - Autowiring by type from bean name 'configurationPropertiesRebinder' via factory method to bean named 'configurationPropertiesBeans'
2024-10-26 14:35:47,841 DEBUG [main][DefaultSingletonBeanRegistry.java:225] - Creating shared instance of singleton bean 'org.springframework.cloud.autoconfigure.LifecycleMvcEndpointAutoConfiguration'
2024-10-26 14:35:47,841 DEBUG [main][DefaultSingletonBeanRegistry.java:225] - Creating shared instance of singleton bean 'org.springframework.cloud.autoconfigure.LifecycleMvcEndpointAutoConfiguration'
2024-10-26 14:35:47,841 DEBUG [main][DefaultSingletonBeanRegistry.java:225] - Creating shared instance of singleton bean 'environmentManager'
2024-10-26 14:35:47,841 DEBUG [main][DefaultSingletonBeanRegistry.java:225] - Creating shared instance of singleton bean 'environmentManager'
2024-10-26 14:35:47,841 DEBUG [main][ConstructorResolver.java:807] - Autowiring by type from bean name 'environmentManager' via factory method to bean named 'environment'
2024-10-26 14:35:47,841 DEBUG [main][ConstructorResolver.java:807] - Autowiring by type from bean name 'environmentManager' via factory method to bean named 'environment'
2024-10-26 14:35:47,846 DEBUG [main][MBeanExporter.java:434] - Registering beans for JMX exposure on startup
2024-10-26 14:35:47,846 DEBUG [main][MBeanExporter.java:434] - Registering beans for JMX exposure on startup
2024-10-26 14:35:47,846 DEBUG [main][MBeanExporter.java:541] - Autodetecting user-defined JMX MBeans
2024-10-26 14:35:47,846 DEBUG [main][MBeanExporter.java:541] - Autodetecting user-defined JMX MBeans
2024-10-26 14:35:47,850 DEBUG [main][MBeanExporter.java:896] - Bean with name 'refreshScope' has been autodetected for JMX exposure
2024-10-26 14:35:47,850 DEBUG [main][MBeanExporter.java:896] - Bean with name 'refreshScope' has been autodetected for JMX exposure
2024-10-26 14:35:47,850 DEBUG [main][MBeanExporter.java:896] - Bean with name 'configurationPropertiesRebinder' has been autodetected for JMX exposure
2024-10-26 14:35:47,850 DEBUG [main][MBeanExporter.java:896] - Bean with name 'configurationPropertiesRebinder' has been autodetected for JMX exposure
2024-10-26 14:35:47,850 DEBUG [main][MBeanExporter.java:896] - Bean with name 'environmentManager' has been autodetected for JMX exposure
2024-10-26 14:35:47,850 DEBUG [main][MBeanExporter.java:896] - Bean with name 'environmentManager' has been autodetected for JMX exposure
2024-10-26 14:35:47,852 DEBUG [main][MBeanExporter.java:676] - Located managed bean 'environmentManager': registering with JMX server as MBean [org.springframework.cloud.context.environment:name=environmentManager,type=EnvironmentManager]
2024-10-26 14:35:47,852 DEBUG [main][MBeanExporter.java:676] - Located managed bean 'environmentManager': registering with JMX server as MBean [org.springframework.cloud.context.environment:name=environmentManager,type=EnvironmentManager]
2024-10-26 14:35:47,862 DEBUG [main][MBeanExporter.java:676] - Located managed bean 'refreshScope': registering with JMX server as MBean [org.springframework.cloud.context.scope.refresh:name=refreshScope,type=RefreshScope]
2024-10-26 14:35:47,862 DEBUG [main][MBeanExporter.java:676] - Located managed bean 'refreshScope': registering with JMX server as MBean [org.springframework.cloud.context.scope.refresh:name=refreshScope,type=RefreshScope]
2024-10-26 14:35:47,870 DEBUG [main][MBeanExporter.java:676] - Located managed bean 'configurationPropertiesRebinder': registering with JMX server as MBean [org.springframework.cloud.context.properties:name=configurationPropertiesRebinder,context=74a6a609,type=ConfigurationPropertiesRebinder]
2024-10-26 14:35:47,870 DEBUG [main][MBeanExporter.java:676] - Located managed bean 'configurationPropertiesRebinder': registering with JMX server as MBean [org.springframework.cloud.context.properties:name=configurationPropertiesRebinder,context=74a6a609,type=ConfigurationPropertiesRebinder]
2024-10-26 14:35:47,914 DEBUG [main][DefaultLifecycleProcessor.java:356] - Starting beans in phase 2147483646
2024-10-26 14:35:47,914 DEBUG [main][DefaultLifecycleProcessor.java:356] - Starting beans in phase 2147483646
2024-10-26 14:35:47,915 INFO [main][DirectJDKLog.java:173] - Starting ProtocolHandler ["http-nio-63040"]
2024-10-26 14:35:47,915 INFO [main][DirectJDKLog.java:173] - Starting ProtocolHandler ["http-nio-63040"]
2024-10-26 14:35:47,929 INFO [main][TomcatWebServer.java:220] - Tomcat started on port(s): 63040 (http) with context path '/content'
2024-10-26 14:35:47,929 INFO [main][TomcatWebServer.java:220] - Tomcat started on port(s): 63040 (http) with context path '/content'
2024-10-26 14:35:47,931 DEBUG [main][DefaultLifecycleProcessor.java:188] - Successfully started bean 'webServerStartStop'
2024-10-26 14:35:47,931 DEBUG [main][DefaultLifecycleProcessor.java:356] - Starting beans in phase 2147483647
2024-10-26 14:35:47,931 DEBUG [main][DefaultLifecycleProcessor.java:188] - Successfully started bean 'webServerStartStop'
2024-10-26 14:35:47,931 DEBUG [main][DefaultLifecycleProcessor.java:356] - Starting beans in phase 2147483647
2024-10-26 14:35:47,931 DEBUG [main][DefaultLifecycleProcessor.java:188] - Successfully started bean 'webServerGracefulShutdown'
2024-10-26 14:35:47,931 DEBUG [main][DefaultLifecycleProcessor.java:188] - Successfully started bean 'webServerGracefulShutdown'
2024-10-26 14:35:47,938 DEBUG [main][ConditionEvaluationReportLoggingListener.java:126] - 


============================
CONDITIONS EVALUATION REPORT
============================


Positive matches:
-----------------

   AopAutoConfiguration matched:
      - @ConditionalOnProperty (spring.aop.auto=true) matched (OnPropertyCondition)

   AopAutoConfiguration.ClassProxyingConfiguration matched:
      - @ConditionalOnMissingClass did not find unwanted class 'org.aspectj.weaver.Advice' (OnClassCondition)
      - @ConditionalOnProperty (spring.aop.proxy-target-class=true) matched (OnPropertyCondition)

   ConfigurationPropertiesRebinderAutoConfiguration matched:
      - @ConditionalOnBean (types: org.springframework.boot.context.properties.ConfigurationPropertiesBindingPostProcessor; SearchStrategy: all) found bean 'org.springframework.boot.context.properties.ConfigurationPropertiesBindingPostProcessor' (OnBeanCondition)

   ConfigurationPropertiesRebinderAutoConfiguration#configurationPropertiesBeans matched:
      - @ConditionalOnMissingBean (types: org.springframework.cloud.context.properties.ConfigurationPropertiesBeans; SearchStrategy: current) did not find any beans (OnBeanCondition)

   ConfigurationPropertiesRebinderAutoConfiguration#configurationPropertiesRebinder matched:
      - @ConditionalOnMissingBean (types: org.springframework.cloud.context.properties.ConfigurationPropertiesRebinder; SearchStrategy: current) did not find any beans (OnBeanCondition)

   DispatcherServletAutoConfiguration matched:
      - @ConditionalOnClass found required class 'org.springframework.web.servlet.DispatcherServlet' (OnClassCondition)
      - found 'session' scope (OnWebApplicationCondition)

   DispatcherServletAutoConfiguration.DispatcherServletConfiguration matched:
      - @ConditionalOnClass found required class 'javax.servlet.ServletRegistration' (OnClassCondition)
      - Default DispatcherServlet did not find dispatcher servlet beans (DispatcherServletAutoConfiguration.DefaultDispatcherServletCondition)

   DispatcherServletAutoConfiguration.DispatcherServletRegistrationConfiguration matched:
      - @ConditionalOnClass found required class 'javax.servlet.ServletRegistration' (OnClassCondition)
      - DispatcherServlet Registration did not find servlet registration bean (DispatcherServletAutoConfiguration.DispatcherServletRegistrationCondition)

   DispatcherServletAutoConfiguration.DispatcherServletRegistrationConfiguration#dispatcherServletRegistration matched:
      - @ConditionalOnBean (names: dispatcherServlet types: org.springframework.web.servlet.DispatcherServlet; SearchStrategy: all) found bean 'dispatcherServlet' (OnBeanCondition)

   EmbeddedWebServerFactoryCustomizerAutoConfiguration matched:
      - @ConditionalOnWebApplication (required) found 'session' scope (OnWebApplicationCondition)

   EmbeddedWebServerFactoryCustomizerAutoConfiguration.TomcatWebServerFactoryCustomizerConfiguration matched:
      - @ConditionalOnClass found required classes 'org.apache.catalina.startup.Tomcat', 'org.apache.coyote.UpgradeProtocol' (OnClassCondition)

   ErrorMvcAutoConfiguration matched:
      - @ConditionalOnClass found required classes 'javax.servlet.Servlet', 'org.springframework.web.servlet.DispatcherServlet' (OnClassCondition)
      - found 'session' scope (OnWebApplicationCondition)

   ErrorMvcAutoConfiguration#basicErrorController matched:
      - @ConditionalOnMissingBean (types: org.springframework.boot.web.servlet.error.ErrorController; SearchStrategy: current) did not find any beans (OnBeanCondition)

   ErrorMvcAutoConfiguration#errorAttributes matched:
      - @ConditionalOnMissingBean (types: org.springframework.boot.web.servlet.error.ErrorAttributes; SearchStrategy: current) did not find any beans (OnBeanCondition)

   ErrorMvcAutoConfiguration.DefaultErrorViewResolverConfiguration#conventionErrorViewResolver matched:
      - @ConditionalOnBean (types: org.springframework.web.servlet.DispatcherServlet; SearchStrategy: all) found bean 'dispatcherServlet'; @ConditionalOnMissingBean (types: org.springframework.boot.autoconfigure.web.servlet.error.ErrorViewResolver; SearchStrategy: all) did not find any beans (OnBeanCondition)

   ErrorMvcAutoConfiguration.WhitelabelErrorViewConfiguration matched:
      - @ConditionalOnProperty (server.error.whitelabel.enabled) matched (OnPropertyCondition)
      - ErrorTemplate Missing did not find error template view (ErrorMvcAutoConfiguration.ErrorTemplateMissingCondition)

   ErrorMvcAutoConfiguration.WhitelabelErrorViewConfiguration#beanNameViewResolver matched:
      - @ConditionalOnMissingBean (types: org.springframework.web.servlet.view.BeanNameViewResolver; SearchStrategy: all) did not find any beans (OnBeanCondition)

   ErrorMvcAutoConfiguration.WhitelabelErrorViewConfiguration#defaultErrorView matched:
      - @ConditionalOnMissingBean (names: error; SearchStrategy: all) did not find any beans (OnBeanCondition)

   GenericCacheConfiguration matched:
      - Cache org.springframework.boot.autoconfigure.cache.GenericCacheConfiguration automatic cache type (CacheCondition)

   HttpEncodingAutoConfiguration matched:
      - @ConditionalOnClass found required class 'org.springframework.web.filter.CharacterEncodingFilter' (OnClassCondition)
      - found 'session' scope (OnWebApplicationCondition)
      - @ConditionalOnProperty (server.servlet.encoding.enabled) matched (OnPropertyCondition)

   HttpEncodingAutoConfiguration#characterEncodingFilter matched:
      - @ConditionalOnMissingBean (types: org.springframework.web.filter.CharacterEncodingFilter; SearchStrategy: all) did not find any beans (OnBeanCondition)

   HttpMessageConvertersAutoConfiguration matched:
      - @ConditionalOnClass found required class 'org.springframework.http.converter.HttpMessageConverter' (OnClassCondition)
      - NoneNestedConditions 0 matched 1 did not; NestedCondition on HttpMessageConvertersAutoConfiguration.NotReactiveWebApplicationCondition.ReactiveWebApplication did not find reactive web application classes (HttpMessageConvertersAutoConfiguration.NotReactiveWebApplicationCondition)

   HttpMessageConvertersAutoConfiguration#messageConverters matched:
      - @ConditionalOnMissingBean (types: org.springframework.boot.autoconfigure.http.HttpMessageConverters; SearchStrategy: all) did not find any beans (OnBeanCondition)

   HttpMessageConvertersAutoConfiguration.StringHttpMessageConverterConfiguration matched:
      - @ConditionalOnClass found required class 'org.springframework.http.converter.StringHttpMessageConverter' (OnClassCondition)

   HttpMessageConvertersAutoConfiguration.StringHttpMessageConverterConfiguration#stringHttpMessageConverter matched:
      - @ConditionalOnMissingBean (types: org.springframework.http.converter.StringHttpMessageConverter; SearchStrategy: all) did not find any beans (OnBeanCondition)

   JacksonAutoConfiguration matched:
      - @ConditionalOnClass found required class 'com.fasterxml.jackson.databind.ObjectMapper' (OnClassCondition)

   JacksonAutoConfiguration.Jackson2ObjectMapperBuilderCustomizerConfiguration matched:
      - @ConditionalOnClass found required class 'org.springframework.http.converter.json.Jackson2ObjectMapperBuilder' (OnClassCondition)

   JacksonAutoConfiguration.JacksonObjectMapperBuilderConfiguration matched:
      - @ConditionalOnClass found required class 'org.springframework.http.converter.json.Jackson2ObjectMapperBuilder' (OnClassCondition)

   JacksonAutoConfiguration.JacksonObjectMapperBuilderConfiguration#jacksonObjectMapperBuilder matched:
      - @ConditionalOnMissingBean (types: org.springframework.http.converter.json.Jackson2ObjectMapperBuilder; SearchStrategy: all) did not find any beans (OnBeanCondition)

   JacksonAutoConfiguration.JacksonObjectMapperConfiguration matched:
      - @ConditionalOnClass found required class 'org.springframework.http.converter.json.Jackson2ObjectMapperBuilder' (OnClassCondition)

   JacksonAutoConfiguration.JacksonObjectMapperConfiguration#jacksonObjectMapper matched:
      - @ConditionalOnMissingBean (types: com.fasterxml.jackson.databind.ObjectMapper; SearchStrategy: all) did not find any beans (OnBeanCondition)

   JacksonAutoConfiguration.ParameterNamesModuleConfiguration matched:
      - @ConditionalOnClass found required class 'com.fasterxml.jackson.module.paramnames.ParameterNamesModule' (OnClassCondition)

   JacksonAutoConfiguration.ParameterNamesModuleConfiguration#parameterNamesModule matched:
      - @ConditionalOnMissingBean (types: com.fasterxml.jackson.module.paramnames.ParameterNamesModule; SearchStrategy: all) did not find any beans (OnBeanCondition)

   JacksonHttpMessageConvertersConfiguration.MappingJackson2HttpMessageConverterConfiguration matched:
      - @ConditionalOnClass found required class 'com.fasterxml.jackson.databind.ObjectMapper' (OnClassCondition)
      - @ConditionalOnProperty (spring.mvc.converters.preferred-json-mapper=jackson) matched (OnPropertyCondition)
      - @ConditionalOnBean (types: com.fasterxml.jackson.databind.ObjectMapper; SearchStrategy: all) found bean 'jacksonObjectMapper' (OnBeanCondition)

   JacksonHttpMessageConvertersConfiguration.MappingJackson2HttpMessageConverterConfiguration#mappingJackson2HttpMessageConverter matched:
      - @ConditionalOnMissingBean (types: org.springframework.http.converter.json.MappingJackson2HttpMessageConverter ignored: org.springframework.hateoas.server.mvc.TypeConstrainedMappingJackson2HttpMessageConverter,org.springframework.data.rest.webmvc.alps.AlpsJsonHttpMessageConverter; SearchStrategy: all) did not find any beans (OnBeanCondition)

   JmxAutoConfiguration matched:
      - @ConditionalOnClass found required class 'org.springframework.jmx.export.MBeanExporter' (OnClassCondition)
      - @ConditionalOnProperty (spring.jmx.enabled=true) matched (OnPropertyCondition)

   JmxAutoConfiguration#mbeanExporter matched:
      - @ConditionalOnMissingBean (types: org.springframework.jmx.export.MBeanExporter; SearchStrategy: current) did not find any beans (OnBeanCondition)

   JmxAutoConfiguration#mbeanServer matched:
      - @ConditionalOnMissingBean (types: javax.management.MBeanServer; SearchStrategy: all) did not find any beans (OnBeanCondition)

   JmxAutoConfiguration#objectNamingStrategy matched:
      - @ConditionalOnMissingBean (types: org.springframework.jmx.export.naming.ObjectNamingStrategy; SearchStrategy: current) did not find any beans (OnBeanCondition)

   LifecycleAutoConfiguration#defaultLifecycleProcessor matched:
      - @ConditionalOnMissingBean (names: lifecycleProcessor; SearchStrategy: current) did not find any beans (OnBeanCondition)

   LifecycleMvcEndpointAutoConfiguration#environmentManager matched:
      - @ConditionalOnMissingBean (types: org.springframework.cloud.context.environment.EnvironmentManager; SearchStrategy: all) did not find any beans (OnBeanCondition)

   MultipartAutoConfiguration matched:
      - @ConditionalOnClass found required classes 'javax.servlet.Servlet', 'org.springframework.web.multipart.support.StandardServletMultipartResolver', 'javax.servlet.MultipartConfigElement' (OnClassCondition)
      - found 'session' scope (OnWebApplicationCondition)
      - @ConditionalOnProperty (spring.servlet.multipart.enabled) matched (OnPropertyCondition)

   MultipartAutoConfiguration#multipartConfigElement matched:
      - @ConditionalOnMissingBean (types: javax.servlet.MultipartConfigElement,org.springframework.web.multipart.commons.CommonsMultipartResolver; SearchStrategy: all) did not find any beans (OnBeanCondition)

   MultipartAutoConfiguration#multipartResolver matched:
      - @ConditionalOnMissingBean (types: org.springframework.web.multipart.MultipartResolver; SearchStrategy: all) did not find any beans (OnBeanCondition)

   NoOpCacheConfiguration matched:
      - Cache org.springframework.boot.autoconfigure.cache.NoOpCacheConfiguration automatic cache type (CacheCondition)

   PropertyPlaceholderAutoConfiguration#propertySourcesPlaceholderConfigurer matched:
      - @ConditionalOnMissingBean (types: org.springframework.context.support.PropertySourcesPlaceholderConfigurer; SearchStrategy: current) did not find any beans (OnBeanCondition)

   RefreshAutoConfiguration matched:
      - @ConditionalOnClass found required class 'org.springframework.cloud.context.scope.refresh.RefreshScope' (OnClassCondition)
      - @ConditionalOnProperty (spring.cloud.refresh.enabled) matched (OnPropertyCondition)

   RefreshAutoConfiguration#contextRefresher matched:
      - @ConditionalOnMissingBean (types: org.springframework.cloud.context.refresh.ContextRefresher; SearchStrategy: all) did not find any beans (OnBeanCondition)

   RefreshAutoConfiguration#loggingRebinder matched:
      - @ConditionalOnMissingBean (types: org.springframework.cloud.logging.LoggingRebinder; SearchStrategy: all) did not find any beans (OnBeanCondition)

   RefreshAutoConfiguration#refreshScope matched:
      - @ConditionalOnMissingBean (types: org.springframework.cloud.context.scope.refresh.RefreshScope; SearchStrategy: all) did not find any beans (OnBeanCondition)

   RestTemplateAutoConfiguration matched:
      - @ConditionalOnClass found required class 'org.springframework.web.client.RestTemplate' (OnClassCondition)
      - NoneNestedConditions 0 matched 1 did not; NestedCondition on RestTemplateAutoConfiguration.NotReactiveWebApplicationCondition.ReactiveWebApplication did not find reactive web application classes (RestTemplateAutoConfiguration.NotReactiveWebApplicationCondition)

   RestTemplateAutoConfiguration#restTemplateBuilder matched:
      - @ConditionalOnMissingBean (types: org.springframework.boot.web.client.RestTemplateBuilder; SearchStrategy: all) did not find any beans (OnBeanCondition)

   ServletWebServerFactoryAutoConfiguration matched:
      - @ConditionalOnClass found required class 'javax.servlet.ServletRequest' (OnClassCondition)
      - found 'session' scope (OnWebApplicationCondition)

   ServletWebServerFactoryAutoConfiguration#tomcatServletWebServerFactoryCustomizer matched:
      - @ConditionalOnClass found required class 'org.apache.catalina.startup.Tomcat' (OnClassCondition)

   ServletWebServerFactoryConfiguration.EmbeddedTomcat matched:
      - @ConditionalOnClass found required classes 'javax.servlet.Servlet', 'org.apache.catalina.startup.Tomcat', 'org.apache.coyote.UpgradeProtocol' (OnClassCondition)
      - @ConditionalOnMissingBean (types: org.springframework.boot.web.servlet.server.ServletWebServerFactory; SearchStrategy: current) did not find any beans (OnBeanCondition)

   SimpleCacheConfiguration matched:
      - Cache org.springframework.boot.autoconfigure.cache.SimpleCacheConfiguration automatic cache type (CacheCondition)

   SpringApplicationAdminJmxAutoConfiguration matched:
      - @ConditionalOnProperty (spring.application.admin.enabled=true) matched (OnPropertyCondition)

   SpringApplicationAdminJmxAutoConfiguration#springApplicationAdminRegistrar matched:
      - @ConditionalOnMissingBean (types: org.springframework.boot.admin.SpringApplicationAdminMXBeanRegistrar; SearchStrategy: all) did not find any beans (OnBeanCondition)

   TaskExecutionAutoConfiguration matched:
      - @ConditionalOnClass found required class 'org.springframework.scheduling.concurrent.ThreadPoolTaskExecutor' (OnClassCondition)

   TaskExecutionAutoConfiguration#applicationTaskExecutor matched:
      - @ConditionalOnMissingBean (types: java.util.concurrent.Executor; SearchStrategy: all) did not find any beans (OnBeanCondition)

   TaskExecutionAutoConfiguration#taskExecutorBuilder matched:
      - @ConditionalOnMissingBean (types: org.springframework.boot.task.TaskExecutorBuilder; SearchStrategy: all) did not find any beans (OnBeanCondition)

   TaskSchedulingAutoConfiguration matched:
      - @ConditionalOnClass found required class 'org.springframework.scheduling.concurrent.ThreadPoolTaskScheduler' (OnClassCondition)

   TaskSchedulingAutoConfiguration#taskSchedulerBuilder matched:
      - @ConditionalOnMissingBean (types: org.springframework.boot.task.TaskSchedulerBuilder; SearchStrategy: all) did not find any beans (OnBeanCondition)

   ValidationAutoConfiguration matched:
      - @ConditionalOnClass found required class 'javax.validation.executable.ExecutableValidator' (OnClassCondition)
      - @ConditionalOnResource found location classpath:META-INF/services/javax.validation.spi.ValidationProvider (OnResourceCondition)

   ValidationAutoConfiguration#defaultValidator matched:
      - @ConditionalOnMissingBean (types: javax.validation.Validator; SearchStrategy: all) did not find any beans (OnBeanCondition)

   ValidationAutoConfiguration#methodValidationPostProcessor matched:
      - @ConditionalOnMissingBean (types: org.springframework.validation.beanvalidation.MethodValidationPostProcessor; SearchStrategy: all) did not find any beans (OnBeanCondition)

   WebMvcAutoConfiguration matched:
      - @ConditionalOnClass found required classes 'javax.servlet.Servlet', 'org.springframework.web.servlet.DispatcherServlet', 'org.springframework.web.servlet.config.annotation.WebMvcConfigurer' (OnClassCondition)
      - found 'session' scope (OnWebApplicationCondition)
      - @ConditionalOnMissingBean (types: org.springframework.web.servlet.config.annotation.WebMvcConfigurationSupport; SearchStrategy: all) did not find any beans (OnBeanCondition)

   WebMvcAutoConfiguration#formContentFilter matched:
      - @ConditionalOnProperty (spring.mvc.formcontent.filter.enabled) matched (OnPropertyCondition)
      - @ConditionalOnMissingBean (types: org.springframework.web.filter.FormContentFilter; SearchStrategy: all) did not find any beans (OnBeanCondition)

   WebMvcAutoConfiguration.WebMvcAutoConfigurationAdapter#defaultViewResolver matched:
      - @ConditionalOnMissingBean (types: org.springframework.web.servlet.view.InternalResourceViewResolver; SearchStrategy: all) did not find any beans (OnBeanCondition)

   WebMvcAutoConfiguration.WebMvcAutoConfigurationAdapter#requestContextFilter matched:
      - @ConditionalOnMissingBean (types: org.springframework.web.context.request.RequestContextListener,org.springframework.web.filter.RequestContextFilter; SearchStrategy: all) did not find any beans (OnBeanCondition)

   WebMvcAutoConfiguration.WebMvcAutoConfigurationAdapter#viewResolver matched:
      - @ConditionalOnBean (types: org.springframework.web.servlet.ViewResolver; SearchStrategy: all) found beans 'defaultViewResolver', 'beanNameViewResolver', 'mvcViewResolver'; @ConditionalOnMissingBean (names: viewResolver types: org.springframework.web.servlet.view.ContentNegotiatingViewResolver; SearchStrategy: all) did not find any beans (OnBeanCondition)

   WebSocketServletAutoConfiguration matched:
      - @ConditionalOnClass found required classes 'javax.servlet.Servlet', 'javax.websocket.server.ServerContainer' (OnClassCondition)
      - found 'session' scope (OnWebApplicationCondition)

   WebSocketServletAutoConfiguration.TomcatWebSocketConfiguration matched:
      - @ConditionalOnClass found required classes 'org.apache.catalina.startup.Tomcat', 'org.apache.tomcat.websocket.server.WsSci' (OnClassCondition)

   WebSocketServletAutoConfiguration.TomcatWebSocketConfiguration#websocketServletWebServerCustomizer matched:
      - @ConditionalOnMissingBean (names: websocketServletWebServerCustomizer; SearchStrategy: all) did not find any beans (OnBeanCondition)


Negative matches:
-----------------

   ActiveMQAutoConfiguration:
      Did not match:
         - @ConditionalOnClass did not find required class 'javax.jms.ConnectionFactory' (OnClassCondition)

   AopAutoConfiguration.AspectJAutoProxyingConfiguration:
      Did not match:
         - @ConditionalOnClass did not find required class 'org.aspectj.weaver.Advice' (OnClassCondition)

   ArtemisAutoConfiguration:
      Did not match:
         - @ConditionalOnClass did not find required class 'javax.jms.ConnectionFactory' (OnClassCondition)

   BatchAutoConfiguration:
      Did not match:
         - @ConditionalOnClass did not find required class 'org.springframework.batch.core.launch.JobLauncher' (OnClassCondition)

   CacheAutoConfiguration:
      Did not match:
         - @ConditionalOnBean (types: org.springframework.cache.interceptor.CacheAspectSupport; SearchStrategy: all) did not find any beans of type org.springframework.cache.interceptor.CacheAspectSupport (OnBeanCondition)
      Matched:
         - @ConditionalOnClass found required class 'org.springframework.cache.CacheManager' (OnClassCondition)

   CacheAutoConfiguration.CacheManagerEntityManagerFactoryDependsOnPostProcessor:
      Did not match:
         - @ConditionalOnClass did not find required class 'org.springframework.orm.jpa.LocalContainerEntityManagerFactoryBean' (OnClassCondition)
         - Ancestor org.springframework.boot.autoconfigure.cache.CacheAutoConfiguration did not match (ConditionEvaluationReport.AncestorsMatchedCondition)

   CaffeineCacheConfiguration:
      Did not match:
         - @ConditionalOnClass did not find required class 'com.github.benmanes.caffeine.cache.Caffeine' (OnClassCondition)

   CassandraAutoConfiguration:
      Did not match:
         - @ConditionalOnClass did not find required class 'com.datastax.oss.driver.api.core.CqlSession' (OnClassCondition)

   CassandraDataAutoConfiguration:
      Did not match:
         - @ConditionalOnClass did not find required class 'com.datastax.oss.driver.api.core.CqlSession' (OnClassCondition)

   CassandraReactiveDataAutoConfiguration:
      Did not match:
         - @ConditionalOnClass did not find required class 'com.datastax.oss.driver.api.core.CqlSession' (OnClassCondition)

   CassandraReactiveRepositoriesAutoConfiguration:
      Did not match:
         - @ConditionalOnClass did not find required class 'org.springframework.data.cassandra.ReactiveSession' (OnClassCondition)

   CassandraRepositoriesAutoConfiguration:
      Did not match:
         - @ConditionalOnClass did not find required class 'com.datastax.oss.driver.api.core.CqlSession' (OnClassCondition)

   ClientHttpConnectorAutoConfiguration:
      Did not match:
         - @ConditionalOnClass did not find required class 'org.springframework.web.reactive.function.client.WebClient' (OnClassCondition)

   CodecsAutoConfiguration:
      Did not match:
         - @ConditionalOnClass did not find required class 'org.springframework.web.reactive.function.client.WebClient' (OnClassCondition)

   CouchbaseAutoConfiguration:
      Did not match:
         - @ConditionalOnClass did not find required class 'com.couchbase.client.java.Cluster' (OnClassCondition)

   CouchbaseCacheConfiguration:
      Did not match:
         - @ConditionalOnClass did not find required class 'com.couchbase.client.java.Cluster' (OnClassCondition)

   CouchbaseDataAutoConfiguration:
      Did not match:
         - @ConditionalOnClass did not find required class 'com.couchbase.client.java.Bucket' (OnClassCondition)

   CouchbaseReactiveDataAutoConfiguration:
      Did not match:
         - @ConditionalOnClass did not find required class 'com.couchbase.client.java.Cluster' (OnClassCondition)

   CouchbaseReactiveRepositoriesAutoConfiguration:
      Did not match:
         - @ConditionalOnClass did not find required class 'com.couchbase.client.java.Cluster' (OnClassCondition)

   CouchbaseRepositoriesAutoConfiguration:
      Did not match:
         - @ConditionalOnClass did not find required class 'com.couchbase.client.java.Bucket' (OnClassCondition)

   DataSourceAutoConfiguration:
      Did not match:
         - @ConditionalOnClass did not find required class 'org.springframework.jdbc.datasource.embedded.EmbeddedDatabaseType' (OnClassCondition)

   DataSourceTransactionManagerAutoConfiguration:
      Did not match:
         - @ConditionalOnClass did not find required class 'org.springframework.jdbc.core.JdbcTemplate' (OnClassCondition)

   DispatcherServletAutoConfiguration.DispatcherServletConfiguration#multipartResolver:
      Did not match:
         - @ConditionalOnBean (types: org.springframework.web.multipart.MultipartResolver; SearchStrategy: all) did not find any beans of type org.springframework.web.multipart.MultipartResolver (OnBeanCondition)

   EhCacheCacheConfiguration:
      Did not match:
         - @ConditionalOnClass did not find required class 'net.sf.ehcache.Cache' (OnClassCondition)

   ElasticsearchDataAutoConfiguration:
      Did not match:
         - @ConditionalOnClass did not find required class 'org.springframework.data.elasticsearch.core.ElasticsearchTemplate' (OnClassCondition)

   ElasticsearchRepositoriesAutoConfiguration:
      Did not match:
         - @ConditionalOnClass did not find required class 'org.elasticsearch.client.Client' (OnClassCondition)

   ElasticsearchRestClientAutoConfiguration:
      Did not match:
         - @ConditionalOnClass did not find required class 'org.elasticsearch.client.RestClient' (OnClassCondition)

   EmbeddedLdapAutoConfiguration:
      Did not match:
         - @ConditionalOnClass did not find required class 'com.unboundid.ldap.listener.InMemoryDirectoryServer' (OnClassCondition)

   EmbeddedMongoAutoConfiguration:
      Did not match:
         - @ConditionalOnClass did not find required class 'com.mongodb.MongoClientSettings' (OnClassCondition)

   EmbeddedWebServerFactoryCustomizerAutoConfiguration.JettyWebServerFactoryCustomizerConfiguration:
      Did not match:
         - @ConditionalOnClass did not find required classes 'org.eclipse.jetty.server.Server', 'org.eclipse.jetty.util.Loader', 'org.eclipse.jetty.webapp.WebAppContext' (OnClassCondition)

   EmbeddedWebServerFactoryCustomizerAutoConfiguration.NettyWebServerFactoryCustomizerConfiguration:
      Did not match:
         - @ConditionalOnClass did not find required class 'reactor.netty.http.server.HttpServer' (OnClassCondition)

   EmbeddedWebServerFactoryCustomizerAutoConfiguration.UndertowWebServerFactoryCustomizerConfiguration:
      Did not match:
         - @ConditionalOnClass did not find required classes 'io.undertow.Undertow', 'org.xnio.SslClientAuthMode' (OnClassCondition)

   ErrorWebFluxAutoConfiguration:
      Did not match:
         - @ConditionalOnClass did not find required class 'org.springframework.web.reactive.config.WebFluxConfigurer' (OnClassCondition)

   FlywayAutoConfiguration:
      Did not match:
         - @ConditionalOnClass did not find required class 'org.flywaydb.core.Flyway' (OnClassCondition)

   FreeMarkerAutoConfiguration:
      Did not match:
         - @ConditionalOnClass did not find required class 'freemarker.template.Configuration' (OnClassCondition)

   GroovyTemplateAutoConfiguration:
      Did not match:
         - @ConditionalOnClass did not find required class 'groovy.text.markup.MarkupTemplateEngine' (OnClassCondition)

   GsonAutoConfiguration:
      Did not match:
         - @ConditionalOnClass did not find required class 'com.google.gson.Gson' (OnClassCondition)

   GsonHttpMessageConvertersConfiguration:
      Did not match:
         - @ConditionalOnClass did not find required class 'com.google.gson.Gson' (OnClassCondition)

   H2ConsoleAutoConfiguration:
      Did not match:
         - @ConditionalOnClass did not find required class 'org.h2.server.web.WebServlet' (OnClassCondition)

   HazelcastAutoConfiguration:
      Did not match:
         - @ConditionalOnClass did not find required class 'com.hazelcast.core.HazelcastInstance' (OnClassCondition)

   HazelcastCacheConfiguration:
      Did not match:
         - @ConditionalOnClass did not find required class 'com.hazelcast.core.HazelcastInstance' (OnClassCondition)

   HazelcastJpaDependencyAutoConfiguration:
      Did not match:
         - @ConditionalOnClass did not find required class 'com.hazelcast.core.HazelcastInstance' (OnClassCondition)

   HibernateJpaAutoConfiguration:
      Did not match:
         - @ConditionalOnClass did not find required class 'javax.persistence.EntityManager' (OnClassCondition)

   HttpHandlerAutoConfiguration:
      Did not match:
         - @ConditionalOnClass did not find required class 'org.springframework.web.reactive.DispatcherHandler' (OnClassCondition)

   HypermediaAutoConfiguration:
      Did not match:
         - @ConditionalOnClass did not find required class 'org.springframework.hateoas.EntityModel' (OnClassCondition)

   InfinispanCacheConfiguration:
      Did not match:
         - @ConditionalOnClass did not find required class 'org.infinispan.spring.embedded.provider.SpringEmbeddedCacheManager' (OnClassCondition)

   InfluxDbAutoConfiguration:
      Did not match:
         - @ConditionalOnClass did not find required class 'org.influxdb.InfluxDB' (OnClassCondition)

   IntegrationAutoConfiguration:
      Did not match:
         - @ConditionalOnClass did not find required class 'org.springframework.integration.config.EnableIntegration' (OnClassCondition)

   JCacheCacheConfiguration:
      Did not match:
         - @ConditionalOnClass did not find required class 'javax.cache.Caching' (OnClassCondition)

   JacksonHttpMessageConvertersConfiguration.MappingJackson2XmlHttpMessageConverterConfiguration:
      Did not match:
         - @ConditionalOnClass did not find required class 'com.fasterxml.jackson.dataformat.xml.XmlMapper' (OnClassCondition)

   JdbcRepositoriesAutoConfiguration:
      Did not match:
         - @ConditionalOnClass did not find required class 'org.springframework.data.jdbc.repository.config.AbstractJdbcConfiguration' (OnClassCondition)

   JdbcTemplateAutoConfiguration:
      Did not match:
         - @ConditionalOnClass did not find required class 'org.springframework.jdbc.core.JdbcTemplate' (OnClassCondition)

   JerseyAutoConfiguration:
      Did not match:
         - @ConditionalOnClass did not find required class 'org.glassfish.jersey.server.spring.SpringComponentProvider' (OnClassCondition)

   JmsAutoConfiguration:
      Did not match:
         - @ConditionalOnClass did not find required class 'javax.jms.Message' (OnClassCondition)

   JndiConnectionFactoryAutoConfiguration:
      Did not match:
         - @ConditionalOnClass did not find required class 'org.springframework.jms.core.JmsTemplate' (OnClassCondition)

   JndiDataSourceAutoConfiguration:
      Did not match:
         - @ConditionalOnClass did not find required class 'org.springframework.jdbc.datasource.embedded.EmbeddedDatabaseType' (OnClassCondition)

   JooqAutoConfiguration:
      Did not match:
         - @ConditionalOnClass did not find required class 'org.jooq.DSLContext' (OnClassCondition)

   JpaRepositoriesAutoConfiguration:
      Did not match:
         - @ConditionalOnClass did not find required class 'org.springframework.data.jpa.repository.JpaRepository' (OnClassCondition)

   JsonbAutoConfiguration:
      Did not match:
         - @ConditionalOnClass did not find required class 'javax.json.bind.Jsonb' (OnClassCondition)

   JsonbHttpMessageConvertersConfiguration:
      Did not match:
         - @ConditionalOnClass did not find required class 'javax.json.bind.Jsonb' (OnClassCondition)

   JtaAutoConfiguration:
      Did not match:
         - @ConditionalOnClass did not find required class 'javax.transaction.Transaction' (OnClassCondition)

   KafkaAutoConfiguration:
      Did not match:
         - @ConditionalOnClass did not find required class 'org.springframework.kafka.core.KafkaTemplate' (OnClassCondition)

   LdapAutoConfiguration:
      Did not match:
         - @ConditionalOnClass did not find required class 'org.springframework.ldap.core.ContextSource' (OnClassCondition)

   LdapRepositoriesAutoConfiguration:
      Did not match:
         - @ConditionalOnClass did not find required class 'org.springframework.data.ldap.repository.LdapRepository' (OnClassCondition)

   LiquibaseAutoConfiguration:
      Did not match:
         - @ConditionalOnClass did not find required class 'liquibase.change.DatabaseChange' (OnClassCondition)

   MailSenderAutoConfiguration:
      Did not match:
         - @ConditionalOnClass did not find required class 'javax.mail.internet.MimeMessage' (OnClassCondition)

   MailSenderValidatorAutoConfiguration:
      Did not match:
         - @ConditionalOnSingleCandidate did not find required type 'org.springframework.mail.javamail.JavaMailSenderImpl' (OnBeanCondition)

   MessageSourceAutoConfiguration:
      Did not match:
         - ResourceBundle did not find bundle with basename messages (MessageSourceAutoConfiguration.ResourceBundleCondition)

   MongoAutoConfiguration:
      Did not match:
         - @ConditionalOnClass did not find required class 'com.mongodb.client.MongoClient' (OnClassCondition)

   MongoDataAutoConfiguration:
      Did not match:
         - @ConditionalOnClass did not find required class 'com.mongodb.client.MongoClient' (OnClassCondition)

   MongoReactiveAutoConfiguration:
      Did not match:
         - @ConditionalOnClass did not find required class 'com.mongodb.reactivestreams.client.MongoClient' (OnClassCondition)

   MongoReactiveDataAutoConfiguration:
      Did not match:
         - @ConditionalOnClass did not find required class 'com.mongodb.reactivestreams.client.MongoClient' (OnClassCondition)

   MongoReactiveRepositoriesAutoConfiguration:
      Did not match:
         - @ConditionalOnClass did not find required class 'com.mongodb.reactivestreams.client.MongoClient' (OnClassCondition)

   MongoRepositoriesAutoConfiguration:
      Did not match:
         - @ConditionalOnClass did not find required class 'com.mongodb.client.MongoClient' (OnClassCondition)

   MustacheAutoConfiguration:
      Did not match:
         - @ConditionalOnClass did not find required class 'com.samskivert.mustache.Mustache' (OnClassCondition)

   Neo4jDataAutoConfiguration:
      Did not match:
         - @ConditionalOnClass did not find required class 'org.neo4j.ogm.session.SessionFactory' (OnClassCondition)

   Neo4jRepositoriesAutoConfiguration:
      Did not match:
         - @ConditionalOnClass did not find required class 'org.neo4j.ogm.session.Neo4jSession' (OnClassCondition)

   OAuth2ClientAutoConfiguration:
      Did not match:
         - @ConditionalOnClass did not find required class 'org.springframework.security.config.annotation.web.configuration.EnableWebSecurity' (OnClassCondition)

   OAuth2ResourceServerAutoConfiguration:
      Did not match:
         - @ConditionalOnClass did not find required class 'org.springframework.security.oauth2.server.resource.BearerTokenAuthenticationToken' (OnClassCondition)

   PersistenceExceptionTranslationAutoConfiguration:
      Did not match:
         - @ConditionalOnClass did not find required class 'org.springframework.dao.annotation.PersistenceExceptionTranslationPostProcessor' (OnClassCondition)

   ProjectInfoAutoConfiguration#buildProperties:
      Did not match:
         - @ConditionalOnResource did not find resource '${spring.info.build.location:classpath:META-INF/build-info.properties}' (OnResourceCondition)

   ProjectInfoAutoConfiguration#gitProperties:
      Did not match:
         - GitResource did not find git info at classpath:git.properties (ProjectInfoAutoConfiguration.GitResourceAvailableCondition)

   QuartzAutoConfiguration:
      Did not match:
         - @ConditionalOnClass did not find required class 'org.quartz.Scheduler' (OnClassCondition)

   R2dbcAutoConfiguration:
      Did not match:
         - @ConditionalOnClass did not find required class 'io.r2dbc.spi.ConnectionFactory' (OnClassCondition)

   R2dbcDataAutoConfiguration:
      Did not match:
         - @ConditionalOnClass did not find required class 'org.springframework.data.r2dbc.core.DatabaseClient' (OnClassCondition)

   R2dbcRepositoriesAutoConfiguration:
      Did not match:
         - @ConditionalOnClass did not find required class 'io.r2dbc.spi.ConnectionFactory' (OnClassCondition)

   R2dbcTransactionManagerAutoConfiguration:
      Did not match:
         - @ConditionalOnClass did not find required class 'org.springframework.data.r2dbc.connectionfactory.R2dbcTransactionManager' (OnClassCondition)

   RSocketMessagingAutoConfiguration:
      Did not match:
         - @ConditionalOnClass did not find required class 'io.rsocket.RSocketFactory' (OnClassCondition)

   RSocketRequesterAutoConfiguration:
      Did not match:
         - @ConditionalOnClass did not find required class 'io.rsocket.RSocketFactory' (OnClassCondition)

   RSocketSecurityAutoConfiguration:
      Did not match:
         - @ConditionalOnClass did not find required class 'org.springframework.security.rsocket.core.SecuritySocketAcceptorInterceptor' (OnClassCondition)

   RSocketServerAutoConfiguration:
      Did not match:
         - @ConditionalOnClass did not find required class 'io.rsocket.core.RSocketServer' (OnClassCondition)

   RSocketStrategiesAutoConfiguration:
      Did not match:
         - @ConditionalOnClass did not find required class 'io.netty.buffer.PooledByteBufAllocator' (OnClassCondition)

   RabbitAutoConfiguration:
      Did not match:
         - @ConditionalOnClass did not find required class 'com.rabbitmq.client.Channel' (OnClassCondition)

   ReactiveElasticsearchRepositoriesAutoConfiguration:
      Did not match:
         - @ConditionalOnClass did not find required class 'org.springframework.data.elasticsearch.client.reactive.ReactiveElasticsearchClient' (OnClassCondition)

   ReactiveElasticsearchRestClientAutoConfiguration:
      Did not match:
         - @ConditionalOnClass did not find required class 'reactor.netty.http.client.HttpClient' (OnClassCondition)

   ReactiveOAuth2ClientAutoConfiguration:
      Did not match:
         - @ConditionalOnClass did not find required class 'reactor.core.publisher.Flux' (OnClassCondition)

   ReactiveOAuth2ResourceServerAutoConfiguration:
      Did not match:
         - @ConditionalOnClass did not find required class 'org.springframework.security.config.annotation.web.reactive.EnableWebFluxSecurity' (OnClassCondition)

   ReactiveSecurityAutoConfiguration:
      Did not match:
         - @ConditionalOnClass did not find required class 'reactor.core.publisher.Flux' (OnClassCondition)

   ReactiveUserDetailsServiceAutoConfiguration:
      Did not match:
         - @ConditionalOnClass did not find required class 'org.springframework.security.authentication.ReactiveAuthenticationManager' (OnClassCondition)

   ReactiveWebServerFactoryAutoConfiguration:
      Did not match:
         - @ConditionalOnWebApplication did not find reactive web application classes (OnWebApplicationCondition)

   RedisAutoConfiguration:
      Did not match:
         - @ConditionalOnClass did not find required class 'org.springframework.data.redis.core.RedisOperations' (OnClassCondition)

   RedisCacheConfiguration:
      Did not match:
         - @ConditionalOnClass did not find required class 'org.springframework.data.redis.connection.RedisConnectionFactory' (OnClassCondition)

   RedisReactiveAutoConfiguration:
      Did not match:
         - @ConditionalOnClass did not find required class 'reactor.core.publisher.Flux' (OnClassCondition)

   RedisRepositoriesAutoConfiguration:
      Did not match:
         - @ConditionalOnClass did not find required class 'org.springframework.data.redis.repository.configuration.EnableRedisRepositories' (OnClassCondition)

   RefreshAutoConfiguration.JpaInvokerConfiguration:
      Did not match:
         - @ConditionalOnClass did not find required class 'javax.persistence.EntityManagerFactory' (OnClassCondition)

   RefreshEndpointAutoConfiguration:
      Did not match:
         - @ConditionalOnClass did not find required class 'org.springframework.boot.actuate.autoconfigure.endpoint.EndpointAutoConfiguration' (OnClassCondition)

   RepositoryRestMvcAutoConfiguration:
      Did not match:
         - @ConditionalOnClass did not find required class 'org.springframework.data.rest.webmvc.config.RepositoryRestMvcConfiguration' (OnClassCondition)

   Saml2RelyingPartyAutoConfiguration:
      Did not match:
         - @ConditionalOnClass did not find required class 'org.springframework.security.saml2.provider.service.registration.RelyingPartyRegistrationRepository' (OnClassCondition)

   SecurityAutoConfiguration:
      Did not match:
         - @ConditionalOnClass did not find required class 'org.springframework.security.authentication.DefaultAuthenticationEventPublisher' (OnClassCondition)

   SecurityFilterAutoConfiguration:
      Did not match:
         - @ConditionalOnClass did not find required class 'org.springframework.security.config.http.SessionCreationPolicy' (OnClassCondition)

   SendGridAutoConfiguration:
      Did not match:
         - @ConditionalOnClass did not find required class 'com.sendgrid.SendGrid' (OnClassCondition)

   ServletWebServerFactoryAutoConfiguration#forwardedHeaderFilter:
      Did not match:
         - @ConditionalOnProperty (server.forward-headers-strategy=framework) did not find property 'server.forward-headers-strategy' (OnPropertyCondition)

   ServletWebServerFactoryConfiguration.EmbeddedJetty:
      Did not match:
         - @ConditionalOnClass did not find required classes 'org.eclipse.jetty.server.Server', 'org.eclipse.jetty.util.Loader', 'org.eclipse.jetty.webapp.WebAppContext' (OnClassCondition)

   ServletWebServerFactoryConfiguration.EmbeddedUndertow:
      Did not match:
         - @ConditionalOnClass did not find required classes 'io.undertow.Undertow', 'org.xnio.SslClientAuthMode' (OnClassCondition)

   SessionAutoConfiguration:
      Did not match:
         - @ConditionalOnClass did not find required class 'org.springframework.session.Session' (OnClassCondition)

   SolrAutoConfiguration:
      Did not match:
         - @ConditionalOnClass did not find required class 'org.apache.solr.client.solrj.impl.CloudSolrClient' (OnClassCondition)

   SolrRepositoriesAutoConfiguration:
      Did not match:
         - @ConditionalOnClass did not find required class 'org.apache.solr.client.solrj.SolrClient' (OnClassCondition)

   SpringDataWebAutoConfiguration:
      Did not match:
         - @ConditionalOnClass did not find required class 'org.springframework.data.web.PageableHandlerMethodArgumentResolver' (OnClassCondition)

   TaskSchedulingAutoConfiguration#taskScheduler:
      Did not match:
         - @ConditionalOnBean (names: org.springframework.context.annotation.internalScheduledAnnotationProcessor; SearchStrategy: all) did not find any beans named org.springframework.context.annotation.internalScheduledAnnotationProcessor (OnBeanCondition)

   ThymeleafAutoConfiguration:
      Did not match:
         - @ConditionalOnClass did not find required class 'org.thymeleaf.spring5.SpringTemplateEngine' (OnClassCondition)

   TransactionAutoConfiguration:
      Did not match:
         - @ConditionalOnClass did not find required class 'org.springframework.transaction.PlatformTransactionManager' (OnClassCondition)

   UserDetailsServiceAutoConfiguration:
      Did not match:
         - @ConditionalOnClass did not find required class 'org.springframework.security.authentication.AuthenticationManager' (OnClassCondition)

   WebClientAutoConfiguration:
      Did not match:
         - @ConditionalOnClass did not find required class 'org.springframework.web.reactive.function.client.WebClient' (OnClassCondition)

   WebFluxAutoConfiguration:
      Did not match:
         - @ConditionalOnClass did not find required class 'org.springframework.web.reactive.config.WebFluxConfigurer' (OnClassCondition)

   WebMvcAutoConfiguration#hiddenHttpMethodFilter:
      Did not match:
         - @ConditionalOnProperty (spring.mvc.hiddenmethod.filter.enabled) did not find property 'enabled' (OnPropertyCondition)

   WebMvcAutoConfiguration.ResourceChainCustomizerConfiguration:
      Did not match:
         - @ConditionalOnEnabledResourceChain did not find class org.webjars.WebJarAssetLocator (OnEnabledResourceChainCondition)

   WebMvcAutoConfiguration.WebMvcAutoConfigurationAdapter#beanNameViewResolver:
      Did not match:
         - @ConditionalOnMissingBean (types: org.springframework.web.servlet.view.BeanNameViewResolver; SearchStrategy: all) found beans of type 'org.springframework.web.servlet.view.BeanNameViewResolver' beanNameViewResolver (OnBeanCondition)

   WebMvcAutoConfiguration.WebMvcAutoConfigurationAdapter#localeResolver:
      Did not match:
         - @ConditionalOnProperty (spring.mvc.locale) did not find property 'locale' (OnPropertyCondition)

   WebServiceTemplateAutoConfiguration:
      Did not match:
         - @ConditionalOnClass did not find required class 'org.springframework.oxm.Marshaller' (OnClassCondition)

   WebServicesAutoConfiguration:
      Did not match:
         - @ConditionalOnClass did not find required class 'org.springframework.ws.transport.http.MessageDispatcherServlet' (OnClassCondition)

   WebSocketMessagingAutoConfiguration:
      Did not match:
         - @ConditionalOnClass did not find required class 'org.springframework.web.socket.config.annotation.WebSocketMessageBrokerConfigurer' (OnClassCondition)

   WebSocketReactiveAutoConfiguration:
      Did not match:
         - @ConditionalOnWebApplication did not find reactive web application classes (OnWebApplicationCondition)

   WebSocketServletAutoConfiguration.JettyWebSocketConfiguration:
      Did not match:
         - @ConditionalOnClass did not find required class 'org.eclipse.jetty.websocket.jsr356.server.deploy.WebSocketServerContainerInitializer' (OnClassCondition)

   WebSocketServletAutoConfiguration.UndertowWebSocketConfiguration:
      Did not match:
         - @ConditionalOnClass did not find required class 'io.undertow.websockets.jsr.Bootstrap' (OnClassCondition)

   WritableEnvironmentEndpointAutoConfiguration:
      Did not match:
         - @ConditionalOnClass did not find required class 'org.springframework.boot.actuate.autoconfigure.env.EnvironmentEndpointProperties' (OnClassCondition)

   XADataSourceAutoConfiguration:
      Did not match:
         - @ConditionalOnClass did not find required class 'javax.transaction.TransactionManager' (OnClassCondition)


Exclusions:
-----------

    None


Unconditional classes:
----------------------

    org.springframework.boot.autoconfigure.context.ConfigurationPropertiesAutoConfiguration

    org.springframework.boot.autoconfigure.context.LifecycleAutoConfiguration

    org.springframework.boot.autoconfigure.context.PropertyPlaceholderAutoConfiguration

    org.springframework.cloud.autoconfigure.LifecycleMvcEndpointAutoConfiguration

    org.springframework.boot.autoconfigure.availability.ApplicationAvailabilityAutoConfiguration

    org.springframework.boot.autoconfigure.info.ProjectInfoAutoConfiguration



2024-10-26 14:35:47,938 DEBUG [main][ConditionEvaluationReportLoggingListener.java:126] - 


============================
CONDITIONS EVALUATION REPORT
============================


Positive matches:
-----------------

   AopAutoConfiguration matched:
      - @ConditionalOnProperty (spring.aop.auto=true) matched (OnPropertyCondition)

   AopAutoConfiguration.ClassProxyingConfiguration matched:
      - @ConditionalOnMissingClass did not find unwanted class 'org.aspectj.weaver.Advice' (OnClassCondition)
      - @ConditionalOnProperty (spring.aop.proxy-target-class=true) matched (OnPropertyCondition)

   ConfigurationPropertiesRebinderAutoConfiguration matched:
      - @ConditionalOnBean (types: org.springframework.boot.context.properties.ConfigurationPropertiesBindingPostProcessor; SearchStrategy: all) found bean 'org.springframework.boot.context.properties.ConfigurationPropertiesBindingPostProcessor' (OnBeanCondition)

   ConfigurationPropertiesRebinderAutoConfiguration#configurationPropertiesBeans matched:
      - @ConditionalOnMissingBean (types: org.springframework.cloud.context.properties.ConfigurationPropertiesBeans; SearchStrategy: current) did not find any beans (OnBeanCondition)

   ConfigurationPropertiesRebinderAutoConfiguration#configurationPropertiesRebinder matched:
      - @ConditionalOnMissingBean (types: org.springframework.cloud.context.properties.ConfigurationPropertiesRebinder; SearchStrategy: current) did not find any beans (OnBeanCondition)

   DispatcherServletAutoConfiguration matched:
      - @ConditionalOnClass found required class 'org.springframework.web.servlet.DispatcherServlet' (OnClassCondition)
      - found 'session' scope (OnWebApplicationCondition)

   DispatcherServletAutoConfiguration.DispatcherServletConfiguration matched:
      - @ConditionalOnClass found required class 'javax.servlet.ServletRegistration' (OnClassCondition)
      - Default DispatcherServlet did not find dispatcher servlet beans (DispatcherServletAutoConfiguration.DefaultDispatcherServletCondition)

   DispatcherServletAutoConfiguration.DispatcherServletRegistrationConfiguration matched:
      - @ConditionalOnClass found required class 'javax.servlet.ServletRegistration' (OnClassCondition)
      - DispatcherServlet Registration did not find servlet registration bean (DispatcherServletAutoConfiguration.DispatcherServletRegistrationCondition)

   DispatcherServletAutoConfiguration.DispatcherServletRegistrationConfiguration#dispatcherServletRegistration matched:
      - @ConditionalOnBean (names: dispatcherServlet types: org.springframework.web.servlet.DispatcherServlet; SearchStrategy: all) found bean 'dispatcherServlet' (OnBeanCondition)

   EmbeddedWebServerFactoryCustomizerAutoConfiguration matched:
      - @ConditionalOnWebApplication (required) found 'session' scope (OnWebApplicationCondition)

   EmbeddedWebServerFactoryCustomizerAutoConfiguration.TomcatWebServerFactoryCustomizerConfiguration matched:
      - @ConditionalOnClass found required classes 'org.apache.catalina.startup.Tomcat', 'org.apache.coyote.UpgradeProtocol' (OnClassCondition)

   ErrorMvcAutoConfiguration matched:
      - @ConditionalOnClass found required classes 'javax.servlet.Servlet', 'org.springframework.web.servlet.DispatcherServlet' (OnClassCondition)
      - found 'session' scope (OnWebApplicationCondition)

   ErrorMvcAutoConfiguration#basicErrorController matched:
      - @ConditionalOnMissingBean (types: org.springframework.boot.web.servlet.error.ErrorController; SearchStrategy: current) did not find any beans (OnBeanCondition)

   ErrorMvcAutoConfiguration#errorAttributes matched:
      - @ConditionalOnMissingBean (types: org.springframework.boot.web.servlet.error.ErrorAttributes; SearchStrategy: current) did not find any beans (OnBeanCondition)

   ErrorMvcAutoConfiguration.DefaultErrorViewResolverConfiguration#conventionErrorViewResolver matched:
      - @ConditionalOnBean (types: org.springframework.web.servlet.DispatcherServlet; SearchStrategy: all) found bean 'dispatcherServlet'; @ConditionalOnMissingBean (types: org.springframework.boot.autoconfigure.web.servlet.error.ErrorViewResolver; SearchStrategy: all) did not find any beans (OnBeanCondition)

   ErrorMvcAutoConfiguration.WhitelabelErrorViewConfiguration matched:
      - @ConditionalOnProperty (server.error.whitelabel.enabled) matched (OnPropertyCondition)
      - ErrorTemplate Missing did not find error template view (ErrorMvcAutoConfiguration.ErrorTemplateMissingCondition)

   ErrorMvcAutoConfiguration.WhitelabelErrorViewConfiguration#beanNameViewResolver matched:
      - @ConditionalOnMissingBean (types: org.springframework.web.servlet.view.BeanNameViewResolver; SearchStrategy: all) did not find any beans (OnBeanCondition)

   ErrorMvcAutoConfiguration.WhitelabelErrorViewConfiguration#defaultErrorView matched:
      - @ConditionalOnMissingBean (names: error; SearchStrategy: all) did not find any beans (OnBeanCondition)

   GenericCacheConfiguration matched:
      - Cache org.springframework.boot.autoconfigure.cache.GenericCacheConfiguration automatic cache type (CacheCondition)

   HttpEncodingAutoConfiguration matched:
      - @ConditionalOnClass found required class 'org.springframework.web.filter.CharacterEncodingFilter' (OnClassCondition)
      - found 'session' scope (OnWebApplicationCondition)
      - @ConditionalOnProperty (server.servlet.encoding.enabled) matched (OnPropertyCondition)

   HttpEncodingAutoConfiguration#characterEncodingFilter matched:
      - @ConditionalOnMissingBean (types: org.springframework.web.filter.CharacterEncodingFilter; SearchStrategy: all) did not find any beans (OnBeanCondition)

   HttpMessageConvertersAutoConfiguration matched:
      - @ConditionalOnClass found required class 'org.springframework.http.converter.HttpMessageConverter' (OnClassCondition)
      - NoneNestedConditions 0 matched 1 did not; NestedCondition on HttpMessageConvertersAutoConfiguration.NotReactiveWebApplicationCondition.ReactiveWebApplication did not find reactive web application classes (HttpMessageConvertersAutoConfiguration.NotReactiveWebApplicationCondition)

   HttpMessageConvertersAutoConfiguration#messageConverters matched:
      - @ConditionalOnMissingBean (types: org.springframework.boot.autoconfigure.http.HttpMessageConverters; SearchStrategy: all) did not find any beans (OnBeanCondition)

   HttpMessageConvertersAutoConfiguration.StringHttpMessageConverterConfiguration matched:
      - @ConditionalOnClass found required class 'org.springframework.http.converter.StringHttpMessageConverter' (OnClassCondition)

   HttpMessageConvertersAutoConfiguration.StringHttpMessageConverterConfiguration#stringHttpMessageConverter matched:
      - @ConditionalOnMissingBean (types: org.springframework.http.converter.StringHttpMessageConverter; SearchStrategy: all) did not find any beans (OnBeanCondition)

   JacksonAutoConfiguration matched:
      - @ConditionalOnClass found required class 'com.fasterxml.jackson.databind.ObjectMapper' (OnClassCondition)

   JacksonAutoConfiguration.Jackson2ObjectMapperBuilderCustomizerConfiguration matched:
      - @ConditionalOnClass found required class 'org.springframework.http.converter.json.Jackson2ObjectMapperBuilder' (OnClassCondition)

   JacksonAutoConfiguration.JacksonObjectMapperBuilderConfiguration matched:
      - @ConditionalOnClass found required class 'org.springframework.http.converter.json.Jackson2ObjectMapperBuilder' (OnClassCondition)

   JacksonAutoConfiguration.JacksonObjectMapperBuilderConfiguration#jacksonObjectMapperBuilder matched:
      - @ConditionalOnMissingBean (types: org.springframework.http.converter.json.Jackson2ObjectMapperBuilder; SearchStrategy: all) did not find any beans (OnBeanCondition)

   JacksonAutoConfiguration.JacksonObjectMapperConfiguration matched:
      - @ConditionalOnClass found required class 'org.springframework.http.converter.json.Jackson2ObjectMapperBuilder' (OnClassCondition)

   JacksonAutoConfiguration.JacksonObjectMapperConfiguration#jacksonObjectMapper matched:
      - @ConditionalOnMissingBean (types: com.fasterxml.jackson.databind.ObjectMapper; SearchStrategy: all) did not find any beans (OnBeanCondition)

   JacksonAutoConfiguration.ParameterNamesModuleConfiguration matched:
      - @ConditionalOnClass found required class 'com.fasterxml.jackson.module.paramnames.ParameterNamesModule' (OnClassCondition)

   JacksonAutoConfiguration.ParameterNamesModuleConfiguration#parameterNamesModule matched:
      - @ConditionalOnMissingBean (types: com.fasterxml.jackson.module.paramnames.ParameterNamesModule; SearchStrategy: all) did not find any beans (OnBeanCondition)

   JacksonHttpMessageConvertersConfiguration.MappingJackson2HttpMessageConverterConfiguration matched:
      - @ConditionalOnClass found required class 'com.fasterxml.jackson.databind.ObjectMapper' (OnClassCondition)
      - @ConditionalOnProperty (spring.mvc.converters.preferred-json-mapper=jackson) matched (OnPropertyCondition)
      - @ConditionalOnBean (types: com.fasterxml.jackson.databind.ObjectMapper; SearchStrategy: all) found bean 'jacksonObjectMapper' (OnBeanCondition)

   JacksonHttpMessageConvertersConfiguration.MappingJackson2HttpMessageConverterConfiguration#mappingJackson2HttpMessageConverter matched:
      - @ConditionalOnMissingBean (types: org.springframework.http.converter.json.MappingJackson2HttpMessageConverter ignored: org.springframework.hateoas.server.mvc.TypeConstrainedMappingJackson2HttpMessageConverter,org.springframework.data.rest.webmvc.alps.AlpsJsonHttpMessageConverter; SearchStrategy: all) did not find any beans (OnBeanCondition)

   JmxAutoConfiguration matched:
      - @ConditionalOnClass found required class 'org.springframework.jmx.export.MBeanExporter' (OnClassCondition)
      - @ConditionalOnProperty (spring.jmx.enabled=true) matched (OnPropertyCondition)

   JmxAutoConfiguration#mbeanExporter matched:
      - @ConditionalOnMissingBean (types: org.springframework.jmx.export.MBeanExporter; SearchStrategy: current) did not find any beans (OnBeanCondition)

   JmxAutoConfiguration#mbeanServer matched:
      - @ConditionalOnMissingBean (types: javax.management.MBeanServer; SearchStrategy: all) did not find any beans (OnBeanCondition)

   JmxAutoConfiguration#objectNamingStrategy matched:
      - @ConditionalOnMissingBean (types: org.springframework.jmx.export.naming.ObjectNamingStrategy; SearchStrategy: current) did not find any beans (OnBeanCondition)

   LifecycleAutoConfiguration#defaultLifecycleProcessor matched:
      - @ConditionalOnMissingBean (names: lifecycleProcessor; SearchStrategy: current) did not find any beans (OnBeanCondition)

   LifecycleMvcEndpointAutoConfiguration#environmentManager matched:
      - @ConditionalOnMissingBean (types: org.springframework.cloud.context.environment.EnvironmentManager; SearchStrategy: all) did not find any beans (OnBeanCondition)

   MultipartAutoConfiguration matched:
      - @ConditionalOnClass found required classes 'javax.servlet.Servlet', 'org.springframework.web.multipart.support.StandardServletMultipartResolver', 'javax.servlet.MultipartConfigElement' (OnClassCondition)
      - found 'session' scope (OnWebApplicationCondition)
      - @ConditionalOnProperty (spring.servlet.multipart.enabled) matched (OnPropertyCondition)

   MultipartAutoConfiguration#multipartConfigElement matched:
      - @ConditionalOnMissingBean (types: javax.servlet.MultipartConfigElement,org.springframework.web.multipart.commons.CommonsMultipartResolver; SearchStrategy: all) did not find any beans (OnBeanCondition)

   MultipartAutoConfiguration#multipartResolver matched:
      - @ConditionalOnMissingBean (types: org.springframework.web.multipart.MultipartResolver; SearchStrategy: all) did not find any beans (OnBeanCondition)

   NoOpCacheConfiguration matched:
      - Cache org.springframework.boot.autoconfigure.cache.NoOpCacheConfiguration automatic cache type (CacheCondition)

   PropertyPlaceholderAutoConfiguration#propertySourcesPlaceholderConfigurer matched:
      - @ConditionalOnMissingBean (types: org.springframework.context.support.PropertySourcesPlaceholderConfigurer; SearchStrategy: current) did not find any beans (OnBeanCondition)

   RefreshAutoConfiguration matched:
      - @ConditionalOnClass found required class 'org.springframework.cloud.context.scope.refresh.RefreshScope' (OnClassCondition)
      - @ConditionalOnProperty (spring.cloud.refresh.enabled) matched (OnPropertyCondition)

   RefreshAutoConfiguration#contextRefresher matched:
      - @ConditionalOnMissingBean (types: org.springframework.cloud.context.refresh.ContextRefresher; SearchStrategy: all) did not find any beans (OnBeanCondition)

   RefreshAutoConfiguration#loggingRebinder matched:
      - @ConditionalOnMissingBean (types: org.springframework.cloud.logging.LoggingRebinder; SearchStrategy: all) did not find any beans (OnBeanCondition)

   RefreshAutoConfiguration#refreshScope matched:
      - @ConditionalOnMissingBean (types: org.springframework.cloud.context.scope.refresh.RefreshScope; SearchStrategy: all) did not find any beans (OnBeanCondition)

   RestTemplateAutoConfiguration matched:
      - @ConditionalOnClass found required class 'org.springframework.web.client.RestTemplate' (OnClassCondition)
      - NoneNestedConditions 0 matched 1 did not; NestedCondition on RestTemplateAutoConfiguration.NotReactiveWebApplicationCondition.ReactiveWebApplication did not find reactive web application classes (RestTemplateAutoConfiguration.NotReactiveWebApplicationCondition)

   RestTemplateAutoConfiguration#restTemplateBuilder matched:
      - @ConditionalOnMissingBean (types: org.springframework.boot.web.client.RestTemplateBuilder; SearchStrategy: all) did not find any beans (OnBeanCondition)

   ServletWebServerFactoryAutoConfiguration matched:
      - @ConditionalOnClass found required class 'javax.servlet.ServletRequest' (OnClassCondition)
      - found 'session' scope (OnWebApplicationCondition)

   ServletWebServerFactoryAutoConfiguration#tomcatServletWebServerFactoryCustomizer matched:
      - @ConditionalOnClass found required class 'org.apache.catalina.startup.Tomcat' (OnClassCondition)

   ServletWebServerFactoryConfiguration.EmbeddedTomcat matched:
      - @ConditionalOnClass found required classes 'javax.servlet.Servlet', 'org.apache.catalina.startup.Tomcat', 'org.apache.coyote.UpgradeProtocol' (OnClassCondition)
      - @ConditionalOnMissingBean (types: org.springframework.boot.web.servlet.server.ServletWebServerFactory; SearchStrategy: current) did not find any beans (OnBeanCondition)

   SimpleCacheConfiguration matched:
      - Cache org.springframework.boot.autoconfigure.cache.SimpleCacheConfiguration automatic cache type (CacheCondition)

   SpringApplicationAdminJmxAutoConfiguration matched:
      - @ConditionalOnProperty (spring.application.admin.enabled=true) matched (OnPropertyCondition)

   SpringApplicationAdminJmxAutoConfiguration#springApplicationAdminRegistrar matched:
      - @ConditionalOnMissingBean (types: org.springframework.boot.admin.SpringApplicationAdminMXBeanRegistrar; SearchStrategy: all) did not find any beans (OnBeanCondition)

   TaskExecutionAutoConfiguration matched:
      - @ConditionalOnClass found required class 'org.springframework.scheduling.concurrent.ThreadPoolTaskExecutor' (OnClassCondition)

   TaskExecutionAutoConfiguration#applicationTaskExecutor matched:
      - @ConditionalOnMissingBean (types: java.util.concurrent.Executor; SearchStrategy: all) did not find any beans (OnBeanCondition)

   TaskExecutionAutoConfiguration#taskExecutorBuilder matched:
      - @ConditionalOnMissingBean (types: org.springframework.boot.task.TaskExecutorBuilder; SearchStrategy: all) did not find any beans (OnBeanCondition)

   TaskSchedulingAutoConfiguration matched:
      - @ConditionalOnClass found required class 'org.springframework.scheduling.concurrent.ThreadPoolTaskScheduler' (OnClassCondition)

   TaskSchedulingAutoConfiguration#taskSchedulerBuilder matched:
      - @ConditionalOnMissingBean (types: org.springframework.boot.task.TaskSchedulerBuilder; SearchStrategy: all) did not find any beans (OnBeanCondition)

   ValidationAutoConfiguration matched:
      - @ConditionalOnClass found required class 'javax.validation.executable.ExecutableValidator' (OnClassCondition)
      - @ConditionalOnResource found location classpath:META-INF/services/javax.validation.spi.ValidationProvider (OnResourceCondition)

   ValidationAutoConfiguration#defaultValidator matched:
      - @ConditionalOnMissingBean (types: javax.validation.Validator; SearchStrategy: all) did not find any beans (OnBeanCondition)

   ValidationAutoConfiguration#methodValidationPostProcessor matched:
      - @ConditionalOnMissingBean (types: org.springframework.validation.beanvalidation.MethodValidationPostProcessor; SearchStrategy: all) did not find any beans (OnBeanCondition)

   WebMvcAutoConfiguration matched:
      - @ConditionalOnClass found required classes 'javax.servlet.Servlet', 'org.springframework.web.servlet.DispatcherServlet', 'org.springframework.web.servlet.config.annotation.WebMvcConfigurer' (OnClassCondition)
      - found 'session' scope (OnWebApplicationCondition)
      - @ConditionalOnMissingBean (types: org.springframework.web.servlet.config.annotation.WebMvcConfigurationSupport; SearchStrategy: all) did not find any beans (OnBeanCondition)

   WebMvcAutoConfiguration#formContentFilter matched:
      - @ConditionalOnProperty (spring.mvc.formcontent.filter.enabled) matched (OnPropertyCondition)
      - @ConditionalOnMissingBean (types: org.springframework.web.filter.FormContentFilter; SearchStrategy: all) did not find any beans (OnBeanCondition)

   WebMvcAutoConfiguration.WebMvcAutoConfigurationAdapter#defaultViewResolver matched:
      - @ConditionalOnMissingBean (types: org.springframework.web.servlet.view.InternalResourceViewResolver; SearchStrategy: all) did not find any beans (OnBeanCondition)

   WebMvcAutoConfiguration.WebMvcAutoConfigurationAdapter#requestContextFilter matched:
      - @ConditionalOnMissingBean (types: org.springframework.web.context.request.RequestContextListener,org.springframework.web.filter.RequestContextFilter; SearchStrategy: all) did not find any beans (OnBeanCondition)

   WebMvcAutoConfiguration.WebMvcAutoConfigurationAdapter#viewResolver matched:
      - @ConditionalOnBean (types: org.springframework.web.servlet.ViewResolver; SearchStrategy: all) found beans 'defaultViewResolver', 'beanNameViewResolver', 'mvcViewResolver'; @ConditionalOnMissingBean (names: viewResolver types: org.springframework.web.servlet.view.ContentNegotiatingViewResolver; SearchStrategy: all) did not find any beans (OnBeanCondition)

   WebSocketServletAutoConfiguration matched:
      - @ConditionalOnClass found required classes 'javax.servlet.Servlet', 'javax.websocket.server.ServerContainer' (OnClassCondition)
      - found 'session' scope (OnWebApplicationCondition)

   WebSocketServletAutoConfiguration.TomcatWebSocketConfiguration matched:
      - @ConditionalOnClass found required classes 'org.apache.catalina.startup.Tomcat', 'org.apache.tomcat.websocket.server.WsSci' (OnClassCondition)

   WebSocketServletAutoConfiguration.TomcatWebSocketConfiguration#websocketServletWebServerCustomizer matched:
      - @ConditionalOnMissingBean (names: websocketServletWebServerCustomizer; SearchStrategy: all) did not find any beans (OnBeanCondition)


Negative matches:
-----------------

   ActiveMQAutoConfiguration:
      Did not match:
         - @ConditionalOnClass did not find required class 'javax.jms.ConnectionFactory' (OnClassCondition)

   AopAutoConfiguration.AspectJAutoProxyingConfiguration:
      Did not match:
         - @ConditionalOnClass did not find required class 'org.aspectj.weaver.Advice' (OnClassCondition)

   ArtemisAutoConfiguration:
      Did not match:
         - @ConditionalOnClass did not find required class 'javax.jms.ConnectionFactory' (OnClassCondition)

   BatchAutoConfiguration:
      Did not match:
         - @ConditionalOnClass did not find required class 'org.springframework.batch.core.launch.JobLauncher' (OnClassCondition)

   CacheAutoConfiguration:
      Did not match:
         - @ConditionalOnBean (types: org.springframework.cache.interceptor.CacheAspectSupport; SearchStrategy: all) did not find any beans of type org.springframework.cache.interceptor.CacheAspectSupport (OnBeanCondition)
      Matched:
         - @ConditionalOnClass found required class 'org.springframework.cache.CacheManager' (OnClassCondition)

   CacheAutoConfiguration.CacheManagerEntityManagerFactoryDependsOnPostProcessor:
      Did not match:
         - @ConditionalOnClass did not find required class 'org.springframework.orm.jpa.LocalContainerEntityManagerFactoryBean' (OnClassCondition)
         - Ancestor org.springframework.boot.autoconfigure.cache.CacheAutoConfiguration did not match (ConditionEvaluationReport.AncestorsMatchedCondition)

   CaffeineCacheConfiguration:
      Did not match:
         - @ConditionalOnClass did not find required class 'com.github.benmanes.caffeine.cache.Caffeine' (OnClassCondition)

   CassandraAutoConfiguration:
      Did not match:
         - @ConditionalOnClass did not find required class 'com.datastax.oss.driver.api.core.CqlSession' (OnClassCondition)

   CassandraDataAutoConfiguration:
      Did not match:
         - @ConditionalOnClass did not find required class 'com.datastax.oss.driver.api.core.CqlSession' (OnClassCondition)

   CassandraReactiveDataAutoConfiguration:
      Did not match:
         - @ConditionalOnClass did not find required class 'com.datastax.oss.driver.api.core.CqlSession' (OnClassCondition)

   CassandraReactiveRepositoriesAutoConfiguration:
      Did not match:
         - @ConditionalOnClass did not find required class 'org.springframework.data.cassandra.ReactiveSession' (OnClassCondition)

   CassandraRepositoriesAutoConfiguration:
      Did not match:
         - @ConditionalOnClass did not find required class 'com.datastax.oss.driver.api.core.CqlSession' (OnClassCondition)

   ClientHttpConnectorAutoConfiguration:
      Did not match:
         - @ConditionalOnClass did not find required class 'org.springframework.web.reactive.function.client.WebClient' (OnClassCondition)

   CodecsAutoConfiguration:
      Did not match:
         - @ConditionalOnClass did not find required class 'org.springframework.web.reactive.function.client.WebClient' (OnClassCondition)

   CouchbaseAutoConfiguration:
      Did not match:
         - @ConditionalOnClass did not find required class 'com.couchbase.client.java.Cluster' (OnClassCondition)

   CouchbaseCacheConfiguration:
      Did not match:
         - @ConditionalOnClass did not find required class 'com.couchbase.client.java.Cluster' (OnClassCondition)

   CouchbaseDataAutoConfiguration:
      Did not match:
         - @ConditionalOnClass did not find required class 'com.couchbase.client.java.Bucket' (OnClassCondition)

   CouchbaseReactiveDataAutoConfiguration:
      Did not match:
         - @ConditionalOnClass did not find required class 'com.couchbase.client.java.Cluster' (OnClassCondition)

   CouchbaseReactiveRepositoriesAutoConfiguration:
      Did not match:
         - @ConditionalOnClass did not find required class 'com.couchbase.client.java.Cluster' (OnClassCondition)

   CouchbaseRepositoriesAutoConfiguration:
      Did not match:
         - @ConditionalOnClass did not find required class 'com.couchbase.client.java.Bucket' (OnClassCondition)

   DataSourceAutoConfiguration:
      Did not match:
         - @ConditionalOnClass did not find required class 'org.springframework.jdbc.datasource.embedded.EmbeddedDatabaseType' (OnClassCondition)

   DataSourceTransactionManagerAutoConfiguration:
      Did not match:
         - @ConditionalOnClass did not find required class 'org.springframework.jdbc.core.JdbcTemplate' (OnClassCondition)

   DispatcherServletAutoConfiguration.DispatcherServletConfiguration#multipartResolver:
      Did not match:
         - @ConditionalOnBean (types: org.springframework.web.multipart.MultipartResolver; SearchStrategy: all) did not find any beans of type org.springframework.web.multipart.MultipartResolver (OnBeanCondition)

   EhCacheCacheConfiguration:
      Did not match:
         - @ConditionalOnClass did not find required class 'net.sf.ehcache.Cache' (OnClassCondition)

   ElasticsearchDataAutoConfiguration:
      Did not match:
         - @ConditionalOnClass did not find required class 'org.springframework.data.elasticsearch.core.ElasticsearchTemplate' (OnClassCondition)

   ElasticsearchRepositoriesAutoConfiguration:
      Did not match:
         - @ConditionalOnClass did not find required class 'org.elasticsearch.client.Client' (OnClassCondition)

   ElasticsearchRestClientAutoConfiguration:
      Did not match:
         - @ConditionalOnClass did not find required class 'org.elasticsearch.client.RestClient' (OnClassCondition)

   EmbeddedLdapAutoConfiguration:
      Did not match:
         - @ConditionalOnClass did not find required class 'com.unboundid.ldap.listener.InMemoryDirectoryServer' (OnClassCondition)

   EmbeddedMongoAutoConfiguration:
      Did not match:
         - @ConditionalOnClass did not find required class 'com.mongodb.MongoClientSettings' (OnClassCondition)

   EmbeddedWebServerFactoryCustomizerAutoConfiguration.JettyWebServerFactoryCustomizerConfiguration:
      Did not match:
         - @ConditionalOnClass did not find required classes 'org.eclipse.jetty.server.Server', 'org.eclipse.jetty.util.Loader', 'org.eclipse.jetty.webapp.WebAppContext' (OnClassCondition)

   EmbeddedWebServerFactoryCustomizerAutoConfiguration.NettyWebServerFactoryCustomizerConfiguration:
      Did not match:
         - @ConditionalOnClass did not find required class 'reactor.netty.http.server.HttpServer' (OnClassCondition)

   EmbeddedWebServerFactoryCustomizerAutoConfiguration.UndertowWebServerFactoryCustomizerConfiguration:
      Did not match:
         - @ConditionalOnClass did not find required classes 'io.undertow.Undertow', 'org.xnio.SslClientAuthMode' (OnClassCondition)

   ErrorWebFluxAutoConfiguration:
      Did not match:
         - @ConditionalOnClass did not find required class 'org.springframework.web.reactive.config.WebFluxConfigurer' (OnClassCondition)

   FlywayAutoConfiguration:
      Did not match:
         - @ConditionalOnClass did not find required class 'org.flywaydb.core.Flyway' (OnClassCondition)

   FreeMarkerAutoConfiguration:
      Did not match:
         - @ConditionalOnClass did not find required class 'freemarker.template.Configuration' (OnClassCondition)

   GroovyTemplateAutoConfiguration:
      Did not match:
         - @ConditionalOnClass did not find required class 'groovy.text.markup.MarkupTemplateEngine' (OnClassCondition)

   GsonAutoConfiguration:
      Did not match:
         - @ConditionalOnClass did not find required class 'com.google.gson.Gson' (OnClassCondition)

   GsonHttpMessageConvertersConfiguration:
      Did not match:
         - @ConditionalOnClass did not find required class 'com.google.gson.Gson' (OnClassCondition)

   H2ConsoleAutoConfiguration:
      Did not match:
         - @ConditionalOnClass did not find required class 'org.h2.server.web.WebServlet' (OnClassCondition)

   HazelcastAutoConfiguration:
      Did not match:
         - @ConditionalOnClass did not find required class 'com.hazelcast.core.HazelcastInstance' (OnClassCondition)

   HazelcastCacheConfiguration:
      Did not match:
         - @ConditionalOnClass did not find required class 'com.hazelcast.core.HazelcastInstance' (OnClassCondition)

   HazelcastJpaDependencyAutoConfiguration:
      Did not match:
         - @ConditionalOnClass did not find required class 'com.hazelcast.core.HazelcastInstance' (OnClassCondition)

   HibernateJpaAutoConfiguration:
      Did not match:
         - @ConditionalOnClass did not find required class 'javax.persistence.EntityManager' (OnClassCondition)

   HttpHandlerAutoConfiguration:
      Did not match:
         - @ConditionalOnClass did not find required class 'org.springframework.web.reactive.DispatcherHandler' (OnClassCondition)

   HypermediaAutoConfiguration:
      Did not match:
         - @ConditionalOnClass did not find required class 'org.springframework.hateoas.EntityModel' (OnClassCondition)

   InfinispanCacheConfiguration:
      Did not match:
         - @ConditionalOnClass did not find required class 'org.infinispan.spring.embedded.provider.SpringEmbeddedCacheManager' (OnClassCondition)

   InfluxDbAutoConfiguration:
      Did not match:
         - @ConditionalOnClass did not find required class 'org.influxdb.InfluxDB' (OnClassCondition)

   IntegrationAutoConfiguration:
      Did not match:
         - @ConditionalOnClass did not find required class 'org.springframework.integration.config.EnableIntegration' (OnClassCondition)

   JCacheCacheConfiguration:
      Did not match:
         - @ConditionalOnClass did not find required class 'javax.cache.Caching' (OnClassCondition)

   JacksonHttpMessageConvertersConfiguration.MappingJackson2XmlHttpMessageConverterConfiguration:
      Did not match:
         - @ConditionalOnClass did not find required class 'com.fasterxml.jackson.dataformat.xml.XmlMapper' (OnClassCondition)

   JdbcRepositoriesAutoConfiguration:
      Did not match:
         - @ConditionalOnClass did not find required class 'org.springframework.data.jdbc.repository.config.AbstractJdbcConfiguration' (OnClassCondition)

   JdbcTemplateAutoConfiguration:
      Did not match:
         - @ConditionalOnClass did not find required class 'org.springframework.jdbc.core.JdbcTemplate' (OnClassCondition)

   JerseyAutoConfiguration:
      Did not match:
         - @ConditionalOnClass did not find required class 'org.glassfish.jersey.server.spring.SpringComponentProvider' (OnClassCondition)

   JmsAutoConfiguration:
      Did not match:
         - @ConditionalOnClass did not find required class 'javax.jms.Message' (OnClassCondition)

   JndiConnectionFactoryAutoConfiguration:
      Did not match:
         - @ConditionalOnClass did not find required class 'org.springframework.jms.core.JmsTemplate' (OnClassCondition)

   JndiDataSourceAutoConfiguration:
      Did not match:
         - @ConditionalOnClass did not find required class 'org.springframework.jdbc.datasource.embedded.EmbeddedDatabaseType' (OnClassCondition)

   JooqAutoConfiguration:
      Did not match:
         - @ConditionalOnClass did not find required class 'org.jooq.DSLContext' (OnClassCondition)

   JpaRepositoriesAutoConfiguration:
      Did not match:
         - @ConditionalOnClass did not find required class 'org.springframework.data.jpa.repository.JpaRepository' (OnClassCondition)

   JsonbAutoConfiguration:
      Did not match:
         - @ConditionalOnClass did not find required class 'javax.json.bind.Jsonb' (OnClassCondition)

   JsonbHttpMessageConvertersConfiguration:
      Did not match:
         - @ConditionalOnClass did not find required class 'javax.json.bind.Jsonb' (OnClassCondition)

   JtaAutoConfiguration:
      Did not match:
         - @ConditionalOnClass did not find required class 'javax.transaction.Transaction' (OnClassCondition)

   KafkaAutoConfiguration:
      Did not match:
         - @ConditionalOnClass did not find required class 'org.springframework.kafka.core.KafkaTemplate' (OnClassCondition)

   LdapAutoConfiguration:
      Did not match:
         - @ConditionalOnClass did not find required class 'org.springframework.ldap.core.ContextSource' (OnClassCondition)

   LdapRepositoriesAutoConfiguration:
      Did not match:
         - @ConditionalOnClass did not find required class 'org.springframework.data.ldap.repository.LdapRepository' (OnClassCondition)

   LiquibaseAutoConfiguration:
      Did not match:
         - @ConditionalOnClass did not find required class 'liquibase.change.DatabaseChange' (OnClassCondition)

   MailSenderAutoConfiguration:
      Did not match:
         - @ConditionalOnClass did not find required class 'javax.mail.internet.MimeMessage' (OnClassCondition)

   MailSenderValidatorAutoConfiguration:
      Did not match:
         - @ConditionalOnSingleCandidate did not find required type 'org.springframework.mail.javamail.JavaMailSenderImpl' (OnBeanCondition)

   MessageSourceAutoConfiguration:
      Did not match:
         - ResourceBundle did not find bundle with basename messages (MessageSourceAutoConfiguration.ResourceBundleCondition)

   MongoAutoConfiguration:
      Did not match:
         - @ConditionalOnClass did not find required class 'com.mongodb.client.MongoClient' (OnClassCondition)

   MongoDataAutoConfiguration:
      Did not match:
         - @ConditionalOnClass did not find required class 'com.mongodb.client.MongoClient' (OnClassCondition)

   MongoReactiveAutoConfiguration:
      Did not match:
         - @ConditionalOnClass did not find required class 'com.mongodb.reactivestreams.client.MongoClient' (OnClassCondition)

   MongoReactiveDataAutoConfiguration:
      Did not match:
         - @ConditionalOnClass did not find required class 'com.mongodb.reactivestreams.client.MongoClient' (OnClassCondition)

   MongoReactiveRepositoriesAutoConfiguration:
      Did not match:
         - @ConditionalOnClass did not find required class 'com.mongodb.reactivestreams.client.MongoClient' (OnClassCondition)

   MongoRepositoriesAutoConfiguration:
      Did not match:
         - @ConditionalOnClass did not find required class 'com.mongodb.client.MongoClient' (OnClassCondition)

   MustacheAutoConfiguration:
      Did not match:
         - @ConditionalOnClass did not find required class 'com.samskivert.mustache.Mustache' (OnClassCondition)

   Neo4jDataAutoConfiguration:
      Did not match:
         - @ConditionalOnClass did not find required class 'org.neo4j.ogm.session.SessionFactory' (OnClassCondition)

   Neo4jRepositoriesAutoConfiguration:
      Did not match:
         - @ConditionalOnClass did not find required class 'org.neo4j.ogm.session.Neo4jSession' (OnClassCondition)

   OAuth2ClientAutoConfiguration:
      Did not match:
         - @ConditionalOnClass did not find required class 'org.springframework.security.config.annotation.web.configuration.EnableWebSecurity' (OnClassCondition)

   OAuth2ResourceServerAutoConfiguration:
      Did not match:
         - @ConditionalOnClass did not find required class 'org.springframework.security.oauth2.server.resource.BearerTokenAuthenticationToken' (OnClassCondition)

   PersistenceExceptionTranslationAutoConfiguration:
      Did not match:
         - @ConditionalOnClass did not find required class 'org.springframework.dao.annotation.PersistenceExceptionTranslationPostProcessor' (OnClassCondition)

   ProjectInfoAutoConfiguration#buildProperties:
      Did not match:
         - @ConditionalOnResource did not find resource '${spring.info.build.location:classpath:META-INF/build-info.properties}' (OnResourceCondition)

   ProjectInfoAutoConfiguration#gitProperties:
      Did not match:
         - GitResource did not find git info at classpath:git.properties (ProjectInfoAutoConfiguration.GitResourceAvailableCondition)

   QuartzAutoConfiguration:
      Did not match:
         - @ConditionalOnClass did not find required class 'org.quartz.Scheduler' (OnClassCondition)

   R2dbcAutoConfiguration:
      Did not match:
         - @ConditionalOnClass did not find required class 'io.r2dbc.spi.ConnectionFactory' (OnClassCondition)

   R2dbcDataAutoConfiguration:
      Did not match:
         - @ConditionalOnClass did not find required class 'org.springframework.data.r2dbc.core.DatabaseClient' (OnClassCondition)

   R2dbcRepositoriesAutoConfiguration:
      Did not match:
         - @ConditionalOnClass did not find required class 'io.r2dbc.spi.ConnectionFactory' (OnClassCondition)

   R2dbcTransactionManagerAutoConfiguration:
      Did not match:
         - @ConditionalOnClass did not find required class 'org.springframework.data.r2dbc.connectionfactory.R2dbcTransactionManager' (OnClassCondition)

   RSocketMessagingAutoConfiguration:
      Did not match:
         - @ConditionalOnClass did not find required class 'io.rsocket.RSocketFactory' (OnClassCondition)

   RSocketRequesterAutoConfiguration:
      Did not match:
         - @ConditionalOnClass did not find required class 'io.rsocket.RSocketFactory' (OnClassCondition)

   RSocketSecurityAutoConfiguration:
      Did not match:
         - @ConditionalOnClass did not find required class 'org.springframework.security.rsocket.core.SecuritySocketAcceptorInterceptor' (OnClassCondition)

   RSocketServerAutoConfiguration:
      Did not match:
         - @ConditionalOnClass did not find required class 'io.rsocket.core.RSocketServer' (OnClassCondition)

   RSocketStrategiesAutoConfiguration:
      Did not match:
         - @ConditionalOnClass did not find required class 'io.netty.buffer.PooledByteBufAllocator' (OnClassCondition)

   RabbitAutoConfiguration:
      Did not match:
         - @ConditionalOnClass did not find required class 'com.rabbitmq.client.Channel' (OnClassCondition)

   ReactiveElasticsearchRepositoriesAutoConfiguration:
      Did not match:
         - @ConditionalOnClass did not find required class 'org.springframework.data.elasticsearch.client.reactive.ReactiveElasticsearchClient' (OnClassCondition)

   ReactiveElasticsearchRestClientAutoConfiguration:
      Did not match:
         - @ConditionalOnClass did not find required class 'reactor.netty.http.client.HttpClient' (OnClassCondition)

   ReactiveOAuth2ClientAutoConfiguration:
      Did not match:
         - @ConditionalOnClass did not find required class 'reactor.core.publisher.Flux' (OnClassCondition)

   ReactiveOAuth2ResourceServerAutoConfiguration:
      Did not match:
         - @ConditionalOnClass did not find required class 'org.springframework.security.config.annotation.web.reactive.EnableWebFluxSecurity' (OnClassCondition)

   ReactiveSecurityAutoConfiguration:
      Did not match:
         - @ConditionalOnClass did not find required class 'reactor.core.publisher.Flux' (OnClassCondition)

   ReactiveUserDetailsServiceAutoConfiguration:
      Did not match:
         - @ConditionalOnClass did not find required class 'org.springframework.security.authentication.ReactiveAuthenticationManager' (OnClassCondition)

   ReactiveWebServerFactoryAutoConfiguration:
      Did not match:
         - @ConditionalOnWebApplication did not find reactive web application classes (OnWebApplicationCondition)

   RedisAutoConfiguration:
      Did not match:
         - @ConditionalOnClass did not find required class 'org.springframework.data.redis.core.RedisOperations' (OnClassCondition)

   RedisCacheConfiguration:
      Did not match:
         - @ConditionalOnClass did not find required class 'org.springframework.data.redis.connection.RedisConnectionFactory' (OnClassCondition)

   RedisReactiveAutoConfiguration:
      Did not match:
         - @ConditionalOnClass did not find required class 'reactor.core.publisher.Flux' (OnClassCondition)

   RedisRepositoriesAutoConfiguration:
      Did not match:
         - @ConditionalOnClass did not find required class 'org.springframework.data.redis.repository.configuration.EnableRedisRepositories' (OnClassCondition)

   RefreshAutoConfiguration.JpaInvokerConfiguration:
      Did not match:
         - @ConditionalOnClass did not find required class 'javax.persistence.EntityManagerFactory' (OnClassCondition)

   RefreshEndpointAutoConfiguration:
      Did not match:
         - @ConditionalOnClass did not find required class 'org.springframework.boot.actuate.autoconfigure.endpoint.EndpointAutoConfiguration' (OnClassCondition)

   RepositoryRestMvcAutoConfiguration:
      Did not match:
         - @ConditionalOnClass did not find required class 'org.springframework.data.rest.webmvc.config.RepositoryRestMvcConfiguration' (OnClassCondition)

   Saml2RelyingPartyAutoConfiguration:
      Did not match:
         - @ConditionalOnClass did not find required class 'org.springframework.security.saml2.provider.service.registration.RelyingPartyRegistrationRepository' (OnClassCondition)

   SecurityAutoConfiguration:
      Did not match:
         - @ConditionalOnClass did not find required class 'org.springframework.security.authentication.DefaultAuthenticationEventPublisher' (OnClassCondition)

   SecurityFilterAutoConfiguration:
      Did not match:
         - @ConditionalOnClass did not find required class 'org.springframework.security.config.http.SessionCreationPolicy' (OnClassCondition)

   SendGridAutoConfiguration:
      Did not match:
         - @ConditionalOnClass did not find required class 'com.sendgrid.SendGrid' (OnClassCondition)

   ServletWebServerFactoryAutoConfiguration#forwardedHeaderFilter:
      Did not match:
         - @ConditionalOnProperty (server.forward-headers-strategy=framework) did not find property 'server.forward-headers-strategy' (OnPropertyCondition)

   ServletWebServerFactoryConfiguration.EmbeddedJetty:
      Did not match:
         - @ConditionalOnClass did not find required classes 'org.eclipse.jetty.server.Server', 'org.eclipse.jetty.util.Loader', 'org.eclipse.jetty.webapp.WebAppContext' (OnClassCondition)

   ServletWebServerFactoryConfiguration.EmbeddedUndertow:
      Did not match:
         - @ConditionalOnClass did not find required classes 'io.undertow.Undertow', 'org.xnio.SslClientAuthMode' (OnClassCondition)

   SessionAutoConfiguration:
      Did not match:
         - @ConditionalOnClass did not find required class 'org.springframework.session.Session' (OnClassCondition)

   SolrAutoConfiguration:
      Did not match:
         - @ConditionalOnClass did not find required class 'org.apache.solr.client.solrj.impl.CloudSolrClient' (OnClassCondition)

   SolrRepositoriesAutoConfiguration:
      Did not match:
         - @ConditionalOnClass did not find required class 'org.apache.solr.client.solrj.SolrClient' (OnClassCondition)

   SpringDataWebAutoConfiguration:
      Did not match:
         - @ConditionalOnClass did not find required class 'org.springframework.data.web.PageableHandlerMethodArgumentResolver' (OnClassCondition)

   TaskSchedulingAutoConfiguration#taskScheduler:
      Did not match:
         - @ConditionalOnBean (names: org.springframework.context.annotation.internalScheduledAnnotationProcessor; SearchStrategy: all) did not find any beans named org.springframework.context.annotation.internalScheduledAnnotationProcessor (OnBeanCondition)

   ThymeleafAutoConfiguration:
      Did not match:
         - @ConditionalOnClass did not find required class 'org.thymeleaf.spring5.SpringTemplateEngine' (OnClassCondition)

   TransactionAutoConfiguration:
      Did not match:
         - @ConditionalOnClass did not find required class 'org.springframework.transaction.PlatformTransactionManager' (OnClassCondition)

   UserDetailsServiceAutoConfiguration:
      Did not match:
         - @ConditionalOnClass did not find required class 'org.springframework.security.authentication.AuthenticationManager' (OnClassCondition)

   WebClientAutoConfiguration:
      Did not match:
         - @ConditionalOnClass did not find required class 'org.springframework.web.reactive.function.client.WebClient' (OnClassCondition)

   WebFluxAutoConfiguration:
      Did not match:
         - @ConditionalOnClass did not find required class 'org.springframework.web.reactive.config.WebFluxConfigurer' (OnClassCondition)

   WebMvcAutoConfiguration#hiddenHttpMethodFilter:
      Did not match:
         - @ConditionalOnProperty (spring.mvc.hiddenmethod.filter.enabled) did not find property 'enabled' (OnPropertyCondition)

   WebMvcAutoConfiguration.ResourceChainCustomizerConfiguration:
      Did not match:
         - @ConditionalOnEnabledResourceChain did not find class org.webjars.WebJarAssetLocator (OnEnabledResourceChainCondition)

   WebMvcAutoConfiguration.WebMvcAutoConfigurationAdapter#beanNameViewResolver:
      Did not match:
         - @ConditionalOnMissingBean (types: org.springframework.web.servlet.view.BeanNameViewResolver; SearchStrategy: all) found beans of type 'org.springframework.web.servlet.view.BeanNameViewResolver' beanNameViewResolver (OnBeanCondition)

   WebMvcAutoConfiguration.WebMvcAutoConfigurationAdapter#localeResolver:
      Did not match:
         - @ConditionalOnProperty (spring.mvc.locale) did not find property 'locale' (OnPropertyCondition)

   WebServiceTemplateAutoConfiguration:
      Did not match:
         - @ConditionalOnClass did not find required class 'org.springframework.oxm.Marshaller' (OnClassCondition)

   WebServicesAutoConfiguration:
      Did not match:
         - @ConditionalOnClass did not find required class 'org.springframework.ws.transport.http.MessageDispatcherServlet' (OnClassCondition)

   WebSocketMessagingAutoConfiguration:
      Did not match:
         - @ConditionalOnClass did not find required class 'org.springframework.web.socket.config.annotation.WebSocketMessageBrokerConfigurer' (OnClassCondition)

   WebSocketReactiveAutoConfiguration:
      Did not match:
         - @ConditionalOnWebApplication did not find reactive web application classes (OnWebApplicationCondition)

   WebSocketServletAutoConfiguration.JettyWebSocketConfiguration:
      Did not match:
         - @ConditionalOnClass did not find required class 'org.eclipse.jetty.websocket.jsr356.server.deploy.WebSocketServerContainerInitializer' (OnClassCondition)

   WebSocketServletAutoConfiguration.UndertowWebSocketConfiguration:
      Did not match:
         - @ConditionalOnClass did not find required class 'io.undertow.websockets.jsr.Bootstrap' (OnClassCondition)

   WritableEnvironmentEndpointAutoConfiguration:
      Did not match:
         - @ConditionalOnClass did not find required class 'org.springframework.boot.actuate.autoconfigure.env.EnvironmentEndpointProperties' (OnClassCondition)

   XADataSourceAutoConfiguration:
      Did not match:
         - @ConditionalOnClass did not find required class 'javax.transaction.TransactionManager' (OnClassCondition)


Exclusions:
-----------

    None


Unconditional classes:
----------------------

    org.springframework.boot.autoconfigure.context.ConfigurationPropertiesAutoConfiguration

    org.springframework.boot.autoconfigure.context.LifecycleAutoConfiguration

    org.springframework.boot.autoconfigure.context.PropertyPlaceholderAutoConfiguration

    org.springframework.cloud.autoconfigure.LifecycleMvcEndpointAutoConfiguration

    org.springframework.boot.autoconfigure.availability.ApplicationAvailabilityAutoConfiguration

    org.springframework.boot.autoconfigure.info.ProjectInfoAutoConfiguration



2024-10-26 14:35:47,945 DEBUG [main][PropertySourcesPropertyResolver.java:115] - Found key 'spring.liveBeansView.mbeanDomain' in PropertySource 'systemProperties' with value of type String
2024-10-26 14:35:47,945 DEBUG [main][PropertySourcesPropertyResolver.java:115] - Found key 'spring.liveBeansView.mbeanDomain' in PropertySource 'systemProperties' with value of type String
2024-10-26 14:35:47,945 INFO [main][StartupInfoLogger.java:61] - Started ContentApplication in 1.713 seconds (JVM running for 2.473)
2024-10-26 14:35:47,945 INFO [main][StartupInfoLogger.java:61] - Started ContentApplication in 1.713 seconds (JVM running for 2.473)
2024-10-26 14:35:48,161 DEBUG [RMI TCP Connection(2)-192.168.99.13][PropertySourcesPropertyResolver.java:115] - Found key 'local.server.port' in PropertySource 'server.ports' with value of type Integer
2024-10-26 14:35:48,161 DEBUG [RMI TCP Connection(2)-192.168.99.13][PropertySourcesPropertyResolver.java:115] - Found key 'local.server.port' in PropertySource 'server.ports' with value of type Integer
2024-10-26 14:35:48,167 DEBUG [RMI TCP Connection(2)-192.168.99.13][PropertySourcesPropertyResolver.java:115] - Found key 'server.servlet.context-path' in PropertySource 'configurationProperties' with value of type String
2024-10-26 14:35:48,167 DEBUG [RMI TCP Connection(2)-192.168.99.13][PropertySourcesPropertyResolver.java:115] - Found key 'server.servlet.context-path' in PropertySource 'configurationProperties' with value of type String
2024-10-26 14:38:56,618 INFO [http-nio-63040-exec-1][DirectJDKLog.java:173] - Initializing Spring DispatcherServlet 'dispatcherServlet'
2024-10-26 14:38:56,618 INFO [http-nio-63040-exec-1][DirectJDKLog.java:173] - Initializing Spring DispatcherServlet 'dispatcherServlet'
2024-10-26 14:38:56,618 INFO [http-nio-63040-exec-1][FrameworkServlet.java:525] - Initializing Servlet 'dispatcherServlet'
2024-10-26 14:38:56,618 INFO [http-nio-63040-exec-1][FrameworkServlet.java:525] - Initializing Servlet 'dispatcherServlet'
2024-10-26 14:38:56,618 DEBUG [http-nio-63040-exec-1][DispatcherServlet.java:526] - Detected StandardServletMultipartResolver
2024-10-26 14:38:56,618 DEBUG [http-nio-63040-exec-1][DispatcherServlet.java:526] - Detected StandardServletMultipartResolver
2024-10-26 14:38:56,634 DEBUG [http-nio-63040-exec-1][FrameworkServlet.java:542] - enableLoggingRequestDetails='false': request parameters and headers will be masked to prevent unsafe logging of potentially sensitive data
2024-10-26 14:38:56,634 DEBUG [http-nio-63040-exec-1][FrameworkServlet.java:542] - enableLoggingRequestDetails='false': request parameters and headers will be masked to prevent unsafe logging of potentially sensitive data
2024-10-26 14:38:56,634 INFO [http-nio-63040-exec-1][FrameworkServlet.java:547] - Completed initialization in 16 ms
2024-10-26 14:38:56,634 INFO [http-nio-63040-exec-1][FrameworkServlet.java:547] - Completed initialization in 16 ms
2024-10-26 14:38:56,650 DEBUG [http-nio-63040-exec-1][LogFormatUtils.java:91] - GET "/content/course/list", parameters={}
2024-10-26 14:38:56,650 DEBUG [http-nio-63040-exec-1][LogFormatUtils.java:91] - GET "/content/course/list", parameters={}
2024-10-26 14:38:56,666 WARN [http-nio-63040-exec-1][AbstractHandlerExceptionResolver.java:199] - Resolved [org.springframework.web.HttpRequestMethodNotSupportedException: Request method 'GET' not supported]
2024-10-26 14:38:56,666 WARN [http-nio-63040-exec-1][AbstractHandlerExceptionResolver.java:199] - Resolved [org.springframework.web.HttpRequestMethodNotSupportedException: Request method 'GET' not supported]
2024-10-26 14:38:56,666 DEBUG [http-nio-63040-exec-1][FrameworkServlet.java:1131] - Completed 405 METHOD_NOT_ALLOWED
2024-10-26 14:38:56,666 DEBUG [http-nio-63040-exec-1][FrameworkServlet.java:1131] - Completed 405 METHOD_NOT_ALLOWED
2024-10-26 14:38:56,675 DEBUG [http-nio-63040-exec-1][LogFormatUtils.java:91] - "ERROR" dispatch for GET "/content/error", parameters={}
2024-10-26 14:38:56,675 DEBUG [http-nio-63040-exec-1][LogFormatUtils.java:91] - "ERROR" dispatch for GET "/content/error", parameters={}
2024-10-26 14:38:56,683 DEBUG [http-nio-63040-exec-1][AbstractHandlerMapping.java:415] - Mapped to org.springframework.boot.autoconfigure.web.servlet.error.BasicErrorController#errorHtml(HttpServletRequest, HttpServletResponse)
2024-10-26 14:38:56,683 DEBUG [http-nio-63040-exec-1][AbstractHandlerMapping.java:415] - Mapped to org.springframework.boot.autoconfigure.web.servlet.error.BasicErrorController#errorHtml(HttpServletRequest, HttpServletResponse)
2024-10-26 14:38:56,717 DEBUG [http-nio-63040-exec-1][ContentNegotiatingViewResolver.java:348] - Selected 'text/html' given [text/html, text/html;q=0.8]
2024-10-26 14:38:56,717 DEBUG [http-nio-63040-exec-1][ContentNegotiatingViewResolver.java:348] - Selected 'text/html' given [text/html, text/html;q=0.8]
2024-10-26 14:38:56,724 DEBUG [http-nio-63040-exec-1][FrameworkServlet.java:1127] - Exiting from "ERROR" dispatch, status 405
2024-10-26 14:38:56,724 DEBUG [http-nio-63040-exec-1][FrameworkServlet.java:1127] - Exiting from "ERROR" dispatch, status 405
2024-10-26 14:41:23,767 DEBUG [SpringContextShutdownHook][AbstractApplicationContext.java:1006] - Closing org.springframework.boot.web.servlet.context.AnnotationConfigServletWebServerApplicationContext@74a6a609, started on Sat Oct 26 14:35:46 CEST 2024, parent: org.springframework.context.annotation.AnnotationConfigApplicationContext@7de62196
2024-10-26 14:41:23,767 DEBUG [SpringContextShutdownHook][AbstractApplicationContext.java:1006] - Closing org.springframework.boot.web.servlet.context.AnnotationConfigServletWebServerApplicationContext@74a6a609, started on Sat Oct 26 14:35:46 CEST 2024, parent: org.springframework.context.annotation.AnnotationConfigApplicationContext@7de62196
2024-10-26 14:41:23,768 DEBUG [SpringContextShutdownHook][DefaultLifecycleProcessor.java:369] - Stopping beans in phase 2147483647
2024-10-26 14:41:23,768 DEBUG [SpringContextShutdownHook][DefaultLifecycleProcessor.java:369] - Stopping beans in phase 2147483647
2024-10-26 14:41:23,769 DEBUG [SpringContextShutdownHook][DefaultLifecycleProcessor.java:242] - Bean 'webServerGracefulShutdown' completed its stop procedure
2024-10-26 14:41:23,769 DEBUG [SpringContextShutdownHook][DefaultLifecycleProcessor.java:369] - Stopping beans in phase 2147483646
2024-10-26 14:41:23,769 DEBUG [SpringContextShutdownHook][DefaultLifecycleProcessor.java:242] - Bean 'webServerGracefulShutdown' completed its stop procedure
2024-10-26 14:41:23,769 DEBUG [SpringContextShutdownHook][DefaultLifecycleProcessor.java:369] - Stopping beans in phase 2147483646
2024-10-26 14:41:23,953 DEBUG [SpringContextShutdownHook][DefaultLifecycleProcessor.java:242] - Bean 'webServerStartStop' completed its stop procedure
2024-10-26 14:41:23,953 DEBUG [SpringContextShutdownHook][DefaultLifecycleProcessor.java:242] - Bean 'webServerStartStop' completed its stop procedure
2024-10-26 14:41:23,954 DEBUG [SpringContextShutdownHook][MBeanExporter.java:452] - Unregistering JMX-exposed beans on shutdown
2024-10-26 14:41:23,954 DEBUG [SpringContextShutdownHook][MBeanExporter.java:452] - Unregistering JMX-exposed beans on shutdown
2024-10-26 14:41:23,954 DEBUG [SpringContextShutdownHook][MBeanRegistrationSupport.java:186] - Unregistering JMX-exposed beans
2024-10-26 14:41:23,954 DEBUG [SpringContextShutdownHook][MBeanRegistrationSupport.java:186] - Unregistering JMX-exposed beans
2024-10-26 14:41:23,954 INFO [SpringContextShutdownHook][ExecutorConfigurationSupport.java:218] - Shutting down ExecutorService 'applicationTaskExecutor'
2024-10-26 14:41:23,954 INFO [SpringContextShutdownHook][ExecutorConfigurationSupport.java:218] - Shutting down ExecutorService 'applicationTaskExecutor'
2024-10-26 14:41:28,595 DEBUG [main][ClasspathLoggingApplicationListener.java:51] - Application started with classpath: [file:/C:/Program%20Files/Java/jdk1.8.0_202/jre/lib/charsets.jar, file:/C:/Program%20Files/Java/jdk1.8.0_202/jre/lib/deploy.jar, file:/C:/Program%20Files/Java/jdk1.8.0_202/jre/lib/ext/access-bridge-64.jar, file:/C:/Program%20Files/Java/jdk1.8.0_202/jre/lib/ext/cldrdata.jar, file:/C:/Program%20Files/Java/jdk1.8.0_202/jre/lib/ext/dnsns.jar, file:/C:/Program%20Files/Java/jdk1.8.0_202/jre/lib/ext/jaccess.jar, file:/C:/Program%20Files/Java/jdk1.8.0_202/jre/lib/ext/jfxrt.jar, file:/C:/Program%20Files/Java/jdk1.8.0_202/jre/lib/ext/localedata.jar, file:/C:/Program%20Files/Java/jdk1.8.0_202/jre/lib/ext/nashorn.jar, file:/C:/Program%20Files/Java/jdk1.8.0_202/jre/lib/ext/sunec.jar, file:/C:/Program%20Files/Java/jdk1.8.0_202/jre/lib/ext/sunjce_provider.jar, file:/C:/Program%20Files/Java/jdk1.8.0_202/jre/lib/ext/sunmscapi.jar, file:/C:/Program%20Files/Java/jdk1.8.0_202/jre/lib/ext/sunpkcs11.jar, file:/C:/Program%20Files/Java/jdk1.8.0_202/jre/lib/ext/zipfs.jar, file:/C:/Program%20Files/Java/jdk1.8.0_202/jre/lib/javaws.jar, file:/C:/Program%20Files/Java/jdk1.8.0_202/jre/lib/jce.jar, file:/C:/Program%20Files/Java/jdk1.8.0_202/jre/lib/jfr.jar, file:/C:/Program%20Files/Java/jdk1.8.0_202/jre/lib/jfxswt.jar, file:/C:/Program%20Files/Java/jdk1.8.0_202/jre/lib/jsse.jar, file:/C:/Program%20Files/Java/jdk1.8.0_202/jre/lib/management-agent.jar, file:/C:/Program%20Files/Java/jdk1.8.0_202/jre/lib/plugin.jar, file:/C:/Program%20Files/Java/jdk1.8.0_202/jre/lib/resources.jar, file:/C:/Program%20Files/Java/jdk1.8.0_202/jre/lib/rt.jar, file:/D:/itcast2023/xc_edu3.1/code_402/xuecheng-plus-project/xuecheng-plus-content/xuecheng-plus-content-api/target/classes/, file:/D:/itcast2023/xc_edu3.1/code_402/xuecheng-plus-project/xuecheng-plus-content/xuecheng-plus-content-model/target/classes/, file:/D:/develop/repository/com/baomidou/mybatis-plus-annotation/3.4.1/mybatis-plus-annotation-3.4.1.jar, file:/D:/develop/repository/com/baomidou/mybatis-plus-core/3.4.1/mybatis-plus-core-3.4.1.jar, file:/D:/develop/repository/com/github/jsqlparser/jsqlparser/3.2/jsqlparser-3.2.jar, file:/D:/develop/repository/org/mybatis/mybatis/3.5.6/mybatis-3.5.6.jar, file:/D:/develop/repository/org/springframework/cloud/spring-cloud-context/2.2.6.RELEASE/spring-cloud-context-2.2.6.RELEASE.jar, file:/D:/develop/repository/org/springframework/security/spring-security-crypto/5.3.6.RELEASE/spring-security-crypto-5.3.6.RELEASE.jar, file:/D:/develop/repository/org/springframework/boot/spring-boot-starter-web/2.3.7.RELEASE/spring-boot-starter-web-2.3.7.RELEASE.jar, file:/D:/develop/repository/org/springframework/boot/spring-boot-starter-json/2.3.7.RELEASE/spring-boot-starter-json-2.3.7.RELEASE.jar, file:/D:/develop/repository/com/fasterxml/jackson/core/jackson-databind/2.11.3/jackson-databind-2.11.3.jar, file:/D:/develop/repository/org/springframework/boot/spring-boot-starter-tomcat/2.3.7.RELEASE/spring-boot-starter-tomcat-2.3.7.RELEASE.jar, file:/D:/develop/repository/org/apache/tomcat/embed/tomcat-embed-core/9.0.41/tomcat-embed-core-9.0.41.jar, file:/D:/develop/repository/org/apache/tomcat/embed/tomcat-embed-websocket/9.0.41/tomcat-embed-websocket-9.0.41.jar, file:/D:/develop/repository/org/springframework/spring-web/5.2.12.RELEASE/spring-web-5.2.12.RELEASE.jar, file:/D:/develop/repository/org/springframework/spring-beans/5.2.12.RELEASE/spring-beans-5.2.12.RELEASE.jar, file:/D:/develop/repository/org/springframework/spring-webmvc/5.2.12.RELEASE/spring-webmvc-5.2.12.RELEASE.jar, file:/D:/develop/repository/org/springframework/spring-aop/5.2.12.RELEASE/spring-aop-5.2.12.RELEASE.jar, file:/D:/develop/repository/org/springframework/spring-context/5.2.12.RELEASE/spring-context-5.2.12.RELEASE.jar, file:/D:/develop/repository/org/springframework/spring-expression/5.2.12.RELEASE/spring-expression-5.2.12.RELEASE.jar, file:/D:/develop/repository/org/springframework/boot/spring-boot-starter/2.3.7.RELEASE/spring-boot-starter-2.3.7.RELEASE.jar, file:/D:/develop/repository/org/springframework/boot/spring-boot/2.3.7.RELEASE/spring-boot-2.3.7.RELEASE.jar, file:/D:/develop/repository/org/springframework/boot/spring-boot-autoconfigure/2.3.7.RELEASE/spring-boot-autoconfigure-2.3.7.RELEASE.jar, file:/D:/develop/repository/jakarta/annotation/jakarta.annotation-api/1.3.5/jakarta.annotation-api-1.3.5.jar, file:/D:/develop/repository/org/springframework/spring-core/5.2.12.RELEASE/spring-core-5.2.12.RELEASE.jar, file:/D:/develop/repository/org/springframework/spring-jcl/5.2.12.RELEASE/spring-jcl-5.2.12.RELEASE.jar, file:/D:/develop/repository/org/yaml/snakeyaml/1.26/snakeyaml-1.26.jar, file:/D:/develop/repository/org/springframework/boot/spring-boot-starter-validation/2.3.7.RELEASE/spring-boot-starter-validation-2.3.7.RELEASE.jar, file:/D:/develop/repository/org/glassfish/jakarta.el/3.0.3/jakarta.el-3.0.3.jar, file:/D:/develop/repository/org/hibernate/validator/hibernate-validator/6.1.6.Final/hibernate-validator-6.1.6.Final.jar, file:/D:/develop/repository/jakarta/validation/jakarta.validation-api/2.0.2/jakarta.validation-api-2.0.2.jar, file:/D:/develop/repository/org/jboss/logging/jboss-logging/3.4.1.Final/jboss-logging-3.4.1.Final.jar, file:/D:/develop/repository/com/fasterxml/classmate/1.5.1/classmate-1.5.1.jar, file:/D:/develop/repository/org/springframework/boot/spring-boot-starter-log4j2/2.3.7.RELEASE/spring-boot-starter-log4j2-2.3.7.RELEASE.jar, file:/D:/develop/repository/org/apache/logging/log4j/log4j-slf4j-impl/2.13.3/log4j-slf4j-impl-2.13.3.jar, file:/D:/develop/repository/org/slf4j/slf4j-api/1.7.30/slf4j-api-1.7.30.jar, file:/D:/develop/repository/org/apache/logging/log4j/log4j-api/2.13.3/log4j-api-2.13.3.jar, file:/D:/develop/repository/org/apache/logging/log4j/log4j-core/2.13.3/log4j-core-2.13.3.jar, file:/D:/develop/repository/org/apache/logging/log4j/log4j-jul/2.13.3/log4j-jul-2.13.3.jar, file:/D:/develop/repository/org/slf4j/jul-to-slf4j/1.7.30/jul-to-slf4j-1.7.30.jar, file:/D:/develop/repository/com/spring4all/swagger-spring-boot-starter/1.9.0.RELEASE/swagger-spring-boot-starter-1.9.0.RELEASE.jar, file:/D:/develop/repository/io/springfox/springfox-swagger-ui/2.9.2/springfox-swagger-ui-2.9.2.jar, file:/D:/develop/repository/io/springfox/springfox-spring-web/2.9.2/springfox-spring-web-2.9.2.jar, file:/D:/develop/repository/io/springfox/springfox-swagger2/2.9.2/springfox-swagger2-2.9.2.jar, file:/D:/develop/repository/io/swagger/swagger-models/1.5.20/swagger-models-1.5.20.jar, file:/D:/develop/repository/io/springfox/springfox-spi/2.9.2/springfox-spi-2.9.2.jar, file:/D:/develop/repository/io/springfox/springfox-core/2.9.2/springfox-core-2.9.2.jar, file:/D:/develop/repository/net/bytebuddy/byte-buddy/1.10.18/byte-buddy-1.10.18.jar, file:/D:/develop/repository/io/springfox/springfox-schema/2.9.2/springfox-schema-2.9.2.jar, file:/D:/develop/repository/io/springfox/springfox-swagger-common/2.9.2/springfox-swagger-common-2.9.2.jar, file:/D:/develop/repository/com/google/guava/guava/25.0-jre/guava-25.0-jre.jar, file:/D:/develop/repository/com/google/code/findbugs/jsr305/1.3.9/jsr305-1.3.9.jar, file:/D:/develop/repository/org/checkerframework/checker-compat-qual/2.0.0/checker-compat-qual-2.0.0.jar, file:/D:/develop/repository/com/google/errorprone/error_prone_annotations/2.1.3/error_prone_annotations-2.1.3.jar, file:/D:/develop/repository/com/google/j2objc/j2objc-annotations/1.1/j2objc-annotations-1.1.jar, file:/D:/develop/repository/org/codehaus/mojo/animal-sniffer-annotations/1.14/animal-sniffer-annotations-1.14.jar, file:/D:/develop/repository/org/springframework/plugin/spring-plugin-core/1.2.0.RELEASE/spring-plugin-core-1.2.0.RELEASE.jar, file:/D:/develop/repository/org/springframework/plugin/spring-plugin-metadata/1.2.0.RELEASE/spring-plugin-metadata-1.2.0.RELEASE.jar, file:/D:/develop/repository/org/mapstruct/mapstruct/1.2.0.Final/mapstruct-1.2.0.Final.jar, file:/D:/develop/repository/io/springfox/springfox-bean-validators/2.9.2/springfox-bean-validators-2.9.2.jar, file:/D:/itcast2023/xc_edu3.1/code_402/xuecheng-plus-project/xuecheng-plus-base/target/classes/, file:/D:/develop/repository/org/projectlombok/lombok/1.18.8/lombok-1.18.8.jar, file:/D:/develop/repository/org/apache/commons/commons-lang3/3.10/commons-lang3-3.10.jar, file:/D:/develop/repository/com/alibaba/fastjson/1.2.83/fastjson-1.2.83.jar, file:/D:/develop/repository/commons-lang/commons-lang/2.6/commons-lang-2.6.jar, file:/D:/develop/repository/commons-codec/commons-codec/1.14/commons-codec-1.14.jar, file:/D:/develop/repository/io/swagger/swagger-annotations/1.5.20/swagger-annotations-1.5.20.jar, file:/D:/develop/repository/com/j256/simplemagic/simplemagic/1.17/simplemagic-1.17.jar, file:/D:/develop/repository/com/google/zxing/core/3.3.3/core-3.3.3.jar, file:/D:/develop/repository/com/google/zxing/javase/3.3.3/javase-3.3.3.jar, file:/D:/develop/repository/com/beust/jcommander/1.72/jcommander-1.72.jar, file:/D:/develop/repository/com/github/jai-imageio/jai-imageio-core/1.4.0/jai-imageio-core-1.4.0.jar, file:/D:/develop/repository/com/fasterxml/jackson/module/jackson-module-parameter-names/2.11.3/jackson-module-parameter-names-2.11.3.jar, file:/D:/develop/repository/com/fasterxml/jackson/core/jackson-core/2.11.3/jackson-core-2.11.3.jar, file:/D:/develop/repository/com/fasterxml/jackson/datatype/jackson-datatype-jdk8/2.11.3/jackson-datatype-jdk8-2.11.3.jar, file:/D:/develop/repository/com/fasterxml/jackson/datatype/jackson-datatype-jsr310/2.11.3/jackson-datatype-jsr310-2.11.3.jar, file:/D:/develop/repository/com/fasterxml/jackson/core/jackson-annotations/2.11.3/jackson-annotations-2.11.3.jar, file:/D:/IntelliJ%20IDEA%202022.2.3/lib/idea_rt.jar]
2024-10-26 14:41:28,595 DEBUG [main][ClasspathLoggingApplicationListener.java:51] - Application started with classpath: [file:/C:/Program%20Files/Java/jdk1.8.0_202/jre/lib/charsets.jar, file:/C:/Program%20Files/Java/jdk1.8.0_202/jre/lib/deploy.jar, file:/C:/Program%20Files/Java/jdk1.8.0_202/jre/lib/ext/access-bridge-64.jar, file:/C:/Program%20Files/Java/jdk1.8.0_202/jre/lib/ext/cldrdata.jar, file:/C:/Program%20Files/Java/jdk1.8.0_202/jre/lib/ext/dnsns.jar, file:/C:/Program%20Files/Java/jdk1.8.0_202/jre/lib/ext/jaccess.jar, file:/C:/Program%20Files/Java/jdk1.8.0_202/jre/lib/ext/jfxrt.jar, file:/C:/Program%20Files/Java/jdk1.8.0_202/jre/lib/ext/localedata.jar, file:/C:/Program%20Files/Java/jdk1.8.0_202/jre/lib/ext/nashorn.jar, file:/C:/Program%20Files/Java/jdk1.8.0_202/jre/lib/ext/sunec.jar, file:/C:/Program%20Files/Java/jdk1.8.0_202/jre/lib/ext/sunjce_provider.jar, file:/C:/Program%20Files/Java/jdk1.8.0_202/jre/lib/ext/sunmscapi.jar, file:/C:/Program%20Files/Java/jdk1.8.0_202/jre/lib/ext/sunpkcs11.jar, file:/C:/Program%20Files/Java/jdk1.8.0_202/jre/lib/ext/zipfs.jar, file:/C:/Program%20Files/Java/jdk1.8.0_202/jre/lib/javaws.jar, file:/C:/Program%20Files/Java/jdk1.8.0_202/jre/lib/jce.jar, file:/C:/Program%20Files/Java/jdk1.8.0_202/jre/lib/jfr.jar, file:/C:/Program%20Files/Java/jdk1.8.0_202/jre/lib/jfxswt.jar, file:/C:/Program%20Files/Java/jdk1.8.0_202/jre/lib/jsse.jar, file:/C:/Program%20Files/Java/jdk1.8.0_202/jre/lib/management-agent.jar, file:/C:/Program%20Files/Java/jdk1.8.0_202/jre/lib/plugin.jar, file:/C:/Program%20Files/Java/jdk1.8.0_202/jre/lib/resources.jar, file:/C:/Program%20Files/Java/jdk1.8.0_202/jre/lib/rt.jar, file:/D:/itcast2023/xc_edu3.1/code_402/xuecheng-plus-project/xuecheng-plus-content/xuecheng-plus-content-api/target/classes/, file:/D:/itcast2023/xc_edu3.1/code_402/xuecheng-plus-project/xuecheng-plus-content/xuecheng-plus-content-model/target/classes/, file:/D:/develop/repository/com/baomidou/mybatis-plus-annotation/3.4.1/mybatis-plus-annotation-3.4.1.jar, file:/D:/develop/repository/com/baomidou/mybatis-plus-core/3.4.1/mybatis-plus-core-3.4.1.jar, file:/D:/develop/repository/com/github/jsqlparser/jsqlparser/3.2/jsqlparser-3.2.jar, file:/D:/develop/repository/org/mybatis/mybatis/3.5.6/mybatis-3.5.6.jar, file:/D:/develop/repository/org/springframework/cloud/spring-cloud-context/2.2.6.RELEASE/spring-cloud-context-2.2.6.RELEASE.jar, file:/D:/develop/repository/org/springframework/security/spring-security-crypto/5.3.6.RELEASE/spring-security-crypto-5.3.6.RELEASE.jar, file:/D:/develop/repository/org/springframework/boot/spring-boot-starter-web/2.3.7.RELEASE/spring-boot-starter-web-2.3.7.RELEASE.jar, file:/D:/develop/repository/org/springframework/boot/spring-boot-starter-json/2.3.7.RELEASE/spring-boot-starter-json-2.3.7.RELEASE.jar, file:/D:/develop/repository/com/fasterxml/jackson/core/jackson-databind/2.11.3/jackson-databind-2.11.3.jar, file:/D:/develop/repository/org/springframework/boot/spring-boot-starter-tomcat/2.3.7.RELEASE/spring-boot-starter-tomcat-2.3.7.RELEASE.jar, file:/D:/develop/repository/org/apache/tomcat/embed/tomcat-embed-core/9.0.41/tomcat-embed-core-9.0.41.jar, file:/D:/develop/repository/org/apache/tomcat/embed/tomcat-embed-websocket/9.0.41/tomcat-embed-websocket-9.0.41.jar, file:/D:/develop/repository/org/springframework/spring-web/5.2.12.RELEASE/spring-web-5.2.12.RELEASE.jar, file:/D:/develop/repository/org/springframework/spring-beans/5.2.12.RELEASE/spring-beans-5.2.12.RELEASE.jar, file:/D:/develop/repository/org/springframework/spring-webmvc/5.2.12.RELEASE/spring-webmvc-5.2.12.RELEASE.jar, file:/D:/develop/repository/org/springframework/spring-aop/5.2.12.RELEASE/spring-aop-5.2.12.RELEASE.jar, file:/D:/develop/repository/org/springframework/spring-context/5.2.12.RELEASE/spring-context-5.2.12.RELEASE.jar, file:/D:/develop/repository/org/springframework/spring-expression/5.2.12.RELEASE/spring-expression-5.2.12.RELEASE.jar, file:/D:/develop/repository/org/springframework/boot/spring-boot-starter/2.3.7.RELEASE/spring-boot-starter-2.3.7.RELEASE.jar, file:/D:/develop/repository/org/springframework/boot/spring-boot/2.3.7.RELEASE/spring-boot-2.3.7.RELEASE.jar, file:/D:/develop/repository/org/springframework/boot/spring-boot-autoconfigure/2.3.7.RELEASE/spring-boot-autoconfigure-2.3.7.RELEASE.jar, file:/D:/develop/repository/jakarta/annotation/jakarta.annotation-api/1.3.5/jakarta.annotation-api-1.3.5.jar, file:/D:/develop/repository/org/springframework/spring-core/5.2.12.RELEASE/spring-core-5.2.12.RELEASE.jar, file:/D:/develop/repository/org/springframework/spring-jcl/5.2.12.RELEASE/spring-jcl-5.2.12.RELEASE.jar, file:/D:/develop/repository/org/yaml/snakeyaml/1.26/snakeyaml-1.26.jar, file:/D:/develop/repository/org/springframework/boot/spring-boot-starter-validation/2.3.7.RELEASE/spring-boot-starter-validation-2.3.7.RELEASE.jar, file:/D:/develop/repository/org/glassfish/jakarta.el/3.0.3/jakarta.el-3.0.3.jar, file:/D:/develop/repository/org/hibernate/validator/hibernate-validator/6.1.6.Final/hibernate-validator-6.1.6.Final.jar, file:/D:/develop/repository/jakarta/validation/jakarta.validation-api/2.0.2/jakarta.validation-api-2.0.2.jar, file:/D:/develop/repository/org/jboss/logging/jboss-logging/3.4.1.Final/jboss-logging-3.4.1.Final.jar, file:/D:/develop/repository/com/fasterxml/classmate/1.5.1/classmate-1.5.1.jar, file:/D:/develop/repository/org/springframework/boot/spring-boot-starter-log4j2/2.3.7.RELEASE/spring-boot-starter-log4j2-2.3.7.RELEASE.jar, file:/D:/develop/repository/org/apache/logging/log4j/log4j-slf4j-impl/2.13.3/log4j-slf4j-impl-2.13.3.jar, file:/D:/develop/repository/org/slf4j/slf4j-api/1.7.30/slf4j-api-1.7.30.jar, file:/D:/develop/repository/org/apache/logging/log4j/log4j-api/2.13.3/log4j-api-2.13.3.jar, file:/D:/develop/repository/org/apache/logging/log4j/log4j-core/2.13.3/log4j-core-2.13.3.jar, file:/D:/develop/repository/org/apache/logging/log4j/log4j-jul/2.13.3/log4j-jul-2.13.3.jar, file:/D:/develop/repository/org/slf4j/jul-to-slf4j/1.7.30/jul-to-slf4j-1.7.30.jar, file:/D:/develop/repository/com/spring4all/swagger-spring-boot-starter/1.9.0.RELEASE/swagger-spring-boot-starter-1.9.0.RELEASE.jar, file:/D:/develop/repository/io/springfox/springfox-swagger-ui/2.9.2/springfox-swagger-ui-2.9.2.jar, file:/D:/develop/repository/io/springfox/springfox-spring-web/2.9.2/springfox-spring-web-2.9.2.jar, file:/D:/develop/repository/io/springfox/springfox-swagger2/2.9.2/springfox-swagger2-2.9.2.jar, file:/D:/develop/repository/io/swagger/swagger-models/1.5.20/swagger-models-1.5.20.jar, file:/D:/develop/repository/io/springfox/springfox-spi/2.9.2/springfox-spi-2.9.2.jar, file:/D:/develop/repository/io/springfox/springfox-core/2.9.2/springfox-core-2.9.2.jar, file:/D:/develop/repository/net/bytebuddy/byte-buddy/1.10.18/byte-buddy-1.10.18.jar, file:/D:/develop/repository/io/springfox/springfox-schema/2.9.2/springfox-schema-2.9.2.jar, file:/D:/develop/repository/io/springfox/springfox-swagger-common/2.9.2/springfox-swagger-common-2.9.2.jar, file:/D:/develop/repository/com/google/guava/guava/25.0-jre/guava-25.0-jre.jar, file:/D:/develop/repository/com/google/code/findbugs/jsr305/1.3.9/jsr305-1.3.9.jar, file:/D:/develop/repository/org/checkerframework/checker-compat-qual/2.0.0/checker-compat-qual-2.0.0.jar, file:/D:/develop/repository/com/google/errorprone/error_prone_annotations/2.1.3/error_prone_annotations-2.1.3.jar, file:/D:/develop/repository/com/google/j2objc/j2objc-annotations/1.1/j2objc-annotations-1.1.jar, file:/D:/develop/repository/org/codehaus/mojo/animal-sniffer-annotations/1.14/animal-sniffer-annotations-1.14.jar, file:/D:/develop/repository/org/springframework/plugin/spring-plugin-core/1.2.0.RELEASE/spring-plugin-core-1.2.0.RELEASE.jar, file:/D:/develop/repository/org/springframework/plugin/spring-plugin-metadata/1.2.0.RELEASE/spring-plugin-metadata-1.2.0.RELEASE.jar, file:/D:/develop/repository/org/mapstruct/mapstruct/1.2.0.Final/mapstruct-1.2.0.Final.jar, file:/D:/develop/repository/io/springfox/springfox-bean-validators/2.9.2/springfox-bean-validators-2.9.2.jar, file:/D:/itcast2023/xc_edu3.1/code_402/xuecheng-plus-project/xuecheng-plus-base/target/classes/, file:/D:/develop/repository/org/projectlombok/lombok/1.18.8/lombok-1.18.8.jar, file:/D:/develop/repository/org/apache/commons/commons-lang3/3.10/commons-lang3-3.10.jar, file:/D:/develop/repository/com/alibaba/fastjson/1.2.83/fastjson-1.2.83.jar, file:/D:/develop/repository/commons-lang/commons-lang/2.6/commons-lang-2.6.jar, file:/D:/develop/repository/commons-codec/commons-codec/1.14/commons-codec-1.14.jar, file:/D:/develop/repository/io/swagger/swagger-annotations/1.5.20/swagger-annotations-1.5.20.jar, file:/D:/develop/repository/com/j256/simplemagic/simplemagic/1.17/simplemagic-1.17.jar, file:/D:/develop/repository/com/google/zxing/core/3.3.3/core-3.3.3.jar, file:/D:/develop/repository/com/google/zxing/javase/3.3.3/javase-3.3.3.jar, file:/D:/develop/repository/com/beust/jcommander/1.72/jcommander-1.72.jar, file:/D:/develop/repository/com/github/jai-imageio/jai-imageio-core/1.4.0/jai-imageio-core-1.4.0.jar, file:/D:/develop/repository/com/fasterxml/jackson/module/jackson-module-parameter-names/2.11.3/jackson-module-parameter-names-2.11.3.jar, file:/D:/develop/repository/com/fasterxml/jackson/core/jackson-core/2.11.3/jackson-core-2.11.3.jar, file:/D:/develop/repository/com/fasterxml/jackson/datatype/jackson-datatype-jdk8/2.11.3/jackson-datatype-jdk8-2.11.3.jar, file:/D:/develop/repository/com/fasterxml/jackson/datatype/jackson-datatype-jsr310/2.11.3/jackson-datatype-jsr310-2.11.3.jar, file:/D:/develop/repository/com/fasterxml/jackson/core/jackson-annotations/2.11.3/jackson-annotations-2.11.3.jar, file:/D:/IntelliJ%20IDEA%202022.2.3/lib/idea_rt.jar]
2024-10-26 14:41:28,628 DEBUG [background-preinit][LoggerProviders.java:152] - Logging Provider: org.jboss.logging.Log4j2LoggerProvider
2024-10-26 14:41:28,628 DEBUG [background-preinit][LoggerProviders.java:152] - Logging Provider: org.jboss.logging.Log4j2LoggerProvider
2024-10-26 14:41:28,629 INFO [background-preinit][Version.java:21] - HV000001: Hibernate Validator 6.1.6.Final
2024-10-26 14:41:28,629 INFO [background-preinit][Version.java:21] - HV000001: Hibernate Validator 6.1.6.Final
2024-10-26 14:41:28,638 DEBUG [background-preinit][ValidationXmlParser.java:120] - Trying to load META-INF/validation.xml for XML based Validator configuration.
2024-10-26 14:41:28,638 DEBUG [background-preinit][ValidationXmlParser.java:120] - Trying to load META-INF/validation.xml for XML based Validator configuration.
2024-10-26 14:41:28,649 DEBUG [background-preinit][ResourceLoaderHelper.java:60] - Trying to load META-INF/validation.xml via TCCL
2024-10-26 14:41:28,649 DEBUG [background-preinit][ResourceLoaderHelper.java:60] - Trying to load META-INF/validation.xml via TCCL
2024-10-26 14:41:28,649 DEBUG [background-preinit][ResourceLoaderHelper.java:66] - Trying to load META-INF/validation.xml via Hibernate Validator's class loader
2024-10-26 14:41:28,649 DEBUG [background-preinit][ResourceLoaderHelper.java:66] - Trying to load META-INF/validation.xml via Hibernate Validator's class loader
2024-10-26 14:41:28,650 DEBUG [background-preinit][ValidationXmlParser.java:127] - No META-INF/validation.xml found. Using annotation based configuration only.
2024-10-26 14:41:28,650 DEBUG [background-preinit][ValidationXmlParser.java:127] - No META-INF/validation.xml found. Using annotation based configuration only.
2024-10-26 14:41:28,654 DEBUG [background-preinit][TraversableResolvers.java:60] - Cannot find javax.persistence.Persistence on classpath. Assuming non JPA 2 environment. All properties will per default be traversable.
2024-10-26 14:41:28,654 DEBUG [background-preinit][TraversableResolvers.java:60] - Cannot find javax.persistence.Persistence on classpath. Assuming non JPA 2 environment. All properties will per default be traversable.
2024-10-26 14:41:28,674 DEBUG [background-preinit][ResourceBundleMessageInterpolator.java:172] - Loaded expression factory via original TCCL
2024-10-26 14:41:28,674 DEBUG [background-preinit][ResourceBundleMessageInterpolator.java:172] - Loaded expression factory via original TCCL
2024-10-26 14:41:28,693 DEBUG [main][PropertySourcesPropertyResolver.java:115] - Found key 'spring.application.name' in PropertySource 'configurationProperties' with value of type String
2024-10-26 14:41:28,693 DEBUG [main][PropertySourcesPropertyResolver.java:115] - Found key 'spring.application.name' in PropertySource 'configurationProperties' with value of type String
2024-10-26 14:41:28,697 DEBUG [main][SpringApplication.java:679] - Loading source class org.springframework.cloud.bootstrap.BootstrapImportSelectorConfiguration
2024-10-26 14:41:28,697 DEBUG [main][SpringApplication.java:679] - Loading source class org.springframework.cloud.bootstrap.BootstrapImportSelectorConfiguration
2024-10-26 14:41:28,718 DEBUG [main][DeferredLog.java:222] - Loaded config file 'file:/D:/itcast2023/xc_edu3.1/code_402/xuecheng-plus-project/xuecheng-plus-content/xuecheng-plus-content-api/target/classes/bootstrap.yml' (classpath:/bootstrap.yml)
2024-10-26 14:41:28,718 DEBUG [main][DeferredLog.java:222] - Loaded config file 'file:/D:/itcast2023/xc_edu3.1/code_402/xuecheng-plus-project/xuecheng-plus-content/xuecheng-plus-content-api/target/classes/bootstrap.yml' (classpath:/bootstrap.yml)
2024-10-26 14:41:28,719 DEBUG [main][AbstractApplicationContext.java:596] - Refreshing org.springframework.context.annotation.AnnotationConfigApplicationContext@72d6b3ba
2024-10-26 14:41:28,719 DEBUG [main][AbstractApplicationContext.java:596] - Refreshing org.springframework.context.annotation.AnnotationConfigApplicationContext@72d6b3ba
2024-10-26 14:41:28,729 DEBUG [main][DefaultSingletonBeanRegistry.java:225] - Creating shared instance of singleton bean 'org.springframework.context.annotation.internalConfigurationAnnotationProcessor'
2024-10-26 14:41:28,729 DEBUG [main][DefaultSingletonBeanRegistry.java:225] - Creating shared instance of singleton bean 'org.springframework.context.annotation.internalConfigurationAnnotationProcessor'
2024-10-26 14:41:28,738 DEBUG [main][DefaultSingletonBeanRegistry.java:225] - Creating shared instance of singleton bean 'org.springframework.boot.autoconfigure.internalCachingMetadataReaderFactory'
2024-10-26 14:41:28,738 DEBUG [main][DefaultSingletonBeanRegistry.java:225] - Creating shared instance of singleton bean 'org.springframework.boot.autoconfigure.internalCachingMetadataReaderFactory'
2024-10-26 14:41:28,813 DEBUG [background-preinit][ValidatorFactoryConfigurationHelper.java:300] - HV000252: Using org.hibernate.validator.internal.engine.DefaultPropertyNodeNameProvider as property node name provider.
2024-10-26 14:41:28,813 DEBUG [background-preinit][ValidatorFactoryConfigurationHelper.java:300] - HV000252: Using org.hibernate.validator.internal.engine.DefaultPropertyNodeNameProvider as property node name provider.
2024-10-26 14:41:28,817 DEBUG [background-preinit][ValidatorFactoryConfigurationHelper.java:375] - HV000234: Using org.hibernate.validator.messageinterpolation.ResourceBundleMessageInterpolator as ValidatorFactory-scoped message interpolator.
2024-10-26 14:41:28,817 DEBUG [background-preinit][ValidatorFactoryConfigurationHelper.java:375] - HV000234: Using org.hibernate.validator.messageinterpolation.ResourceBundleMessageInterpolator as ValidatorFactory-scoped message interpolator.
2024-10-26 14:41:28,818 DEBUG [background-preinit][ValidatorFactoryConfigurationHelper.java:376] - HV000234: Using org.hibernate.validator.internal.engine.resolver.TraverseAllTraversableResolver as ValidatorFactory-scoped traversable resolver.
2024-10-26 14:41:28,818 DEBUG [background-preinit][ValidatorFactoryConfigurationHelper.java:376] - HV000234: Using org.hibernate.validator.internal.engine.resolver.TraverseAllTraversableResolver as ValidatorFactory-scoped traversable resolver.
2024-10-26 14:41:28,818 DEBUG [background-preinit][ValidatorFactoryConfigurationHelper.java:377] - HV000234: Using org.hibernate.validator.internal.util.ExecutableParameterNameProvider as ValidatorFactory-scoped parameter name provider.
2024-10-26 14:41:28,818 DEBUG [background-preinit][ValidatorFactoryConfigurationHelper.java:377] - HV000234: Using org.hibernate.validator.internal.util.ExecutableParameterNameProvider as ValidatorFactory-scoped parameter name provider.
2024-10-26 14:41:28,818 DEBUG [background-preinit][ValidatorFactoryConfigurationHelper.java:378] - HV000234: Using org.hibernate.validator.internal.engine.DefaultClockProvider as ValidatorFactory-scoped clock provider.
2024-10-26 14:41:28,818 DEBUG [background-preinit][ValidatorFactoryConfigurationHelper.java:378] - HV000234: Using org.hibernate.validator.internal.engine.DefaultClockProvider as ValidatorFactory-scoped clock provider.
2024-10-26 14:41:28,818 DEBUG [background-preinit][ValidatorFactoryConfigurationHelper.java:379] - HV000234: Using org.hibernate.validator.internal.engine.scripting.DefaultScriptEvaluatorFactory as ValidatorFactory-scoped script evaluator factory.
2024-10-26 14:41:28,818 DEBUG [background-preinit][ValidatorFactoryConfigurationHelper.java:379] - HV000234: Using org.hibernate.validator.internal.engine.scripting.DefaultScriptEvaluatorFactory as ValidatorFactory-scoped script evaluator factory.
2024-10-26 14:41:28,862 DEBUG [main][DefaultSingletonBeanRegistry.java:225] - Creating shared instance of singleton bean 'propertySourcesPlaceholderConfigurer'
2024-10-26 14:41:28,862 DEBUG [main][DefaultSingletonBeanRegistry.java:225] - Creating shared instance of singleton bean 'propertySourcesPlaceholderConfigurer'
2024-10-26 14:41:28,866 DEBUG [main][DefaultSingletonBeanRegistry.java:225] - Creating shared instance of singleton bean 'org.springframework.context.event.internalEventListenerProcessor'
2024-10-26 14:41:28,866 DEBUG [main][DefaultSingletonBeanRegistry.java:225] - Creating shared instance of singleton bean 'org.springframework.context.event.internalEventListenerProcessor'
2024-10-26 14:41:28,867 DEBUG [main][DefaultSingletonBeanRegistry.java:225] - Creating shared instance of singleton bean 'org.springframework.context.event.internalEventListenerFactory'
2024-10-26 14:41:28,867 DEBUG [main][DefaultSingletonBeanRegistry.java:225] - Creating shared instance of singleton bean 'org.springframework.context.event.internalEventListenerFactory'
2024-10-26 14:41:28,869 DEBUG [main][DefaultSingletonBeanRegistry.java:225] - Creating shared instance of singleton bean 'org.springframework.context.annotation.internalAutowiredAnnotationProcessor'
2024-10-26 14:41:28,869 DEBUG [main][DefaultSingletonBeanRegistry.java:225] - Creating shared instance of singleton bean 'org.springframework.context.annotation.internalAutowiredAnnotationProcessor'
2024-10-26 14:41:28,870 DEBUG [main][DefaultSingletonBeanRegistry.java:225] - Creating shared instance of singleton bean 'org.springframework.context.annotation.internalCommonAnnotationProcessor'
2024-10-26 14:41:28,870 DEBUG [main][DefaultSingletonBeanRegistry.java:225] - Creating shared instance of singleton bean 'org.springframework.context.annotation.internalCommonAnnotationProcessor'
2024-10-26 14:41:28,872 DEBUG [main][DefaultSingletonBeanRegistry.java:225] - Creating shared instance of singleton bean 'org.springframework.boot.context.properties.ConfigurationPropertiesBindingPostProcessor'
2024-10-26 14:41:28,872 DEBUG [main][DefaultSingletonBeanRegistry.java:225] - Creating shared instance of singleton bean 'org.springframework.boot.context.properties.ConfigurationPropertiesBindingPostProcessor'
2024-10-26 14:41:28,872 DEBUG [main][DefaultSingletonBeanRegistry.java:225] - Creating shared instance of singleton bean 'org.springframework.boot.context.internalConfigurationPropertiesBinder'
2024-10-26 14:41:28,872 DEBUG [main][DefaultSingletonBeanRegistry.java:225] - Creating shared instance of singleton bean 'org.springframework.boot.context.internalConfigurationPropertiesBinder'
2024-10-26 14:41:28,872 DEBUG [main][DefaultSingletonBeanRegistry.java:225] - Creating shared instance of singleton bean 'org.springframework.boot.context.internalConfigurationPropertiesBinderFactory'
2024-10-26 14:41:28,872 DEBUG [main][DefaultSingletonBeanRegistry.java:225] - Creating shared instance of singleton bean 'org.springframework.boot.context.internalConfigurationPropertiesBinderFactory'
2024-10-26 14:41:28,874 DEBUG [main][DefaultSingletonBeanRegistry.java:225] - Creating shared instance of singleton bean 'configurationPropertiesBeans'
2024-10-26 14:41:28,874 DEBUG [main][DefaultSingletonBeanRegistry.java:225] - Creating shared instance of singleton bean 'configurationPropertiesBeans'
2024-10-26 14:41:28,880 DEBUG [main][DefaultSingletonBeanRegistry.java:225] - Creating shared instance of singleton bean 'bootstrapImportSelectorConfiguration'
2024-10-26 14:41:28,880 DEBUG [main][DefaultSingletonBeanRegistry.java:225] - Creating shared instance of singleton bean 'bootstrapImportSelectorConfiguration'
2024-10-26 14:41:28,881 DEBUG [main][DefaultSingletonBeanRegistry.java:225] - Creating shared instance of singleton bean 'org.springframework.cloud.bootstrap.config.PropertySourceBootstrapConfiguration'
2024-10-26 14:41:28,881 DEBUG [main][DefaultSingletonBeanRegistry.java:225] - Creating shared instance of singleton bean 'org.springframework.cloud.bootstrap.config.PropertySourceBootstrapConfiguration'
2024-10-26 14:41:28,887 DEBUG [main][DefaultSingletonBeanRegistry.java:225] - Creating shared instance of singleton bean 'org.springframework.boot.context.properties.BoundConfigurationProperties'
2024-10-26 14:41:28,887 DEBUG [main][DefaultSingletonBeanRegistry.java:225] - Creating shared instance of singleton bean 'org.springframework.boot.context.properties.BoundConfigurationProperties'
2024-10-26 14:41:28,887 DEBUG [main][DefaultSingletonBeanRegistry.java:225] - Creating shared instance of singleton bean 'org.springframework.boot.context.properties.ConfigurationBeanFactoryMetadata'
2024-10-26 14:41:28,887 DEBUG [main][DefaultSingletonBeanRegistry.java:225] - Creating shared instance of singleton bean 'org.springframework.boot.context.properties.ConfigurationBeanFactoryMetadata'
2024-10-26 14:41:28,887 DEBUG [main][DefaultSingletonBeanRegistry.java:225] - Creating shared instance of singleton bean 'spring.cloud.config-org.springframework.cloud.bootstrap.config.PropertySourceBootstrapProperties'
2024-10-26 14:41:28,887 DEBUG [main][DefaultSingletonBeanRegistry.java:225] - Creating shared instance of singleton bean 'spring.cloud.config-org.springframework.cloud.bootstrap.config.PropertySourceBootstrapProperties'
2024-10-26 14:41:28,895 DEBUG [main][DefaultSingletonBeanRegistry.java:225] - Creating shared instance of singleton bean 'org.springframework.cloud.bootstrap.encrypt.EncryptionBootstrapConfiguration'
2024-10-26 14:41:28,895 DEBUG [main][DefaultSingletonBeanRegistry.java:225] - Creating shared instance of singleton bean 'org.springframework.cloud.bootstrap.encrypt.EncryptionBootstrapConfiguration'
2024-10-26 14:41:28,897 DEBUG [main][DefaultSingletonBeanRegistry.java:225] - Creating shared instance of singleton bean 'encrypt-org.springframework.cloud.bootstrap.encrypt.KeyProperties'
2024-10-26 14:41:28,897 DEBUG [main][DefaultSingletonBeanRegistry.java:225] - Creating shared instance of singleton bean 'encrypt-org.springframework.cloud.bootstrap.encrypt.KeyProperties'
2024-10-26 14:41:28,899 DEBUG [main][DefaultSingletonBeanRegistry.java:225] - Creating shared instance of singleton bean 'environmentDecryptApplicationListener'
2024-10-26 14:41:28,899 DEBUG [main][DefaultSingletonBeanRegistry.java:225] - Creating shared instance of singleton bean 'environmentDecryptApplicationListener'
2024-10-26 14:41:28,900 DEBUG [main][DefaultSingletonBeanRegistry.java:225] - Creating shared instance of singleton bean 'org.springframework.cloud.autoconfigure.ConfigurationPropertiesRebinderAutoConfiguration'
2024-10-26 14:41:28,900 DEBUG [main][DefaultSingletonBeanRegistry.java:225] - Creating shared instance of singleton bean 'org.springframework.cloud.autoconfigure.ConfigurationPropertiesRebinderAutoConfiguration'
2024-10-26 14:41:28,901 DEBUG [main][DefaultSingletonBeanRegistry.java:225] - Creating shared instance of singleton bean 'configurationPropertiesRebinder'
2024-10-26 14:41:28,901 DEBUG [main][DefaultSingletonBeanRegistry.java:225] - Creating shared instance of singleton bean 'configurationPropertiesRebinder'
2024-10-26 14:41:28,903 DEBUG [main][ConstructorResolver.java:807] - Autowiring by type from bean name 'configurationPropertiesRebinder' via factory method to bean named 'configurationPropertiesBeans'
2024-10-26 14:41:28,903 DEBUG [main][ConstructorResolver.java:807] - Autowiring by type from bean name 'configurationPropertiesRebinder' via factory method to bean named 'configurationPropertiesBeans'
2024-10-26 14:41:28,907 DEBUG [main][DefaultSingletonBeanRegistry.java:225] - Creating shared instance of singleton bean 'org.springframework.boot.autoconfigure.context.PropertyPlaceholderAutoConfiguration'
2024-10-26 14:41:28,907 DEBUG [main][DefaultSingletonBeanRegistry.java:225] - Creating shared instance of singleton bean 'org.springframework.boot.autoconfigure.context.PropertyPlaceholderAutoConfiguration'
2024-10-26 14:41:28,908 DEBUG [main][DefaultSingletonBeanRegistry.java:225] - Creating shared instance of singleton bean 'org.springframework.cloud.util.random.CachedRandomPropertySourceAutoConfiguration'
2024-10-26 14:41:28,908 DEBUG [main][DefaultSingletonBeanRegistry.java:225] - Creating shared instance of singleton bean 'org.springframework.cloud.util.random.CachedRandomPropertySourceAutoConfiguration'
2024-10-26 14:41:28,919 DEBUG [main][ConditionEvaluationReportLoggingListener.java:126] - 


============================
CONDITIONS EVALUATION REPORT
============================


Positive matches:
-----------------

   ConfigurationPropertiesRebinderAutoConfiguration matched:
      - @ConditionalOnBean (types: org.springframework.boot.context.properties.ConfigurationPropertiesBindingPostProcessor; SearchStrategy: all) found bean 'org.springframework.boot.context.properties.ConfigurationPropertiesBindingPostProcessor' (OnBeanCondition)

   ConfigurationPropertiesRebinderAutoConfiguration#configurationPropertiesBeans matched:
      - @ConditionalOnMissingBean (types: org.springframework.cloud.context.properties.ConfigurationPropertiesBeans; SearchStrategy: current) did not find any beans (OnBeanCondition)

   ConfigurationPropertiesRebinderAutoConfiguration#configurationPropertiesRebinder matched:
      - @ConditionalOnMissingBean (types: org.springframework.cloud.context.properties.ConfigurationPropertiesRebinder; SearchStrategy: current) did not find any beans (OnBeanCondition)

   EncryptionBootstrapConfiguration matched:
      - @ConditionalOnClass found required class 'org.springframework.security.crypto.encrypt.TextEncryptor' (OnClassCondition)

   PropertyPlaceholderAutoConfiguration#propertySourcesPlaceholderConfigurer matched:
      - @ConditionalOnMissingBean (types: org.springframework.context.support.PropertySourcesPlaceholderConfigurer; SearchStrategy: current) did not find any beans (OnBeanCondition)


Negative matches:
-----------------

   EncryptionBootstrapConfiguration.RsaEncryptionConfiguration:
      Did not match:
         - @ConditionalOnClass did not find required class 'org.springframework.security.rsa.crypto.RsaSecretEncryptor' (OnClassCondition)

   EncryptionBootstrapConfiguration.VanillaEncryptionConfiguration:
      Did not match:
         - Keystore nor key found in Environment (EncryptionBootstrapConfiguration.KeyCondition)
      Matched:
         - @ConditionalOnMissingClass did not find unwanted class 'org.springframework.security.rsa.crypto.RsaSecretEncryptor' (OnClassCondition)


Exclusions:
-----------

    None


Unconditional classes:
----------------------

    None



2024-10-26 14:41:28,919 DEBUG [main][ConditionEvaluationReportLoggingListener.java:126] - 


============================
CONDITIONS EVALUATION REPORT
============================


Positive matches:
-----------------

   ConfigurationPropertiesRebinderAutoConfiguration matched:
      - @ConditionalOnBean (types: org.springframework.boot.context.properties.ConfigurationPropertiesBindingPostProcessor; SearchStrategy: all) found bean 'org.springframework.boot.context.properties.ConfigurationPropertiesBindingPostProcessor' (OnBeanCondition)

   ConfigurationPropertiesRebinderAutoConfiguration#configurationPropertiesBeans matched:
      - @ConditionalOnMissingBean (types: org.springframework.cloud.context.properties.ConfigurationPropertiesBeans; SearchStrategy: current) did not find any beans (OnBeanCondition)

   ConfigurationPropertiesRebinderAutoConfiguration#configurationPropertiesRebinder matched:
      - @ConditionalOnMissingBean (types: org.springframework.cloud.context.properties.ConfigurationPropertiesRebinder; SearchStrategy: current) did not find any beans (OnBeanCondition)

   EncryptionBootstrapConfiguration matched:
      - @ConditionalOnClass found required class 'org.springframework.security.crypto.encrypt.TextEncryptor' (OnClassCondition)

   PropertyPlaceholderAutoConfiguration#propertySourcesPlaceholderConfigurer matched:
      - @ConditionalOnMissingBean (types: org.springframework.context.support.PropertySourcesPlaceholderConfigurer; SearchStrategy: current) did not find any beans (OnBeanCondition)


Negative matches:
-----------------

   EncryptionBootstrapConfiguration.RsaEncryptionConfiguration:
      Did not match:
         - @ConditionalOnClass did not find required class 'org.springframework.security.rsa.crypto.RsaSecretEncryptor' (OnClassCondition)

   EncryptionBootstrapConfiguration.VanillaEncryptionConfiguration:
      Did not match:
         - Keystore nor key found in Environment (EncryptionBootstrapConfiguration.KeyCondition)
      Matched:
         - @ConditionalOnMissingClass did not find unwanted class 'org.springframework.security.rsa.crypto.RsaSecretEncryptor' (OnClassCondition)


Exclusions:
-----------

    None


Unconditional classes:
----------------------

    None



2024-10-26 14:41:28,920 DEBUG [main][PropertySourcesPropertyResolver.java:115] - Found key 'spring.liveBeansView.mbeanDomain' in PropertySource 'systemProperties' with value of type String
2024-10-26 14:41:28,920 DEBUG [main][PropertySourcesPropertyResolver.java:115] - Found key 'spring.liveBeansView.mbeanDomain' in PropertySource 'systemProperties' with value of type String
2024-10-26 14:41:28,963 DEBUG [main][ClasspathLoggingApplicationListener.java:51] - Application started with classpath: [file:/C:/Program%20Files/Java/jdk1.8.0_202/jre/lib/charsets.jar, file:/C:/Program%20Files/Java/jdk1.8.0_202/jre/lib/deploy.jar, file:/C:/Program%20Files/Java/jdk1.8.0_202/jre/lib/ext/access-bridge-64.jar, file:/C:/Program%20Files/Java/jdk1.8.0_202/jre/lib/ext/cldrdata.jar, file:/C:/Program%20Files/Java/jdk1.8.0_202/jre/lib/ext/dnsns.jar, file:/C:/Program%20Files/Java/jdk1.8.0_202/jre/lib/ext/jaccess.jar, file:/C:/Program%20Files/Java/jdk1.8.0_202/jre/lib/ext/jfxrt.jar, file:/C:/Program%20Files/Java/jdk1.8.0_202/jre/lib/ext/localedata.jar, file:/C:/Program%20Files/Java/jdk1.8.0_202/jre/lib/ext/nashorn.jar, file:/C:/Program%20Files/Java/jdk1.8.0_202/jre/lib/ext/sunec.jar, file:/C:/Program%20Files/Java/jdk1.8.0_202/jre/lib/ext/sunjce_provider.jar, file:/C:/Program%20Files/Java/jdk1.8.0_202/jre/lib/ext/sunmscapi.jar, file:/C:/Program%20Files/Java/jdk1.8.0_202/jre/lib/ext/sunpkcs11.jar, file:/C:/Program%20Files/Java/jdk1.8.0_202/jre/lib/ext/zipfs.jar, file:/C:/Program%20Files/Java/jdk1.8.0_202/jre/lib/javaws.jar, file:/C:/Program%20Files/Java/jdk1.8.0_202/jre/lib/jce.jar, file:/C:/Program%20Files/Java/jdk1.8.0_202/jre/lib/jfr.jar, file:/C:/Program%20Files/Java/jdk1.8.0_202/jre/lib/jfxswt.jar, file:/C:/Program%20Files/Java/jdk1.8.0_202/jre/lib/jsse.jar, file:/C:/Program%20Files/Java/jdk1.8.0_202/jre/lib/management-agent.jar, file:/C:/Program%20Files/Java/jdk1.8.0_202/jre/lib/plugin.jar, file:/C:/Program%20Files/Java/jdk1.8.0_202/jre/lib/resources.jar, file:/C:/Program%20Files/Java/jdk1.8.0_202/jre/lib/rt.jar, file:/D:/itcast2023/xc_edu3.1/code_402/xuecheng-plus-project/xuecheng-plus-content/xuecheng-plus-content-api/target/classes/, file:/D:/itcast2023/xc_edu3.1/code_402/xuecheng-plus-project/xuecheng-plus-content/xuecheng-plus-content-model/target/classes/, file:/D:/develop/repository/com/baomidou/mybatis-plus-annotation/3.4.1/mybatis-plus-annotation-3.4.1.jar, file:/D:/develop/repository/com/baomidou/mybatis-plus-core/3.4.1/mybatis-plus-core-3.4.1.jar, file:/D:/develop/repository/com/github/jsqlparser/jsqlparser/3.2/jsqlparser-3.2.jar, file:/D:/develop/repository/org/mybatis/mybatis/3.5.6/mybatis-3.5.6.jar, file:/D:/develop/repository/org/springframework/cloud/spring-cloud-context/2.2.6.RELEASE/spring-cloud-context-2.2.6.RELEASE.jar, file:/D:/develop/repository/org/springframework/security/spring-security-crypto/5.3.6.RELEASE/spring-security-crypto-5.3.6.RELEASE.jar, file:/D:/develop/repository/org/springframework/boot/spring-boot-starter-web/2.3.7.RELEASE/spring-boot-starter-web-2.3.7.RELEASE.jar, file:/D:/develop/repository/org/springframework/boot/spring-boot-starter-json/2.3.7.RELEASE/spring-boot-starter-json-2.3.7.RELEASE.jar, file:/D:/develop/repository/com/fasterxml/jackson/core/jackson-databind/2.11.3/jackson-databind-2.11.3.jar, file:/D:/develop/repository/org/springframework/boot/spring-boot-starter-tomcat/2.3.7.RELEASE/spring-boot-starter-tomcat-2.3.7.RELEASE.jar, file:/D:/develop/repository/org/apache/tomcat/embed/tomcat-embed-core/9.0.41/tomcat-embed-core-9.0.41.jar, file:/D:/develop/repository/org/apache/tomcat/embed/tomcat-embed-websocket/9.0.41/tomcat-embed-websocket-9.0.41.jar, file:/D:/develop/repository/org/springframework/spring-web/5.2.12.RELEASE/spring-web-5.2.12.RELEASE.jar, file:/D:/develop/repository/org/springframework/spring-beans/5.2.12.RELEASE/spring-beans-5.2.12.RELEASE.jar, file:/D:/develop/repository/org/springframework/spring-webmvc/5.2.12.RELEASE/spring-webmvc-5.2.12.RELEASE.jar, file:/D:/develop/repository/org/springframework/spring-aop/5.2.12.RELEASE/spring-aop-5.2.12.RELEASE.jar, file:/D:/develop/repository/org/springframework/spring-context/5.2.12.RELEASE/spring-context-5.2.12.RELEASE.jar, file:/D:/develop/repository/org/springframework/spring-expression/5.2.12.RELEASE/spring-expression-5.2.12.RELEASE.jar, file:/D:/develop/repository/org/springframework/boot/spring-boot-starter/2.3.7.RELEASE/spring-boot-starter-2.3.7.RELEASE.jar, file:/D:/develop/repository/org/springframework/boot/spring-boot/2.3.7.RELEASE/spring-boot-2.3.7.RELEASE.jar, file:/D:/develop/repository/org/springframework/boot/spring-boot-autoconfigure/2.3.7.RELEASE/spring-boot-autoconfigure-2.3.7.RELEASE.jar, file:/D:/develop/repository/jakarta/annotation/jakarta.annotation-api/1.3.5/jakarta.annotation-api-1.3.5.jar, file:/D:/develop/repository/org/springframework/spring-core/5.2.12.RELEASE/spring-core-5.2.12.RELEASE.jar, file:/D:/develop/repository/org/springframework/spring-jcl/5.2.12.RELEASE/spring-jcl-5.2.12.RELEASE.jar, file:/D:/develop/repository/org/yaml/snakeyaml/1.26/snakeyaml-1.26.jar, file:/D:/develop/repository/org/springframework/boot/spring-boot-starter-validation/2.3.7.RELEASE/spring-boot-starter-validation-2.3.7.RELEASE.jar, file:/D:/develop/repository/org/glassfish/jakarta.el/3.0.3/jakarta.el-3.0.3.jar, file:/D:/develop/repository/org/hibernate/validator/hibernate-validator/6.1.6.Final/hibernate-validator-6.1.6.Final.jar, file:/D:/develop/repository/jakarta/validation/jakarta.validation-api/2.0.2/jakarta.validation-api-2.0.2.jar, file:/D:/develop/repository/org/jboss/logging/jboss-logging/3.4.1.Final/jboss-logging-3.4.1.Final.jar, file:/D:/develop/repository/com/fasterxml/classmate/1.5.1/classmate-1.5.1.jar, file:/D:/develop/repository/org/springframework/boot/spring-boot-starter-log4j2/2.3.7.RELEASE/spring-boot-starter-log4j2-2.3.7.RELEASE.jar, file:/D:/develop/repository/org/apache/logging/log4j/log4j-slf4j-impl/2.13.3/log4j-slf4j-impl-2.13.3.jar, file:/D:/develop/repository/org/slf4j/slf4j-api/1.7.30/slf4j-api-1.7.30.jar, file:/D:/develop/repository/org/apache/logging/log4j/log4j-api/2.13.3/log4j-api-2.13.3.jar, file:/D:/develop/repository/org/apache/logging/log4j/log4j-core/2.13.3/log4j-core-2.13.3.jar, file:/D:/develop/repository/org/apache/logging/log4j/log4j-jul/2.13.3/log4j-jul-2.13.3.jar, file:/D:/develop/repository/org/slf4j/jul-to-slf4j/1.7.30/jul-to-slf4j-1.7.30.jar, file:/D:/develop/repository/com/spring4all/swagger-spring-boot-starter/1.9.0.RELEASE/swagger-spring-boot-starter-1.9.0.RELEASE.jar, file:/D:/develop/repository/io/springfox/springfox-swagger-ui/2.9.2/springfox-swagger-ui-2.9.2.jar, file:/D:/develop/repository/io/springfox/springfox-spring-web/2.9.2/springfox-spring-web-2.9.2.jar, file:/D:/develop/repository/io/springfox/springfox-swagger2/2.9.2/springfox-swagger2-2.9.2.jar, file:/D:/develop/repository/io/swagger/swagger-models/1.5.20/swagger-models-1.5.20.jar, file:/D:/develop/repository/io/springfox/springfox-spi/2.9.2/springfox-spi-2.9.2.jar, file:/D:/develop/repository/io/springfox/springfox-core/2.9.2/springfox-core-2.9.2.jar, file:/D:/develop/repository/net/bytebuddy/byte-buddy/1.10.18/byte-buddy-1.10.18.jar, file:/D:/develop/repository/io/springfox/springfox-schema/2.9.2/springfox-schema-2.9.2.jar, file:/D:/develop/repository/io/springfox/springfox-swagger-common/2.9.2/springfox-swagger-common-2.9.2.jar, file:/D:/develop/repository/com/google/guava/guava/25.0-jre/guava-25.0-jre.jar, file:/D:/develop/repository/com/google/code/findbugs/jsr305/1.3.9/jsr305-1.3.9.jar, file:/D:/develop/repository/org/checkerframework/checker-compat-qual/2.0.0/checker-compat-qual-2.0.0.jar, file:/D:/develop/repository/com/google/errorprone/error_prone_annotations/2.1.3/error_prone_annotations-2.1.3.jar, file:/D:/develop/repository/com/google/j2objc/j2objc-annotations/1.1/j2objc-annotations-1.1.jar, file:/D:/develop/repository/org/codehaus/mojo/animal-sniffer-annotations/1.14/animal-sniffer-annotations-1.14.jar, file:/D:/develop/repository/org/springframework/plugin/spring-plugin-core/1.2.0.RELEASE/spring-plugin-core-1.2.0.RELEASE.jar, file:/D:/develop/repository/org/springframework/plugin/spring-plugin-metadata/1.2.0.RELEASE/spring-plugin-metadata-1.2.0.RELEASE.jar, file:/D:/develop/repository/org/mapstruct/mapstruct/1.2.0.Final/mapstruct-1.2.0.Final.jar, file:/D:/develop/repository/io/springfox/springfox-bean-validators/2.9.2/springfox-bean-validators-2.9.2.jar, file:/D:/itcast2023/xc_edu3.1/code_402/xuecheng-plus-project/xuecheng-plus-base/target/classes/, file:/D:/develop/repository/org/projectlombok/lombok/1.18.8/lombok-1.18.8.jar, file:/D:/develop/repository/org/apache/commons/commons-lang3/3.10/commons-lang3-3.10.jar, file:/D:/develop/repository/com/alibaba/fastjson/1.2.83/fastjson-1.2.83.jar, file:/D:/develop/repository/commons-lang/commons-lang/2.6/commons-lang-2.6.jar, file:/D:/develop/repository/commons-codec/commons-codec/1.14/commons-codec-1.14.jar, file:/D:/develop/repository/io/swagger/swagger-annotations/1.5.20/swagger-annotations-1.5.20.jar, file:/D:/develop/repository/com/j256/simplemagic/simplemagic/1.17/simplemagic-1.17.jar, file:/D:/develop/repository/com/google/zxing/core/3.3.3/core-3.3.3.jar, file:/D:/develop/repository/com/google/zxing/javase/3.3.3/javase-3.3.3.jar, file:/D:/develop/repository/com/beust/jcommander/1.72/jcommander-1.72.jar, file:/D:/develop/repository/com/github/jai-imageio/jai-imageio-core/1.4.0/jai-imageio-core-1.4.0.jar, file:/D:/develop/repository/com/fasterxml/jackson/module/jackson-module-parameter-names/2.11.3/jackson-module-parameter-names-2.11.3.jar, file:/D:/develop/repository/com/fasterxml/jackson/core/jackson-core/2.11.3/jackson-core-2.11.3.jar, file:/D:/develop/repository/com/fasterxml/jackson/datatype/jackson-datatype-jdk8/2.11.3/jackson-datatype-jdk8-2.11.3.jar, file:/D:/develop/repository/com/fasterxml/jackson/datatype/jackson-datatype-jsr310/2.11.3/jackson-datatype-jsr310-2.11.3.jar, file:/D:/develop/repository/com/fasterxml/jackson/core/jackson-annotations/2.11.3/jackson-annotations-2.11.3.jar, file:/D:/IntelliJ%20IDEA%202022.2.3/lib/idea_rt.jar]
2024-10-26 14:41:28,963 DEBUG [main][ClasspathLoggingApplicationListener.java:51] - Application started with classpath: [file:/C:/Program%20Files/Java/jdk1.8.0_202/jre/lib/charsets.jar, file:/C:/Program%20Files/Java/jdk1.8.0_202/jre/lib/deploy.jar, file:/C:/Program%20Files/Java/jdk1.8.0_202/jre/lib/ext/access-bridge-64.jar, file:/C:/Program%20Files/Java/jdk1.8.0_202/jre/lib/ext/cldrdata.jar, file:/C:/Program%20Files/Java/jdk1.8.0_202/jre/lib/ext/dnsns.jar, file:/C:/Program%20Files/Java/jdk1.8.0_202/jre/lib/ext/jaccess.jar, file:/C:/Program%20Files/Java/jdk1.8.0_202/jre/lib/ext/jfxrt.jar, file:/C:/Program%20Files/Java/jdk1.8.0_202/jre/lib/ext/localedata.jar, file:/C:/Program%20Files/Java/jdk1.8.0_202/jre/lib/ext/nashorn.jar, file:/C:/Program%20Files/Java/jdk1.8.0_202/jre/lib/ext/sunec.jar, file:/C:/Program%20Files/Java/jdk1.8.0_202/jre/lib/ext/sunjce_provider.jar, file:/C:/Program%20Files/Java/jdk1.8.0_202/jre/lib/ext/sunmscapi.jar, file:/C:/Program%20Files/Java/jdk1.8.0_202/jre/lib/ext/sunpkcs11.jar, file:/C:/Program%20Files/Java/jdk1.8.0_202/jre/lib/ext/zipfs.jar, file:/C:/Program%20Files/Java/jdk1.8.0_202/jre/lib/javaws.jar, file:/C:/Program%20Files/Java/jdk1.8.0_202/jre/lib/jce.jar, file:/C:/Program%20Files/Java/jdk1.8.0_202/jre/lib/jfr.jar, file:/C:/Program%20Files/Java/jdk1.8.0_202/jre/lib/jfxswt.jar, file:/C:/Program%20Files/Java/jdk1.8.0_202/jre/lib/jsse.jar, file:/C:/Program%20Files/Java/jdk1.8.0_202/jre/lib/management-agent.jar, file:/C:/Program%20Files/Java/jdk1.8.0_202/jre/lib/plugin.jar, file:/C:/Program%20Files/Java/jdk1.8.0_202/jre/lib/resources.jar, file:/C:/Program%20Files/Java/jdk1.8.0_202/jre/lib/rt.jar, file:/D:/itcast2023/xc_edu3.1/code_402/xuecheng-plus-project/xuecheng-plus-content/xuecheng-plus-content-api/target/classes/, file:/D:/itcast2023/xc_edu3.1/code_402/xuecheng-plus-project/xuecheng-plus-content/xuecheng-plus-content-model/target/classes/, file:/D:/develop/repository/com/baomidou/mybatis-plus-annotation/3.4.1/mybatis-plus-annotation-3.4.1.jar, file:/D:/develop/repository/com/baomidou/mybatis-plus-core/3.4.1/mybatis-plus-core-3.4.1.jar, file:/D:/develop/repository/com/github/jsqlparser/jsqlparser/3.2/jsqlparser-3.2.jar, file:/D:/develop/repository/org/mybatis/mybatis/3.5.6/mybatis-3.5.6.jar, file:/D:/develop/repository/org/springframework/cloud/spring-cloud-context/2.2.6.RELEASE/spring-cloud-context-2.2.6.RELEASE.jar, file:/D:/develop/repository/org/springframework/security/spring-security-crypto/5.3.6.RELEASE/spring-security-crypto-5.3.6.RELEASE.jar, file:/D:/develop/repository/org/springframework/boot/spring-boot-starter-web/2.3.7.RELEASE/spring-boot-starter-web-2.3.7.RELEASE.jar, file:/D:/develop/repository/org/springframework/boot/spring-boot-starter-json/2.3.7.RELEASE/spring-boot-starter-json-2.3.7.RELEASE.jar, file:/D:/develop/repository/com/fasterxml/jackson/core/jackson-databind/2.11.3/jackson-databind-2.11.3.jar, file:/D:/develop/repository/org/springframework/boot/spring-boot-starter-tomcat/2.3.7.RELEASE/spring-boot-starter-tomcat-2.3.7.RELEASE.jar, file:/D:/develop/repository/org/apache/tomcat/embed/tomcat-embed-core/9.0.41/tomcat-embed-core-9.0.41.jar, file:/D:/develop/repository/org/apache/tomcat/embed/tomcat-embed-websocket/9.0.41/tomcat-embed-websocket-9.0.41.jar, file:/D:/develop/repository/org/springframework/spring-web/5.2.12.RELEASE/spring-web-5.2.12.RELEASE.jar, file:/D:/develop/repository/org/springframework/spring-beans/5.2.12.RELEASE/spring-beans-5.2.12.RELEASE.jar, file:/D:/develop/repository/org/springframework/spring-webmvc/5.2.12.RELEASE/spring-webmvc-5.2.12.RELEASE.jar, file:/D:/develop/repository/org/springframework/spring-aop/5.2.12.RELEASE/spring-aop-5.2.12.RELEASE.jar, file:/D:/develop/repository/org/springframework/spring-context/5.2.12.RELEASE/spring-context-5.2.12.RELEASE.jar, file:/D:/develop/repository/org/springframework/spring-expression/5.2.12.RELEASE/spring-expression-5.2.12.RELEASE.jar, file:/D:/develop/repository/org/springframework/boot/spring-boot-starter/2.3.7.RELEASE/spring-boot-starter-2.3.7.RELEASE.jar, file:/D:/develop/repository/org/springframework/boot/spring-boot/2.3.7.RELEASE/spring-boot-2.3.7.RELEASE.jar, file:/D:/develop/repository/org/springframework/boot/spring-boot-autoconfigure/2.3.7.RELEASE/spring-boot-autoconfigure-2.3.7.RELEASE.jar, file:/D:/develop/repository/jakarta/annotation/jakarta.annotation-api/1.3.5/jakarta.annotation-api-1.3.5.jar, file:/D:/develop/repository/org/springframework/spring-core/5.2.12.RELEASE/spring-core-5.2.12.RELEASE.jar, file:/D:/develop/repository/org/springframework/spring-jcl/5.2.12.RELEASE/spring-jcl-5.2.12.RELEASE.jar, file:/D:/develop/repository/org/yaml/snakeyaml/1.26/snakeyaml-1.26.jar, file:/D:/develop/repository/org/springframework/boot/spring-boot-starter-validation/2.3.7.RELEASE/spring-boot-starter-validation-2.3.7.RELEASE.jar, file:/D:/develop/repository/org/glassfish/jakarta.el/3.0.3/jakarta.el-3.0.3.jar, file:/D:/develop/repository/org/hibernate/validator/hibernate-validator/6.1.6.Final/hibernate-validator-6.1.6.Final.jar, file:/D:/develop/repository/jakarta/validation/jakarta.validation-api/2.0.2/jakarta.validation-api-2.0.2.jar, file:/D:/develop/repository/org/jboss/logging/jboss-logging/3.4.1.Final/jboss-logging-3.4.1.Final.jar, file:/D:/develop/repository/com/fasterxml/classmate/1.5.1/classmate-1.5.1.jar, file:/D:/develop/repository/org/springframework/boot/spring-boot-starter-log4j2/2.3.7.RELEASE/spring-boot-starter-log4j2-2.3.7.RELEASE.jar, file:/D:/develop/repository/org/apache/logging/log4j/log4j-slf4j-impl/2.13.3/log4j-slf4j-impl-2.13.3.jar, file:/D:/develop/repository/org/slf4j/slf4j-api/1.7.30/slf4j-api-1.7.30.jar, file:/D:/develop/repository/org/apache/logging/log4j/log4j-api/2.13.3/log4j-api-2.13.3.jar, file:/D:/develop/repository/org/apache/logging/log4j/log4j-core/2.13.3/log4j-core-2.13.3.jar, file:/D:/develop/repository/org/apache/logging/log4j/log4j-jul/2.13.3/log4j-jul-2.13.3.jar, file:/D:/develop/repository/org/slf4j/jul-to-slf4j/1.7.30/jul-to-slf4j-1.7.30.jar, file:/D:/develop/repository/com/spring4all/swagger-spring-boot-starter/1.9.0.RELEASE/swagger-spring-boot-starter-1.9.0.RELEASE.jar, file:/D:/develop/repository/io/springfox/springfox-swagger-ui/2.9.2/springfox-swagger-ui-2.9.2.jar, file:/D:/develop/repository/io/springfox/springfox-spring-web/2.9.2/springfox-spring-web-2.9.2.jar, file:/D:/develop/repository/io/springfox/springfox-swagger2/2.9.2/springfox-swagger2-2.9.2.jar, file:/D:/develop/repository/io/swagger/swagger-models/1.5.20/swagger-models-1.5.20.jar, file:/D:/develop/repository/io/springfox/springfox-spi/2.9.2/springfox-spi-2.9.2.jar, file:/D:/develop/repository/io/springfox/springfox-core/2.9.2/springfox-core-2.9.2.jar, file:/D:/develop/repository/net/bytebuddy/byte-buddy/1.10.18/byte-buddy-1.10.18.jar, file:/D:/develop/repository/io/springfox/springfox-schema/2.9.2/springfox-schema-2.9.2.jar, file:/D:/develop/repository/io/springfox/springfox-swagger-common/2.9.2/springfox-swagger-common-2.9.2.jar, file:/D:/develop/repository/com/google/guava/guava/25.0-jre/guava-25.0-jre.jar, file:/D:/develop/repository/com/google/code/findbugs/jsr305/1.3.9/jsr305-1.3.9.jar, file:/D:/develop/repository/org/checkerframework/checker-compat-qual/2.0.0/checker-compat-qual-2.0.0.jar, file:/D:/develop/repository/com/google/errorprone/error_prone_annotations/2.1.3/error_prone_annotations-2.1.3.jar, file:/D:/develop/repository/com/google/j2objc/j2objc-annotations/1.1/j2objc-annotations-1.1.jar, file:/D:/develop/repository/org/codehaus/mojo/animal-sniffer-annotations/1.14/animal-sniffer-annotations-1.14.jar, file:/D:/develop/repository/org/springframework/plugin/spring-plugin-core/1.2.0.RELEASE/spring-plugin-core-1.2.0.RELEASE.jar, file:/D:/develop/repository/org/springframework/plugin/spring-plugin-metadata/1.2.0.RELEASE/spring-plugin-metadata-1.2.0.RELEASE.jar, file:/D:/develop/repository/org/mapstruct/mapstruct/1.2.0.Final/mapstruct-1.2.0.Final.jar, file:/D:/develop/repository/io/springfox/springfox-bean-validators/2.9.2/springfox-bean-validators-2.9.2.jar, file:/D:/itcast2023/xc_edu3.1/code_402/xuecheng-plus-project/xuecheng-plus-base/target/classes/, file:/D:/develop/repository/org/projectlombok/lombok/1.18.8/lombok-1.18.8.jar, file:/D:/develop/repository/org/apache/commons/commons-lang3/3.10/commons-lang3-3.10.jar, file:/D:/develop/repository/com/alibaba/fastjson/1.2.83/fastjson-1.2.83.jar, file:/D:/develop/repository/commons-lang/commons-lang/2.6/commons-lang-2.6.jar, file:/D:/develop/repository/commons-codec/commons-codec/1.14/commons-codec-1.14.jar, file:/D:/develop/repository/io/swagger/swagger-annotations/1.5.20/swagger-annotations-1.5.20.jar, file:/D:/develop/repository/com/j256/simplemagic/simplemagic/1.17/simplemagic-1.17.jar, file:/D:/develop/repository/com/google/zxing/core/3.3.3/core-3.3.3.jar, file:/D:/develop/repository/com/google/zxing/javase/3.3.3/javase-3.3.3.jar, file:/D:/develop/repository/com/beust/jcommander/1.72/jcommander-1.72.jar, file:/D:/develop/repository/com/github/jai-imageio/jai-imageio-core/1.4.0/jai-imageio-core-1.4.0.jar, file:/D:/develop/repository/com/fasterxml/jackson/module/jackson-module-parameter-names/2.11.3/jackson-module-parameter-names-2.11.3.jar, file:/D:/develop/repository/com/fasterxml/jackson/core/jackson-core/2.11.3/jackson-core-2.11.3.jar, file:/D:/develop/repository/com/fasterxml/jackson/datatype/jackson-datatype-jdk8/2.11.3/jackson-datatype-jdk8-2.11.3.jar, file:/D:/develop/repository/com/fasterxml/jackson/datatype/jackson-datatype-jsr310/2.11.3/jackson-datatype-jsr310-2.11.3.jar, file:/D:/develop/repository/com/fasterxml/jackson/core/jackson-annotations/2.11.3/jackson-annotations-2.11.3.jar, file:/D:/IntelliJ%20IDEA%202022.2.3/lib/idea_rt.jar]
2024-10-26 14:41:28,973 INFO [main][SpringApplication.java:651] - No active profile set, falling back to default profiles: default
2024-10-26 14:41:28,973 INFO [main][SpringApplication.java:651] - No active profile set, falling back to default profiles: default
2024-10-26 14:41:28,974 DEBUG [main][SpringApplication.java:679] - Loading source class com.xuecheng.ContentApplication,class org.springframework.cloud.bootstrap.BootstrapApplicationListener$BootstrapMarkerConfiguration
2024-10-26 14:41:28,974 DEBUG [main][SpringApplication.java:679] - Loading source class com.xuecheng.ContentApplication,class org.springframework.cloud.bootstrap.BootstrapApplicationListener$BootstrapMarkerConfiguration
2024-10-26 14:41:28,983 DEBUG [main][AbstractApplicationContext.java:596] - Refreshing org.springframework.boot.web.servlet.context.AnnotationConfigServletWebServerApplicationContext@14dda234
2024-10-26 14:41:28,983 DEBUG [main][AbstractApplicationContext.java:596] - Refreshing org.springframework.boot.web.servlet.context.AnnotationConfigServletWebServerApplicationContext@14dda234
2024-10-26 14:41:28,988 DEBUG [main][DefaultSingletonBeanRegistry.java:225] - Creating shared instance of singleton bean 'org.springframework.context.annotation.internalConfigurationAnnotationProcessor'
2024-10-26 14:41:28,988 DEBUG [main][DefaultSingletonBeanRegistry.java:225] - Creating shared instance of singleton bean 'org.springframework.context.annotation.internalConfigurationAnnotationProcessor'
2024-10-26 14:41:28,989 DEBUG [main][DefaultSingletonBeanRegistry.java:225] - Creating shared instance of singleton bean 'org.springframework.boot.autoconfigure.internalCachingMetadataReaderFactory'
2024-10-26 14:41:28,989 DEBUG [main][DefaultSingletonBeanRegistry.java:225] - Creating shared instance of singleton bean 'org.springframework.boot.autoconfigure.internalCachingMetadataReaderFactory'
2024-10-26 14:41:29,004 DEBUG [main][ClassPathScanningCandidateComponentProvider.java:435] - Identified candidate component class: file [D:\itcast2023\xc_edu3.1\code_402\xuecheng-plus-project\xuecheng-plus-content\xuecheng-plus-content-api\target\classes\com\xuecheng\content\api\CourseBaseInfoController.class]
2024-10-26 14:41:29,004 DEBUG [main][ClassPathScanningCandidateComponentProvider.java:435] - Identified candidate component class: file [D:\itcast2023\xc_edu3.1\code_402\xuecheng-plus-project\xuecheng-plus-content\xuecheng-plus-content-api\target\classes\com\xuecheng\content\api\CourseBaseInfoController.class]
2024-10-26 14:41:29,123 DEBUG [main][PropertySourcesPropertyResolver.java:115] - Found key 'spring.jmx.enabled' in PropertySource 'configurationProperties' with value of type String
2024-10-26 14:41:29,123 DEBUG [main][PropertySourcesPropertyResolver.java:115] - Found key 'spring.jmx.enabled' in PropertySource 'configurationProperties' with value of type String
2024-10-26 14:41:29,125 DEBUG [main][PropertySourcesPropertyResolver.java:115] - Found key 'spring.application.admin.enabled' in PropertySource 'configurationProperties' with value of type String
2024-10-26 14:41:29,125 DEBUG [main][PropertySourcesPropertyResolver.java:115] - Found key 'spring.application.admin.enabled' in PropertySource 'configurationProperties' with value of type String
2024-10-26 14:41:29,226 DEBUG [main][PropertySourcesPropertyResolver.java:115] - Found key 'spring.jmx.enabled' in PropertySource 'configurationProperties' with value of type String
2024-10-26 14:41:29,226 DEBUG [main][PropertySourcesPropertyResolver.java:115] - Found key 'spring.jmx.enabled' in PropertySource 'configurationProperties' with value of type String
2024-10-26 14:41:29,231 DEBUG [main][PropertySourcesPropertyResolver.java:115] - Found key 'spring.application.admin.enabled' in PropertySource 'configurationProperties' with value of type String
2024-10-26 14:41:29,231 DEBUG [main][PropertySourcesPropertyResolver.java:115] - Found key 'spring.application.admin.enabled' in PropertySource 'configurationProperties' with value of type String
2024-10-26 14:41:29,270 DEBUG [main][DefaultSingletonBeanRegistry.java:225] - Creating shared instance of singleton bean 'refreshScope'
2024-10-26 14:41:29,270 DEBUG [main][DefaultSingletonBeanRegistry.java:225] - Creating shared instance of singleton bean 'refreshScope'
2024-10-26 14:41:29,271 DEBUG [main][DefaultSingletonBeanRegistry.java:225] - Creating shared instance of singleton bean 'org.springframework.cloud.autoconfigure.RefreshAutoConfiguration$RefreshScopeBeanDefinitionEnhancer'
2024-10-26 14:41:29,271 DEBUG [main][DefaultSingletonBeanRegistry.java:225] - Creating shared instance of singleton bean 'org.springframework.cloud.autoconfigure.RefreshAutoConfiguration$RefreshScopeBeanDefinitionEnhancer'
2024-10-26 14:41:29,309 DEBUG [main][GenericScope.java:291] - Generating bean factory id from names: [applicationAvailability, applicationTaskExecutor, basicErrorController, beanNameHandlerMapping, beanNameViewResolver, bootstrapApplicationListener.BootstrapMarkerConfiguration, characterEncodingFilter, configurationPropertiesBeans, configurationPropertiesRebinder, contentApplication, contextRefresher, conventionErrorViewResolver, courseBaseInfoController, defaultServletHandlerMapping, defaultValidator, defaultViewResolver, dispatcherServlet, dispatcherServletRegistration, environmentManager, error, errorAttributes, errorPageCustomizer, errorPageRegistrarBeanPostProcessor, formContentFilter, handlerExceptionResolver, handlerFunctionAdapter, httpRequestHandlerAdapter, jacksonObjectMapper, jacksonObjectMapperBuilder, jsonComponentModule, lifecycleProcessor, localeCharsetMappingsCustomizer, loggingRebinder, mappingJackson2HttpMessageConverter, mbeanExporter, mbeanServer, messageConverters, methodValidationPostProcessor, multipartConfigElement, multipartResolver, mvcContentNegotiationManager, mvcConversionService, mvcHandlerMappingIntrospector, mvcPathMatcher, mvcResourceUrlProvider, mvcUriComponentsContributor, mvcUrlPathHelper, mvcValidator, mvcViewResolver, objectNamingStrategy, org.springframework.boot.autoconfigure.AutoConfigurationPackages, org.springframework.boot.autoconfigure.admin.SpringApplicationAdminJmxAutoConfiguration, org.springframework.boot.autoconfigure.aop.AopAutoConfiguration, org.springframework.boot.autoconfigure.aop.AopAutoConfiguration$ClassProxyingConfiguration, org.springframework.boot.autoconfigure.availability.ApplicationAvailabilityAutoConfiguration, org.springframework.boot.autoconfigure.context.ConfigurationPropertiesAutoConfiguration, org.springframework.boot.autoconfigure.context.LifecycleAutoConfiguration, org.springframework.boot.autoconfigure.context.PropertyPlaceholderAutoConfiguration, org.springframework.boot.autoconfigure.http.HttpMessageConvertersAutoConfiguration, org.springframework.boot.autoconfigure.http.HttpMessageConvertersAutoConfiguration$StringHttpMessageConverterConfiguration, org.springframework.boot.autoconfigure.http.JacksonHttpMessageConvertersConfiguration, org.springframework.boot.autoconfigure.http.JacksonHttpMessageConvertersConfiguration$MappingJackson2HttpMessageConverterConfiguration, org.springframework.boot.autoconfigure.info.ProjectInfoAutoConfiguration, org.springframework.boot.autoconfigure.internalCachingMetadataReaderFactory, org.springframework.boot.autoconfigure.jackson.JacksonAutoConfiguration, org.springframework.boot.autoconfigure.jackson.JacksonAutoConfiguration$Jackson2ObjectMapperBuilderCustomizerConfiguration, org.springframework.boot.autoconfigure.jackson.JacksonAutoConfiguration$JacksonObjectMapperBuilderConfiguration, org.springframework.boot.autoconfigure.jackson.JacksonAutoConfiguration$JacksonObjectMapperConfiguration, org.springframework.boot.autoconfigure.jackson.JacksonAutoConfiguration$ParameterNamesModuleConfiguration, org.springframework.boot.autoconfigure.jmx.JmxAutoConfiguration, org.springframework.boot.autoconfigure.task.TaskExecutionAutoConfiguration, org.springframework.boot.autoconfigure.task.TaskSchedulingAutoConfiguration, org.springframework.boot.autoconfigure.validation.ValidationAutoConfiguration, org.springframework.boot.autoconfigure.web.client.RestTemplateAutoConfiguration, org.springframework.boot.autoconfigure.web.embedded.EmbeddedWebServerFactoryCustomizerAutoConfiguration, org.springframework.boot.autoconfigure.web.embedded.EmbeddedWebServerFactoryCustomizerAutoConfiguration$TomcatWebServerFactoryCustomizerConfiguration, org.springframework.boot.autoconfigure.web.servlet.DispatcherServletAutoConfiguration, org.springframework.boot.autoconfigure.web.servlet.DispatcherServletAutoConfiguration$DispatcherServletConfiguration, org.springframework.boot.autoconfigure.web.servlet.DispatcherServletAutoConfiguration$DispatcherServletRegistrationConfiguration, org.springframework.boot.autoconfigure.web.servlet.HttpEncodingAutoConfiguration, org.springframework.boot.autoconfigure.web.servlet.MultipartAutoConfiguration, org.springframework.boot.autoconfigure.web.servlet.ServletWebServerFactoryAutoConfiguration, org.springframework.boot.autoconfigure.web.servlet.ServletWebServerFactoryConfiguration$EmbeddedTomcat, org.springframework.boot.autoconfigure.web.servlet.WebMvcAutoConfiguration, org.springframework.boot.autoconfigure.web.servlet.WebMvcAutoConfiguration$EnableWebMvcConfiguration, org.springframework.boot.autoconfigure.web.servlet.WebMvcAutoConfiguration$WebMvcAutoConfigurationAdapter, org.springframework.boot.autoconfigure.web.servlet.error.ErrorMvcAutoConfiguration, org.springframework.boot.autoconfigure.web.servlet.error.ErrorMvcAutoConfiguration$DefaultErrorViewResolverConfiguration, org.springframework.boot.autoconfigure.web.servlet.error.ErrorMvcAutoConfiguration$WhitelabelErrorViewConfiguration, org.springframework.boot.autoconfigure.websocket.servlet.WebSocketServletAutoConfiguration, org.springframework.boot.autoconfigure.websocket.servlet.WebSocketServletAutoConfiguration$TomcatWebSocketConfiguration, org.springframework.boot.context.internalConfigurationPropertiesBinder, org.springframework.boot.context.internalConfigurationPropertiesBinderFactory, org.springframework.boot.context.properties.BoundConfigurationProperties, org.springframework.boot.context.properties.ConfigurationBeanFactoryMetadata, org.springframework.boot.context.properties.ConfigurationPropertiesBindingPostProcessor, org.springframework.cloud.autoconfigure.ConfigurationPropertiesRebinderAutoConfiguration, org.springframework.cloud.autoconfigure.LifecycleMvcEndpointAutoConfiguration, org.springframework.cloud.autoconfigure.RefreshAutoConfiguration, org.springframework.cloud.autoconfigure.RefreshAutoConfiguration$RefreshScopeBeanDefinitionEnhancer, org.springframework.context.annotation.internalAutowiredAnnotationProcessor, org.springframework.context.annotation.internalCommonAnnotationProcessor, org.springframework.context.annotation.internalConfigurationAnnotationProcessor, org.springframework.context.event.internalEventListenerFactory, org.springframework.context.event.internalEventListenerProcessor, parameterNamesModule, preserveErrorControllerTargetClassPostProcessor, propertySourcesPlaceholderConfigurer, refreshEventListener, refreshScope, requestContextFilter, requestMappingHandlerAdapter, requestMappingHandlerMapping, resourceHandlerMapping, restTemplateBuilder, routerFunctionMapping, server-org.springframework.boot.autoconfigure.web.ServerProperties, servletWebServerFactoryCustomizer, simpleControllerHandlerAdapter, spring.info-org.springframework.boot.autoconfigure.info.ProjectInfoProperties, spring.jackson-org.springframework.boot.autoconfigure.jackson.JacksonProperties, spring.lifecycle-org.springframework.boot.autoconfigure.context.LifecycleProperties, spring.mvc-org.springframework.boot.autoconfigure.web.servlet.WebMvcProperties, spring.resources-org.springframework.boot.autoconfigure.web.ResourceProperties, spring.servlet.multipart-org.springframework.boot.autoconfigure.web.servlet.MultipartProperties, spring.task.execution-org.springframework.boot.autoconfigure.task.TaskExecutionProperties, spring.task.scheduling-org.springframework.boot.autoconfigure.task.TaskSchedulingProperties, springApplicationAdminRegistrar, standardJacksonObjectMapperBuilderCustomizer, stringHttpMessageConverter, taskExecutorBuilder, taskSchedulerBuilder, tomcatServletWebServerFactory, tomcatServletWebServerFactoryCustomizer, tomcatWebServerFactoryCustomizer, viewControllerHandlerMapping, viewResolver, webServerFactoryCustomizerBeanPostProcessor, websocketServletWebServerCustomizer, welcomePageHandlerMapping]
2024-10-26 14:41:29,309 DEBUG [main][GenericScope.java:291] - Generating bean factory id from names: [applicationAvailability, applicationTaskExecutor, basicErrorController, beanNameHandlerMapping, beanNameViewResolver, bootstrapApplicationListener.BootstrapMarkerConfiguration, characterEncodingFilter, configurationPropertiesBeans, configurationPropertiesRebinder, contentApplication, contextRefresher, conventionErrorViewResolver, courseBaseInfoController, defaultServletHandlerMapping, defaultValidator, defaultViewResolver, dispatcherServlet, dispatcherServletRegistration, environmentManager, error, errorAttributes, errorPageCustomizer, errorPageRegistrarBeanPostProcessor, formContentFilter, handlerExceptionResolver, handlerFunctionAdapter, httpRequestHandlerAdapter, jacksonObjectMapper, jacksonObjectMapperBuilder, jsonComponentModule, lifecycleProcessor, localeCharsetMappingsCustomizer, loggingRebinder, mappingJackson2HttpMessageConverter, mbeanExporter, mbeanServer, messageConverters, methodValidationPostProcessor, multipartConfigElement, multipartResolver, mvcContentNegotiationManager, mvcConversionService, mvcHandlerMappingIntrospector, mvcPathMatcher, mvcResourceUrlProvider, mvcUriComponentsContributor, mvcUrlPathHelper, mvcValidator, mvcViewResolver, objectNamingStrategy, org.springframework.boot.autoconfigure.AutoConfigurationPackages, org.springframework.boot.autoconfigure.admin.SpringApplicationAdminJmxAutoConfiguration, org.springframework.boot.autoconfigure.aop.AopAutoConfiguration, org.springframework.boot.autoconfigure.aop.AopAutoConfiguration$ClassProxyingConfiguration, org.springframework.boot.autoconfigure.availability.ApplicationAvailabilityAutoConfiguration, org.springframework.boot.autoconfigure.context.ConfigurationPropertiesAutoConfiguration, org.springframework.boot.autoconfigure.context.LifecycleAutoConfiguration, org.springframework.boot.autoconfigure.context.PropertyPlaceholderAutoConfiguration, org.springframework.boot.autoconfigure.http.HttpMessageConvertersAutoConfiguration, org.springframework.boot.autoconfigure.http.HttpMessageConvertersAutoConfiguration$StringHttpMessageConverterConfiguration, org.springframework.boot.autoconfigure.http.JacksonHttpMessageConvertersConfiguration, org.springframework.boot.autoconfigure.http.JacksonHttpMessageConvertersConfiguration$MappingJackson2HttpMessageConverterConfiguration, org.springframework.boot.autoconfigure.info.ProjectInfoAutoConfiguration, org.springframework.boot.autoconfigure.internalCachingMetadataReaderFactory, org.springframework.boot.autoconfigure.jackson.JacksonAutoConfiguration, org.springframework.boot.autoconfigure.jackson.JacksonAutoConfiguration$Jackson2ObjectMapperBuilderCustomizerConfiguration, org.springframework.boot.autoconfigure.jackson.JacksonAutoConfiguration$JacksonObjectMapperBuilderConfiguration, org.springframework.boot.autoconfigure.jackson.JacksonAutoConfiguration$JacksonObjectMapperConfiguration, org.springframework.boot.autoconfigure.jackson.JacksonAutoConfiguration$ParameterNamesModuleConfiguration, org.springframework.boot.autoconfigure.jmx.JmxAutoConfiguration, org.springframework.boot.autoconfigure.task.TaskExecutionAutoConfiguration, org.springframework.boot.autoconfigure.task.TaskSchedulingAutoConfiguration, org.springframework.boot.autoconfigure.validation.ValidationAutoConfiguration, org.springframework.boot.autoconfigure.web.client.RestTemplateAutoConfiguration, org.springframework.boot.autoconfigure.web.embedded.EmbeddedWebServerFactoryCustomizerAutoConfiguration, org.springframework.boot.autoconfigure.web.embedded.EmbeddedWebServerFactoryCustomizerAutoConfiguration$TomcatWebServerFactoryCustomizerConfiguration, org.springframework.boot.autoconfigure.web.servlet.DispatcherServletAutoConfiguration, org.springframework.boot.autoconfigure.web.servlet.DispatcherServletAutoConfiguration$DispatcherServletConfiguration, org.springframework.boot.autoconfigure.web.servlet.DispatcherServletAutoConfiguration$DispatcherServletRegistrationConfiguration, org.springframework.boot.autoconfigure.web.servlet.HttpEncodingAutoConfiguration, org.springframework.boot.autoconfigure.web.servlet.MultipartAutoConfiguration, org.springframework.boot.autoconfigure.web.servlet.ServletWebServerFactoryAutoConfiguration, org.springframework.boot.autoconfigure.web.servlet.ServletWebServerFactoryConfiguration$EmbeddedTomcat, org.springframework.boot.autoconfigure.web.servlet.WebMvcAutoConfiguration, org.springframework.boot.autoconfigure.web.servlet.WebMvcAutoConfiguration$EnableWebMvcConfiguration, org.springframework.boot.autoconfigure.web.servlet.WebMvcAutoConfiguration$WebMvcAutoConfigurationAdapter, org.springframework.boot.autoconfigure.web.servlet.error.ErrorMvcAutoConfiguration, org.springframework.boot.autoconfigure.web.servlet.error.ErrorMvcAutoConfiguration$DefaultErrorViewResolverConfiguration, org.springframework.boot.autoconfigure.web.servlet.error.ErrorMvcAutoConfiguration$WhitelabelErrorViewConfiguration, org.springframework.boot.autoconfigure.websocket.servlet.WebSocketServletAutoConfiguration, org.springframework.boot.autoconfigure.websocket.servlet.WebSocketServletAutoConfiguration$TomcatWebSocketConfiguration, org.springframework.boot.context.internalConfigurationPropertiesBinder, org.springframework.boot.context.internalConfigurationPropertiesBinderFactory, org.springframework.boot.context.properties.BoundConfigurationProperties, org.springframework.boot.context.properties.ConfigurationBeanFactoryMetadata, org.springframework.boot.context.properties.ConfigurationPropertiesBindingPostProcessor, org.springframework.cloud.autoconfigure.ConfigurationPropertiesRebinderAutoConfiguration, org.springframework.cloud.autoconfigure.LifecycleMvcEndpointAutoConfiguration, org.springframework.cloud.autoconfigure.RefreshAutoConfiguration, org.springframework.cloud.autoconfigure.RefreshAutoConfiguration$RefreshScopeBeanDefinitionEnhancer, org.springframework.context.annotation.internalAutowiredAnnotationProcessor, org.springframework.context.annotation.internalCommonAnnotationProcessor, org.springframework.context.annotation.internalConfigurationAnnotationProcessor, org.springframework.context.event.internalEventListenerFactory, org.springframework.context.event.internalEventListenerProcessor, parameterNamesModule, preserveErrorControllerTargetClassPostProcessor, propertySourcesPlaceholderConfigurer, refreshEventListener, refreshScope, requestContextFilter, requestMappingHandlerAdapter, requestMappingHandlerMapping, resourceHandlerMapping, restTemplateBuilder, routerFunctionMapping, server-org.springframework.boot.autoconfigure.web.ServerProperties, servletWebServerFactoryCustomizer, simpleControllerHandlerAdapter, spring.info-org.springframework.boot.autoconfigure.info.ProjectInfoProperties, spring.jackson-org.springframework.boot.autoconfigure.jackson.JacksonProperties, spring.lifecycle-org.springframework.boot.autoconfigure.context.LifecycleProperties, spring.mvc-org.springframework.boot.autoconfigure.web.servlet.WebMvcProperties, spring.resources-org.springframework.boot.autoconfigure.web.ResourceProperties, spring.servlet.multipart-org.springframework.boot.autoconfigure.web.servlet.MultipartProperties, spring.task.execution-org.springframework.boot.autoconfigure.task.TaskExecutionProperties, spring.task.scheduling-org.springframework.boot.autoconfigure.task.TaskSchedulingProperties, springApplicationAdminRegistrar, standardJacksonObjectMapperBuilderCustomizer, stringHttpMessageConverter, taskExecutorBuilder, taskSchedulerBuilder, tomcatServletWebServerFactory, tomcatServletWebServerFactoryCustomizer, tomcatWebServerFactoryCustomizer, viewControllerHandlerMapping, viewResolver, webServerFactoryCustomizerBeanPostProcessor, websocketServletWebServerCustomizer, welcomePageHandlerMapping]
2024-10-26 14:41:29,310 INFO [main][GenericScope.java:295] - BeanFactory id=42542b52-65e0-300c-a703-0e8102bfc45d
2024-10-26 14:41:29,310 INFO [main][GenericScope.java:295] - BeanFactory id=42542b52-65e0-300c-a703-0e8102bfc45d
2024-10-26 14:41:29,311 DEBUG [main][DefaultSingletonBeanRegistry.java:225] - Creating shared instance of singleton bean 'propertySourcesPlaceholderConfigurer'
2024-10-26 14:41:29,311 DEBUG [main][DefaultSingletonBeanRegistry.java:225] - Creating shared instance of singleton bean 'propertySourcesPlaceholderConfigurer'
2024-10-26 14:41:29,312 DEBUG [main][DefaultSingletonBeanRegistry.java:225] - Creating shared instance of singleton bean 'org.springframework.context.event.internalEventListenerProcessor'
2024-10-26 14:41:29,312 DEBUG [main][DefaultSingletonBeanRegistry.java:225] - Creating shared instance of singleton bean 'org.springframework.context.event.internalEventListenerProcessor'
2024-10-26 14:41:29,313 DEBUG [main][DefaultSingletonBeanRegistry.java:225] - Creating shared instance of singleton bean 'preserveErrorControllerTargetClassPostProcessor'
2024-10-26 14:41:29,313 DEBUG [main][DefaultSingletonBeanRegistry.java:225] - Creating shared instance of singleton bean 'preserveErrorControllerTargetClassPostProcessor'
2024-10-26 14:41:29,313 DEBUG [main][DefaultSingletonBeanRegistry.java:225] - Creating shared instance of singleton bean 'org.springframework.context.event.internalEventListenerFactory'
2024-10-26 14:41:29,313 DEBUG [main][DefaultSingletonBeanRegistry.java:225] - Creating shared instance of singleton bean 'org.springframework.context.event.internalEventListenerFactory'
2024-10-26 14:41:29,315 DEBUG [main][DefaultSingletonBeanRegistry.java:225] - Creating shared instance of singleton bean 'org.springframework.context.annotation.internalAutowiredAnnotationProcessor'
2024-10-26 14:41:29,315 DEBUG [main][DefaultSingletonBeanRegistry.java:225] - Creating shared instance of singleton bean 'org.springframework.context.annotation.internalAutowiredAnnotationProcessor'
2024-10-26 14:41:29,316 DEBUG [main][DefaultSingletonBeanRegistry.java:225] - Creating shared instance of singleton bean 'org.springframework.context.annotation.internalCommonAnnotationProcessor'
2024-10-26 14:41:29,316 DEBUG [main][DefaultSingletonBeanRegistry.java:225] - Creating shared instance of singleton bean 'org.springframework.context.annotation.internalCommonAnnotationProcessor'
2024-10-26 14:41:29,316 DEBUG [main][DefaultSingletonBeanRegistry.java:225] - Creating shared instance of singleton bean 'org.springframework.boot.context.properties.ConfigurationPropertiesBindingPostProcessor'
2024-10-26 14:41:29,316 DEBUG [main][DefaultSingletonBeanRegistry.java:225] - Creating shared instance of singleton bean 'org.springframework.boot.context.properties.ConfigurationPropertiesBindingPostProcessor'
2024-10-26 14:41:29,316 DEBUG [main][DefaultSingletonBeanRegistry.java:225] - Creating shared instance of singleton bean 'org.springframework.boot.context.internalConfigurationPropertiesBinder'
2024-10-26 14:41:29,316 DEBUG [main][DefaultSingletonBeanRegistry.java:225] - Creating shared instance of singleton bean 'org.springframework.boot.context.internalConfigurationPropertiesBinder'
2024-10-26 14:41:29,316 DEBUG [main][DefaultSingletonBeanRegistry.java:225] - Creating shared instance of singleton bean 'org.springframework.boot.context.internalConfigurationPropertiesBinderFactory'
2024-10-26 14:41:29,316 DEBUG [main][DefaultSingletonBeanRegistry.java:225] - Creating shared instance of singleton bean 'org.springframework.boot.context.internalConfigurationPropertiesBinderFactory'
2024-10-26 14:41:29,317 DEBUG [main][DefaultSingletonBeanRegistry.java:225] - Creating shared instance of singleton bean 'methodValidationPostProcessor'
2024-10-26 14:41:29,317 DEBUG [main][DefaultSingletonBeanRegistry.java:225] - Creating shared instance of singleton bean 'methodValidationPostProcessor'
2024-10-26 14:41:29,323 DEBUG [main][ConstructorResolver.java:807] - Autowiring by type from bean name 'methodValidationPostProcessor' via factory method to bean named 'environment'
2024-10-26 14:41:29,323 DEBUG [main][ConstructorResolver.java:807] - Autowiring by type from bean name 'methodValidationPostProcessor' via factory method to bean named 'environment'
2024-10-26 14:41:29,329 DEBUG [main][DefaultSingletonBeanRegistry.java:225] - Creating shared instance of singleton bean 'webServerFactoryCustomizerBeanPostProcessor'
2024-10-26 14:41:29,329 DEBUG [main][DefaultSingletonBeanRegistry.java:225] - Creating shared instance of singleton bean 'webServerFactoryCustomizerBeanPostProcessor'
2024-10-26 14:41:29,329 DEBUG [main][DefaultSingletonBeanRegistry.java:225] - Creating shared instance of singleton bean 'errorPageRegistrarBeanPostProcessor'
2024-10-26 14:41:29,329 DEBUG [main][DefaultSingletonBeanRegistry.java:225] - Creating shared instance of singleton bean 'errorPageRegistrarBeanPostProcessor'
2024-10-26 14:41:29,330 DEBUG [main][DefaultSingletonBeanRegistry.java:225] - Creating shared instance of singleton bean 'configurationPropertiesBeans'
2024-10-26 14:41:29,330 DEBUG [main][DefaultSingletonBeanRegistry.java:225] - Creating shared instance of singleton bean 'configurationPropertiesBeans'
2024-10-26 14:41:29,332 DEBUG [main][UiApplicationContextUtils.java:85] - Unable to locate ThemeSource with name 'themeSource': using default [org.springframework.ui.context.support.ResourceBundleThemeSource@6c2f1700]
2024-10-26 14:41:29,332 DEBUG [main][UiApplicationContextUtils.java:85] - Unable to locate ThemeSource with name 'themeSource': using default [org.springframework.ui.context.support.ResourceBundleThemeSource@6c2f1700]
2024-10-26 14:41:29,333 DEBUG [main][DefaultSingletonBeanRegistry.java:225] - Creating shared instance of singleton bean 'tomcatServletWebServerFactory'
2024-10-26 14:41:29,333 DEBUG [main][DefaultSingletonBeanRegistry.java:225] - Creating shared instance of singleton bean 'tomcatServletWebServerFactory'
2024-10-26 14:41:29,333 DEBUG [main][DefaultSingletonBeanRegistry.java:225] - Creating shared instance of singleton bean 'org.springframework.boot.autoconfigure.web.servlet.ServletWebServerFactoryConfiguration$EmbeddedTomcat'
2024-10-26 14:41:29,333 DEBUG [main][DefaultSingletonBeanRegistry.java:225] - Creating shared instance of singleton bean 'org.springframework.boot.autoconfigure.web.servlet.ServletWebServerFactoryConfiguration$EmbeddedTomcat'
2024-10-26 14:41:29,361 DEBUG [main][DefaultSingletonBeanRegistry.java:225] - Creating shared instance of singleton bean 'websocketServletWebServerCustomizer'
2024-10-26 14:41:29,361 DEBUG [main][DefaultSingletonBeanRegistry.java:225] - Creating shared instance of singleton bean 'websocketServletWebServerCustomizer'
2024-10-26 14:41:29,361 DEBUG [main][DefaultSingletonBeanRegistry.java:225] - Creating shared instance of singleton bean 'org.springframework.boot.autoconfigure.websocket.servlet.WebSocketServletAutoConfiguration$TomcatWebSocketConfiguration'
2024-10-26 14:41:29,361 DEBUG [main][DefaultSingletonBeanRegistry.java:225] - Creating shared instance of singleton bean 'org.springframework.boot.autoconfigure.websocket.servlet.WebSocketServletAutoConfiguration$TomcatWebSocketConfiguration'
2024-10-26 14:41:29,362 DEBUG [main][DefaultSingletonBeanRegistry.java:225] - Creating shared instance of singleton bean 'servletWebServerFactoryCustomizer'
2024-10-26 14:41:29,362 DEBUG [main][DefaultSingletonBeanRegistry.java:225] - Creating shared instance of singleton bean 'servletWebServerFactoryCustomizer'
2024-10-26 14:41:29,362 DEBUG [main][DefaultSingletonBeanRegistry.java:225] - Creating shared instance of singleton bean 'org.springframework.boot.autoconfigure.web.servlet.ServletWebServerFactoryAutoConfiguration'
2024-10-26 14:41:29,362 DEBUG [main][DefaultSingletonBeanRegistry.java:225] - Creating shared instance of singleton bean 'org.springframework.boot.autoconfigure.web.servlet.ServletWebServerFactoryAutoConfiguration'
2024-10-26 14:41:29,364 DEBUG [main][DefaultSingletonBeanRegistry.java:225] - Creating shared instance of singleton bean 'server-org.springframework.boot.autoconfigure.web.ServerProperties'
2024-10-26 14:41:29,364 DEBUG [main][DefaultSingletonBeanRegistry.java:225] - Creating shared instance of singleton bean 'server-org.springframework.boot.autoconfigure.web.ServerProperties'
2024-10-26 14:41:29,376 DEBUG [main][DefaultSingletonBeanRegistry.java:225] - Creating shared instance of singleton bean 'org.springframework.boot.context.properties.BoundConfigurationProperties'
2024-10-26 14:41:29,376 DEBUG [main][DefaultSingletonBeanRegistry.java:225] - Creating shared instance of singleton bean 'org.springframework.boot.context.properties.BoundConfigurationProperties'
2024-10-26 14:41:29,381 DEBUG [main][ConstructorResolver.java:807] - Autowiring by type from bean name 'servletWebServerFactoryCustomizer' via factory method to bean named 'server-org.springframework.boot.autoconfigure.web.ServerProperties'
2024-10-26 14:41:29,381 DEBUG [main][ConstructorResolver.java:807] - Autowiring by type from bean name 'servletWebServerFactoryCustomizer' via factory method to bean named 'server-org.springframework.boot.autoconfigure.web.ServerProperties'
2024-10-26 14:41:29,382 DEBUG [main][DefaultSingletonBeanRegistry.java:225] - Creating shared instance of singleton bean 'tomcatServletWebServerFactoryCustomizer'
2024-10-26 14:41:29,382 DEBUG [main][DefaultSingletonBeanRegistry.java:225] - Creating shared instance of singleton bean 'tomcatServletWebServerFactoryCustomizer'
2024-10-26 14:41:29,383 DEBUG [main][ConstructorResolver.java:807] - Autowiring by type from bean name 'tomcatServletWebServerFactoryCustomizer' via factory method to bean named 'server-org.springframework.boot.autoconfigure.web.ServerProperties'
2024-10-26 14:41:29,383 DEBUG [main][ConstructorResolver.java:807] - Autowiring by type from bean name 'tomcatServletWebServerFactoryCustomizer' via factory method to bean named 'server-org.springframework.boot.autoconfigure.web.ServerProperties'
2024-10-26 14:41:29,383 DEBUG [main][DefaultSingletonBeanRegistry.java:225] - Creating shared instance of singleton bean 'tomcatWebServerFactoryCustomizer'
2024-10-26 14:41:29,383 DEBUG [main][DefaultSingletonBeanRegistry.java:225] - Creating shared instance of singleton bean 'tomcatWebServerFactoryCustomizer'
2024-10-26 14:41:29,384 DEBUG [main][DefaultSingletonBeanRegistry.java:225] - Creating shared instance of singleton bean 'org.springframework.boot.autoconfigure.web.embedded.EmbeddedWebServerFactoryCustomizerAutoConfiguration$TomcatWebServerFactoryCustomizerConfiguration'
2024-10-26 14:41:29,384 DEBUG [main][DefaultSingletonBeanRegistry.java:225] - Creating shared instance of singleton bean 'org.springframework.boot.autoconfigure.web.embedded.EmbeddedWebServerFactoryCustomizerAutoConfiguration$TomcatWebServerFactoryCustomizerConfiguration'
2024-10-26 14:41:29,385 DEBUG [main][ConstructorResolver.java:807] - Autowiring by type from bean name 'tomcatWebServerFactoryCustomizer' via factory method to bean named 'environment'
2024-10-26 14:41:29,385 DEBUG [main][ConstructorResolver.java:807] - Autowiring by type from bean name 'tomcatWebServerFactoryCustomizer' via factory method to bean named 'environment'
2024-10-26 14:41:29,385 DEBUG [main][ConstructorResolver.java:807] - Autowiring by type from bean name 'tomcatWebServerFactoryCustomizer' via factory method to bean named 'server-org.springframework.boot.autoconfigure.web.ServerProperties'
2024-10-26 14:41:29,385 DEBUG [main][ConstructorResolver.java:807] - Autowiring by type from bean name 'tomcatWebServerFactoryCustomizer' via factory method to bean named 'server-org.springframework.boot.autoconfigure.web.ServerProperties'
2024-10-26 14:41:29,386 DEBUG [main][DefaultSingletonBeanRegistry.java:225] - Creating shared instance of singleton bean 'localeCharsetMappingsCustomizer'
2024-10-26 14:41:29,386 DEBUG [main][DefaultSingletonBeanRegistry.java:225] - Creating shared instance of singleton bean 'localeCharsetMappingsCustomizer'
2024-10-26 14:41:29,387 DEBUG [main][DefaultSingletonBeanRegistry.java:225] - Creating shared instance of singleton bean 'org.springframework.boot.autoconfigure.web.servlet.HttpEncodingAutoConfiguration'
2024-10-26 14:41:29,387 DEBUG [main][DefaultSingletonBeanRegistry.java:225] - Creating shared instance of singleton bean 'org.springframework.boot.autoconfigure.web.servlet.HttpEncodingAutoConfiguration'
2024-10-26 14:41:29,390 DEBUG [main][ConstructorResolver.java:807] - Autowiring by type from bean name 'org.springframework.boot.autoconfigure.web.servlet.HttpEncodingAutoConfiguration' via constructor to bean named 'server-org.springframework.boot.autoconfigure.web.ServerProperties'
2024-10-26 14:41:29,390 DEBUG [main][ConstructorResolver.java:807] - Autowiring by type from bean name 'org.springframework.boot.autoconfigure.web.servlet.HttpEncodingAutoConfiguration' via constructor to bean named 'server-org.springframework.boot.autoconfigure.web.ServerProperties'
2024-10-26 14:41:29,412 DEBUG [main][DefaultSingletonBeanRegistry.java:225] - Creating shared instance of singleton bean 'errorPageCustomizer'
2024-10-26 14:41:29,412 DEBUG [main][DefaultSingletonBeanRegistry.java:225] - Creating shared instance of singleton bean 'errorPageCustomizer'
2024-10-26 14:41:29,413 DEBUG [main][DefaultSingletonBeanRegistry.java:225] - Creating shared instance of singleton bean 'org.springframework.boot.autoconfigure.web.servlet.error.ErrorMvcAutoConfiguration'
2024-10-26 14:41:29,413 DEBUG [main][DefaultSingletonBeanRegistry.java:225] - Creating shared instance of singleton bean 'org.springframework.boot.autoconfigure.web.servlet.error.ErrorMvcAutoConfiguration'
2024-10-26 14:41:29,414 DEBUG [main][ConstructorResolver.java:807] - Autowiring by type from bean name 'org.springframework.boot.autoconfigure.web.servlet.error.ErrorMvcAutoConfiguration' via constructor to bean named 'server-org.springframework.boot.autoconfigure.web.ServerProperties'
2024-10-26 14:41:29,414 DEBUG [main][ConstructorResolver.java:807] - Autowiring by type from bean name 'org.springframework.boot.autoconfigure.web.servlet.error.ErrorMvcAutoConfiguration' via constructor to bean named 'server-org.springframework.boot.autoconfigure.web.ServerProperties'
2024-10-26 14:41:29,416 DEBUG [main][DefaultSingletonBeanRegistry.java:225] - Creating shared instance of singleton bean 'dispatcherServletRegistration'
2024-10-26 14:41:29,416 DEBUG [main][DefaultSingletonBeanRegistry.java:225] - Creating shared instance of singleton bean 'dispatcherServletRegistration'
2024-10-26 14:41:29,417 DEBUG [main][DefaultSingletonBeanRegistry.java:225] - Creating shared instance of singleton bean 'org.springframework.boot.autoconfigure.web.servlet.DispatcherServletAutoConfiguration$DispatcherServletRegistrationConfiguration'
2024-10-26 14:41:29,417 DEBUG [main][DefaultSingletonBeanRegistry.java:225] - Creating shared instance of singleton bean 'org.springframework.boot.autoconfigure.web.servlet.DispatcherServletAutoConfiguration$DispatcherServletRegistrationConfiguration'
2024-10-26 14:41:29,418 DEBUG [main][DefaultSingletonBeanRegistry.java:225] - Creating shared instance of singleton bean 'dispatcherServlet'
2024-10-26 14:41:29,418 DEBUG [main][DefaultSingletonBeanRegistry.java:225] - Creating shared instance of singleton bean 'dispatcherServlet'
2024-10-26 14:41:29,419 DEBUG [main][DefaultSingletonBeanRegistry.java:225] - Creating shared instance of singleton bean 'org.springframework.boot.autoconfigure.web.servlet.DispatcherServletAutoConfiguration$DispatcherServletConfiguration'
2024-10-26 14:41:29,419 DEBUG [main][DefaultSingletonBeanRegistry.java:225] - Creating shared instance of singleton bean 'org.springframework.boot.autoconfigure.web.servlet.DispatcherServletAutoConfiguration$DispatcherServletConfiguration'
2024-10-26 14:41:29,420 DEBUG [main][DefaultSingletonBeanRegistry.java:225] - Creating shared instance of singleton bean 'spring.mvc-org.springframework.boot.autoconfigure.web.servlet.WebMvcProperties'
2024-10-26 14:41:29,420 DEBUG [main][DefaultSingletonBeanRegistry.java:225] - Creating shared instance of singleton bean 'spring.mvc-org.springframework.boot.autoconfigure.web.servlet.WebMvcProperties'
2024-10-26 14:41:29,424 DEBUG [main][ConstructorResolver.java:807] - Autowiring by type from bean name 'dispatcherServlet' via factory method to bean named 'spring.mvc-org.springframework.boot.autoconfigure.web.servlet.WebMvcProperties'
2024-10-26 14:41:29,424 DEBUG [main][ConstructorResolver.java:807] - Autowiring by type from bean name 'dispatcherServlet' via factory method to bean named 'spring.mvc-org.springframework.boot.autoconfigure.web.servlet.WebMvcProperties'
2024-10-26 14:41:29,432 DEBUG [main][ConstructorResolver.java:807] - Autowiring by type from bean name 'dispatcherServletRegistration' via factory method to bean named 'dispatcherServlet'
2024-10-26 14:41:29,432 DEBUG [main][ConstructorResolver.java:807] - Autowiring by type from bean name 'dispatcherServletRegistration' via factory method to bean named 'dispatcherServlet'
2024-10-26 14:41:29,432 DEBUG [main][ConstructorResolver.java:807] - Autowiring by type from bean name 'dispatcherServletRegistration' via factory method to bean named 'spring.mvc-org.springframework.boot.autoconfigure.web.servlet.WebMvcProperties'
2024-10-26 14:41:29,432 DEBUG [main][ConstructorResolver.java:807] - Autowiring by type from bean name 'dispatcherServletRegistration' via factory method to bean named 'spring.mvc-org.springframework.boot.autoconfigure.web.servlet.WebMvcProperties'
2024-10-26 14:41:29,434 DEBUG [main][DefaultSingletonBeanRegistry.java:225] - Creating shared instance of singleton bean 'multipartConfigElement'
2024-10-26 14:41:29,434 DEBUG [main][DefaultSingletonBeanRegistry.java:225] - Creating shared instance of singleton bean 'multipartConfigElement'
2024-10-26 14:41:29,434 DEBUG [main][DefaultSingletonBeanRegistry.java:225] - Creating shared instance of singleton bean 'org.springframework.boot.autoconfigure.web.servlet.MultipartAutoConfiguration'
2024-10-26 14:41:29,434 DEBUG [main][DefaultSingletonBeanRegistry.java:225] - Creating shared instance of singleton bean 'org.springframework.boot.autoconfigure.web.servlet.MultipartAutoConfiguration'
2024-10-26 14:41:29,435 DEBUG [main][DefaultSingletonBeanRegistry.java:225] - Creating shared instance of singleton bean 'spring.servlet.multipart-org.springframework.boot.autoconfigure.web.servlet.MultipartProperties'
2024-10-26 14:41:29,435 DEBUG [main][DefaultSingletonBeanRegistry.java:225] - Creating shared instance of singleton bean 'spring.servlet.multipart-org.springframework.boot.autoconfigure.web.servlet.MultipartProperties'
2024-10-26 14:41:29,438 DEBUG [main][ConstructorResolver.java:807] - Autowiring by type from bean name 'org.springframework.boot.autoconfigure.web.servlet.MultipartAutoConfiguration' via constructor to bean named 'spring.servlet.multipart-org.springframework.boot.autoconfigure.web.servlet.MultipartProperties'
2024-10-26 14:41:29,438 DEBUG [main][ConstructorResolver.java:807] - Autowiring by type from bean name 'org.springframework.boot.autoconfigure.web.servlet.MultipartAutoConfiguration' via constructor to bean named 'spring.servlet.multipart-org.springframework.boot.autoconfigure.web.servlet.MultipartProperties'
2024-10-26 14:41:29,441 DEBUG [main][ConstructorResolver.java:807] - Autowiring by type from bean name 'errorPageCustomizer' via factory method to bean named 'dispatcherServletRegistration'
2024-10-26 14:41:29,441 DEBUG [main][ConstructorResolver.java:807] - Autowiring by type from bean name 'errorPageCustomizer' via factory method to bean named 'dispatcherServletRegistration'
2024-10-26 14:41:29,483 DEBUG [main][DocumentRoot.java:81] - Code archive: D:\develop\repository\org\springframework\boot\spring-boot\2.3.7.RELEASE\spring-boot-2.3.7.RELEASE.jar
2024-10-26 14:41:29,483 DEBUG [main][DocumentRoot.java:81] - Code archive: D:\develop\repository\org\springframework\boot\spring-boot\2.3.7.RELEASE\spring-boot-2.3.7.RELEASE.jar
2024-10-26 14:41:29,483 DEBUG [main][DocumentRoot.java:125] - Code archive: D:\develop\repository\org\springframework\boot\spring-boot\2.3.7.RELEASE\spring-boot-2.3.7.RELEASE.jar
2024-10-26 14:41:29,483 DEBUG [main][DocumentRoot.java:125] - Code archive: D:\develop\repository\org\springframework\boot\spring-boot\2.3.7.RELEASE\spring-boot-2.3.7.RELEASE.jar
2024-10-26 14:41:29,484 DEBUG [main][DocumentRoot.java:149] - None of the document roots [src/main/webapp, public, static] point to a directory and will be ignored.
2024-10-26 14:41:29,484 DEBUG [main][DocumentRoot.java:149] - None of the document roots [src/main/webapp, public, static] point to a directory and will be ignored.
2024-10-26 14:41:29,497 INFO [main][TomcatWebServer.java:108] - Tomcat initialized with port(s): 63040 (http)
2024-10-26 14:41:29,497 INFO [main][TomcatWebServer.java:108] - Tomcat initialized with port(s): 63040 (http)
2024-10-26 14:41:29,514 INFO [main][DirectJDKLog.java:173] - Initializing ProtocolHandler ["http-nio-63040"]
2024-10-26 14:41:29,514 INFO [main][DirectJDKLog.java:173] - Initializing ProtocolHandler ["http-nio-63040"]
2024-10-26 14:41:29,515 INFO [main][DirectJDKLog.java:173] - Starting service [Tomcat]
2024-10-26 14:41:29,515 INFO [main][DirectJDKLog.java:173] - Starting service [Tomcat]
2024-10-26 14:41:29,515 INFO [main][DirectJDKLog.java:173] - Starting Servlet engine: [Apache Tomcat/9.0.41]
2024-10-26 14:41:29,515 INFO [main][DirectJDKLog.java:173] - Starting Servlet engine: [Apache Tomcat/9.0.41]
2024-10-26 14:41:29,617 INFO [main][DirectJDKLog.java:173] - Initializing Spring embedded WebApplicationContext
2024-10-26 14:41:29,617 INFO [main][DirectJDKLog.java:173] - Initializing Spring embedded WebApplicationContext
2024-10-26 14:41:29,617 DEBUG [main][ServletWebServerApplicationContext.java:279] - Published root WebApplicationContext as ServletContext attribute with name [org.springframework.web.context.WebApplicationContext.ROOT]
2024-10-26 14:41:29,617 INFO [main][ServletWebServerApplicationContext.java:285] - Root WebApplicationContext: initialization completed in 634 ms
2024-10-26 14:41:29,617 DEBUG [main][ServletWebServerApplicationContext.java:279] - Published root WebApplicationContext as ServletContext attribute with name [org.springframework.web.context.WebApplicationContext.ROOT]
2024-10-26 14:41:29,617 INFO [main][ServletWebServerApplicationContext.java:285] - Root WebApplicationContext: initialization completed in 634 ms
2024-10-26 14:41:29,620 DEBUG [main][DefaultSingletonBeanRegistry.java:225] - Creating shared instance of singleton bean 'requestContextFilter'
2024-10-26 14:41:29,620 DEBUG [main][DefaultSingletonBeanRegistry.java:225] - Creating shared instance of singleton bean 'requestContextFilter'
2024-10-26 14:41:29,622 DEBUG [main][DefaultSingletonBeanRegistry.java:225] - Creating shared instance of singleton bean 'formContentFilter'
2024-10-26 14:41:29,622 DEBUG [main][DefaultSingletonBeanRegistry.java:225] - Creating shared instance of singleton bean 'formContentFilter'
2024-10-26 14:41:29,623 DEBUG [main][DefaultSingletonBeanRegistry.java:225] - Creating shared instance of singleton bean 'org.springframework.boot.autoconfigure.web.servlet.WebMvcAutoConfiguration'
2024-10-26 14:41:29,623 DEBUG [main][DefaultSingletonBeanRegistry.java:225] - Creating shared instance of singleton bean 'org.springframework.boot.autoconfigure.web.servlet.WebMvcAutoConfiguration'
2024-10-26 14:41:29,626 DEBUG [main][DefaultSingletonBeanRegistry.java:225] - Creating shared instance of singleton bean 'characterEncodingFilter'
2024-10-26 14:41:29,626 DEBUG [main][DefaultSingletonBeanRegistry.java:225] - Creating shared instance of singleton bean 'characterEncodingFilter'
2024-10-26 14:41:29,632 DEBUG [main][ServletContextInitializerBeans.java:235] - Mapping filters: characterEncodingFilter urls=[/*] order=-2147483648, formContentFilter urls=[/*] order=-9900, requestContextFilter urls=[/*] order=-105
2024-10-26 14:41:29,632 DEBUG [main][ServletContextInitializerBeans.java:235] - Mapping filters: characterEncodingFilter urls=[/*] order=-2147483648, formContentFilter urls=[/*] order=-9900, requestContextFilter urls=[/*] order=-105
2024-10-26 14:41:29,632 DEBUG [main][ServletContextInitializerBeans.java:235] - Mapping servlets: dispatcherServlet urls=[/]
2024-10-26 14:41:29,632 DEBUG [main][ServletContextInitializerBeans.java:235] - Mapping servlets: dispatcherServlet urls=[/]
2024-10-26 14:41:29,645 DEBUG [main][GenericFilterBean.java:242] - Filter 'requestContextFilter' configured for use
2024-10-26 14:41:29,645 DEBUG [main][GenericFilterBean.java:242] - Filter 'requestContextFilter' configured for use
2024-10-26 14:41:29,645 DEBUG [main][GenericFilterBean.java:242] - Filter 'characterEncodingFilter' configured for use
2024-10-26 14:41:29,645 DEBUG [main][GenericFilterBean.java:242] - Filter 'characterEncodingFilter' configured for use
2024-10-26 14:41:29,646 DEBUG [main][GenericFilterBean.java:242] - Filter 'formContentFilter' configured for use
2024-10-26 14:41:29,646 DEBUG [main][GenericFilterBean.java:242] - Filter 'formContentFilter' configured for use
2024-10-26 14:41:29,653 DEBUG [main][DefaultSingletonBeanRegistry.java:225] - Creating shared instance of singleton bean 'contentApplication'
2024-10-26 14:41:29,653 DEBUG [main][DefaultSingletonBeanRegistry.java:225] - Creating shared instance of singleton bean 'contentApplication'
2024-10-26 14:41:29,654 DEBUG [main][DefaultSingletonBeanRegistry.java:225] - Creating shared instance of singleton bean 'bootstrapApplicationListener.BootstrapMarkerConfiguration'
2024-10-26 14:41:29,654 DEBUG [main][DefaultSingletonBeanRegistry.java:225] - Creating shared instance of singleton bean 'bootstrapApplicationListener.BootstrapMarkerConfiguration'
2024-10-26 14:41:29,654 DEBUG [main][DefaultSingletonBeanRegistry.java:225] - Creating shared instance of singleton bean 'courseBaseInfoController'
2024-10-26 14:41:29,654 DEBUG [main][DefaultSingletonBeanRegistry.java:225] - Creating shared instance of singleton bean 'courseBaseInfoController'
2024-10-26 14:41:29,659 DEBUG [main][DefaultSingletonBeanRegistry.java:225] - Creating shared instance of singleton bean 'org.springframework.boot.autoconfigure.AutoConfigurationPackages'
2024-10-26 14:41:29,659 DEBUG [main][DefaultSingletonBeanRegistry.java:225] - Creating shared instance of singleton bean 'org.springframework.boot.autoconfigure.AutoConfigurationPackages'
2024-10-26 14:41:29,661 DEBUG [main][DefaultSingletonBeanRegistry.java:225] - Creating shared instance of singleton bean 'org.springframework.boot.autoconfigure.context.PropertyPlaceholderAutoConfiguration'
2024-10-26 14:41:29,661 DEBUG [main][DefaultSingletonBeanRegistry.java:225] - Creating shared instance of singleton bean 'org.springframework.boot.autoconfigure.context.PropertyPlaceholderAutoConfiguration'
2024-10-26 14:41:29,662 DEBUG [main][DefaultSingletonBeanRegistry.java:225] - Creating shared instance of singleton bean 'org.springframework.boot.autoconfigure.websocket.servlet.WebSocketServletAutoConfiguration'
2024-10-26 14:41:29,662 DEBUG [main][DefaultSingletonBeanRegistry.java:225] - Creating shared instance of singleton bean 'org.springframework.boot.autoconfigure.websocket.servlet.WebSocketServletAutoConfiguration'
2024-10-26 14:41:29,662 DEBUG [main][DefaultSingletonBeanRegistry.java:225] - Creating shared instance of singleton bean 'org.springframework.boot.context.properties.ConfigurationBeanFactoryMetadata'
2024-10-26 14:41:29,662 DEBUG [main][DefaultSingletonBeanRegistry.java:225] - Creating shared instance of singleton bean 'org.springframework.boot.context.properties.ConfigurationBeanFactoryMetadata'
2024-10-26 14:41:29,663 DEBUG [main][DefaultSingletonBeanRegistry.java:225] - Creating shared instance of singleton bean 'org.springframework.boot.autoconfigure.web.servlet.DispatcherServletAutoConfiguration'
2024-10-26 14:41:29,663 DEBUG [main][DefaultSingletonBeanRegistry.java:225] - Creating shared instance of singleton bean 'org.springframework.boot.autoconfigure.web.servlet.DispatcherServletAutoConfiguration'
2024-10-26 14:41:29,663 DEBUG [main][DefaultSingletonBeanRegistry.java:225] - Creating shared instance of singleton bean 'org.springframework.boot.autoconfigure.task.TaskExecutionAutoConfiguration'
2024-10-26 14:41:29,663 DEBUG [main][DefaultSingletonBeanRegistry.java:225] - Creating shared instance of singleton bean 'org.springframework.boot.autoconfigure.task.TaskExecutionAutoConfiguration'
2024-10-26 14:41:29,664 DEBUG [main][DefaultSingletonBeanRegistry.java:225] - Creating shared instance of singleton bean 'taskExecutorBuilder'
2024-10-26 14:41:29,664 DEBUG [main][DefaultSingletonBeanRegistry.java:225] - Creating shared instance of singleton bean 'taskExecutorBuilder'
2024-10-26 14:41:29,665 DEBUG [main][DefaultSingletonBeanRegistry.java:225] - Creating shared instance of singleton bean 'spring.task.execution-org.springframework.boot.autoconfigure.task.TaskExecutionProperties'
2024-10-26 14:41:29,665 DEBUG [main][DefaultSingletonBeanRegistry.java:225] - Creating shared instance of singleton bean 'spring.task.execution-org.springframework.boot.autoconfigure.task.TaskExecutionProperties'
2024-10-26 14:41:29,667 DEBUG [main][ConstructorResolver.java:807] - Autowiring by type from bean name 'taskExecutorBuilder' via factory method to bean named 'spring.task.execution-org.springframework.boot.autoconfigure.task.TaskExecutionProperties'
2024-10-26 14:41:29,667 DEBUG [main][ConstructorResolver.java:807] - Autowiring by type from bean name 'taskExecutorBuilder' via factory method to bean named 'spring.task.execution-org.springframework.boot.autoconfigure.task.TaskExecutionProperties'
2024-10-26 14:41:29,668 DEBUG [main][DefaultSingletonBeanRegistry.java:225] - Creating shared instance of singleton bean 'org.springframework.boot.autoconfigure.validation.ValidationAutoConfiguration'
2024-10-26 14:41:29,668 DEBUG [main][DefaultSingletonBeanRegistry.java:225] - Creating shared instance of singleton bean 'org.springframework.boot.autoconfigure.validation.ValidationAutoConfiguration'
2024-10-26 14:41:29,669 DEBUG [main][DefaultSingletonBeanRegistry.java:225] - Creating shared instance of singleton bean 'defaultValidator'
2024-10-26 14:41:29,669 DEBUG [main][DefaultSingletonBeanRegistry.java:225] - Creating shared instance of singleton bean 'defaultValidator'
2024-10-26 14:41:29,670 DEBUG [main][ResourceBundleMessageInterpolator.java:172] - Loaded expression factory via original TCCL
2024-10-26 14:41:29,670 DEBUG [main][ResourceBundleMessageInterpolator.java:172] - Loaded expression factory via original TCCL
2024-10-26 14:41:29,672 DEBUG [main][AbstractConfigurationImpl.java:171] - Setting custom MessageInterpolator of type org.springframework.validation.beanvalidation.LocaleContextMessageInterpolator
2024-10-26 14:41:29,672 DEBUG [main][AbstractConfigurationImpl.java:171] - Setting custom MessageInterpolator of type org.springframework.validation.beanvalidation.LocaleContextMessageInterpolator
2024-10-26 14:41:29,673 DEBUG [main][AbstractConfigurationImpl.java:203] - Setting custom ConstraintValidatorFactory of type org.springframework.validation.beanvalidation.SpringConstraintValidatorFactory
2024-10-26 14:41:29,673 DEBUG [main][AbstractConfigurationImpl.java:203] - Setting custom ConstraintValidatorFactory of type org.springframework.validation.beanvalidation.SpringConstraintValidatorFactory
2024-10-26 14:41:29,673 DEBUG [main][AbstractConfigurationImpl.java:217] - Setting custom ParameterNameProvider of type org.springframework.validation.beanvalidation.LocalValidatorFactoryBean$1
2024-10-26 14:41:29,673 DEBUG [main][AbstractConfigurationImpl.java:217] - Setting custom ParameterNameProvider of type org.springframework.validation.beanvalidation.LocalValidatorFactoryBean$1
2024-10-26 14:41:29,674 DEBUG [main][ValidationXmlParser.java:120] - Trying to load META-INF/validation.xml for XML based Validator configuration.
2024-10-26 14:41:29,674 DEBUG [main][ValidationXmlParser.java:120] - Trying to load META-INF/validation.xml for XML based Validator configuration.
2024-10-26 14:41:29,674 DEBUG [main][ResourceLoaderHelper.java:53] - Trying to load META-INF/validation.xml via user class loader
2024-10-26 14:41:29,674 DEBUG [main][ResourceLoaderHelper.java:53] - Trying to load META-INF/validation.xml via user class loader
2024-10-26 14:41:29,674 DEBUG [main][ResourceLoaderHelper.java:60] - Trying to load META-INF/validation.xml via TCCL
2024-10-26 14:41:29,674 DEBUG [main][ResourceLoaderHelper.java:60] - Trying to load META-INF/validation.xml via TCCL
2024-10-26 14:41:29,675 DEBUG [main][ResourceLoaderHelper.java:66] - Trying to load META-INF/validation.xml via Hibernate Validator's class loader
2024-10-26 14:41:29,675 DEBUG [main][ResourceLoaderHelper.java:66] - Trying to load META-INF/validation.xml via Hibernate Validator's class loader
2024-10-26 14:41:29,675 DEBUG [main][ValidationXmlParser.java:127] - No META-INF/validation.xml found. Using annotation based configuration only.
2024-10-26 14:41:29,675 DEBUG [main][ValidationXmlParser.java:127] - No META-INF/validation.xml found. Using annotation based configuration only.
2024-10-26 14:41:29,675 DEBUG [main][TraversableResolvers.java:60] - Cannot find javax.persistence.Persistence on classpath. Assuming non JPA 2 environment. All properties will per default be traversable.
2024-10-26 14:41:29,675 DEBUG [main][TraversableResolvers.java:60] - Cannot find javax.persistence.Persistence on classpath. Assuming non JPA 2 environment. All properties will per default be traversable.
2024-10-26 14:41:29,677 DEBUG [main][ValidatorFactoryConfigurationHelper.java:300] - HV000252: Using org.hibernate.validator.internal.engine.DefaultPropertyNodeNameProvider as property node name provider.
2024-10-26 14:41:29,677 DEBUG [main][ValidatorFactoryConfigurationHelper.java:300] - HV000252: Using org.hibernate.validator.internal.engine.DefaultPropertyNodeNameProvider as property node name provider.
2024-10-26 14:41:29,677 DEBUG [main][ValidatorFactoryConfigurationHelper.java:375] - HV000234: Using org.springframework.validation.beanvalidation.LocaleContextMessageInterpolator as ValidatorFactory-scoped message interpolator.
2024-10-26 14:41:29,677 DEBUG [main][ValidatorFactoryConfigurationHelper.java:375] - HV000234: Using org.springframework.validation.beanvalidation.LocaleContextMessageInterpolator as ValidatorFactory-scoped message interpolator.
2024-10-26 14:41:29,677 DEBUG [main][ValidatorFactoryConfigurationHelper.java:376] - HV000234: Using org.hibernate.validator.internal.engine.resolver.TraverseAllTraversableResolver as ValidatorFactory-scoped traversable resolver.
2024-10-26 14:41:29,677 DEBUG [main][ValidatorFactoryConfigurationHelper.java:376] - HV000234: Using org.hibernate.validator.internal.engine.resolver.TraverseAllTraversableResolver as ValidatorFactory-scoped traversable resolver.
2024-10-26 14:41:29,677 DEBUG [main][ValidatorFactoryConfigurationHelper.java:377] - HV000234: Using org.hibernate.validator.internal.util.ExecutableParameterNameProvider as ValidatorFactory-scoped parameter name provider.
2024-10-26 14:41:29,677 DEBUG [main][ValidatorFactoryConfigurationHelper.java:377] - HV000234: Using org.hibernate.validator.internal.util.ExecutableParameterNameProvider as ValidatorFactory-scoped parameter name provider.
2024-10-26 14:41:29,677 DEBUG [main][ValidatorFactoryConfigurationHelper.java:378] - HV000234: Using org.hibernate.validator.internal.engine.DefaultClockProvider as ValidatorFactory-scoped clock provider.
2024-10-26 14:41:29,677 DEBUG [main][ValidatorFactoryConfigurationHelper.java:378] - HV000234: Using org.hibernate.validator.internal.engine.DefaultClockProvider as ValidatorFactory-scoped clock provider.
2024-10-26 14:41:29,677 DEBUG [main][ValidatorFactoryConfigurationHelper.java:379] - HV000234: Using org.hibernate.validator.internal.engine.scripting.DefaultScriptEvaluatorFactory as ValidatorFactory-scoped script evaluator factory.
2024-10-26 14:41:29,677 DEBUG [main][ValidatorFactoryConfigurationHelper.java:379] - HV000234: Using org.hibernate.validator.internal.engine.scripting.DefaultScriptEvaluatorFactory as ValidatorFactory-scoped script evaluator factory.
2024-10-26 14:41:29,678 DEBUG [main][DefaultSingletonBeanRegistry.java:225] - Creating shared instance of singleton bean 'org.springframework.boot.autoconfigure.web.servlet.error.ErrorMvcAutoConfiguration$WhitelabelErrorViewConfiguration'
2024-10-26 14:41:29,678 DEBUG [main][DefaultSingletonBeanRegistry.java:225] - Creating shared instance of singleton bean 'org.springframework.boot.autoconfigure.web.servlet.error.ErrorMvcAutoConfiguration$WhitelabelErrorViewConfiguration'
2024-10-26 14:41:29,679 DEBUG [main][DefaultSingletonBeanRegistry.java:225] - Creating shared instance of singleton bean 'error'
2024-10-26 14:41:29,679 DEBUG [main][DefaultSingletonBeanRegistry.java:225] - Creating shared instance of singleton bean 'error'
2024-10-26 14:41:29,680 DEBUG [main][DefaultSingletonBeanRegistry.java:225] - Creating shared instance of singleton bean 'beanNameViewResolver'
2024-10-26 14:41:29,680 DEBUG [main][DefaultSingletonBeanRegistry.java:225] - Creating shared instance of singleton bean 'beanNameViewResolver'
2024-10-26 14:41:29,681 DEBUG [main][DefaultSingletonBeanRegistry.java:225] - Creating shared instance of singleton bean 'org.springframework.boot.autoconfigure.web.servlet.error.ErrorMvcAutoConfiguration$DefaultErrorViewResolverConfiguration'
2024-10-26 14:41:29,681 DEBUG [main][DefaultSingletonBeanRegistry.java:225] - Creating shared instance of singleton bean 'org.springframework.boot.autoconfigure.web.servlet.error.ErrorMvcAutoConfiguration$DefaultErrorViewResolverConfiguration'
2024-10-26 14:41:29,682 DEBUG [main][DefaultSingletonBeanRegistry.java:225] - Creating shared instance of singleton bean 'spring.resources-org.springframework.boot.autoconfigure.web.ResourceProperties'
2024-10-26 14:41:29,682 DEBUG [main][DefaultSingletonBeanRegistry.java:225] - Creating shared instance of singleton bean 'spring.resources-org.springframework.boot.autoconfigure.web.ResourceProperties'
2024-10-26 14:41:29,684 DEBUG [main][ConstructorResolver.java:807] - Autowiring by type from bean name 'org.springframework.boot.autoconfigure.web.servlet.error.ErrorMvcAutoConfiguration$DefaultErrorViewResolverConfiguration' via constructor to bean named 'org.springframework.boot.web.servlet.context.AnnotationConfigServletWebServerApplicationContext@14dda234'
2024-10-26 14:41:29,684 DEBUG [main][ConstructorResolver.java:807] - Autowiring by type from bean name 'org.springframework.boot.autoconfigure.web.servlet.error.ErrorMvcAutoConfiguration$DefaultErrorViewResolverConfiguration' via constructor to bean named 'org.springframework.boot.web.servlet.context.AnnotationConfigServletWebServerApplicationContext@14dda234'
2024-10-26 14:41:29,685 DEBUG [main][ConstructorResolver.java:807] - Autowiring by type from bean name 'org.springframework.boot.autoconfigure.web.servlet.error.ErrorMvcAutoConfiguration$DefaultErrorViewResolverConfiguration' via constructor to bean named 'spring.resources-org.springframework.boot.autoconfigure.web.ResourceProperties'
2024-10-26 14:41:29,685 DEBUG [main][ConstructorResolver.java:807] - Autowiring by type from bean name 'org.springframework.boot.autoconfigure.web.servlet.error.ErrorMvcAutoConfiguration$DefaultErrorViewResolverConfiguration' via constructor to bean named 'spring.resources-org.springframework.boot.autoconfigure.web.ResourceProperties'
2024-10-26 14:41:29,685 DEBUG [main][DefaultSingletonBeanRegistry.java:225] - Creating shared instance of singleton bean 'conventionErrorViewResolver'
2024-10-26 14:41:29,685 DEBUG [main][DefaultSingletonBeanRegistry.java:225] - Creating shared instance of singleton bean 'conventionErrorViewResolver'
2024-10-26 14:41:29,686 DEBUG [main][DefaultSingletonBeanRegistry.java:225] - Creating shared instance of singleton bean 'errorAttributes'
2024-10-26 14:41:29,686 DEBUG [main][DefaultSingletonBeanRegistry.java:225] - Creating shared instance of singleton bean 'errorAttributes'
2024-10-26 14:41:29,687 DEBUG [main][DefaultSingletonBeanRegistry.java:225] - Creating shared instance of singleton bean 'basicErrorController'
2024-10-26 14:41:29,687 DEBUG [main][DefaultSingletonBeanRegistry.java:225] - Creating shared instance of singleton bean 'basicErrorController'
2024-10-26 14:41:29,688 DEBUG [main][ConstructorResolver.java:807] - Autowiring by type from bean name 'basicErrorController' via factory method to bean named 'errorAttributes'
2024-10-26 14:41:29,688 DEBUG [main][ConstructorResolver.java:807] - Autowiring by type from bean name 'basicErrorController' via factory method to bean named 'errorAttributes'
2024-10-26 14:41:29,690 DEBUG [main][DefaultSingletonBeanRegistry.java:225] - Creating shared instance of singleton bean 'org.springframework.boot.autoconfigure.web.servlet.WebMvcAutoConfiguration$EnableWebMvcConfiguration'
2024-10-26 14:41:29,690 DEBUG [main][DefaultSingletonBeanRegistry.java:225] - Creating shared instance of singleton bean 'org.springframework.boot.autoconfigure.web.servlet.WebMvcAutoConfiguration$EnableWebMvcConfiguration'
2024-10-26 14:41:29,692 DEBUG [main][ConstructorResolver.java:807] - Autowiring by type from bean name 'org.springframework.boot.autoconfigure.web.servlet.WebMvcAutoConfiguration$EnableWebMvcConfiguration' via constructor to bean named 'spring.resources-org.springframework.boot.autoconfigure.web.ResourceProperties'
2024-10-26 14:41:29,692 DEBUG [main][ConstructorResolver.java:807] - Autowiring by type from bean name 'org.springframework.boot.autoconfigure.web.servlet.WebMvcAutoConfiguration$EnableWebMvcConfiguration' via constructor to bean named 'spring.resources-org.springframework.boot.autoconfigure.web.ResourceProperties'
2024-10-26 14:41:29,693 DEBUG [main][ConstructorResolver.java:807] - Autowiring by type from bean name 'org.springframework.boot.autoconfigure.web.servlet.WebMvcAutoConfiguration$EnableWebMvcConfiguration' via constructor to bean named 'org.springframework.beans.factory.support.DefaultListableBeanFactory@5bd82fed'
2024-10-26 14:41:29,693 DEBUG [main][ConstructorResolver.java:807] - Autowiring by type from bean name 'org.springframework.boot.autoconfigure.web.servlet.WebMvcAutoConfiguration$EnableWebMvcConfiguration' via constructor to bean named 'org.springframework.beans.factory.support.DefaultListableBeanFactory@5bd82fed'
2024-10-26 14:41:29,700 DEBUG [main][DefaultSingletonBeanRegistry.java:225] - Creating shared instance of singleton bean 'org.springframework.boot.autoconfigure.web.servlet.WebMvcAutoConfiguration$WebMvcAutoConfigurationAdapter'
2024-10-26 14:41:29,700 DEBUG [main][DefaultSingletonBeanRegistry.java:225] - Creating shared instance of singleton bean 'org.springframework.boot.autoconfigure.web.servlet.WebMvcAutoConfiguration$WebMvcAutoConfigurationAdapter'
2024-10-26 14:41:29,701 DEBUG [main][ConstructorResolver.java:807] - Autowiring by type from bean name 'org.springframework.boot.autoconfigure.web.servlet.WebMvcAutoConfiguration$WebMvcAutoConfigurationAdapter' via constructor to bean named 'spring.resources-org.springframework.boot.autoconfigure.web.ResourceProperties'
2024-10-26 14:41:29,701 DEBUG [main][ConstructorResolver.java:807] - Autowiring by type from bean name 'org.springframework.boot.autoconfigure.web.servlet.WebMvcAutoConfiguration$WebMvcAutoConfigurationAdapter' via constructor to bean named 'spring.mvc-org.springframework.boot.autoconfigure.web.servlet.WebMvcProperties'
2024-10-26 14:41:29,701 DEBUG [main][ConstructorResolver.java:807] - Autowiring by type from bean name 'org.springframework.boot.autoconfigure.web.servlet.WebMvcAutoConfiguration$WebMvcAutoConfigurationAdapter' via constructor to bean named 'spring.resources-org.springframework.boot.autoconfigure.web.ResourceProperties'
2024-10-26 14:41:29,701 DEBUG [main][ConstructorResolver.java:807] - Autowiring by type from bean name 'org.springframework.boot.autoconfigure.web.servlet.WebMvcAutoConfiguration$WebMvcAutoConfigurationAdapter' via constructor to bean named 'spring.mvc-org.springframework.boot.autoconfigure.web.servlet.WebMvcProperties'
2024-10-26 14:41:29,701 DEBUG [main][ConstructorResolver.java:807] - Autowiring by type from bean name 'org.springframework.boot.autoconfigure.web.servlet.WebMvcAutoConfiguration$WebMvcAutoConfigurationAdapter' via constructor to bean named 'org.springframework.beans.factory.support.DefaultListableBeanFactory@5bd82fed'
2024-10-26 14:41:29,701 DEBUG [main][ConstructorResolver.java:807] - Autowiring by type from bean name 'org.springframework.boot.autoconfigure.web.servlet.WebMvcAutoConfiguration$WebMvcAutoConfigurationAdapter' via constructor to bean named 'org.springframework.beans.factory.support.DefaultListableBeanFactory@5bd82fed'
2024-10-26 14:41:29,703 DEBUG [main][DefaultSingletonBeanRegistry.java:225] - Creating shared instance of singleton bean 'requestMappingHandlerAdapter'
2024-10-26 14:41:29,703 DEBUG [main][DefaultSingletonBeanRegistry.java:225] - Creating shared instance of singleton bean 'requestMappingHandlerAdapter'
2024-10-26 14:41:29,704 DEBUG [main][DefaultSingletonBeanRegistry.java:225] - Creating shared instance of singleton bean 'mvcContentNegotiationManager'
2024-10-26 14:41:29,704 DEBUG [main][DefaultSingletonBeanRegistry.java:225] - Creating shared instance of singleton bean 'mvcContentNegotiationManager'
2024-10-26 14:41:29,710 DEBUG [main][DefaultSingletonBeanRegistry.java:225] - Creating shared instance of singleton bean 'mvcConversionService'
2024-10-26 14:41:29,710 DEBUG [main][DefaultSingletonBeanRegistry.java:225] - Creating shared instance of singleton bean 'mvcConversionService'
2024-10-26 14:41:29,714 DEBUG [main][DefaultSingletonBeanRegistry.java:225] - Creating shared instance of singleton bean 'mvcValidator'
2024-10-26 14:41:29,714 DEBUG [main][DefaultSingletonBeanRegistry.java:225] - Creating shared instance of singleton bean 'mvcValidator'
2024-10-26 14:41:29,715 DEBUG [main][ConstructorResolver.java:807] - Autowiring by type from bean name 'requestMappingHandlerAdapter' via factory method to bean named 'mvcContentNegotiationManager'
2024-10-26 14:41:29,715 DEBUG [main][ConstructorResolver.java:807] - Autowiring by type from bean name 'requestMappingHandlerAdapter' via factory method to bean named 'mvcContentNegotiationManager'
2024-10-26 14:41:29,715 DEBUG [main][ConstructorResolver.java:807] - Autowiring by type from bean name 'requestMappingHandlerAdapter' via factory method to bean named 'mvcConversionService'
2024-10-26 14:41:29,715 DEBUG [main][ConstructorResolver.java:807] - Autowiring by type from bean name 'requestMappingHandlerAdapter' via factory method to bean named 'mvcConversionService'
2024-10-26 14:41:29,715 DEBUG [main][ConstructorResolver.java:807] - Autowiring by type from bean name 'requestMappingHandlerAdapter' via factory method to bean named 'mvcValidator'
2024-10-26 14:41:29,715 DEBUG [main][ConstructorResolver.java:807] - Autowiring by type from bean name 'requestMappingHandlerAdapter' via factory method to bean named 'mvcValidator'
2024-10-26 14:41:29,719 DEBUG [main][ConstructorResolver.java:807] - Autowiring by type from bean name 'requestMappingHandlerAdapter' via factory method to bean named 'mvcContentNegotiationManager'
2024-10-26 14:41:29,719 DEBUG [main][ConstructorResolver.java:807] - Autowiring by type from bean name 'requestMappingHandlerAdapter' via factory method to bean named 'mvcContentNegotiationManager'
2024-10-26 14:41:29,719 DEBUG [main][ConstructorResolver.java:807] - Autowiring by type from bean name 'requestMappingHandlerAdapter' via factory method to bean named 'mvcConversionService'
2024-10-26 14:41:29,719 DEBUG [main][ConstructorResolver.java:807] - Autowiring by type from bean name 'requestMappingHandlerAdapter' via factory method to bean named 'mvcConversionService'
2024-10-26 14:41:29,719 DEBUG [main][ConstructorResolver.java:807] - Autowiring by type from bean name 'requestMappingHandlerAdapter' via factory method to bean named 'mvcValidator'
2024-10-26 14:41:29,719 DEBUG [main][ConstructorResolver.java:807] - Autowiring by type from bean name 'requestMappingHandlerAdapter' via factory method to bean named 'mvcValidator'
2024-10-26 14:41:29,724 DEBUG [main][DefaultSingletonBeanRegistry.java:225] - Creating shared instance of singleton bean 'messageConverters'
2024-10-26 14:41:29,724 DEBUG [main][DefaultSingletonBeanRegistry.java:225] - Creating shared instance of singleton bean 'messageConverters'
2024-10-26 14:41:29,724 DEBUG [main][DefaultSingletonBeanRegistry.java:225] - Creating shared instance of singleton bean 'org.springframework.boot.autoconfigure.http.HttpMessageConvertersAutoConfiguration'
2024-10-26 14:41:29,724 DEBUG [main][DefaultSingletonBeanRegistry.java:225] - Creating shared instance of singleton bean 'org.springframework.boot.autoconfigure.http.HttpMessageConvertersAutoConfiguration'
2024-10-26 14:41:29,727 DEBUG [main][DefaultSingletonBeanRegistry.java:225] - Creating shared instance of singleton bean 'stringHttpMessageConverter'
2024-10-26 14:41:29,727 DEBUG [main][DefaultSingletonBeanRegistry.java:225] - Creating shared instance of singleton bean 'stringHttpMessageConverter'
2024-10-26 14:41:29,727 DEBUG [main][DefaultSingletonBeanRegistry.java:225] - Creating shared instance of singleton bean 'org.springframework.boot.autoconfigure.http.HttpMessageConvertersAutoConfiguration$StringHttpMessageConverterConfiguration'
2024-10-26 14:41:29,727 DEBUG [main][DefaultSingletonBeanRegistry.java:225] - Creating shared instance of singleton bean 'org.springframework.boot.autoconfigure.http.HttpMessageConvertersAutoConfiguration$StringHttpMessageConverterConfiguration'
2024-10-26 14:41:29,728 DEBUG [main][ConstructorResolver.java:807] - Autowiring by type from bean name 'stringHttpMessageConverter' via factory method to bean named 'environment'
2024-10-26 14:41:29,728 DEBUG [main][ConstructorResolver.java:807] - Autowiring by type from bean name 'stringHttpMessageConverter' via factory method to bean named 'environment'
2024-10-26 14:41:29,732 DEBUG [main][DefaultSingletonBeanRegistry.java:225] - Creating shared instance of singleton bean 'mappingJackson2HttpMessageConverter'
2024-10-26 14:41:29,732 DEBUG [main][DefaultSingletonBeanRegistry.java:225] - Creating shared instance of singleton bean 'mappingJackson2HttpMessageConverter'
2024-10-26 14:41:29,732 DEBUG [main][DefaultSingletonBeanRegistry.java:225] - Creating shared instance of singleton bean 'org.springframework.boot.autoconfigure.http.JacksonHttpMessageConvertersConfiguration$MappingJackson2HttpMessageConverterConfiguration'
2024-10-26 14:41:29,732 DEBUG [main][DefaultSingletonBeanRegistry.java:225] - Creating shared instance of singleton bean 'org.springframework.boot.autoconfigure.http.JacksonHttpMessageConvertersConfiguration$MappingJackson2HttpMessageConverterConfiguration'
2024-10-26 14:41:29,733 DEBUG [main][DefaultSingletonBeanRegistry.java:225] - Creating shared instance of singleton bean 'jacksonObjectMapper'
2024-10-26 14:41:29,733 DEBUG [main][DefaultSingletonBeanRegistry.java:225] - Creating shared instance of singleton bean 'jacksonObjectMapper'
2024-10-26 14:41:29,733 DEBUG [main][DefaultSingletonBeanRegistry.java:225] - Creating shared instance of singleton bean 'org.springframework.boot.autoconfigure.jackson.JacksonAutoConfiguration$JacksonObjectMapperConfiguration'
2024-10-26 14:41:29,733 DEBUG [main][DefaultSingletonBeanRegistry.java:225] - Creating shared instance of singleton bean 'org.springframework.boot.autoconfigure.jackson.JacksonAutoConfiguration$JacksonObjectMapperConfiguration'
2024-10-26 14:41:29,734 DEBUG [main][DefaultSingletonBeanRegistry.java:225] - Creating shared instance of singleton bean 'org.springframework.boot.autoconfigure.jackson.JacksonAutoConfiguration$JacksonObjectMapperBuilderConfiguration'
2024-10-26 14:41:29,734 DEBUG [main][DefaultSingletonBeanRegistry.java:225] - Creating shared instance of singleton bean 'org.springframework.boot.autoconfigure.jackson.JacksonAutoConfiguration$JacksonObjectMapperBuilderConfiguration'
2024-10-26 14:41:29,735 DEBUG [main][DefaultSingletonBeanRegistry.java:225] - Creating shared instance of singleton bean 'standardJacksonObjectMapperBuilderCustomizer'
2024-10-26 14:41:29,735 DEBUG [main][DefaultSingletonBeanRegistry.java:225] - Creating shared instance of singleton bean 'standardJacksonObjectMapperBuilderCustomizer'
2024-10-26 14:41:29,736 DEBUG [main][DefaultSingletonBeanRegistry.java:225] - Creating shared instance of singleton bean 'org.springframework.boot.autoconfigure.jackson.JacksonAutoConfiguration$Jackson2ObjectMapperBuilderCustomizerConfiguration'
2024-10-26 14:41:29,736 DEBUG [main][DefaultSingletonBeanRegistry.java:225] - Creating shared instance of singleton bean 'org.springframework.boot.autoconfigure.jackson.JacksonAutoConfiguration$Jackson2ObjectMapperBuilderCustomizerConfiguration'
2024-10-26 14:41:29,736 DEBUG [main][DefaultSingletonBeanRegistry.java:225] - Creating shared instance of singleton bean 'spring.jackson-org.springframework.boot.autoconfigure.jackson.JacksonProperties'
2024-10-26 14:41:29,736 DEBUG [main][DefaultSingletonBeanRegistry.java:225] - Creating shared instance of singleton bean 'spring.jackson-org.springframework.boot.autoconfigure.jackson.JacksonProperties'
2024-10-26 14:41:29,738 DEBUG [main][ConstructorResolver.java:807] - Autowiring by type from bean name 'standardJacksonObjectMapperBuilderCustomizer' via factory method to bean named 'org.springframework.boot.web.servlet.context.AnnotationConfigServletWebServerApplicationContext@14dda234'
2024-10-26 14:41:29,738 DEBUG [main][ConstructorResolver.java:807] - Autowiring by type from bean name 'standardJacksonObjectMapperBuilderCustomizer' via factory method to bean named 'org.springframework.boot.web.servlet.context.AnnotationConfigServletWebServerApplicationContext@14dda234'
2024-10-26 14:41:29,739 DEBUG [main][ConstructorResolver.java:807] - Autowiring by type from bean name 'standardJacksonObjectMapperBuilderCustomizer' via factory method to bean named 'spring.jackson-org.springframework.boot.autoconfigure.jackson.JacksonProperties'
2024-10-26 14:41:29,739 DEBUG [main][ConstructorResolver.java:807] - Autowiring by type from bean name 'standardJacksonObjectMapperBuilderCustomizer' via factory method to bean named 'spring.jackson-org.springframework.boot.autoconfigure.jackson.JacksonProperties'
2024-10-26 14:41:29,739 DEBUG [main][ConstructorResolver.java:807] - Autowiring by type from bean name 'jacksonObjectMapperBuilder' via factory method to bean named 'org.springframework.boot.web.servlet.context.AnnotationConfigServletWebServerApplicationContext@14dda234'
2024-10-26 14:41:29,739 DEBUG [main][ConstructorResolver.java:807] - Autowiring by type from bean name 'jacksonObjectMapperBuilder' via factory method to bean named 'org.springframework.boot.web.servlet.context.AnnotationConfigServletWebServerApplicationContext@14dda234'
2024-10-26 14:41:29,739 DEBUG [main][ConstructorResolver.java:807] - Autowiring by type from bean name 'jacksonObjectMapperBuilder' via factory method to bean named 'standardJacksonObjectMapperBuilderCustomizer'
2024-10-26 14:41:29,739 DEBUG [main][ConstructorResolver.java:807] - Autowiring by type from bean name 'jacksonObjectMapperBuilder' via factory method to bean named 'standardJacksonObjectMapperBuilderCustomizer'
2024-10-26 14:41:29,741 DEBUG [main][DefaultSingletonBeanRegistry.java:225] - Creating shared instance of singleton bean 'parameterNamesModule'
2024-10-26 14:41:29,741 DEBUG [main][DefaultSingletonBeanRegistry.java:225] - Creating shared instance of singleton bean 'parameterNamesModule'
2024-10-26 14:41:29,741 DEBUG [main][DefaultSingletonBeanRegistry.java:225] - Creating shared instance of singleton bean 'org.springframework.boot.autoconfigure.jackson.JacksonAutoConfiguration$ParameterNamesModuleConfiguration'
2024-10-26 14:41:29,741 DEBUG [main][DefaultSingletonBeanRegistry.java:225] - Creating shared instance of singleton bean 'org.springframework.boot.autoconfigure.jackson.JacksonAutoConfiguration$ParameterNamesModuleConfiguration'
2024-10-26 14:41:29,744 DEBUG [main][DefaultSingletonBeanRegistry.java:225] - Creating shared instance of singleton bean 'jsonComponentModule'
2024-10-26 14:41:29,744 DEBUG [main][DefaultSingletonBeanRegistry.java:225] - Creating shared instance of singleton bean 'jsonComponentModule'
2024-10-26 14:41:29,744 DEBUG [main][DefaultSingletonBeanRegistry.java:225] - Creating shared instance of singleton bean 'org.springframework.boot.autoconfigure.jackson.JacksonAutoConfiguration'
2024-10-26 14:41:29,744 DEBUG [main][DefaultSingletonBeanRegistry.java:225] - Creating shared instance of singleton bean 'org.springframework.boot.autoconfigure.jackson.JacksonAutoConfiguration'
2024-10-26 14:41:29,750 DEBUG [main][ConstructorResolver.java:807] - Autowiring by type from bean name 'jacksonObjectMapper' via factory method to bean named 'jacksonObjectMapperBuilder'
2024-10-26 14:41:29,750 DEBUG [main][ConstructorResolver.java:807] - Autowiring by type from bean name 'jacksonObjectMapper' via factory method to bean named 'jacksonObjectMapperBuilder'
2024-10-26 14:41:29,762 DEBUG [main][ConstructorResolver.java:807] - Autowiring by type from bean name 'mappingJackson2HttpMessageConverter' via factory method to bean named 'jacksonObjectMapper'
2024-10-26 14:41:29,762 DEBUG [main][ConstructorResolver.java:807] - Autowiring by type from bean name 'mappingJackson2HttpMessageConverter' via factory method to bean named 'jacksonObjectMapper'
2024-10-26 14:41:29,768 DEBUG [main][DefaultSingletonBeanRegistry.java:225] - Creating shared instance of singleton bean 'applicationTaskExecutor'
2024-10-26 14:41:29,768 DEBUG [main][DefaultSingletonBeanRegistry.java:225] - Creating shared instance of singleton bean 'applicationTaskExecutor'
2024-10-26 14:41:29,768 DEBUG [main][ConstructorResolver.java:807] - Autowiring by type from bean name 'applicationTaskExecutor' via factory method to bean named 'taskExecutorBuilder'
2024-10-26 14:41:29,768 DEBUG [main][ConstructorResolver.java:807] - Autowiring by type from bean name 'applicationTaskExecutor' via factory method to bean named 'taskExecutorBuilder'
2024-10-26 14:41:29,771 INFO [main][ExecutorConfigurationSupport.java:181] - Initializing ExecutorService 'applicationTaskExecutor'
2024-10-26 14:41:29,771 INFO [main][ExecutorConfigurationSupport.java:181] - Initializing ExecutorService 'applicationTaskExecutor'
2024-10-26 14:41:29,778 DEBUG [main][RequestMappingHandlerAdapter.java:614] - ControllerAdvice beans: 0 @ModelAttribute, 0 @InitBinder, 1 RequestBodyAdvice, 1 ResponseBodyAdvice
2024-10-26 14:41:29,778 DEBUG [main][RequestMappingHandlerAdapter.java:614] - ControllerAdvice beans: 0 @ModelAttribute, 0 @InitBinder, 1 RequestBodyAdvice, 1 ResponseBodyAdvice
2024-10-26 14:41:29,790 DEBUG [main][DefaultSingletonBeanRegistry.java:225] - Creating shared instance of singleton bean 'requestMappingHandlerMapping'
2024-10-26 14:41:29,790 DEBUG [main][DefaultSingletonBeanRegistry.java:225] - Creating shared instance of singleton bean 'requestMappingHandlerMapping'
2024-10-26 14:41:29,791 DEBUG [main][DefaultSingletonBeanRegistry.java:225] - Creating shared instance of singleton bean 'mvcResourceUrlProvider'
2024-10-26 14:41:29,791 DEBUG [main][DefaultSingletonBeanRegistry.java:225] - Creating shared instance of singleton bean 'mvcResourceUrlProvider'
2024-10-26 14:41:29,794 DEBUG [main][ConstructorResolver.java:807] - Autowiring by type from bean name 'requestMappingHandlerMapping' via factory method to bean named 'mvcContentNegotiationManager'
2024-10-26 14:41:29,794 DEBUG [main][ConstructorResolver.java:807] - Autowiring by type from bean name 'requestMappingHandlerMapping' via factory method to bean named 'mvcContentNegotiationManager'
2024-10-26 14:41:29,794 DEBUG [main][ConstructorResolver.java:807] - Autowiring by type from bean name 'requestMappingHandlerMapping' via factory method to bean named 'mvcConversionService'
2024-10-26 14:41:29,794 DEBUG [main][ConstructorResolver.java:807] - Autowiring by type from bean name 'requestMappingHandlerMapping' via factory method to bean named 'mvcConversionService'
2024-10-26 14:41:29,794 DEBUG [main][ConstructorResolver.java:807] - Autowiring by type from bean name 'requestMappingHandlerMapping' via factory method to bean named 'mvcResourceUrlProvider'
2024-10-26 14:41:29,794 DEBUG [main][ConstructorResolver.java:807] - Autowiring by type from bean name 'requestMappingHandlerMapping' via factory method to bean named 'mvcResourceUrlProvider'
2024-10-26 14:41:29,795 DEBUG [main][ConstructorResolver.java:807] - Autowiring by type from bean name 'requestMappingHandlerMapping' via factory method to bean named 'mvcContentNegotiationManager'
2024-10-26 14:41:29,795 DEBUG [main][ConstructorResolver.java:807] - Autowiring by type from bean name 'requestMappingHandlerMapping' via factory method to bean named 'mvcContentNegotiationManager'
2024-10-26 14:41:29,795 DEBUG [main][ConstructorResolver.java:807] - Autowiring by type from bean name 'requestMappingHandlerMapping' via factory method to bean named 'mvcConversionService'
2024-10-26 14:41:29,795 DEBUG [main][ConstructorResolver.java:807] - Autowiring by type from bean name 'requestMappingHandlerMapping' via factory method to bean named 'mvcConversionService'
2024-10-26 14:41:29,795 DEBUG [main][ConstructorResolver.java:807] - Autowiring by type from bean name 'requestMappingHandlerMapping' via factory method to bean named 'mvcResourceUrlProvider'
2024-10-26 14:41:29,795 DEBUG [main][ConstructorResolver.java:807] - Autowiring by type from bean name 'requestMappingHandlerMapping' via factory method to bean named 'mvcResourceUrlProvider'
2024-10-26 14:41:29,813 DEBUG [main][AbstractHandlerMethodMapping.java:351] - 3 mappings in 'requestMappingHandlerMapping'
2024-10-26 14:41:29,813 DEBUG [main][AbstractHandlerMethodMapping.java:351] - 3 mappings in 'requestMappingHandlerMapping'
2024-10-26 14:41:29,813 DEBUG [main][DefaultSingletonBeanRegistry.java:225] - Creating shared instance of singleton bean 'welcomePageHandlerMapping'
2024-10-26 14:41:29,813 DEBUG [main][DefaultSingletonBeanRegistry.java:225] - Creating shared instance of singleton bean 'welcomePageHandlerMapping'
2024-10-26 14:41:29,813 DEBUG [main][ConstructorResolver.java:807] - Autowiring by type from bean name 'welcomePageHandlerMapping' via factory method to bean named 'org.springframework.boot.web.servlet.context.AnnotationConfigServletWebServerApplicationContext@14dda234'
2024-10-26 14:41:29,813 DEBUG [main][ConstructorResolver.java:807] - Autowiring by type from bean name 'welcomePageHandlerMapping' via factory method to bean named 'mvcConversionService'
2024-10-26 14:41:29,813 DEBUG [main][ConstructorResolver.java:807] - Autowiring by type from bean name 'welcomePageHandlerMapping' via factory method to bean named 'org.springframework.boot.web.servlet.context.AnnotationConfigServletWebServerApplicationContext@14dda234'
2024-10-26 14:41:29,813 DEBUG [main][ConstructorResolver.java:807] - Autowiring by type from bean name 'welcomePageHandlerMapping' via factory method to bean named 'mvcConversionService'
2024-10-26 14:41:29,813 DEBUG [main][ConstructorResolver.java:807] - Autowiring by type from bean name 'welcomePageHandlerMapping' via factory method to bean named 'mvcResourceUrlProvider'
2024-10-26 14:41:29,813 DEBUG [main][ConstructorResolver.java:807] - Autowiring by type from bean name 'welcomePageHandlerMapping' via factory method to bean named 'mvcResourceUrlProvider'
2024-10-26 14:41:29,817 DEBUG [main][DefaultSingletonBeanRegistry.java:225] - Creating shared instance of singleton bean 'mvcPathMatcher'
2024-10-26 14:41:29,817 DEBUG [main][DefaultSingletonBeanRegistry.java:225] - Creating shared instance of singleton bean 'mvcPathMatcher'
2024-10-26 14:41:29,817 DEBUG [main][DefaultSingletonBeanRegistry.java:225] - Creating shared instance of singleton bean 'mvcUrlPathHelper'
2024-10-26 14:41:29,817 DEBUG [main][DefaultSingletonBeanRegistry.java:225] - Creating shared instance of singleton bean 'mvcUrlPathHelper'
2024-10-26 14:41:29,818 DEBUG [main][DefaultSingletonBeanRegistry.java:225] - Creating shared instance of singleton bean 'viewControllerHandlerMapping'
2024-10-26 14:41:29,818 DEBUG [main][DefaultSingletonBeanRegistry.java:225] - Creating shared instance of singleton bean 'viewControllerHandlerMapping'
2024-10-26 14:41:29,819 DEBUG [main][ConstructorResolver.java:807] - Autowiring by type from bean name 'viewControllerHandlerMapping' via factory method to bean named 'mvcPathMatcher'
2024-10-26 14:41:29,819 DEBUG [main][ConstructorResolver.java:807] - Autowiring by type from bean name 'viewControllerHandlerMapping' via factory method to bean named 'mvcPathMatcher'
2024-10-26 14:41:29,819 DEBUG [main][ConstructorResolver.java:807] - Autowiring by type from bean name 'viewControllerHandlerMapping' via factory method to bean named 'mvcUrlPathHelper'
2024-10-26 14:41:29,819 DEBUG [main][ConstructorResolver.java:807] - Autowiring by type from bean name 'viewControllerHandlerMapping' via factory method to bean named 'mvcUrlPathHelper'
2024-10-26 14:41:29,819 DEBUG [main][ConstructorResolver.java:807] - Autowiring by type from bean name 'viewControllerHandlerMapping' via factory method to bean named 'mvcConversionService'
2024-10-26 14:41:29,819 DEBUG [main][ConstructorResolver.java:807] - Autowiring by type from bean name 'viewControllerHandlerMapping' via factory method to bean named 'mvcConversionService'
2024-10-26 14:41:29,819 DEBUG [main][ConstructorResolver.java:807] - Autowiring by type from bean name 'viewControllerHandlerMapping' via factory method to bean named 'mvcResourceUrlProvider'
2024-10-26 14:41:29,819 DEBUG [main][ConstructorResolver.java:807] - Autowiring by type from bean name 'viewControllerHandlerMapping' via factory method to bean named 'mvcResourceUrlProvider'
2024-10-26 14:41:29,820 DEBUG [main][DefaultSingletonBeanRegistry.java:225] - Creating shared instance of singleton bean 'beanNameHandlerMapping'
2024-10-26 14:41:29,820 DEBUG [main][DefaultSingletonBeanRegistry.java:225] - Creating shared instance of singleton bean 'beanNameHandlerMapping'
2024-10-26 14:41:29,820 DEBUG [main][ConstructorResolver.java:807] - Autowiring by type from bean name 'beanNameHandlerMapping' via factory method to bean named 'mvcConversionService'
2024-10-26 14:41:29,820 DEBUG [main][ConstructorResolver.java:807] - Autowiring by type from bean name 'beanNameHandlerMapping' via factory method to bean named 'mvcConversionService'
2024-10-26 14:41:29,820 DEBUG [main][ConstructorResolver.java:807] - Autowiring by type from bean name 'beanNameHandlerMapping' via factory method to bean named 'mvcResourceUrlProvider'
2024-10-26 14:41:29,820 DEBUG [main][ConstructorResolver.java:807] - Autowiring by type from bean name 'beanNameHandlerMapping' via factory method to bean named 'mvcResourceUrlProvider'
2024-10-26 14:41:29,821 DEBUG [main][DefaultSingletonBeanRegistry.java:225] - Creating shared instance of singleton bean 'routerFunctionMapping'
2024-10-26 14:41:29,821 DEBUG [main][DefaultSingletonBeanRegistry.java:225] - Creating shared instance of singleton bean 'routerFunctionMapping'
2024-10-26 14:41:29,822 DEBUG [main][ConstructorResolver.java:807] - Autowiring by type from bean name 'routerFunctionMapping' via factory method to bean named 'mvcConversionService'
2024-10-26 14:41:29,822 DEBUG [main][ConstructorResolver.java:807] - Autowiring by type from bean name 'routerFunctionMapping' via factory method to bean named 'mvcConversionService'
2024-10-26 14:41:29,822 DEBUG [main][ConstructorResolver.java:807] - Autowiring by type from bean name 'routerFunctionMapping' via factory method to bean named 'mvcResourceUrlProvider'
2024-10-26 14:41:29,822 DEBUG [main][ConstructorResolver.java:807] - Autowiring by type from bean name 'routerFunctionMapping' via factory method to bean named 'mvcResourceUrlProvider'
2024-10-26 14:41:29,824 DEBUG [main][DefaultSingletonBeanRegistry.java:225] - Creating shared instance of singleton bean 'resourceHandlerMapping'
2024-10-26 14:41:29,824 DEBUG [main][DefaultSingletonBeanRegistry.java:225] - Creating shared instance of singleton bean 'resourceHandlerMapping'
2024-10-26 14:41:29,824 DEBUG [main][ConstructorResolver.java:807] - Autowiring by type from bean name 'resourceHandlerMapping' via factory method to bean named 'mvcUrlPathHelper'
2024-10-26 14:41:29,824 DEBUG [main][ConstructorResolver.java:807] - Autowiring by type from bean name 'resourceHandlerMapping' via factory method to bean named 'mvcUrlPathHelper'
2024-10-26 14:41:29,824 DEBUG [main][ConstructorResolver.java:807] - Autowiring by type from bean name 'resourceHandlerMapping' via factory method to bean named 'mvcPathMatcher'
2024-10-26 14:41:29,824 DEBUG [main][ConstructorResolver.java:807] - Autowiring by type from bean name 'resourceHandlerMapping' via factory method to bean named 'mvcPathMatcher'
2024-10-26 14:41:29,824 DEBUG [main][ConstructorResolver.java:807] - Autowiring by type from bean name 'resourceHandlerMapping' via factory method to bean named 'mvcContentNegotiationManager'
2024-10-26 14:41:29,824 DEBUG [main][ConstructorResolver.java:807] - Autowiring by type from bean name 'resourceHandlerMapping' via factory method to bean named 'mvcConversionService'
2024-10-26 14:41:29,824 DEBUG [main][ConstructorResolver.java:807] - Autowiring by type from bean name 'resourceHandlerMapping' via factory method to bean named 'mvcContentNegotiationManager'
2024-10-26 14:41:29,824 DEBUG [main][ConstructorResolver.java:807] - Autowiring by type from bean name 'resourceHandlerMapping' via factory method to bean named 'mvcResourceUrlProvider'
2024-10-26 14:41:29,824 DEBUG [main][ConstructorResolver.java:807] - Autowiring by type from bean name 'resourceHandlerMapping' via factory method to bean named 'mvcConversionService'
2024-10-26 14:41:29,824 DEBUG [main][ConstructorResolver.java:807] - Autowiring by type from bean name 'resourceHandlerMapping' via factory method to bean named 'mvcResourceUrlProvider'
2024-10-26 14:41:29,832 DEBUG [main][SimpleUrlHandlerMapping.java:173] - Patterns [/webjars/**, /**] in 'resourceHandlerMapping'
2024-10-26 14:41:29,832 DEBUG [main][SimpleUrlHandlerMapping.java:173] - Patterns [/webjars/**, /**] in 'resourceHandlerMapping'
2024-10-26 14:41:29,832 DEBUG [main][DefaultSingletonBeanRegistry.java:225] - Creating shared instance of singleton bean 'defaultServletHandlerMapping'
2024-10-26 14:41:29,832 DEBUG [main][DefaultSingletonBeanRegistry.java:225] - Creating shared instance of singleton bean 'defaultServletHandlerMapping'
2024-10-26 14:41:29,832 DEBUG [main][DefaultSingletonBeanRegistry.java:225] - Creating shared instance of singleton bean 'handlerFunctionAdapter'
2024-10-26 14:41:29,832 DEBUG [main][DefaultSingletonBeanRegistry.java:225] - Creating shared instance of singleton bean 'handlerFunctionAdapter'
2024-10-26 14:41:29,833 DEBUG [main][DefaultSingletonBeanRegistry.java:225] - Creating shared instance of singleton bean 'mvcUriComponentsContributor'
2024-10-26 14:41:29,833 DEBUG [main][DefaultSingletonBeanRegistry.java:225] - Creating shared instance of singleton bean 'mvcUriComponentsContributor'
2024-10-26 14:41:29,834 DEBUG [main][ConstructorResolver.java:807] - Autowiring by type from bean name 'mvcUriComponentsContributor' via factory method to bean named 'mvcConversionService'
2024-10-26 14:41:29,834 DEBUG [main][ConstructorResolver.java:807] - Autowiring by type from bean name 'mvcUriComponentsContributor' via factory method to bean named 'mvcConversionService'
2024-10-26 14:41:29,834 DEBUG [main][ConstructorResolver.java:807] - Autowiring by type from bean name 'mvcUriComponentsContributor' via factory method to bean named 'requestMappingHandlerAdapter'
2024-10-26 14:41:29,834 DEBUG [main][ConstructorResolver.java:807] - Autowiring by type from bean name 'mvcUriComponentsContributor' via factory method to bean named 'requestMappingHandlerAdapter'
2024-10-26 14:41:29,836 DEBUG [main][DefaultSingletonBeanRegistry.java:225] - Creating shared instance of singleton bean 'httpRequestHandlerAdapter'
2024-10-26 14:41:29,836 DEBUG [main][DefaultSingletonBeanRegistry.java:225] - Creating shared instance of singleton bean 'httpRequestHandlerAdapter'
2024-10-26 14:41:29,836 DEBUG [main][DefaultSingletonBeanRegistry.java:225] - Creating shared instance of singleton bean 'simpleControllerHandlerAdapter'
2024-10-26 14:41:29,836 DEBUG [main][DefaultSingletonBeanRegistry.java:225] - Creating shared instance of singleton bean 'simpleControllerHandlerAdapter'
2024-10-26 14:41:29,836 DEBUG [main][DefaultSingletonBeanRegistry.java:225] - Creating shared instance of singleton bean 'handlerExceptionResolver'
2024-10-26 14:41:29,836 DEBUG [main][DefaultSingletonBeanRegistry.java:225] - Creating shared instance of singleton bean 'handlerExceptionResolver'
2024-10-26 14:41:29,837 DEBUG [main][ConstructorResolver.java:807] - Autowiring by type from bean name 'handlerExceptionResolver' via factory method to bean named 'mvcContentNegotiationManager'
2024-10-26 14:41:29,837 DEBUG [main][ConstructorResolver.java:807] - Autowiring by type from bean name 'handlerExceptionResolver' via factory method to bean named 'mvcContentNegotiationManager'
2024-10-26 14:41:29,840 DEBUG [main][ExceptionHandlerExceptionResolver.java:297] - ControllerAdvice beans: 0 @ExceptionHandler, 1 ResponseBodyAdvice
2024-10-26 14:41:29,840 DEBUG [main][ExceptionHandlerExceptionResolver.java:297] - ControllerAdvice beans: 0 @ExceptionHandler, 1 ResponseBodyAdvice
2024-10-26 14:41:29,842 DEBUG [main][DefaultSingletonBeanRegistry.java:225] - Creating shared instance of singleton bean 'mvcViewResolver'
2024-10-26 14:41:29,842 DEBUG [main][DefaultSingletonBeanRegistry.java:225] - Creating shared instance of singleton bean 'mvcViewResolver'
2024-10-26 14:41:29,843 DEBUG [main][ConstructorResolver.java:807] - Autowiring by type from bean name 'mvcViewResolver' via factory method to bean named 'mvcContentNegotiationManager'
2024-10-26 14:41:29,843 DEBUG [main][ConstructorResolver.java:807] - Autowiring by type from bean name 'mvcViewResolver' via factory method to bean named 'mvcContentNegotiationManager'
2024-10-26 14:41:29,845 DEBUG [main][DefaultSingletonBeanRegistry.java:225] - Creating shared instance of singleton bean 'defaultViewResolver'
2024-10-26 14:41:29,845 DEBUG [main][DefaultSingletonBeanRegistry.java:225] - Creating shared instance of singleton bean 'defaultViewResolver'
2024-10-26 14:41:29,848 DEBUG [main][DefaultSingletonBeanRegistry.java:225] - Creating shared instance of singleton bean 'viewResolver'
2024-10-26 14:41:29,848 DEBUG [main][DefaultSingletonBeanRegistry.java:225] - Creating shared instance of singleton bean 'viewResolver'
2024-10-26 14:41:29,850 DEBUG [main][ConstructorResolver.java:807] - Autowiring by type from bean name 'viewResolver' via factory method to bean named 'org.springframework.beans.factory.support.DefaultListableBeanFactory@5bd82fed'
2024-10-26 14:41:29,850 DEBUG [main][ConstructorResolver.java:807] - Autowiring by type from bean name 'viewResolver' via factory method to bean named 'org.springframework.beans.factory.support.DefaultListableBeanFactory@5bd82fed'
2024-10-26 14:41:29,851 DEBUG [main][DefaultSingletonBeanRegistry.java:225] - Creating shared instance of singleton bean 'org.springframework.boot.autoconfigure.jmx.JmxAutoConfiguration'
2024-10-26 14:41:29,851 DEBUG [main][DefaultSingletonBeanRegistry.java:225] - Creating shared instance of singleton bean 'org.springframework.boot.autoconfigure.jmx.JmxAutoConfiguration'
2024-10-26 14:41:29,852 DEBUG [main][ConstructorResolver.java:807] - Autowiring by type from bean name 'org.springframework.boot.autoconfigure.jmx.JmxAutoConfiguration' via constructor to bean named 'environment'
2024-10-26 14:41:29,852 DEBUG [main][ConstructorResolver.java:807] - Autowiring by type from bean name 'org.springframework.boot.autoconfigure.jmx.JmxAutoConfiguration' via constructor to bean named 'environment'
2024-10-26 14:41:29,852 DEBUG [main][DefaultSingletonBeanRegistry.java:225] - Creating shared instance of singleton bean 'mbeanExporter'
2024-10-26 14:41:29,852 DEBUG [main][DefaultSingletonBeanRegistry.java:225] - Creating shared instance of singleton bean 'mbeanExporter'
2024-10-26 14:41:29,852 DEBUG [main][DefaultSingletonBeanRegistry.java:225] - Creating shared instance of singleton bean 'objectNamingStrategy'
2024-10-26 14:41:29,852 DEBUG [main][DefaultSingletonBeanRegistry.java:225] - Creating shared instance of singleton bean 'objectNamingStrategy'
2024-10-26 14:41:29,854 DEBUG [main][ConstructorResolver.java:807] - Autowiring by type from bean name 'mbeanExporter' via factory method to bean named 'objectNamingStrategy'
2024-10-26 14:41:29,854 DEBUG [main][ConstructorResolver.java:807] - Autowiring by type from bean name 'mbeanExporter' via factory method to bean named 'org.springframework.beans.factory.support.DefaultListableBeanFactory@5bd82fed'
2024-10-26 14:41:29,854 DEBUG [main][ConstructorResolver.java:807] - Autowiring by type from bean name 'mbeanExporter' via factory method to bean named 'objectNamingStrategy'
2024-10-26 14:41:29,854 DEBUG [main][ConstructorResolver.java:807] - Autowiring by type from bean name 'mbeanExporter' via factory method to bean named 'org.springframework.beans.factory.support.DefaultListableBeanFactory@5bd82fed'
2024-10-26 14:41:29,858 DEBUG [main][DefaultSingletonBeanRegistry.java:225] - Creating shared instance of singleton bean 'mbeanServer'
2024-10-26 14:41:29,858 DEBUG [main][DefaultSingletonBeanRegistry.java:225] - Creating shared instance of singleton bean 'mbeanServer'
2024-10-26 14:41:29,860 DEBUG [main][JmxUtils.java:127] - Found MBeanServer: com.sun.jmx.mbeanserver.JmxMBeanServer@7c3df479
2024-10-26 14:41:29,860 DEBUG [main][JmxUtils.java:127] - Found MBeanServer: com.sun.jmx.mbeanserver.JmxMBeanServer@7c3df479
2024-10-26 14:41:29,863 DEBUG [main][DefaultSingletonBeanRegistry.java:225] - Creating shared instance of singleton bean 'org.springframework.boot.autoconfigure.admin.SpringApplicationAdminJmxAutoConfiguration'
2024-10-26 14:41:29,863 DEBUG [main][DefaultSingletonBeanRegistry.java:225] - Creating shared instance of singleton bean 'org.springframework.boot.autoconfigure.admin.SpringApplicationAdminJmxAutoConfiguration'
2024-10-26 14:41:29,863 DEBUG [main][DefaultSingletonBeanRegistry.java:225] - Creating shared instance of singleton bean 'springApplicationAdminRegistrar'
2024-10-26 14:41:29,863 DEBUG [main][DefaultSingletonBeanRegistry.java:225] - Creating shared instance of singleton bean 'springApplicationAdminRegistrar'
2024-10-26 14:41:29,864 DEBUG [main][ConstructorResolver.java:807] - Autowiring by type from bean name 'springApplicationAdminRegistrar' via factory method to bean named 'environment'
2024-10-26 14:41:29,864 DEBUG [main][ConstructorResolver.java:807] - Autowiring by type from bean name 'springApplicationAdminRegistrar' via factory method to bean named 'environment'
2024-10-26 14:41:29,866 DEBUG [main][SpringApplicationAdminMXBeanRegistrar.java:131] - Application Admin MBean registered with name 'org.springframework.boot:type=Admin,name=SpringApplication'
2024-10-26 14:41:29,866 DEBUG [main][SpringApplicationAdminMXBeanRegistrar.java:131] - Application Admin MBean registered with name 'org.springframework.boot:type=Admin,name=SpringApplication'
2024-10-26 14:41:29,867 DEBUG [main][DefaultSingletonBeanRegistry.java:225] - Creating shared instance of singleton bean 'org.springframework.boot.autoconfigure.aop.AopAutoConfiguration$ClassProxyingConfiguration'
2024-10-26 14:41:29,867 DEBUG [main][DefaultSingletonBeanRegistry.java:225] - Creating shared instance of singleton bean 'org.springframework.boot.autoconfigure.aop.AopAutoConfiguration$ClassProxyingConfiguration'
2024-10-26 14:41:29,867 DEBUG [main][ConstructorResolver.java:807] - Autowiring by type from bean name 'org.springframework.boot.autoconfigure.aop.AopAutoConfiguration$ClassProxyingConfiguration' via constructor to bean named 'org.springframework.beans.factory.support.DefaultListableBeanFactory@5bd82fed'
2024-10-26 14:41:29,867 DEBUG [main][ConstructorResolver.java:807] - Autowiring by type from bean name 'org.springframework.boot.autoconfigure.aop.AopAutoConfiguration$ClassProxyingConfiguration' via constructor to bean named 'org.springframework.beans.factory.support.DefaultListableBeanFactory@5bd82fed'
2024-10-26 14:41:29,870 DEBUG [main][DefaultSingletonBeanRegistry.java:225] - Creating shared instance of singleton bean 'org.springframework.boot.autoconfigure.aop.AopAutoConfiguration'
2024-10-26 14:41:29,870 DEBUG [main][DefaultSingletonBeanRegistry.java:225] - Creating shared instance of singleton bean 'org.springframework.boot.autoconfigure.aop.AopAutoConfiguration'
2024-10-26 14:41:29,870 DEBUG [main][DefaultSingletonBeanRegistry.java:225] - Creating shared instance of singleton bean 'org.springframework.boot.autoconfigure.availability.ApplicationAvailabilityAutoConfiguration'
2024-10-26 14:41:29,870 DEBUG [main][DefaultSingletonBeanRegistry.java:225] - Creating shared instance of singleton bean 'org.springframework.boot.autoconfigure.availability.ApplicationAvailabilityAutoConfiguration'
2024-10-26 14:41:29,870 DEBUG [main][DefaultSingletonBeanRegistry.java:225] - Creating shared instance of singleton bean 'applicationAvailability'
2024-10-26 14:41:29,870 DEBUG [main][DefaultSingletonBeanRegistry.java:225] - Creating shared instance of singleton bean 'applicationAvailability'
2024-10-26 14:41:29,871 DEBUG [main][DefaultSingletonBeanRegistry.java:225] - Creating shared instance of singleton bean 'org.springframework.cloud.autoconfigure.RefreshAutoConfiguration'
2024-10-26 14:41:29,871 DEBUG [main][DefaultSingletonBeanRegistry.java:225] - Creating shared instance of singleton bean 'org.springframework.cloud.autoconfigure.RefreshAutoConfiguration'
2024-10-26 14:41:29,871 DEBUG [main][DefaultSingletonBeanRegistry.java:225] - Creating shared instance of singleton bean 'loggingRebinder'
2024-10-26 14:41:29,871 DEBUG [main][DefaultSingletonBeanRegistry.java:225] - Creating shared instance of singleton bean 'loggingRebinder'
2024-10-26 14:41:29,871 DEBUG [main][DefaultSingletonBeanRegistry.java:225] - Creating shared instance of singleton bean 'contextRefresher'
2024-10-26 14:41:29,871 DEBUG [main][DefaultSingletonBeanRegistry.java:225] - Creating shared instance of singleton bean 'contextRefresher'
2024-10-26 14:41:29,872 DEBUG [main][ConstructorResolver.java:807] - Autowiring by type from bean name 'contextRefresher' via factory method to bean named 'org.springframework.boot.web.servlet.context.AnnotationConfigServletWebServerApplicationContext@14dda234'
2024-10-26 14:41:29,872 DEBUG [main][ConstructorResolver.java:807] - Autowiring by type from bean name 'contextRefresher' via factory method to bean named 'refreshScope'
2024-10-26 14:41:29,872 DEBUG [main][ConstructorResolver.java:807] - Autowiring by type from bean name 'contextRefresher' via factory method to bean named 'org.springframework.boot.web.servlet.context.AnnotationConfigServletWebServerApplicationContext@14dda234'
2024-10-26 14:41:29,872 DEBUG [main][ConstructorResolver.java:807] - Autowiring by type from bean name 'contextRefresher' via factory method to bean named 'refreshScope'
2024-10-26 14:41:29,872 DEBUG [main][DefaultSingletonBeanRegistry.java:225] - Creating shared instance of singleton bean 'refreshEventListener'
2024-10-26 14:41:29,872 DEBUG [main][DefaultSingletonBeanRegistry.java:225] - Creating shared instance of singleton bean 'refreshEventListener'
2024-10-26 14:41:29,873 DEBUG [main][ConstructorResolver.java:807] - Autowiring by type from bean name 'refreshEventListener' via factory method to bean named 'contextRefresher'
2024-10-26 14:41:29,873 DEBUG [main][ConstructorResolver.java:807] - Autowiring by type from bean name 'refreshEventListener' via factory method to bean named 'contextRefresher'
2024-10-26 14:41:29,873 DEBUG [main][DefaultSingletonBeanRegistry.java:225] - Creating shared instance of singleton bean 'org.springframework.boot.autoconfigure.context.ConfigurationPropertiesAutoConfiguration'
2024-10-26 14:41:29,873 DEBUG [main][DefaultSingletonBeanRegistry.java:225] - Creating shared instance of singleton bean 'org.springframework.boot.autoconfigure.context.ConfigurationPropertiesAutoConfiguration'
2024-10-26 14:41:29,874 DEBUG [main][DefaultSingletonBeanRegistry.java:225] - Creating shared instance of singleton bean 'org.springframework.boot.autoconfigure.context.LifecycleAutoConfiguration'
2024-10-26 14:41:29,874 DEBUG [main][DefaultSingletonBeanRegistry.java:225] - Creating shared instance of singleton bean 'org.springframework.boot.autoconfigure.context.LifecycleAutoConfiguration'
2024-10-26 14:41:29,874 DEBUG [main][DefaultSingletonBeanRegistry.java:225] - Creating shared instance of singleton bean 'lifecycleProcessor'
2024-10-26 14:41:29,874 DEBUG [main][DefaultSingletonBeanRegistry.java:225] - Creating shared instance of singleton bean 'lifecycleProcessor'
2024-10-26 14:41:29,874 DEBUG [main][DefaultSingletonBeanRegistry.java:225] - Creating shared instance of singleton bean 'spring.lifecycle-org.springframework.boot.autoconfigure.context.LifecycleProperties'
2024-10-26 14:41:29,874 DEBUG [main][DefaultSingletonBeanRegistry.java:225] - Creating shared instance of singleton bean 'spring.lifecycle-org.springframework.boot.autoconfigure.context.LifecycleProperties'
2024-10-26 14:41:29,876 DEBUG [main][ConstructorResolver.java:807] - Autowiring by type from bean name 'lifecycleProcessor' via factory method to bean named 'spring.lifecycle-org.springframework.boot.autoconfigure.context.LifecycleProperties'
2024-10-26 14:41:29,876 DEBUG [main][ConstructorResolver.java:807] - Autowiring by type from bean name 'lifecycleProcessor' via factory method to bean named 'spring.lifecycle-org.springframework.boot.autoconfigure.context.LifecycleProperties'
2024-10-26 14:41:29,877 DEBUG [main][DefaultSingletonBeanRegistry.java:225] - Creating shared instance of singleton bean 'org.springframework.boot.autoconfigure.http.JacksonHttpMessageConvertersConfiguration'
2024-10-26 14:41:29,877 DEBUG [main][DefaultSingletonBeanRegistry.java:225] - Creating shared instance of singleton bean 'org.springframework.boot.autoconfigure.http.JacksonHttpMessageConvertersConfiguration'
2024-10-26 14:41:29,877 DEBUG [main][DefaultSingletonBeanRegistry.java:225] - Creating shared instance of singleton bean 'org.springframework.boot.autoconfigure.info.ProjectInfoAutoConfiguration'
2024-10-26 14:41:29,877 DEBUG [main][DefaultSingletonBeanRegistry.java:225] - Creating shared instance of singleton bean 'org.springframework.boot.autoconfigure.info.ProjectInfoAutoConfiguration'
2024-10-26 14:41:29,879 DEBUG [main][DefaultSingletonBeanRegistry.java:225] - Creating shared instance of singleton bean 'spring.info-org.springframework.boot.autoconfigure.info.ProjectInfoProperties'
2024-10-26 14:41:29,879 DEBUG [main][DefaultSingletonBeanRegistry.java:225] - Creating shared instance of singleton bean 'spring.info-org.springframework.boot.autoconfigure.info.ProjectInfoProperties'
2024-10-26 14:41:29,880 DEBUG [main][ConstructorResolver.java:807] - Autowiring by type from bean name 'org.springframework.boot.autoconfigure.info.ProjectInfoAutoConfiguration' via constructor to bean named 'spring.info-org.springframework.boot.autoconfigure.info.ProjectInfoProperties'
2024-10-26 14:41:29,880 DEBUG [main][ConstructorResolver.java:807] - Autowiring by type from bean name 'org.springframework.boot.autoconfigure.info.ProjectInfoAutoConfiguration' via constructor to bean named 'spring.info-org.springframework.boot.autoconfigure.info.ProjectInfoProperties'
2024-10-26 14:41:29,880 DEBUG [main][DefaultSingletonBeanRegistry.java:225] - Creating shared instance of singleton bean 'org.springframework.boot.autoconfigure.task.TaskSchedulingAutoConfiguration'
2024-10-26 14:41:29,880 DEBUG [main][DefaultSingletonBeanRegistry.java:225] - Creating shared instance of singleton bean 'org.springframework.boot.autoconfigure.task.TaskSchedulingAutoConfiguration'
2024-10-26 14:41:29,881 DEBUG [main][DefaultSingletonBeanRegistry.java:225] - Creating shared instance of singleton bean 'taskSchedulerBuilder'
2024-10-26 14:41:29,881 DEBUG [main][DefaultSingletonBeanRegistry.java:225] - Creating shared instance of singleton bean 'taskSchedulerBuilder'
2024-10-26 14:41:29,882 DEBUG [main][DefaultSingletonBeanRegistry.java:225] - Creating shared instance of singleton bean 'spring.task.scheduling-org.springframework.boot.autoconfigure.task.TaskSchedulingProperties'
2024-10-26 14:41:29,882 DEBUG [main][DefaultSingletonBeanRegistry.java:225] - Creating shared instance of singleton bean 'spring.task.scheduling-org.springframework.boot.autoconfigure.task.TaskSchedulingProperties'
2024-10-26 14:41:29,883 DEBUG [main][ConstructorResolver.java:807] - Autowiring by type from bean name 'taskSchedulerBuilder' via factory method to bean named 'spring.task.scheduling-org.springframework.boot.autoconfigure.task.TaskSchedulingProperties'
2024-10-26 14:41:29,883 DEBUG [main][ConstructorResolver.java:807] - Autowiring by type from bean name 'taskSchedulerBuilder' via factory method to bean named 'spring.task.scheduling-org.springframework.boot.autoconfigure.task.TaskSchedulingProperties'
2024-10-26 14:41:29,884 DEBUG [main][DefaultSingletonBeanRegistry.java:225] - Creating shared instance of singleton bean 'org.springframework.boot.autoconfigure.web.client.RestTemplateAutoConfiguration'
2024-10-26 14:41:29,884 DEBUG [main][DefaultSingletonBeanRegistry.java:225] - Creating shared instance of singleton bean 'org.springframework.boot.autoconfigure.web.client.RestTemplateAutoConfiguration'
2024-10-26 14:41:29,885 DEBUG [main][DefaultSingletonBeanRegistry.java:225] - Creating shared instance of singleton bean 'org.springframework.boot.autoconfigure.web.embedded.EmbeddedWebServerFactoryCustomizerAutoConfiguration'
2024-10-26 14:41:29,885 DEBUG [main][DefaultSingletonBeanRegistry.java:225] - Creating shared instance of singleton bean 'org.springframework.boot.autoconfigure.web.embedded.EmbeddedWebServerFactoryCustomizerAutoConfiguration'
2024-10-26 14:41:29,885 DEBUG [main][DefaultSingletonBeanRegistry.java:225] - Creating shared instance of singleton bean 'multipartResolver'
2024-10-26 14:41:29,885 DEBUG [main][DefaultSingletonBeanRegistry.java:225] - Creating shared instance of singleton bean 'multipartResolver'
2024-10-26 14:41:29,886 DEBUG [main][DefaultSingletonBeanRegistry.java:225] - Creating shared instance of singleton bean 'org.springframework.cloud.autoconfigure.ConfigurationPropertiesRebinderAutoConfiguration'
2024-10-26 14:41:29,886 DEBUG [main][DefaultSingletonBeanRegistry.java:225] - Creating shared instance of singleton bean 'org.springframework.cloud.autoconfigure.ConfigurationPropertiesRebinderAutoConfiguration'
2024-10-26 14:41:29,886 DEBUG [main][DefaultSingletonBeanRegistry.java:225] - Creating shared instance of singleton bean 'configurationPropertiesRebinder'
2024-10-26 14:41:29,886 DEBUG [main][DefaultSingletonBeanRegistry.java:225] - Creating shared instance of singleton bean 'configurationPropertiesRebinder'
2024-10-26 14:41:29,887 DEBUG [main][ConstructorResolver.java:807] - Autowiring by type from bean name 'configurationPropertiesRebinder' via factory method to bean named 'configurationPropertiesBeans'
2024-10-26 14:41:29,887 DEBUG [main][ConstructorResolver.java:807] - Autowiring by type from bean name 'configurationPropertiesRebinder' via factory method to bean named 'configurationPropertiesBeans'
2024-10-26 14:41:29,887 DEBUG [main][DefaultSingletonBeanRegistry.java:225] - Creating shared instance of singleton bean 'org.springframework.cloud.autoconfigure.LifecycleMvcEndpointAutoConfiguration'
2024-10-26 14:41:29,887 DEBUG [main][DefaultSingletonBeanRegistry.java:225] - Creating shared instance of singleton bean 'org.springframework.cloud.autoconfigure.LifecycleMvcEndpointAutoConfiguration'
2024-10-26 14:41:29,887 DEBUG [main][DefaultSingletonBeanRegistry.java:225] - Creating shared instance of singleton bean 'environmentManager'
2024-10-26 14:41:29,887 DEBUG [main][DefaultSingletonBeanRegistry.java:225] - Creating shared instance of singleton bean 'environmentManager'
2024-10-26 14:41:29,888 DEBUG [main][ConstructorResolver.java:807] - Autowiring by type from bean name 'environmentManager' via factory method to bean named 'environment'
2024-10-26 14:41:29,888 DEBUG [main][ConstructorResolver.java:807] - Autowiring by type from bean name 'environmentManager' via factory method to bean named 'environment'
2024-10-26 14:41:29,893 DEBUG [main][MBeanExporter.java:434] - Registering beans for JMX exposure on startup
2024-10-26 14:41:29,893 DEBUG [main][MBeanExporter.java:434] - Registering beans for JMX exposure on startup
2024-10-26 14:41:29,893 DEBUG [main][MBeanExporter.java:541] - Autodetecting user-defined JMX MBeans
2024-10-26 14:41:29,893 DEBUG [main][MBeanExporter.java:541] - Autodetecting user-defined JMX MBeans
2024-10-26 14:41:29,900 DEBUG [main][MBeanExporter.java:896] - Bean with name 'refreshScope' has been autodetected for JMX exposure
2024-10-26 14:41:29,900 DEBUG [main][MBeanExporter.java:896] - Bean with name 'refreshScope' has been autodetected for JMX exposure
2024-10-26 14:41:29,901 DEBUG [main][MBeanExporter.java:896] - Bean with name 'configurationPropertiesRebinder' has been autodetected for JMX exposure
2024-10-26 14:41:29,901 DEBUG [main][MBeanExporter.java:896] - Bean with name 'configurationPropertiesRebinder' has been autodetected for JMX exposure
2024-10-26 14:41:29,902 DEBUG [main][MBeanExporter.java:896] - Bean with name 'environmentManager' has been autodetected for JMX exposure
2024-10-26 14:41:29,902 DEBUG [main][MBeanExporter.java:896] - Bean with name 'environmentManager' has been autodetected for JMX exposure
2024-10-26 14:41:29,903 DEBUG [main][MBeanExporter.java:676] - Located managed bean 'environmentManager': registering with JMX server as MBean [org.springframework.cloud.context.environment:name=environmentManager,type=EnvironmentManager]
2024-10-26 14:41:29,903 DEBUG [main][MBeanExporter.java:676] - Located managed bean 'environmentManager': registering with JMX server as MBean [org.springframework.cloud.context.environment:name=environmentManager,type=EnvironmentManager]
2024-10-26 14:41:29,917 DEBUG [main][MBeanExporter.java:676] - Located managed bean 'refreshScope': registering with JMX server as MBean [org.springframework.cloud.context.scope.refresh:name=refreshScope,type=RefreshScope]
2024-10-26 14:41:29,917 DEBUG [main][MBeanExporter.java:676] - Located managed bean 'refreshScope': registering with JMX server as MBean [org.springframework.cloud.context.scope.refresh:name=refreshScope,type=RefreshScope]
2024-10-26 14:41:29,927 DEBUG [main][MBeanExporter.java:676] - Located managed bean 'configurationPropertiesRebinder': registering with JMX server as MBean [org.springframework.cloud.context.properties:name=configurationPropertiesRebinder,context=14dda234,type=ConfigurationPropertiesRebinder]
2024-10-26 14:41:29,927 DEBUG [main][MBeanExporter.java:676] - Located managed bean 'configurationPropertiesRebinder': registering with JMX server as MBean [org.springframework.cloud.context.properties:name=configurationPropertiesRebinder,context=14dda234,type=ConfigurationPropertiesRebinder]
2024-10-26 14:41:29,937 DEBUG [main][DefaultLifecycleProcessor.java:356] - Starting beans in phase 2147483646
2024-10-26 14:41:29,937 DEBUG [main][DefaultLifecycleProcessor.java:356] - Starting beans in phase 2147483646
2024-10-26 14:41:29,937 INFO [main][DirectJDKLog.java:173] - Starting ProtocolHandler ["http-nio-63040"]
2024-10-26 14:41:29,937 INFO [main][DirectJDKLog.java:173] - Starting ProtocolHandler ["http-nio-63040"]
2024-10-26 14:41:30,031 INFO [main][TomcatWebServer.java:220] - Tomcat started on port(s): 63040 (http) with context path '/content'
2024-10-26 14:41:30,031 INFO [main][TomcatWebServer.java:220] - Tomcat started on port(s): 63040 (http) with context path '/content'
2024-10-26 14:41:30,033 DEBUG [main][DefaultLifecycleProcessor.java:188] - Successfully started bean 'webServerStartStop'
2024-10-26 14:41:30,033 DEBUG [main][DefaultLifecycleProcessor.java:356] - Starting beans in phase 2147483647
2024-10-26 14:41:30,033 DEBUG [main][DefaultLifecycleProcessor.java:188] - Successfully started bean 'webServerGracefulShutdown'
2024-10-26 14:41:30,033 DEBUG [main][DefaultLifecycleProcessor.java:188] - Successfully started bean 'webServerStartStop'
2024-10-26 14:41:30,033 DEBUG [main][DefaultLifecycleProcessor.java:356] - Starting beans in phase 2147483647
2024-10-26 14:41:30,033 DEBUG [main][DefaultLifecycleProcessor.java:188] - Successfully started bean 'webServerGracefulShutdown'
2024-10-26 14:41:30,044 DEBUG [main][ConditionEvaluationReportLoggingListener.java:126] - 


============================
CONDITIONS EVALUATION REPORT
============================


Positive matches:
-----------------

   AopAutoConfiguration matched:
      - @ConditionalOnProperty (spring.aop.auto=true) matched (OnPropertyCondition)

   AopAutoConfiguration.ClassProxyingConfiguration matched:
      - @ConditionalOnMissingClass did not find unwanted class 'org.aspectj.weaver.Advice' (OnClassCondition)
      - @ConditionalOnProperty (spring.aop.proxy-target-class=true) matched (OnPropertyCondition)

   ConfigurationPropertiesRebinderAutoConfiguration matched:
      - @ConditionalOnBean (types: org.springframework.boot.context.properties.ConfigurationPropertiesBindingPostProcessor; SearchStrategy: all) found bean 'org.springframework.boot.context.properties.ConfigurationPropertiesBindingPostProcessor' (OnBeanCondition)

   ConfigurationPropertiesRebinderAutoConfiguration#configurationPropertiesBeans matched:
      - @ConditionalOnMissingBean (types: org.springframework.cloud.context.properties.ConfigurationPropertiesBeans; SearchStrategy: current) did not find any beans (OnBeanCondition)

   ConfigurationPropertiesRebinderAutoConfiguration#configurationPropertiesRebinder matched:
      - @ConditionalOnMissingBean (types: org.springframework.cloud.context.properties.ConfigurationPropertiesRebinder; SearchStrategy: current) did not find any beans (OnBeanCondition)

   DispatcherServletAutoConfiguration matched:
      - @ConditionalOnClass found required class 'org.springframework.web.servlet.DispatcherServlet' (OnClassCondition)
      - found 'session' scope (OnWebApplicationCondition)

   DispatcherServletAutoConfiguration.DispatcherServletConfiguration matched:
      - @ConditionalOnClass found required class 'javax.servlet.ServletRegistration' (OnClassCondition)
      - Default DispatcherServlet did not find dispatcher servlet beans (DispatcherServletAutoConfiguration.DefaultDispatcherServletCondition)

   DispatcherServletAutoConfiguration.DispatcherServletRegistrationConfiguration matched:
      - @ConditionalOnClass found required class 'javax.servlet.ServletRegistration' (OnClassCondition)
      - DispatcherServlet Registration did not find servlet registration bean (DispatcherServletAutoConfiguration.DispatcherServletRegistrationCondition)

   DispatcherServletAutoConfiguration.DispatcherServletRegistrationConfiguration#dispatcherServletRegistration matched:
      - @ConditionalOnBean (names: dispatcherServlet types: org.springframework.web.servlet.DispatcherServlet; SearchStrategy: all) found bean 'dispatcherServlet' (OnBeanCondition)

   EmbeddedWebServerFactoryCustomizerAutoConfiguration matched:
      - @ConditionalOnWebApplication (required) found 'session' scope (OnWebApplicationCondition)

   EmbeddedWebServerFactoryCustomizerAutoConfiguration.TomcatWebServerFactoryCustomizerConfiguration matched:
      - @ConditionalOnClass found required classes 'org.apache.catalina.startup.Tomcat', 'org.apache.coyote.UpgradeProtocol' (OnClassCondition)

   ErrorMvcAutoConfiguration matched:
      - @ConditionalOnClass found required classes 'javax.servlet.Servlet', 'org.springframework.web.servlet.DispatcherServlet' (OnClassCondition)
      - found 'session' scope (OnWebApplicationCondition)

   ErrorMvcAutoConfiguration#basicErrorController matched:
      - @ConditionalOnMissingBean (types: org.springframework.boot.web.servlet.error.ErrorController; SearchStrategy: current) did not find any beans (OnBeanCondition)

   ErrorMvcAutoConfiguration#errorAttributes matched:
      - @ConditionalOnMissingBean (types: org.springframework.boot.web.servlet.error.ErrorAttributes; SearchStrategy: current) did not find any beans (OnBeanCondition)

   ErrorMvcAutoConfiguration.DefaultErrorViewResolverConfiguration#conventionErrorViewResolver matched:
      - @ConditionalOnBean (types: org.springframework.web.servlet.DispatcherServlet; SearchStrategy: all) found bean 'dispatcherServlet'; @ConditionalOnMissingBean (types: org.springframework.boot.autoconfigure.web.servlet.error.ErrorViewResolver; SearchStrategy: all) did not find any beans (OnBeanCondition)

   ErrorMvcAutoConfiguration.WhitelabelErrorViewConfiguration matched:
      - @ConditionalOnProperty (server.error.whitelabel.enabled) matched (OnPropertyCondition)
      - ErrorTemplate Missing did not find error template view (ErrorMvcAutoConfiguration.ErrorTemplateMissingCondition)

   ErrorMvcAutoConfiguration.WhitelabelErrorViewConfiguration#beanNameViewResolver matched:
      - @ConditionalOnMissingBean (types: org.springframework.web.servlet.view.BeanNameViewResolver; SearchStrategy: all) did not find any beans (OnBeanCondition)

   ErrorMvcAutoConfiguration.WhitelabelErrorViewConfiguration#defaultErrorView matched:
      - @ConditionalOnMissingBean (names: error; SearchStrategy: all) did not find any beans (OnBeanCondition)

   GenericCacheConfiguration matched:
      - Cache org.springframework.boot.autoconfigure.cache.GenericCacheConfiguration automatic cache type (CacheCondition)

   HttpEncodingAutoConfiguration matched:
      - @ConditionalOnClass found required class 'org.springframework.web.filter.CharacterEncodingFilter' (OnClassCondition)
      - found 'session' scope (OnWebApplicationCondition)
      - @ConditionalOnProperty (server.servlet.encoding.enabled) matched (OnPropertyCondition)

   HttpEncodingAutoConfiguration#characterEncodingFilter matched:
      - @ConditionalOnMissingBean (types: org.springframework.web.filter.CharacterEncodingFilter; SearchStrategy: all) did not find any beans (OnBeanCondition)

   HttpMessageConvertersAutoConfiguration matched:
      - @ConditionalOnClass found required class 'org.springframework.http.converter.HttpMessageConverter' (OnClassCondition)
      - NoneNestedConditions 0 matched 1 did not; NestedCondition on HttpMessageConvertersAutoConfiguration.NotReactiveWebApplicationCondition.ReactiveWebApplication did not find reactive web application classes (HttpMessageConvertersAutoConfiguration.NotReactiveWebApplicationCondition)

   HttpMessageConvertersAutoConfiguration#messageConverters matched:
      - @ConditionalOnMissingBean (types: org.springframework.boot.autoconfigure.http.HttpMessageConverters; SearchStrategy: all) did not find any beans (OnBeanCondition)

   HttpMessageConvertersAutoConfiguration.StringHttpMessageConverterConfiguration matched:
      - @ConditionalOnClass found required class 'org.springframework.http.converter.StringHttpMessageConverter' (OnClassCondition)

   HttpMessageConvertersAutoConfiguration.StringHttpMessageConverterConfiguration#stringHttpMessageConverter matched:
      - @ConditionalOnMissingBean (types: org.springframework.http.converter.StringHttpMessageConverter; SearchStrategy: all) did not find any beans (OnBeanCondition)

   JacksonAutoConfiguration matched:
      - @ConditionalOnClass found required class 'com.fasterxml.jackson.databind.ObjectMapper' (OnClassCondition)

   JacksonAutoConfiguration.Jackson2ObjectMapperBuilderCustomizerConfiguration matched:
      - @ConditionalOnClass found required class 'org.springframework.http.converter.json.Jackson2ObjectMapperBuilder' (OnClassCondition)

   JacksonAutoConfiguration.JacksonObjectMapperBuilderConfiguration matched:
      - @ConditionalOnClass found required class 'org.springframework.http.converter.json.Jackson2ObjectMapperBuilder' (OnClassCondition)

   JacksonAutoConfiguration.JacksonObjectMapperBuilderConfiguration#jacksonObjectMapperBuilder matched:
      - @ConditionalOnMissingBean (types: org.springframework.http.converter.json.Jackson2ObjectMapperBuilder; SearchStrategy: all) did not find any beans (OnBeanCondition)

   JacksonAutoConfiguration.JacksonObjectMapperConfiguration matched:
      - @ConditionalOnClass found required class 'org.springframework.http.converter.json.Jackson2ObjectMapperBuilder' (OnClassCondition)

   JacksonAutoConfiguration.JacksonObjectMapperConfiguration#jacksonObjectMapper matched:
      - @ConditionalOnMissingBean (types: com.fasterxml.jackson.databind.ObjectMapper; SearchStrategy: all) did not find any beans (OnBeanCondition)

   JacksonAutoConfiguration.ParameterNamesModuleConfiguration matched:
      - @ConditionalOnClass found required class 'com.fasterxml.jackson.module.paramnames.ParameterNamesModule' (OnClassCondition)

   JacksonAutoConfiguration.ParameterNamesModuleConfiguration#parameterNamesModule matched:
      - @ConditionalOnMissingBean (types: com.fasterxml.jackson.module.paramnames.ParameterNamesModule; SearchStrategy: all) did not find any beans (OnBeanCondition)

   JacksonHttpMessageConvertersConfiguration.MappingJackson2HttpMessageConverterConfiguration matched:
      - @ConditionalOnClass found required class 'com.fasterxml.jackson.databind.ObjectMapper' (OnClassCondition)
      - @ConditionalOnProperty (spring.mvc.converters.preferred-json-mapper=jackson) matched (OnPropertyCondition)
      - @ConditionalOnBean (types: com.fasterxml.jackson.databind.ObjectMapper; SearchStrategy: all) found bean 'jacksonObjectMapper' (OnBeanCondition)

   JacksonHttpMessageConvertersConfiguration.MappingJackson2HttpMessageConverterConfiguration#mappingJackson2HttpMessageConverter matched:
      - @ConditionalOnMissingBean (types: org.springframework.http.converter.json.MappingJackson2HttpMessageConverter ignored: org.springframework.hateoas.server.mvc.TypeConstrainedMappingJackson2HttpMessageConverter,org.springframework.data.rest.webmvc.alps.AlpsJsonHttpMessageConverter; SearchStrategy: all) did not find any beans (OnBeanCondition)

   JmxAutoConfiguration matched:
      - @ConditionalOnClass found required class 'org.springframework.jmx.export.MBeanExporter' (OnClassCondition)
      - @ConditionalOnProperty (spring.jmx.enabled=true) matched (OnPropertyCondition)

   JmxAutoConfiguration#mbeanExporter matched:
      - @ConditionalOnMissingBean (types: org.springframework.jmx.export.MBeanExporter; SearchStrategy: current) did not find any beans (OnBeanCondition)

   JmxAutoConfiguration#mbeanServer matched:
      - @ConditionalOnMissingBean (types: javax.management.MBeanServer; SearchStrategy: all) did not find any beans (OnBeanCondition)

   JmxAutoConfiguration#objectNamingStrategy matched:
      - @ConditionalOnMissingBean (types: org.springframework.jmx.export.naming.ObjectNamingStrategy; SearchStrategy: current) did not find any beans (OnBeanCondition)

   LifecycleAutoConfiguration#defaultLifecycleProcessor matched:
      - @ConditionalOnMissingBean (names: lifecycleProcessor; SearchStrategy: current) did not find any beans (OnBeanCondition)

   LifecycleMvcEndpointAutoConfiguration#environmentManager matched:
      - @ConditionalOnMissingBean (types: org.springframework.cloud.context.environment.EnvironmentManager; SearchStrategy: all) did not find any beans (OnBeanCondition)

   MultipartAutoConfiguration matched:
      - @ConditionalOnClass found required classes 'javax.servlet.Servlet', 'org.springframework.web.multipart.support.StandardServletMultipartResolver', 'javax.servlet.MultipartConfigElement' (OnClassCondition)
      - found 'session' scope (OnWebApplicationCondition)
      - @ConditionalOnProperty (spring.servlet.multipart.enabled) matched (OnPropertyCondition)

   MultipartAutoConfiguration#multipartConfigElement matched:
      - @ConditionalOnMissingBean (types: javax.servlet.MultipartConfigElement,org.springframework.web.multipart.commons.CommonsMultipartResolver; SearchStrategy: all) did not find any beans (OnBeanCondition)

   MultipartAutoConfiguration#multipartResolver matched:
      - @ConditionalOnMissingBean (types: org.springframework.web.multipart.MultipartResolver; SearchStrategy: all) did not find any beans (OnBeanCondition)

   NoOpCacheConfiguration matched:
      - Cache org.springframework.boot.autoconfigure.cache.NoOpCacheConfiguration automatic cache type (CacheCondition)

   PropertyPlaceholderAutoConfiguration#propertySourcesPlaceholderConfigurer matched:
      - @ConditionalOnMissingBean (types: org.springframework.context.support.PropertySourcesPlaceholderConfigurer; SearchStrategy: current) did not find any beans (OnBeanCondition)

   RefreshAutoConfiguration matched:
      - @ConditionalOnClass found required class 'org.springframework.cloud.context.scope.refresh.RefreshScope' (OnClassCondition)
      - @ConditionalOnProperty (spring.cloud.refresh.enabled) matched (OnPropertyCondition)

   RefreshAutoConfiguration#contextRefresher matched:
      - @ConditionalOnMissingBean (types: org.springframework.cloud.context.refresh.ContextRefresher; SearchStrategy: all) did not find any beans (OnBeanCondition)

   RefreshAutoConfiguration#loggingRebinder matched:
      - @ConditionalOnMissingBean (types: org.springframework.cloud.logging.LoggingRebinder; SearchStrategy: all) did not find any beans (OnBeanCondition)

   RefreshAutoConfiguration#refreshScope matched:
      - @ConditionalOnMissingBean (types: org.springframework.cloud.context.scope.refresh.RefreshScope; SearchStrategy: all) did not find any beans (OnBeanCondition)

   RestTemplateAutoConfiguration matched:
      - @ConditionalOnClass found required class 'org.springframework.web.client.RestTemplate' (OnClassCondition)
      - NoneNestedConditions 0 matched 1 did not; NestedCondition on RestTemplateAutoConfiguration.NotReactiveWebApplicationCondition.ReactiveWebApplication did not find reactive web application classes (RestTemplateAutoConfiguration.NotReactiveWebApplicationCondition)

   RestTemplateAutoConfiguration#restTemplateBuilder matched:
      - @ConditionalOnMissingBean (types: org.springframework.boot.web.client.RestTemplateBuilder; SearchStrategy: all) did not find any beans (OnBeanCondition)

   ServletWebServerFactoryAutoConfiguration matched:
      - @ConditionalOnClass found required class 'javax.servlet.ServletRequest' (OnClassCondition)
      - found 'session' scope (OnWebApplicationCondition)

   ServletWebServerFactoryAutoConfiguration#tomcatServletWebServerFactoryCustomizer matched:
      - @ConditionalOnClass found required class 'org.apache.catalina.startup.Tomcat' (OnClassCondition)

   ServletWebServerFactoryConfiguration.EmbeddedTomcat matched:
      - @ConditionalOnClass found required classes 'javax.servlet.Servlet', 'org.apache.catalina.startup.Tomcat', 'org.apache.coyote.UpgradeProtocol' (OnClassCondition)
      - @ConditionalOnMissingBean (types: org.springframework.boot.web.servlet.server.ServletWebServerFactory; SearchStrategy: current) did not find any beans (OnBeanCondition)

   SimpleCacheConfiguration matched:
      - Cache org.springframework.boot.autoconfigure.cache.SimpleCacheConfiguration automatic cache type (CacheCondition)

   SpringApplicationAdminJmxAutoConfiguration matched:
      - @ConditionalOnProperty (spring.application.admin.enabled=true) matched (OnPropertyCondition)

   SpringApplicationAdminJmxAutoConfiguration#springApplicationAdminRegistrar matched:
      - @ConditionalOnMissingBean (types: org.springframework.boot.admin.SpringApplicationAdminMXBeanRegistrar; SearchStrategy: all) did not find any beans (OnBeanCondition)

   TaskExecutionAutoConfiguration matched:
      - @ConditionalOnClass found required class 'org.springframework.scheduling.concurrent.ThreadPoolTaskExecutor' (OnClassCondition)

   TaskExecutionAutoConfiguration#applicationTaskExecutor matched:
      - @ConditionalOnMissingBean (types: java.util.concurrent.Executor; SearchStrategy: all) did not find any beans (OnBeanCondition)

   TaskExecutionAutoConfiguration#taskExecutorBuilder matched:
      - @ConditionalOnMissingBean (types: org.springframework.boot.task.TaskExecutorBuilder; SearchStrategy: all) did not find any beans (OnBeanCondition)

   TaskSchedulingAutoConfiguration matched:
      - @ConditionalOnClass found required class 'org.springframework.scheduling.concurrent.ThreadPoolTaskScheduler' (OnClassCondition)

   TaskSchedulingAutoConfiguration#taskSchedulerBuilder matched:
      - @ConditionalOnMissingBean (types: org.springframework.boot.task.TaskSchedulerBuilder; SearchStrategy: all) did not find any beans (OnBeanCondition)

   ValidationAutoConfiguration matched:
      - @ConditionalOnClass found required class 'javax.validation.executable.ExecutableValidator' (OnClassCondition)
      - @ConditionalOnResource found location classpath:META-INF/services/javax.validation.spi.ValidationProvider (OnResourceCondition)

   ValidationAutoConfiguration#defaultValidator matched:
      - @ConditionalOnMissingBean (types: javax.validation.Validator; SearchStrategy: all) did not find any beans (OnBeanCondition)

   ValidationAutoConfiguration#methodValidationPostProcessor matched:
      - @ConditionalOnMissingBean (types: org.springframework.validation.beanvalidation.MethodValidationPostProcessor; SearchStrategy: all) did not find any beans (OnBeanCondition)

   WebMvcAutoConfiguration matched:
      - @ConditionalOnClass found required classes 'javax.servlet.Servlet', 'org.springframework.web.servlet.DispatcherServlet', 'org.springframework.web.servlet.config.annotation.WebMvcConfigurer' (OnClassCondition)
      - found 'session' scope (OnWebApplicationCondition)
      - @ConditionalOnMissingBean (types: org.springframework.web.servlet.config.annotation.WebMvcConfigurationSupport; SearchStrategy: all) did not find any beans (OnBeanCondition)

   WebMvcAutoConfiguration#formContentFilter matched:
      - @ConditionalOnProperty (spring.mvc.formcontent.filter.enabled) matched (OnPropertyCondition)
      - @ConditionalOnMissingBean (types: org.springframework.web.filter.FormContentFilter; SearchStrategy: all) did not find any beans (OnBeanCondition)

   WebMvcAutoConfiguration.WebMvcAutoConfigurationAdapter#defaultViewResolver matched:
      - @ConditionalOnMissingBean (types: org.springframework.web.servlet.view.InternalResourceViewResolver; SearchStrategy: all) did not find any beans (OnBeanCondition)

   WebMvcAutoConfiguration.WebMvcAutoConfigurationAdapter#requestContextFilter matched:
      - @ConditionalOnMissingBean (types: org.springframework.web.context.request.RequestContextListener,org.springframework.web.filter.RequestContextFilter; SearchStrategy: all) did not find any beans (OnBeanCondition)

   WebMvcAutoConfiguration.WebMvcAutoConfigurationAdapter#viewResolver matched:
      - @ConditionalOnBean (types: org.springframework.web.servlet.ViewResolver; SearchStrategy: all) found beans 'defaultViewResolver', 'beanNameViewResolver', 'mvcViewResolver'; @ConditionalOnMissingBean (names: viewResolver types: org.springframework.web.servlet.view.ContentNegotiatingViewResolver; SearchStrategy: all) did not find any beans (OnBeanCondition)

   WebSocketServletAutoConfiguration matched:
      - @ConditionalOnClass found required classes 'javax.servlet.Servlet', 'javax.websocket.server.ServerContainer' (OnClassCondition)
      - found 'session' scope (OnWebApplicationCondition)

   WebSocketServletAutoConfiguration.TomcatWebSocketConfiguration matched:
      - @ConditionalOnClass found required classes 'org.apache.catalina.startup.Tomcat', 'org.apache.tomcat.websocket.server.WsSci' (OnClassCondition)

   WebSocketServletAutoConfiguration.TomcatWebSocketConfiguration#websocketServletWebServerCustomizer matched:
      - @ConditionalOnMissingBean (names: websocketServletWebServerCustomizer; SearchStrategy: all) did not find any beans (OnBeanCondition)


Negative matches:
-----------------

   ActiveMQAutoConfiguration:
      Did not match:
         - @ConditionalOnClass did not find required class 'javax.jms.ConnectionFactory' (OnClassCondition)

   AopAutoConfiguration.AspectJAutoProxyingConfiguration:
      Did not match:
         - @ConditionalOnClass did not find required class 'org.aspectj.weaver.Advice' (OnClassCondition)

   ArtemisAutoConfiguration:
      Did not match:
         - @ConditionalOnClass did not find required class 'javax.jms.ConnectionFactory' (OnClassCondition)

   BatchAutoConfiguration:
      Did not match:
         - @ConditionalOnClass did not find required class 'org.springframework.batch.core.launch.JobLauncher' (OnClassCondition)

   CacheAutoConfiguration:
      Did not match:
         - @ConditionalOnBean (types: org.springframework.cache.interceptor.CacheAspectSupport; SearchStrategy: all) did not find any beans of type org.springframework.cache.interceptor.CacheAspectSupport (OnBeanCondition)
      Matched:
         - @ConditionalOnClass found required class 'org.springframework.cache.CacheManager' (OnClassCondition)

   CacheAutoConfiguration.CacheManagerEntityManagerFactoryDependsOnPostProcessor:
      Did not match:
         - @ConditionalOnClass did not find required class 'org.springframework.orm.jpa.LocalContainerEntityManagerFactoryBean' (OnClassCondition)
         - Ancestor org.springframework.boot.autoconfigure.cache.CacheAutoConfiguration did not match (ConditionEvaluationReport.AncestorsMatchedCondition)

   CaffeineCacheConfiguration:
      Did not match:
         - @ConditionalOnClass did not find required class 'com.github.benmanes.caffeine.cache.Caffeine' (OnClassCondition)

   CassandraAutoConfiguration:
      Did not match:
         - @ConditionalOnClass did not find required class 'com.datastax.oss.driver.api.core.CqlSession' (OnClassCondition)

   CassandraDataAutoConfiguration:
      Did not match:
         - @ConditionalOnClass did not find required class 'com.datastax.oss.driver.api.core.CqlSession' (OnClassCondition)

   CassandraReactiveDataAutoConfiguration:
      Did not match:
         - @ConditionalOnClass did not find required class 'com.datastax.oss.driver.api.core.CqlSession' (OnClassCondition)

   CassandraReactiveRepositoriesAutoConfiguration:
      Did not match:
         - @ConditionalOnClass did not find required class 'org.springframework.data.cassandra.ReactiveSession' (OnClassCondition)

   CassandraRepositoriesAutoConfiguration:
      Did not match:
         - @ConditionalOnClass did not find required class 'com.datastax.oss.driver.api.core.CqlSession' (OnClassCondition)

   ClientHttpConnectorAutoConfiguration:
      Did not match:
         - @ConditionalOnClass did not find required class 'org.springframework.web.reactive.function.client.WebClient' (OnClassCondition)

   CodecsAutoConfiguration:
      Did not match:
         - @ConditionalOnClass did not find required class 'org.springframework.web.reactive.function.client.WebClient' (OnClassCondition)

   CouchbaseAutoConfiguration:
      Did not match:
         - @ConditionalOnClass did not find required class 'com.couchbase.client.java.Cluster' (OnClassCondition)

   CouchbaseCacheConfiguration:
      Did not match:
         - @ConditionalOnClass did not find required class 'com.couchbase.client.java.Cluster' (OnClassCondition)

   CouchbaseDataAutoConfiguration:
      Did not match:
         - @ConditionalOnClass did not find required class 'com.couchbase.client.java.Bucket' (OnClassCondition)

   CouchbaseReactiveDataAutoConfiguration:
      Did not match:
         - @ConditionalOnClass did not find required class 'com.couchbase.client.java.Cluster' (OnClassCondition)

   CouchbaseReactiveRepositoriesAutoConfiguration:
      Did not match:
         - @ConditionalOnClass did not find required class 'com.couchbase.client.java.Cluster' (OnClassCondition)

   CouchbaseRepositoriesAutoConfiguration:
      Did not match:
         - @ConditionalOnClass did not find required class 'com.couchbase.client.java.Bucket' (OnClassCondition)

   DataSourceAutoConfiguration:
      Did not match:
         - @ConditionalOnClass did not find required class 'org.springframework.jdbc.datasource.embedded.EmbeddedDatabaseType' (OnClassCondition)

   DataSourceTransactionManagerAutoConfiguration:
      Did not match:
         - @ConditionalOnClass did not find required class 'org.springframework.jdbc.core.JdbcTemplate' (OnClassCondition)

   DispatcherServletAutoConfiguration.DispatcherServletConfiguration#multipartResolver:
      Did not match:
         - @ConditionalOnBean (types: org.springframework.web.multipart.MultipartResolver; SearchStrategy: all) did not find any beans of type org.springframework.web.multipart.MultipartResolver (OnBeanCondition)

   EhCacheCacheConfiguration:
      Did not match:
         - @ConditionalOnClass did not find required class 'net.sf.ehcache.Cache' (OnClassCondition)

   ElasticsearchDataAutoConfiguration:
      Did not match:
         - @ConditionalOnClass did not find required class 'org.springframework.data.elasticsearch.core.ElasticsearchTemplate' (OnClassCondition)

   ElasticsearchRepositoriesAutoConfiguration:
      Did not match:
         - @ConditionalOnClass did not find required class 'org.elasticsearch.client.Client' (OnClassCondition)

   ElasticsearchRestClientAutoConfiguration:
      Did not match:
         - @ConditionalOnClass did not find required class 'org.elasticsearch.client.RestClient' (OnClassCondition)

   EmbeddedLdapAutoConfiguration:
      Did not match:
         - @ConditionalOnClass did not find required class 'com.unboundid.ldap.listener.InMemoryDirectoryServer' (OnClassCondition)

   EmbeddedMongoAutoConfiguration:
      Did not match:
         - @ConditionalOnClass did not find required class 'com.mongodb.MongoClientSettings' (OnClassCondition)

   EmbeddedWebServerFactoryCustomizerAutoConfiguration.JettyWebServerFactoryCustomizerConfiguration:
      Did not match:
         - @ConditionalOnClass did not find required classes 'org.eclipse.jetty.server.Server', 'org.eclipse.jetty.util.Loader', 'org.eclipse.jetty.webapp.WebAppContext' (OnClassCondition)

   EmbeddedWebServerFactoryCustomizerAutoConfiguration.NettyWebServerFactoryCustomizerConfiguration:
      Did not match:
         - @ConditionalOnClass did not find required class 'reactor.netty.http.server.HttpServer' (OnClassCondition)

   EmbeddedWebServerFactoryCustomizerAutoConfiguration.UndertowWebServerFactoryCustomizerConfiguration:
      Did not match:
         - @ConditionalOnClass did not find required classes 'io.undertow.Undertow', 'org.xnio.SslClientAuthMode' (OnClassCondition)

   ErrorWebFluxAutoConfiguration:
      Did not match:
         - @ConditionalOnClass did not find required class 'org.springframework.web.reactive.config.WebFluxConfigurer' (OnClassCondition)

   FlywayAutoConfiguration:
      Did not match:
         - @ConditionalOnClass did not find required class 'org.flywaydb.core.Flyway' (OnClassCondition)

   FreeMarkerAutoConfiguration:
      Did not match:
         - @ConditionalOnClass did not find required class 'freemarker.template.Configuration' (OnClassCondition)

   GroovyTemplateAutoConfiguration:
      Did not match:
         - @ConditionalOnClass did not find required class 'groovy.text.markup.MarkupTemplateEngine' (OnClassCondition)

   GsonAutoConfiguration:
      Did not match:
         - @ConditionalOnClass did not find required class 'com.google.gson.Gson' (OnClassCondition)

   GsonHttpMessageConvertersConfiguration:
      Did not match:
         - @ConditionalOnClass did not find required class 'com.google.gson.Gson' (OnClassCondition)

   H2ConsoleAutoConfiguration:
      Did not match:
         - @ConditionalOnClass did not find required class 'org.h2.server.web.WebServlet' (OnClassCondition)

   HazelcastAutoConfiguration:
      Did not match:
         - @ConditionalOnClass did not find required class 'com.hazelcast.core.HazelcastInstance' (OnClassCondition)

   HazelcastCacheConfiguration:
      Did not match:
         - @ConditionalOnClass did not find required class 'com.hazelcast.core.HazelcastInstance' (OnClassCondition)

   HazelcastJpaDependencyAutoConfiguration:
      Did not match:
         - @ConditionalOnClass did not find required class 'com.hazelcast.core.HazelcastInstance' (OnClassCondition)

   HibernateJpaAutoConfiguration:
      Did not match:
         - @ConditionalOnClass did not find required class 'javax.persistence.EntityManager' (OnClassCondition)

   HttpHandlerAutoConfiguration:
      Did not match:
         - @ConditionalOnClass did not find required class 'org.springframework.web.reactive.DispatcherHandler' (OnClassCondition)

   HypermediaAutoConfiguration:
      Did not match:
         - @ConditionalOnClass did not find required class 'org.springframework.hateoas.EntityModel' (OnClassCondition)

   InfinispanCacheConfiguration:
      Did not match:
         - @ConditionalOnClass did not find required class 'org.infinispan.spring.embedded.provider.SpringEmbeddedCacheManager' (OnClassCondition)

   InfluxDbAutoConfiguration:
      Did not match:
         - @ConditionalOnClass did not find required class 'org.influxdb.InfluxDB' (OnClassCondition)

   IntegrationAutoConfiguration:
      Did not match:
         - @ConditionalOnClass did not find required class 'org.springframework.integration.config.EnableIntegration' (OnClassCondition)

   JCacheCacheConfiguration:
      Did not match:
         - @ConditionalOnClass did not find required class 'javax.cache.Caching' (OnClassCondition)

   JacksonHttpMessageConvertersConfiguration.MappingJackson2XmlHttpMessageConverterConfiguration:
      Did not match:
         - @ConditionalOnClass did not find required class 'com.fasterxml.jackson.dataformat.xml.XmlMapper' (OnClassCondition)

   JdbcRepositoriesAutoConfiguration:
      Did not match:
         - @ConditionalOnClass did not find required class 'org.springframework.data.jdbc.repository.config.AbstractJdbcConfiguration' (OnClassCondition)

   JdbcTemplateAutoConfiguration:
      Did not match:
         - @ConditionalOnClass did not find required class 'org.springframework.jdbc.core.JdbcTemplate' (OnClassCondition)

   JerseyAutoConfiguration:
      Did not match:
         - @ConditionalOnClass did not find required class 'org.glassfish.jersey.server.spring.SpringComponentProvider' (OnClassCondition)

   JmsAutoConfiguration:
      Did not match:
         - @ConditionalOnClass did not find required class 'javax.jms.Message' (OnClassCondition)

   JndiConnectionFactoryAutoConfiguration:
      Did not match:
         - @ConditionalOnClass did not find required class 'org.springframework.jms.core.JmsTemplate' (OnClassCondition)

   JndiDataSourceAutoConfiguration:
      Did not match:
         - @ConditionalOnClass did not find required class 'org.springframework.jdbc.datasource.embedded.EmbeddedDatabaseType' (OnClassCondition)

   JooqAutoConfiguration:
      Did not match:
         - @ConditionalOnClass did not find required class 'org.jooq.DSLContext' (OnClassCondition)

   JpaRepositoriesAutoConfiguration:
      Did not match:
         - @ConditionalOnClass did not find required class 'org.springframework.data.jpa.repository.JpaRepository' (OnClassCondition)

   JsonbAutoConfiguration:
      Did not match:
         - @ConditionalOnClass did not find required class 'javax.json.bind.Jsonb' (OnClassCondition)

   JsonbHttpMessageConvertersConfiguration:
      Did not match:
         - @ConditionalOnClass did not find required class 'javax.json.bind.Jsonb' (OnClassCondition)

   JtaAutoConfiguration:
      Did not match:
         - @ConditionalOnClass did not find required class 'javax.transaction.Transaction' (OnClassCondition)

   KafkaAutoConfiguration:
      Did not match:
         - @ConditionalOnClass did not find required class 'org.springframework.kafka.core.KafkaTemplate' (OnClassCondition)

   LdapAutoConfiguration:
      Did not match:
         - @ConditionalOnClass did not find required class 'org.springframework.ldap.core.ContextSource' (OnClassCondition)

   LdapRepositoriesAutoConfiguration:
      Did not match:
         - @ConditionalOnClass did not find required class 'org.springframework.data.ldap.repository.LdapRepository' (OnClassCondition)

   LiquibaseAutoConfiguration:
      Did not match:
         - @ConditionalOnClass did not find required class 'liquibase.change.DatabaseChange' (OnClassCondition)

   MailSenderAutoConfiguration:
      Did not match:
         - @ConditionalOnClass did not find required class 'javax.mail.internet.MimeMessage' (OnClassCondition)

   MailSenderValidatorAutoConfiguration:
      Did not match:
         - @ConditionalOnSingleCandidate did not find required type 'org.springframework.mail.javamail.JavaMailSenderImpl' (OnBeanCondition)

   MessageSourceAutoConfiguration:
      Did not match:
         - ResourceBundle did not find bundle with basename messages (MessageSourceAutoConfiguration.ResourceBundleCondition)

   MongoAutoConfiguration:
      Did not match:
         - @ConditionalOnClass did not find required class 'com.mongodb.client.MongoClient' (OnClassCondition)

   MongoDataAutoConfiguration:
      Did not match:
         - @ConditionalOnClass did not find required class 'com.mongodb.client.MongoClient' (OnClassCondition)

   MongoReactiveAutoConfiguration:
      Did not match:
         - @ConditionalOnClass did not find required class 'com.mongodb.reactivestreams.client.MongoClient' (OnClassCondition)

   MongoReactiveDataAutoConfiguration:
      Did not match:
         - @ConditionalOnClass did not find required class 'com.mongodb.reactivestreams.client.MongoClient' (OnClassCondition)

   MongoReactiveRepositoriesAutoConfiguration:
      Did not match:
         - @ConditionalOnClass did not find required class 'com.mongodb.reactivestreams.client.MongoClient' (OnClassCondition)

   MongoRepositoriesAutoConfiguration:
      Did not match:
         - @ConditionalOnClass did not find required class 'com.mongodb.client.MongoClient' (OnClassCondition)

   MustacheAutoConfiguration:
      Did not match:
         - @ConditionalOnClass did not find required class 'com.samskivert.mustache.Mustache' (OnClassCondition)

   Neo4jDataAutoConfiguration:
      Did not match:
         - @ConditionalOnClass did not find required class 'org.neo4j.ogm.session.SessionFactory' (OnClassCondition)

   Neo4jRepositoriesAutoConfiguration:
      Did not match:
         - @ConditionalOnClass did not find required class 'org.neo4j.ogm.session.Neo4jSession' (OnClassCondition)

   OAuth2ClientAutoConfiguration:
      Did not match:
         - @ConditionalOnClass did not find required class 'org.springframework.security.config.annotation.web.configuration.EnableWebSecurity' (OnClassCondition)

   OAuth2ResourceServerAutoConfiguration:
      Did not match:
         - @ConditionalOnClass did not find required class 'org.springframework.security.oauth2.server.resource.BearerTokenAuthenticationToken' (OnClassCondition)

   PersistenceExceptionTranslationAutoConfiguration:
      Did not match:
         - @ConditionalOnClass did not find required class 'org.springframework.dao.annotation.PersistenceExceptionTranslationPostProcessor' (OnClassCondition)

   ProjectInfoAutoConfiguration#buildProperties:
      Did not match:
         - @ConditionalOnResource did not find resource '${spring.info.build.location:classpath:META-INF/build-info.properties}' (OnResourceCondition)

   ProjectInfoAutoConfiguration#gitProperties:
      Did not match:
         - GitResource did not find git info at classpath:git.properties (ProjectInfoAutoConfiguration.GitResourceAvailableCondition)

   QuartzAutoConfiguration:
      Did not match:
         - @ConditionalOnClass did not find required class 'org.quartz.Scheduler' (OnClassCondition)

   R2dbcAutoConfiguration:
      Did not match:
         - @ConditionalOnClass did not find required class 'io.r2dbc.spi.ConnectionFactory' (OnClassCondition)

   R2dbcDataAutoConfiguration:
      Did not match:
         - @ConditionalOnClass did not find required class 'org.springframework.data.r2dbc.core.DatabaseClient' (OnClassCondition)

   R2dbcRepositoriesAutoConfiguration:
      Did not match:
         - @ConditionalOnClass did not find required class 'io.r2dbc.spi.ConnectionFactory' (OnClassCondition)

   R2dbcTransactionManagerAutoConfiguration:
      Did not match:
         - @ConditionalOnClass did not find required class 'org.springframework.data.r2dbc.connectionfactory.R2dbcTransactionManager' (OnClassCondition)

   RSocketMessagingAutoConfiguration:
      Did not match:
         - @ConditionalOnClass did not find required class 'io.rsocket.RSocketFactory' (OnClassCondition)

   RSocketRequesterAutoConfiguration:
      Did not match:
         - @ConditionalOnClass did not find required class 'io.rsocket.RSocketFactory' (OnClassCondition)

   RSocketSecurityAutoConfiguration:
      Did not match:
         - @ConditionalOnClass did not find required class 'org.springframework.security.rsocket.core.SecuritySocketAcceptorInterceptor' (OnClassCondition)

   RSocketServerAutoConfiguration:
      Did not match:
         - @ConditionalOnClass did not find required class 'io.rsocket.core.RSocketServer' (OnClassCondition)

   RSocketStrategiesAutoConfiguration:
      Did not match:
         - @ConditionalOnClass did not find required class 'io.netty.buffer.PooledByteBufAllocator' (OnClassCondition)

   RabbitAutoConfiguration:
      Did not match:
         - @ConditionalOnClass did not find required class 'com.rabbitmq.client.Channel' (OnClassCondition)

   ReactiveElasticsearchRepositoriesAutoConfiguration:
      Did not match:
         - @ConditionalOnClass did not find required class 'org.springframework.data.elasticsearch.client.reactive.ReactiveElasticsearchClient' (OnClassCondition)

   ReactiveElasticsearchRestClientAutoConfiguration:
      Did not match:
         - @ConditionalOnClass did not find required class 'reactor.netty.http.client.HttpClient' (OnClassCondition)

   ReactiveOAuth2ClientAutoConfiguration:
      Did not match:
         - @ConditionalOnClass did not find required class 'reactor.core.publisher.Flux' (OnClassCondition)

   ReactiveOAuth2ResourceServerAutoConfiguration:
      Did not match:
         - @ConditionalOnClass did not find required class 'org.springframework.security.config.annotation.web.reactive.EnableWebFluxSecurity' (OnClassCondition)

   ReactiveSecurityAutoConfiguration:
      Did not match:
         - @ConditionalOnClass did not find required class 'reactor.core.publisher.Flux' (OnClassCondition)

   ReactiveUserDetailsServiceAutoConfiguration:
      Did not match:
         - @ConditionalOnClass did not find required class 'org.springframework.security.authentication.ReactiveAuthenticationManager' (OnClassCondition)

   ReactiveWebServerFactoryAutoConfiguration:
      Did not match:
         - @ConditionalOnWebApplication did not find reactive web application classes (OnWebApplicationCondition)

   RedisAutoConfiguration:
      Did not match:
         - @ConditionalOnClass did not find required class 'org.springframework.data.redis.core.RedisOperations' (OnClassCondition)

   RedisCacheConfiguration:
      Did not match:
         - @ConditionalOnClass did not find required class 'org.springframework.data.redis.connection.RedisConnectionFactory' (OnClassCondition)

   RedisReactiveAutoConfiguration:
      Did not match:
         - @ConditionalOnClass did not find required class 'reactor.core.publisher.Flux' (OnClassCondition)

   RedisRepositoriesAutoConfiguration:
      Did not match:
         - @ConditionalOnClass did not find required class 'org.springframework.data.redis.repository.configuration.EnableRedisRepositories' (OnClassCondition)

   RefreshAutoConfiguration.JpaInvokerConfiguration:
      Did not match:
         - @ConditionalOnClass did not find required class 'javax.persistence.EntityManagerFactory' (OnClassCondition)

   RefreshEndpointAutoConfiguration:
      Did not match:
         - @ConditionalOnClass did not find required class 'org.springframework.boot.actuate.autoconfigure.endpoint.EndpointAutoConfiguration' (OnClassCondition)

   RepositoryRestMvcAutoConfiguration:
      Did not match:
         - @ConditionalOnClass did not find required class 'org.springframework.data.rest.webmvc.config.RepositoryRestMvcConfiguration' (OnClassCondition)

   Saml2RelyingPartyAutoConfiguration:
      Did not match:
         - @ConditionalOnClass did not find required class 'org.springframework.security.saml2.provider.service.registration.RelyingPartyRegistrationRepository' (OnClassCondition)

   SecurityAutoConfiguration:
      Did not match:
         - @ConditionalOnClass did not find required class 'org.springframework.security.authentication.DefaultAuthenticationEventPublisher' (OnClassCondition)

   SecurityFilterAutoConfiguration:
      Did not match:
         - @ConditionalOnClass did not find required class 'org.springframework.security.config.http.SessionCreationPolicy' (OnClassCondition)

   SendGridAutoConfiguration:
      Did not match:
         - @ConditionalOnClass did not find required class 'com.sendgrid.SendGrid' (OnClassCondition)

   ServletWebServerFactoryAutoConfiguration#forwardedHeaderFilter:
      Did not match:
         - @ConditionalOnProperty (server.forward-headers-strategy=framework) did not find property 'server.forward-headers-strategy' (OnPropertyCondition)

   ServletWebServerFactoryConfiguration.EmbeddedJetty:
      Did not match:
         - @ConditionalOnClass did not find required classes 'org.eclipse.jetty.server.Server', 'org.eclipse.jetty.util.Loader', 'org.eclipse.jetty.webapp.WebAppContext' (OnClassCondition)

   ServletWebServerFactoryConfiguration.EmbeddedUndertow:
      Did not match:
         - @ConditionalOnClass did not find required classes 'io.undertow.Undertow', 'org.xnio.SslClientAuthMode' (OnClassCondition)

   SessionAutoConfiguration:
      Did not match:
         - @ConditionalOnClass did not find required class 'org.springframework.session.Session' (OnClassCondition)

   SolrAutoConfiguration:
      Did not match:
         - @ConditionalOnClass did not find required class 'org.apache.solr.client.solrj.impl.CloudSolrClient' (OnClassCondition)

   SolrRepositoriesAutoConfiguration:
      Did not match:
         - @ConditionalOnClass did not find required class 'org.apache.solr.client.solrj.SolrClient' (OnClassCondition)

   SpringDataWebAutoConfiguration:
      Did not match:
         - @ConditionalOnClass did not find required class 'org.springframework.data.web.PageableHandlerMethodArgumentResolver' (OnClassCondition)

   TaskSchedulingAutoConfiguration#taskScheduler:
      Did not match:
         - @ConditionalOnBean (names: org.springframework.context.annotation.internalScheduledAnnotationProcessor; SearchStrategy: all) did not find any beans named org.springframework.context.annotation.internalScheduledAnnotationProcessor (OnBeanCondition)

   ThymeleafAutoConfiguration:
      Did not match:
         - @ConditionalOnClass did not find required class 'org.thymeleaf.spring5.SpringTemplateEngine' (OnClassCondition)

   TransactionAutoConfiguration:
      Did not match:
         - @ConditionalOnClass did not find required class 'org.springframework.transaction.PlatformTransactionManager' (OnClassCondition)

   UserDetailsServiceAutoConfiguration:
      Did not match:
         - @ConditionalOnClass did not find required class 'org.springframework.security.authentication.AuthenticationManager' (OnClassCondition)

   WebClientAutoConfiguration:
      Did not match:
         - @ConditionalOnClass did not find required class 'org.springframework.web.reactive.function.client.WebClient' (OnClassCondition)

   WebFluxAutoConfiguration:
      Did not match:
         - @ConditionalOnClass did not find required class 'org.springframework.web.reactive.config.WebFluxConfigurer' (OnClassCondition)

   WebMvcAutoConfiguration#hiddenHttpMethodFilter:
      Did not match:
         - @ConditionalOnProperty (spring.mvc.hiddenmethod.filter.enabled) did not find property 'enabled' (OnPropertyCondition)

   WebMvcAutoConfiguration.ResourceChainCustomizerConfiguration:
      Did not match:
         - @ConditionalOnEnabledResourceChain did not find class org.webjars.WebJarAssetLocator (OnEnabledResourceChainCondition)

   WebMvcAutoConfiguration.WebMvcAutoConfigurationAdapter#beanNameViewResolver:
      Did not match:
         - @ConditionalOnMissingBean (types: org.springframework.web.servlet.view.BeanNameViewResolver; SearchStrategy: all) found beans of type 'org.springframework.web.servlet.view.BeanNameViewResolver' beanNameViewResolver (OnBeanCondition)

   WebMvcAutoConfiguration.WebMvcAutoConfigurationAdapter#localeResolver:
      Did not match:
         - @ConditionalOnProperty (spring.mvc.locale) did not find property 'locale' (OnPropertyCondition)

   WebServiceTemplateAutoConfiguration:
      Did not match:
         - @ConditionalOnClass did not find required class 'org.springframework.oxm.Marshaller' (OnClassCondition)

   WebServicesAutoConfiguration:
      Did not match:
         - @ConditionalOnClass did not find required class 'org.springframework.ws.transport.http.MessageDispatcherServlet' (OnClassCondition)

   WebSocketMessagingAutoConfiguration:
      Did not match:
         - @ConditionalOnClass did not find required class 'org.springframework.web.socket.config.annotation.WebSocketMessageBrokerConfigurer' (OnClassCondition)

   WebSocketReactiveAutoConfiguration:
      Did not match:
         - @ConditionalOnWebApplication did not find reactive web application classes (OnWebApplicationCondition)

   WebSocketServletAutoConfiguration.JettyWebSocketConfiguration:
      Did not match:
         - @ConditionalOnClass did not find required class 'org.eclipse.jetty.websocket.jsr356.server.deploy.WebSocketServerContainerInitializer' (OnClassCondition)

   WebSocketServletAutoConfiguration.UndertowWebSocketConfiguration:
      Did not match:
         - @ConditionalOnClass did not find required class 'io.undertow.websockets.jsr.Bootstrap' (OnClassCondition)

   WritableEnvironmentEndpointAutoConfiguration:
      Did not match:
         - @ConditionalOnClass did not find required class 'org.springframework.boot.actuate.autoconfigure.env.EnvironmentEndpointProperties' (OnClassCondition)

   XADataSourceAutoConfiguration:
      Did not match:
         - @ConditionalOnClass did not find required class 'javax.transaction.TransactionManager' (OnClassCondition)


Exclusions:
-----------

    None


Unconditional classes:
----------------------

    org.springframework.boot.autoconfigure.context.ConfigurationPropertiesAutoConfiguration

    org.springframework.boot.autoconfigure.context.LifecycleAutoConfiguration

    org.springframework.boot.autoconfigure.context.PropertyPlaceholderAutoConfiguration

    org.springframework.cloud.autoconfigure.LifecycleMvcEndpointAutoConfiguration

    org.springframework.boot.autoconfigure.availability.ApplicationAvailabilityAutoConfiguration

    org.springframework.boot.autoconfigure.info.ProjectInfoAutoConfiguration



2024-10-26 14:41:30,044 DEBUG [main][ConditionEvaluationReportLoggingListener.java:126] - 


============================
CONDITIONS EVALUATION REPORT
============================


Positive matches:
-----------------

   AopAutoConfiguration matched:
      - @ConditionalOnProperty (spring.aop.auto=true) matched (OnPropertyCondition)

   AopAutoConfiguration.ClassProxyingConfiguration matched:
      - @ConditionalOnMissingClass did not find unwanted class 'org.aspectj.weaver.Advice' (OnClassCondition)
      - @ConditionalOnProperty (spring.aop.proxy-target-class=true) matched (OnPropertyCondition)

   ConfigurationPropertiesRebinderAutoConfiguration matched:
      - @ConditionalOnBean (types: org.springframework.boot.context.properties.ConfigurationPropertiesBindingPostProcessor; SearchStrategy: all) found bean 'org.springframework.boot.context.properties.ConfigurationPropertiesBindingPostProcessor' (OnBeanCondition)

   ConfigurationPropertiesRebinderAutoConfiguration#configurationPropertiesBeans matched:
      - @ConditionalOnMissingBean (types: org.springframework.cloud.context.properties.ConfigurationPropertiesBeans; SearchStrategy: current) did not find any beans (OnBeanCondition)

   ConfigurationPropertiesRebinderAutoConfiguration#configurationPropertiesRebinder matched:
      - @ConditionalOnMissingBean (types: org.springframework.cloud.context.properties.ConfigurationPropertiesRebinder; SearchStrategy: current) did not find any beans (OnBeanCondition)

   DispatcherServletAutoConfiguration matched:
      - @ConditionalOnClass found required class 'org.springframework.web.servlet.DispatcherServlet' (OnClassCondition)
      - found 'session' scope (OnWebApplicationCondition)

   DispatcherServletAutoConfiguration.DispatcherServletConfiguration matched:
      - @ConditionalOnClass found required class 'javax.servlet.ServletRegistration' (OnClassCondition)
      - Default DispatcherServlet did not find dispatcher servlet beans (DispatcherServletAutoConfiguration.DefaultDispatcherServletCondition)

   DispatcherServletAutoConfiguration.DispatcherServletRegistrationConfiguration matched:
      - @ConditionalOnClass found required class 'javax.servlet.ServletRegistration' (OnClassCondition)
      - DispatcherServlet Registration did not find servlet registration bean (DispatcherServletAutoConfiguration.DispatcherServletRegistrationCondition)

   DispatcherServletAutoConfiguration.DispatcherServletRegistrationConfiguration#dispatcherServletRegistration matched:
      - @ConditionalOnBean (names: dispatcherServlet types: org.springframework.web.servlet.DispatcherServlet; SearchStrategy: all) found bean 'dispatcherServlet' (OnBeanCondition)

   EmbeddedWebServerFactoryCustomizerAutoConfiguration matched:
      - @ConditionalOnWebApplication (required) found 'session' scope (OnWebApplicationCondition)

   EmbeddedWebServerFactoryCustomizerAutoConfiguration.TomcatWebServerFactoryCustomizerConfiguration matched:
      - @ConditionalOnClass found required classes 'org.apache.catalina.startup.Tomcat', 'org.apache.coyote.UpgradeProtocol' (OnClassCondition)

   ErrorMvcAutoConfiguration matched:
      - @ConditionalOnClass found required classes 'javax.servlet.Servlet', 'org.springframework.web.servlet.DispatcherServlet' (OnClassCondition)
      - found 'session' scope (OnWebApplicationCondition)

   ErrorMvcAutoConfiguration#basicErrorController matched:
      - @ConditionalOnMissingBean (types: org.springframework.boot.web.servlet.error.ErrorController; SearchStrategy: current) did not find any beans (OnBeanCondition)

   ErrorMvcAutoConfiguration#errorAttributes matched:
      - @ConditionalOnMissingBean (types: org.springframework.boot.web.servlet.error.ErrorAttributes; SearchStrategy: current) did not find any beans (OnBeanCondition)

   ErrorMvcAutoConfiguration.DefaultErrorViewResolverConfiguration#conventionErrorViewResolver matched:
      - @ConditionalOnBean (types: org.springframework.web.servlet.DispatcherServlet; SearchStrategy: all) found bean 'dispatcherServlet'; @ConditionalOnMissingBean (types: org.springframework.boot.autoconfigure.web.servlet.error.ErrorViewResolver; SearchStrategy: all) did not find any beans (OnBeanCondition)

   ErrorMvcAutoConfiguration.WhitelabelErrorViewConfiguration matched:
      - @ConditionalOnProperty (server.error.whitelabel.enabled) matched (OnPropertyCondition)
      - ErrorTemplate Missing did not find error template view (ErrorMvcAutoConfiguration.ErrorTemplateMissingCondition)

   ErrorMvcAutoConfiguration.WhitelabelErrorViewConfiguration#beanNameViewResolver matched:
      - @ConditionalOnMissingBean (types: org.springframework.web.servlet.view.BeanNameViewResolver; SearchStrategy: all) did not find any beans (OnBeanCondition)

   ErrorMvcAutoConfiguration.WhitelabelErrorViewConfiguration#defaultErrorView matched:
      - @ConditionalOnMissingBean (names: error; SearchStrategy: all) did not find any beans (OnBeanCondition)

   GenericCacheConfiguration matched:
      - Cache org.springframework.boot.autoconfigure.cache.GenericCacheConfiguration automatic cache type (CacheCondition)

   HttpEncodingAutoConfiguration matched:
      - @ConditionalOnClass found required class 'org.springframework.web.filter.CharacterEncodingFilter' (OnClassCondition)
      - found 'session' scope (OnWebApplicationCondition)
      - @ConditionalOnProperty (server.servlet.encoding.enabled) matched (OnPropertyCondition)

   HttpEncodingAutoConfiguration#characterEncodingFilter matched:
      - @ConditionalOnMissingBean (types: org.springframework.web.filter.CharacterEncodingFilter; SearchStrategy: all) did not find any beans (OnBeanCondition)

   HttpMessageConvertersAutoConfiguration matched:
      - @ConditionalOnClass found required class 'org.springframework.http.converter.HttpMessageConverter' (OnClassCondition)
      - NoneNestedConditions 0 matched 1 did not; NestedCondition on HttpMessageConvertersAutoConfiguration.NotReactiveWebApplicationCondition.ReactiveWebApplication did not find reactive web application classes (HttpMessageConvertersAutoConfiguration.NotReactiveWebApplicationCondition)

   HttpMessageConvertersAutoConfiguration#messageConverters matched:
      - @ConditionalOnMissingBean (types: org.springframework.boot.autoconfigure.http.HttpMessageConverters; SearchStrategy: all) did not find any beans (OnBeanCondition)

   HttpMessageConvertersAutoConfiguration.StringHttpMessageConverterConfiguration matched:
      - @ConditionalOnClass found required class 'org.springframework.http.converter.StringHttpMessageConverter' (OnClassCondition)

   HttpMessageConvertersAutoConfiguration.StringHttpMessageConverterConfiguration#stringHttpMessageConverter matched:
      - @ConditionalOnMissingBean (types: org.springframework.http.converter.StringHttpMessageConverter; SearchStrategy: all) did not find any beans (OnBeanCondition)

   JacksonAutoConfiguration matched:
      - @ConditionalOnClass found required class 'com.fasterxml.jackson.databind.ObjectMapper' (OnClassCondition)

   JacksonAutoConfiguration.Jackson2ObjectMapperBuilderCustomizerConfiguration matched:
      - @ConditionalOnClass found required class 'org.springframework.http.converter.json.Jackson2ObjectMapperBuilder' (OnClassCondition)

   JacksonAutoConfiguration.JacksonObjectMapperBuilderConfiguration matched:
      - @ConditionalOnClass found required class 'org.springframework.http.converter.json.Jackson2ObjectMapperBuilder' (OnClassCondition)

   JacksonAutoConfiguration.JacksonObjectMapperBuilderConfiguration#jacksonObjectMapperBuilder matched:
      - @ConditionalOnMissingBean (types: org.springframework.http.converter.json.Jackson2ObjectMapperBuilder; SearchStrategy: all) did not find any beans (OnBeanCondition)

   JacksonAutoConfiguration.JacksonObjectMapperConfiguration matched:
      - @ConditionalOnClass found required class 'org.springframework.http.converter.json.Jackson2ObjectMapperBuilder' (OnClassCondition)

   JacksonAutoConfiguration.JacksonObjectMapperConfiguration#jacksonObjectMapper matched:
      - @ConditionalOnMissingBean (types: com.fasterxml.jackson.databind.ObjectMapper; SearchStrategy: all) did not find any beans (OnBeanCondition)

   JacksonAutoConfiguration.ParameterNamesModuleConfiguration matched:
      - @ConditionalOnClass found required class 'com.fasterxml.jackson.module.paramnames.ParameterNamesModule' (OnClassCondition)

   JacksonAutoConfiguration.ParameterNamesModuleConfiguration#parameterNamesModule matched:
      - @ConditionalOnMissingBean (types: com.fasterxml.jackson.module.paramnames.ParameterNamesModule; SearchStrategy: all) did not find any beans (OnBeanCondition)

   JacksonHttpMessageConvertersConfiguration.MappingJackson2HttpMessageConverterConfiguration matched:
      - @ConditionalOnClass found required class 'com.fasterxml.jackson.databind.ObjectMapper' (OnClassCondition)
      - @ConditionalOnProperty (spring.mvc.converters.preferred-json-mapper=jackson) matched (OnPropertyCondition)
      - @ConditionalOnBean (types: com.fasterxml.jackson.databind.ObjectMapper; SearchStrategy: all) found bean 'jacksonObjectMapper' (OnBeanCondition)

   JacksonHttpMessageConvertersConfiguration.MappingJackson2HttpMessageConverterConfiguration#mappingJackson2HttpMessageConverter matched:
      - @ConditionalOnMissingBean (types: org.springframework.http.converter.json.MappingJackson2HttpMessageConverter ignored: org.springframework.hateoas.server.mvc.TypeConstrainedMappingJackson2HttpMessageConverter,org.springframework.data.rest.webmvc.alps.AlpsJsonHttpMessageConverter; SearchStrategy: all) did not find any beans (OnBeanCondition)

   JmxAutoConfiguration matched:
      - @ConditionalOnClass found required class 'org.springframework.jmx.export.MBeanExporter' (OnClassCondition)
      - @ConditionalOnProperty (spring.jmx.enabled=true) matched (OnPropertyCondition)

   JmxAutoConfiguration#mbeanExporter matched:
      - @ConditionalOnMissingBean (types: org.springframework.jmx.export.MBeanExporter; SearchStrategy: current) did not find any beans (OnBeanCondition)

   JmxAutoConfiguration#mbeanServer matched:
      - @ConditionalOnMissingBean (types: javax.management.MBeanServer; SearchStrategy: all) did not find any beans (OnBeanCondition)

   JmxAutoConfiguration#objectNamingStrategy matched:
      - @ConditionalOnMissingBean (types: org.springframework.jmx.export.naming.ObjectNamingStrategy; SearchStrategy: current) did not find any beans (OnBeanCondition)

   LifecycleAutoConfiguration#defaultLifecycleProcessor matched:
      - @ConditionalOnMissingBean (names: lifecycleProcessor; SearchStrategy: current) did not find any beans (OnBeanCondition)

   LifecycleMvcEndpointAutoConfiguration#environmentManager matched:
      - @ConditionalOnMissingBean (types: org.springframework.cloud.context.environment.EnvironmentManager; SearchStrategy: all) did not find any beans (OnBeanCondition)

   MultipartAutoConfiguration matched:
      - @ConditionalOnClass found required classes 'javax.servlet.Servlet', 'org.springframework.web.multipart.support.StandardServletMultipartResolver', 'javax.servlet.MultipartConfigElement' (OnClassCondition)
      - found 'session' scope (OnWebApplicationCondition)
      - @ConditionalOnProperty (spring.servlet.multipart.enabled) matched (OnPropertyCondition)

   MultipartAutoConfiguration#multipartConfigElement matched:
      - @ConditionalOnMissingBean (types: javax.servlet.MultipartConfigElement,org.springframework.web.multipart.commons.CommonsMultipartResolver; SearchStrategy: all) did not find any beans (OnBeanCondition)

   MultipartAutoConfiguration#multipartResolver matched:
      - @ConditionalOnMissingBean (types: org.springframework.web.multipart.MultipartResolver; SearchStrategy: all) did not find any beans (OnBeanCondition)

   NoOpCacheConfiguration matched:
      - Cache org.springframework.boot.autoconfigure.cache.NoOpCacheConfiguration automatic cache type (CacheCondition)

   PropertyPlaceholderAutoConfiguration#propertySourcesPlaceholderConfigurer matched:
      - @ConditionalOnMissingBean (types: org.springframework.context.support.PropertySourcesPlaceholderConfigurer; SearchStrategy: current) did not find any beans (OnBeanCondition)

   RefreshAutoConfiguration matched:
      - @ConditionalOnClass found required class 'org.springframework.cloud.context.scope.refresh.RefreshScope' (OnClassCondition)
      - @ConditionalOnProperty (spring.cloud.refresh.enabled) matched (OnPropertyCondition)

   RefreshAutoConfiguration#contextRefresher matched:
      - @ConditionalOnMissingBean (types: org.springframework.cloud.context.refresh.ContextRefresher; SearchStrategy: all) did not find any beans (OnBeanCondition)

   RefreshAutoConfiguration#loggingRebinder matched:
      - @ConditionalOnMissingBean (types: org.springframework.cloud.logging.LoggingRebinder; SearchStrategy: all) did not find any beans (OnBeanCondition)

   RefreshAutoConfiguration#refreshScope matched:
      - @ConditionalOnMissingBean (types: org.springframework.cloud.context.scope.refresh.RefreshScope; SearchStrategy: all) did not find any beans (OnBeanCondition)

   RestTemplateAutoConfiguration matched:
      - @ConditionalOnClass found required class 'org.springframework.web.client.RestTemplate' (OnClassCondition)
      - NoneNestedConditions 0 matched 1 did not; NestedCondition on RestTemplateAutoConfiguration.NotReactiveWebApplicationCondition.ReactiveWebApplication did not find reactive web application classes (RestTemplateAutoConfiguration.NotReactiveWebApplicationCondition)

   RestTemplateAutoConfiguration#restTemplateBuilder matched:
      - @ConditionalOnMissingBean (types: org.springframework.boot.web.client.RestTemplateBuilder; SearchStrategy: all) did not find any beans (OnBeanCondition)

   ServletWebServerFactoryAutoConfiguration matched:
      - @ConditionalOnClass found required class 'javax.servlet.ServletRequest' (OnClassCondition)
      - found 'session' scope (OnWebApplicationCondition)

   ServletWebServerFactoryAutoConfiguration#tomcatServletWebServerFactoryCustomizer matched:
      - @ConditionalOnClass found required class 'org.apache.catalina.startup.Tomcat' (OnClassCondition)

   ServletWebServerFactoryConfiguration.EmbeddedTomcat matched:
      - @ConditionalOnClass found required classes 'javax.servlet.Servlet', 'org.apache.catalina.startup.Tomcat', 'org.apache.coyote.UpgradeProtocol' (OnClassCondition)
      - @ConditionalOnMissingBean (types: org.springframework.boot.web.servlet.server.ServletWebServerFactory; SearchStrategy: current) did not find any beans (OnBeanCondition)

   SimpleCacheConfiguration matched:
      - Cache org.springframework.boot.autoconfigure.cache.SimpleCacheConfiguration automatic cache type (CacheCondition)

   SpringApplicationAdminJmxAutoConfiguration matched:
      - @ConditionalOnProperty (spring.application.admin.enabled=true) matched (OnPropertyCondition)

   SpringApplicationAdminJmxAutoConfiguration#springApplicationAdminRegistrar matched:
      - @ConditionalOnMissingBean (types: org.springframework.boot.admin.SpringApplicationAdminMXBeanRegistrar; SearchStrategy: all) did not find any beans (OnBeanCondition)

   TaskExecutionAutoConfiguration matched:
      - @ConditionalOnClass found required class 'org.springframework.scheduling.concurrent.ThreadPoolTaskExecutor' (OnClassCondition)

   TaskExecutionAutoConfiguration#applicationTaskExecutor matched:
      - @ConditionalOnMissingBean (types: java.util.concurrent.Executor; SearchStrategy: all) did not find any beans (OnBeanCondition)

   TaskExecutionAutoConfiguration#taskExecutorBuilder matched:
      - @ConditionalOnMissingBean (types: org.springframework.boot.task.TaskExecutorBuilder; SearchStrategy: all) did not find any beans (OnBeanCondition)

   TaskSchedulingAutoConfiguration matched:
      - @ConditionalOnClass found required class 'org.springframework.scheduling.concurrent.ThreadPoolTaskScheduler' (OnClassCondition)

   TaskSchedulingAutoConfiguration#taskSchedulerBuilder matched:
      - @ConditionalOnMissingBean (types: org.springframework.boot.task.TaskSchedulerBuilder; SearchStrategy: all) did not find any beans (OnBeanCondition)

   ValidationAutoConfiguration matched:
      - @ConditionalOnClass found required class 'javax.validation.executable.ExecutableValidator' (OnClassCondition)
      - @ConditionalOnResource found location classpath:META-INF/services/javax.validation.spi.ValidationProvider (OnResourceCondition)

   ValidationAutoConfiguration#defaultValidator matched:
      - @ConditionalOnMissingBean (types: javax.validation.Validator; SearchStrategy: all) did not find any beans (OnBeanCondition)

   ValidationAutoConfiguration#methodValidationPostProcessor matched:
      - @ConditionalOnMissingBean (types: org.springframework.validation.beanvalidation.MethodValidationPostProcessor; SearchStrategy: all) did not find any beans (OnBeanCondition)

   WebMvcAutoConfiguration matched:
      - @ConditionalOnClass found required classes 'javax.servlet.Servlet', 'org.springframework.web.servlet.DispatcherServlet', 'org.springframework.web.servlet.config.annotation.WebMvcConfigurer' (OnClassCondition)
      - found 'session' scope (OnWebApplicationCondition)
      - @ConditionalOnMissingBean (types: org.springframework.web.servlet.config.annotation.WebMvcConfigurationSupport; SearchStrategy: all) did not find any beans (OnBeanCondition)

   WebMvcAutoConfiguration#formContentFilter matched:
      - @ConditionalOnProperty (spring.mvc.formcontent.filter.enabled) matched (OnPropertyCondition)
      - @ConditionalOnMissingBean (types: org.springframework.web.filter.FormContentFilter; SearchStrategy: all) did not find any beans (OnBeanCondition)

   WebMvcAutoConfiguration.WebMvcAutoConfigurationAdapter#defaultViewResolver matched:
      - @ConditionalOnMissingBean (types: org.springframework.web.servlet.view.InternalResourceViewResolver; SearchStrategy: all) did not find any beans (OnBeanCondition)

   WebMvcAutoConfiguration.WebMvcAutoConfigurationAdapter#requestContextFilter matched:
      - @ConditionalOnMissingBean (types: org.springframework.web.context.request.RequestContextListener,org.springframework.web.filter.RequestContextFilter; SearchStrategy: all) did not find any beans (OnBeanCondition)

   WebMvcAutoConfiguration.WebMvcAutoConfigurationAdapter#viewResolver matched:
      - @ConditionalOnBean (types: org.springframework.web.servlet.ViewResolver; SearchStrategy: all) found beans 'defaultViewResolver', 'beanNameViewResolver', 'mvcViewResolver'; @ConditionalOnMissingBean (names: viewResolver types: org.springframework.web.servlet.view.ContentNegotiatingViewResolver; SearchStrategy: all) did not find any beans (OnBeanCondition)

   WebSocketServletAutoConfiguration matched:
      - @ConditionalOnClass found required classes 'javax.servlet.Servlet', 'javax.websocket.server.ServerContainer' (OnClassCondition)
      - found 'session' scope (OnWebApplicationCondition)

   WebSocketServletAutoConfiguration.TomcatWebSocketConfiguration matched:
      - @ConditionalOnClass found required classes 'org.apache.catalina.startup.Tomcat', 'org.apache.tomcat.websocket.server.WsSci' (OnClassCondition)

   WebSocketServletAutoConfiguration.TomcatWebSocketConfiguration#websocketServletWebServerCustomizer matched:
      - @ConditionalOnMissingBean (names: websocketServletWebServerCustomizer; SearchStrategy: all) did not find any beans (OnBeanCondition)


Negative matches:
-----------------

   ActiveMQAutoConfiguration:
      Did not match:
         - @ConditionalOnClass did not find required class 'javax.jms.ConnectionFactory' (OnClassCondition)

   AopAutoConfiguration.AspectJAutoProxyingConfiguration:
      Did not match:
         - @ConditionalOnClass did not find required class 'org.aspectj.weaver.Advice' (OnClassCondition)

   ArtemisAutoConfiguration:
      Did not match:
         - @ConditionalOnClass did not find required class 'javax.jms.ConnectionFactory' (OnClassCondition)

   BatchAutoConfiguration:
      Did not match:
         - @ConditionalOnClass did not find required class 'org.springframework.batch.core.launch.JobLauncher' (OnClassCondition)

   CacheAutoConfiguration:
      Did not match:
         - @ConditionalOnBean (types: org.springframework.cache.interceptor.CacheAspectSupport; SearchStrategy: all) did not find any beans of type org.springframework.cache.interceptor.CacheAspectSupport (OnBeanCondition)
      Matched:
         - @ConditionalOnClass found required class 'org.springframework.cache.CacheManager' (OnClassCondition)

   CacheAutoConfiguration.CacheManagerEntityManagerFactoryDependsOnPostProcessor:
      Did not match:
         - @ConditionalOnClass did not find required class 'org.springframework.orm.jpa.LocalContainerEntityManagerFactoryBean' (OnClassCondition)
         - Ancestor org.springframework.boot.autoconfigure.cache.CacheAutoConfiguration did not match (ConditionEvaluationReport.AncestorsMatchedCondition)

   CaffeineCacheConfiguration:
      Did not match:
         - @ConditionalOnClass did not find required class 'com.github.benmanes.caffeine.cache.Caffeine' (OnClassCondition)

   CassandraAutoConfiguration:
      Did not match:
         - @ConditionalOnClass did not find required class 'com.datastax.oss.driver.api.core.CqlSession' (OnClassCondition)

   CassandraDataAutoConfiguration:
      Did not match:
         - @ConditionalOnClass did not find required class 'com.datastax.oss.driver.api.core.CqlSession' (OnClassCondition)

   CassandraReactiveDataAutoConfiguration:
      Did not match:
         - @ConditionalOnClass did not find required class 'com.datastax.oss.driver.api.core.CqlSession' (OnClassCondition)

   CassandraReactiveRepositoriesAutoConfiguration:
      Did not match:
         - @ConditionalOnClass did not find required class 'org.springframework.data.cassandra.ReactiveSession' (OnClassCondition)

   CassandraRepositoriesAutoConfiguration:
      Did not match:
         - @ConditionalOnClass did not find required class 'com.datastax.oss.driver.api.core.CqlSession' (OnClassCondition)

   ClientHttpConnectorAutoConfiguration:
      Did not match:
         - @ConditionalOnClass did not find required class 'org.springframework.web.reactive.function.client.WebClient' (OnClassCondition)

   CodecsAutoConfiguration:
      Did not match:
         - @ConditionalOnClass did not find required class 'org.springframework.web.reactive.function.client.WebClient' (OnClassCondition)

   CouchbaseAutoConfiguration:
      Did not match:
         - @ConditionalOnClass did not find required class 'com.couchbase.client.java.Cluster' (OnClassCondition)

   CouchbaseCacheConfiguration:
      Did not match:
         - @ConditionalOnClass did not find required class 'com.couchbase.client.java.Cluster' (OnClassCondition)

   CouchbaseDataAutoConfiguration:
      Did not match:
         - @ConditionalOnClass did not find required class 'com.couchbase.client.java.Bucket' (OnClassCondition)

   CouchbaseReactiveDataAutoConfiguration:
      Did not match:
         - @ConditionalOnClass did not find required class 'com.couchbase.client.java.Cluster' (OnClassCondition)

   CouchbaseReactiveRepositoriesAutoConfiguration:
      Did not match:
         - @ConditionalOnClass did not find required class 'com.couchbase.client.java.Cluster' (OnClassCondition)

   CouchbaseRepositoriesAutoConfiguration:
      Did not match:
         - @ConditionalOnClass did not find required class 'com.couchbase.client.java.Bucket' (OnClassCondition)

   DataSourceAutoConfiguration:
      Did not match:
         - @ConditionalOnClass did not find required class 'org.springframework.jdbc.datasource.embedded.EmbeddedDatabaseType' (OnClassCondition)

   DataSourceTransactionManagerAutoConfiguration:
      Did not match:
         - @ConditionalOnClass did not find required class 'org.springframework.jdbc.core.JdbcTemplate' (OnClassCondition)

   DispatcherServletAutoConfiguration.DispatcherServletConfiguration#multipartResolver:
      Did not match:
         - @ConditionalOnBean (types: org.springframework.web.multipart.MultipartResolver; SearchStrategy: all) did not find any beans of type org.springframework.web.multipart.MultipartResolver (OnBeanCondition)

   EhCacheCacheConfiguration:
      Did not match:
         - @ConditionalOnClass did not find required class 'net.sf.ehcache.Cache' (OnClassCondition)

   ElasticsearchDataAutoConfiguration:
      Did not match:
         - @ConditionalOnClass did not find required class 'org.springframework.data.elasticsearch.core.ElasticsearchTemplate' (OnClassCondition)

   ElasticsearchRepositoriesAutoConfiguration:
      Did not match:
         - @ConditionalOnClass did not find required class 'org.elasticsearch.client.Client' (OnClassCondition)

   ElasticsearchRestClientAutoConfiguration:
      Did not match:
         - @ConditionalOnClass did not find required class 'org.elasticsearch.client.RestClient' (OnClassCondition)

   EmbeddedLdapAutoConfiguration:
      Did not match:
         - @ConditionalOnClass did not find required class 'com.unboundid.ldap.listener.InMemoryDirectoryServer' (OnClassCondition)

   EmbeddedMongoAutoConfiguration:
      Did not match:
         - @ConditionalOnClass did not find required class 'com.mongodb.MongoClientSettings' (OnClassCondition)

   EmbeddedWebServerFactoryCustomizerAutoConfiguration.JettyWebServerFactoryCustomizerConfiguration:
      Did not match:
         - @ConditionalOnClass did not find required classes 'org.eclipse.jetty.server.Server', 'org.eclipse.jetty.util.Loader', 'org.eclipse.jetty.webapp.WebAppContext' (OnClassCondition)

   EmbeddedWebServerFactoryCustomizerAutoConfiguration.NettyWebServerFactoryCustomizerConfiguration:
      Did not match:
         - @ConditionalOnClass did not find required class 'reactor.netty.http.server.HttpServer' (OnClassCondition)

   EmbeddedWebServerFactoryCustomizerAutoConfiguration.UndertowWebServerFactoryCustomizerConfiguration:
      Did not match:
         - @ConditionalOnClass did not find required classes 'io.undertow.Undertow', 'org.xnio.SslClientAuthMode' (OnClassCondition)

   ErrorWebFluxAutoConfiguration:
      Did not match:
         - @ConditionalOnClass did not find required class 'org.springframework.web.reactive.config.WebFluxConfigurer' (OnClassCondition)

   FlywayAutoConfiguration:
      Did not match:
         - @ConditionalOnClass did not find required class 'org.flywaydb.core.Flyway' (OnClassCondition)

   FreeMarkerAutoConfiguration:
      Did not match:
         - @ConditionalOnClass did not find required class 'freemarker.template.Configuration' (OnClassCondition)

   GroovyTemplateAutoConfiguration:
      Did not match:
         - @ConditionalOnClass did not find required class 'groovy.text.markup.MarkupTemplateEngine' (OnClassCondition)

   GsonAutoConfiguration:
      Did not match:
         - @ConditionalOnClass did not find required class 'com.google.gson.Gson' (OnClassCondition)

   GsonHttpMessageConvertersConfiguration:
      Did not match:
         - @ConditionalOnClass did not find required class 'com.google.gson.Gson' (OnClassCondition)

   H2ConsoleAutoConfiguration:
      Did not match:
         - @ConditionalOnClass did not find required class 'org.h2.server.web.WebServlet' (OnClassCondition)

   HazelcastAutoConfiguration:
      Did not match:
         - @ConditionalOnClass did not find required class 'com.hazelcast.core.HazelcastInstance' (OnClassCondition)

   HazelcastCacheConfiguration:
      Did not match:
         - @ConditionalOnClass did not find required class 'com.hazelcast.core.HazelcastInstance' (OnClassCondition)

   HazelcastJpaDependencyAutoConfiguration:
      Did not match:
         - @ConditionalOnClass did not find required class 'com.hazelcast.core.HazelcastInstance' (OnClassCondition)

   HibernateJpaAutoConfiguration:
      Did not match:
         - @ConditionalOnClass did not find required class 'javax.persistence.EntityManager' (OnClassCondition)

   HttpHandlerAutoConfiguration:
      Did not match:
         - @ConditionalOnClass did not find required class 'org.springframework.web.reactive.DispatcherHandler' (OnClassCondition)

   HypermediaAutoConfiguration:
      Did not match:
         - @ConditionalOnClass did not find required class 'org.springframework.hateoas.EntityModel' (OnClassCondition)

   InfinispanCacheConfiguration:
      Did not match:
         - @ConditionalOnClass did not find required class 'org.infinispan.spring.embedded.provider.SpringEmbeddedCacheManager' (OnClassCondition)

   InfluxDbAutoConfiguration:
      Did not match:
         - @ConditionalOnClass did not find required class 'org.influxdb.InfluxDB' (OnClassCondition)

   IntegrationAutoConfiguration:
      Did not match:
         - @ConditionalOnClass did not find required class 'org.springframework.integration.config.EnableIntegration' (OnClassCondition)

   JCacheCacheConfiguration:
      Did not match:
         - @ConditionalOnClass did not find required class 'javax.cache.Caching' (OnClassCondition)

   JacksonHttpMessageConvertersConfiguration.MappingJackson2XmlHttpMessageConverterConfiguration:
      Did not match:
         - @ConditionalOnClass did not find required class 'com.fasterxml.jackson.dataformat.xml.XmlMapper' (OnClassCondition)

   JdbcRepositoriesAutoConfiguration:
      Did not match:
         - @ConditionalOnClass did not find required class 'org.springframework.data.jdbc.repository.config.AbstractJdbcConfiguration' (OnClassCondition)

   JdbcTemplateAutoConfiguration:
      Did not match:
         - @ConditionalOnClass did not find required class 'org.springframework.jdbc.core.JdbcTemplate' (OnClassCondition)

   JerseyAutoConfiguration:
      Did not match:
         - @ConditionalOnClass did not find required class 'org.glassfish.jersey.server.spring.SpringComponentProvider' (OnClassCondition)

   JmsAutoConfiguration:
      Did not match:
         - @ConditionalOnClass did not find required class 'javax.jms.Message' (OnClassCondition)

   JndiConnectionFactoryAutoConfiguration:
      Did not match:
         - @ConditionalOnClass did not find required class 'org.springframework.jms.core.JmsTemplate' (OnClassCondition)

   JndiDataSourceAutoConfiguration:
      Did not match:
         - @ConditionalOnClass did not find required class 'org.springframework.jdbc.datasource.embedded.EmbeddedDatabaseType' (OnClassCondition)

   JooqAutoConfiguration:
      Did not match:
         - @ConditionalOnClass did not find required class 'org.jooq.DSLContext' (OnClassCondition)

   JpaRepositoriesAutoConfiguration:
      Did not match:
         - @ConditionalOnClass did not find required class 'org.springframework.data.jpa.repository.JpaRepository' (OnClassCondition)

   JsonbAutoConfiguration:
      Did not match:
         - @ConditionalOnClass did not find required class 'javax.json.bind.Jsonb' (OnClassCondition)

   JsonbHttpMessageConvertersConfiguration:
      Did not match:
         - @ConditionalOnClass did not find required class 'javax.json.bind.Jsonb' (OnClassCondition)

   JtaAutoConfiguration:
      Did not match:
         - @ConditionalOnClass did not find required class 'javax.transaction.Transaction' (OnClassCondition)

   KafkaAutoConfiguration:
      Did not match:
         - @ConditionalOnClass did not find required class 'org.springframework.kafka.core.KafkaTemplate' (OnClassCondition)

   LdapAutoConfiguration:
      Did not match:
         - @ConditionalOnClass did not find required class 'org.springframework.ldap.core.ContextSource' (OnClassCondition)

   LdapRepositoriesAutoConfiguration:
      Did not match:
         - @ConditionalOnClass did not find required class 'org.springframework.data.ldap.repository.LdapRepository' (OnClassCondition)

   LiquibaseAutoConfiguration:
      Did not match:
         - @ConditionalOnClass did not find required class 'liquibase.change.DatabaseChange' (OnClassCondition)

   MailSenderAutoConfiguration:
      Did not match:
         - @ConditionalOnClass did not find required class 'javax.mail.internet.MimeMessage' (OnClassCondition)

   MailSenderValidatorAutoConfiguration:
      Did not match:
         - @ConditionalOnSingleCandidate did not find required type 'org.springframework.mail.javamail.JavaMailSenderImpl' (OnBeanCondition)

   MessageSourceAutoConfiguration:
      Did not match:
         - ResourceBundle did not find bundle with basename messages (MessageSourceAutoConfiguration.ResourceBundleCondition)

   MongoAutoConfiguration:
      Did not match:
         - @ConditionalOnClass did not find required class 'com.mongodb.client.MongoClient' (OnClassCondition)

   MongoDataAutoConfiguration:
      Did not match:
         - @ConditionalOnClass did not find required class 'com.mongodb.client.MongoClient' (OnClassCondition)

   MongoReactiveAutoConfiguration:
      Did not match:
         - @ConditionalOnClass did not find required class 'com.mongodb.reactivestreams.client.MongoClient' (OnClassCondition)

   MongoReactiveDataAutoConfiguration:
      Did not match:
         - @ConditionalOnClass did not find required class 'com.mongodb.reactivestreams.client.MongoClient' (OnClassCondition)

   MongoReactiveRepositoriesAutoConfiguration:
      Did not match:
         - @ConditionalOnClass did not find required class 'com.mongodb.reactivestreams.client.MongoClient' (OnClassCondition)

   MongoRepositoriesAutoConfiguration:
      Did not match:
         - @ConditionalOnClass did not find required class 'com.mongodb.client.MongoClient' (OnClassCondition)

   MustacheAutoConfiguration:
      Did not match:
         - @ConditionalOnClass did not find required class 'com.samskivert.mustache.Mustache' (OnClassCondition)

   Neo4jDataAutoConfiguration:
      Did not match:
         - @ConditionalOnClass did not find required class 'org.neo4j.ogm.session.SessionFactory' (OnClassCondition)

   Neo4jRepositoriesAutoConfiguration:
      Did not match:
         - @ConditionalOnClass did not find required class 'org.neo4j.ogm.session.Neo4jSession' (OnClassCondition)

   OAuth2ClientAutoConfiguration:
      Did not match:
         - @ConditionalOnClass did not find required class 'org.springframework.security.config.annotation.web.configuration.EnableWebSecurity' (OnClassCondition)

   OAuth2ResourceServerAutoConfiguration:
      Did not match:
         - @ConditionalOnClass did not find required class 'org.springframework.security.oauth2.server.resource.BearerTokenAuthenticationToken' (OnClassCondition)

   PersistenceExceptionTranslationAutoConfiguration:
      Did not match:
         - @ConditionalOnClass did not find required class 'org.springframework.dao.annotation.PersistenceExceptionTranslationPostProcessor' (OnClassCondition)

   ProjectInfoAutoConfiguration#buildProperties:
      Did not match:
         - @ConditionalOnResource did not find resource '${spring.info.build.location:classpath:META-INF/build-info.properties}' (OnResourceCondition)

   ProjectInfoAutoConfiguration#gitProperties:
      Did not match:
         - GitResource did not find git info at classpath:git.properties (ProjectInfoAutoConfiguration.GitResourceAvailableCondition)

   QuartzAutoConfiguration:
      Did not match:
         - @ConditionalOnClass did not find required class 'org.quartz.Scheduler' (OnClassCondition)

   R2dbcAutoConfiguration:
      Did not match:
         - @ConditionalOnClass did not find required class 'io.r2dbc.spi.ConnectionFactory' (OnClassCondition)

   R2dbcDataAutoConfiguration:
      Did not match:
         - @ConditionalOnClass did not find required class 'org.springframework.data.r2dbc.core.DatabaseClient' (OnClassCondition)

   R2dbcRepositoriesAutoConfiguration:
      Did not match:
         - @ConditionalOnClass did not find required class 'io.r2dbc.spi.ConnectionFactory' (OnClassCondition)

   R2dbcTransactionManagerAutoConfiguration:
      Did not match:
         - @ConditionalOnClass did not find required class 'org.springframework.data.r2dbc.connectionfactory.R2dbcTransactionManager' (OnClassCondition)

   RSocketMessagingAutoConfiguration:
      Did not match:
         - @ConditionalOnClass did not find required class 'io.rsocket.RSocketFactory' (OnClassCondition)

   RSocketRequesterAutoConfiguration:
      Did not match:
         - @ConditionalOnClass did not find required class 'io.rsocket.RSocketFactory' (OnClassCondition)

   RSocketSecurityAutoConfiguration:
      Did not match:
         - @ConditionalOnClass did not find required class 'org.springframework.security.rsocket.core.SecuritySocketAcceptorInterceptor' (OnClassCondition)

   RSocketServerAutoConfiguration:
      Did not match:
         - @ConditionalOnClass did not find required class 'io.rsocket.core.RSocketServer' (OnClassCondition)

   RSocketStrategiesAutoConfiguration:
      Did not match:
         - @ConditionalOnClass did not find required class 'io.netty.buffer.PooledByteBufAllocator' (OnClassCondition)

   RabbitAutoConfiguration:
      Did not match:
         - @ConditionalOnClass did not find required class 'com.rabbitmq.client.Channel' (OnClassCondition)

   ReactiveElasticsearchRepositoriesAutoConfiguration:
      Did not match:
         - @ConditionalOnClass did not find required class 'org.springframework.data.elasticsearch.client.reactive.ReactiveElasticsearchClient' (OnClassCondition)

   ReactiveElasticsearchRestClientAutoConfiguration:
      Did not match:
         - @ConditionalOnClass did not find required class 'reactor.netty.http.client.HttpClient' (OnClassCondition)

   ReactiveOAuth2ClientAutoConfiguration:
      Did not match:
         - @ConditionalOnClass did not find required class 'reactor.core.publisher.Flux' (OnClassCondition)

   ReactiveOAuth2ResourceServerAutoConfiguration:
      Did not match:
         - @ConditionalOnClass did not find required class 'org.springframework.security.config.annotation.web.reactive.EnableWebFluxSecurity' (OnClassCondition)

   ReactiveSecurityAutoConfiguration:
      Did not match:
         - @ConditionalOnClass did not find required class 'reactor.core.publisher.Flux' (OnClassCondition)

   ReactiveUserDetailsServiceAutoConfiguration:
      Did not match:
         - @ConditionalOnClass did not find required class 'org.springframework.security.authentication.ReactiveAuthenticationManager' (OnClassCondition)

   ReactiveWebServerFactoryAutoConfiguration:
      Did not match:
         - @ConditionalOnWebApplication did not find reactive web application classes (OnWebApplicationCondition)

   RedisAutoConfiguration:
      Did not match:
         - @ConditionalOnClass did not find required class 'org.springframework.data.redis.core.RedisOperations' (OnClassCondition)

   RedisCacheConfiguration:
      Did not match:
         - @ConditionalOnClass did not find required class 'org.springframework.data.redis.connection.RedisConnectionFactory' (OnClassCondition)

   RedisReactiveAutoConfiguration:
      Did not match:
         - @ConditionalOnClass did not find required class 'reactor.core.publisher.Flux' (OnClassCondition)

   RedisRepositoriesAutoConfiguration:
      Did not match:
         - @ConditionalOnClass did not find required class 'org.springframework.data.redis.repository.configuration.EnableRedisRepositories' (OnClassCondition)

   RefreshAutoConfiguration.JpaInvokerConfiguration:
      Did not match:
         - @ConditionalOnClass did not find required class 'javax.persistence.EntityManagerFactory' (OnClassCondition)

   RefreshEndpointAutoConfiguration:
      Did not match:
         - @ConditionalOnClass did not find required class 'org.springframework.boot.actuate.autoconfigure.endpoint.EndpointAutoConfiguration' (OnClassCondition)

   RepositoryRestMvcAutoConfiguration:
      Did not match:
         - @ConditionalOnClass did not find required class 'org.springframework.data.rest.webmvc.config.RepositoryRestMvcConfiguration' (OnClassCondition)

   Saml2RelyingPartyAutoConfiguration:
      Did not match:
         - @ConditionalOnClass did not find required class 'org.springframework.security.saml2.provider.service.registration.RelyingPartyRegistrationRepository' (OnClassCondition)

   SecurityAutoConfiguration:
      Did not match:
         - @ConditionalOnClass did not find required class 'org.springframework.security.authentication.DefaultAuthenticationEventPublisher' (OnClassCondition)

   SecurityFilterAutoConfiguration:
      Did not match:
         - @ConditionalOnClass did not find required class 'org.springframework.security.config.http.SessionCreationPolicy' (OnClassCondition)

   SendGridAutoConfiguration:
      Did not match:
         - @ConditionalOnClass did not find required class 'com.sendgrid.SendGrid' (OnClassCondition)

   ServletWebServerFactoryAutoConfiguration#forwardedHeaderFilter:
      Did not match:
         - @ConditionalOnProperty (server.forward-headers-strategy=framework) did not find property 'server.forward-headers-strategy' (OnPropertyCondition)

   ServletWebServerFactoryConfiguration.EmbeddedJetty:
      Did not match:
         - @ConditionalOnClass did not find required classes 'org.eclipse.jetty.server.Server', 'org.eclipse.jetty.util.Loader', 'org.eclipse.jetty.webapp.WebAppContext' (OnClassCondition)

   ServletWebServerFactoryConfiguration.EmbeddedUndertow:
      Did not match:
         - @ConditionalOnClass did not find required classes 'io.undertow.Undertow', 'org.xnio.SslClientAuthMode' (OnClassCondition)

   SessionAutoConfiguration:
      Did not match:
         - @ConditionalOnClass did not find required class 'org.springframework.session.Session' (OnClassCondition)

   SolrAutoConfiguration:
      Did not match:
         - @ConditionalOnClass did not find required class 'org.apache.solr.client.solrj.impl.CloudSolrClient' (OnClassCondition)

   SolrRepositoriesAutoConfiguration:
      Did not match:
         - @ConditionalOnClass did not find required class 'org.apache.solr.client.solrj.SolrClient' (OnClassCondition)

   SpringDataWebAutoConfiguration:
      Did not match:
         - @ConditionalOnClass did not find required class 'org.springframework.data.web.PageableHandlerMethodArgumentResolver' (OnClassCondition)

   TaskSchedulingAutoConfiguration#taskScheduler:
      Did not match:
         - @ConditionalOnBean (names: org.springframework.context.annotation.internalScheduledAnnotationProcessor; SearchStrategy: all) did not find any beans named org.springframework.context.annotation.internalScheduledAnnotationProcessor (OnBeanCondition)

   ThymeleafAutoConfiguration:
      Did not match:
         - @ConditionalOnClass did not find required class 'org.thymeleaf.spring5.SpringTemplateEngine' (OnClassCondition)

   TransactionAutoConfiguration:
      Did not match:
         - @ConditionalOnClass did not find required class 'org.springframework.transaction.PlatformTransactionManager' (OnClassCondition)

   UserDetailsServiceAutoConfiguration:
      Did not match:
         - @ConditionalOnClass did not find required class 'org.springframework.security.authentication.AuthenticationManager' (OnClassCondition)

   WebClientAutoConfiguration:
      Did not match:
         - @ConditionalOnClass did not find required class 'org.springframework.web.reactive.function.client.WebClient' (OnClassCondition)

   WebFluxAutoConfiguration:
      Did not match:
         - @ConditionalOnClass did not find required class 'org.springframework.web.reactive.config.WebFluxConfigurer' (OnClassCondition)

   WebMvcAutoConfiguration#hiddenHttpMethodFilter:
      Did not match:
         - @ConditionalOnProperty (spring.mvc.hiddenmethod.filter.enabled) did not find property 'enabled' (OnPropertyCondition)

   WebMvcAutoConfiguration.ResourceChainCustomizerConfiguration:
      Did not match:
         - @ConditionalOnEnabledResourceChain did not find class org.webjars.WebJarAssetLocator (OnEnabledResourceChainCondition)

   WebMvcAutoConfiguration.WebMvcAutoConfigurationAdapter#beanNameViewResolver:
      Did not match:
         - @ConditionalOnMissingBean (types: org.springframework.web.servlet.view.BeanNameViewResolver; SearchStrategy: all) found beans of type 'org.springframework.web.servlet.view.BeanNameViewResolver' beanNameViewResolver (OnBeanCondition)

   WebMvcAutoConfiguration.WebMvcAutoConfigurationAdapter#localeResolver:
      Did not match:
         - @ConditionalOnProperty (spring.mvc.locale) did not find property 'locale' (OnPropertyCondition)

   WebServiceTemplateAutoConfiguration:
      Did not match:
         - @ConditionalOnClass did not find required class 'org.springframework.oxm.Marshaller' (OnClassCondition)

   WebServicesAutoConfiguration:
      Did not match:
         - @ConditionalOnClass did not find required class 'org.springframework.ws.transport.http.MessageDispatcherServlet' (OnClassCondition)

   WebSocketMessagingAutoConfiguration:
      Did not match:
         - @ConditionalOnClass did not find required class 'org.springframework.web.socket.config.annotation.WebSocketMessageBrokerConfigurer' (OnClassCondition)

   WebSocketReactiveAutoConfiguration:
      Did not match:
         - @ConditionalOnWebApplication did not find reactive web application classes (OnWebApplicationCondition)

   WebSocketServletAutoConfiguration.JettyWebSocketConfiguration:
      Did not match:
         - @ConditionalOnClass did not find required class 'org.eclipse.jetty.websocket.jsr356.server.deploy.WebSocketServerContainerInitializer' (OnClassCondition)

   WebSocketServletAutoConfiguration.UndertowWebSocketConfiguration:
      Did not match:
         - @ConditionalOnClass did not find required class 'io.undertow.websockets.jsr.Bootstrap' (OnClassCondition)

   WritableEnvironmentEndpointAutoConfiguration:
      Did not match:
         - @ConditionalOnClass did not find required class 'org.springframework.boot.actuate.autoconfigure.env.EnvironmentEndpointProperties' (OnClassCondition)

   XADataSourceAutoConfiguration:
      Did not match:
         - @ConditionalOnClass did not find required class 'javax.transaction.TransactionManager' (OnClassCondition)


Exclusions:
-----------

    None


Unconditional classes:
----------------------

    org.springframework.boot.autoconfigure.context.ConfigurationPropertiesAutoConfiguration

    org.springframework.boot.autoconfigure.context.LifecycleAutoConfiguration

    org.springframework.boot.autoconfigure.context.PropertyPlaceholderAutoConfiguration

    org.springframework.cloud.autoconfigure.LifecycleMvcEndpointAutoConfiguration

    org.springframework.boot.autoconfigure.availability.ApplicationAvailabilityAutoConfiguration

    org.springframework.boot.autoconfigure.info.ProjectInfoAutoConfiguration



2024-10-26 14:41:30,053 DEBUG [main][PropertySourcesPropertyResolver.java:115] - Found key 'spring.liveBeansView.mbeanDomain' in PropertySource 'systemProperties' with value of type String
2024-10-26 14:41:30,053 DEBUG [main][PropertySourcesPropertyResolver.java:115] - Found key 'spring.liveBeansView.mbeanDomain' in PropertySource 'systemProperties' with value of type String
2024-10-26 14:41:30,055 INFO [main][StartupInfoLogger.java:61] - Started ContentApplication in 1.79 seconds (JVM running for 2.77)
2024-10-26 14:41:30,055 INFO [main][StartupInfoLogger.java:61] - Started ContentApplication in 1.79 seconds (JVM running for 2.77)
2024-10-26 14:41:30,814 DEBUG [RMI TCP Connection(2)-192.168.99.13][PropertySourcesPropertyResolver.java:115] - Found key 'local.server.port' in PropertySource 'server.ports' with value of type Integer
2024-10-26 14:41:30,814 DEBUG [RMI TCP Connection(2)-192.168.99.13][PropertySourcesPropertyResolver.java:115] - Found key 'local.server.port' in PropertySource 'server.ports' with value of type Integer
2024-10-26 14:41:30,820 DEBUG [RMI TCP Connection(2)-192.168.99.13][PropertySourcesPropertyResolver.java:115] - Found key 'server.servlet.context-path' in PropertySource 'configurationProperties' with value of type String
2024-10-26 14:41:30,820 DEBUG [RMI TCP Connection(2)-192.168.99.13][PropertySourcesPropertyResolver.java:115] - Found key 'server.servlet.context-path' in PropertySource 'configurationProperties' with value of type String
2024-10-26 14:41:44,632 INFO [http-nio-63040-exec-1][DirectJDKLog.java:173] - Initializing Spring DispatcherServlet 'dispatcherServlet'
2024-10-26 14:41:44,632 INFO [http-nio-63040-exec-1][DirectJDKLog.java:173] - Initializing Spring DispatcherServlet 'dispatcherServlet'
2024-10-26 14:41:44,632 INFO [http-nio-63040-exec-1][FrameworkServlet.java:525] - Initializing Servlet 'dispatcherServlet'
2024-10-26 14:41:44,632 INFO [http-nio-63040-exec-1][FrameworkServlet.java:525] - Initializing Servlet 'dispatcherServlet'
2024-10-26 14:41:44,632 DEBUG [http-nio-63040-exec-1][DispatcherServlet.java:526] - Detected StandardServletMultipartResolver
2024-10-26 14:41:44,632 DEBUG [http-nio-63040-exec-1][DispatcherServlet.java:526] - Detected StandardServletMultipartResolver
2024-10-26 14:41:44,640 DEBUG [http-nio-63040-exec-1][FrameworkServlet.java:542] - enableLoggingRequestDetails='false': request parameters and headers will be masked to prevent unsafe logging of potentially sensitive data
2024-10-26 14:41:44,640 INFO [http-nio-63040-exec-1][FrameworkServlet.java:547] - Completed initialization in 8 ms
2024-10-26 14:41:44,640 DEBUG [http-nio-63040-exec-1][FrameworkServlet.java:542] - enableLoggingRequestDetails='false': request parameters and headers will be masked to prevent unsafe logging of potentially sensitive data
2024-10-26 14:41:44,640 INFO [http-nio-63040-exec-1][FrameworkServlet.java:547] - Completed initialization in 8 ms
2024-10-26 14:41:44,648 DEBUG [http-nio-63040-exec-1][LogFormatUtils.java:91] - GET "/content/course/list", parameters={}
2024-10-26 14:41:44,648 DEBUG [http-nio-63040-exec-1][LogFormatUtils.java:91] - GET "/content/course/list", parameters={}
2024-10-26 14:41:44,648 DEBUG [http-nio-63040-exec-1][AbstractHandlerMapping.java:415] - Mapped to com.xuecheng.content.api.CourseBaseInfoController#list(PageParams, QueryCourseParamsDto)
2024-10-26 14:41:44,648 DEBUG [http-nio-63040-exec-1][AbstractHandlerMapping.java:415] - Mapped to com.xuecheng.content.api.CourseBaseInfoController#list(PageParams, QueryCourseParamsDto)
2024-10-26 14:41:44,721 DEBUG [http-nio-63040-exec-1][AbstractMessageConverterMethodProcessor.java:255] - Using 'application/json;q=0.8', given [text/html, application/xhtml+xml, image/avif, image/webp, image/apng, application/xml;q=0.9, application/signed-exchange;v=b3;q=0.7, */*;q=0.8] and supported [application/json, application/*+json, application/json, application/*+json]
2024-10-26 14:41:44,721 DEBUG [http-nio-63040-exec-1][AbstractMessageConverterMethodProcessor.java:255] - Using 'application/json;q=0.8', given [text/html, application/xhtml+xml, image/avif, image/webp, image/apng, application/xml;q=0.9, application/signed-exchange;v=b3;q=0.7, */*;q=0.8] and supported [application/json, application/*+json, application/json, application/*+json]
2024-10-26 14:41:44,721 DEBUG [http-nio-63040-exec-1][AbstractMessageConverterMethodProcessor.java:285] - Nothing to write: null body
2024-10-26 14:41:44,721 DEBUG [http-nio-63040-exec-1][AbstractMessageConverterMethodProcessor.java:285] - Nothing to write: null body
2024-10-26 14:41:44,721 DEBUG [http-nio-63040-exec-1][FrameworkServlet.java:1131] - Completed 200 OK
2024-10-26 14:41:44,721 DEBUG [http-nio-63040-exec-1][FrameworkServlet.java:1131] - Completed 200 OK
2024-10-26 14:59:37,704 DEBUG [SpringContextShutdownHook][AbstractApplicationContext.java:1006] - Closing org.springframework.boot.web.servlet.context.AnnotationConfigServletWebServerApplicationContext@14dda234, started on Sat Oct 26 14:41:28 CEST 2024, parent: org.springframework.context.annotation.AnnotationConfigApplicationContext@72d6b3ba
2024-10-26 14:59:37,704 DEBUG [SpringContextShutdownHook][AbstractApplicationContext.java:1006] - Closing org.springframework.boot.web.servlet.context.AnnotationConfigServletWebServerApplicationContext@14dda234, started on Sat Oct 26 14:41:28 CEST 2024, parent: org.springframework.context.annotation.AnnotationConfigApplicationContext@72d6b3ba
2024-10-26 14:59:37,706 DEBUG [SpringContextShutdownHook][DefaultLifecycleProcessor.java:369] - Stopping beans in phase 2147483647
2024-10-26 14:59:37,706 DEBUG [SpringContextShutdownHook][DefaultLifecycleProcessor.java:369] - Stopping beans in phase 2147483647
2024-10-26 14:59:37,707 DEBUG [SpringContextShutdownHook][DefaultLifecycleProcessor.java:242] - Bean 'webServerGracefulShutdown' completed its stop procedure
2024-10-26 14:59:37,707 DEBUG [SpringContextShutdownHook][DefaultLifecycleProcessor.java:242] - Bean 'webServerGracefulShutdown' completed its stop procedure
2024-10-26 14:59:37,707 DEBUG [SpringContextShutdownHook][DefaultLifecycleProcessor.java:369] - Stopping beans in phase 2147483646
2024-10-26 14:59:37,707 DEBUG [SpringContextShutdownHook][DefaultLifecycleProcessor.java:369] - Stopping beans in phase 2147483646
2024-10-26 14:59:37,935 DEBUG [SpringContextShutdownHook][DefaultLifecycleProcessor.java:242] - Bean 'webServerStartStop' completed its stop procedure
2024-10-26 14:59:37,935 DEBUG [SpringContextShutdownHook][DefaultLifecycleProcessor.java:242] - Bean 'webServerStartStop' completed its stop procedure
2024-10-26 14:59:37,936 DEBUG [SpringContextShutdownHook][MBeanExporter.java:452] - Unregistering JMX-exposed beans on shutdown
2024-10-26 14:59:37,936 DEBUG [SpringContextShutdownHook][MBeanExporter.java:452] - Unregistering JMX-exposed beans on shutdown
2024-10-26 14:59:37,937 DEBUG [SpringContextShutdownHook][MBeanRegistrationSupport.java:186] - Unregistering JMX-exposed beans
2024-10-26 14:59:37,937 DEBUG [SpringContextShutdownHook][MBeanRegistrationSupport.java:186] - Unregistering JMX-exposed beans
2024-10-26 14:59:37,937 INFO [SpringContextShutdownHook][ExecutorConfigurationSupport.java:218] - Shutting down ExecutorService 'applicationTaskExecutor'
2024-10-26 14:59:37,937 INFO [SpringContextShutdownHook][ExecutorConfigurationSupport.java:218] - Shutting down ExecutorService 'applicationTaskExecutor'
