2024-10-27 22:51:18,132 DEBUG [main][ClasspathLoggingApplicationListener.java:51] - Application started with classpath: [file:/C:/Program%20Files/Java/jdk1.8.0_202/jre/lib/charsets.jar, file:/C:/Program%20Files/Java/jdk1.8.0_202/jre/lib/deploy.jar, file:/C:/Program%20Files/Java/jdk1.8.0_202/jre/lib/ext/access-bridge-64.jar, file:/C:/Program%20Files/Java/jdk1.8.0_202/jre/lib/ext/cldrdata.jar, file:/C:/Program%20Files/Java/jdk1.8.0_202/jre/lib/ext/dnsns.jar, file:/C:/Program%20Files/Java/jdk1.8.0_202/jre/lib/ext/jaccess.jar, file:/C:/Program%20Files/Java/jdk1.8.0_202/jre/lib/ext/jfxrt.jar, file:/C:/Program%20Files/Java/jdk1.8.0_202/jre/lib/ext/localedata.jar, file:/C:/Program%20Files/Java/jdk1.8.0_202/jre/lib/ext/nashorn.jar, file:/C:/Program%20Files/Java/jdk1.8.0_202/jre/lib/ext/sunec.jar, file:/C:/Program%20Files/Java/jdk1.8.0_202/jre/lib/ext/sunjce_provider.jar, file:/C:/Program%20Files/Java/jdk1.8.0_202/jre/lib/ext/sunmscapi.jar, file:/C:/Program%20Files/Java/jdk1.8.0_202/jre/lib/ext/sunpkcs11.jar, file:/C:/Program%20Files/Java/jdk1.8.0_202/jre/lib/ext/zipfs.jar, file:/C:/Program%20Files/Java/jdk1.8.0_202/jre/lib/javaws.jar, file:/C:/Program%20Files/Java/jdk1.8.0_202/jre/lib/jce.jar, file:/C:/Program%20Files/Java/jdk1.8.0_202/jre/lib/jfr.jar, file:/C:/Program%20Files/Java/jdk1.8.0_202/jre/lib/jfxswt.jar, file:/C:/Program%20Files/Java/jdk1.8.0_202/jre/lib/jsse.jar, file:/C:/Program%20Files/Java/jdk1.8.0_202/jre/lib/management-agent.jar, file:/C:/Program%20Files/Java/jdk1.8.0_202/jre/lib/plugin.jar, file:/C:/Program%20Files/Java/jdk1.8.0_202/jre/lib/resources.jar, file:/C:/Program%20Files/Java/jdk1.8.0_202/jre/lib/rt.jar, file:/D:/itcast2023/xc_edu3.1/code_402/xuecheng-plus-project/xuecheng-plus-content/xuecheng-plus-content-api/target/classes/, file:/D:/itcast2023/xc_edu3.1/code_402/xuecheng-plus-project/xuecheng-plus-content/xuecheng-plus-content-model/target/classes/, file:/D:/develop/repository/com/baomidou/mybatis-plus-annotation/3.4.1/mybatis-plus-annotation-3.4.1.jar, file:/D:/develop/repository/com/baomidou/mybatis-plus-core/3.4.1/mybatis-plus-core-3.4.1.jar, file:/D:/develop/repository/com/github/jsqlparser/jsqlparser/3.2/jsqlparser-3.2.jar, file:/D:/develop/repository/org/mybatis/mybatis/3.5.6/mybatis-3.5.6.jar, file:/D:/develop/repository/org/springframework/cloud/spring-cloud-context/2.2.6.RELEASE/spring-cloud-context-2.2.6.RELEASE.jar, file:/D:/develop/repository/org/springframework/security/spring-security-crypto/5.3.6.RELEASE/spring-security-crypto-5.3.6.RELEASE.jar, file:/D:/develop/repository/org/springframework/boot/spring-boot-starter-web/2.3.7.RELEASE/spring-boot-starter-web-2.3.7.RELEASE.jar, file:/D:/develop/repository/org/springframework/boot/spring-boot-starter-json/2.3.7.RELEASE/spring-boot-starter-json-2.3.7.RELEASE.jar, file:/D:/develop/repository/com/fasterxml/jackson/core/jackson-databind/2.11.3/jackson-databind-2.11.3.jar, file:/D:/develop/repository/org/springframework/boot/spring-boot-starter-tomcat/2.3.7.RELEASE/spring-boot-starter-tomcat-2.3.7.RELEASE.jar, file:/D:/develop/repository/org/apache/tomcat/embed/tomcat-embed-core/9.0.41/tomcat-embed-core-9.0.41.jar, file:/D:/develop/repository/org/apache/tomcat/embed/tomcat-embed-websocket/9.0.41/tomcat-embed-websocket-9.0.41.jar, file:/D:/develop/repository/org/springframework/spring-web/5.2.12.RELEASE/spring-web-5.2.12.RELEASE.jar, file:/D:/develop/repository/org/springframework/spring-beans/5.2.12.RELEASE/spring-beans-5.2.12.RELEASE.jar, file:/D:/develop/repository/org/springframework/spring-webmvc/5.2.12.RELEASE/spring-webmvc-5.2.12.RELEASE.jar, file:/D:/develop/repository/org/springframework/spring-aop/5.2.12.RELEASE/spring-aop-5.2.12.RELEASE.jar, file:/D:/develop/repository/org/springframework/spring-context/5.2.12.RELEASE/spring-context-5.2.12.RELEASE.jar, file:/D:/develop/repository/org/springframework/spring-expression/5.2.12.RELEASE/spring-expression-5.2.12.RELEASE.jar, file:/D:/develop/repository/org/springframework/boot/spring-boot-starter/2.3.7.RELEASE/spring-boot-starter-2.3.7.RELEASE.jar, file:/D:/develop/repository/org/springframework/boot/spring-boot/2.3.7.RELEASE/spring-boot-2.3.7.RELEASE.jar, file:/D:/develop/repository/org/springframework/boot/spring-boot-autoconfigure/2.3.7.RELEASE/spring-boot-autoconfigure-2.3.7.RELEASE.jar, file:/D:/develop/repository/jakarta/annotation/jakarta.annotation-api/1.3.5/jakarta.annotation-api-1.3.5.jar, file:/D:/develop/repository/org/springframework/spring-core/5.2.12.RELEASE/spring-core-5.2.12.RELEASE.jar, file:/D:/develop/repository/org/springframework/spring-jcl/5.2.12.RELEASE/spring-jcl-5.2.12.RELEASE.jar, file:/D:/develop/repository/org/yaml/snakeyaml/1.26/snakeyaml-1.26.jar, file:/D:/develop/repository/org/springframework/boot/spring-boot-starter-validation/2.3.7.RELEASE/spring-boot-starter-validation-2.3.7.RELEASE.jar, file:/D:/develop/repository/org/glassfish/jakarta.el/3.0.3/jakarta.el-3.0.3.jar, file:/D:/develop/repository/org/hibernate/validator/hibernate-validator/6.1.6.Final/hibernate-validator-6.1.6.Final.jar, file:/D:/develop/repository/jakarta/validation/jakarta.validation-api/2.0.2/jakarta.validation-api-2.0.2.jar, file:/D:/develop/repository/org/jboss/logging/jboss-logging/3.4.1.Final/jboss-logging-3.4.1.Final.jar, file:/D:/develop/repository/com/fasterxml/classmate/1.5.1/classmate-1.5.1.jar, file:/D:/develop/repository/org/springframework/boot/spring-boot-starter-log4j2/2.3.7.RELEASE/spring-boot-starter-log4j2-2.3.7.RELEASE.jar, file:/D:/develop/repository/org/apache/logging/log4j/log4j-slf4j-impl/2.13.3/log4j-slf4j-impl-2.13.3.jar, file:/D:/develop/repository/org/slf4j/slf4j-api/1.7.30/slf4j-api-1.7.30.jar, file:/D:/develop/repository/org/apache/logging/log4j/log4j-api/2.13.3/log4j-api-2.13.3.jar, file:/D:/develop/repository/org/apache/logging/log4j/log4j-core/2.13.3/log4j-core-2.13.3.jar, file:/D:/develop/repository/org/apache/logging/log4j/log4j-jul/2.13.3/log4j-jul-2.13.3.jar, file:/D:/develop/repository/org/slf4j/jul-to-slf4j/1.7.30/jul-to-slf4j-1.7.30.jar, file:/D:/develop/repository/com/spring4all/swagger-spring-boot-starter/1.9.0.RELEASE/swagger-spring-boot-starter-1.9.0.RELEASE.jar, file:/D:/develop/repository/io/springfox/springfox-swagger-ui/2.9.2/springfox-swagger-ui-2.9.2.jar, file:/D:/develop/repository/io/springfox/springfox-spring-web/2.9.2/springfox-spring-web-2.9.2.jar, file:/D:/develop/repository/io/springfox/springfox-swagger2/2.9.2/springfox-swagger2-2.9.2.jar, file:/D:/develop/repository/io/swagger/swagger-models/1.5.20/swagger-models-1.5.20.jar, file:/D:/develop/repository/io/springfox/springfox-spi/2.9.2/springfox-spi-2.9.2.jar, file:/D:/develop/repository/io/springfox/springfox-core/2.9.2/springfox-core-2.9.2.jar, file:/D:/develop/repository/net/bytebuddy/byte-buddy/1.10.18/byte-buddy-1.10.18.jar, file:/D:/develop/repository/io/springfox/springfox-schema/2.9.2/springfox-schema-2.9.2.jar, file:/D:/develop/repository/io/springfox/springfox-swagger-common/2.9.2/springfox-swagger-common-2.9.2.jar, file:/D:/develop/repository/com/google/guava/guava/25.0-jre/guava-25.0-jre.jar, file:/D:/develop/repository/com/google/code/findbugs/jsr305/1.3.9/jsr305-1.3.9.jar, file:/D:/develop/repository/org/checkerframework/checker-compat-qual/2.0.0/checker-compat-qual-2.0.0.jar, file:/D:/develop/repository/com/google/errorprone/error_prone_annotations/2.1.3/error_prone_annotations-2.1.3.jar, file:/D:/develop/repository/com/google/j2objc/j2objc-annotations/1.1/j2objc-annotations-1.1.jar, file:/D:/develop/repository/org/codehaus/mojo/animal-sniffer-annotations/1.14/animal-sniffer-annotations-1.14.jar, file:/D:/develop/repository/org/springframework/plugin/spring-plugin-core/1.2.0.RELEASE/spring-plugin-core-1.2.0.RELEASE.jar, file:/D:/develop/repository/org/springframework/plugin/spring-plugin-metadata/1.2.0.RELEASE/spring-plugin-metadata-1.2.0.RELEASE.jar, file:/D:/develop/repository/org/mapstruct/mapstruct/1.2.0.Final/mapstruct-1.2.0.Final.jar, file:/D:/develop/repository/io/springfox/springfox-bean-validators/2.9.2/springfox-bean-validators-2.9.2.jar, file:/D:/itcast2023/xc_edu3.1/code_402/xuecheng-plus-project/xuecheng-plus-base/target/classes/, file:/D:/develop/repository/org/projectlombok/lombok/1.18.8/lombok-1.18.8.jar, file:/D:/develop/repository/org/apache/commons/commons-lang3/3.10/commons-lang3-3.10.jar, file:/D:/develop/repository/com/alibaba/fastjson/1.2.83/fastjson-1.2.83.jar, file:/D:/develop/repository/commons-lang/commons-lang/2.6/commons-lang-2.6.jar, file:/D:/develop/repository/commons-codec/commons-codec/1.14/commons-codec-1.14.jar, file:/D:/develop/repository/io/swagger/swagger-annotations/1.5.20/swagger-annotations-1.5.20.jar, file:/D:/develop/repository/com/j256/simplemagic/simplemagic/1.17/simplemagic-1.17.jar, file:/D:/develop/repository/com/google/zxing/core/3.3.3/core-3.3.3.jar, file:/D:/develop/repository/com/google/zxing/javase/3.3.3/javase-3.3.3.jar, file:/D:/develop/repository/com/beust/jcommander/1.72/jcommander-1.72.jar, file:/D:/develop/repository/com/github/jai-imageio/jai-imageio-core/1.4.0/jai-imageio-core-1.4.0.jar, file:/D:/develop/repository/com/fasterxml/jackson/module/jackson-module-parameter-names/2.11.3/jackson-module-parameter-names-2.11.3.jar, file:/D:/develop/repository/com/fasterxml/jackson/core/jackson-core/2.11.3/jackson-core-2.11.3.jar, file:/D:/develop/repository/com/fasterxml/jackson/datatype/jackson-datatype-jdk8/2.11.3/jackson-datatype-jdk8-2.11.3.jar, file:/D:/develop/repository/com/fasterxml/jackson/datatype/jackson-datatype-jsr310/2.11.3/jackson-datatype-jsr310-2.11.3.jar, file:/D:/develop/repository/com/fasterxml/jackson/core/jackson-annotations/2.11.3/jackson-annotations-2.11.3.jar, file:/D:/IntelliJ%20IDEA%202022.2.3/lib/idea_rt.jar]
2024-10-27 22:51:18,132 DEBUG [main][ClasspathLoggingApplicationListener.java:51] - Application started with classpath: [file:/C:/Program%20Files/Java/jdk1.8.0_202/jre/lib/charsets.jar, file:/C:/Program%20Files/Java/jdk1.8.0_202/jre/lib/deploy.jar, file:/C:/Program%20Files/Java/jdk1.8.0_202/jre/lib/ext/access-bridge-64.jar, file:/C:/Program%20Files/Java/jdk1.8.0_202/jre/lib/ext/cldrdata.jar, file:/C:/Program%20Files/Java/jdk1.8.0_202/jre/lib/ext/dnsns.jar, file:/C:/Program%20Files/Java/jdk1.8.0_202/jre/lib/ext/jaccess.jar, file:/C:/Program%20Files/Java/jdk1.8.0_202/jre/lib/ext/jfxrt.jar, file:/C:/Program%20Files/Java/jdk1.8.0_202/jre/lib/ext/localedata.jar, file:/C:/Program%20Files/Java/jdk1.8.0_202/jre/lib/ext/nashorn.jar, file:/C:/Program%20Files/Java/jdk1.8.0_202/jre/lib/ext/sunec.jar, file:/C:/Program%20Files/Java/jdk1.8.0_202/jre/lib/ext/sunjce_provider.jar, file:/C:/Program%20Files/Java/jdk1.8.0_202/jre/lib/ext/sunmscapi.jar, file:/C:/Program%20Files/Java/jdk1.8.0_202/jre/lib/ext/sunpkcs11.jar, file:/C:/Program%20Files/Java/jdk1.8.0_202/jre/lib/ext/zipfs.jar, file:/C:/Program%20Files/Java/jdk1.8.0_202/jre/lib/javaws.jar, file:/C:/Program%20Files/Java/jdk1.8.0_202/jre/lib/jce.jar, file:/C:/Program%20Files/Java/jdk1.8.0_202/jre/lib/jfr.jar, file:/C:/Program%20Files/Java/jdk1.8.0_202/jre/lib/jfxswt.jar, file:/C:/Program%20Files/Java/jdk1.8.0_202/jre/lib/jsse.jar, file:/C:/Program%20Files/Java/jdk1.8.0_202/jre/lib/management-agent.jar, file:/C:/Program%20Files/Java/jdk1.8.0_202/jre/lib/plugin.jar, file:/C:/Program%20Files/Java/jdk1.8.0_202/jre/lib/resources.jar, file:/C:/Program%20Files/Java/jdk1.8.0_202/jre/lib/rt.jar, file:/D:/itcast2023/xc_edu3.1/code_402/xuecheng-plus-project/xuecheng-plus-content/xuecheng-plus-content-api/target/classes/, file:/D:/itcast2023/xc_edu3.1/code_402/xuecheng-plus-project/xuecheng-plus-content/xuecheng-plus-content-model/target/classes/, file:/D:/develop/repository/com/baomidou/mybatis-plus-annotation/3.4.1/mybatis-plus-annotation-3.4.1.jar, file:/D:/develop/repository/com/baomidou/mybatis-plus-core/3.4.1/mybatis-plus-core-3.4.1.jar, file:/D:/develop/repository/com/github/jsqlparser/jsqlparser/3.2/jsqlparser-3.2.jar, file:/D:/develop/repository/org/mybatis/mybatis/3.5.6/mybatis-3.5.6.jar, file:/D:/develop/repository/org/springframework/cloud/spring-cloud-context/2.2.6.RELEASE/spring-cloud-context-2.2.6.RELEASE.jar, file:/D:/develop/repository/org/springframework/security/spring-security-crypto/5.3.6.RELEASE/spring-security-crypto-5.3.6.RELEASE.jar, file:/D:/develop/repository/org/springframework/boot/spring-boot-starter-web/2.3.7.RELEASE/spring-boot-starter-web-2.3.7.RELEASE.jar, file:/D:/develop/repository/org/springframework/boot/spring-boot-starter-json/2.3.7.RELEASE/spring-boot-starter-json-2.3.7.RELEASE.jar, file:/D:/develop/repository/com/fasterxml/jackson/core/jackson-databind/2.11.3/jackson-databind-2.11.3.jar, file:/D:/develop/repository/org/springframework/boot/spring-boot-starter-tomcat/2.3.7.RELEASE/spring-boot-starter-tomcat-2.3.7.RELEASE.jar, file:/D:/develop/repository/org/apache/tomcat/embed/tomcat-embed-core/9.0.41/tomcat-embed-core-9.0.41.jar, file:/D:/develop/repository/org/apache/tomcat/embed/tomcat-embed-websocket/9.0.41/tomcat-embed-websocket-9.0.41.jar, file:/D:/develop/repository/org/springframework/spring-web/5.2.12.RELEASE/spring-web-5.2.12.RELEASE.jar, file:/D:/develop/repository/org/springframework/spring-beans/5.2.12.RELEASE/spring-beans-5.2.12.RELEASE.jar, file:/D:/develop/repository/org/springframework/spring-webmvc/5.2.12.RELEASE/spring-webmvc-5.2.12.RELEASE.jar, file:/D:/develop/repository/org/springframework/spring-aop/5.2.12.RELEASE/spring-aop-5.2.12.RELEASE.jar, file:/D:/develop/repository/org/springframework/spring-context/5.2.12.RELEASE/spring-context-5.2.12.RELEASE.jar, file:/D:/develop/repository/org/springframework/spring-expression/5.2.12.RELEASE/spring-expression-5.2.12.RELEASE.jar, file:/D:/develop/repository/org/springframework/boot/spring-boot-starter/2.3.7.RELEASE/spring-boot-starter-2.3.7.RELEASE.jar, file:/D:/develop/repository/org/springframework/boot/spring-boot/2.3.7.RELEASE/spring-boot-2.3.7.RELEASE.jar, file:/D:/develop/repository/org/springframework/boot/spring-boot-autoconfigure/2.3.7.RELEASE/spring-boot-autoconfigure-2.3.7.RELEASE.jar, file:/D:/develop/repository/jakarta/annotation/jakarta.annotation-api/1.3.5/jakarta.annotation-api-1.3.5.jar, file:/D:/develop/repository/org/springframework/spring-core/5.2.12.RELEASE/spring-core-5.2.12.RELEASE.jar, file:/D:/develop/repository/org/springframework/spring-jcl/5.2.12.RELEASE/spring-jcl-5.2.12.RELEASE.jar, file:/D:/develop/repository/org/yaml/snakeyaml/1.26/snakeyaml-1.26.jar, file:/D:/develop/repository/org/springframework/boot/spring-boot-starter-validation/2.3.7.RELEASE/spring-boot-starter-validation-2.3.7.RELEASE.jar, file:/D:/develop/repository/org/glassfish/jakarta.el/3.0.3/jakarta.el-3.0.3.jar, file:/D:/develop/repository/org/hibernate/validator/hibernate-validator/6.1.6.Final/hibernate-validator-6.1.6.Final.jar, file:/D:/develop/repository/jakarta/validation/jakarta.validation-api/2.0.2/jakarta.validation-api-2.0.2.jar, file:/D:/develop/repository/org/jboss/logging/jboss-logging/3.4.1.Final/jboss-logging-3.4.1.Final.jar, file:/D:/develop/repository/com/fasterxml/classmate/1.5.1/classmate-1.5.1.jar, file:/D:/develop/repository/org/springframework/boot/spring-boot-starter-log4j2/2.3.7.RELEASE/spring-boot-starter-log4j2-2.3.7.RELEASE.jar, file:/D:/develop/repository/org/apache/logging/log4j/log4j-slf4j-impl/2.13.3/log4j-slf4j-impl-2.13.3.jar, file:/D:/develop/repository/org/slf4j/slf4j-api/1.7.30/slf4j-api-1.7.30.jar, file:/D:/develop/repository/org/apache/logging/log4j/log4j-api/2.13.3/log4j-api-2.13.3.jar, file:/D:/develop/repository/org/apache/logging/log4j/log4j-core/2.13.3/log4j-core-2.13.3.jar, file:/D:/develop/repository/org/apache/logging/log4j/log4j-jul/2.13.3/log4j-jul-2.13.3.jar, file:/D:/develop/repository/org/slf4j/jul-to-slf4j/1.7.30/jul-to-slf4j-1.7.30.jar, file:/D:/develop/repository/com/spring4all/swagger-spring-boot-starter/1.9.0.RELEASE/swagger-spring-boot-starter-1.9.0.RELEASE.jar, file:/D:/develop/repository/io/springfox/springfox-swagger-ui/2.9.2/springfox-swagger-ui-2.9.2.jar, file:/D:/develop/repository/io/springfox/springfox-spring-web/2.9.2/springfox-spring-web-2.9.2.jar, file:/D:/develop/repository/io/springfox/springfox-swagger2/2.9.2/springfox-swagger2-2.9.2.jar, file:/D:/develop/repository/io/swagger/swagger-models/1.5.20/swagger-models-1.5.20.jar, file:/D:/develop/repository/io/springfox/springfox-spi/2.9.2/springfox-spi-2.9.2.jar, file:/D:/develop/repository/io/springfox/springfox-core/2.9.2/springfox-core-2.9.2.jar, file:/D:/develop/repository/net/bytebuddy/byte-buddy/1.10.18/byte-buddy-1.10.18.jar, file:/D:/develop/repository/io/springfox/springfox-schema/2.9.2/springfox-schema-2.9.2.jar, file:/D:/develop/repository/io/springfox/springfox-swagger-common/2.9.2/springfox-swagger-common-2.9.2.jar, file:/D:/develop/repository/com/google/guava/guava/25.0-jre/guava-25.0-jre.jar, file:/D:/develop/repository/com/google/code/findbugs/jsr305/1.3.9/jsr305-1.3.9.jar, file:/D:/develop/repository/org/checkerframework/checker-compat-qual/2.0.0/checker-compat-qual-2.0.0.jar, file:/D:/develop/repository/com/google/errorprone/error_prone_annotations/2.1.3/error_prone_annotations-2.1.3.jar, file:/D:/develop/repository/com/google/j2objc/j2objc-annotations/1.1/j2objc-annotations-1.1.jar, file:/D:/develop/repository/org/codehaus/mojo/animal-sniffer-annotations/1.14/animal-sniffer-annotations-1.14.jar, file:/D:/develop/repository/org/springframework/plugin/spring-plugin-core/1.2.0.RELEASE/spring-plugin-core-1.2.0.RELEASE.jar, file:/D:/develop/repository/org/springframework/plugin/spring-plugin-metadata/1.2.0.RELEASE/spring-plugin-metadata-1.2.0.RELEASE.jar, file:/D:/develop/repository/org/mapstruct/mapstruct/1.2.0.Final/mapstruct-1.2.0.Final.jar, file:/D:/develop/repository/io/springfox/springfox-bean-validators/2.9.2/springfox-bean-validators-2.9.2.jar, file:/D:/itcast2023/xc_edu3.1/code_402/xuecheng-plus-project/xuecheng-plus-base/target/classes/, file:/D:/develop/repository/org/projectlombok/lombok/1.18.8/lombok-1.18.8.jar, file:/D:/develop/repository/org/apache/commons/commons-lang3/3.10/commons-lang3-3.10.jar, file:/D:/develop/repository/com/alibaba/fastjson/1.2.83/fastjson-1.2.83.jar, file:/D:/develop/repository/commons-lang/commons-lang/2.6/commons-lang-2.6.jar, file:/D:/develop/repository/commons-codec/commons-codec/1.14/commons-codec-1.14.jar, file:/D:/develop/repository/io/swagger/swagger-annotations/1.5.20/swagger-annotations-1.5.20.jar, file:/D:/develop/repository/com/j256/simplemagic/simplemagic/1.17/simplemagic-1.17.jar, file:/D:/develop/repository/com/google/zxing/core/3.3.3/core-3.3.3.jar, file:/D:/develop/repository/com/google/zxing/javase/3.3.3/javase-3.3.3.jar, file:/D:/develop/repository/com/beust/jcommander/1.72/jcommander-1.72.jar, file:/D:/develop/repository/com/github/jai-imageio/jai-imageio-core/1.4.0/jai-imageio-core-1.4.0.jar, file:/D:/develop/repository/com/fasterxml/jackson/module/jackson-module-parameter-names/2.11.3/jackson-module-parameter-names-2.11.3.jar, file:/D:/develop/repository/com/fasterxml/jackson/core/jackson-core/2.11.3/jackson-core-2.11.3.jar, file:/D:/develop/repository/com/fasterxml/jackson/datatype/jackson-datatype-jdk8/2.11.3/jackson-datatype-jdk8-2.11.3.jar, file:/D:/develop/repository/com/fasterxml/jackson/datatype/jackson-datatype-jsr310/2.11.3/jackson-datatype-jsr310-2.11.3.jar, file:/D:/develop/repository/com/fasterxml/jackson/core/jackson-annotations/2.11.3/jackson-annotations-2.11.3.jar, file:/D:/IntelliJ%20IDEA%202022.2.3/lib/idea_rt.jar]
2024-10-27 22:51:18,165 DEBUG [background-preinit][LoggerProviders.java:152] - Logging Provider: org.jboss.logging.Log4j2LoggerProvider
2024-10-27 22:51:18,165 DEBUG [background-preinit][LoggerProviders.java:152] - Logging Provider: org.jboss.logging.Log4j2LoggerProvider
2024-10-27 22:51:18,166 INFO [background-preinit][Version.java:21] - HV000001: Hibernate Validator 6.1.6.Final
2024-10-27 22:51:18,166 INFO [background-preinit][Version.java:21] - HV000001: Hibernate Validator 6.1.6.Final
2024-10-27 22:51:18,171 DEBUG [background-preinit][ValidationXmlParser.java:120] - Trying to load META-INF/validation.xml for XML based Validator configuration.
2024-10-27 22:51:18,171 DEBUG [background-preinit][ValidationXmlParser.java:120] - Trying to load META-INF/validation.xml for XML based Validator configuration.
2024-10-27 22:51:18,172 DEBUG [background-preinit][ResourceLoaderHelper.java:60] - Trying to load META-INF/validation.xml via TCCL
2024-10-27 22:51:18,172 DEBUG [background-preinit][ResourceLoaderHelper.java:60] - Trying to load META-INF/validation.xml via TCCL
2024-10-27 22:51:18,172 DEBUG [background-preinit][ResourceLoaderHelper.java:66] - Trying to load META-INF/validation.xml via Hibernate Validator's class loader
2024-10-27 22:51:18,172 DEBUG [background-preinit][ResourceLoaderHelper.java:66] - Trying to load META-INF/validation.xml via Hibernate Validator's class loader
2024-10-27 22:51:18,173 DEBUG [background-preinit][ValidationXmlParser.java:127] - No META-INF/validation.xml found. Using annotation based configuration only.
2024-10-27 22:51:18,173 DEBUG [background-preinit][ValidationXmlParser.java:127] - No META-INF/validation.xml found. Using annotation based configuration only.
2024-10-27 22:51:18,175 DEBUG [background-preinit][TraversableResolvers.java:60] - Cannot find javax.persistence.Persistence on classpath. Assuming non JPA 2 environment. All properties will per default be traversable.
2024-10-27 22:51:18,175 DEBUG [background-preinit][TraversableResolvers.java:60] - Cannot find javax.persistence.Persistence on classpath. Assuming non JPA 2 environment. All properties will per default be traversable.
2024-10-27 22:51:18,188 DEBUG [background-preinit][ResourceBundleMessageInterpolator.java:172] - Loaded expression factory via original TCCL
2024-10-27 22:51:18,188 DEBUG [background-preinit][ResourceBundleMessageInterpolator.java:172] - Loaded expression factory via original TCCL
2024-10-27 22:51:18,198 DEBUG [main][PropertySourcesPropertyResolver.java:115] - Found key 'spring.application.name' in PropertySource 'configurationProperties' with value of type String
2024-10-27 22:51:18,198 DEBUG [main][PropertySourcesPropertyResolver.java:115] - Found key 'spring.application.name' in PropertySource 'configurationProperties' with value of type String
2024-10-27 22:51:18,200 DEBUG [main][SpringApplication.java:679] - Loading source class org.springframework.cloud.bootstrap.BootstrapImportSelectorConfiguration
2024-10-27 22:51:18,200 DEBUG [main][SpringApplication.java:679] - Loading source class org.springframework.cloud.bootstrap.BootstrapImportSelectorConfiguration
2024-10-27 22:51:18,213 DEBUG [main][DeferredLog.java:222] - Loaded config file 'file:/D:/itcast2023/xc_edu3.1/code_402/xuecheng-plus-project/xuecheng-plus-content/xuecheng-plus-content-api/target/classes/bootstrap.yml' (classpath:/bootstrap.yml)
2024-10-27 22:51:18,213 DEBUG [main][DeferredLog.java:222] - Loaded config file 'file:/D:/itcast2023/xc_edu3.1/code_402/xuecheng-plus-project/xuecheng-plus-content/xuecheng-plus-content-api/target/classes/bootstrap.yml' (classpath:/bootstrap.yml)
2024-10-27 22:51:18,214 DEBUG [main][AbstractApplicationContext.java:596] - Refreshing org.springframework.context.annotation.AnnotationConfigApplicationContext@478db956
2024-10-27 22:51:18,214 DEBUG [main][AbstractApplicationContext.java:596] - Refreshing org.springframework.context.annotation.AnnotationConfigApplicationContext@478db956
2024-10-27 22:51:18,238 DEBUG [main][DefaultSingletonBeanRegistry.java:225] - Creating shared instance of singleton bean 'org.springframework.context.annotation.internalConfigurationAnnotationProcessor'
2024-10-27 22:51:18,238 DEBUG [main][DefaultSingletonBeanRegistry.java:225] - Creating shared instance of singleton bean 'org.springframework.context.annotation.internalConfigurationAnnotationProcessor'
2024-10-27 22:51:18,245 DEBUG [main][DefaultSingletonBeanRegistry.java:225] - Creating shared instance of singleton bean 'org.springframework.boot.autoconfigure.internalCachingMetadataReaderFactory'
2024-10-27 22:51:18,245 DEBUG [main][DefaultSingletonBeanRegistry.java:225] - Creating shared instance of singleton bean 'org.springframework.boot.autoconfigure.internalCachingMetadataReaderFactory'
2024-10-27 22:51:18,276 DEBUG [background-preinit][ValidatorFactoryConfigurationHelper.java:300] - HV000252: Using org.hibernate.validator.internal.engine.DefaultPropertyNodeNameProvider as property node name provider.
2024-10-27 22:51:18,276 DEBUG [background-preinit][ValidatorFactoryConfigurationHelper.java:300] - HV000252: Using org.hibernate.validator.internal.engine.DefaultPropertyNodeNameProvider as property node name provider.
2024-10-27 22:51:18,279 DEBUG [background-preinit][ValidatorFactoryConfigurationHelper.java:375] - HV000234: Using org.hibernate.validator.messageinterpolation.ResourceBundleMessageInterpolator as ValidatorFactory-scoped message interpolator.
2024-10-27 22:51:18,279 DEBUG [background-preinit][ValidatorFactoryConfigurationHelper.java:375] - HV000234: Using org.hibernate.validator.messageinterpolation.ResourceBundleMessageInterpolator as ValidatorFactory-scoped message interpolator.
2024-10-27 22:51:18,279 DEBUG [background-preinit][ValidatorFactoryConfigurationHelper.java:376] - HV000234: Using org.hibernate.validator.internal.engine.resolver.TraverseAllTraversableResolver as ValidatorFactory-scoped traversable resolver.
2024-10-27 22:51:18,279 DEBUG [background-preinit][ValidatorFactoryConfigurationHelper.java:376] - HV000234: Using org.hibernate.validator.internal.engine.resolver.TraverseAllTraversableResolver as ValidatorFactory-scoped traversable resolver.
2024-10-27 22:51:18,279 DEBUG [background-preinit][ValidatorFactoryConfigurationHelper.java:377] - HV000234: Using org.hibernate.validator.internal.util.ExecutableParameterNameProvider as ValidatorFactory-scoped parameter name provider.
2024-10-27 22:51:18,279 DEBUG [background-preinit][ValidatorFactoryConfigurationHelper.java:377] - HV000234: Using org.hibernate.validator.internal.util.ExecutableParameterNameProvider as ValidatorFactory-scoped parameter name provider.
2024-10-27 22:51:18,279 DEBUG [background-preinit][ValidatorFactoryConfigurationHelper.java:378] - HV000234: Using org.hibernate.validator.internal.engine.DefaultClockProvider as ValidatorFactory-scoped clock provider.
2024-10-27 22:51:18,279 DEBUG [background-preinit][ValidatorFactoryConfigurationHelper.java:378] - HV000234: Using org.hibernate.validator.internal.engine.DefaultClockProvider as ValidatorFactory-scoped clock provider.
2024-10-27 22:51:18,280 DEBUG [background-preinit][ValidatorFactoryConfigurationHelper.java:379] - HV000234: Using org.hibernate.validator.internal.engine.scripting.DefaultScriptEvaluatorFactory as ValidatorFactory-scoped script evaluator factory.
2024-10-27 22:51:18,280 DEBUG [background-preinit][ValidatorFactoryConfigurationHelper.java:379] - HV000234: Using org.hibernate.validator.internal.engine.scripting.DefaultScriptEvaluatorFactory as ValidatorFactory-scoped script evaluator factory.
2024-10-27 22:51:18,302 DEBUG [main][DefaultSingletonBeanRegistry.java:225] - Creating shared instance of singleton bean 'propertySourcesPlaceholderConfigurer'
2024-10-27 22:51:18,302 DEBUG [main][DefaultSingletonBeanRegistry.java:225] - Creating shared instance of singleton bean 'propertySourcesPlaceholderConfigurer'
2024-10-27 22:51:18,304 DEBUG [main][DefaultSingletonBeanRegistry.java:225] - Creating shared instance of singleton bean 'org.springframework.context.event.internalEventListenerProcessor'
2024-10-27 22:51:18,304 DEBUG [main][DefaultSingletonBeanRegistry.java:225] - Creating shared instance of singleton bean 'org.springframework.context.event.internalEventListenerProcessor'
2024-10-27 22:51:18,305 DEBUG [main][DefaultSingletonBeanRegistry.java:225] - Creating shared instance of singleton bean 'org.springframework.context.event.internalEventListenerFactory'
2024-10-27 22:51:18,305 DEBUG [main][DefaultSingletonBeanRegistry.java:225] - Creating shared instance of singleton bean 'org.springframework.context.event.internalEventListenerFactory'
2024-10-27 22:51:18,306 DEBUG [main][DefaultSingletonBeanRegistry.java:225] - Creating shared instance of singleton bean 'org.springframework.context.annotation.internalAutowiredAnnotationProcessor'
2024-10-27 22:51:18,306 DEBUG [main][DefaultSingletonBeanRegistry.java:225] - Creating shared instance of singleton bean 'org.springframework.context.annotation.internalAutowiredAnnotationProcessor'
2024-10-27 22:51:18,306 DEBUG [main][DefaultSingletonBeanRegistry.java:225] - Creating shared instance of singleton bean 'org.springframework.context.annotation.internalCommonAnnotationProcessor'
2024-10-27 22:51:18,306 DEBUG [main][DefaultSingletonBeanRegistry.java:225] - Creating shared instance of singleton bean 'org.springframework.context.annotation.internalCommonAnnotationProcessor'
2024-10-27 22:51:18,309 DEBUG [main][DefaultSingletonBeanRegistry.java:225] - Creating shared instance of singleton bean 'org.springframework.boot.context.properties.ConfigurationPropertiesBindingPostProcessor'
2024-10-27 22:51:18,309 DEBUG [main][DefaultSingletonBeanRegistry.java:225] - Creating shared instance of singleton bean 'org.springframework.boot.context.properties.ConfigurationPropertiesBindingPostProcessor'
2024-10-27 22:51:18,309 DEBUG [main][DefaultSingletonBeanRegistry.java:225] - Creating shared instance of singleton bean 'org.springframework.boot.context.internalConfigurationPropertiesBinder'
2024-10-27 22:51:18,309 DEBUG [main][DefaultSingletonBeanRegistry.java:225] - Creating shared instance of singleton bean 'org.springframework.boot.context.internalConfigurationPropertiesBinder'
2024-10-27 22:51:18,309 DEBUG [main][DefaultSingletonBeanRegistry.java:225] - Creating shared instance of singleton bean 'org.springframework.boot.context.internalConfigurationPropertiesBinderFactory'
2024-10-27 22:51:18,309 DEBUG [main][DefaultSingletonBeanRegistry.java:225] - Creating shared instance of singleton bean 'org.springframework.boot.context.internalConfigurationPropertiesBinderFactory'
2024-10-27 22:51:18,310 DEBUG [main][DefaultSingletonBeanRegistry.java:225] - Creating shared instance of singleton bean 'configurationPropertiesBeans'
2024-10-27 22:51:18,310 DEBUG [main][DefaultSingletonBeanRegistry.java:225] - Creating shared instance of singleton bean 'configurationPropertiesBeans'
2024-10-27 22:51:18,313 DEBUG [main][DefaultSingletonBeanRegistry.java:225] - Creating shared instance of singleton bean 'bootstrapImportSelectorConfiguration'
2024-10-27 22:51:18,313 DEBUG [main][DefaultSingletonBeanRegistry.java:225] - Creating shared instance of singleton bean 'bootstrapImportSelectorConfiguration'
2024-10-27 22:51:18,314 DEBUG [main][DefaultSingletonBeanRegistry.java:225] - Creating shared instance of singleton bean 'org.springframework.cloud.bootstrap.config.PropertySourceBootstrapConfiguration'
2024-10-27 22:51:18,314 DEBUG [main][DefaultSingletonBeanRegistry.java:225] - Creating shared instance of singleton bean 'org.springframework.cloud.bootstrap.config.PropertySourceBootstrapConfiguration'
2024-10-27 22:51:18,318 DEBUG [main][DefaultSingletonBeanRegistry.java:225] - Creating shared instance of singleton bean 'org.springframework.boot.context.properties.BoundConfigurationProperties'
2024-10-27 22:51:18,318 DEBUG [main][DefaultSingletonBeanRegistry.java:225] - Creating shared instance of singleton bean 'org.springframework.boot.context.properties.BoundConfigurationProperties'
2024-10-27 22:51:18,318 DEBUG [main][DefaultSingletonBeanRegistry.java:225] - Creating shared instance of singleton bean 'org.springframework.boot.context.properties.ConfigurationBeanFactoryMetadata'
2024-10-27 22:51:18,318 DEBUG [main][DefaultSingletonBeanRegistry.java:225] - Creating shared instance of singleton bean 'org.springframework.boot.context.properties.ConfigurationBeanFactoryMetadata'
2024-10-27 22:51:18,318 DEBUG [main][DefaultSingletonBeanRegistry.java:225] - Creating shared instance of singleton bean 'spring.cloud.config-org.springframework.cloud.bootstrap.config.PropertySourceBootstrapProperties'
2024-10-27 22:51:18,318 DEBUG [main][DefaultSingletonBeanRegistry.java:225] - Creating shared instance of singleton bean 'spring.cloud.config-org.springframework.cloud.bootstrap.config.PropertySourceBootstrapProperties'
2024-10-27 22:51:18,324 DEBUG [main][DefaultSingletonBeanRegistry.java:225] - Creating shared instance of singleton bean 'org.springframework.cloud.bootstrap.encrypt.EncryptionBootstrapConfiguration'
2024-10-27 22:51:18,324 DEBUG [main][DefaultSingletonBeanRegistry.java:225] - Creating shared instance of singleton bean 'org.springframework.cloud.bootstrap.encrypt.EncryptionBootstrapConfiguration'
2024-10-27 22:51:18,325 DEBUG [main][DefaultSingletonBeanRegistry.java:225] - Creating shared instance of singleton bean 'encrypt-org.springframework.cloud.bootstrap.encrypt.KeyProperties'
2024-10-27 22:51:18,325 DEBUG [main][DefaultSingletonBeanRegistry.java:225] - Creating shared instance of singleton bean 'encrypt-org.springframework.cloud.bootstrap.encrypt.KeyProperties'
2024-10-27 22:51:18,327 DEBUG [main][DefaultSingletonBeanRegistry.java:225] - Creating shared instance of singleton bean 'environmentDecryptApplicationListener'
2024-10-27 22:51:18,327 DEBUG [main][DefaultSingletonBeanRegistry.java:225] - Creating shared instance of singleton bean 'environmentDecryptApplicationListener'
2024-10-27 22:51:18,327 DEBUG [main][DefaultSingletonBeanRegistry.java:225] - Creating shared instance of singleton bean 'org.springframework.cloud.autoconfigure.ConfigurationPropertiesRebinderAutoConfiguration'
2024-10-27 22:51:18,327 DEBUG [main][DefaultSingletonBeanRegistry.java:225] - Creating shared instance of singleton bean 'org.springframework.cloud.autoconfigure.ConfigurationPropertiesRebinderAutoConfiguration'
2024-10-27 22:51:18,328 DEBUG [main][DefaultSingletonBeanRegistry.java:225] - Creating shared instance of singleton bean 'configurationPropertiesRebinder'
2024-10-27 22:51:18,328 DEBUG [main][DefaultSingletonBeanRegistry.java:225] - Creating shared instance of singleton bean 'configurationPropertiesRebinder'
2024-10-27 22:51:18,329 DEBUG [main][ConstructorResolver.java:807] - Autowiring by type from bean name 'configurationPropertiesRebinder' via factory method to bean named 'configurationPropertiesBeans'
2024-10-27 22:51:18,329 DEBUG [main][ConstructorResolver.java:807] - Autowiring by type from bean name 'configurationPropertiesRebinder' via factory method to bean named 'configurationPropertiesBeans'
2024-10-27 22:51:18,332 DEBUG [main][DefaultSingletonBeanRegistry.java:225] - Creating shared instance of singleton bean 'org.springframework.boot.autoconfigure.context.PropertyPlaceholderAutoConfiguration'
2024-10-27 22:51:18,332 DEBUG [main][DefaultSingletonBeanRegistry.java:225] - Creating shared instance of singleton bean 'org.springframework.boot.autoconfigure.context.PropertyPlaceholderAutoConfiguration'
2024-10-27 22:51:18,332 DEBUG [main][DefaultSingletonBeanRegistry.java:225] - Creating shared instance of singleton bean 'org.springframework.cloud.util.random.CachedRandomPropertySourceAutoConfiguration'
2024-10-27 22:51:18,332 DEBUG [main][DefaultSingletonBeanRegistry.java:225] - Creating shared instance of singleton bean 'org.springframework.cloud.util.random.CachedRandomPropertySourceAutoConfiguration'
2024-10-27 22:51:18,340 DEBUG [main][ConditionEvaluationReportLoggingListener.java:126] - 


============================
CONDITIONS EVALUATION REPORT
============================


Positive matches:
-----------------

   ConfigurationPropertiesRebinderAutoConfiguration matched:
      - @ConditionalOnBean (types: org.springframework.boot.context.properties.ConfigurationPropertiesBindingPostProcessor; SearchStrategy: all) found bean 'org.springframework.boot.context.properties.ConfigurationPropertiesBindingPostProcessor' (OnBeanCondition)

   ConfigurationPropertiesRebinderAutoConfiguration#configurationPropertiesBeans matched:
      - @ConditionalOnMissingBean (types: org.springframework.cloud.context.properties.ConfigurationPropertiesBeans; SearchStrategy: current) did not find any beans (OnBeanCondition)

   ConfigurationPropertiesRebinderAutoConfiguration#configurationPropertiesRebinder matched:
      - @ConditionalOnMissingBean (types: org.springframework.cloud.context.properties.ConfigurationPropertiesRebinder; SearchStrategy: current) did not find any beans (OnBeanCondition)

   EncryptionBootstrapConfiguration matched:
      - @ConditionalOnClass found required class 'org.springframework.security.crypto.encrypt.TextEncryptor' (OnClassCondition)

   PropertyPlaceholderAutoConfiguration#propertySourcesPlaceholderConfigurer matched:
      - @ConditionalOnMissingBean (types: org.springframework.context.support.PropertySourcesPlaceholderConfigurer; SearchStrategy: current) did not find any beans (OnBeanCondition)


Negative matches:
-----------------

   EncryptionBootstrapConfiguration.RsaEncryptionConfiguration:
      Did not match:
         - @ConditionalOnClass did not find required class 'org.springframework.security.rsa.crypto.RsaSecretEncryptor' (OnClassCondition)

   EncryptionBootstrapConfiguration.VanillaEncryptionConfiguration:
      Did not match:
         - Keystore nor key found in Environment (EncryptionBootstrapConfiguration.KeyCondition)
      Matched:
         - @ConditionalOnMissingClass did not find unwanted class 'org.springframework.security.rsa.crypto.RsaSecretEncryptor' (OnClassCondition)


Exclusions:
-----------

    None


Unconditional classes:
----------------------

    None



2024-10-27 22:51:18,340 DEBUG [main][ConditionEvaluationReportLoggingListener.java:126] - 


============================
CONDITIONS EVALUATION REPORT
============================


Positive matches:
-----------------

   ConfigurationPropertiesRebinderAutoConfiguration matched:
      - @ConditionalOnBean (types: org.springframework.boot.context.properties.ConfigurationPropertiesBindingPostProcessor; SearchStrategy: all) found bean 'org.springframework.boot.context.properties.ConfigurationPropertiesBindingPostProcessor' (OnBeanCondition)

   ConfigurationPropertiesRebinderAutoConfiguration#configurationPropertiesBeans matched:
      - @ConditionalOnMissingBean (types: org.springframework.cloud.context.properties.ConfigurationPropertiesBeans; SearchStrategy: current) did not find any beans (OnBeanCondition)

   ConfigurationPropertiesRebinderAutoConfiguration#configurationPropertiesRebinder matched:
      - @ConditionalOnMissingBean (types: org.springframework.cloud.context.properties.ConfigurationPropertiesRebinder; SearchStrategy: current) did not find any beans (OnBeanCondition)

   EncryptionBootstrapConfiguration matched:
      - @ConditionalOnClass found required class 'org.springframework.security.crypto.encrypt.TextEncryptor' (OnClassCondition)

   PropertyPlaceholderAutoConfiguration#propertySourcesPlaceholderConfigurer matched:
      - @ConditionalOnMissingBean (types: org.springframework.context.support.PropertySourcesPlaceholderConfigurer; SearchStrategy: current) did not find any beans (OnBeanCondition)


Negative matches:
-----------------

   EncryptionBootstrapConfiguration.RsaEncryptionConfiguration:
      Did not match:
         - @ConditionalOnClass did not find required class 'org.springframework.security.rsa.crypto.RsaSecretEncryptor' (OnClassCondition)

   EncryptionBootstrapConfiguration.VanillaEncryptionConfiguration:
      Did not match:
         - Keystore nor key found in Environment (EncryptionBootstrapConfiguration.KeyCondition)
      Matched:
         - @ConditionalOnMissingClass did not find unwanted class 'org.springframework.security.rsa.crypto.RsaSecretEncryptor' (OnClassCondition)


Exclusions:
-----------

    None


Unconditional classes:
----------------------

    None



2024-10-27 22:51:18,341 DEBUG [main][PropertySourcesPropertyResolver.java:115] - Found key 'spring.liveBeansView.mbeanDomain' in PropertySource 'systemProperties' with value of type String
2024-10-27 22:51:18,341 DEBUG [main][PropertySourcesPropertyResolver.java:115] - Found key 'spring.liveBeansView.mbeanDomain' in PropertySource 'systemProperties' with value of type String
2024-10-27 22:51:18,391 DEBUG [main][ClasspathLoggingApplicationListener.java:51] - Application started with classpath: [file:/C:/Program%20Files/Java/jdk1.8.0_202/jre/lib/charsets.jar, file:/C:/Program%20Files/Java/jdk1.8.0_202/jre/lib/deploy.jar, file:/C:/Program%20Files/Java/jdk1.8.0_202/jre/lib/ext/access-bridge-64.jar, file:/C:/Program%20Files/Java/jdk1.8.0_202/jre/lib/ext/cldrdata.jar, file:/C:/Program%20Files/Java/jdk1.8.0_202/jre/lib/ext/dnsns.jar, file:/C:/Program%20Files/Java/jdk1.8.0_202/jre/lib/ext/jaccess.jar, file:/C:/Program%20Files/Java/jdk1.8.0_202/jre/lib/ext/jfxrt.jar, file:/C:/Program%20Files/Java/jdk1.8.0_202/jre/lib/ext/localedata.jar, file:/C:/Program%20Files/Java/jdk1.8.0_202/jre/lib/ext/nashorn.jar, file:/C:/Program%20Files/Java/jdk1.8.0_202/jre/lib/ext/sunec.jar, file:/C:/Program%20Files/Java/jdk1.8.0_202/jre/lib/ext/sunjce_provider.jar, file:/C:/Program%20Files/Java/jdk1.8.0_202/jre/lib/ext/sunmscapi.jar, file:/C:/Program%20Files/Java/jdk1.8.0_202/jre/lib/ext/sunpkcs11.jar, file:/C:/Program%20Files/Java/jdk1.8.0_202/jre/lib/ext/zipfs.jar, file:/C:/Program%20Files/Java/jdk1.8.0_202/jre/lib/javaws.jar, file:/C:/Program%20Files/Java/jdk1.8.0_202/jre/lib/jce.jar, file:/C:/Program%20Files/Java/jdk1.8.0_202/jre/lib/jfr.jar, file:/C:/Program%20Files/Java/jdk1.8.0_202/jre/lib/jfxswt.jar, file:/C:/Program%20Files/Java/jdk1.8.0_202/jre/lib/jsse.jar, file:/C:/Program%20Files/Java/jdk1.8.0_202/jre/lib/management-agent.jar, file:/C:/Program%20Files/Java/jdk1.8.0_202/jre/lib/plugin.jar, file:/C:/Program%20Files/Java/jdk1.8.0_202/jre/lib/resources.jar, file:/C:/Program%20Files/Java/jdk1.8.0_202/jre/lib/rt.jar, file:/D:/itcast2023/xc_edu3.1/code_402/xuecheng-plus-project/xuecheng-plus-content/xuecheng-plus-content-api/target/classes/, file:/D:/itcast2023/xc_edu3.1/code_402/xuecheng-plus-project/xuecheng-plus-content/xuecheng-plus-content-model/target/classes/, file:/D:/develop/repository/com/baomidou/mybatis-plus-annotation/3.4.1/mybatis-plus-annotation-3.4.1.jar, file:/D:/develop/repository/com/baomidou/mybatis-plus-core/3.4.1/mybatis-plus-core-3.4.1.jar, file:/D:/develop/repository/com/github/jsqlparser/jsqlparser/3.2/jsqlparser-3.2.jar, file:/D:/develop/repository/org/mybatis/mybatis/3.5.6/mybatis-3.5.6.jar, file:/D:/develop/repository/org/springframework/cloud/spring-cloud-context/2.2.6.RELEASE/spring-cloud-context-2.2.6.RELEASE.jar, file:/D:/develop/repository/org/springframework/security/spring-security-crypto/5.3.6.RELEASE/spring-security-crypto-5.3.6.RELEASE.jar, file:/D:/develop/repository/org/springframework/boot/spring-boot-starter-web/2.3.7.RELEASE/spring-boot-starter-web-2.3.7.RELEASE.jar, file:/D:/develop/repository/org/springframework/boot/spring-boot-starter-json/2.3.7.RELEASE/spring-boot-starter-json-2.3.7.RELEASE.jar, file:/D:/develop/repository/com/fasterxml/jackson/core/jackson-databind/2.11.3/jackson-databind-2.11.3.jar, file:/D:/develop/repository/org/springframework/boot/spring-boot-starter-tomcat/2.3.7.RELEASE/spring-boot-starter-tomcat-2.3.7.RELEASE.jar, file:/D:/develop/repository/org/apache/tomcat/embed/tomcat-embed-core/9.0.41/tomcat-embed-core-9.0.41.jar, file:/D:/develop/repository/org/apache/tomcat/embed/tomcat-embed-websocket/9.0.41/tomcat-embed-websocket-9.0.41.jar, file:/D:/develop/repository/org/springframework/spring-web/5.2.12.RELEASE/spring-web-5.2.12.RELEASE.jar, file:/D:/develop/repository/org/springframework/spring-beans/5.2.12.RELEASE/spring-beans-5.2.12.RELEASE.jar, file:/D:/develop/repository/org/springframework/spring-webmvc/5.2.12.RELEASE/spring-webmvc-5.2.12.RELEASE.jar, file:/D:/develop/repository/org/springframework/spring-aop/5.2.12.RELEASE/spring-aop-5.2.12.RELEASE.jar, file:/D:/develop/repository/org/springframework/spring-context/5.2.12.RELEASE/spring-context-5.2.12.RELEASE.jar, file:/D:/develop/repository/org/springframework/spring-expression/5.2.12.RELEASE/spring-expression-5.2.12.RELEASE.jar, file:/D:/develop/repository/org/springframework/boot/spring-boot-starter/2.3.7.RELEASE/spring-boot-starter-2.3.7.RELEASE.jar, file:/D:/develop/repository/org/springframework/boot/spring-boot/2.3.7.RELEASE/spring-boot-2.3.7.RELEASE.jar, file:/D:/develop/repository/org/springframework/boot/spring-boot-autoconfigure/2.3.7.RELEASE/spring-boot-autoconfigure-2.3.7.RELEASE.jar, file:/D:/develop/repository/jakarta/annotation/jakarta.annotation-api/1.3.5/jakarta.annotation-api-1.3.5.jar, file:/D:/develop/repository/org/springframework/spring-core/5.2.12.RELEASE/spring-core-5.2.12.RELEASE.jar, file:/D:/develop/repository/org/springframework/spring-jcl/5.2.12.RELEASE/spring-jcl-5.2.12.RELEASE.jar, file:/D:/develop/repository/org/yaml/snakeyaml/1.26/snakeyaml-1.26.jar, file:/D:/develop/repository/org/springframework/boot/spring-boot-starter-validation/2.3.7.RELEASE/spring-boot-starter-validation-2.3.7.RELEASE.jar, file:/D:/develop/repository/org/glassfish/jakarta.el/3.0.3/jakarta.el-3.0.3.jar, file:/D:/develop/repository/org/hibernate/validator/hibernate-validator/6.1.6.Final/hibernate-validator-6.1.6.Final.jar, file:/D:/develop/repository/jakarta/validation/jakarta.validation-api/2.0.2/jakarta.validation-api-2.0.2.jar, file:/D:/develop/repository/org/jboss/logging/jboss-logging/3.4.1.Final/jboss-logging-3.4.1.Final.jar, file:/D:/develop/repository/com/fasterxml/classmate/1.5.1/classmate-1.5.1.jar, file:/D:/develop/repository/org/springframework/boot/spring-boot-starter-log4j2/2.3.7.RELEASE/spring-boot-starter-log4j2-2.3.7.RELEASE.jar, file:/D:/develop/repository/org/apache/logging/log4j/log4j-slf4j-impl/2.13.3/log4j-slf4j-impl-2.13.3.jar, file:/D:/develop/repository/org/slf4j/slf4j-api/1.7.30/slf4j-api-1.7.30.jar, file:/D:/develop/repository/org/apache/logging/log4j/log4j-api/2.13.3/log4j-api-2.13.3.jar, file:/D:/develop/repository/org/apache/logging/log4j/log4j-core/2.13.3/log4j-core-2.13.3.jar, file:/D:/develop/repository/org/apache/logging/log4j/log4j-jul/2.13.3/log4j-jul-2.13.3.jar, file:/D:/develop/repository/org/slf4j/jul-to-slf4j/1.7.30/jul-to-slf4j-1.7.30.jar, file:/D:/develop/repository/com/spring4all/swagger-spring-boot-starter/1.9.0.RELEASE/swagger-spring-boot-starter-1.9.0.RELEASE.jar, file:/D:/develop/repository/io/springfox/springfox-swagger-ui/2.9.2/springfox-swagger-ui-2.9.2.jar, file:/D:/develop/repository/io/springfox/springfox-spring-web/2.9.2/springfox-spring-web-2.9.2.jar, file:/D:/develop/repository/io/springfox/springfox-swagger2/2.9.2/springfox-swagger2-2.9.2.jar, file:/D:/develop/repository/io/swagger/swagger-models/1.5.20/swagger-models-1.5.20.jar, file:/D:/develop/repository/io/springfox/springfox-spi/2.9.2/springfox-spi-2.9.2.jar, file:/D:/develop/repository/io/springfox/springfox-core/2.9.2/springfox-core-2.9.2.jar, file:/D:/develop/repository/net/bytebuddy/byte-buddy/1.10.18/byte-buddy-1.10.18.jar, file:/D:/develop/repository/io/springfox/springfox-schema/2.9.2/springfox-schema-2.9.2.jar, file:/D:/develop/repository/io/springfox/springfox-swagger-common/2.9.2/springfox-swagger-common-2.9.2.jar, file:/D:/develop/repository/com/google/guava/guava/25.0-jre/guava-25.0-jre.jar, file:/D:/develop/repository/com/google/code/findbugs/jsr305/1.3.9/jsr305-1.3.9.jar, file:/D:/develop/repository/org/checkerframework/checker-compat-qual/2.0.0/checker-compat-qual-2.0.0.jar, file:/D:/develop/repository/com/google/errorprone/error_prone_annotations/2.1.3/error_prone_annotations-2.1.3.jar, file:/D:/develop/repository/com/google/j2objc/j2objc-annotations/1.1/j2objc-annotations-1.1.jar, file:/D:/develop/repository/org/codehaus/mojo/animal-sniffer-annotations/1.14/animal-sniffer-annotations-1.14.jar, file:/D:/develop/repository/org/springframework/plugin/spring-plugin-core/1.2.0.RELEASE/spring-plugin-core-1.2.0.RELEASE.jar, file:/D:/develop/repository/org/springframework/plugin/spring-plugin-metadata/1.2.0.RELEASE/spring-plugin-metadata-1.2.0.RELEASE.jar, file:/D:/develop/repository/org/mapstruct/mapstruct/1.2.0.Final/mapstruct-1.2.0.Final.jar, file:/D:/develop/repository/io/springfox/springfox-bean-validators/2.9.2/springfox-bean-validators-2.9.2.jar, file:/D:/itcast2023/xc_edu3.1/code_402/xuecheng-plus-project/xuecheng-plus-base/target/classes/, file:/D:/develop/repository/org/projectlombok/lombok/1.18.8/lombok-1.18.8.jar, file:/D:/develop/repository/org/apache/commons/commons-lang3/3.10/commons-lang3-3.10.jar, file:/D:/develop/repository/com/alibaba/fastjson/1.2.83/fastjson-1.2.83.jar, file:/D:/develop/repository/commons-lang/commons-lang/2.6/commons-lang-2.6.jar, file:/D:/develop/repository/commons-codec/commons-codec/1.14/commons-codec-1.14.jar, file:/D:/develop/repository/io/swagger/swagger-annotations/1.5.20/swagger-annotations-1.5.20.jar, file:/D:/develop/repository/com/j256/simplemagic/simplemagic/1.17/simplemagic-1.17.jar, file:/D:/develop/repository/com/google/zxing/core/3.3.3/core-3.3.3.jar, file:/D:/develop/repository/com/google/zxing/javase/3.3.3/javase-3.3.3.jar, file:/D:/develop/repository/com/beust/jcommander/1.72/jcommander-1.72.jar, file:/D:/develop/repository/com/github/jai-imageio/jai-imageio-core/1.4.0/jai-imageio-core-1.4.0.jar, file:/D:/develop/repository/com/fasterxml/jackson/module/jackson-module-parameter-names/2.11.3/jackson-module-parameter-names-2.11.3.jar, file:/D:/develop/repository/com/fasterxml/jackson/core/jackson-core/2.11.3/jackson-core-2.11.3.jar, file:/D:/develop/repository/com/fasterxml/jackson/datatype/jackson-datatype-jdk8/2.11.3/jackson-datatype-jdk8-2.11.3.jar, file:/D:/develop/repository/com/fasterxml/jackson/datatype/jackson-datatype-jsr310/2.11.3/jackson-datatype-jsr310-2.11.3.jar, file:/D:/develop/repository/com/fasterxml/jackson/core/jackson-annotations/2.11.3/jackson-annotations-2.11.3.jar, file:/D:/IntelliJ%20IDEA%202022.2.3/lib/idea_rt.jar]
2024-10-27 22:51:18,391 DEBUG [main][ClasspathLoggingApplicationListener.java:51] - Application started with classpath: [file:/C:/Program%20Files/Java/jdk1.8.0_202/jre/lib/charsets.jar, file:/C:/Program%20Files/Java/jdk1.8.0_202/jre/lib/deploy.jar, file:/C:/Program%20Files/Java/jdk1.8.0_202/jre/lib/ext/access-bridge-64.jar, file:/C:/Program%20Files/Java/jdk1.8.0_202/jre/lib/ext/cldrdata.jar, file:/C:/Program%20Files/Java/jdk1.8.0_202/jre/lib/ext/dnsns.jar, file:/C:/Program%20Files/Java/jdk1.8.0_202/jre/lib/ext/jaccess.jar, file:/C:/Program%20Files/Java/jdk1.8.0_202/jre/lib/ext/jfxrt.jar, file:/C:/Program%20Files/Java/jdk1.8.0_202/jre/lib/ext/localedata.jar, file:/C:/Program%20Files/Java/jdk1.8.0_202/jre/lib/ext/nashorn.jar, file:/C:/Program%20Files/Java/jdk1.8.0_202/jre/lib/ext/sunec.jar, file:/C:/Program%20Files/Java/jdk1.8.0_202/jre/lib/ext/sunjce_provider.jar, file:/C:/Program%20Files/Java/jdk1.8.0_202/jre/lib/ext/sunmscapi.jar, file:/C:/Program%20Files/Java/jdk1.8.0_202/jre/lib/ext/sunpkcs11.jar, file:/C:/Program%20Files/Java/jdk1.8.0_202/jre/lib/ext/zipfs.jar, file:/C:/Program%20Files/Java/jdk1.8.0_202/jre/lib/javaws.jar, file:/C:/Program%20Files/Java/jdk1.8.0_202/jre/lib/jce.jar, file:/C:/Program%20Files/Java/jdk1.8.0_202/jre/lib/jfr.jar, file:/C:/Program%20Files/Java/jdk1.8.0_202/jre/lib/jfxswt.jar, file:/C:/Program%20Files/Java/jdk1.8.0_202/jre/lib/jsse.jar, file:/C:/Program%20Files/Java/jdk1.8.0_202/jre/lib/management-agent.jar, file:/C:/Program%20Files/Java/jdk1.8.0_202/jre/lib/plugin.jar, file:/C:/Program%20Files/Java/jdk1.8.0_202/jre/lib/resources.jar, file:/C:/Program%20Files/Java/jdk1.8.0_202/jre/lib/rt.jar, file:/D:/itcast2023/xc_edu3.1/code_402/xuecheng-plus-project/xuecheng-plus-content/xuecheng-plus-content-api/target/classes/, file:/D:/itcast2023/xc_edu3.1/code_402/xuecheng-plus-project/xuecheng-plus-content/xuecheng-plus-content-model/target/classes/, file:/D:/develop/repository/com/baomidou/mybatis-plus-annotation/3.4.1/mybatis-plus-annotation-3.4.1.jar, file:/D:/develop/repository/com/baomidou/mybatis-plus-core/3.4.1/mybatis-plus-core-3.4.1.jar, file:/D:/develop/repository/com/github/jsqlparser/jsqlparser/3.2/jsqlparser-3.2.jar, file:/D:/develop/repository/org/mybatis/mybatis/3.5.6/mybatis-3.5.6.jar, file:/D:/develop/repository/org/springframework/cloud/spring-cloud-context/2.2.6.RELEASE/spring-cloud-context-2.2.6.RELEASE.jar, file:/D:/develop/repository/org/springframework/security/spring-security-crypto/5.3.6.RELEASE/spring-security-crypto-5.3.6.RELEASE.jar, file:/D:/develop/repository/org/springframework/boot/spring-boot-starter-web/2.3.7.RELEASE/spring-boot-starter-web-2.3.7.RELEASE.jar, file:/D:/develop/repository/org/springframework/boot/spring-boot-starter-json/2.3.7.RELEASE/spring-boot-starter-json-2.3.7.RELEASE.jar, file:/D:/develop/repository/com/fasterxml/jackson/core/jackson-databind/2.11.3/jackson-databind-2.11.3.jar, file:/D:/develop/repository/org/springframework/boot/spring-boot-starter-tomcat/2.3.7.RELEASE/spring-boot-starter-tomcat-2.3.7.RELEASE.jar, file:/D:/develop/repository/org/apache/tomcat/embed/tomcat-embed-core/9.0.41/tomcat-embed-core-9.0.41.jar, file:/D:/develop/repository/org/apache/tomcat/embed/tomcat-embed-websocket/9.0.41/tomcat-embed-websocket-9.0.41.jar, file:/D:/develop/repository/org/springframework/spring-web/5.2.12.RELEASE/spring-web-5.2.12.RELEASE.jar, file:/D:/develop/repository/org/springframework/spring-beans/5.2.12.RELEASE/spring-beans-5.2.12.RELEASE.jar, file:/D:/develop/repository/org/springframework/spring-webmvc/5.2.12.RELEASE/spring-webmvc-5.2.12.RELEASE.jar, file:/D:/develop/repository/org/springframework/spring-aop/5.2.12.RELEASE/spring-aop-5.2.12.RELEASE.jar, file:/D:/develop/repository/org/springframework/spring-context/5.2.12.RELEASE/spring-context-5.2.12.RELEASE.jar, file:/D:/develop/repository/org/springframework/spring-expression/5.2.12.RELEASE/spring-expression-5.2.12.RELEASE.jar, file:/D:/develop/repository/org/springframework/boot/spring-boot-starter/2.3.7.RELEASE/spring-boot-starter-2.3.7.RELEASE.jar, file:/D:/develop/repository/org/springframework/boot/spring-boot/2.3.7.RELEASE/spring-boot-2.3.7.RELEASE.jar, file:/D:/develop/repository/org/springframework/boot/spring-boot-autoconfigure/2.3.7.RELEASE/spring-boot-autoconfigure-2.3.7.RELEASE.jar, file:/D:/develop/repository/jakarta/annotation/jakarta.annotation-api/1.3.5/jakarta.annotation-api-1.3.5.jar, file:/D:/develop/repository/org/springframework/spring-core/5.2.12.RELEASE/spring-core-5.2.12.RELEASE.jar, file:/D:/develop/repository/org/springframework/spring-jcl/5.2.12.RELEASE/spring-jcl-5.2.12.RELEASE.jar, file:/D:/develop/repository/org/yaml/snakeyaml/1.26/snakeyaml-1.26.jar, file:/D:/develop/repository/org/springframework/boot/spring-boot-starter-validation/2.3.7.RELEASE/spring-boot-starter-validation-2.3.7.RELEASE.jar, file:/D:/develop/repository/org/glassfish/jakarta.el/3.0.3/jakarta.el-3.0.3.jar, file:/D:/develop/repository/org/hibernate/validator/hibernate-validator/6.1.6.Final/hibernate-validator-6.1.6.Final.jar, file:/D:/develop/repository/jakarta/validation/jakarta.validation-api/2.0.2/jakarta.validation-api-2.0.2.jar, file:/D:/develop/repository/org/jboss/logging/jboss-logging/3.4.1.Final/jboss-logging-3.4.1.Final.jar, file:/D:/develop/repository/com/fasterxml/classmate/1.5.1/classmate-1.5.1.jar, file:/D:/develop/repository/org/springframework/boot/spring-boot-starter-log4j2/2.3.7.RELEASE/spring-boot-starter-log4j2-2.3.7.RELEASE.jar, file:/D:/develop/repository/org/apache/logging/log4j/log4j-slf4j-impl/2.13.3/log4j-slf4j-impl-2.13.3.jar, file:/D:/develop/repository/org/slf4j/slf4j-api/1.7.30/slf4j-api-1.7.30.jar, file:/D:/develop/repository/org/apache/logging/log4j/log4j-api/2.13.3/log4j-api-2.13.3.jar, file:/D:/develop/repository/org/apache/logging/log4j/log4j-core/2.13.3/log4j-core-2.13.3.jar, file:/D:/develop/repository/org/apache/logging/log4j/log4j-jul/2.13.3/log4j-jul-2.13.3.jar, file:/D:/develop/repository/org/slf4j/jul-to-slf4j/1.7.30/jul-to-slf4j-1.7.30.jar, file:/D:/develop/repository/com/spring4all/swagger-spring-boot-starter/1.9.0.RELEASE/swagger-spring-boot-starter-1.9.0.RELEASE.jar, file:/D:/develop/repository/io/springfox/springfox-swagger-ui/2.9.2/springfox-swagger-ui-2.9.2.jar, file:/D:/develop/repository/io/springfox/springfox-spring-web/2.9.2/springfox-spring-web-2.9.2.jar, file:/D:/develop/repository/io/springfox/springfox-swagger2/2.9.2/springfox-swagger2-2.9.2.jar, file:/D:/develop/repository/io/swagger/swagger-models/1.5.20/swagger-models-1.5.20.jar, file:/D:/develop/repository/io/springfox/springfox-spi/2.9.2/springfox-spi-2.9.2.jar, file:/D:/develop/repository/io/springfox/springfox-core/2.9.2/springfox-core-2.9.2.jar, file:/D:/develop/repository/net/bytebuddy/byte-buddy/1.10.18/byte-buddy-1.10.18.jar, file:/D:/develop/repository/io/springfox/springfox-schema/2.9.2/springfox-schema-2.9.2.jar, file:/D:/develop/repository/io/springfox/springfox-swagger-common/2.9.2/springfox-swagger-common-2.9.2.jar, file:/D:/develop/repository/com/google/guava/guava/25.0-jre/guava-25.0-jre.jar, file:/D:/develop/repository/com/google/code/findbugs/jsr305/1.3.9/jsr305-1.3.9.jar, file:/D:/develop/repository/org/checkerframework/checker-compat-qual/2.0.0/checker-compat-qual-2.0.0.jar, file:/D:/develop/repository/com/google/errorprone/error_prone_annotations/2.1.3/error_prone_annotations-2.1.3.jar, file:/D:/develop/repository/com/google/j2objc/j2objc-annotations/1.1/j2objc-annotations-1.1.jar, file:/D:/develop/repository/org/codehaus/mojo/animal-sniffer-annotations/1.14/animal-sniffer-annotations-1.14.jar, file:/D:/develop/repository/org/springframework/plugin/spring-plugin-core/1.2.0.RELEASE/spring-plugin-core-1.2.0.RELEASE.jar, file:/D:/develop/repository/org/springframework/plugin/spring-plugin-metadata/1.2.0.RELEASE/spring-plugin-metadata-1.2.0.RELEASE.jar, file:/D:/develop/repository/org/mapstruct/mapstruct/1.2.0.Final/mapstruct-1.2.0.Final.jar, file:/D:/develop/repository/io/springfox/springfox-bean-validators/2.9.2/springfox-bean-validators-2.9.2.jar, file:/D:/itcast2023/xc_edu3.1/code_402/xuecheng-plus-project/xuecheng-plus-base/target/classes/, file:/D:/develop/repository/org/projectlombok/lombok/1.18.8/lombok-1.18.8.jar, file:/D:/develop/repository/org/apache/commons/commons-lang3/3.10/commons-lang3-3.10.jar, file:/D:/develop/repository/com/alibaba/fastjson/1.2.83/fastjson-1.2.83.jar, file:/D:/develop/repository/commons-lang/commons-lang/2.6/commons-lang-2.6.jar, file:/D:/develop/repository/commons-codec/commons-codec/1.14/commons-codec-1.14.jar, file:/D:/develop/repository/io/swagger/swagger-annotations/1.5.20/swagger-annotations-1.5.20.jar, file:/D:/develop/repository/com/j256/simplemagic/simplemagic/1.17/simplemagic-1.17.jar, file:/D:/develop/repository/com/google/zxing/core/3.3.3/core-3.3.3.jar, file:/D:/develop/repository/com/google/zxing/javase/3.3.3/javase-3.3.3.jar, file:/D:/develop/repository/com/beust/jcommander/1.72/jcommander-1.72.jar, file:/D:/develop/repository/com/github/jai-imageio/jai-imageio-core/1.4.0/jai-imageio-core-1.4.0.jar, file:/D:/develop/repository/com/fasterxml/jackson/module/jackson-module-parameter-names/2.11.3/jackson-module-parameter-names-2.11.3.jar, file:/D:/develop/repository/com/fasterxml/jackson/core/jackson-core/2.11.3/jackson-core-2.11.3.jar, file:/D:/develop/repository/com/fasterxml/jackson/datatype/jackson-datatype-jdk8/2.11.3/jackson-datatype-jdk8-2.11.3.jar, file:/D:/develop/repository/com/fasterxml/jackson/datatype/jackson-datatype-jsr310/2.11.3/jackson-datatype-jsr310-2.11.3.jar, file:/D:/develop/repository/com/fasterxml/jackson/core/jackson-annotations/2.11.3/jackson-annotations-2.11.3.jar, file:/D:/IntelliJ%20IDEA%202022.2.3/lib/idea_rt.jar]
2024-10-27 22:51:18,400 INFO [main][SpringApplication.java:651] - No active profile set, falling back to default profiles: default
2024-10-27 22:51:18,400 INFO [main][SpringApplication.java:651] - No active profile set, falling back to default profiles: default
2024-10-27 22:51:18,401 DEBUG [main][SpringApplication.java:679] - Loading source class com.xuecheng.ContentApplication,class org.springframework.cloud.bootstrap.BootstrapApplicationListener$BootstrapMarkerConfiguration
2024-10-27 22:51:18,401 DEBUG [main][SpringApplication.java:679] - Loading source class com.xuecheng.ContentApplication,class org.springframework.cloud.bootstrap.BootstrapApplicationListener$BootstrapMarkerConfiguration
2024-10-27 22:51:18,409 DEBUG [main][AbstractApplicationContext.java:596] - Refreshing org.springframework.boot.web.servlet.context.AnnotationConfigServletWebServerApplicationContext@38f116f6
2024-10-27 22:51:18,409 DEBUG [main][AbstractApplicationContext.java:596] - Refreshing org.springframework.boot.web.servlet.context.AnnotationConfigServletWebServerApplicationContext@38f116f6
2024-10-27 22:51:18,414 DEBUG [main][DefaultSingletonBeanRegistry.java:225] - Creating shared instance of singleton bean 'org.springframework.context.annotation.internalConfigurationAnnotationProcessor'
2024-10-27 22:51:18,414 DEBUG [main][DefaultSingletonBeanRegistry.java:225] - Creating shared instance of singleton bean 'org.springframework.context.annotation.internalConfigurationAnnotationProcessor'
2024-10-27 22:51:18,414 DEBUG [main][DefaultSingletonBeanRegistry.java:225] - Creating shared instance of singleton bean 'org.springframework.boot.autoconfigure.internalCachingMetadataReaderFactory'
2024-10-27 22:51:18,414 DEBUG [main][DefaultSingletonBeanRegistry.java:225] - Creating shared instance of singleton bean 'org.springframework.boot.autoconfigure.internalCachingMetadataReaderFactory'
2024-10-27 22:51:18,426 DEBUG [main][ClassPathScanningCandidateComponentProvider.java:435] - Identified candidate component class: file [D:\itcast2023\xc_edu3.1\code_402\xuecheng-plus-project\xuecheng-plus-content\xuecheng-plus-content-api\target\classes\com\xuecheng\content\api\CourseBaseInfoController.class]
2024-10-27 22:51:18,426 DEBUG [main][ClassPathScanningCandidateComponentProvider.java:435] - Identified candidate component class: file [D:\itcast2023\xc_edu3.1\code_402\xuecheng-plus-project\xuecheng-plus-content\xuecheng-plus-content-api\target\classes\com\xuecheng\content\api\CourseBaseInfoController.class]
2024-10-27 22:51:18,436 DEBUG [main][PropertySourcesPropertyResolver.java:115] - Found key 'swagger.enabled' in PropertySource 'configurationProperties' with value of type Boolean
2024-10-27 22:51:18,436 DEBUG [main][PropertySourcesPropertyResolver.java:115] - Found key 'swagger.enabled' in PropertySource 'configurationProperties' with value of type Boolean
2024-10-27 22:51:18,441 DEBUG [main][ClassPathScanningCandidateComponentProvider.java:435] - Identified candidate component class: URL [jar:file:/D:/develop/repository/io/springfox/springfox-swagger2/2.9.2/springfox-swagger2-2.9.2.jar!/springfox/documentation/swagger2/mappers/ServiceModelToSwagger2MapperImpl.class]
2024-10-27 22:51:18,441 DEBUG [main][ClassPathScanningCandidateComponentProvider.java:435] - Identified candidate component class: URL [jar:file:/D:/develop/repository/io/springfox/springfox-swagger2/2.9.2/springfox-swagger2-2.9.2.jar!/springfox/documentation/swagger2/mappers/ServiceModelToSwagger2MapperImpl.class]
2024-10-27 22:51:18,442 DEBUG [main][ClassPathScanningCandidateComponentProvider.java:435] - Identified candidate component class: URL [jar:file:/D:/develop/repository/io/springfox/springfox-swagger2/2.9.2/springfox-swagger2-2.9.2.jar!/springfox/documentation/swagger2/mappers/VendorExtensionsMapperImpl.class]
2024-10-27 22:51:18,442 DEBUG [main][ClassPathScanningCandidateComponentProvider.java:435] - Identified candidate component class: URL [jar:file:/D:/develop/repository/io/springfox/springfox-swagger2/2.9.2/springfox-swagger2-2.9.2.jar!/springfox/documentation/swagger2/mappers/VendorExtensionsMapperImpl.class]
2024-10-27 22:51:18,443 DEBUG [main][ClassPathScanningCandidateComponentProvider.java:435] - Identified candidate component class: URL [jar:file:/D:/develop/repository/io/springfox/springfox-swagger2/2.9.2/springfox-swagger2-2.9.2.jar!/springfox/documentation/swagger2/mappers/ParameterMapperImpl.class]
2024-10-27 22:51:18,443 DEBUG [main][ClassPathScanningCandidateComponentProvider.java:435] - Identified candidate component class: URL [jar:file:/D:/develop/repository/io/springfox/springfox-swagger2/2.9.2/springfox-swagger2-2.9.2.jar!/springfox/documentation/swagger2/mappers/ParameterMapperImpl.class]
2024-10-27 22:51:18,444 DEBUG [main][ClassPathScanningCandidateComponentProvider.java:435] - Identified candidate component class: URL [jar:file:/D:/develop/repository/io/springfox/springfox-swagger2/2.9.2/springfox-swagger2-2.9.2.jar!/springfox/documentation/swagger2/mappers/ModelMapperImpl.class]
2024-10-27 22:51:18,444 DEBUG [main][ClassPathScanningCandidateComponentProvider.java:435] - Identified candidate component class: URL [jar:file:/D:/develop/repository/io/springfox/springfox-swagger2/2.9.2/springfox-swagger2-2.9.2.jar!/springfox/documentation/swagger2/mappers/ModelMapperImpl.class]
2024-10-27 22:51:18,445 DEBUG [main][ClassPathScanningCandidateComponentProvider.java:435] - Identified candidate component class: URL [jar:file:/D:/develop/repository/io/springfox/springfox-swagger2/2.9.2/springfox-swagger2-2.9.2.jar!/springfox/documentation/swagger2/mappers/LicenseMapperImpl.class]
2024-10-27 22:51:18,445 DEBUG [main][ClassPathScanningCandidateComponentProvider.java:435] - Identified candidate component class: URL [jar:file:/D:/develop/repository/io/springfox/springfox-swagger2/2.9.2/springfox-swagger2-2.9.2.jar!/springfox/documentation/swagger2/mappers/LicenseMapperImpl.class]
2024-10-27 22:51:18,445 DEBUG [main][ClassPathScanningCandidateComponentProvider.java:435] - Identified candidate component class: URL [jar:file:/D:/develop/repository/io/springfox/springfox-swagger2/2.9.2/springfox-swagger2-2.9.2.jar!/springfox/documentation/swagger2/mappers/SecurityMapperImpl.class]
2024-10-27 22:51:18,445 DEBUG [main][ClassPathScanningCandidateComponentProvider.java:435] - Identified candidate component class: URL [jar:file:/D:/develop/repository/io/springfox/springfox-swagger2/2.9.2/springfox-swagger2-2.9.2.jar!/springfox/documentation/swagger2/mappers/SecurityMapperImpl.class]
2024-10-27 22:51:18,452 DEBUG [main][ClassPathScanningCandidateComponentProvider.java:435] - Identified candidate component class: URL [jar:file:/D:/develop/repository/io/springfox/springfox-spring-web/2.9.2/springfox-spring-web-2.9.2.jar!/springfox/documentation/spring/web/scanners/ApiListingReferenceScanner.class]
2024-10-27 22:51:18,452 DEBUG [main][ClassPathScanningCandidateComponentProvider.java:435] - Identified candidate component class: URL [jar:file:/D:/develop/repository/io/springfox/springfox-spring-web/2.9.2/springfox-spring-web-2.9.2.jar!/springfox/documentation/spring/web/scanners/ApiListingReferenceScanner.class]
2024-10-27 22:51:18,453 DEBUG [main][ClassPathScanningCandidateComponentProvider.java:435] - Identified candidate component class: URL [jar:file:/D:/develop/repository/io/springfox/springfox-spring-web/2.9.2/springfox-spring-web-2.9.2.jar!/springfox/documentation/spring/web/scanners/ApiDocumentationScanner.class]
2024-10-27 22:51:18,453 DEBUG [main][ClassPathScanningCandidateComponentProvider.java:435] - Identified candidate component class: URL [jar:file:/D:/develop/repository/io/springfox/springfox-spring-web/2.9.2/springfox-spring-web-2.9.2.jar!/springfox/documentation/spring/web/scanners/ApiDocumentationScanner.class]
2024-10-27 22:51:18,453 DEBUG [main][ClassPathScanningCandidateComponentProvider.java:435] - Identified candidate component class: URL [jar:file:/D:/develop/repository/io/springfox/springfox-spring-web/2.9.2/springfox-spring-web-2.9.2.jar!/springfox/documentation/spring/web/scanners/ApiDescriptionReader.class]
2024-10-27 22:51:18,453 DEBUG [main][ClassPathScanningCandidateComponentProvider.java:435] - Identified candidate component class: URL [jar:file:/D:/develop/repository/io/springfox/springfox-spring-web/2.9.2/springfox-spring-web-2.9.2.jar!/springfox/documentation/spring/web/scanners/ApiDescriptionReader.class]
2024-10-27 22:51:18,453 DEBUG [main][ClassPathScanningCandidateComponentProvider.java:435] - Identified candidate component class: URL [jar:file:/D:/develop/repository/io/springfox/springfox-spring-web/2.9.2/springfox-spring-web-2.9.2.jar!/springfox/documentation/spring/web/scanners/ApiListingReader.class]
2024-10-27 22:51:18,453 DEBUG [main][ClassPathScanningCandidateComponentProvider.java:435] - Identified candidate component class: URL [jar:file:/D:/develop/repository/io/springfox/springfox-spring-web/2.9.2/springfox-spring-web-2.9.2.jar!/springfox/documentation/spring/web/scanners/ApiListingReader.class]
2024-10-27 22:51:18,454 DEBUG [main][ClassPathScanningCandidateComponentProvider.java:435] - Identified candidate component class: URL [jar:file:/D:/develop/repository/io/springfox/springfox-spring-web/2.9.2/springfox-spring-web-2.9.2.jar!/springfox/documentation/spring/web/scanners/CachingOperationReader.class]
2024-10-27 22:51:18,454 DEBUG [main][ClassPathScanningCandidateComponentProvider.java:435] - Identified candidate component class: URL [jar:file:/D:/develop/repository/io/springfox/springfox-spring-web/2.9.2/springfox-spring-web-2.9.2.jar!/springfox/documentation/spring/web/scanners/CachingOperationReader.class]
2024-10-27 22:51:18,454 DEBUG [main][ClassPathScanningCandidateComponentProvider.java:435] - Identified candidate component class: URL [jar:file:/D:/develop/repository/io/springfox/springfox-spring-web/2.9.2/springfox-spring-web-2.9.2.jar!/springfox/documentation/spring/web/scanners/MediaTypeReader.class]
2024-10-27 22:51:18,454 DEBUG [main][ClassPathScanningCandidateComponentProvider.java:435] - Identified candidate component class: URL [jar:file:/D:/develop/repository/io/springfox/springfox-spring-web/2.9.2/springfox-spring-web-2.9.2.jar!/springfox/documentation/spring/web/scanners/MediaTypeReader.class]
2024-10-27 22:51:18,455 DEBUG [main][ClassPathScanningCandidateComponentProvider.java:435] - Identified candidate component class: URL [jar:file:/D:/develop/repository/io/springfox/springfox-spring-web/2.9.2/springfox-spring-web-2.9.2.jar!/springfox/documentation/spring/web/scanners/ApiListingScanner.class]
2024-10-27 22:51:18,455 DEBUG [main][ClassPathScanningCandidateComponentProvider.java:435] - Identified candidate component class: URL [jar:file:/D:/develop/repository/io/springfox/springfox-spring-web/2.9.2/springfox-spring-web-2.9.2.jar!/springfox/documentation/spring/web/scanners/ApiListingScanner.class]
2024-10-27 22:51:18,455 DEBUG [main][ClassPathScanningCandidateComponentProvider.java:435] - Identified candidate component class: URL [jar:file:/D:/develop/repository/io/springfox/springfox-spring-web/2.9.2/springfox-spring-web-2.9.2.jar!/springfox/documentation/spring/web/scanners/ApiModelReader.class]
2024-10-27 22:51:18,455 DEBUG [main][ClassPathScanningCandidateComponentProvider.java:435] - Identified candidate component class: URL [jar:file:/D:/develop/repository/io/springfox/springfox-spring-web/2.9.2/springfox-spring-web-2.9.2.jar!/springfox/documentation/spring/web/scanners/ApiModelReader.class]
2024-10-27 22:51:18,456 DEBUG [main][ClassPathScanningCandidateComponentProvider.java:435] - Identified candidate component class: URL [jar:file:/D:/develop/repository/io/springfox/springfox-spring-web/2.9.2/springfox-spring-web-2.9.2.jar!/springfox/documentation/spring/web/scanners/ApiDescriptionLookup.class]
2024-10-27 22:51:18,456 DEBUG [main][ClassPathScanningCandidateComponentProvider.java:435] - Identified candidate component class: URL [jar:file:/D:/develop/repository/io/springfox/springfox-spring-web/2.9.2/springfox-spring-web-2.9.2.jar!/springfox/documentation/spring/web/scanners/ApiDescriptionLookup.class]
2024-10-27 22:51:18,458 DEBUG [main][ClassPathScanningCandidateComponentProvider.java:435] - Identified candidate component class: URL [jar:file:/D:/develop/repository/io/springfox/springfox-spring-web/2.9.2/springfox-spring-web-2.9.2.jar!/springfox/documentation/spring/web/readers/operation/OperationModelsProvider.class]
2024-10-27 22:51:18,458 DEBUG [main][ClassPathScanningCandidateComponentProvider.java:435] - Identified candidate component class: URL [jar:file:/D:/develop/repository/io/springfox/springfox-spring-web/2.9.2/springfox-spring-web-2.9.2.jar!/springfox/documentation/spring/web/readers/operation/OperationModelsProvider.class]
2024-10-27 22:51:18,459 DEBUG [main][ClassPathScanningCandidateComponentProvider.java:435] - Identified candidate component class: URL [jar:file:/D:/develop/repository/io/springfox/springfox-spring-web/2.9.2/springfox-spring-web-2.9.2.jar!/springfox/documentation/spring/web/readers/operation/OperationDeprecatedReader.class]
2024-10-27 22:51:18,459 DEBUG [main][ClassPathScanningCandidateComponentProvider.java:435] - Identified candidate component class: URL [jar:file:/D:/develop/repository/io/springfox/springfox-spring-web/2.9.2/springfox-spring-web-2.9.2.jar!/springfox/documentation/spring/web/readers/operation/OperationDeprecatedReader.class]
2024-10-27 22:51:18,459 DEBUG [main][ClassPathScanningCandidateComponentProvider.java:435] - Identified candidate component class: URL [jar:file:/D:/develop/repository/io/springfox/springfox-spring-web/2.9.2/springfox-spring-web-2.9.2.jar!/springfox/documentation/spring/web/readers/operation/ResponseMessagesReader.class]
2024-10-27 22:51:18,459 DEBUG [main][ClassPathScanningCandidateComponentProvider.java:435] - Identified candidate component class: URL [jar:file:/D:/develop/repository/io/springfox/springfox-spring-web/2.9.2/springfox-spring-web-2.9.2.jar!/springfox/documentation/spring/web/readers/operation/ResponseMessagesReader.class]
2024-10-27 22:51:18,460 DEBUG [main][ClassPathScanningCandidateComponentProvider.java:435] - Identified candidate component class: URL [jar:file:/D:/develop/repository/io/springfox/springfox-spring-web/2.9.2/springfox-spring-web-2.9.2.jar!/springfox/documentation/spring/web/readers/operation/OperationParameterReader.class]
2024-10-27 22:51:18,460 DEBUG [main][ClassPathScanningCandidateComponentProvider.java:435] - Identified candidate component class: URL [jar:file:/D:/develop/repository/io/springfox/springfox-spring-web/2.9.2/springfox-spring-web-2.9.2.jar!/springfox/documentation/spring/web/readers/operation/OperationParameterReader.class]
2024-10-27 22:51:18,460 DEBUG [main][ClassPathScanningCandidateComponentProvider.java:435] - Identified candidate component class: URL [jar:file:/D:/develop/repository/io/springfox/springfox-spring-web/2.9.2/springfox-spring-web-2.9.2.jar!/springfox/documentation/spring/web/readers/operation/DefaultTagsProvider.class]
2024-10-27 22:51:18,460 DEBUG [main][ClassPathScanningCandidateComponentProvider.java:435] - Identified candidate component class: URL [jar:file:/D:/develop/repository/io/springfox/springfox-spring-web/2.9.2/springfox-spring-web-2.9.2.jar!/springfox/documentation/spring/web/readers/operation/DefaultTagsProvider.class]
2024-10-27 22:51:18,461 DEBUG [main][ClassPathScanningCandidateComponentProvider.java:435] - Identified candidate component class: URL [jar:file:/D:/develop/repository/io/springfox/springfox-spring-web/2.9.2/springfox-spring-web-2.9.2.jar!/springfox/documentation/spring/web/readers/operation/OperationTagsReader.class]
2024-10-27 22:51:18,461 DEBUG [main][ClassPathScanningCandidateComponentProvider.java:435] - Identified candidate component class: URL [jar:file:/D:/develop/repository/io/springfox/springfox-spring-web/2.9.2/springfox-spring-web-2.9.2.jar!/springfox/documentation/spring/web/readers/operation/OperationTagsReader.class]
2024-10-27 22:51:18,461 DEBUG [main][ClassPathScanningCandidateComponentProvider.java:435] - Identified candidate component class: URL [jar:file:/D:/develop/repository/io/springfox/springfox-spring-web/2.9.2/springfox-spring-web-2.9.2.jar!/springfox/documentation/spring/web/readers/operation/ApiOperationReader.class]
2024-10-27 22:51:18,461 DEBUG [main][ClassPathScanningCandidateComponentProvider.java:435] - Identified candidate component class: URL [jar:file:/D:/develop/repository/io/springfox/springfox-spring-web/2.9.2/springfox-spring-web-2.9.2.jar!/springfox/documentation/spring/web/readers/operation/ApiOperationReader.class]
2024-10-27 22:51:18,461 DEBUG [main][ClassPathScanningCandidateComponentProvider.java:435] - Identified candidate component class: URL [jar:file:/D:/develop/repository/io/springfox/springfox-spring-web/2.9.2/springfox-spring-web-2.9.2.jar!/springfox/documentation/spring/web/readers/operation/DefaultOperationReader.class]
2024-10-27 22:51:18,461 DEBUG [main][ClassPathScanningCandidateComponentProvider.java:435] - Identified candidate component class: URL [jar:file:/D:/develop/repository/io/springfox/springfox-spring-web/2.9.2/springfox-spring-web-2.9.2.jar!/springfox/documentation/spring/web/readers/operation/DefaultOperationReader.class]
2024-10-27 22:51:18,462 DEBUG [main][ClassPathScanningCandidateComponentProvider.java:435] - Identified candidate component class: URL [jar:file:/D:/develop/repository/io/springfox/springfox-spring-web/2.9.2/springfox-spring-web-2.9.2.jar!/springfox/documentation/spring/web/readers/operation/OperationParameterRequestConditionReader.class]
2024-10-27 22:51:18,462 DEBUG [main][ClassPathScanningCandidateComponentProvider.java:435] - Identified candidate component class: URL [jar:file:/D:/develop/repository/io/springfox/springfox-spring-web/2.9.2/springfox-spring-web-2.9.2.jar!/springfox/documentation/spring/web/readers/operation/OperationParameterRequestConditionReader.class]
2024-10-27 22:51:18,462 DEBUG [main][ClassPathScanningCandidateComponentProvider.java:435] - Identified candidate component class: URL [jar:file:/D:/develop/repository/io/springfox/springfox-spring-web/2.9.2/springfox-spring-web-2.9.2.jar!/springfox/documentation/spring/web/readers/operation/OperationParameterHeadersConditionReader.class]
2024-10-27 22:51:18,462 DEBUG [main][ClassPathScanningCandidateComponentProvider.java:435] - Identified candidate component class: URL [jar:file:/D:/develop/repository/io/springfox/springfox-spring-web/2.9.2/springfox-spring-web-2.9.2.jar!/springfox/documentation/spring/web/readers/operation/OperationParameterHeadersConditionReader.class]
2024-10-27 22:51:18,463 DEBUG [main][ClassPathScanningCandidateComponentProvider.java:435] - Identified candidate component class: URL [jar:file:/D:/develop/repository/io/springfox/springfox-spring-web/2.9.2/springfox-spring-web-2.9.2.jar!/springfox/documentation/spring/web/readers/operation/OperationResponseClassReader.class]
2024-10-27 22:51:18,463 DEBUG [main][ClassPathScanningCandidateComponentProvider.java:435] - Identified candidate component class: URL [jar:file:/D:/develop/repository/io/springfox/springfox-spring-web/2.9.2/springfox-spring-web-2.9.2.jar!/springfox/documentation/spring/web/readers/operation/OperationResponseClassReader.class]
2024-10-27 22:51:18,463 DEBUG [main][ClassPathScanningCandidateComponentProvider.java:435] - Identified candidate component class: URL [jar:file:/D:/develop/repository/io/springfox/springfox-spring-web/2.9.2/springfox-spring-web-2.9.2.jar!/springfox/documentation/spring/web/readers/operation/CachingOperationNameGenerator.class]
2024-10-27 22:51:18,463 DEBUG [main][ClassPathScanningCandidateComponentProvider.java:435] - Identified candidate component class: URL [jar:file:/D:/develop/repository/io/springfox/springfox-spring-web/2.9.2/springfox-spring-web-2.9.2.jar!/springfox/documentation/spring/web/readers/operation/CachingOperationNameGenerator.class]
2024-10-27 22:51:18,464 DEBUG [main][ClassPathScanningCandidateComponentProvider.java:435] - Identified candidate component class: URL [jar:file:/D:/develop/repository/io/springfox/springfox-spring-web/2.9.2/springfox-spring-web-2.9.2.jar!/springfox/documentation/spring/web/readers/parameter/ParameterMultiplesReader.class]
2024-10-27 22:51:18,464 DEBUG [main][ClassPathScanningCandidateComponentProvider.java:435] - Identified candidate component class: URL [jar:file:/D:/develop/repository/io/springfox/springfox-spring-web/2.9.2/springfox-spring-web-2.9.2.jar!/springfox/documentation/spring/web/readers/parameter/ParameterMultiplesReader.class]
2024-10-27 22:51:18,465 DEBUG [main][ClassPathScanningCandidateComponentProvider.java:435] - Identified candidate component class: URL [jar:file:/D:/develop/repository/io/springfox/springfox-spring-web/2.9.2/springfox-spring-web-2.9.2.jar!/springfox/documentation/spring/web/readers/parameter/ModelAttributeParameterExpander.class]
2024-10-27 22:51:18,465 DEBUG [main][ClassPathScanningCandidateComponentProvider.java:435] - Identified candidate component class: URL [jar:file:/D:/develop/repository/io/springfox/springfox-spring-web/2.9.2/springfox-spring-web-2.9.2.jar!/springfox/documentation/spring/web/readers/parameter/ModelAttributeParameterExpander.class]
2024-10-27 22:51:18,466 DEBUG [main][ClassPathScanningCandidateComponentProvider.java:435] - Identified candidate component class: URL [jar:file:/D:/develop/repository/io/springfox/springfox-spring-web/2.9.2/springfox-spring-web-2.9.2.jar!/springfox/documentation/spring/web/readers/parameter/ParameterTypeReader.class]
2024-10-27 22:51:18,466 DEBUG [main][ClassPathScanningCandidateComponentProvider.java:435] - Identified candidate component class: URL [jar:file:/D:/develop/repository/io/springfox/springfox-spring-web/2.9.2/springfox-spring-web-2.9.2.jar!/springfox/documentation/spring/web/readers/parameter/ParameterTypeReader.class]
2024-10-27 22:51:18,466 DEBUG [main][ClassPathScanningCandidateComponentProvider.java:435] - Identified candidate component class: URL [jar:file:/D:/develop/repository/io/springfox/springfox-spring-web/2.9.2/springfox-spring-web-2.9.2.jar!/springfox/documentation/spring/web/readers/parameter/ParameterRequiredReader.class]
2024-10-27 22:51:18,466 DEBUG [main][ClassPathScanningCandidateComponentProvider.java:435] - Identified candidate component class: URL [jar:file:/D:/develop/repository/io/springfox/springfox-spring-web/2.9.2/springfox-spring-web-2.9.2.jar!/springfox/documentation/spring/web/readers/parameter/ParameterRequiredReader.class]
2024-10-27 22:51:18,467 DEBUG [main][ClassPathScanningCandidateComponentProvider.java:435] - Identified candidate component class: URL [jar:file:/D:/develop/repository/io/springfox/springfox-spring-web/2.9.2/springfox-spring-web-2.9.2.jar!/springfox/documentation/spring/web/readers/parameter/ParameterDataTypeReader.class]
2024-10-27 22:51:18,467 DEBUG [main][ClassPathScanningCandidateComponentProvider.java:435] - Identified candidate component class: URL [jar:file:/D:/develop/repository/io/springfox/springfox-spring-web/2.9.2/springfox-spring-web-2.9.2.jar!/springfox/documentation/spring/web/readers/parameter/ParameterDataTypeReader.class]
2024-10-27 22:51:18,467 DEBUG [main][ClassPathScanningCandidateComponentProvider.java:435] - Identified candidate component class: URL [jar:file:/D:/develop/repository/io/springfox/springfox-spring-web/2.9.2/springfox-spring-web-2.9.2.jar!/springfox/documentation/spring/web/readers/parameter/ParameterDefaultReader.class]
2024-10-27 22:51:18,467 DEBUG [main][ClassPathScanningCandidateComponentProvider.java:435] - Identified candidate component class: URL [jar:file:/D:/develop/repository/io/springfox/springfox-spring-web/2.9.2/springfox-spring-web-2.9.2.jar!/springfox/documentation/spring/web/readers/parameter/ParameterDefaultReader.class]
2024-10-27 22:51:18,469 DEBUG [main][ClassPathScanningCandidateComponentProvider.java:435] - Identified candidate component class: URL [jar:file:/D:/develop/repository/io/springfox/springfox-spring-web/2.9.2/springfox-spring-web-2.9.2.jar!/springfox/documentation/spring/web/readers/parameter/ParameterNameReader.class]
2024-10-27 22:51:18,469 DEBUG [main][ClassPathScanningCandidateComponentProvider.java:435] - Identified candidate component class: URL [jar:file:/D:/develop/repository/io/springfox/springfox-spring-web/2.9.2/springfox-spring-web-2.9.2.jar!/springfox/documentation/spring/web/readers/parameter/ParameterNameReader.class]
2024-10-27 22:51:18,469 DEBUG [main][ClassPathScanningCandidateComponentProvider.java:435] - Identified candidate component class: URL [jar:file:/D:/develop/repository/io/springfox/springfox-spring-web/2.9.2/springfox-spring-web-2.9.2.jar!/springfox/documentation/spring/web/readers/parameter/ExpandedParameterBuilder.class]
2024-10-27 22:51:18,469 DEBUG [main][ClassPathScanningCandidateComponentProvider.java:435] - Identified candidate component class: URL [jar:file:/D:/develop/repository/io/springfox/springfox-spring-web/2.9.2/springfox-spring-web-2.9.2.jar!/springfox/documentation/spring/web/readers/parameter/ExpandedParameterBuilder.class]
2024-10-27 22:51:18,474 DEBUG [main][ClassPathScanningCandidateComponentProvider.java:435] - Identified candidate component class: URL [jar:file:/D:/develop/repository/io/springfox/springfox-spring-web/2.9.2/springfox-spring-web-2.9.2.jar!/springfox/documentation/spring/web/plugins/DocumentationPluginsBootstrapper.class]
2024-10-27 22:51:18,474 DEBUG [main][ClassPathScanningCandidateComponentProvider.java:435] - Identified candidate component class: URL [jar:file:/D:/develop/repository/io/springfox/springfox-spring-web/2.9.2/springfox-spring-web-2.9.2.jar!/springfox/documentation/spring/web/plugins/DocumentationPluginsBootstrapper.class]
2024-10-27 22:51:18,475 DEBUG [main][ClassPathScanningCandidateComponentProvider.java:435] - Identified candidate component class: URL [jar:file:/D:/develop/repository/io/springfox/springfox-spring-web/2.9.2/springfox-spring-web-2.9.2.jar!/springfox/documentation/spring/web/plugins/WebMvcRequestHandlerProvider.class]
2024-10-27 22:51:18,475 DEBUG [main][ClassPathScanningCandidateComponentProvider.java:435] - Identified candidate component class: URL [jar:file:/D:/develop/repository/io/springfox/springfox-spring-web/2.9.2/springfox-spring-web-2.9.2.jar!/springfox/documentation/spring/web/plugins/WebMvcRequestHandlerProvider.class]
2024-10-27 22:51:18,476 DEBUG [main][ClassPathScanningCandidateComponentProvider.java:435] - Identified candidate component class: URL [jar:file:/D:/develop/repository/io/springfox/springfox-spring-web/2.9.2/springfox-spring-web-2.9.2.jar!/springfox/documentation/spring/web/plugins/DocumentationPluginsManager.class]
2024-10-27 22:51:18,476 DEBUG [main][ClassPathScanningCandidateComponentProvider.java:435] - Identified candidate component class: URL [jar:file:/D:/develop/repository/io/springfox/springfox-spring-web/2.9.2/springfox-spring-web-2.9.2.jar!/springfox/documentation/spring/web/plugins/DocumentationPluginsManager.class]
2024-10-27 22:51:18,477 DEBUG [main][ClassPathScanningCandidateComponentProvider.java:435] - Identified candidate component class: URL [jar:file:/D:/develop/repository/io/springfox/springfox-spring-web/2.9.2/springfox-spring-web-2.9.2.jar!/springfox/documentation/spring/web/paths/QueryStringUriTemplateDecorator.class]
2024-10-27 22:51:18,477 DEBUG [main][ClassPathScanningCandidateComponentProvider.java:435] - Identified candidate component class: URL [jar:file:/D:/develop/repository/io/springfox/springfox-spring-web/2.9.2/springfox-spring-web-2.9.2.jar!/springfox/documentation/spring/web/paths/QueryStringUriTemplateDecorator.class]
2024-10-27 22:51:18,477 DEBUG [main][ClassPathScanningCandidateComponentProvider.java:435] - Identified candidate component class: URL [jar:file:/D:/develop/repository/io/springfox/springfox-spring-web/2.9.2/springfox-spring-web-2.9.2.jar!/springfox/documentation/spring/web/paths/PathMappingDecorator.class]
2024-10-27 22:51:18,477 DEBUG [main][ClassPathScanningCandidateComponentProvider.java:435] - Identified candidate component class: URL [jar:file:/D:/develop/repository/io/springfox/springfox-spring-web/2.9.2/springfox-spring-web-2.9.2.jar!/springfox/documentation/spring/web/paths/PathMappingDecorator.class]
2024-10-27 22:51:18,477 DEBUG [main][ClassPathScanningCandidateComponentProvider.java:435] - Identified candidate component class: URL [jar:file:/D:/develop/repository/io/springfox/springfox-spring-web/2.9.2/springfox-spring-web-2.9.2.jar!/springfox/documentation/spring/web/paths/PathSanitizer.class]
2024-10-27 22:51:18,477 DEBUG [main][ClassPathScanningCandidateComponentProvider.java:435] - Identified candidate component class: URL [jar:file:/D:/develop/repository/io/springfox/springfox-spring-web/2.9.2/springfox-spring-web-2.9.2.jar!/springfox/documentation/spring/web/paths/PathSanitizer.class]
2024-10-27 22:51:18,478 DEBUG [main][ClassPathScanningCandidateComponentProvider.java:435] - Identified candidate component class: URL [jar:file:/D:/develop/repository/io/springfox/springfox-spring-web/2.9.2/springfox-spring-web-2.9.2.jar!/springfox/documentation/spring/web/paths/OperationPathDecorator.class]
2024-10-27 22:51:18,478 DEBUG [main][ClassPathScanningCandidateComponentProvider.java:435] - Identified candidate component class: URL [jar:file:/D:/develop/repository/io/springfox/springfox-spring-web/2.9.2/springfox-spring-web-2.9.2.jar!/springfox/documentation/spring/web/paths/OperationPathDecorator.class]
2024-10-27 22:51:18,490 DEBUG [main][ClassPathScanningCandidateComponentProvider.java:435] - Identified candidate component class: URL [jar:file:/D:/develop/repository/io/springfox/springfox-schema/2.9.2/springfox-schema-2.9.2.jar!/springfox/documentation/schema/CachingModelDependencyProvider.class]
2024-10-27 22:51:18,490 DEBUG [main][ClassPathScanningCandidateComponentProvider.java:435] - Identified candidate component class: URL [jar:file:/D:/develop/repository/io/springfox/springfox-schema/2.9.2/springfox-schema-2.9.2.jar!/springfox/documentation/schema/CachingModelDependencyProvider.class]
2024-10-27 22:51:18,491 DEBUG [main][ClassPathScanningCandidateComponentProvider.java:435] - Identified candidate component class: URL [jar:file:/D:/develop/repository/io/springfox/springfox-schema/2.9.2/springfox-schema-2.9.2.jar!/springfox/documentation/schema/TypeNameExtractor.class]
2024-10-27 22:51:18,491 DEBUG [main][ClassPathScanningCandidateComponentProvider.java:435] - Identified candidate component class: URL [jar:file:/D:/develop/repository/io/springfox/springfox-schema/2.9.2/springfox-schema-2.9.2.jar!/springfox/documentation/schema/TypeNameExtractor.class]
2024-10-27 22:51:18,491 DEBUG [main][ClassPathScanningCandidateComponentProvider.java:435] - Identified candidate component class: URL [jar:file:/D:/develop/repository/io/springfox/springfox-schema/2.9.2/springfox-schema-2.9.2.jar!/springfox/documentation/schema/plugins/PropertyDiscriminatorBasedInheritancePlugin.class]
2024-10-27 22:51:18,491 DEBUG [main][ClassPathScanningCandidateComponentProvider.java:435] - Identified candidate component class: URL [jar:file:/D:/develop/repository/io/springfox/springfox-schema/2.9.2/springfox-schema-2.9.2.jar!/springfox/documentation/schema/plugins/PropertyDiscriminatorBasedInheritancePlugin.class]
2024-10-27 22:51:18,492 DEBUG [main][ClassPathScanningCandidateComponentProvider.java:435] - Identified candidate component class: URL [jar:file:/D:/develop/repository/io/springfox/springfox-schema/2.9.2/springfox-schema-2.9.2.jar!/springfox/documentation/schema/plugins/XmlModelPlugin.class]
2024-10-27 22:51:18,492 DEBUG [main][ClassPathScanningCandidateComponentProvider.java:435] - Identified candidate component class: URL [jar:file:/D:/develop/repository/io/springfox/springfox-schema/2.9.2/springfox-schema-2.9.2.jar!/springfox/documentation/schema/plugins/XmlModelPlugin.class]
2024-10-27 22:51:18,492 DEBUG [main][ClassPathScanningCandidateComponentProvider.java:435] - Identified candidate component class: URL [jar:file:/D:/develop/repository/io/springfox/springfox-schema/2.9.2/springfox-schema-2.9.2.jar!/springfox/documentation/schema/plugins/SchemaPluginsManager.class]
2024-10-27 22:51:18,492 DEBUG [main][ClassPathScanningCandidateComponentProvider.java:435] - Identified candidate component class: URL [jar:file:/D:/develop/repository/io/springfox/springfox-schema/2.9.2/springfox-schema-2.9.2.jar!/springfox/documentation/schema/plugins/SchemaPluginsManager.class]
2024-10-27 22:51:18,492 DEBUG [main][ClassPathScanningCandidateComponentProvider.java:435] - Identified candidate component class: URL [jar:file:/D:/develop/repository/io/springfox/springfox-schema/2.9.2/springfox-schema-2.9.2.jar!/springfox/documentation/schema/property/CachingModelPropertiesProvider.class]
2024-10-27 22:51:18,492 DEBUG [main][ClassPathScanningCandidateComponentProvider.java:435] - Identified candidate component class: URL [jar:file:/D:/develop/repository/io/springfox/springfox-schema/2.9.2/springfox-schema-2.9.2.jar!/springfox/documentation/schema/property/CachingModelPropertiesProvider.class]
2024-10-27 22:51:18,492 DEBUG [main][ClassPathScanningCandidateComponentProvider.java:435] - Identified candidate component class: URL [jar:file:/D:/develop/repository/io/springfox/springfox-schema/2.9.2/springfox-schema-2.9.2.jar!/springfox/documentation/schema/property/ObjectMapperBeanPropertyNamingStrategy.class]
2024-10-27 22:51:18,492 DEBUG [main][ClassPathScanningCandidateComponentProvider.java:435] - Identified candidate component class: URL [jar:file:/D:/develop/repository/io/springfox/springfox-schema/2.9.2/springfox-schema-2.9.2.jar!/springfox/documentation/schema/property/ObjectMapperBeanPropertyNamingStrategy.class]
2024-10-27 22:51:18,493 DEBUG [main][ClassPathScanningCandidateComponentProvider.java:435] - Identified candidate component class: URL [jar:file:/D:/develop/repository/io/springfox/springfox-schema/2.9.2/springfox-schema-2.9.2.jar!/springfox/documentation/schema/property/bean/AccessorsProvider.class]
2024-10-27 22:51:18,493 DEBUG [main][ClassPathScanningCandidateComponentProvider.java:435] - Identified candidate component class: URL [jar:file:/D:/develop/repository/io/springfox/springfox-schema/2.9.2/springfox-schema-2.9.2.jar!/springfox/documentation/schema/property/bean/AccessorsProvider.class]
2024-10-27 22:51:18,493 DEBUG [main][ClassPathScanningCandidateComponentProvider.java:435] - Identified candidate component class: URL [jar:file:/D:/develop/repository/io/springfox/springfox-schema/2.9.2/springfox-schema-2.9.2.jar!/springfox/documentation/schema/property/field/FieldProvider.class]
2024-10-27 22:51:18,493 DEBUG [main][ClassPathScanningCandidateComponentProvider.java:435] - Identified candidate component class: URL [jar:file:/D:/develop/repository/io/springfox/springfox-schema/2.9.2/springfox-schema-2.9.2.jar!/springfox/documentation/schema/property/field/FieldProvider.class]
2024-10-27 22:51:18,494 DEBUG [main][ClassPathScanningCandidateComponentProvider.java:435] - Identified candidate component class: URL [jar:file:/D:/develop/repository/io/springfox/springfox-schema/2.9.2/springfox-schema-2.9.2.jar!/springfox/documentation/schema/property/XmlPropertyPlugin.class]
2024-10-27 22:51:18,494 DEBUG [main][ClassPathScanningCandidateComponentProvider.java:435] - Identified candidate component class: URL [jar:file:/D:/develop/repository/io/springfox/springfox-schema/2.9.2/springfox-schema-2.9.2.jar!/springfox/documentation/schema/property/XmlPropertyPlugin.class]
2024-10-27 22:51:18,494 DEBUG [main][ClassPathScanningCandidateComponentProvider.java:435] - Identified candidate component class: URL [jar:file:/D:/develop/repository/io/springfox/springfox-schema/2.9.2/springfox-schema-2.9.2.jar!/springfox/documentation/schema/property/OptimizedModelPropertiesProvider.class]
2024-10-27 22:51:18,494 DEBUG [main][ClassPathScanningCandidateComponentProvider.java:435] - Identified candidate component class: URL [jar:file:/D:/develop/repository/io/springfox/springfox-schema/2.9.2/springfox-schema-2.9.2.jar!/springfox/documentation/schema/property/OptimizedModelPropertiesProvider.class]
2024-10-27 22:51:18,494 DEBUG [main][ClassPathScanningCandidateComponentProvider.java:435] - Identified candidate component class: URL [jar:file:/D:/develop/repository/io/springfox/springfox-schema/2.9.2/springfox-schema-2.9.2.jar!/springfox/documentation/schema/property/FactoryMethodProvider.class]
2024-10-27 22:51:18,494 DEBUG [main][ClassPathScanningCandidateComponentProvider.java:435] - Identified candidate component class: URL [jar:file:/D:/develop/repository/io/springfox/springfox-schema/2.9.2/springfox-schema-2.9.2.jar!/springfox/documentation/schema/property/FactoryMethodProvider.class]
2024-10-27 22:51:18,497 DEBUG [main][ClassPathScanningCandidateComponentProvider.java:435] - Identified candidate component class: URL [jar:file:/D:/develop/repository/io/springfox/springfox-schema/2.9.2/springfox-schema-2.9.2.jar!/springfox/documentation/schema/CachingModelProvider.class]
2024-10-27 22:51:18,497 DEBUG [main][ClassPathScanningCandidateComponentProvider.java:435] - Identified candidate component class: URL [jar:file:/D:/develop/repository/io/springfox/springfox-schema/2.9.2/springfox-schema-2.9.2.jar!/springfox/documentation/schema/CachingModelProvider.class]
2024-10-27 22:51:18,498 DEBUG [main][ClassPathScanningCandidateComponentProvider.java:435] - Identified candidate component class: URL [jar:file:/D:/develop/repository/io/springfox/springfox-schema/2.9.2/springfox-schema-2.9.2.jar!/springfox/documentation/schema/DefaultModelDependencyProvider.class]
2024-10-27 22:51:18,498 DEBUG [main][ClassPathScanningCandidateComponentProvider.java:435] - Identified candidate component class: URL [jar:file:/D:/develop/repository/io/springfox/springfox-schema/2.9.2/springfox-schema-2.9.2.jar!/springfox/documentation/schema/DefaultModelDependencyProvider.class]
2024-10-27 22:51:18,498 DEBUG [main][ClassPathScanningCandidateComponentProvider.java:435] - Identified candidate component class: URL [jar:file:/D:/develop/repository/io/springfox/springfox-schema/2.9.2/springfox-schema-2.9.2.jar!/springfox/documentation/schema/JacksonEnumTypeDeterminer.class]
2024-10-27 22:51:18,498 DEBUG [main][ClassPathScanningCandidateComponentProvider.java:435] - Identified candidate component class: URL [jar:file:/D:/develop/repository/io/springfox/springfox-schema/2.9.2/springfox-schema-2.9.2.jar!/springfox/documentation/schema/JacksonEnumTypeDeterminer.class]
2024-10-27 22:51:18,498 DEBUG [main][ClassPathScanningCandidateComponentProvider.java:435] - Identified candidate component class: URL [jar:file:/D:/develop/repository/io/springfox/springfox-schema/2.9.2/springfox-schema-2.9.2.jar!/springfox/documentation/schema/DefaultModelProvider.class]
2024-10-27 22:51:18,498 DEBUG [main][ClassPathScanningCandidateComponentProvider.java:435] - Identified candidate component class: URL [jar:file:/D:/develop/repository/io/springfox/springfox-schema/2.9.2/springfox-schema-2.9.2.jar!/springfox/documentation/schema/DefaultModelProvider.class]
2024-10-27 22:51:18,506 DEBUG [main][ClassPathScanningCandidateComponentProvider.java:435] - Identified candidate component class: URL [jar:file:/D:/develop/repository/io/springfox/springfox-swagger-common/2.9.2/springfox-swagger-common-2.9.2.jar!/springfox/documentation/swagger/schema/ApiModelPropertyPropertyBuilder.class]
2024-10-27 22:51:18,506 DEBUG [main][ClassPathScanningCandidateComponentProvider.java:435] - Identified candidate component class: URL [jar:file:/D:/develop/repository/io/springfox/springfox-swagger-common/2.9.2/springfox-swagger-common-2.9.2.jar!/springfox/documentation/swagger/schema/ApiModelPropertyPropertyBuilder.class]
2024-10-27 22:51:18,506 DEBUG [main][ClassPathScanningCandidateComponentProvider.java:435] - Identified candidate component class: URL [jar:file:/D:/develop/repository/io/springfox/springfox-swagger-common/2.9.2/springfox-swagger-common-2.9.2.jar!/springfox/documentation/swagger/schema/ApiModelTypeNameProvider.class]
2024-10-27 22:51:18,506 DEBUG [main][ClassPathScanningCandidateComponentProvider.java:435] - Identified candidate component class: URL [jar:file:/D:/develop/repository/io/springfox/springfox-swagger-common/2.9.2/springfox-swagger-common-2.9.2.jar!/springfox/documentation/swagger/schema/ApiModelTypeNameProvider.class]
2024-10-27 22:51:18,507 DEBUG [main][ClassPathScanningCandidateComponentProvider.java:435] - Identified candidate component class: URL [jar:file:/D:/develop/repository/io/springfox/springfox-swagger-common/2.9.2/springfox-swagger-common-2.9.2.jar!/springfox/documentation/swagger/schema/ApiModelBuilder.class]
2024-10-27 22:51:18,507 DEBUG [main][ClassPathScanningCandidateComponentProvider.java:435] - Identified candidate component class: URL [jar:file:/D:/develop/repository/io/springfox/springfox-swagger-common/2.9.2/springfox-swagger-common-2.9.2.jar!/springfox/documentation/swagger/schema/ApiModelBuilder.class]
2024-10-27 22:51:18,508 DEBUG [main][ClassPathScanningCandidateComponentProvider.java:435] - Identified candidate component class: URL [jar:file:/D:/develop/repository/io/springfox/springfox-swagger-common/2.9.2/springfox-swagger-common-2.9.2.jar!/springfox/documentation/swagger/readers/operation/OperationImplicitParameterReader.class]
2024-10-27 22:51:18,508 DEBUG [main][ClassPathScanningCandidateComponentProvider.java:435] - Identified candidate component class: URL [jar:file:/D:/develop/repository/io/springfox/springfox-swagger-common/2.9.2/springfox-swagger-common-2.9.2.jar!/springfox/documentation/swagger/readers/operation/OperationImplicitParameterReader.class]
2024-10-27 22:51:18,508 DEBUG [main][ClassPathScanningCandidateComponentProvider.java:435] - Identified candidate component class: URL [jar:file:/D:/develop/repository/io/springfox/springfox-swagger-common/2.9.2/springfox-swagger-common-2.9.2.jar!/springfox/documentation/swagger/readers/operation/VendorExtensionsReader.class]
2024-10-27 22:51:18,508 DEBUG [main][ClassPathScanningCandidateComponentProvider.java:435] - Identified candidate component class: URL [jar:file:/D:/develop/repository/io/springfox/springfox-swagger-common/2.9.2/springfox-swagger-common-2.9.2.jar!/springfox/documentation/swagger/readers/operation/VendorExtensionsReader.class]
2024-10-27 22:51:18,509 DEBUG [main][ClassPathScanningCandidateComponentProvider.java:435] - Identified candidate component class: URL [jar:file:/D:/develop/repository/io/springfox/springfox-swagger-common/2.9.2/springfox-swagger-common-2.9.2.jar!/springfox/documentation/swagger/readers/operation/SwaggerOperationResponseClassReader.class]
2024-10-27 22:51:18,509 DEBUG [main][ClassPathScanningCandidateComponentProvider.java:435] - Identified candidate component class: URL [jar:file:/D:/develop/repository/io/springfox/springfox-swagger-common/2.9.2/springfox-swagger-common-2.9.2.jar!/springfox/documentation/swagger/readers/operation/SwaggerOperationResponseClassReader.class]
2024-10-27 22:51:18,509 DEBUG [main][ClassPathScanningCandidateComponentProvider.java:435] - Identified candidate component class: URL [jar:file:/D:/develop/repository/io/springfox/springfox-swagger-common/2.9.2/springfox-swagger-common-2.9.2.jar!/springfox/documentation/swagger/readers/operation/SwaggerOperationModelsProvider.class]
2024-10-27 22:51:18,509 DEBUG [main][ClassPathScanningCandidateComponentProvider.java:435] - Identified candidate component class: URL [jar:file:/D:/develop/repository/io/springfox/springfox-swagger-common/2.9.2/springfox-swagger-common-2.9.2.jar!/springfox/documentation/swagger/readers/operation/SwaggerOperationModelsProvider.class]
2024-10-27 22:51:18,509 DEBUG [main][ClassPathScanningCandidateComponentProvider.java:435] - Identified candidate component class: URL [jar:file:/D:/develop/repository/io/springfox/springfox-swagger-common/2.9.2/springfox-swagger-common-2.9.2.jar!/springfox/documentation/swagger/readers/operation/SwaggerMediaTypeReader.class]
2024-10-27 22:51:18,509 DEBUG [main][ClassPathScanningCandidateComponentProvider.java:435] - Identified candidate component class: URL [jar:file:/D:/develop/repository/io/springfox/springfox-swagger-common/2.9.2/springfox-swagger-common-2.9.2.jar!/springfox/documentation/swagger/readers/operation/SwaggerMediaTypeReader.class]
2024-10-27 22:51:18,510 DEBUG [main][ClassPathScanningCandidateComponentProvider.java:435] - Identified candidate component class: URL [jar:file:/D:/develop/repository/io/springfox/springfox-swagger-common/2.9.2/springfox-swagger-common-2.9.2.jar!/springfox/documentation/swagger/readers/operation/OperationHttpMethodReader.class]
2024-10-27 22:51:18,510 DEBUG [main][ClassPathScanningCandidateComponentProvider.java:435] - Identified candidate component class: URL [jar:file:/D:/develop/repository/io/springfox/springfox-swagger-common/2.9.2/springfox-swagger-common-2.9.2.jar!/springfox/documentation/swagger/readers/operation/OperationHttpMethodReader.class]
2024-10-27 22:51:18,510 DEBUG [main][ClassPathScanningCandidateComponentProvider.java:435] - Identified candidate component class: URL [jar:file:/D:/develop/repository/io/springfox/springfox-swagger-common/2.9.2/springfox-swagger-common-2.9.2.jar!/springfox/documentation/swagger/readers/operation/OperationImplicitParametersReader.class]
2024-10-27 22:51:18,510 DEBUG [main][ClassPathScanningCandidateComponentProvider.java:435] - Identified candidate component class: URL [jar:file:/D:/develop/repository/io/springfox/springfox-swagger-common/2.9.2/springfox-swagger-common-2.9.2.jar!/springfox/documentation/swagger/readers/operation/OperationImplicitParametersReader.class]
2024-10-27 22:51:18,510 DEBUG [main][ClassPathScanningCandidateComponentProvider.java:435] - Identified candidate component class: URL [jar:file:/D:/develop/repository/io/springfox/springfox-swagger-common/2.9.2/springfox-swagger-common-2.9.2.jar!/springfox/documentation/swagger/readers/operation/OperationAuthReader.class]
2024-10-27 22:51:18,510 DEBUG [main][ClassPathScanningCandidateComponentProvider.java:435] - Identified candidate component class: URL [jar:file:/D:/develop/repository/io/springfox/springfox-swagger-common/2.9.2/springfox-swagger-common-2.9.2.jar!/springfox/documentation/swagger/readers/operation/OperationAuthReader.class]
2024-10-27 22:51:18,510 DEBUG [main][ClassPathScanningCandidateComponentProvider.java:435] - Identified candidate component class: URL [jar:file:/D:/develop/repository/io/springfox/springfox-swagger-common/2.9.2/springfox-swagger-common-2.9.2.jar!/springfox/documentation/swagger/readers/operation/OperationHiddenReader.class]
2024-10-27 22:51:18,510 DEBUG [main][ClassPathScanningCandidateComponentProvider.java:435] - Identified candidate component class: URL [jar:file:/D:/develop/repository/io/springfox/springfox-swagger-common/2.9.2/springfox-swagger-common-2.9.2.jar!/springfox/documentation/swagger/readers/operation/OperationHiddenReader.class]
2024-10-27 22:51:18,510 DEBUG [main][ClassPathScanningCandidateComponentProvider.java:435] - Identified candidate component class: URL [jar:file:/D:/develop/repository/io/springfox/springfox-swagger-common/2.9.2/springfox-swagger-common-2.9.2.jar!/springfox/documentation/swagger/readers/operation/OperationSummaryReader.class]
2024-10-27 22:51:18,510 DEBUG [main][ClassPathScanningCandidateComponentProvider.java:435] - Identified candidate component class: URL [jar:file:/D:/develop/repository/io/springfox/springfox-swagger-common/2.9.2/springfox-swagger-common-2.9.2.jar!/springfox/documentation/swagger/readers/operation/OperationSummaryReader.class]
2024-10-27 22:51:18,510 DEBUG [main][ClassPathScanningCandidateComponentProvider.java:435] - Identified candidate component class: URL [jar:file:/D:/develop/repository/io/springfox/springfox-swagger-common/2.9.2/springfox-swagger-common-2.9.2.jar!/springfox/documentation/swagger/readers/operation/SwaggerResponseMessageReader.class]
2024-10-27 22:51:18,510 DEBUG [main][ClassPathScanningCandidateComponentProvider.java:435] - Identified candidate component class: URL [jar:file:/D:/develop/repository/io/springfox/springfox-swagger-common/2.9.2/springfox-swagger-common-2.9.2.jar!/springfox/documentation/swagger/readers/operation/SwaggerResponseMessageReader.class]
2024-10-27 22:51:18,511 DEBUG [main][ClassPathScanningCandidateComponentProvider.java:435] - Identified candidate component class: URL [jar:file:/D:/develop/repository/io/springfox/springfox-swagger-common/2.9.2/springfox-swagger-common-2.9.2.jar!/springfox/documentation/swagger/readers/operation/OperationNicknameIntoUniqueIdReader.class]
2024-10-27 22:51:18,511 DEBUG [main][ClassPathScanningCandidateComponentProvider.java:435] - Identified candidate component class: URL [jar:file:/D:/develop/repository/io/springfox/springfox-swagger-common/2.9.2/springfox-swagger-common-2.9.2.jar!/springfox/documentation/swagger/readers/operation/OperationNicknameIntoUniqueIdReader.class]
2024-10-27 22:51:18,511 DEBUG [main][ClassPathScanningCandidateComponentProvider.java:435] - Identified candidate component class: URL [jar:file:/D:/develop/repository/io/springfox/springfox-swagger-common/2.9.2/springfox-swagger-common-2.9.2.jar!/springfox/documentation/swagger/readers/operation/OperationPositionReader.class]
2024-10-27 22:51:18,511 DEBUG [main][ClassPathScanningCandidateComponentProvider.java:435] - Identified candidate component class: URL [jar:file:/D:/develop/repository/io/springfox/springfox-swagger-common/2.9.2/springfox-swagger-common-2.9.2.jar!/springfox/documentation/swagger/readers/operation/OperationPositionReader.class]
2024-10-27 22:51:18,511 DEBUG [main][ClassPathScanningCandidateComponentProvider.java:435] - Identified candidate component class: URL [jar:file:/D:/develop/repository/io/springfox/springfox-swagger-common/2.9.2/springfox-swagger-common-2.9.2.jar!/springfox/documentation/swagger/readers/operation/OperationNotesReader.class]
2024-10-27 22:51:18,511 DEBUG [main][ClassPathScanningCandidateComponentProvider.java:435] - Identified candidate component class: URL [jar:file:/D:/develop/repository/io/springfox/springfox-swagger-common/2.9.2/springfox-swagger-common-2.9.2.jar!/springfox/documentation/swagger/readers/operation/OperationNotesReader.class]
2024-10-27 22:51:18,511 DEBUG [main][ClassPathScanningCandidateComponentProvider.java:435] - Identified candidate component class: URL [jar:file:/D:/develop/repository/io/springfox/springfox-swagger-common/2.9.2/springfox-swagger-common-2.9.2.jar!/springfox/documentation/swagger/readers/operation/SwaggerOperationTagsReader.class]
2024-10-27 22:51:18,511 DEBUG [main][ClassPathScanningCandidateComponentProvider.java:435] - Identified candidate component class: URL [jar:file:/D:/develop/repository/io/springfox/springfox-swagger-common/2.9.2/springfox-swagger-common-2.9.2.jar!/springfox/documentation/swagger/readers/operation/SwaggerOperationTagsReader.class]
2024-10-27 22:51:18,512 DEBUG [main][ClassPathScanningCandidateComponentProvider.java:435] - Identified candidate component class: URL [jar:file:/D:/develop/repository/io/springfox/springfox-swagger-common/2.9.2/springfox-swagger-common-2.9.2.jar!/springfox/documentation/swagger/readers/parameter/ApiParamParameterBuilder.class]
2024-10-27 22:51:18,512 DEBUG [main][ClassPathScanningCandidateComponentProvider.java:435] - Identified candidate component class: URL [jar:file:/D:/develop/repository/io/springfox/springfox-swagger-common/2.9.2/springfox-swagger-common-2.9.2.jar!/springfox/documentation/swagger/readers/parameter/ApiParamParameterBuilder.class]
2024-10-27 22:51:18,512 DEBUG [main][ClassPathScanningCandidateComponentProvider.java:435] - Identified candidate component class: URL [jar:file:/D:/develop/repository/io/springfox/springfox-swagger-common/2.9.2/springfox-swagger-common-2.9.2.jar!/springfox/documentation/swagger/readers/parameter/SwaggerExpandedParameterBuilder.class]
2024-10-27 22:51:18,512 DEBUG [main][ClassPathScanningCandidateComponentProvider.java:435] - Identified candidate component class: URL [jar:file:/D:/develop/repository/io/springfox/springfox-swagger-common/2.9.2/springfox-swagger-common-2.9.2.jar!/springfox/documentation/swagger/readers/parameter/SwaggerExpandedParameterBuilder.class]
2024-10-27 22:51:18,515 DEBUG [main][ClassPathScanningCandidateComponentProvider.java:435] - Identified candidate component class: URL [jar:file:/D:/develop/repository/io/springfox/springfox-swagger-common/2.9.2/springfox-swagger-common-2.9.2.jar!/springfox/documentation/swagger/web/SwaggerApiListingReader.class]
2024-10-27 22:51:18,515 DEBUG [main][ClassPathScanningCandidateComponentProvider.java:435] - Identified candidate component class: URL [jar:file:/D:/develop/repository/io/springfox/springfox-swagger-common/2.9.2/springfox-swagger-common-2.9.2.jar!/springfox/documentation/swagger/web/SwaggerApiListingReader.class]
2024-10-27 22:51:18,516 DEBUG [main][ClassPathScanningCandidateComponentProvider.java:435] - Identified candidate component class: URL [jar:file:/D:/develop/repository/io/springfox/springfox-swagger-common/2.9.2/springfox-swagger-common-2.9.2.jar!/springfox/documentation/swagger/web/ClassOrApiAnnotationResourceGrouping.class]
2024-10-27 22:51:18,516 DEBUG [main][ClassPathScanningCandidateComponentProvider.java:435] - Identified candidate component class: URL [jar:file:/D:/develop/repository/io/springfox/springfox-swagger-common/2.9.2/springfox-swagger-common-2.9.2.jar!/springfox/documentation/swagger/web/ClassOrApiAnnotationResourceGrouping.class]
2024-10-27 22:51:18,516 DEBUG [main][ClassPathScanningCandidateComponentProvider.java:435] - Identified candidate component class: URL [jar:file:/D:/develop/repository/io/springfox/springfox-swagger-common/2.9.2/springfox-swagger-common-2.9.2.jar!/springfox/documentation/swagger/web/InMemorySwaggerResourcesProvider.class]
2024-10-27 22:51:18,516 DEBUG [main][ClassPathScanningCandidateComponentProvider.java:435] - Identified candidate component class: URL [jar:file:/D:/develop/repository/io/springfox/springfox-swagger-common/2.9.2/springfox-swagger-common-2.9.2.jar!/springfox/documentation/swagger/web/InMemorySwaggerResourcesProvider.class]
2024-10-27 22:51:18,517 DEBUG [main][ClassPathScanningCandidateComponentProvider.java:435] - Identified candidate component class: URL [jar:file:/D:/develop/repository/io/springfox/springfox-swagger-common/2.9.2/springfox-swagger-common-2.9.2.jar!/springfox/documentation/swagger/web/ApiResourceController.class]
2024-10-27 22:51:18,517 DEBUG [main][ClassPathScanningCandidateComponentProvider.java:435] - Identified candidate component class: URL [jar:file:/D:/develop/repository/io/springfox/springfox-swagger-common/2.9.2/springfox-swagger-common-2.9.2.jar!/springfox/documentation/swagger/web/ApiResourceController.class]
2024-10-27 22:51:18,606 DEBUG [main][PropertySourcesPropertyResolver.java:115] - Found key 'spring.jmx.enabled' in PropertySource 'configurationProperties' with value of type String
2024-10-27 22:51:18,606 DEBUG [main][PropertySourcesPropertyResolver.java:115] - Found key 'spring.jmx.enabled' in PropertySource 'configurationProperties' with value of type String
2024-10-27 22:51:18,606 DEBUG [main][PropertySourcesPropertyResolver.java:115] - Found key 'spring.application.admin.enabled' in PropertySource 'configurationProperties' with value of type String
2024-10-27 22:51:18,606 DEBUG [main][PropertySourcesPropertyResolver.java:115] - Found key 'spring.application.admin.enabled' in PropertySource 'configurationProperties' with value of type String
2024-10-27 22:51:18,628 DEBUG [main][PropertySourcesPropertyResolver.java:115] - Found key 'swagger.enabled' in PropertySource 'configurationProperties' with value of type Boolean
2024-10-27 22:51:18,628 DEBUG [main][PropertySourcesPropertyResolver.java:115] - Found key 'swagger.enabled' in PropertySource 'configurationProperties' with value of type Boolean
2024-10-27 22:51:18,632 DEBUG [main][PropertySourcesPropertyResolver.java:115] - Found key 'swagger.enabled' in PropertySource 'configurationProperties' with value of type Boolean
2024-10-27 22:51:18,632 DEBUG [main][PropertySourcesPropertyResolver.java:115] - Found key 'swagger.enabled' in PropertySource 'configurationProperties' with value of type Boolean
2024-10-27 22:51:18,683 DEBUG [main][PropertySourcesPropertyResolver.java:115] - Found key 'spring.jmx.enabled' in PropertySource 'configurationProperties' with value of type String
2024-10-27 22:51:18,683 DEBUG [main][PropertySourcesPropertyResolver.java:115] - Found key 'spring.jmx.enabled' in PropertySource 'configurationProperties' with value of type String
2024-10-27 22:51:18,686 DEBUG [main][PropertySourcesPropertyResolver.java:115] - Found key 'spring.application.admin.enabled' in PropertySource 'configurationProperties' with value of type String
2024-10-27 22:51:18,686 DEBUG [main][PropertySourcesPropertyResolver.java:115] - Found key 'spring.application.admin.enabled' in PropertySource 'configurationProperties' with value of type String
2024-10-27 22:51:18,711 DEBUG [main][DefaultSingletonBeanRegistry.java:225] - Creating shared instance of singleton bean 'refreshScope'
2024-10-27 22:51:18,711 DEBUG [main][DefaultSingletonBeanRegistry.java:225] - Creating shared instance of singleton bean 'refreshScope'
2024-10-27 22:51:18,712 DEBUG [main][DefaultSingletonBeanRegistry.java:225] - Creating shared instance of singleton bean 'org.springframework.cloud.autoconfigure.RefreshAutoConfiguration$RefreshScopeBeanDefinitionEnhancer'
2024-10-27 22:51:18,712 DEBUG [main][DefaultSingletonBeanRegistry.java:225] - Creating shared instance of singleton bean 'org.springframework.cloud.autoconfigure.RefreshAutoConfiguration$RefreshScopeBeanDefinitionEnhancer'
2024-10-27 22:51:18,745 DEBUG [main][GenericScope.java:291] - Generating bean factory id from names: [accessorsProvider, apiDescriptionLookup, apiDescriptionReader, apiDocumentationScanner, apiListingBuilderPluginRegistry, apiListingReader, apiListingReferenceScanner, apiListingScanner, apiListingScannerPluginRegistry, apiModelBuilder, apiModelPropertyPropertyBuilder, apiModelReader, apiModelTypeNameProvider, apiOperationReader, apiResourceController, applicationAvailability, applicationTaskExecutor, basicErrorController, beanNameHandlerMapping, beanNameViewResolver, bootstrapApplicationListener.BootstrapMarkerConfiguration, cachingModelDependencyProvider, cachingModelPropertiesProvider, cachingModelProvider, cachingOperationNameGenerator, cachingOperationReader, characterEncodingFilter, classOrApiAnnotationResourceGrouping, com.spring4all.swagger.Swagger2Configuration, com.spring4all.swagger.SwaggerAutoConfiguration, configurationPropertiesBeans, configurationPropertiesRebinder, contentApplication, contextRefresher, conventionErrorViewResolver, courseBaseInfoController, createRestApi, decimalMinMaxPlugin, defaultModelDependencyProvider, defaultModelProvider, defaultOperationReader, defaultServletHandlerMapping, defaultTagsProvider, defaultValidator, defaultViewResolver, defaults, defaultsProviderPluginRegistry, descriptionResolver, dispatcherServlet, dispatcherServletRegistration, documentationPluginRegistry, documentationPluginsBootstrapper, documentationPluginsManager, environmentManager, error, errorAttributes, errorPageCustomizer, errorPageRegistrarBeanPostProcessor, expandedParameterBuilder, expandedParameterBuilderPluginRegistry, expanderMinMax, expanderNotNull, expanderPattern, expanderSize, factoryMethodProvider, fieldProvider, formContentFilter, handlerExceptionResolver, handlerFunctionAdapter, httpRequestHandlerAdapter, inMemorySwaggerResourcesProvider, jacksonEnumTypeDeterminer, jacksonObjectMapper, jacksonObjectMapperBuilder, jsonComponentModule, jsonSerializer, licenseMapperImpl, lifecycleProcessor, localeCharsetMappingsCustomizer, loggingRebinder, mappingJackson2HttpMessageConverter, mbeanExporter, mbeanServer, mediaTypeReader, messageConverters, methodResolver, methodValidationPostProcessor, minMaxPlugin, modelAttributeParameterExpander, modelBuilderPluginRegistry, modelMapperImpl, modelPropertyBuilderPluginRegistry, multipartConfigElement, multipartResolver, mvcContentNegotiationManager, mvcConversionService, mvcHandlerMappingIntrospector, mvcPathMatcher, mvcResourceUrlProvider, mvcUriComponentsContributor, mvcUrlPathHelper, mvcValidator, mvcViewResolver, notNullPlugin, objectMapperBeanPropertyNamingStrategy, objectMapperConfigurer, objectNamingStrategy, operationAuthReader, operationBuilderPluginRegistry, operationDeprecatedReader, operationHiddenReader, operationHttpMethodReader, operationImplicitParameterReader, operationImplicitParametersReader, operationModelsProvider, operationModelsProviderPluginRegistry, operationNicknameIntoUniqueIdReader, operationNotesReader, operationParameterHeadersConditionReader, operationParameterReader, operationParameterRequestConditionReader, operationPathDecorator, operationPositionReader, operationResponseClassReader, operationSummaryReader, operationTagsReader, optimized, org.springframework.boot.autoconfigure.AutoConfigurationPackages, org.springframework.boot.autoconfigure.admin.SpringApplicationAdminJmxAutoConfiguration, org.springframework.boot.autoconfigure.aop.AopAutoConfiguration, org.springframework.boot.autoconfigure.aop.AopAutoConfiguration$ClassProxyingConfiguration, org.springframework.boot.autoconfigure.availability.ApplicationAvailabilityAutoConfiguration, org.springframework.boot.autoconfigure.context.ConfigurationPropertiesAutoConfiguration, org.springframework.boot.autoconfigure.context.LifecycleAutoConfiguration, org.springframework.boot.autoconfigure.context.PropertyPlaceholderAutoConfiguration, org.springframework.boot.autoconfigure.http.HttpMessageConvertersAutoConfiguration, org.springframework.boot.autoconfigure.http.HttpMessageConvertersAutoConfiguration$StringHttpMessageConverterConfiguration, org.springframework.boot.autoconfigure.http.JacksonHttpMessageConvertersConfiguration, org.springframework.boot.autoconfigure.http.JacksonHttpMessageConvertersConfiguration$MappingJackson2HttpMessageConverterConfiguration, org.springframework.boot.autoconfigure.info.ProjectInfoAutoConfiguration, org.springframework.boot.autoconfigure.internalCachingMetadataReaderFactory, org.springframework.boot.autoconfigure.jackson.JacksonAutoConfiguration, org.springframework.boot.autoconfigure.jackson.JacksonAutoConfiguration$Jackson2ObjectMapperBuilderCustomizerConfiguration, org.springframework.boot.autoconfigure.jackson.JacksonAutoConfiguration$JacksonObjectMapperBuilderConfiguration, org.springframework.boot.autoconfigure.jackson.JacksonAutoConfiguration$JacksonObjectMapperConfiguration, org.springframework.boot.autoconfigure.jackson.JacksonAutoConfiguration$ParameterNamesModuleConfiguration, org.springframework.boot.autoconfigure.jmx.JmxAutoConfiguration, org.springframework.boot.autoconfigure.task.TaskExecutionAutoConfiguration, org.springframework.boot.autoconfigure.task.TaskSchedulingAutoConfiguration, org.springframework.boot.autoconfigure.validation.ValidationAutoConfiguration, org.springframework.boot.autoconfigure.web.client.RestTemplateAutoConfiguration, org.springframework.boot.autoconfigure.web.embedded.EmbeddedWebServerFactoryCustomizerAutoConfiguration, org.springframework.boot.autoconfigure.web.embedded.EmbeddedWebServerFactoryCustomizerAutoConfiguration$TomcatWebServerFactoryCustomizerConfiguration, org.springframework.boot.autoconfigure.web.servlet.DispatcherServletAutoConfiguration, org.springframework.boot.autoconfigure.web.servlet.DispatcherServletAutoConfiguration$DispatcherServletConfiguration, org.springframework.boot.autoconfigure.web.servlet.DispatcherServletAutoConfiguration$DispatcherServletRegistrationConfiguration, org.springframework.boot.autoconfigure.web.servlet.HttpEncodingAutoConfiguration, org.springframework.boot.autoconfigure.web.servlet.MultipartAutoConfiguration, org.springframework.boot.autoconfigure.web.servlet.ServletWebServerFactoryAutoConfiguration, org.springframework.boot.autoconfigure.web.servlet.ServletWebServerFactoryConfiguration$EmbeddedTomcat, org.springframework.boot.autoconfigure.web.servlet.WebMvcAutoConfiguration, org.springframework.boot.autoconfigure.web.servlet.WebMvcAutoConfiguration$EnableWebMvcConfiguration, org.springframework.boot.autoconfigure.web.servlet.WebMvcAutoConfiguration$WebMvcAutoConfigurationAdapter, org.springframework.boot.autoconfigure.web.servlet.error.ErrorMvcAutoConfiguration, org.springframework.boot.autoconfigure.web.servlet.error.ErrorMvcAutoConfiguration$DefaultErrorViewResolverConfiguration, org.springframework.boot.autoconfigure.web.servlet.error.ErrorMvcAutoConfiguration$WhitelabelErrorViewConfiguration, org.springframework.boot.autoconfigure.websocket.servlet.WebSocketServletAutoConfiguration, org.springframework.boot.autoconfigure.websocket.servlet.WebSocketServletAutoConfiguration$TomcatWebSocketConfiguration, org.springframework.boot.context.internalConfigurationPropertiesBinder, org.springframework.boot.context.internalConfigurationPropertiesBinderFactory, org.springframework.boot.context.properties.BoundConfigurationProperties, org.springframework.boot.context.properties.ConfigurationBeanFactoryMetadata, org.springframework.boot.context.properties.ConfigurationPropertiesBindingPostProcessor, org.springframework.cloud.autoconfigure.ConfigurationPropertiesRebinderAutoConfiguration, org.springframework.cloud.autoconfigure.LifecycleMvcEndpointAutoConfiguration, org.springframework.cloud.autoconfigure.RefreshAutoConfiguration, org.springframework.cloud.autoconfigure.RefreshAutoConfiguration$RefreshScopeBeanDefinitionEnhancer, org.springframework.context.annotation.internalAutowiredAnnotationProcessor, org.springframework.context.annotation.internalCommonAnnotationProcessor, org.springframework.context.annotation.internalConfigurationAnnotationProcessor, org.springframework.context.event.internalEventListenerFactory, org.springframework.context.event.internalEventListenerProcessor, parameterBuilderPluginRegistry, parameterDataTypeReader, parameterDefaultReader, parameterMapperImpl, parameterMinMax, parameterMultiplesReader, parameterNameReader, parameterNamesModule, parameterNotNull, parameterPattern, parameterRequiredReader, parameterSize, parameterTypeReader, pathDecoratorRegistry, pathMappingDecorator, pathSanitizer, patternPlugin, preserveErrorControllerTargetClassPostProcessor, propertyDiscriminatorBasedInheritancePlugin, propertySourcesPlaceholderConfigurer, queryStringUriTemplateDecorator, refreshEventListener, refreshScope, requestContextFilter, requestMappingHandlerAdapter, requestMappingHandlerMapping, resourceGroupCache, resourceGroupingStrategyRegistry, resourceHandlerMapping, responseMessagesReader, restTemplateBuilder, routerFunctionMapping, schemaPluginsManager, securityMapperImpl, server-org.springframework.boot.autoconfigure.web.ServerProperties, serviceModelToSwagger2MapperImpl, servletWebServerFactoryCustomizer, simpleControllerHandlerAdapter, sizePlugin, spring.info-org.springframework.boot.autoconfigure.info.ProjectInfoProperties, spring.jackson-org.springframework.boot.autoconfigure.jackson.JacksonProperties, spring.lifecycle-org.springframework.boot.autoconfigure.context.LifecycleProperties, spring.mvc-org.springframework.boot.autoconfigure.web.servlet.WebMvcProperties, spring.resources-org.springframework.boot.autoconfigure.web.ResourceProperties, spring.servlet.multipart-org.springframework.boot.autoconfigure.web.servlet.MultipartProperties, spring.task.execution-org.springframework.boot.autoconfigure.task.TaskExecutionProperties, spring.task.scheduling-org.springframework.boot.autoconfigure.task.TaskSchedulingProperties, springApplicationAdminRegistrar, springfox.bean.validators.configuration.BeanValidatorPluginsConfiguration, springfox.documentation.schema.configuration.ModelsConfiguration, springfox.documentation.spring.web.SpringfoxWebMvcConfiguration, springfox.documentation.swagger.configuration.SwaggerCommonConfiguration, springfox.documentation.swagger2.configuration.Swagger2DocumentationConfiguration, standardJacksonObjectMapperBuilderCustomizer, stringHttpMessageConverter, swagger2ControllerMapping, swagger2Module, swaggerApiListingReader, swaggerExpandedParameterBuilder, swaggerMediaTypeReader, swaggerOperationModelsProvider, swaggerOperationResponseClassReader, swaggerOperationTagsReader, swaggerParameterDescriptionReader, swaggerProperties, swaggerResponseMessageReader, syntheticModelProviderPluginRegistry, taskExecutorBuilder, taskSchedulerBuilder, tomcatServletWebServerFactory, tomcatServletWebServerFactoryCustomizer, tomcatWebServerFactoryCustomizer, typeNameExtractor, typeNameProviderPluginRegistry, typeResolver, uiConfiguration, vendorExtensionsMapperImpl, vendorExtensionsReader, viewControllerHandlerMapping, viewResolver, webMvcRequestHandlerProvider, webServerFactoryCustomizerBeanPostProcessor, websocketServletWebServerCustomizer, welcomePageHandlerMapping, xmlModelPlugin, xmlPropertyPlugin]
2024-10-27 22:51:18,745 DEBUG [main][GenericScope.java:291] - Generating bean factory id from names: [accessorsProvider, apiDescriptionLookup, apiDescriptionReader, apiDocumentationScanner, apiListingBuilderPluginRegistry, apiListingReader, apiListingReferenceScanner, apiListingScanner, apiListingScannerPluginRegistry, apiModelBuilder, apiModelPropertyPropertyBuilder, apiModelReader, apiModelTypeNameProvider, apiOperationReader, apiResourceController, applicationAvailability, applicationTaskExecutor, basicErrorController, beanNameHandlerMapping, beanNameViewResolver, bootstrapApplicationListener.BootstrapMarkerConfiguration, cachingModelDependencyProvider, cachingModelPropertiesProvider, cachingModelProvider, cachingOperationNameGenerator, cachingOperationReader, characterEncodingFilter, classOrApiAnnotationResourceGrouping, com.spring4all.swagger.Swagger2Configuration, com.spring4all.swagger.SwaggerAutoConfiguration, configurationPropertiesBeans, configurationPropertiesRebinder, contentApplication, contextRefresher, conventionErrorViewResolver, courseBaseInfoController, createRestApi, decimalMinMaxPlugin, defaultModelDependencyProvider, defaultModelProvider, defaultOperationReader, defaultServletHandlerMapping, defaultTagsProvider, defaultValidator, defaultViewResolver, defaults, defaultsProviderPluginRegistry, descriptionResolver, dispatcherServlet, dispatcherServletRegistration, documentationPluginRegistry, documentationPluginsBootstrapper, documentationPluginsManager, environmentManager, error, errorAttributes, errorPageCustomizer, errorPageRegistrarBeanPostProcessor, expandedParameterBuilder, expandedParameterBuilderPluginRegistry, expanderMinMax, expanderNotNull, expanderPattern, expanderSize, factoryMethodProvider, fieldProvider, formContentFilter, handlerExceptionResolver, handlerFunctionAdapter, httpRequestHandlerAdapter, inMemorySwaggerResourcesProvider, jacksonEnumTypeDeterminer, jacksonObjectMapper, jacksonObjectMapperBuilder, jsonComponentModule, jsonSerializer, licenseMapperImpl, lifecycleProcessor, localeCharsetMappingsCustomizer, loggingRebinder, mappingJackson2HttpMessageConverter, mbeanExporter, mbeanServer, mediaTypeReader, messageConverters, methodResolver, methodValidationPostProcessor, minMaxPlugin, modelAttributeParameterExpander, modelBuilderPluginRegistry, modelMapperImpl, modelPropertyBuilderPluginRegistry, multipartConfigElement, multipartResolver, mvcContentNegotiationManager, mvcConversionService, mvcHandlerMappingIntrospector, mvcPathMatcher, mvcResourceUrlProvider, mvcUriComponentsContributor, mvcUrlPathHelper, mvcValidator, mvcViewResolver, notNullPlugin, objectMapperBeanPropertyNamingStrategy, objectMapperConfigurer, objectNamingStrategy, operationAuthReader, operationBuilderPluginRegistry, operationDeprecatedReader, operationHiddenReader, operationHttpMethodReader, operationImplicitParameterReader, operationImplicitParametersReader, operationModelsProvider, operationModelsProviderPluginRegistry, operationNicknameIntoUniqueIdReader, operationNotesReader, operationParameterHeadersConditionReader, operationParameterReader, operationParameterRequestConditionReader, operationPathDecorator, operationPositionReader, operationResponseClassReader, operationSummaryReader, operationTagsReader, optimized, org.springframework.boot.autoconfigure.AutoConfigurationPackages, org.springframework.boot.autoconfigure.admin.SpringApplicationAdminJmxAutoConfiguration, org.springframework.boot.autoconfigure.aop.AopAutoConfiguration, org.springframework.boot.autoconfigure.aop.AopAutoConfiguration$ClassProxyingConfiguration, org.springframework.boot.autoconfigure.availability.ApplicationAvailabilityAutoConfiguration, org.springframework.boot.autoconfigure.context.ConfigurationPropertiesAutoConfiguration, org.springframework.boot.autoconfigure.context.LifecycleAutoConfiguration, org.springframework.boot.autoconfigure.context.PropertyPlaceholderAutoConfiguration, org.springframework.boot.autoconfigure.http.HttpMessageConvertersAutoConfiguration, org.springframework.boot.autoconfigure.http.HttpMessageConvertersAutoConfiguration$StringHttpMessageConverterConfiguration, org.springframework.boot.autoconfigure.http.JacksonHttpMessageConvertersConfiguration, org.springframework.boot.autoconfigure.http.JacksonHttpMessageConvertersConfiguration$MappingJackson2HttpMessageConverterConfiguration, org.springframework.boot.autoconfigure.info.ProjectInfoAutoConfiguration, org.springframework.boot.autoconfigure.internalCachingMetadataReaderFactory, org.springframework.boot.autoconfigure.jackson.JacksonAutoConfiguration, org.springframework.boot.autoconfigure.jackson.JacksonAutoConfiguration$Jackson2ObjectMapperBuilderCustomizerConfiguration, org.springframework.boot.autoconfigure.jackson.JacksonAutoConfiguration$JacksonObjectMapperBuilderConfiguration, org.springframework.boot.autoconfigure.jackson.JacksonAutoConfiguration$JacksonObjectMapperConfiguration, org.springframework.boot.autoconfigure.jackson.JacksonAutoConfiguration$ParameterNamesModuleConfiguration, org.springframework.boot.autoconfigure.jmx.JmxAutoConfiguration, org.springframework.boot.autoconfigure.task.TaskExecutionAutoConfiguration, org.springframework.boot.autoconfigure.task.TaskSchedulingAutoConfiguration, org.springframework.boot.autoconfigure.validation.ValidationAutoConfiguration, org.springframework.boot.autoconfigure.web.client.RestTemplateAutoConfiguration, org.springframework.boot.autoconfigure.web.embedded.EmbeddedWebServerFactoryCustomizerAutoConfiguration, org.springframework.boot.autoconfigure.web.embedded.EmbeddedWebServerFactoryCustomizerAutoConfiguration$TomcatWebServerFactoryCustomizerConfiguration, org.springframework.boot.autoconfigure.web.servlet.DispatcherServletAutoConfiguration, org.springframework.boot.autoconfigure.web.servlet.DispatcherServletAutoConfiguration$DispatcherServletConfiguration, org.springframework.boot.autoconfigure.web.servlet.DispatcherServletAutoConfiguration$DispatcherServletRegistrationConfiguration, org.springframework.boot.autoconfigure.web.servlet.HttpEncodingAutoConfiguration, org.springframework.boot.autoconfigure.web.servlet.MultipartAutoConfiguration, org.springframework.boot.autoconfigure.web.servlet.ServletWebServerFactoryAutoConfiguration, org.springframework.boot.autoconfigure.web.servlet.ServletWebServerFactoryConfiguration$EmbeddedTomcat, org.springframework.boot.autoconfigure.web.servlet.WebMvcAutoConfiguration, org.springframework.boot.autoconfigure.web.servlet.WebMvcAutoConfiguration$EnableWebMvcConfiguration, org.springframework.boot.autoconfigure.web.servlet.WebMvcAutoConfiguration$WebMvcAutoConfigurationAdapter, org.springframework.boot.autoconfigure.web.servlet.error.ErrorMvcAutoConfiguration, org.springframework.boot.autoconfigure.web.servlet.error.ErrorMvcAutoConfiguration$DefaultErrorViewResolverConfiguration, org.springframework.boot.autoconfigure.web.servlet.error.ErrorMvcAutoConfiguration$WhitelabelErrorViewConfiguration, org.springframework.boot.autoconfigure.websocket.servlet.WebSocketServletAutoConfiguration, org.springframework.boot.autoconfigure.websocket.servlet.WebSocketServletAutoConfiguration$TomcatWebSocketConfiguration, org.springframework.boot.context.internalConfigurationPropertiesBinder, org.springframework.boot.context.internalConfigurationPropertiesBinderFactory, org.springframework.boot.context.properties.BoundConfigurationProperties, org.springframework.boot.context.properties.ConfigurationBeanFactoryMetadata, org.springframework.boot.context.properties.ConfigurationPropertiesBindingPostProcessor, org.springframework.cloud.autoconfigure.ConfigurationPropertiesRebinderAutoConfiguration, org.springframework.cloud.autoconfigure.LifecycleMvcEndpointAutoConfiguration, org.springframework.cloud.autoconfigure.RefreshAutoConfiguration, org.springframework.cloud.autoconfigure.RefreshAutoConfiguration$RefreshScopeBeanDefinitionEnhancer, org.springframework.context.annotation.internalAutowiredAnnotationProcessor, org.springframework.context.annotation.internalCommonAnnotationProcessor, org.springframework.context.annotation.internalConfigurationAnnotationProcessor, org.springframework.context.event.internalEventListenerFactory, org.springframework.context.event.internalEventListenerProcessor, parameterBuilderPluginRegistry, parameterDataTypeReader, parameterDefaultReader, parameterMapperImpl, parameterMinMax, parameterMultiplesReader, parameterNameReader, parameterNamesModule, parameterNotNull, parameterPattern, parameterRequiredReader, parameterSize, parameterTypeReader, pathDecoratorRegistry, pathMappingDecorator, pathSanitizer, patternPlugin, preserveErrorControllerTargetClassPostProcessor, propertyDiscriminatorBasedInheritancePlugin, propertySourcesPlaceholderConfigurer, queryStringUriTemplateDecorator, refreshEventListener, refreshScope, requestContextFilter, requestMappingHandlerAdapter, requestMappingHandlerMapping, resourceGroupCache, resourceGroupingStrategyRegistry, resourceHandlerMapping, responseMessagesReader, restTemplateBuilder, routerFunctionMapping, schemaPluginsManager, securityMapperImpl, server-org.springframework.boot.autoconfigure.web.ServerProperties, serviceModelToSwagger2MapperImpl, servletWebServerFactoryCustomizer, simpleControllerHandlerAdapter, sizePlugin, spring.info-org.springframework.boot.autoconfigure.info.ProjectInfoProperties, spring.jackson-org.springframework.boot.autoconfigure.jackson.JacksonProperties, spring.lifecycle-org.springframework.boot.autoconfigure.context.LifecycleProperties, spring.mvc-org.springframework.boot.autoconfigure.web.servlet.WebMvcProperties, spring.resources-org.springframework.boot.autoconfigure.web.ResourceProperties, spring.servlet.multipart-org.springframework.boot.autoconfigure.web.servlet.MultipartProperties, spring.task.execution-org.springframework.boot.autoconfigure.task.TaskExecutionProperties, spring.task.scheduling-org.springframework.boot.autoconfigure.task.TaskSchedulingProperties, springApplicationAdminRegistrar, springfox.bean.validators.configuration.BeanValidatorPluginsConfiguration, springfox.documentation.schema.configuration.ModelsConfiguration, springfox.documentation.spring.web.SpringfoxWebMvcConfiguration, springfox.documentation.swagger.configuration.SwaggerCommonConfiguration, springfox.documentation.swagger2.configuration.Swagger2DocumentationConfiguration, standardJacksonObjectMapperBuilderCustomizer, stringHttpMessageConverter, swagger2ControllerMapping, swagger2Module, swaggerApiListingReader, swaggerExpandedParameterBuilder, swaggerMediaTypeReader, swaggerOperationModelsProvider, swaggerOperationResponseClassReader, swaggerOperationTagsReader, swaggerParameterDescriptionReader, swaggerProperties, swaggerResponseMessageReader, syntheticModelProviderPluginRegistry, taskExecutorBuilder, taskSchedulerBuilder, tomcatServletWebServerFactory, tomcatServletWebServerFactoryCustomizer, tomcatWebServerFactoryCustomizer, typeNameExtractor, typeNameProviderPluginRegistry, typeResolver, uiConfiguration, vendorExtensionsMapperImpl, vendorExtensionsReader, viewControllerHandlerMapping, viewResolver, webMvcRequestHandlerProvider, webServerFactoryCustomizerBeanPostProcessor, websocketServletWebServerCustomizer, welcomePageHandlerMapping, xmlModelPlugin, xmlPropertyPlugin]
2024-10-27 22:51:18,747 INFO [main][GenericScope.java:295] - BeanFactory id=9ac44329-0e61-372d-9d7b-c403aeef7987
2024-10-27 22:51:18,747 INFO [main][GenericScope.java:295] - BeanFactory id=9ac44329-0e61-372d-9d7b-c403aeef7987
2024-10-27 22:51:18,747 DEBUG [main][DefaultSingletonBeanRegistry.java:225] - Creating shared instance of singleton bean 'propertySourcesPlaceholderConfigurer'
2024-10-27 22:51:18,747 DEBUG [main][DefaultSingletonBeanRegistry.java:225] - Creating shared instance of singleton bean 'propertySourcesPlaceholderConfigurer'
2024-10-27 22:51:18,748 DEBUG [main][DefaultSingletonBeanRegistry.java:225] - Creating shared instance of singleton bean 'org.springframework.context.event.internalEventListenerProcessor'
2024-10-27 22:51:18,748 DEBUG [main][DefaultSingletonBeanRegistry.java:225] - Creating shared instance of singleton bean 'org.springframework.context.event.internalEventListenerProcessor'
2024-10-27 22:51:18,748 DEBUG [main][DefaultSingletonBeanRegistry.java:225] - Creating shared instance of singleton bean 'preserveErrorControllerTargetClassPostProcessor'
2024-10-27 22:51:18,748 DEBUG [main][DefaultSingletonBeanRegistry.java:225] - Creating shared instance of singleton bean 'preserveErrorControllerTargetClassPostProcessor'
2024-10-27 22:51:18,749 DEBUG [main][DefaultSingletonBeanRegistry.java:225] - Creating shared instance of singleton bean 'org.springframework.context.event.internalEventListenerFactory'
2024-10-27 22:51:18,749 DEBUG [main][DefaultSingletonBeanRegistry.java:225] - Creating shared instance of singleton bean 'org.springframework.context.event.internalEventListenerFactory'
2024-10-27 22:51:18,749 DEBUG [main][DefaultSingletonBeanRegistry.java:225] - Creating shared instance of singleton bean 'org.springframework.context.annotation.internalAutowiredAnnotationProcessor'
2024-10-27 22:51:18,749 DEBUG [main][DefaultSingletonBeanRegistry.java:225] - Creating shared instance of singleton bean 'org.springframework.context.annotation.internalAutowiredAnnotationProcessor'
2024-10-27 22:51:18,750 DEBUG [main][DefaultSingletonBeanRegistry.java:225] - Creating shared instance of singleton bean 'org.springframework.context.annotation.internalCommonAnnotationProcessor'
2024-10-27 22:51:18,750 DEBUG [main][DefaultSingletonBeanRegistry.java:225] - Creating shared instance of singleton bean 'org.springframework.context.annotation.internalCommonAnnotationProcessor'
2024-10-27 22:51:18,750 DEBUG [main][DefaultSingletonBeanRegistry.java:225] - Creating shared instance of singleton bean 'org.springframework.boot.context.properties.ConfigurationPropertiesBindingPostProcessor'
2024-10-27 22:51:18,750 DEBUG [main][DefaultSingletonBeanRegistry.java:225] - Creating shared instance of singleton bean 'org.springframework.boot.context.properties.ConfigurationPropertiesBindingPostProcessor'
2024-10-27 22:51:18,750 DEBUG [main][DefaultSingletonBeanRegistry.java:225] - Creating shared instance of singleton bean 'org.springframework.boot.context.internalConfigurationPropertiesBinder'
2024-10-27 22:51:18,750 DEBUG [main][DefaultSingletonBeanRegistry.java:225] - Creating shared instance of singleton bean 'org.springframework.boot.context.internalConfigurationPropertiesBinder'
2024-10-27 22:51:18,750 DEBUG [main][DefaultSingletonBeanRegistry.java:225] - Creating shared instance of singleton bean 'org.springframework.boot.context.internalConfigurationPropertiesBinderFactory'
2024-10-27 22:51:18,750 DEBUG [main][DefaultSingletonBeanRegistry.java:225] - Creating shared instance of singleton bean 'org.springframework.boot.context.internalConfigurationPropertiesBinderFactory'
2024-10-27 22:51:18,750 DEBUG [main][DefaultSingletonBeanRegistry.java:225] - Creating shared instance of singleton bean 'methodValidationPostProcessor'
2024-10-27 22:51:18,750 DEBUG [main][DefaultSingletonBeanRegistry.java:225] - Creating shared instance of singleton bean 'methodValidationPostProcessor'
2024-10-27 22:51:18,755 DEBUG [main][ConstructorResolver.java:807] - Autowiring by type from bean name 'methodValidationPostProcessor' via factory method to bean named 'environment'
2024-10-27 22:51:18,755 DEBUG [main][ConstructorResolver.java:807] - Autowiring by type from bean name 'methodValidationPostProcessor' via factory method to bean named 'environment'
2024-10-27 22:51:18,757 DEBUG [main][DefaultSingletonBeanRegistry.java:225] - Creating shared instance of singleton bean 'objectMapperConfigurer'
2024-10-27 22:51:18,757 DEBUG [main][DefaultSingletonBeanRegistry.java:225] - Creating shared instance of singleton bean 'objectMapperConfigurer'
2024-10-27 22:51:18,758 DEBUG [main][DefaultSingletonBeanRegistry.java:225] - Creating shared instance of singleton bean 'webServerFactoryCustomizerBeanPostProcessor'
2024-10-27 22:51:18,758 DEBUG [main][DefaultSingletonBeanRegistry.java:225] - Creating shared instance of singleton bean 'webServerFactoryCustomizerBeanPostProcessor'
2024-10-27 22:51:18,758 DEBUG [main][DefaultSingletonBeanRegistry.java:225] - Creating shared instance of singleton bean 'errorPageRegistrarBeanPostProcessor'
2024-10-27 22:51:18,758 DEBUG [main][DefaultSingletonBeanRegistry.java:225] - Creating shared instance of singleton bean 'errorPageRegistrarBeanPostProcessor'
2024-10-27 22:51:18,759 DEBUG [main][DefaultSingletonBeanRegistry.java:225] - Creating shared instance of singleton bean 'configurationPropertiesBeans'
2024-10-27 22:51:18,759 DEBUG [main][DefaultSingletonBeanRegistry.java:225] - Creating shared instance of singleton bean 'configurationPropertiesBeans'
2024-10-27 22:51:18,760 DEBUG [main][UiApplicationContextUtils.java:85] - Unable to locate ThemeSource with name 'themeSource': using default [org.springframework.ui.context.support.ResourceBundleThemeSource@290aeb20]
2024-10-27 22:51:18,760 DEBUG [main][UiApplicationContextUtils.java:85] - Unable to locate ThemeSource with name 'themeSource': using default [org.springframework.ui.context.support.ResourceBundleThemeSource@290aeb20]
2024-10-27 22:51:18,760 DEBUG [main][DefaultSingletonBeanRegistry.java:225] - Creating shared instance of singleton bean 'tomcatServletWebServerFactory'
2024-10-27 22:51:18,760 DEBUG [main][DefaultSingletonBeanRegistry.java:225] - Creating shared instance of singleton bean 'tomcatServletWebServerFactory'
2024-10-27 22:51:18,760 DEBUG [main][DefaultSingletonBeanRegistry.java:225] - Creating shared instance of singleton bean 'org.springframework.boot.autoconfigure.web.servlet.ServletWebServerFactoryConfiguration$EmbeddedTomcat'
2024-10-27 22:51:18,760 DEBUG [main][DefaultSingletonBeanRegistry.java:225] - Creating shared instance of singleton bean 'org.springframework.boot.autoconfigure.web.servlet.ServletWebServerFactoryConfiguration$EmbeddedTomcat'
2024-10-27 22:51:18,779 DEBUG [main][DefaultSingletonBeanRegistry.java:225] - Creating shared instance of singleton bean 'websocketServletWebServerCustomizer'
2024-10-27 22:51:18,779 DEBUG [main][DefaultSingletonBeanRegistry.java:225] - Creating shared instance of singleton bean 'websocketServletWebServerCustomizer'
2024-10-27 22:51:18,780 DEBUG [main][DefaultSingletonBeanRegistry.java:225] - Creating shared instance of singleton bean 'org.springframework.boot.autoconfigure.websocket.servlet.WebSocketServletAutoConfiguration$TomcatWebSocketConfiguration'
2024-10-27 22:51:18,780 DEBUG [main][DefaultSingletonBeanRegistry.java:225] - Creating shared instance of singleton bean 'org.springframework.boot.autoconfigure.websocket.servlet.WebSocketServletAutoConfiguration$TomcatWebSocketConfiguration'
2024-10-27 22:51:18,780 DEBUG [main][DefaultSingletonBeanRegistry.java:225] - Creating shared instance of singleton bean 'servletWebServerFactoryCustomizer'
2024-10-27 22:51:18,780 DEBUG [main][DefaultSingletonBeanRegistry.java:225] - Creating shared instance of singleton bean 'servletWebServerFactoryCustomizer'
2024-10-27 22:51:18,780 DEBUG [main][DefaultSingletonBeanRegistry.java:225] - Creating shared instance of singleton bean 'org.springframework.boot.autoconfigure.web.servlet.ServletWebServerFactoryAutoConfiguration'
2024-10-27 22:51:18,780 DEBUG [main][DefaultSingletonBeanRegistry.java:225] - Creating shared instance of singleton bean 'org.springframework.boot.autoconfigure.web.servlet.ServletWebServerFactoryAutoConfiguration'
2024-10-27 22:51:18,782 DEBUG [main][DefaultSingletonBeanRegistry.java:225] - Creating shared instance of singleton bean 'server-org.springframework.boot.autoconfigure.web.ServerProperties'
2024-10-27 22:51:18,782 DEBUG [main][DefaultSingletonBeanRegistry.java:225] - Creating shared instance of singleton bean 'server-org.springframework.boot.autoconfigure.web.ServerProperties'
2024-10-27 22:51:18,784 DEBUG [main][DefaultSingletonBeanRegistry.java:225] - Creating shared instance of singleton bean 'org.springframework.boot.context.properties.BoundConfigurationProperties'
2024-10-27 22:51:18,784 DEBUG [main][DefaultSingletonBeanRegistry.java:225] - Creating shared instance of singleton bean 'org.springframework.boot.context.properties.BoundConfigurationProperties'
2024-10-27 22:51:18,787 DEBUG [main][ConstructorResolver.java:807] - Autowiring by type from bean name 'servletWebServerFactoryCustomizer' via factory method to bean named 'server-org.springframework.boot.autoconfigure.web.ServerProperties'
2024-10-27 22:51:18,787 DEBUG [main][ConstructorResolver.java:807] - Autowiring by type from bean name 'servletWebServerFactoryCustomizer' via factory method to bean named 'server-org.springframework.boot.autoconfigure.web.ServerProperties'
2024-10-27 22:51:18,787 DEBUG [main][DefaultSingletonBeanRegistry.java:225] - Creating shared instance of singleton bean 'tomcatServletWebServerFactoryCustomizer'
2024-10-27 22:51:18,787 DEBUG [main][DefaultSingletonBeanRegistry.java:225] - Creating shared instance of singleton bean 'tomcatServletWebServerFactoryCustomizer'
2024-10-27 22:51:18,788 DEBUG [main][ConstructorResolver.java:807] - Autowiring by type from bean name 'tomcatServletWebServerFactoryCustomizer' via factory method to bean named 'server-org.springframework.boot.autoconfigure.web.ServerProperties'
2024-10-27 22:51:18,788 DEBUG [main][ConstructorResolver.java:807] - Autowiring by type from bean name 'tomcatServletWebServerFactoryCustomizer' via factory method to bean named 'server-org.springframework.boot.autoconfigure.web.ServerProperties'
2024-10-27 22:51:18,788 DEBUG [main][DefaultSingletonBeanRegistry.java:225] - Creating shared instance of singleton bean 'tomcatWebServerFactoryCustomizer'
2024-10-27 22:51:18,788 DEBUG [main][DefaultSingletonBeanRegistry.java:225] - Creating shared instance of singleton bean 'tomcatWebServerFactoryCustomizer'
2024-10-27 22:51:18,788 DEBUG [main][DefaultSingletonBeanRegistry.java:225] - Creating shared instance of singleton bean 'org.springframework.boot.autoconfigure.web.embedded.EmbeddedWebServerFactoryCustomizerAutoConfiguration$TomcatWebServerFactoryCustomizerConfiguration'
2024-10-27 22:51:18,788 DEBUG [main][DefaultSingletonBeanRegistry.java:225] - Creating shared instance of singleton bean 'org.springframework.boot.autoconfigure.web.embedded.EmbeddedWebServerFactoryCustomizerAutoConfiguration$TomcatWebServerFactoryCustomizerConfiguration'
2024-10-27 22:51:18,788 DEBUG [main][ConstructorResolver.java:807] - Autowiring by type from bean name 'tomcatWebServerFactoryCustomizer' via factory method to bean named 'environment'
2024-10-27 22:51:18,788 DEBUG [main][ConstructorResolver.java:807] - Autowiring by type from bean name 'tomcatWebServerFactoryCustomizer' via factory method to bean named 'environment'
2024-10-27 22:51:18,789 DEBUG [main][ConstructorResolver.java:807] - Autowiring by type from bean name 'tomcatWebServerFactoryCustomizer' via factory method to bean named 'server-org.springframework.boot.autoconfigure.web.ServerProperties'
2024-10-27 22:51:18,789 DEBUG [main][ConstructorResolver.java:807] - Autowiring by type from bean name 'tomcatWebServerFactoryCustomizer' via factory method to bean named 'server-org.springframework.boot.autoconfigure.web.ServerProperties'
2024-10-27 22:51:18,789 DEBUG [main][DefaultSingletonBeanRegistry.java:225] - Creating shared instance of singleton bean 'localeCharsetMappingsCustomizer'
2024-10-27 22:51:18,789 DEBUG [main][DefaultSingletonBeanRegistry.java:225] - Creating shared instance of singleton bean 'localeCharsetMappingsCustomizer'
2024-10-27 22:51:18,789 DEBUG [main][DefaultSingletonBeanRegistry.java:225] - Creating shared instance of singleton bean 'org.springframework.boot.autoconfigure.web.servlet.HttpEncodingAutoConfiguration'
2024-10-27 22:51:18,789 DEBUG [main][DefaultSingletonBeanRegistry.java:225] - Creating shared instance of singleton bean 'org.springframework.boot.autoconfigure.web.servlet.HttpEncodingAutoConfiguration'
2024-10-27 22:51:18,790 DEBUG [main][ConstructorResolver.java:807] - Autowiring by type from bean name 'org.springframework.boot.autoconfigure.web.servlet.HttpEncodingAutoConfiguration' via constructor to bean named 'server-org.springframework.boot.autoconfigure.web.ServerProperties'
2024-10-27 22:51:18,790 DEBUG [main][ConstructorResolver.java:807] - Autowiring by type from bean name 'org.springframework.boot.autoconfigure.web.servlet.HttpEncodingAutoConfiguration' via constructor to bean named 'server-org.springframework.boot.autoconfigure.web.ServerProperties'
2024-10-27 22:51:18,800 DEBUG [main][DefaultSingletonBeanRegistry.java:225] - Creating shared instance of singleton bean 'errorPageCustomizer'
2024-10-27 22:51:18,800 DEBUG [main][DefaultSingletonBeanRegistry.java:225] - Creating shared instance of singleton bean 'errorPageCustomizer'
2024-10-27 22:51:18,800 DEBUG [main][DefaultSingletonBeanRegistry.java:225] - Creating shared instance of singleton bean 'org.springframework.boot.autoconfigure.web.servlet.error.ErrorMvcAutoConfiguration'
2024-10-27 22:51:18,800 DEBUG [main][DefaultSingletonBeanRegistry.java:225] - Creating shared instance of singleton bean 'org.springframework.boot.autoconfigure.web.servlet.error.ErrorMvcAutoConfiguration'
2024-10-27 22:51:18,801 DEBUG [main][ConstructorResolver.java:807] - Autowiring by type from bean name 'org.springframework.boot.autoconfigure.web.servlet.error.ErrorMvcAutoConfiguration' via constructor to bean named 'server-org.springframework.boot.autoconfigure.web.ServerProperties'
2024-10-27 22:51:18,801 DEBUG [main][ConstructorResolver.java:807] - Autowiring by type from bean name 'org.springframework.boot.autoconfigure.web.servlet.error.ErrorMvcAutoConfiguration' via constructor to bean named 'server-org.springframework.boot.autoconfigure.web.ServerProperties'
2024-10-27 22:51:18,802 DEBUG [main][DefaultSingletonBeanRegistry.java:225] - Creating shared instance of singleton bean 'dispatcherServletRegistration'
2024-10-27 22:51:18,802 DEBUG [main][DefaultSingletonBeanRegistry.java:225] - Creating shared instance of singleton bean 'dispatcherServletRegistration'
2024-10-27 22:51:18,802 DEBUG [main][DefaultSingletonBeanRegistry.java:225] - Creating shared instance of singleton bean 'org.springframework.boot.autoconfigure.web.servlet.DispatcherServletAutoConfiguration$DispatcherServletRegistrationConfiguration'
2024-10-27 22:51:18,802 DEBUG [main][DefaultSingletonBeanRegistry.java:225] - Creating shared instance of singleton bean 'org.springframework.boot.autoconfigure.web.servlet.DispatcherServletAutoConfiguration$DispatcherServletRegistrationConfiguration'
2024-10-27 22:51:18,802 DEBUG [main][DefaultSingletonBeanRegistry.java:225] - Creating shared instance of singleton bean 'dispatcherServlet'
2024-10-27 22:51:18,802 DEBUG [main][DefaultSingletonBeanRegistry.java:225] - Creating shared instance of singleton bean 'dispatcherServlet'
2024-10-27 22:51:18,803 DEBUG [main][DefaultSingletonBeanRegistry.java:225] - Creating shared instance of singleton bean 'org.springframework.boot.autoconfigure.web.servlet.DispatcherServletAutoConfiguration$DispatcherServletConfiguration'
2024-10-27 22:51:18,803 DEBUG [main][DefaultSingletonBeanRegistry.java:225] - Creating shared instance of singleton bean 'org.springframework.boot.autoconfigure.web.servlet.DispatcherServletAutoConfiguration$DispatcherServletConfiguration'
2024-10-27 22:51:18,803 DEBUG [main][DefaultSingletonBeanRegistry.java:225] - Creating shared instance of singleton bean 'spring.mvc-org.springframework.boot.autoconfigure.web.servlet.WebMvcProperties'
2024-10-27 22:51:18,803 DEBUG [main][DefaultSingletonBeanRegistry.java:225] - Creating shared instance of singleton bean 'spring.mvc-org.springframework.boot.autoconfigure.web.servlet.WebMvcProperties'
2024-10-27 22:51:18,805 DEBUG [main][ConstructorResolver.java:807] - Autowiring by type from bean name 'dispatcherServlet' via factory method to bean named 'spring.mvc-org.springframework.boot.autoconfigure.web.servlet.WebMvcProperties'
2024-10-27 22:51:18,805 DEBUG [main][ConstructorResolver.java:807] - Autowiring by type from bean name 'dispatcherServlet' via factory method to bean named 'spring.mvc-org.springframework.boot.autoconfigure.web.servlet.WebMvcProperties'
2024-10-27 22:51:18,810 DEBUG [main][ConstructorResolver.java:807] - Autowiring by type from bean name 'dispatcherServletRegistration' via factory method to bean named 'dispatcherServlet'
2024-10-27 22:51:18,810 DEBUG [main][ConstructorResolver.java:807] - Autowiring by type from bean name 'dispatcherServletRegistration' via factory method to bean named 'dispatcherServlet'
2024-10-27 22:51:18,811 DEBUG [main][ConstructorResolver.java:807] - Autowiring by type from bean name 'dispatcherServletRegistration' via factory method to bean named 'spring.mvc-org.springframework.boot.autoconfigure.web.servlet.WebMvcProperties'
2024-10-27 22:51:18,811 DEBUG [main][ConstructorResolver.java:807] - Autowiring by type from bean name 'dispatcherServletRegistration' via factory method to bean named 'spring.mvc-org.springframework.boot.autoconfigure.web.servlet.WebMvcProperties'
2024-10-27 22:51:18,812 DEBUG [main][DefaultSingletonBeanRegistry.java:225] - Creating shared instance of singleton bean 'multipartConfigElement'
2024-10-27 22:51:18,812 DEBUG [main][DefaultSingletonBeanRegistry.java:225] - Creating shared instance of singleton bean 'multipartConfigElement'
2024-10-27 22:51:18,812 DEBUG [main][DefaultSingletonBeanRegistry.java:225] - Creating shared instance of singleton bean 'org.springframework.boot.autoconfigure.web.servlet.MultipartAutoConfiguration'
2024-10-27 22:51:18,812 DEBUG [main][DefaultSingletonBeanRegistry.java:225] - Creating shared instance of singleton bean 'org.springframework.boot.autoconfigure.web.servlet.MultipartAutoConfiguration'
2024-10-27 22:51:18,812 DEBUG [main][DefaultSingletonBeanRegistry.java:225] - Creating shared instance of singleton bean 'spring.servlet.multipart-org.springframework.boot.autoconfigure.web.servlet.MultipartProperties'
2024-10-27 22:51:18,812 DEBUG [main][DefaultSingletonBeanRegistry.java:225] - Creating shared instance of singleton bean 'spring.servlet.multipart-org.springframework.boot.autoconfigure.web.servlet.MultipartProperties'
2024-10-27 22:51:18,814 DEBUG [main][ConstructorResolver.java:807] - Autowiring by type from bean name 'org.springframework.boot.autoconfigure.web.servlet.MultipartAutoConfiguration' via constructor to bean named 'spring.servlet.multipart-org.springframework.boot.autoconfigure.web.servlet.MultipartProperties'
2024-10-27 22:51:18,814 DEBUG [main][ConstructorResolver.java:807] - Autowiring by type from bean name 'org.springframework.boot.autoconfigure.web.servlet.MultipartAutoConfiguration' via constructor to bean named 'spring.servlet.multipart-org.springframework.boot.autoconfigure.web.servlet.MultipartProperties'
2024-10-27 22:51:18,817 DEBUG [main][ConstructorResolver.java:807] - Autowiring by type from bean name 'errorPageCustomizer' via factory method to bean named 'dispatcherServletRegistration'
2024-10-27 22:51:18,817 DEBUG [main][ConstructorResolver.java:807] - Autowiring by type from bean name 'errorPageCustomizer' via factory method to bean named 'dispatcherServletRegistration'
2024-10-27 22:51:18,851 DEBUG [main][DocumentRoot.java:81] - Code archive: D:\develop\repository\org\springframework\boot\spring-boot\2.3.7.RELEASE\spring-boot-2.3.7.RELEASE.jar
2024-10-27 22:51:18,851 DEBUG [main][DocumentRoot.java:81] - Code archive: D:\develop\repository\org\springframework\boot\spring-boot\2.3.7.RELEASE\spring-boot-2.3.7.RELEASE.jar
2024-10-27 22:51:18,851 DEBUG [main][DocumentRoot.java:125] - Code archive: D:\develop\repository\org\springframework\boot\spring-boot\2.3.7.RELEASE\spring-boot-2.3.7.RELEASE.jar
2024-10-27 22:51:18,851 DEBUG [main][DocumentRoot.java:125] - Code archive: D:\develop\repository\org\springframework\boot\spring-boot\2.3.7.RELEASE\spring-boot-2.3.7.RELEASE.jar
2024-10-27 22:51:18,851 DEBUG [main][DocumentRoot.java:149] - None of the document roots [src/main/webapp, public, static] point to a directory and will be ignored.
2024-10-27 22:51:18,851 DEBUG [main][DocumentRoot.java:149] - None of the document roots [src/main/webapp, public, static] point to a directory and will be ignored.
2024-10-27 22:51:18,863 INFO [main][TomcatWebServer.java:108] - Tomcat initialized with port(s): 63040 (http)
2024-10-27 22:51:18,863 INFO [main][TomcatWebServer.java:108] - Tomcat initialized with port(s): 63040 (http)
2024-10-27 22:51:18,870 INFO [main][DirectJDKLog.java:173] - Initializing ProtocolHandler ["http-nio-63040"]
2024-10-27 22:51:18,870 INFO [main][DirectJDKLog.java:173] - Initializing ProtocolHandler ["http-nio-63040"]
2024-10-27 22:51:18,871 INFO [main][DirectJDKLog.java:173] - Starting service [Tomcat]
2024-10-27 22:51:18,871 INFO [main][DirectJDKLog.java:173] - Starting service [Tomcat]
2024-10-27 22:51:18,871 INFO [main][DirectJDKLog.java:173] - Starting Servlet engine: [Apache Tomcat/9.0.41]
2024-10-27 22:51:18,871 INFO [main][DirectJDKLog.java:173] - Starting Servlet engine: [Apache Tomcat/9.0.41]
2024-10-27 22:51:18,927 INFO [main][DirectJDKLog.java:173] - Initializing Spring embedded WebApplicationContext
2024-10-27 22:51:18,927 INFO [main][DirectJDKLog.java:173] - Initializing Spring embedded WebApplicationContext
2024-10-27 22:51:18,927 DEBUG [main][ServletWebServerApplicationContext.java:279] - Published root WebApplicationContext as ServletContext attribute with name [org.springframework.web.context.WebApplicationContext.ROOT]
2024-10-27 22:51:18,927 DEBUG [main][ServletWebServerApplicationContext.java:279] - Published root WebApplicationContext as ServletContext attribute with name [org.springframework.web.context.WebApplicationContext.ROOT]
2024-10-27 22:51:18,927 INFO [main][ServletWebServerApplicationContext.java:285] - Root WebApplicationContext: initialization completed in 518 ms
2024-10-27 22:51:18,927 INFO [main][ServletWebServerApplicationContext.java:285] - Root WebApplicationContext: initialization completed in 518 ms
2024-10-27 22:51:18,930 DEBUG [main][DefaultSingletonBeanRegistry.java:225] - Creating shared instance of singleton bean 'requestContextFilter'
2024-10-27 22:51:18,930 DEBUG [main][DefaultSingletonBeanRegistry.java:225] - Creating shared instance of singleton bean 'requestContextFilter'
2024-10-27 22:51:18,931 DEBUG [main][DefaultSingletonBeanRegistry.java:225] - Creating shared instance of singleton bean 'formContentFilter'
2024-10-27 22:51:18,931 DEBUG [main][DefaultSingletonBeanRegistry.java:225] - Creating shared instance of singleton bean 'formContentFilter'
2024-10-27 22:51:18,931 DEBUG [main][DefaultSingletonBeanRegistry.java:225] - Creating shared instance of singleton bean 'org.springframework.boot.autoconfigure.web.servlet.WebMvcAutoConfiguration'
2024-10-27 22:51:18,931 DEBUG [main][DefaultSingletonBeanRegistry.java:225] - Creating shared instance of singleton bean 'org.springframework.boot.autoconfigure.web.servlet.WebMvcAutoConfiguration'
2024-10-27 22:51:18,933 DEBUG [main][DefaultSingletonBeanRegistry.java:225] - Creating shared instance of singleton bean 'characterEncodingFilter'
2024-10-27 22:51:18,933 DEBUG [main][DefaultSingletonBeanRegistry.java:225] - Creating shared instance of singleton bean 'characterEncodingFilter'
2024-10-27 22:51:18,936 DEBUG [main][ServletContextInitializerBeans.java:235] - Mapping filters: characterEncodingFilter urls=[/*] order=-2147483648, formContentFilter urls=[/*] order=-9900, requestContextFilter urls=[/*] order=-105
2024-10-27 22:51:18,936 DEBUG [main][ServletContextInitializerBeans.java:235] - Mapping filters: characterEncodingFilter urls=[/*] order=-2147483648, formContentFilter urls=[/*] order=-9900, requestContextFilter urls=[/*] order=-105
2024-10-27 22:51:18,936 DEBUG [main][ServletContextInitializerBeans.java:235] - Mapping servlets: dispatcherServlet urls=[/]
2024-10-27 22:51:18,936 DEBUG [main][ServletContextInitializerBeans.java:235] - Mapping servlets: dispatcherServlet urls=[/]
2024-10-27 22:51:18,944 DEBUG [main][GenericFilterBean.java:242] - Filter 'requestContextFilter' configured for use
2024-10-27 22:51:18,944 DEBUG [main][GenericFilterBean.java:242] - Filter 'requestContextFilter' configured for use
2024-10-27 22:51:18,944 DEBUG [main][GenericFilterBean.java:242] - Filter 'characterEncodingFilter' configured for use
2024-10-27 22:51:18,944 DEBUG [main][GenericFilterBean.java:242] - Filter 'characterEncodingFilter' configured for use
2024-10-27 22:51:18,944 DEBUG [main][GenericFilterBean.java:242] - Filter 'formContentFilter' configured for use
2024-10-27 22:51:18,944 DEBUG [main][GenericFilterBean.java:242] - Filter 'formContentFilter' configured for use
2024-10-27 22:51:18,948 DEBUG [main][DefaultSingletonBeanRegistry.java:225] - Creating shared instance of singleton bean 'contentApplication'
2024-10-27 22:51:18,948 DEBUG [main][DefaultSingletonBeanRegistry.java:225] - Creating shared instance of singleton bean 'contentApplication'
2024-10-27 22:51:18,948 DEBUG [main][DefaultSingletonBeanRegistry.java:225] - Creating shared instance of singleton bean 'bootstrapApplicationListener.BootstrapMarkerConfiguration'
2024-10-27 22:51:18,948 DEBUG [main][DefaultSingletonBeanRegistry.java:225] - Creating shared instance of singleton bean 'bootstrapApplicationListener.BootstrapMarkerConfiguration'
2024-10-27 22:51:18,949 DEBUG [main][DefaultSingletonBeanRegistry.java:225] - Creating shared instance of singleton bean 'courseBaseInfoController'
2024-10-27 22:51:18,949 DEBUG [main][DefaultSingletonBeanRegistry.java:225] - Creating shared instance of singleton bean 'courseBaseInfoController'
2024-10-27 22:51:18,950 DEBUG [main][DefaultSingletonBeanRegistry.java:225] - Creating shared instance of singleton bean 'serviceModelToSwagger2MapperImpl'
2024-10-27 22:51:18,950 DEBUG [main][DefaultSingletonBeanRegistry.java:225] - Creating shared instance of singleton bean 'serviceModelToSwagger2MapperImpl'
2024-10-27 22:51:18,954 DEBUG [main][DefaultSingletonBeanRegistry.java:225] - Creating shared instance of singleton bean 'modelMapperImpl'
2024-10-27 22:51:18,954 DEBUG [main][DefaultSingletonBeanRegistry.java:225] - Creating shared instance of singleton bean 'modelMapperImpl'
2024-10-27 22:51:18,956 DEBUG [main][DefaultSingletonBeanRegistry.java:225] - Creating shared instance of singleton bean 'parameterMapperImpl'
2024-10-27 22:51:18,956 DEBUG [main][DefaultSingletonBeanRegistry.java:225] - Creating shared instance of singleton bean 'parameterMapperImpl'
2024-10-27 22:51:18,957 DEBUG [main][DefaultSingletonBeanRegistry.java:225] - Creating shared instance of singleton bean 'securityMapperImpl'
2024-10-27 22:51:18,957 DEBUG [main][DefaultSingletonBeanRegistry.java:225] - Creating shared instance of singleton bean 'securityMapperImpl'
2024-10-27 22:51:18,962 DEBUG [main][DefaultSingletonBeanRegistry.java:225] - Creating shared instance of singleton bean 'licenseMapperImpl'
2024-10-27 22:51:18,962 DEBUG [main][DefaultSingletonBeanRegistry.java:225] - Creating shared instance of singleton bean 'licenseMapperImpl'
2024-10-27 22:51:18,962 DEBUG [main][DefaultSingletonBeanRegistry.java:225] - Creating shared instance of singleton bean 'vendorExtensionsMapperImpl'
2024-10-27 22:51:18,962 DEBUG [main][DefaultSingletonBeanRegistry.java:225] - Creating shared instance of singleton bean 'vendorExtensionsMapperImpl'
2024-10-27 22:51:18,962 DEBUG [main][DefaultSingletonBeanRegistry.java:225] - Creating shared instance of singleton bean 'apiListingReferenceScanner'
2024-10-27 22:51:18,962 DEBUG [main][DefaultSingletonBeanRegistry.java:225] - Creating shared instance of singleton bean 'apiListingReferenceScanner'
2024-10-27 22:51:18,964 DEBUG [main][DefaultSingletonBeanRegistry.java:225] - Creating shared instance of singleton bean 'apiDocumentationScanner'
2024-10-27 22:51:18,964 DEBUG [main][DefaultSingletonBeanRegistry.java:225] - Creating shared instance of singleton bean 'apiDocumentationScanner'
2024-10-27 22:51:18,965 DEBUG [main][DefaultSingletonBeanRegistry.java:225] - Creating shared instance of singleton bean 'apiListingScanner'
2024-10-27 22:51:18,965 DEBUG [main][DefaultSingletonBeanRegistry.java:225] - Creating shared instance of singleton bean 'apiListingScanner'
2024-10-27 22:51:18,966 DEBUG [main][DefaultSingletonBeanRegistry.java:225] - Creating shared instance of singleton bean 'apiDescriptionReader'
2024-10-27 22:51:18,966 DEBUG [main][DefaultSingletonBeanRegistry.java:225] - Creating shared instance of singleton bean 'apiDescriptionReader'
2024-10-27 22:51:18,969 DEBUG [main][DefaultSingletonBeanRegistry.java:225] - Creating shared instance of singleton bean 'cachingOperationReader'
2024-10-27 22:51:18,969 DEBUG [main][DefaultSingletonBeanRegistry.java:225] - Creating shared instance of singleton bean 'cachingOperationReader'
2024-10-27 22:51:18,969 DEBUG [main][DefaultSingletonBeanRegistry.java:225] - Creating shared instance of singleton bean 'apiOperationReader'
2024-10-27 22:51:18,969 DEBUG [main][DefaultSingletonBeanRegistry.java:225] - Creating shared instance of singleton bean 'apiOperationReader'
2024-10-27 22:51:18,970 DEBUG [main][DefaultSingletonBeanRegistry.java:225] - Creating shared instance of singleton bean 'documentationPluginsManager'
2024-10-27 22:51:18,970 DEBUG [main][DefaultSingletonBeanRegistry.java:225] - Creating shared instance of singleton bean 'documentationPluginsManager'
2024-10-27 22:51:18,973 DEBUG [main][DefaultSingletonBeanRegistry.java:225] - Creating shared instance of singleton bean 'documentationPluginRegistry'
2024-10-27 22:51:18,973 DEBUG [main][DefaultSingletonBeanRegistry.java:225] - Creating shared instance of singleton bean 'documentationPluginRegistry'
2024-10-27 22:51:18,980 DEBUG [main][DefaultSingletonBeanRegistry.java:225] - Creating shared instance of singleton bean 'apiListingBuilderPluginRegistry'
2024-10-27 22:51:18,980 DEBUG [main][DefaultSingletonBeanRegistry.java:225] - Creating shared instance of singleton bean 'apiListingBuilderPluginRegistry'
2024-10-27 22:51:18,980 DEBUG [main][DefaultSingletonBeanRegistry.java:225] - Creating shared instance of singleton bean 'parameterBuilderPluginRegistry'
2024-10-27 22:51:18,980 DEBUG [main][DefaultSingletonBeanRegistry.java:225] - Creating shared instance of singleton bean 'parameterBuilderPluginRegistry'
2024-10-27 22:51:18,981 DEBUG [main][DefaultSingletonBeanRegistry.java:225] - Creating shared instance of singleton bean 'expandedParameterBuilderPluginRegistry'
2024-10-27 22:51:18,981 DEBUG [main][DefaultSingletonBeanRegistry.java:225] - Creating shared instance of singleton bean 'expandedParameterBuilderPluginRegistry'
2024-10-27 22:51:18,982 DEBUG [main][DefaultSingletonBeanRegistry.java:225] - Creating shared instance of singleton bean 'operationBuilderPluginRegistry'
2024-10-27 22:51:18,982 DEBUG [main][DefaultSingletonBeanRegistry.java:225] - Creating shared instance of singleton bean 'operationBuilderPluginRegistry'
2024-10-27 22:51:18,982 DEBUG [main][DefaultSingletonBeanRegistry.java:225] - Creating shared instance of singleton bean 'resourceGroupingStrategyRegistry'
2024-10-27 22:51:18,982 DEBUG [main][DefaultSingletonBeanRegistry.java:225] - Creating shared instance of singleton bean 'resourceGroupingStrategyRegistry'
2024-10-27 22:51:18,983 DEBUG [main][DefaultSingletonBeanRegistry.java:225] - Creating shared instance of singleton bean 'operationModelsProviderPluginRegistry'
2024-10-27 22:51:18,983 DEBUG [main][DefaultSingletonBeanRegistry.java:225] - Creating shared instance of singleton bean 'operationModelsProviderPluginRegistry'
2024-10-27 22:51:18,983 DEBUG [main][DefaultSingletonBeanRegistry.java:225] - Creating shared instance of singleton bean 'defaultsProviderPluginRegistry'
2024-10-27 22:51:18,983 DEBUG [main][DefaultSingletonBeanRegistry.java:225] - Creating shared instance of singleton bean 'defaultsProviderPluginRegistry'
2024-10-27 22:51:18,984 DEBUG [main][DefaultSingletonBeanRegistry.java:225] - Creating shared instance of singleton bean 'pathDecoratorRegistry'
2024-10-27 22:51:18,984 DEBUG [main][DefaultSingletonBeanRegistry.java:225] - Creating shared instance of singleton bean 'pathDecoratorRegistry'
2024-10-27 22:51:18,985 DEBUG [main][DefaultSingletonBeanRegistry.java:225] - Creating shared instance of singleton bean 'apiListingScannerPluginRegistry'
2024-10-27 22:51:18,985 DEBUG [main][DefaultSingletonBeanRegistry.java:225] - Creating shared instance of singleton bean 'apiListingScannerPluginRegistry'
2024-10-27 22:51:18,985 DEBUG [main][DefaultSingletonBeanRegistry.java:225] - Creating shared instance of singleton bean 'cachingOperationNameGenerator'
2024-10-27 22:51:18,985 DEBUG [main][DefaultSingletonBeanRegistry.java:225] - Creating shared instance of singleton bean 'cachingOperationNameGenerator'
2024-10-27 22:51:18,987 DEBUG [main][ConstructorResolver.java:807] - Autowiring by type from bean name 'apiOperationReader' via constructor to bean named 'documentationPluginsManager'
2024-10-27 22:51:18,987 DEBUG [main][ConstructorResolver.java:807] - Autowiring by type from bean name 'apiOperationReader' via constructor to bean named 'documentationPluginsManager'
2024-10-27 22:51:18,987 DEBUG [main][ConstructorResolver.java:807] - Autowiring by type from bean name 'apiOperationReader' via constructor to bean named 'cachingOperationNameGenerator'
2024-10-27 22:51:18,987 DEBUG [main][ConstructorResolver.java:807] - Autowiring by type from bean name 'apiOperationReader' via constructor to bean named 'cachingOperationNameGenerator'
2024-10-27 22:51:18,987 DEBUG [main][ConstructorResolver.java:807] - Autowiring by type from bean name 'cachingOperationReader' via constructor to bean named 'apiOperationReader'
2024-10-27 22:51:18,987 DEBUG [main][ConstructorResolver.java:807] - Autowiring by type from bean name 'cachingOperationReader' via constructor to bean named 'apiOperationReader'
2024-10-27 22:51:18,997 DEBUG [main][DefaultSingletonBeanRegistry.java:225] - Creating shared instance of singleton bean 'apiDescriptionLookup'
2024-10-27 22:51:18,997 DEBUG [main][DefaultSingletonBeanRegistry.java:225] - Creating shared instance of singleton bean 'apiDescriptionLookup'
2024-10-27 22:51:18,998 DEBUG [main][ConstructorResolver.java:807] - Autowiring by type from bean name 'apiDescriptionReader' via constructor to bean named 'cachingOperationReader'
2024-10-27 22:51:18,998 DEBUG [main][ConstructorResolver.java:807] - Autowiring by type from bean name 'apiDescriptionReader' via constructor to bean named 'cachingOperationReader'
2024-10-27 22:51:18,998 DEBUG [main][ConstructorResolver.java:807] - Autowiring by type from bean name 'apiDescriptionReader' via constructor to bean named 'documentationPluginsManager'
2024-10-27 22:51:18,998 DEBUG [main][ConstructorResolver.java:807] - Autowiring by type from bean name 'apiDescriptionReader' via constructor to bean named 'documentationPluginsManager'
2024-10-27 22:51:18,998 DEBUG [main][ConstructorResolver.java:807] - Autowiring by type from bean name 'apiDescriptionReader' via constructor to bean named 'apiDescriptionLookup'
2024-10-27 22:51:18,998 DEBUG [main][ConstructorResolver.java:807] - Autowiring by type from bean name 'apiDescriptionReader' via constructor to bean named 'apiDescriptionLookup'
2024-10-27 22:51:18,999 DEBUG [main][DefaultSingletonBeanRegistry.java:225] - Creating shared instance of singleton bean 'apiModelReader'
2024-10-27 22:51:18,999 DEBUG [main][DefaultSingletonBeanRegistry.java:225] - Creating shared instance of singleton bean 'apiModelReader'
2024-10-27 22:51:19,000 DEBUG [main][DefaultSingletonBeanRegistry.java:225] - Creating shared instance of singleton bean 'cachingModelProvider'
2024-10-27 22:51:19,000 DEBUG [main][DefaultSingletonBeanRegistry.java:225] - Creating shared instance of singleton bean 'cachingModelProvider'
2024-10-27 22:51:19,000 DEBUG [main][DefaultSingletonBeanRegistry.java:225] - Creating shared instance of singleton bean 'defaultModelProvider'
2024-10-27 22:51:19,000 DEBUG [main][DefaultSingletonBeanRegistry.java:225] - Creating shared instance of singleton bean 'defaultModelProvider'
2024-10-27 22:51:19,001 DEBUG [main][DefaultSingletonBeanRegistry.java:225] - Creating shared instance of singleton bean 'typeResolver'
2024-10-27 22:51:19,001 DEBUG [main][DefaultSingletonBeanRegistry.java:225] - Creating shared instance of singleton bean 'typeResolver'
2024-10-27 22:51:19,001 DEBUG [main][DefaultSingletonBeanRegistry.java:225] - Creating shared instance of singleton bean 'springfox.documentation.schema.configuration.ModelsConfiguration'
2024-10-27 22:51:19,001 DEBUG [main][DefaultSingletonBeanRegistry.java:225] - Creating shared instance of singleton bean 'springfox.documentation.schema.configuration.ModelsConfiguration'
2024-10-27 22:51:19,005 DEBUG [main][DefaultSingletonBeanRegistry.java:225] - Creating shared instance of singleton bean 'cachingModelPropertiesProvider'
2024-10-27 22:51:19,005 DEBUG [main][DefaultSingletonBeanRegistry.java:225] - Creating shared instance of singleton bean 'cachingModelPropertiesProvider'
2024-10-27 22:51:19,006 DEBUG [main][DefaultSingletonBeanRegistry.java:225] - Creating shared instance of singleton bean 'optimized'
2024-10-27 22:51:19,006 DEBUG [main][DefaultSingletonBeanRegistry.java:225] - Creating shared instance of singleton bean 'optimized'
2024-10-27 22:51:19,008 DEBUG [main][DefaultSingletonBeanRegistry.java:225] - Creating shared instance of singleton bean 'accessorsProvider'
2024-10-27 22:51:19,008 DEBUG [main][DefaultSingletonBeanRegistry.java:225] - Creating shared instance of singleton bean 'accessorsProvider'
2024-10-27 22:51:19,010 DEBUG [main][ConstructorResolver.java:807] - Autowiring by type from bean name 'accessorsProvider' via constructor to bean named 'typeResolver'
2024-10-27 22:51:19,010 DEBUG [main][ConstructorResolver.java:807] - Autowiring by type from bean name 'accessorsProvider' via constructor to bean named 'typeResolver'
2024-10-27 22:51:19,010 DEBUG [main][DefaultSingletonBeanRegistry.java:225] - Creating shared instance of singleton bean 'fieldProvider'
2024-10-27 22:51:19,010 DEBUG [main][DefaultSingletonBeanRegistry.java:225] - Creating shared instance of singleton bean 'fieldProvider'
2024-10-27 22:51:19,010 DEBUG [main][ConstructorResolver.java:807] - Autowiring by type from bean name 'fieldProvider' via constructor to bean named 'typeResolver'
2024-10-27 22:51:19,010 DEBUG [main][ConstructorResolver.java:807] - Autowiring by type from bean name 'fieldProvider' via constructor to bean named 'typeResolver'
2024-10-27 22:51:19,011 DEBUG [main][DefaultSingletonBeanRegistry.java:225] - Creating shared instance of singleton bean 'factoryMethodProvider'
2024-10-27 22:51:19,011 DEBUG [main][DefaultSingletonBeanRegistry.java:225] - Creating shared instance of singleton bean 'factoryMethodProvider'
2024-10-27 22:51:19,011 DEBUG [main][ConstructorResolver.java:807] - Autowiring by type from bean name 'factoryMethodProvider' via constructor to bean named 'typeResolver'
2024-10-27 22:51:19,011 DEBUG [main][ConstructorResolver.java:807] - Autowiring by type from bean name 'factoryMethodProvider' via constructor to bean named 'typeResolver'
2024-10-27 22:51:19,012 DEBUG [main][DefaultSingletonBeanRegistry.java:225] - Creating shared instance of singleton bean 'objectMapperBeanPropertyNamingStrategy'
2024-10-27 22:51:19,012 DEBUG [main][DefaultSingletonBeanRegistry.java:225] - Creating shared instance of singleton bean 'objectMapperBeanPropertyNamingStrategy'
2024-10-27 22:51:19,012 DEBUG [main][DefaultSingletonBeanRegistry.java:225] - Creating shared instance of singleton bean 'schemaPluginsManager'
2024-10-27 22:51:19,012 DEBUG [main][DefaultSingletonBeanRegistry.java:225] - Creating shared instance of singleton bean 'schemaPluginsManager'
2024-10-27 22:51:19,013 DEBUG [main][DefaultSingletonBeanRegistry.java:225] - Creating shared instance of singleton bean 'modelPropertyBuilderPluginRegistry'
2024-10-27 22:51:19,013 DEBUG [main][DefaultSingletonBeanRegistry.java:225] - Creating shared instance of singleton bean 'modelPropertyBuilderPluginRegistry'
2024-10-27 22:51:19,014 DEBUG [main][DefaultSingletonBeanRegistry.java:225] - Creating shared instance of singleton bean 'modelBuilderPluginRegistry'
2024-10-27 22:51:19,014 DEBUG [main][DefaultSingletonBeanRegistry.java:225] - Creating shared instance of singleton bean 'modelBuilderPluginRegistry'
2024-10-27 22:51:19,015 DEBUG [main][DefaultSingletonBeanRegistry.java:225] - Creating shared instance of singleton bean 'syntheticModelProviderPluginRegistry'
2024-10-27 22:51:19,015 DEBUG [main][ConstructorResolver.java:807] - Autowiring by type from bean name 'schemaPluginsManager' via constructor to bean named 'modelPropertyBuilderPluginRegistry'
2024-10-27 22:51:19,015 DEBUG [main][DefaultSingletonBeanRegistry.java:225] - Creating shared instance of singleton bean 'syntheticModelProviderPluginRegistry'
2024-10-27 22:51:19,015 DEBUG [main][ConstructorResolver.java:807] - Autowiring by type from bean name 'schemaPluginsManager' via constructor to bean named 'modelPropertyBuilderPluginRegistry'
2024-10-27 22:51:19,015 DEBUG [main][ConstructorResolver.java:807] - Autowiring by type from bean name 'schemaPluginsManager' via constructor to bean named 'modelBuilderPluginRegistry'
2024-10-27 22:51:19,015 DEBUG [main][ConstructorResolver.java:807] - Autowiring by type from bean name 'schemaPluginsManager' via constructor to bean named 'modelBuilderPluginRegistry'
2024-10-27 22:51:19,015 DEBUG [main][ConstructorResolver.java:807] - Autowiring by type from bean name 'schemaPluginsManager' via constructor to bean named 'syntheticModelProviderPluginRegistry'
2024-10-27 22:51:19,015 DEBUG [main][ConstructorResolver.java:807] - Autowiring by type from bean name 'schemaPluginsManager' via constructor to bean named 'syntheticModelProviderPluginRegistry'
2024-10-27 22:51:19,016 DEBUG [main][DefaultSingletonBeanRegistry.java:225] - Creating shared instance of singleton bean 'typeNameExtractor'
2024-10-27 22:51:19,016 DEBUG [main][DefaultSingletonBeanRegistry.java:225] - Creating shared instance of singleton bean 'typeNameExtractor'
2024-10-27 22:51:19,016 DEBUG [main][DefaultSingletonBeanRegistry.java:225] - Creating shared instance of singleton bean 'typeNameProviderPluginRegistry'
2024-10-27 22:51:19,016 DEBUG [main][DefaultSingletonBeanRegistry.java:225] - Creating shared instance of singleton bean 'typeNameProviderPluginRegistry'
2024-10-27 22:51:19,017 DEBUG [main][DefaultSingletonBeanRegistry.java:225] - Creating shared instance of singleton bean 'jacksonEnumTypeDeterminer'
2024-10-27 22:51:19,017 DEBUG [main][DefaultSingletonBeanRegistry.java:225] - Creating shared instance of singleton bean 'jacksonEnumTypeDeterminer'
2024-10-27 22:51:19,017 DEBUG [main][ConstructorResolver.java:807] - Autowiring by type from bean name 'typeNameExtractor' via constructor to bean named 'typeResolver'
2024-10-27 22:51:19,017 DEBUG [main][ConstructorResolver.java:807] - Autowiring by type from bean name 'typeNameExtractor' via constructor to bean named 'typeResolver'
2024-10-27 22:51:19,018 DEBUG [main][ConstructorResolver.java:807] - Autowiring by type from bean name 'typeNameExtractor' via constructor to bean named 'typeNameProviderPluginRegistry'
2024-10-27 22:51:19,018 DEBUG [main][ConstructorResolver.java:807] - Autowiring by type from bean name 'typeNameExtractor' via constructor to bean named 'jacksonEnumTypeDeterminer'
2024-10-27 22:51:19,018 DEBUG [main][ConstructorResolver.java:807] - Autowiring by type from bean name 'typeNameExtractor' via constructor to bean named 'typeNameProviderPluginRegistry'
2024-10-27 22:51:19,018 DEBUG [main][ConstructorResolver.java:807] - Autowiring by type from bean name 'typeNameExtractor' via constructor to bean named 'jacksonEnumTypeDeterminer'
2024-10-27 22:51:19,018 DEBUG [main][ConstructorResolver.java:807] - Autowiring by type from bean name 'optimized' via constructor to bean named 'accessorsProvider'
2024-10-27 22:51:19,018 DEBUG [main][ConstructorResolver.java:807] - Autowiring by type from bean name 'optimized' via constructor to bean named 'accessorsProvider'
2024-10-27 22:51:19,019 DEBUG [main][ConstructorResolver.java:807] - Autowiring by type from bean name 'optimized' via constructor to bean named 'fieldProvider'
2024-10-27 22:51:19,019 DEBUG [main][ConstructorResolver.java:807] - Autowiring by type from bean name 'optimized' via constructor to bean named 'fieldProvider'
2024-10-27 22:51:19,019 DEBUG [main][ConstructorResolver.java:807] - Autowiring by type from bean name 'optimized' via constructor to bean named 'factoryMethodProvider'
2024-10-27 22:51:19,019 DEBUG [main][ConstructorResolver.java:807] - Autowiring by type from bean name 'optimized' via constructor to bean named 'typeResolver'
2024-10-27 22:51:19,019 DEBUG [main][ConstructorResolver.java:807] - Autowiring by type from bean name 'optimized' via constructor to bean named 'factoryMethodProvider'
2024-10-27 22:51:19,019 DEBUG [main][ConstructorResolver.java:807] - Autowiring by type from bean name 'optimized' via constructor to bean named 'typeResolver'
2024-10-27 22:51:19,019 DEBUG [main][ConstructorResolver.java:807] - Autowiring by type from bean name 'optimized' via constructor to bean named 'objectMapperBeanPropertyNamingStrategy'
2024-10-27 22:51:19,019 DEBUG [main][ConstructorResolver.java:807] - Autowiring by type from bean name 'optimized' via constructor to bean named 'objectMapperBeanPropertyNamingStrategy'
2024-10-27 22:51:19,019 DEBUG [main][ConstructorResolver.java:807] - Autowiring by type from bean name 'optimized' via constructor to bean named 'schemaPluginsManager'
2024-10-27 22:51:19,019 DEBUG [main][ConstructorResolver.java:807] - Autowiring by type from bean name 'optimized' via constructor to bean named 'schemaPluginsManager'
2024-10-27 22:51:19,019 DEBUG [main][ConstructorResolver.java:807] - Autowiring by type from bean name 'optimized' via constructor to bean named 'typeNameExtractor'
2024-10-27 22:51:19,019 DEBUG [main][ConstructorResolver.java:807] - Autowiring by type from bean name 'optimized' via constructor to bean named 'typeNameExtractor'
2024-10-27 22:51:19,019 DEBUG [main][ConstructorResolver.java:807] - Autowiring by type from bean name 'cachingModelPropertiesProvider' via constructor to bean named 'typeResolver'
2024-10-27 22:51:19,019 DEBUG [main][ConstructorResolver.java:807] - Autowiring by type from bean name 'cachingModelPropertiesProvider' via constructor to bean named 'typeResolver'
2024-10-27 22:51:19,019 DEBUG [main][ConstructorResolver.java:807] - Autowiring by type from bean name 'cachingModelPropertiesProvider' via constructor to bean named 'optimized'
2024-10-27 22:51:19,019 DEBUG [main][ConstructorResolver.java:807] - Autowiring by type from bean name 'cachingModelPropertiesProvider' via constructor to bean named 'optimized'
2024-10-27 22:51:19,020 DEBUG [main][DefaultSingletonBeanRegistry.java:225] - Creating shared instance of singleton bean 'cachingModelDependencyProvider'
2024-10-27 22:51:19,020 DEBUG [main][DefaultSingletonBeanRegistry.java:225] - Creating shared instance of singleton bean 'cachingModelDependencyProvider'
2024-10-27 22:51:19,021 DEBUG [main][DefaultSingletonBeanRegistry.java:225] - Creating shared instance of singleton bean 'defaultModelDependencyProvider'
2024-10-27 22:51:19,021 DEBUG [main][DefaultSingletonBeanRegistry.java:225] - Creating shared instance of singleton bean 'defaultModelDependencyProvider'
2024-10-27 22:51:19,022 DEBUG [main][ConstructorResolver.java:807] - Autowiring by type from bean name 'defaultModelDependencyProvider' via constructor to bean named 'typeResolver'
2024-10-27 22:51:19,022 DEBUG [main][ConstructorResolver.java:807] - Autowiring by type from bean name 'defaultModelDependencyProvider' via constructor to bean named 'typeResolver'
2024-10-27 22:51:19,022 DEBUG [main][ConstructorResolver.java:807] - Autowiring by type from bean name 'defaultModelDependencyProvider' via constructor to bean named 'cachingModelPropertiesProvider'
2024-10-27 22:51:19,022 DEBUG [main][ConstructorResolver.java:807] - Autowiring by type from bean name 'defaultModelDependencyProvider' via constructor to bean named 'cachingModelPropertiesProvider'
2024-10-27 22:51:19,022 DEBUG [main][ConstructorResolver.java:807] - Autowiring by type from bean name 'defaultModelDependencyProvider' via constructor to bean named 'typeNameExtractor'
2024-10-27 22:51:19,022 DEBUG [main][ConstructorResolver.java:807] - Autowiring by type from bean name 'defaultModelDependencyProvider' via constructor to bean named 'typeNameExtractor'
2024-10-27 22:51:19,022 DEBUG [main][ConstructorResolver.java:807] - Autowiring by type from bean name 'defaultModelDependencyProvider' via constructor to bean named 'jacksonEnumTypeDeterminer'
2024-10-27 22:51:19,022 DEBUG [main][ConstructorResolver.java:807] - Autowiring by type from bean name 'defaultModelDependencyProvider' via constructor to bean named 'jacksonEnumTypeDeterminer'
2024-10-27 22:51:19,022 DEBUG [main][ConstructorResolver.java:807] - Autowiring by type from bean name 'defaultModelDependencyProvider' via constructor to bean named 'schemaPluginsManager'
2024-10-27 22:51:19,022 DEBUG [main][ConstructorResolver.java:807] - Autowiring by type from bean name 'defaultModelDependencyProvider' via constructor to bean named 'schemaPluginsManager'
2024-10-27 22:51:19,023 DEBUG [main][ConstructorResolver.java:807] - Autowiring by type from bean name 'cachingModelDependencyProvider' via constructor to bean named 'defaultModelDependencyProvider'
2024-10-27 22:51:19,023 DEBUG [main][ConstructorResolver.java:807] - Autowiring by type from bean name 'cachingModelDependencyProvider' via constructor to bean named 'defaultModelDependencyProvider'
2024-10-27 22:51:19,023 DEBUG [main][ConstructorResolver.java:807] - Autowiring by type from bean name 'defaultModelProvider' via constructor to bean named 'typeResolver'
2024-10-27 22:51:19,023 DEBUG [main][ConstructorResolver.java:807] - Autowiring by type from bean name 'defaultModelProvider' via constructor to bean named 'typeResolver'
2024-10-27 22:51:19,023 DEBUG [main][ConstructorResolver.java:807] - Autowiring by type from bean name 'defaultModelProvider' via constructor to bean named 'cachingModelPropertiesProvider'
2024-10-27 22:51:19,023 DEBUG [main][ConstructorResolver.java:807] - Autowiring by type from bean name 'defaultModelProvider' via constructor to bean named 'cachingModelPropertiesProvider'
2024-10-27 22:51:19,023 DEBUG [main][ConstructorResolver.java:807] - Autowiring by type from bean name 'defaultModelProvider' via constructor to bean named 'cachingModelDependencyProvider'
2024-10-27 22:51:19,023 DEBUG [main][ConstructorResolver.java:807] - Autowiring by type from bean name 'defaultModelProvider' via constructor to bean named 'cachingModelDependencyProvider'
2024-10-27 22:51:19,023 DEBUG [main][ConstructorResolver.java:807] - Autowiring by type from bean name 'defaultModelProvider' via constructor to bean named 'schemaPluginsManager'
2024-10-27 22:51:19,023 DEBUG [main][ConstructorResolver.java:807] - Autowiring by type from bean name 'defaultModelProvider' via constructor to bean named 'schemaPluginsManager'
2024-10-27 22:51:19,024 DEBUG [main][ConstructorResolver.java:807] - Autowiring by type from bean name 'defaultModelProvider' via constructor to bean named 'typeNameExtractor'
2024-10-27 22:51:19,024 DEBUG [main][ConstructorResolver.java:807] - Autowiring by type from bean name 'defaultModelProvider' via constructor to bean named 'typeNameExtractor'
2024-10-27 22:51:19,024 DEBUG [main][ConstructorResolver.java:807] - Autowiring by type from bean name 'defaultModelProvider' via constructor to bean named 'jacksonEnumTypeDeterminer'
2024-10-27 22:51:19,024 DEBUG [main][ConstructorResolver.java:807] - Autowiring by type from bean name 'defaultModelProvider' via constructor to bean named 'jacksonEnumTypeDeterminer'
2024-10-27 22:51:19,024 DEBUG [main][ConstructorResolver.java:807] - Autowiring by type from bean name 'cachingModelProvider' via constructor to bean named 'defaultModelProvider'
2024-10-27 22:51:19,024 DEBUG [main][ConstructorResolver.java:807] - Autowiring by type from bean name 'cachingModelProvider' via constructor to bean named 'defaultModelProvider'
2024-10-27 22:51:19,024 DEBUG [main][ConstructorResolver.java:807] - Autowiring by type from bean name 'apiModelReader' via constructor to bean named 'cachingModelProvider'
2024-10-27 22:51:19,024 DEBUG [main][ConstructorResolver.java:807] - Autowiring by type from bean name 'apiModelReader' via constructor to bean named 'cachingModelProvider'
2024-10-27 22:51:19,024 DEBUG [main][ConstructorResolver.java:807] - Autowiring by type from bean name 'apiModelReader' via constructor to bean named 'typeResolver'
2024-10-27 22:51:19,024 DEBUG [main][ConstructorResolver.java:807] - Autowiring by type from bean name 'apiModelReader' via constructor to bean named 'typeResolver'
2024-10-27 22:51:19,025 DEBUG [main][ConstructorResolver.java:807] - Autowiring by type from bean name 'apiModelReader' via constructor to bean named 'documentationPluginsManager'
2024-10-27 22:51:19,025 DEBUG [main][ConstructorResolver.java:807] - Autowiring by type from bean name 'apiModelReader' via constructor to bean named 'documentationPluginsManager'
2024-10-27 22:51:19,025 DEBUG [main][ConstructorResolver.java:807] - Autowiring by type from bean name 'apiListingScanner' via constructor to bean named 'apiDescriptionReader'
2024-10-27 22:51:19,025 DEBUG [main][ConstructorResolver.java:807] - Autowiring by type from bean name 'apiListingScanner' via constructor to bean named 'apiDescriptionReader'
2024-10-27 22:51:19,025 DEBUG [main][ConstructorResolver.java:807] - Autowiring by type from bean name 'apiListingScanner' via constructor to bean named 'apiModelReader'
2024-10-27 22:51:19,025 DEBUG [main][ConstructorResolver.java:807] - Autowiring by type from bean name 'apiListingScanner' via constructor to bean named 'apiModelReader'
2024-10-27 22:51:19,025 DEBUG [main][ConstructorResolver.java:807] - Autowiring by type from bean name 'apiListingScanner' via constructor to bean named 'documentationPluginsManager'
2024-10-27 22:51:19,025 DEBUG [main][ConstructorResolver.java:807] - Autowiring by type from bean name 'apiListingScanner' via constructor to bean named 'documentationPluginsManager'
2024-10-27 22:51:19,025 DEBUG [main][ConstructorResolver.java:807] - Autowiring by type from bean name 'apiDocumentationScanner' via constructor to bean named 'apiListingReferenceScanner'
2024-10-27 22:51:19,025 DEBUG [main][ConstructorResolver.java:807] - Autowiring by type from bean name 'apiDocumentationScanner' via constructor to bean named 'apiListingReferenceScanner'
2024-10-27 22:51:19,025 DEBUG [main][ConstructorResolver.java:807] - Autowiring by type from bean name 'apiDocumentationScanner' via constructor to bean named 'apiListingScanner'
2024-10-27 22:51:19,025 DEBUG [main][ConstructorResolver.java:807] - Autowiring by type from bean name 'apiDocumentationScanner' via constructor to bean named 'apiListingScanner'
2024-10-27 22:51:19,025 DEBUG [main][DefaultSingletonBeanRegistry.java:225] - Creating shared instance of singleton bean 'apiListingReader'
2024-10-27 22:51:19,025 DEBUG [main][DefaultSingletonBeanRegistry.java:225] - Creating shared instance of singleton bean 'apiListingReader'
2024-10-27 22:51:19,025 DEBUG [main][DefaultSingletonBeanRegistry.java:225] - Creating shared instance of singleton bean 'mediaTypeReader'
2024-10-27 22:51:19,025 DEBUG [main][DefaultSingletonBeanRegistry.java:225] - Creating shared instance of singleton bean 'mediaTypeReader'
2024-10-27 22:51:19,026 DEBUG [main][DefaultSingletonBeanRegistry.java:225] - Creating shared instance of singleton bean 'operationModelsProvider'
2024-10-27 22:51:19,026 DEBUG [main][DefaultSingletonBeanRegistry.java:225] - Creating shared instance of singleton bean 'operationModelsProvider'
2024-10-27 22:51:19,026 DEBUG [main][ConstructorResolver.java:807] - Autowiring by type from bean name 'operationModelsProvider' via constructor to bean named 'typeResolver'
2024-10-27 22:51:19,026 DEBUG [main][DefaultSingletonBeanRegistry.java:225] - Creating shared instance of singleton bean 'operationDeprecatedReader'
2024-10-27 22:51:19,026 DEBUG [main][ConstructorResolver.java:807] - Autowiring by type from bean name 'operationModelsProvider' via constructor to bean named 'typeResolver'
2024-10-27 22:51:19,026 DEBUG [main][DefaultSingletonBeanRegistry.java:225] - Creating shared instance of singleton bean 'operationDeprecatedReader'
2024-10-27 22:51:19,026 DEBUG [main][DefaultSingletonBeanRegistry.java:225] - Creating shared instance of singleton bean 'responseMessagesReader'
2024-10-27 22:51:19,026 DEBUG [main][DefaultSingletonBeanRegistry.java:225] - Creating shared instance of singleton bean 'responseMessagesReader'
2024-10-27 22:51:19,027 DEBUG [main][ConstructorResolver.java:807] - Autowiring by type from bean name 'responseMessagesReader' via constructor to bean named 'typeNameExtractor'
2024-10-27 22:51:19,027 DEBUG [main][ConstructorResolver.java:807] - Autowiring by type from bean name 'responseMessagesReader' via constructor to bean named 'typeNameExtractor'
2024-10-27 22:51:19,027 DEBUG [main][DefaultSingletonBeanRegistry.java:225] - Creating shared instance of singleton bean 'operationParameterReader'
2024-10-27 22:51:19,027 DEBUG [main][DefaultSingletonBeanRegistry.java:225] - Creating shared instance of singleton bean 'operationParameterReader'
2024-10-27 22:51:19,029 DEBUG [main][DefaultSingletonBeanRegistry.java:225] - Creating shared instance of singleton bean 'modelAttributeParameterExpander'
2024-10-27 22:51:19,029 DEBUG [main][DefaultSingletonBeanRegistry.java:225] - Creating shared instance of singleton bean 'modelAttributeParameterExpander'
2024-10-27 22:51:19,030 DEBUG [main][ConstructorResolver.java:807] - Autowiring by type from bean name 'modelAttributeParameterExpander' via constructor to bean named 'fieldProvider'
2024-10-27 22:51:19,030 DEBUG [main][ConstructorResolver.java:807] - Autowiring by type from bean name 'modelAttributeParameterExpander' via constructor to bean named 'fieldProvider'
2024-10-27 22:51:19,030 DEBUG [main][ConstructorResolver.java:807] - Autowiring by type from bean name 'modelAttributeParameterExpander' via constructor to bean named 'accessorsProvider'
2024-10-27 22:51:19,030 DEBUG [main][ConstructorResolver.java:807] - Autowiring by type from bean name 'modelAttributeParameterExpander' via constructor to bean named 'accessorsProvider'
2024-10-27 22:51:19,030 DEBUG [main][ConstructorResolver.java:807] - Autowiring by type from bean name 'modelAttributeParameterExpander' via constructor to bean named 'jacksonEnumTypeDeterminer'
2024-10-27 22:51:19,030 DEBUG [main][ConstructorResolver.java:807] - Autowiring by type from bean name 'modelAttributeParameterExpander' via constructor to bean named 'jacksonEnumTypeDeterminer'
2024-10-27 22:51:19,030 DEBUG [main][ConstructorResolver.java:807] - Autowiring by type from bean name 'operationParameterReader' via constructor to bean named 'modelAttributeParameterExpander'
2024-10-27 22:51:19,030 DEBUG [main][ConstructorResolver.java:807] - Autowiring by type from bean name 'operationParameterReader' via constructor to bean named 'modelAttributeParameterExpander'
2024-10-27 22:51:19,030 DEBUG [main][ConstructorResolver.java:807] - Autowiring by type from bean name 'operationParameterReader' via constructor to bean named 'jacksonEnumTypeDeterminer'
2024-10-27 22:51:19,030 DEBUG [main][ConstructorResolver.java:807] - Autowiring by type from bean name 'operationParameterReader' via constructor to bean named 'jacksonEnumTypeDeterminer'
2024-10-27 22:51:19,031 DEBUG [main][DefaultSingletonBeanRegistry.java:225] - Creating shared instance of singleton bean 'defaultTagsProvider'
2024-10-27 22:51:19,031 DEBUG [main][DefaultSingletonBeanRegistry.java:225] - Creating shared instance of singleton bean 'defaultTagsProvider'
2024-10-27 22:51:19,031 DEBUG [main][DefaultSingletonBeanRegistry.java:225] - Creating shared instance of singleton bean 'operationTagsReader'
2024-10-27 22:51:19,031 DEBUG [main][DefaultSingletonBeanRegistry.java:225] - Creating shared instance of singleton bean 'operationTagsReader'
2024-10-27 22:51:19,032 DEBUG [main][ConstructorResolver.java:807] - Autowiring by type from bean name 'operationTagsReader' via constructor to bean named 'defaultTagsProvider'
2024-10-27 22:51:19,032 DEBUG [main][ConstructorResolver.java:807] - Autowiring by type from bean name 'operationTagsReader' via constructor to bean named 'defaultTagsProvider'
2024-10-27 22:51:19,032 DEBUG [main][DefaultSingletonBeanRegistry.java:225] - Creating shared instance of singleton bean 'defaultOperationReader'
2024-10-27 22:51:19,032 DEBUG [main][DefaultSingletonBeanRegistry.java:225] - Creating shared instance of singleton bean 'defaultOperationReader'
2024-10-27 22:51:19,033 DEBUG [main][DefaultSingletonBeanRegistry.java:225] - Creating shared instance of singleton bean 'operationParameterRequestConditionReader'
2024-10-27 22:51:19,033 DEBUG [main][DefaultSingletonBeanRegistry.java:225] - Creating shared instance of singleton bean 'operationParameterRequestConditionReader'
2024-10-27 22:51:19,033 DEBUG [main][ConstructorResolver.java:807] - Autowiring by type from bean name 'operationParameterRequestConditionReader' via constructor to bean named 'typeResolver'
2024-10-27 22:51:19,033 DEBUG [main][ConstructorResolver.java:807] - Autowiring by type from bean name 'operationParameterRequestConditionReader' via constructor to bean named 'typeResolver'
2024-10-27 22:51:19,033 DEBUG [main][DefaultSingletonBeanRegistry.java:225] - Creating shared instance of singleton bean 'operationParameterHeadersConditionReader'
2024-10-27 22:51:19,033 DEBUG [main][DefaultSingletonBeanRegistry.java:225] - Creating shared instance of singleton bean 'operationParameterHeadersConditionReader'
2024-10-27 22:51:19,034 DEBUG [main][ConstructorResolver.java:807] - Autowiring by type from bean name 'operationParameterHeadersConditionReader' via constructor to bean named 'typeResolver'
2024-10-27 22:51:19,034 DEBUG [main][ConstructorResolver.java:807] - Autowiring by type from bean name 'operationParameterHeadersConditionReader' via constructor to bean named 'typeResolver'
2024-10-27 22:51:19,034 DEBUG [main][DefaultSingletonBeanRegistry.java:225] - Creating shared instance of singleton bean 'operationResponseClassReader'
2024-10-27 22:51:19,034 DEBUG [main][DefaultSingletonBeanRegistry.java:225] - Creating shared instance of singleton bean 'operationResponseClassReader'
2024-10-27 22:51:19,034 DEBUG [main][ConstructorResolver.java:807] - Autowiring by type from bean name 'operationResponseClassReader' via constructor to bean named 'typeNameExtractor'
2024-10-27 22:51:19,034 DEBUG [main][ConstructorResolver.java:807] - Autowiring by type from bean name 'operationResponseClassReader' via constructor to bean named 'typeNameExtractor'
2024-10-27 22:51:19,034 DEBUG [main][DefaultSingletonBeanRegistry.java:225] - Creating shared instance of singleton bean 'parameterMultiplesReader'
2024-10-27 22:51:19,034 DEBUG [main][DefaultSingletonBeanRegistry.java:225] - Creating shared instance of singleton bean 'parameterMultiplesReader'
2024-10-27 22:51:19,034 DEBUG [main][DefaultSingletonBeanRegistry.java:225] - Creating shared instance of singleton bean 'parameterTypeReader'
2024-10-27 22:51:19,034 DEBUG [main][DefaultSingletonBeanRegistry.java:225] - Creating shared instance of singleton bean 'parameterTypeReader'
2024-10-27 22:51:19,035 DEBUG [main][DefaultSingletonBeanRegistry.java:225] - Creating shared instance of singleton bean 'parameterRequiredReader'
2024-10-27 22:51:19,035 DEBUG [main][DefaultSingletonBeanRegistry.java:225] - Creating shared instance of singleton bean 'parameterRequiredReader'
2024-10-27 22:51:19,036 DEBUG [main][DefaultSingletonBeanRegistry.java:225] - Creating shared instance of singleton bean 'descriptionResolver'
2024-10-27 22:51:19,036 DEBUG [main][DefaultSingletonBeanRegistry.java:225] - Creating shared instance of singleton bean 'descriptionResolver'
2024-10-27 22:51:19,036 DEBUG [main][DefaultSingletonBeanRegistry.java:225] - Creating shared instance of singleton bean 'springfox.documentation.spring.web.SpringfoxWebMvcConfiguration'
2024-10-27 22:51:19,036 DEBUG [main][DefaultSingletonBeanRegistry.java:225] - Creating shared instance of singleton bean 'springfox.documentation.spring.web.SpringfoxWebMvcConfiguration'
2024-10-27 22:51:19,037 DEBUG [main][ConstructorResolver.java:807] - Autowiring by type from bean name 'descriptionResolver' via factory method to bean named 'environment'
2024-10-27 22:51:19,037 DEBUG [main][ConstructorResolver.java:807] - Autowiring by type from bean name 'descriptionResolver' via factory method to bean named 'environment'
2024-10-27 22:51:19,038 DEBUG [main][ConstructorResolver.java:807] - Autowiring by type from bean name 'parameterRequiredReader' via constructor to bean named 'descriptionResolver'
2024-10-27 22:51:19,038 DEBUG [main][ConstructorResolver.java:807] - Autowiring by type from bean name 'parameterRequiredReader' via constructor to bean named 'descriptionResolver'
2024-10-27 22:51:19,038 DEBUG [main][DefaultSingletonBeanRegistry.java:225] - Creating shared instance of singleton bean 'parameterDataTypeReader'
2024-10-27 22:51:19,038 DEBUG [main][DefaultSingletonBeanRegistry.java:225] - Creating shared instance of singleton bean 'parameterDataTypeReader'
2024-10-27 22:51:19,039 DEBUG [main][ConstructorResolver.java:807] - Autowiring by type from bean name 'parameterDataTypeReader' via constructor to bean named 'typeNameExtractor'
2024-10-27 22:51:19,039 DEBUG [main][ConstructorResolver.java:807] - Autowiring by type from bean name 'parameterDataTypeReader' via constructor to bean named 'typeNameExtractor'
2024-10-27 22:51:19,039 DEBUG [main][ConstructorResolver.java:807] - Autowiring by type from bean name 'parameterDataTypeReader' via constructor to bean named 'typeResolver'
2024-10-27 22:51:19,039 DEBUG [main][ConstructorResolver.java:807] - Autowiring by type from bean name 'parameterDataTypeReader' via constructor to bean named 'typeResolver'
2024-10-27 22:51:19,039 DEBUG [main][ConstructorResolver.java:807] - Autowiring by type from bean name 'parameterDataTypeReader' via constructor to bean named 'jacksonEnumTypeDeterminer'
2024-10-27 22:51:19,039 DEBUG [main][ConstructorResolver.java:807] - Autowiring by type from bean name 'parameterDataTypeReader' via constructor to bean named 'jacksonEnumTypeDeterminer'
2024-10-27 22:51:19,039 DEBUG [main][DefaultSingletonBeanRegistry.java:225] - Creating shared instance of singleton bean 'parameterDefaultReader'
2024-10-27 22:51:19,039 DEBUG [main][DefaultSingletonBeanRegistry.java:225] - Creating shared instance of singleton bean 'parameterDefaultReader'
2024-10-27 22:51:19,039 DEBUG [main][ConstructorResolver.java:807] - Autowiring by type from bean name 'parameterDefaultReader' via constructor to bean named 'descriptionResolver'
2024-10-27 22:51:19,039 DEBUG [main][ConstructorResolver.java:807] - Autowiring by type from bean name 'parameterDefaultReader' via constructor to bean named 'descriptionResolver'
2024-10-27 22:51:19,039 DEBUG [main][DefaultSingletonBeanRegistry.java:225] - Creating shared instance of singleton bean 'parameterNameReader'
2024-10-27 22:51:19,039 DEBUG [main][DefaultSingletonBeanRegistry.java:225] - Creating shared instance of singleton bean 'parameterNameReader'
2024-10-27 22:51:19,040 DEBUG [main][DefaultSingletonBeanRegistry.java:225] - Creating shared instance of singleton bean 'expandedParameterBuilder'
2024-10-27 22:51:19,040 DEBUG [main][DefaultSingletonBeanRegistry.java:225] - Creating shared instance of singleton bean 'expandedParameterBuilder'
2024-10-27 22:51:19,040 DEBUG [main][ConstructorResolver.java:807] - Autowiring by type from bean name 'expandedParameterBuilder' via constructor to bean named 'typeResolver'
2024-10-27 22:51:19,040 DEBUG [main][ConstructorResolver.java:807] - Autowiring by type from bean name 'expandedParameterBuilder' via constructor to bean named 'typeResolver'
2024-10-27 22:51:19,040 DEBUG [main][ConstructorResolver.java:807] - Autowiring by type from bean name 'expandedParameterBuilder' via constructor to bean named 'jacksonEnumTypeDeterminer'
2024-10-27 22:51:19,040 DEBUG [main][ConstructorResolver.java:807] - Autowiring by type from bean name 'expandedParameterBuilder' via constructor to bean named 'jacksonEnumTypeDeterminer'
2024-10-27 22:51:19,040 DEBUG [main][DefaultSingletonBeanRegistry.java:225] - Creating shared instance of singleton bean 'documentationPluginsBootstrapper'
2024-10-27 22:51:19,040 DEBUG [main][DefaultSingletonBeanRegistry.java:225] - Creating shared instance of singleton bean 'documentationPluginsBootstrapper'
2024-10-27 22:51:19,041 DEBUG [main][DefaultSingletonBeanRegistry.java:225] - Creating shared instance of singleton bean 'webMvcRequestHandlerProvider'
2024-10-27 22:51:19,041 DEBUG [main][DefaultSingletonBeanRegistry.java:225] - Creating shared instance of singleton bean 'webMvcRequestHandlerProvider'
2024-10-27 22:51:19,042 DEBUG [main][DefaultSingletonBeanRegistry.java:225] - Creating shared instance of singleton bean 'methodResolver'
2024-10-27 22:51:19,042 DEBUG [main][DefaultSingletonBeanRegistry.java:225] - Creating shared instance of singleton bean 'methodResolver'
2024-10-27 22:51:19,042 DEBUG [main][ConstructorResolver.java:807] - Autowiring by type from bean name 'methodResolver' via factory method to bean named 'typeResolver'
2024-10-27 22:51:19,042 DEBUG [main][ConstructorResolver.java:807] - Autowiring by type from bean name 'methodResolver' via factory method to bean named 'typeResolver'
2024-10-27 22:51:19,044 DEBUG [main][DefaultSingletonBeanRegistry.java:225] - Creating shared instance of singleton bean 'requestMappingHandlerMapping'
2024-10-27 22:51:19,044 DEBUG [main][DefaultSingletonBeanRegistry.java:225] - Creating shared instance of singleton bean 'requestMappingHandlerMapping'
2024-10-27 22:51:19,044 DEBUG [main][DefaultSingletonBeanRegistry.java:225] - Creating shared instance of singleton bean 'org.springframework.boot.autoconfigure.web.servlet.WebMvcAutoConfiguration$EnableWebMvcConfiguration'
2024-10-27 22:51:19,044 DEBUG [main][DefaultSingletonBeanRegistry.java:225] - Creating shared instance of singleton bean 'org.springframework.boot.autoconfigure.web.servlet.WebMvcAutoConfiguration$EnableWebMvcConfiguration'
2024-10-27 22:51:19,045 DEBUG [main][DefaultSingletonBeanRegistry.java:225] - Creating shared instance of singleton bean 'spring.resources-org.springframework.boot.autoconfigure.web.ResourceProperties'
2024-10-27 22:51:19,045 DEBUG [main][DefaultSingletonBeanRegistry.java:225] - Creating shared instance of singleton bean 'spring.resources-org.springframework.boot.autoconfigure.web.ResourceProperties'
2024-10-27 22:51:19,046 DEBUG [main][ConstructorResolver.java:807] - Autowiring by type from bean name 'org.springframework.boot.autoconfigure.web.servlet.WebMvcAutoConfiguration$EnableWebMvcConfiguration' via constructor to bean named 'spring.resources-org.springframework.boot.autoconfigure.web.ResourceProperties'
2024-10-27 22:51:19,046 DEBUG [main][ConstructorResolver.java:807] - Autowiring by type from bean name 'org.springframework.boot.autoconfigure.web.servlet.WebMvcAutoConfiguration$EnableWebMvcConfiguration' via constructor to bean named 'spring.resources-org.springframework.boot.autoconfigure.web.ResourceProperties'
2024-10-27 22:51:19,047 DEBUG [main][ConstructorResolver.java:807] - Autowiring by type from bean name 'org.springframework.boot.autoconfigure.web.servlet.WebMvcAutoConfiguration$EnableWebMvcConfiguration' via constructor to bean named 'org.springframework.beans.factory.support.DefaultListableBeanFactory@57459491'
2024-10-27 22:51:19,047 DEBUG [main][ConstructorResolver.java:807] - Autowiring by type from bean name 'org.springframework.boot.autoconfigure.web.servlet.WebMvcAutoConfiguration$EnableWebMvcConfiguration' via constructor to bean named 'org.springframework.beans.factory.support.DefaultListableBeanFactory@57459491'
2024-10-27 22:51:19,051 DEBUG [main][DefaultSingletonBeanRegistry.java:225] - Creating shared instance of singleton bean 'org.springframework.boot.autoconfigure.web.servlet.WebMvcAutoConfiguration$WebMvcAutoConfigurationAdapter'
2024-10-27 22:51:19,051 DEBUG [main][DefaultSingletonBeanRegistry.java:225] - Creating shared instance of singleton bean 'org.springframework.boot.autoconfigure.web.servlet.WebMvcAutoConfiguration$WebMvcAutoConfigurationAdapter'
2024-10-27 22:51:19,051 DEBUG [main][ConstructorResolver.java:807] - Autowiring by type from bean name 'org.springframework.boot.autoconfigure.web.servlet.WebMvcAutoConfiguration$WebMvcAutoConfigurationAdapter' via constructor to bean named 'spring.resources-org.springframework.boot.autoconfigure.web.ResourceProperties'
2024-10-27 22:51:19,051 DEBUG [main][ConstructorResolver.java:807] - Autowiring by type from bean name 'org.springframework.boot.autoconfigure.web.servlet.WebMvcAutoConfiguration$WebMvcAutoConfigurationAdapter' via constructor to bean named 'spring.resources-org.springframework.boot.autoconfigure.web.ResourceProperties'
2024-10-27 22:51:19,052 DEBUG [main][ConstructorResolver.java:807] - Autowiring by type from bean name 'org.springframework.boot.autoconfigure.web.servlet.WebMvcAutoConfiguration$WebMvcAutoConfigurationAdapter' via constructor to bean named 'spring.mvc-org.springframework.boot.autoconfigure.web.servlet.WebMvcProperties'
2024-10-27 22:51:19,052 DEBUG [main][ConstructorResolver.java:807] - Autowiring by type from bean name 'org.springframework.boot.autoconfigure.web.servlet.WebMvcAutoConfiguration$WebMvcAutoConfigurationAdapter' via constructor to bean named 'spring.mvc-org.springframework.boot.autoconfigure.web.servlet.WebMvcProperties'
2024-10-27 22:51:19,052 DEBUG [main][ConstructorResolver.java:807] - Autowiring by type from bean name 'org.springframework.boot.autoconfigure.web.servlet.WebMvcAutoConfiguration$WebMvcAutoConfigurationAdapter' via constructor to bean named 'org.springframework.beans.factory.support.DefaultListableBeanFactory@57459491'
2024-10-27 22:51:19,052 DEBUG [main][ConstructorResolver.java:807] - Autowiring by type from bean name 'org.springframework.boot.autoconfigure.web.servlet.WebMvcAutoConfiguration$WebMvcAutoConfigurationAdapter' via constructor to bean named 'org.springframework.beans.factory.support.DefaultListableBeanFactory@57459491'
2024-10-27 22:51:19,053 DEBUG [main][DefaultSingletonBeanRegistry.java:225] - Creating shared instance of singleton bean 'mvcContentNegotiationManager'
2024-10-27 22:51:19,053 DEBUG [main][DefaultSingletonBeanRegistry.java:225] - Creating shared instance of singleton bean 'mvcContentNegotiationManager'
2024-10-27 22:51:19,056 DEBUG [main][DefaultSingletonBeanRegistry.java:225] - Creating shared instance of singleton bean 'mvcConversionService'
2024-10-27 22:51:19,056 DEBUG [main][DefaultSingletonBeanRegistry.java:225] - Creating shared instance of singleton bean 'mvcConversionService'
2024-10-27 22:51:19,058 DEBUG [main][DefaultSingletonBeanRegistry.java:225] - Creating shared instance of singleton bean 'mvcResourceUrlProvider'
2024-10-27 22:51:19,058 DEBUG [main][DefaultSingletonBeanRegistry.java:225] - Creating shared instance of singleton bean 'mvcResourceUrlProvider'
2024-10-27 22:51:19,061 DEBUG [main][ConstructorResolver.java:807] - Autowiring by type from bean name 'requestMappingHandlerMapping' via factory method to bean named 'mvcContentNegotiationManager'
2024-10-27 22:51:19,061 DEBUG [main][ConstructorResolver.java:807] - Autowiring by type from bean name 'requestMappingHandlerMapping' via factory method to bean named 'mvcContentNegotiationManager'
2024-10-27 22:51:19,061 DEBUG [main][ConstructorResolver.java:807] - Autowiring by type from bean name 'requestMappingHandlerMapping' via factory method to bean named 'mvcConversionService'
2024-10-27 22:51:19,061 DEBUG [main][ConstructorResolver.java:807] - Autowiring by type from bean name 'requestMappingHandlerMapping' via factory method to bean named 'mvcConversionService'
2024-10-27 22:51:19,061 DEBUG [main][ConstructorResolver.java:807] - Autowiring by type from bean name 'requestMappingHandlerMapping' via factory method to bean named 'mvcResourceUrlProvider'
2024-10-27 22:51:19,061 DEBUG [main][ConstructorResolver.java:807] - Autowiring by type from bean name 'requestMappingHandlerMapping' via factory method to bean named 'mvcResourceUrlProvider'
2024-10-27 22:51:19,062 DEBUG [main][ConstructorResolver.java:807] - Autowiring by type from bean name 'requestMappingHandlerMapping' via factory method to bean named 'mvcContentNegotiationManager'
2024-10-27 22:51:19,062 DEBUG [main][ConstructorResolver.java:807] - Autowiring by type from bean name 'requestMappingHandlerMapping' via factory method to bean named 'mvcContentNegotiationManager'
2024-10-27 22:51:19,062 DEBUG [main][ConstructorResolver.java:807] - Autowiring by type from bean name 'requestMappingHandlerMapping' via factory method to bean named 'mvcConversionService'
2024-10-27 22:51:19,062 DEBUG [main][ConstructorResolver.java:807] - Autowiring by type from bean name 'requestMappingHandlerMapping' via factory method to bean named 'mvcConversionService'
2024-10-27 22:51:19,062 DEBUG [main][ConstructorResolver.java:807] - Autowiring by type from bean name 'requestMappingHandlerMapping' via factory method to bean named 'mvcResourceUrlProvider'
2024-10-27 22:51:19,062 DEBUG [main][ConstructorResolver.java:807] - Autowiring by type from bean name 'requestMappingHandlerMapping' via factory method to bean named 'mvcResourceUrlProvider'
2024-10-27 22:51:19,082 DEBUG [main][AbstractHandlerMethodMapping.java:351] - 6 mappings in 'requestMappingHandlerMapping'
2024-10-27 22:51:19,082 DEBUG [main][AbstractHandlerMethodMapping.java:351] - 6 mappings in 'requestMappingHandlerMapping'
2024-10-27 22:51:19,083 DEBUG [main][ConstructorResolver.java:807] - Autowiring by type from bean name 'webMvcRequestHandlerProvider' via constructor to bean named 'methodResolver'
2024-10-27 22:51:19,083 DEBUG [main][ConstructorResolver.java:807] - Autowiring by type from bean name 'webMvcRequestHandlerProvider' via constructor to bean named 'methodResolver'
2024-10-27 22:51:19,083 DEBUG [main][ConstructorResolver.java:807] - Autowiring by type from bean name 'webMvcRequestHandlerProvider' via constructor to bean named 'requestMappingHandlerMapping'
2024-10-27 22:51:19,083 DEBUG [main][ConstructorResolver.java:807] - Autowiring by type from bean name 'webMvcRequestHandlerProvider' via constructor to bean named 'requestMappingHandlerMapping'
2024-10-27 22:51:19,083 DEBUG [main][DefaultSingletonBeanRegistry.java:225] - Creating shared instance of singleton bean 'resourceGroupCache'
2024-10-27 22:51:19,083 DEBUG [main][DefaultSingletonBeanRegistry.java:225] - Creating shared instance of singleton bean 'resourceGroupCache'
2024-10-27 22:51:19,084 DEBUG [main][DefaultSingletonBeanRegistry.java:225] - Creating shared instance of singleton bean 'defaults'
2024-10-27 22:51:19,084 DEBUG [main][DefaultSingletonBeanRegistry.java:225] - Creating shared instance of singleton bean 'defaults'
2024-10-27 22:51:19,137 DEBUG [main][ConstructorResolver.java:807] - Autowiring by type from bean name 'documentationPluginsBootstrapper' via constructor to bean named 'documentationPluginsManager'
2024-10-27 22:51:19,137 DEBUG [main][ConstructorResolver.java:807] - Autowiring by type from bean name 'documentationPluginsBootstrapper' via constructor to bean named 'documentationPluginsManager'
2024-10-27 22:51:19,137 DEBUG [main][ConstructorResolver.java:807] - Autowiring by type from bean name 'documentationPluginsBootstrapper' via constructor to bean named 'webMvcRequestHandlerProvider'
2024-10-27 22:51:19,137 DEBUG [main][ConstructorResolver.java:807] - Autowiring by type from bean name 'documentationPluginsBootstrapper' via constructor to bean named 'webMvcRequestHandlerProvider'
2024-10-27 22:51:19,137 DEBUG [main][ConstructorResolver.java:807] - Autowiring by type from bean name 'documentationPluginsBootstrapper' via constructor to bean named 'resourceGroupCache'
2024-10-27 22:51:19,137 DEBUG [main][ConstructorResolver.java:807] - Autowiring by type from bean name 'documentationPluginsBootstrapper' via constructor to bean named 'resourceGroupCache'
2024-10-27 22:51:19,137 DEBUG [main][ConstructorResolver.java:807] - Autowiring by type from bean name 'documentationPluginsBootstrapper' via constructor to bean named 'apiDocumentationScanner'
2024-10-27 22:51:19,137 DEBUG [main][ConstructorResolver.java:807] - Autowiring by type from bean name 'documentationPluginsBootstrapper' via constructor to bean named 'apiDocumentationScanner'
2024-10-27 22:51:19,137 DEBUG [main][ConstructorResolver.java:807] - Autowiring by type from bean name 'documentationPluginsBootstrapper' via constructor to bean named 'typeResolver'
2024-10-27 22:51:19,137 DEBUG [main][ConstructorResolver.java:807] - Autowiring by type from bean name 'documentationPluginsBootstrapper' via constructor to bean named 'defaults'
2024-10-27 22:51:19,137 DEBUG [main][ConstructorResolver.java:807] - Autowiring by type from bean name 'documentationPluginsBootstrapper' via constructor to bean named 'servletContext'
2024-10-27 22:51:19,137 DEBUG [main][ConstructorResolver.java:807] - Autowiring by type from bean name 'documentationPluginsBootstrapper' via constructor to bean named 'environment'
2024-10-27 22:51:19,137 DEBUG [main][ConstructorResolver.java:807] - Autowiring by type from bean name 'documentationPluginsBootstrapper' via constructor to bean named 'typeResolver'
2024-10-27 22:51:19,137 DEBUG [main][ConstructorResolver.java:807] - Autowiring by type from bean name 'documentationPluginsBootstrapper' via constructor to bean named 'defaults'
2024-10-27 22:51:19,137 DEBUG [main][ConstructorResolver.java:807] - Autowiring by type from bean name 'documentationPluginsBootstrapper' via constructor to bean named 'servletContext'
2024-10-27 22:51:19,137 DEBUG [main][ConstructorResolver.java:807] - Autowiring by type from bean name 'documentationPluginsBootstrapper' via constructor to bean named 'environment'
2024-10-27 22:51:19,139 DEBUG [main][DefaultSingletonBeanRegistry.java:225] - Creating shared instance of singleton bean 'queryStringUriTemplateDecorator'
2024-10-27 22:51:19,139 DEBUG [main][DefaultSingletonBeanRegistry.java:225] - Creating shared instance of singleton bean 'queryStringUriTemplateDecorator'
2024-10-27 22:51:19,139 DEBUG [main][DefaultSingletonBeanRegistry.java:225] - Creating shared instance of singleton bean 'pathMappingDecorator'
2024-10-27 22:51:19,139 DEBUG [main][DefaultSingletonBeanRegistry.java:225] - Creating shared instance of singleton bean 'pathMappingDecorator'
2024-10-27 22:51:19,139 DEBUG [main][DefaultSingletonBeanRegistry.java:225] - Creating shared instance of singleton bean 'pathSanitizer'
2024-10-27 22:51:19,139 DEBUG [main][DefaultSingletonBeanRegistry.java:225] - Creating shared instance of singleton bean 'pathSanitizer'
2024-10-27 22:51:19,139 DEBUG [main][DefaultSingletonBeanRegistry.java:225] - Creating shared instance of singleton bean 'operationPathDecorator'
2024-10-27 22:51:19,139 DEBUG [main][DefaultSingletonBeanRegistry.java:225] - Creating shared instance of singleton bean 'operationPathDecorator'
2024-10-27 22:51:19,140 DEBUG [main][DefaultSingletonBeanRegistry.java:225] - Creating shared instance of singleton bean 'propertyDiscriminatorBasedInheritancePlugin'
2024-10-27 22:51:19,140 DEBUG [main][DefaultSingletonBeanRegistry.java:225] - Creating shared instance of singleton bean 'propertyDiscriminatorBasedInheritancePlugin'
2024-10-27 22:51:19,140 DEBUG [main][ConstructorResolver.java:807] - Autowiring by type from bean name 'propertyDiscriminatorBasedInheritancePlugin' via constructor to bean named 'typeResolver'
2024-10-27 22:51:19,140 DEBUG [main][ConstructorResolver.java:807] - Autowiring by type from bean name 'propertyDiscriminatorBasedInheritancePlugin' via constructor to bean named 'typeResolver'
2024-10-27 22:51:19,140 DEBUG [main][ConstructorResolver.java:807] - Autowiring by type from bean name 'propertyDiscriminatorBasedInheritancePlugin' via constructor to bean named 'typeNameExtractor'
2024-10-27 22:51:19,140 DEBUG [main][ConstructorResolver.java:807] - Autowiring by type from bean name 'propertyDiscriminatorBasedInheritancePlugin' via constructor to bean named 'typeNameExtractor'
2024-10-27 22:51:19,140 DEBUG [main][DefaultSingletonBeanRegistry.java:225] - Creating shared instance of singleton bean 'xmlModelPlugin'
2024-10-27 22:51:19,140 DEBUG [main][DefaultSingletonBeanRegistry.java:225] - Creating shared instance of singleton bean 'xmlModelPlugin'
2024-10-27 22:51:19,141 DEBUG [main][ConstructorResolver.java:807] - Autowiring by type from bean name 'xmlModelPlugin' via constructor to bean named 'typeResolver'
2024-10-27 22:51:19,141 DEBUG [main][ConstructorResolver.java:807] - Autowiring by type from bean name 'xmlModelPlugin' via constructor to bean named 'typeResolver'
2024-10-27 22:51:19,141 DEBUG [main][DefaultSingletonBeanRegistry.java:225] - Creating shared instance of singleton bean 'xmlPropertyPlugin'
2024-10-27 22:51:19,141 DEBUG [main][DefaultSingletonBeanRegistry.java:225] - Creating shared instance of singleton bean 'xmlPropertyPlugin'
2024-10-27 22:51:19,141 DEBUG [main][DefaultSingletonBeanRegistry.java:225] - Creating shared instance of singleton bean 'apiModelPropertyPropertyBuilder'
2024-10-27 22:51:19,141 DEBUG [main][DefaultSingletonBeanRegistry.java:225] - Creating shared instance of singleton bean 'apiModelPropertyPropertyBuilder'
2024-10-27 22:51:19,142 DEBUG [main][ConstructorResolver.java:807] - Autowiring by type from bean name 'apiModelPropertyPropertyBuilder' via constructor to bean named 'descriptionResolver'
2024-10-27 22:51:19,142 DEBUG [main][ConstructorResolver.java:807] - Autowiring by type from bean name 'apiModelPropertyPropertyBuilder' via constructor to bean named 'descriptionResolver'
2024-10-27 22:51:19,142 DEBUG [main][DefaultSingletonBeanRegistry.java:225] - Creating shared instance of singleton bean 'apiModelTypeNameProvider'
2024-10-27 22:51:19,142 DEBUG [main][DefaultSingletonBeanRegistry.java:225] - Creating shared instance of singleton bean 'apiModelTypeNameProvider'
2024-10-27 22:51:19,142 DEBUG [main][DefaultSingletonBeanRegistry.java:225] - Creating shared instance of singleton bean 'apiModelBuilder'
2024-10-27 22:51:19,142 DEBUG [main][DefaultSingletonBeanRegistry.java:225] - Creating shared instance of singleton bean 'apiModelBuilder'
2024-10-27 22:51:19,143 DEBUG [main][ConstructorResolver.java:807] - Autowiring by type from bean name 'apiModelBuilder' via constructor to bean named 'typeResolver'
2024-10-27 22:51:19,143 DEBUG [main][ConstructorResolver.java:807] - Autowiring by type from bean name 'apiModelBuilder' via constructor to bean named 'typeResolver'
2024-10-27 22:51:19,143 DEBUG [main][ConstructorResolver.java:807] - Autowiring by type from bean name 'apiModelBuilder' via constructor to bean named 'typeNameExtractor'
2024-10-27 22:51:19,143 DEBUG [main][ConstructorResolver.java:807] - Autowiring by type from bean name 'apiModelBuilder' via constructor to bean named 'typeNameExtractor'
2024-10-27 22:51:19,143 DEBUG [main][DefaultSingletonBeanRegistry.java:225] - Creating shared instance of singleton bean 'operationImplicitParameterReader'
2024-10-27 22:51:19,143 DEBUG [main][DefaultSingletonBeanRegistry.java:225] - Creating shared instance of singleton bean 'operationImplicitParameterReader'
2024-10-27 22:51:19,143 DEBUG [main][ConstructorResolver.java:807] - Autowiring by type from bean name 'operationImplicitParameterReader' via constructor to bean named 'descriptionResolver'
2024-10-27 22:51:19,143 DEBUG [main][ConstructorResolver.java:807] - Autowiring by type from bean name 'operationImplicitParameterReader' via constructor to bean named 'descriptionResolver'
2024-10-27 22:51:19,144 DEBUG [main][DefaultSingletonBeanRegistry.java:225] - Creating shared instance of singleton bean 'vendorExtensionsReader'
2024-10-27 22:51:19,144 DEBUG [main][DefaultSingletonBeanRegistry.java:225] - Creating shared instance of singleton bean 'vendorExtensionsReader'
2024-10-27 22:51:19,144 DEBUG [main][DefaultSingletonBeanRegistry.java:225] - Creating shared instance of singleton bean 'swaggerOperationResponseClassReader'
2024-10-27 22:51:19,144 DEBUG [main][DefaultSingletonBeanRegistry.java:225] - Creating shared instance of singleton bean 'swaggerOperationResponseClassReader'
2024-10-27 22:51:19,144 DEBUG [main][ConstructorResolver.java:807] - Autowiring by type from bean name 'swaggerOperationResponseClassReader' via constructor to bean named 'typeResolver'
2024-10-27 22:51:19,144 DEBUG [main][ConstructorResolver.java:807] - Autowiring by type from bean name 'swaggerOperationResponseClassReader' via constructor to bean named 'typeResolver'
2024-10-27 22:51:19,144 DEBUG [main][ConstructorResolver.java:807] - Autowiring by type from bean name 'swaggerOperationResponseClassReader' via constructor to bean named 'typeNameExtractor'
2024-10-27 22:51:19,144 DEBUG [main][ConstructorResolver.java:807] - Autowiring by type from bean name 'swaggerOperationResponseClassReader' via constructor to bean named 'typeNameExtractor'
2024-10-27 22:51:19,145 DEBUG [main][DefaultSingletonBeanRegistry.java:225] - Creating shared instance of singleton bean 'swaggerOperationModelsProvider'
2024-10-27 22:51:19,145 DEBUG [main][DefaultSingletonBeanRegistry.java:225] - Creating shared instance of singleton bean 'swaggerOperationModelsProvider'
2024-10-27 22:51:19,145 DEBUG [main][ConstructorResolver.java:807] - Autowiring by type from bean name 'swaggerOperationModelsProvider' via constructor to bean named 'typeResolver'
2024-10-27 22:51:19,145 DEBUG [main][ConstructorResolver.java:807] - Autowiring by type from bean name 'swaggerOperationModelsProvider' via constructor to bean named 'typeResolver'
2024-10-27 22:51:19,145 DEBUG [main][DefaultSingletonBeanRegistry.java:225] - Creating shared instance of singleton bean 'swaggerMediaTypeReader'
2024-10-27 22:51:19,145 DEBUG [main][DefaultSingletonBeanRegistry.java:225] - Creating shared instance of singleton bean 'swaggerMediaTypeReader'
2024-10-27 22:51:19,145 DEBUG [main][DefaultSingletonBeanRegistry.java:225] - Creating shared instance of singleton bean 'operationHttpMethodReader'
2024-10-27 22:51:19,145 DEBUG [main][DefaultSingletonBeanRegistry.java:225] - Creating shared instance of singleton bean 'operationHttpMethodReader'
2024-10-27 22:51:19,145 DEBUG [main][DefaultSingletonBeanRegistry.java:225] - Creating shared instance of singleton bean 'operationImplicitParametersReader'
2024-10-27 22:51:19,145 DEBUG [main][DefaultSingletonBeanRegistry.java:225] - Creating shared instance of singleton bean 'operationImplicitParametersReader'
2024-10-27 22:51:19,145 DEBUG [main][ConstructorResolver.java:807] - Autowiring by type from bean name 'operationImplicitParametersReader' via constructor to bean named 'descriptionResolver'
2024-10-27 22:51:19,145 DEBUG [main][ConstructorResolver.java:807] - Autowiring by type from bean name 'operationImplicitParametersReader' via constructor to bean named 'descriptionResolver'
2024-10-27 22:51:19,146 DEBUG [main][DefaultSingletonBeanRegistry.java:225] - Creating shared instance of singleton bean 'operationAuthReader'
2024-10-27 22:51:19,146 DEBUG [main][DefaultSingletonBeanRegistry.java:225] - Creating shared instance of singleton bean 'operationAuthReader'
2024-10-27 22:51:19,146 DEBUG [main][DefaultSingletonBeanRegistry.java:225] - Creating shared instance of singleton bean 'operationHiddenReader'
2024-10-27 22:51:19,146 DEBUG [main][DefaultSingletonBeanRegistry.java:225] - Creating shared instance of singleton bean 'operationHiddenReader'
2024-10-27 22:51:19,146 DEBUG [main][DefaultSingletonBeanRegistry.java:225] - Creating shared instance of singleton bean 'operationSummaryReader'
2024-10-27 22:51:19,146 DEBUG [main][DefaultSingletonBeanRegistry.java:225] - Creating shared instance of singleton bean 'operationSummaryReader'
2024-10-27 22:51:19,146 DEBUG [main][ConstructorResolver.java:807] - Autowiring by type from bean name 'operationSummaryReader' via constructor to bean named 'descriptionResolver'
2024-10-27 22:51:19,146 DEBUG [main][ConstructorResolver.java:807] - Autowiring by type from bean name 'operationSummaryReader' via constructor to bean named 'descriptionResolver'
2024-10-27 22:51:19,147 DEBUG [main][DefaultSingletonBeanRegistry.java:225] - Creating shared instance of singleton bean 'swaggerResponseMessageReader'
2024-10-27 22:51:19,147 DEBUG [main][DefaultSingletonBeanRegistry.java:225] - Creating shared instance of singleton bean 'swaggerResponseMessageReader'
2024-10-27 22:51:19,147 DEBUG [main][ConstructorResolver.java:807] - Autowiring by type from bean name 'swaggerResponseMessageReader' via constructor to bean named 'typeNameExtractor'
2024-10-27 22:51:19,147 DEBUG [main][ConstructorResolver.java:807] - Autowiring by type from bean name 'swaggerResponseMessageReader' via constructor to bean named 'typeNameExtractor'
2024-10-27 22:51:19,147 DEBUG [main][ConstructorResolver.java:807] - Autowiring by type from bean name 'swaggerResponseMessageReader' via constructor to bean named 'typeResolver'
2024-10-27 22:51:19,147 DEBUG [main][ConstructorResolver.java:807] - Autowiring by type from bean name 'swaggerResponseMessageReader' via constructor to bean named 'typeResolver'
2024-10-27 22:51:19,147 DEBUG [main][DefaultSingletonBeanRegistry.java:225] - Creating shared instance of singleton bean 'operationNicknameIntoUniqueIdReader'
2024-10-27 22:51:19,147 DEBUG [main][DefaultSingletonBeanRegistry.java:225] - Creating shared instance of singleton bean 'operationNicknameIntoUniqueIdReader'
2024-10-27 22:51:19,147 DEBUG [main][DefaultSingletonBeanRegistry.java:225] - Creating shared instance of singleton bean 'operationPositionReader'
2024-10-27 22:51:19,147 DEBUG [main][DefaultSingletonBeanRegistry.java:225] - Creating shared instance of singleton bean 'operationPositionReader'
2024-10-27 22:51:19,147 DEBUG [main][DefaultSingletonBeanRegistry.java:225] - Creating shared instance of singleton bean 'operationNotesReader'
2024-10-27 22:51:19,147 DEBUG [main][DefaultSingletonBeanRegistry.java:225] - Creating shared instance of singleton bean 'operationNotesReader'
2024-10-27 22:51:19,148 DEBUG [main][ConstructorResolver.java:807] - Autowiring by type from bean name 'operationNotesReader' via constructor to bean named 'descriptionResolver'
2024-10-27 22:51:19,148 DEBUG [main][ConstructorResolver.java:807] - Autowiring by type from bean name 'operationNotesReader' via constructor to bean named 'descriptionResolver'
2024-10-27 22:51:19,148 DEBUG [main][DefaultSingletonBeanRegistry.java:225] - Creating shared instance of singleton bean 'swaggerOperationTagsReader'
2024-10-27 22:51:19,148 DEBUG [main][DefaultSingletonBeanRegistry.java:225] - Creating shared instance of singleton bean 'swaggerOperationTagsReader'
2024-10-27 22:51:19,148 DEBUG [main][ConstructorResolver.java:807] - Autowiring by type from bean name 'swaggerOperationTagsReader' via constructor to bean named 'defaultTagsProvider'
2024-10-27 22:51:19,148 DEBUG [main][ConstructorResolver.java:807] - Autowiring by type from bean name 'swaggerOperationTagsReader' via constructor to bean named 'defaultTagsProvider'
2024-10-27 22:51:19,148 DEBUG [main][DefaultSingletonBeanRegistry.java:225] - Creating shared instance of singleton bean 'swaggerParameterDescriptionReader'
2024-10-27 22:51:19,148 DEBUG [main][DefaultSingletonBeanRegistry.java:225] - Creating shared instance of singleton bean 'swaggerParameterDescriptionReader'
2024-10-27 22:51:19,149 DEBUG [main][ConstructorResolver.java:807] - Autowiring by type from bean name 'swaggerParameterDescriptionReader' via constructor to bean named 'descriptionResolver'
2024-10-27 22:51:19,149 DEBUG [main][ConstructorResolver.java:807] - Autowiring by type from bean name 'swaggerParameterDescriptionReader' via constructor to bean named 'descriptionResolver'
2024-10-27 22:51:19,149 DEBUG [main][ConstructorResolver.java:807] - Autowiring by type from bean name 'swaggerParameterDescriptionReader' via constructor to bean named 'jacksonEnumTypeDeterminer'
2024-10-27 22:51:19,149 DEBUG [main][ConstructorResolver.java:807] - Autowiring by type from bean name 'swaggerParameterDescriptionReader' via constructor to bean named 'jacksonEnumTypeDeterminer'
2024-10-27 22:51:19,149 DEBUG [main][DefaultSingletonBeanRegistry.java:225] - Creating shared instance of singleton bean 'swaggerExpandedParameterBuilder'
2024-10-27 22:51:19,149 DEBUG [main][DefaultSingletonBeanRegistry.java:225] - Creating shared instance of singleton bean 'swaggerExpandedParameterBuilder'
2024-10-27 22:51:19,150 DEBUG [main][ConstructorResolver.java:807] - Autowiring by type from bean name 'swaggerExpandedParameterBuilder' via constructor to bean named 'descriptionResolver'
2024-10-27 22:51:19,150 DEBUG [main][ConstructorResolver.java:807] - Autowiring by type from bean name 'swaggerExpandedParameterBuilder' via constructor to bean named 'descriptionResolver'
2024-10-27 22:51:19,150 DEBUG [main][ConstructorResolver.java:807] - Autowiring by type from bean name 'swaggerExpandedParameterBuilder' via constructor to bean named 'jacksonEnumTypeDeterminer'
2024-10-27 22:51:19,150 DEBUG [main][ConstructorResolver.java:807] - Autowiring by type from bean name 'swaggerExpandedParameterBuilder' via constructor to bean named 'jacksonEnumTypeDeterminer'
2024-10-27 22:51:19,150 DEBUG [main][DefaultSingletonBeanRegistry.java:225] - Creating shared instance of singleton bean 'swaggerApiListingReader'
2024-10-27 22:51:19,150 DEBUG [main][DefaultSingletonBeanRegistry.java:225] - Creating shared instance of singleton bean 'swaggerApiListingReader'
2024-10-27 22:51:19,150 DEBUG [main][DefaultSingletonBeanRegistry.java:225] - Creating shared instance of singleton bean 'classOrApiAnnotationResourceGrouping'
2024-10-27 22:51:19,150 DEBUG [main][DefaultSingletonBeanRegistry.java:225] - Creating shared instance of singleton bean 'classOrApiAnnotationResourceGrouping'
2024-10-27 22:51:19,150 DEBUG [main][DefaultSingletonBeanRegistry.java:225] - Creating shared instance of singleton bean 'inMemorySwaggerResourcesProvider'
2024-10-27 22:51:19,150 DEBUG [main][DefaultSingletonBeanRegistry.java:225] - Creating shared instance of singleton bean 'inMemorySwaggerResourcesProvider'
2024-10-27 22:51:19,151 DEBUG [main][ConstructorResolver.java:807] - Autowiring by type from bean name 'inMemorySwaggerResourcesProvider' via constructor to bean named 'environment'
2024-10-27 22:51:19,151 DEBUG [main][ConstructorResolver.java:807] - Autowiring by type from bean name 'inMemorySwaggerResourcesProvider' via constructor to bean named 'environment'
2024-10-27 22:51:19,151 DEBUG [main][ConstructorResolver.java:807] - Autowiring by type from bean name 'inMemorySwaggerResourcesProvider' via constructor to bean named 'resourceGroupCache'
2024-10-27 22:51:19,151 DEBUG [main][ConstructorResolver.java:807] - Autowiring by type from bean name 'inMemorySwaggerResourcesProvider' via constructor to bean named 'resourceGroupCache'
2024-10-27 22:51:19,151 DEBUG [main][DefaultSingletonBeanRegistry.java:225] - Creating shared instance of singleton bean 'apiResourceController'
2024-10-27 22:51:19,151 DEBUG [main][DefaultSingletonBeanRegistry.java:225] - Creating shared instance of singleton bean 'apiResourceController'
2024-10-27 22:51:19,152 DEBUG [main][ConstructorResolver.java:807] - Autowiring by type from bean name 'apiResourceController' via constructor to bean named 'inMemorySwaggerResourcesProvider'
2024-10-27 22:51:19,152 DEBUG [main][ConstructorResolver.java:807] - Autowiring by type from bean name 'apiResourceController' via constructor to bean named 'inMemorySwaggerResourcesProvider'
2024-10-27 22:51:19,153 DEBUG [main][DefaultSingletonBeanRegistry.java:225] - Creating shared instance of singleton bean 'uiConfiguration'
2024-10-27 22:51:19,153 DEBUG [main][DefaultSingletonBeanRegistry.java:225] - Creating shared instance of singleton bean 'uiConfiguration'
2024-10-27 22:51:19,153 DEBUG [main][DefaultSingletonBeanRegistry.java:225] - Creating shared instance of singleton bean 'com.spring4all.swagger.SwaggerAutoConfiguration'
2024-10-27 22:51:19,153 DEBUG [main][DefaultSingletonBeanRegistry.java:225] - Creating shared instance of singleton bean 'com.spring4all.swagger.SwaggerAutoConfiguration'
2024-10-27 22:51:19,155 DEBUG [main][DefaultSingletonBeanRegistry.java:225] - Creating shared instance of singleton bean 'swaggerProperties'
2024-10-27 22:51:19,155 DEBUG [main][DefaultSingletonBeanRegistry.java:225] - Creating shared instance of singleton bean 'swaggerProperties'
2024-10-27 22:51:19,159 DEBUG [main][ConstructorResolver.java:807] - Autowiring by type from bean name 'uiConfiguration' via factory method to bean named 'swaggerProperties'
2024-10-27 22:51:19,159 DEBUG [main][ConstructorResolver.java:807] - Autowiring by type from bean name 'uiConfiguration' via factory method to bean named 'swaggerProperties'
2024-10-27 22:51:19,161 DEBUG [main][DefaultSingletonBeanRegistry.java:225] - Creating shared instance of singleton bean 'jsonSerializer'
2024-10-27 22:51:19,161 DEBUG [main][DefaultSingletonBeanRegistry.java:225] - Creating shared instance of singleton bean 'jsonSerializer'
2024-10-27 22:51:19,161 DEBUG [main][DefaultSingletonBeanRegistry.java:225] - Creating shared instance of singleton bean 'swagger2Module'
2024-10-27 22:51:19,161 DEBUG [main][DefaultSingletonBeanRegistry.java:225] - Creating shared instance of singleton bean 'swagger2Module'
2024-10-27 22:51:19,161 DEBUG [main][DefaultSingletonBeanRegistry.java:225] - Creating shared instance of singleton bean 'springfox.documentation.swagger2.configuration.Swagger2DocumentationConfiguration'
2024-10-27 22:51:19,161 DEBUG [main][DefaultSingletonBeanRegistry.java:225] - Creating shared instance of singleton bean 'springfox.documentation.swagger2.configuration.Swagger2DocumentationConfiguration'
2024-10-27 22:51:19,163 DEBUG [main][ConstructorResolver.java:807] - Autowiring by type from bean name 'jsonSerializer' via factory method to bean named 'swagger2Module'
2024-10-27 22:51:19,163 DEBUG [main][ConstructorResolver.java:807] - Autowiring by type from bean name 'jsonSerializer' via factory method to bean named 'swagger2Module'
2024-10-27 22:51:19,165 DEBUG [main][DefaultSingletonBeanRegistry.java:225] - Creating shared instance of singleton bean 'springfox.documentation.swagger.configuration.SwaggerCommonConfiguration'
2024-10-27 22:51:19,165 DEBUG [main][DefaultSingletonBeanRegistry.java:225] - Creating shared instance of singleton bean 'springfox.documentation.swagger.configuration.SwaggerCommonConfiguration'
2024-10-27 22:51:19,165 DEBUG [main][DefaultSingletonBeanRegistry.java:225] - Creating shared instance of singleton bean 'swagger2ControllerMapping'
2024-10-27 22:51:19,165 DEBUG [main][DefaultSingletonBeanRegistry.java:225] - Creating shared instance of singleton bean 'swagger2ControllerMapping'
2024-10-27 22:51:19,166 DEBUG [main][ConstructorResolver.java:807] - Autowiring by type from bean name 'swagger2ControllerMapping' via factory method to bean named 'environment'
2024-10-27 22:51:19,166 DEBUG [main][ConstructorResolver.java:807] - Autowiring by type from bean name 'swagger2ControllerMapping' via factory method to bean named 'environment'
2024-10-27 22:51:19,166 DEBUG [main][ConstructorResolver.java:807] - Autowiring by type from bean name 'swagger2ControllerMapping' via factory method to bean named 'resourceGroupCache'
2024-10-27 22:51:19,166 DEBUG [main][ConstructorResolver.java:807] - Autowiring by type from bean name 'swagger2ControllerMapping' via factory method to bean named 'resourceGroupCache'
2024-10-27 22:51:19,166 DEBUG [main][ConstructorResolver.java:807] - Autowiring by type from bean name 'swagger2ControllerMapping' via factory method to bean named 'serviceModelToSwagger2MapperImpl'
2024-10-27 22:51:19,166 DEBUG [main][ConstructorResolver.java:807] - Autowiring by type from bean name 'swagger2ControllerMapping' via factory method to bean named 'serviceModelToSwagger2MapperImpl'
2024-10-27 22:51:19,166 DEBUG [main][ConstructorResolver.java:807] - Autowiring by type from bean name 'swagger2ControllerMapping' via factory method to bean named 'jsonSerializer'
2024-10-27 22:51:19,166 DEBUG [main][ConstructorResolver.java:807] - Autowiring by type from bean name 'swagger2ControllerMapping' via factory method to bean named 'jsonSerializer'
2024-10-27 22:51:19,168 INFO [main][PropertySourcedRequestMappingHandlerMapping.java:69] - Mapped URL path [/v2/api-docs] onto method [springfox.documentation.swagger2.web.Swagger2Controller#getDocumentation(String, HttpServletRequest)]
2024-10-27 22:51:19,168 INFO [main][PropertySourcedRequestMappingHandlerMapping.java:69] - Mapped URL path [/v2/api-docs] onto method [springfox.documentation.swagger2.web.Swagger2Controller#getDocumentation(String, HttpServletRequest)]
2024-10-27 22:51:19,168 DEBUG [main][DefaultSingletonBeanRegistry.java:225] - Creating shared instance of singleton bean 'springfox.bean.validators.configuration.BeanValidatorPluginsConfiguration'
2024-10-27 22:51:19,168 DEBUG [main][DefaultSingletonBeanRegistry.java:225] - Creating shared instance of singleton bean 'springfox.bean.validators.configuration.BeanValidatorPluginsConfiguration'
2024-10-27 22:51:19,169 DEBUG [main][DefaultSingletonBeanRegistry.java:225] - Creating shared instance of singleton bean 'expanderMinMax'
2024-10-27 22:51:19,169 DEBUG [main][DefaultSingletonBeanRegistry.java:225] - Creating shared instance of singleton bean 'expanderMinMax'
2024-10-27 22:51:19,170 DEBUG [main][DefaultSingletonBeanRegistry.java:225] - Creating shared instance of singleton bean 'expanderNotNull'
2024-10-27 22:51:19,170 DEBUG [main][DefaultSingletonBeanRegistry.java:225] - Creating shared instance of singleton bean 'expanderNotNull'
2024-10-27 22:51:19,171 DEBUG [main][DefaultSingletonBeanRegistry.java:225] - Creating shared instance of singleton bean 'expanderPattern'
2024-10-27 22:51:19,171 DEBUG [main][DefaultSingletonBeanRegistry.java:225] - Creating shared instance of singleton bean 'expanderPattern'
2024-10-27 22:51:19,171 DEBUG [main][DefaultSingletonBeanRegistry.java:225] - Creating shared instance of singleton bean 'expanderSize'
2024-10-27 22:51:19,171 DEBUG [main][DefaultSingletonBeanRegistry.java:225] - Creating shared instance of singleton bean 'expanderSize'
2024-10-27 22:51:19,171 DEBUG [main][DefaultSingletonBeanRegistry.java:225] - Creating shared instance of singleton bean 'parameterMinMax'
2024-10-27 22:51:19,171 DEBUG [main][DefaultSingletonBeanRegistry.java:225] - Creating shared instance of singleton bean 'parameterMinMax'
2024-10-27 22:51:19,171 DEBUG [main][DefaultSingletonBeanRegistry.java:225] - Creating shared instance of singleton bean 'parameterNotNull'
2024-10-27 22:51:19,171 DEBUG [main][DefaultSingletonBeanRegistry.java:225] - Creating shared instance of singleton bean 'parameterNotNull'
2024-10-27 22:51:19,171 DEBUG [main][DefaultSingletonBeanRegistry.java:225] - Creating shared instance of singleton bean 'parameterPattern'
2024-10-27 22:51:19,171 DEBUG [main][DefaultSingletonBeanRegistry.java:225] - Creating shared instance of singleton bean 'parameterPattern'
2024-10-27 22:51:19,171 DEBUG [main][DefaultSingletonBeanRegistry.java:225] - Creating shared instance of singleton bean 'parameterSize'
2024-10-27 22:51:19,171 DEBUG [main][DefaultSingletonBeanRegistry.java:225] - Creating shared instance of singleton bean 'parameterSize'
2024-10-27 22:51:19,172 DEBUG [main][DefaultSingletonBeanRegistry.java:225] - Creating shared instance of singleton bean 'minMaxPlugin'
2024-10-27 22:51:19,172 DEBUG [main][DefaultSingletonBeanRegistry.java:225] - Creating shared instance of singleton bean 'minMaxPlugin'
2024-10-27 22:51:19,172 DEBUG [main][DefaultSingletonBeanRegistry.java:225] - Creating shared instance of singleton bean 'decimalMinMaxPlugin'
2024-10-27 22:51:19,172 DEBUG [main][DefaultSingletonBeanRegistry.java:225] - Creating shared instance of singleton bean 'decimalMinMaxPlugin'
2024-10-27 22:51:19,172 DEBUG [main][DefaultSingletonBeanRegistry.java:225] - Creating shared instance of singleton bean 'sizePlugin'
2024-10-27 22:51:19,172 DEBUG [main][DefaultSingletonBeanRegistry.java:225] - Creating shared instance of singleton bean 'sizePlugin'
2024-10-27 22:51:19,172 DEBUG [main][DefaultSingletonBeanRegistry.java:225] - Creating shared instance of singleton bean 'notNullPlugin'
2024-10-27 22:51:19,172 DEBUG [main][DefaultSingletonBeanRegistry.java:225] - Creating shared instance of singleton bean 'notNullPlugin'
2024-10-27 22:51:19,172 DEBUG [main][DefaultSingletonBeanRegistry.java:225] - Creating shared instance of singleton bean 'patternPlugin'
2024-10-27 22:51:19,172 DEBUG [main][DefaultSingletonBeanRegistry.java:225] - Creating shared instance of singleton bean 'patternPlugin'
2024-10-27 22:51:19,173 DEBUG [main][DefaultSingletonBeanRegistry.java:225] - Creating shared instance of singleton bean 'com.spring4all.swagger.Swagger2Configuration'
2024-10-27 22:51:19,173 DEBUG [main][DefaultSingletonBeanRegistry.java:225] - Creating shared instance of singleton bean 'com.spring4all.swagger.Swagger2Configuration'
2024-10-27 22:51:19,173 DEBUG [main][DefaultSingletonBeanRegistry.java:225] - Creating shared instance of singleton bean 'createRestApi'
2024-10-27 22:51:19,173 DEBUG [main][DefaultSingletonBeanRegistry.java:225] - Creating shared instance of singleton bean 'createRestApi'
2024-10-27 22:51:19,173 DEBUG [main][ConstructorResolver.java:807] - Autowiring by type from bean name 'createRestApi' via factory method to bean named 'swaggerProperties'
2024-10-27 22:51:19,173 DEBUG [main][ConstructorResolver.java:807] - Autowiring by type from bean name 'createRestApi' via factory method to bean named 'swaggerProperties'
2024-10-27 22:51:19,182 DEBUG [main][DefaultSingletonBeanRegistry.java:225] - Creating shared instance of singleton bean 'org.springframework.boot.autoconfigure.AutoConfigurationPackages'
2024-10-27 22:51:19,182 DEBUG [main][DefaultSingletonBeanRegistry.java:225] - Creating shared instance of singleton bean 'org.springframework.boot.autoconfigure.AutoConfigurationPackages'
2024-10-27 22:51:19,183 DEBUG [main][DefaultSingletonBeanRegistry.java:225] - Creating shared instance of singleton bean 'org.springframework.boot.autoconfigure.context.PropertyPlaceholderAutoConfiguration'
2024-10-27 22:51:19,183 DEBUG [main][DefaultSingletonBeanRegistry.java:225] - Creating shared instance of singleton bean 'org.springframework.boot.autoconfigure.context.PropertyPlaceholderAutoConfiguration'
2024-10-27 22:51:19,183 DEBUG [main][DefaultSingletonBeanRegistry.java:225] - Creating shared instance of singleton bean 'org.springframework.boot.autoconfigure.websocket.servlet.WebSocketServletAutoConfiguration'
2024-10-27 22:51:19,183 DEBUG [main][DefaultSingletonBeanRegistry.java:225] - Creating shared instance of singleton bean 'org.springframework.boot.autoconfigure.websocket.servlet.WebSocketServletAutoConfiguration'
2024-10-27 22:51:19,183 DEBUG [main][DefaultSingletonBeanRegistry.java:225] - Creating shared instance of singleton bean 'org.springframework.boot.context.properties.ConfigurationBeanFactoryMetadata'
2024-10-27 22:51:19,183 DEBUG [main][DefaultSingletonBeanRegistry.java:225] - Creating shared instance of singleton bean 'org.springframework.boot.context.properties.ConfigurationBeanFactoryMetadata'
2024-10-27 22:51:19,183 DEBUG [main][DefaultSingletonBeanRegistry.java:225] - Creating shared instance of singleton bean 'org.springframework.boot.autoconfigure.web.servlet.DispatcherServletAutoConfiguration'
2024-10-27 22:51:19,183 DEBUG [main][DefaultSingletonBeanRegistry.java:225] - Creating shared instance of singleton bean 'org.springframework.boot.autoconfigure.web.servlet.DispatcherServletAutoConfiguration'
2024-10-27 22:51:19,183 DEBUG [main][DefaultSingletonBeanRegistry.java:225] - Creating shared instance of singleton bean 'org.springframework.boot.autoconfigure.task.TaskExecutionAutoConfiguration'
2024-10-27 22:51:19,183 DEBUG [main][DefaultSingletonBeanRegistry.java:225] - Creating shared instance of singleton bean 'org.springframework.boot.autoconfigure.task.TaskExecutionAutoConfiguration'
2024-10-27 22:51:19,183 DEBUG [main][DefaultSingletonBeanRegistry.java:225] - Creating shared instance of singleton bean 'taskExecutorBuilder'
2024-10-27 22:51:19,183 DEBUG [main][DefaultSingletonBeanRegistry.java:225] - Creating shared instance of singleton bean 'taskExecutorBuilder'
2024-10-27 22:51:19,184 DEBUG [main][DefaultSingletonBeanRegistry.java:225] - Creating shared instance of singleton bean 'spring.task.execution-org.springframework.boot.autoconfigure.task.TaskExecutionProperties'
2024-10-27 22:51:19,184 DEBUG [main][DefaultSingletonBeanRegistry.java:225] - Creating shared instance of singleton bean 'spring.task.execution-org.springframework.boot.autoconfigure.task.TaskExecutionProperties'
2024-10-27 22:51:19,185 DEBUG [main][ConstructorResolver.java:807] - Autowiring by type from bean name 'taskExecutorBuilder' via factory method to bean named 'spring.task.execution-org.springframework.boot.autoconfigure.task.TaskExecutionProperties'
2024-10-27 22:51:19,185 DEBUG [main][ConstructorResolver.java:807] - Autowiring by type from bean name 'taskExecutorBuilder' via factory method to bean named 'spring.task.execution-org.springframework.boot.autoconfigure.task.TaskExecutionProperties'
2024-10-27 22:51:19,186 DEBUG [main][DefaultSingletonBeanRegistry.java:225] - Creating shared instance of singleton bean 'org.springframework.boot.autoconfigure.validation.ValidationAutoConfiguration'
2024-10-27 22:51:19,186 DEBUG [main][DefaultSingletonBeanRegistry.java:225] - Creating shared instance of singleton bean 'org.springframework.boot.autoconfigure.validation.ValidationAutoConfiguration'
2024-10-27 22:51:19,186 DEBUG [main][DefaultSingletonBeanRegistry.java:225] - Creating shared instance of singleton bean 'defaultValidator'
2024-10-27 22:51:19,186 DEBUG [main][DefaultSingletonBeanRegistry.java:225] - Creating shared instance of singleton bean 'defaultValidator'
2024-10-27 22:51:19,186 DEBUG [main][ResourceBundleMessageInterpolator.java:172] - Loaded expression factory via original TCCL
2024-10-27 22:51:19,186 DEBUG [main][ResourceBundleMessageInterpolator.java:172] - Loaded expression factory via original TCCL
2024-10-27 22:51:19,188 DEBUG [main][AbstractConfigurationImpl.java:171] - Setting custom MessageInterpolator of type org.springframework.validation.beanvalidation.LocaleContextMessageInterpolator
2024-10-27 22:51:19,188 DEBUG [main][AbstractConfigurationImpl.java:171] - Setting custom MessageInterpolator of type org.springframework.validation.beanvalidation.LocaleContextMessageInterpolator
2024-10-27 22:51:19,188 DEBUG [main][AbstractConfigurationImpl.java:203] - Setting custom ConstraintValidatorFactory of type org.springframework.validation.beanvalidation.SpringConstraintValidatorFactory
2024-10-27 22:51:19,188 DEBUG [main][AbstractConfigurationImpl.java:203] - Setting custom ConstraintValidatorFactory of type org.springframework.validation.beanvalidation.SpringConstraintValidatorFactory
2024-10-27 22:51:19,188 DEBUG [main][AbstractConfigurationImpl.java:217] - Setting custom ParameterNameProvider of type org.springframework.validation.beanvalidation.LocalValidatorFactoryBean$1
2024-10-27 22:51:19,188 DEBUG [main][AbstractConfigurationImpl.java:217] - Setting custom ParameterNameProvider of type org.springframework.validation.beanvalidation.LocalValidatorFactoryBean$1
2024-10-27 22:51:19,188 DEBUG [main][ValidationXmlParser.java:120] - Trying to load META-INF/validation.xml for XML based Validator configuration.
2024-10-27 22:51:19,188 DEBUG [main][ValidationXmlParser.java:120] - Trying to load META-INF/validation.xml for XML based Validator configuration.
2024-10-27 22:51:19,188 DEBUG [main][ResourceLoaderHelper.java:53] - Trying to load META-INF/validation.xml via user class loader
2024-10-27 22:51:19,188 DEBUG [main][ResourceLoaderHelper.java:53] - Trying to load META-INF/validation.xml via user class loader
2024-10-27 22:51:19,188 DEBUG [main][ResourceLoaderHelper.java:60] - Trying to load META-INF/validation.xml via TCCL
2024-10-27 22:51:19,188 DEBUG [main][ResourceLoaderHelper.java:60] - Trying to load META-INF/validation.xml via TCCL
2024-10-27 22:51:19,188 DEBUG [main][ResourceLoaderHelper.java:66] - Trying to load META-INF/validation.xml via Hibernate Validator's class loader
2024-10-27 22:51:19,188 DEBUG [main][ResourceLoaderHelper.java:66] - Trying to load META-INF/validation.xml via Hibernate Validator's class loader
2024-10-27 22:51:19,189 DEBUG [main][ValidationXmlParser.java:127] - No META-INF/validation.xml found. Using annotation based configuration only.
2024-10-27 22:51:19,189 DEBUG [main][ValidationXmlParser.java:127] - No META-INF/validation.xml found. Using annotation based configuration only.
2024-10-27 22:51:19,189 DEBUG [main][TraversableResolvers.java:60] - Cannot find javax.persistence.Persistence on classpath. Assuming non JPA 2 environment. All properties will per default be traversable.
2024-10-27 22:51:19,189 DEBUG [main][TraversableResolvers.java:60] - Cannot find javax.persistence.Persistence on classpath. Assuming non JPA 2 environment. All properties will per default be traversable.
2024-10-27 22:51:19,189 DEBUG [main][ValidatorFactoryConfigurationHelper.java:300] - HV000252: Using org.hibernate.validator.internal.engine.DefaultPropertyNodeNameProvider as property node name provider.
2024-10-27 22:51:19,189 DEBUG [main][ValidatorFactoryConfigurationHelper.java:300] - HV000252: Using org.hibernate.validator.internal.engine.DefaultPropertyNodeNameProvider as property node name provider.
2024-10-27 22:51:19,190 DEBUG [main][ValidatorFactoryConfigurationHelper.java:375] - HV000234: Using org.springframework.validation.beanvalidation.LocaleContextMessageInterpolator as ValidatorFactory-scoped message interpolator.
2024-10-27 22:51:19,190 DEBUG [main][ValidatorFactoryConfigurationHelper.java:375] - HV000234: Using org.springframework.validation.beanvalidation.LocaleContextMessageInterpolator as ValidatorFactory-scoped message interpolator.
2024-10-27 22:51:19,190 DEBUG [main][ValidatorFactoryConfigurationHelper.java:376] - HV000234: Using org.hibernate.validator.internal.engine.resolver.TraverseAllTraversableResolver as ValidatorFactory-scoped traversable resolver.
2024-10-27 22:51:19,190 DEBUG [main][ValidatorFactoryConfigurationHelper.java:376] - HV000234: Using org.hibernate.validator.internal.engine.resolver.TraverseAllTraversableResolver as ValidatorFactory-scoped traversable resolver.
2024-10-27 22:51:19,190 DEBUG [main][ValidatorFactoryConfigurationHelper.java:377] - HV000234: Using org.hibernate.validator.internal.util.ExecutableParameterNameProvider as ValidatorFactory-scoped parameter name provider.
2024-10-27 22:51:19,190 DEBUG [main][ValidatorFactoryConfigurationHelper.java:377] - HV000234: Using org.hibernate.validator.internal.util.ExecutableParameterNameProvider as ValidatorFactory-scoped parameter name provider.
2024-10-27 22:51:19,190 DEBUG [main][ValidatorFactoryConfigurationHelper.java:378] - HV000234: Using org.hibernate.validator.internal.engine.DefaultClockProvider as ValidatorFactory-scoped clock provider.
2024-10-27 22:51:19,190 DEBUG [main][ValidatorFactoryConfigurationHelper.java:378] - HV000234: Using org.hibernate.validator.internal.engine.DefaultClockProvider as ValidatorFactory-scoped clock provider.
2024-10-27 22:51:19,190 DEBUG [main][ValidatorFactoryConfigurationHelper.java:379] - HV000234: Using org.hibernate.validator.internal.engine.scripting.DefaultScriptEvaluatorFactory as ValidatorFactory-scoped script evaluator factory.
2024-10-27 22:51:19,190 DEBUG [main][ValidatorFactoryConfigurationHelper.java:379] - HV000234: Using org.hibernate.validator.internal.engine.scripting.DefaultScriptEvaluatorFactory as ValidatorFactory-scoped script evaluator factory.
2024-10-27 22:51:19,190 DEBUG [main][DefaultSingletonBeanRegistry.java:225] - Creating shared instance of singleton bean 'org.springframework.boot.autoconfigure.web.servlet.error.ErrorMvcAutoConfiguration$WhitelabelErrorViewConfiguration'
2024-10-27 22:51:19,190 DEBUG [main][DefaultSingletonBeanRegistry.java:225] - Creating shared instance of singleton bean 'org.springframework.boot.autoconfigure.web.servlet.error.ErrorMvcAutoConfiguration$WhitelabelErrorViewConfiguration'
2024-10-27 22:51:19,191 DEBUG [main][DefaultSingletonBeanRegistry.java:225] - Creating shared instance of singleton bean 'error'
2024-10-27 22:51:19,191 DEBUG [main][DefaultSingletonBeanRegistry.java:225] - Creating shared instance of singleton bean 'error'
2024-10-27 22:51:19,191 DEBUG [main][DefaultSingletonBeanRegistry.java:225] - Creating shared instance of singleton bean 'beanNameViewResolver'
2024-10-27 22:51:19,191 DEBUG [main][DefaultSingletonBeanRegistry.java:225] - Creating shared instance of singleton bean 'beanNameViewResolver'
2024-10-27 22:51:19,191 DEBUG [main][DefaultSingletonBeanRegistry.java:225] - Creating shared instance of singleton bean 'org.springframework.boot.autoconfigure.web.servlet.error.ErrorMvcAutoConfiguration$DefaultErrorViewResolverConfiguration'
2024-10-27 22:51:19,191 DEBUG [main][DefaultSingletonBeanRegistry.java:225] - Creating shared instance of singleton bean 'org.springframework.boot.autoconfigure.web.servlet.error.ErrorMvcAutoConfiguration$DefaultErrorViewResolverConfiguration'
2024-10-27 22:51:19,192 DEBUG [main][ConstructorResolver.java:807] - Autowiring by type from bean name 'org.springframework.boot.autoconfigure.web.servlet.error.ErrorMvcAutoConfiguration$DefaultErrorViewResolverConfiguration' via constructor to bean named 'org.springframework.boot.web.servlet.context.AnnotationConfigServletWebServerApplicationContext@38f116f6'
2024-10-27 22:51:19,192 DEBUG [main][ConstructorResolver.java:807] - Autowiring by type from bean name 'org.springframework.boot.autoconfigure.web.servlet.error.ErrorMvcAutoConfiguration$DefaultErrorViewResolverConfiguration' via constructor to bean named 'org.springframework.boot.web.servlet.context.AnnotationConfigServletWebServerApplicationContext@38f116f6'
2024-10-27 22:51:19,192 DEBUG [main][ConstructorResolver.java:807] - Autowiring by type from bean name 'org.springframework.boot.autoconfigure.web.servlet.error.ErrorMvcAutoConfiguration$DefaultErrorViewResolverConfiguration' via constructor to bean named 'spring.resources-org.springframework.boot.autoconfigure.web.ResourceProperties'
2024-10-27 22:51:19,192 DEBUG [main][ConstructorResolver.java:807] - Autowiring by type from bean name 'org.springframework.boot.autoconfigure.web.servlet.error.ErrorMvcAutoConfiguration$DefaultErrorViewResolverConfiguration' via constructor to bean named 'spring.resources-org.springframework.boot.autoconfigure.web.ResourceProperties'
2024-10-27 22:51:19,192 DEBUG [main][DefaultSingletonBeanRegistry.java:225] - Creating shared instance of singleton bean 'conventionErrorViewResolver'
2024-10-27 22:51:19,192 DEBUG [main][DefaultSingletonBeanRegistry.java:225] - Creating shared instance of singleton bean 'conventionErrorViewResolver'
2024-10-27 22:51:19,192 DEBUG [main][DefaultSingletonBeanRegistry.java:225] - Creating shared instance of singleton bean 'errorAttributes'
2024-10-27 22:51:19,192 DEBUG [main][DefaultSingletonBeanRegistry.java:225] - Creating shared instance of singleton bean 'errorAttributes'
2024-10-27 22:51:19,192 DEBUG [main][DefaultSingletonBeanRegistry.java:225] - Creating shared instance of singleton bean 'basicErrorController'
2024-10-27 22:51:19,192 DEBUG [main][DefaultSingletonBeanRegistry.java:225] - Creating shared instance of singleton bean 'basicErrorController'
2024-10-27 22:51:19,193 DEBUG [main][ConstructorResolver.java:807] - Autowiring by type from bean name 'basicErrorController' via factory method to bean named 'errorAttributes'
2024-10-27 22:51:19,193 DEBUG [main][ConstructorResolver.java:807] - Autowiring by type from bean name 'basicErrorController' via factory method to bean named 'errorAttributes'
2024-10-27 22:51:19,193 DEBUG [main][DefaultSingletonBeanRegistry.java:225] - Creating shared instance of singleton bean 'requestMappingHandlerAdapter'
2024-10-27 22:51:19,193 DEBUG [main][DefaultSingletonBeanRegistry.java:225] - Creating shared instance of singleton bean 'requestMappingHandlerAdapter'
2024-10-27 22:51:19,194 DEBUG [main][DefaultSingletonBeanRegistry.java:225] - Creating shared instance of singleton bean 'mvcValidator'
2024-10-27 22:51:19,194 DEBUG [main][DefaultSingletonBeanRegistry.java:225] - Creating shared instance of singleton bean 'mvcValidator'
2024-10-27 22:51:19,195 DEBUG [main][ConstructorResolver.java:807] - Autowiring by type from bean name 'requestMappingHandlerAdapter' via factory method to bean named 'mvcContentNegotiationManager'
2024-10-27 22:51:19,195 DEBUG [main][ConstructorResolver.java:807] - Autowiring by type from bean name 'requestMappingHandlerAdapter' via factory method to bean named 'mvcConversionService'
2024-10-27 22:51:19,195 DEBUG [main][ConstructorResolver.java:807] - Autowiring by type from bean name 'requestMappingHandlerAdapter' via factory method to bean named 'mvcValidator'
2024-10-27 22:51:19,195 DEBUG [main][ConstructorResolver.java:807] - Autowiring by type from bean name 'requestMappingHandlerAdapter' via factory method to bean named 'mvcContentNegotiationManager'
2024-10-27 22:51:19,195 DEBUG [main][ConstructorResolver.java:807] - Autowiring by type from bean name 'requestMappingHandlerAdapter' via factory method to bean named 'mvcConversionService'
2024-10-27 22:51:19,195 DEBUG [main][ConstructorResolver.java:807] - Autowiring by type from bean name 'requestMappingHandlerAdapter' via factory method to bean named 'mvcValidator'
2024-10-27 22:51:19,195 DEBUG [main][ConstructorResolver.java:807] - Autowiring by type from bean name 'requestMappingHandlerAdapter' via factory method to bean named 'mvcContentNegotiationManager'
2024-10-27 22:51:19,195 DEBUG [main][ConstructorResolver.java:807] - Autowiring by type from bean name 'requestMappingHandlerAdapter' via factory method to bean named 'mvcContentNegotiationManager'
2024-10-27 22:51:19,195 DEBUG [main][ConstructorResolver.java:807] - Autowiring by type from bean name 'requestMappingHandlerAdapter' via factory method to bean named 'mvcConversionService'
2024-10-27 22:51:19,195 DEBUG [main][ConstructorResolver.java:807] - Autowiring by type from bean name 'requestMappingHandlerAdapter' via factory method to bean named 'mvcConversionService'
2024-10-27 22:51:19,195 DEBUG [main][ConstructorResolver.java:807] - Autowiring by type from bean name 'requestMappingHandlerAdapter' via factory method to bean named 'mvcValidator'
2024-10-27 22:51:19,195 DEBUG [main][ConstructorResolver.java:807] - Autowiring by type from bean name 'requestMappingHandlerAdapter' via factory method to bean named 'mvcValidator'
2024-10-27 22:51:19,198 DEBUG [main][DefaultSingletonBeanRegistry.java:225] - Creating shared instance of singleton bean 'messageConverters'
2024-10-27 22:51:19,198 DEBUG [main][DefaultSingletonBeanRegistry.java:225] - Creating shared instance of singleton bean 'messageConverters'
2024-10-27 22:51:19,198 DEBUG [main][DefaultSingletonBeanRegistry.java:225] - Creating shared instance of singleton bean 'org.springframework.boot.autoconfigure.http.HttpMessageConvertersAutoConfiguration'
2024-10-27 22:51:19,198 DEBUG [main][DefaultSingletonBeanRegistry.java:225] - Creating shared instance of singleton bean 'org.springframework.boot.autoconfigure.http.HttpMessageConvertersAutoConfiguration'
2024-10-27 22:51:19,199 DEBUG [main][DefaultSingletonBeanRegistry.java:225] - Creating shared instance of singleton bean 'stringHttpMessageConverter'
2024-10-27 22:51:19,199 DEBUG [main][DefaultSingletonBeanRegistry.java:225] - Creating shared instance of singleton bean 'stringHttpMessageConverter'
2024-10-27 22:51:19,199 DEBUG [main][DefaultSingletonBeanRegistry.java:225] - Creating shared instance of singleton bean 'org.springframework.boot.autoconfigure.http.HttpMessageConvertersAutoConfiguration$StringHttpMessageConverterConfiguration'
2024-10-27 22:51:19,199 DEBUG [main][DefaultSingletonBeanRegistry.java:225] - Creating shared instance of singleton bean 'org.springframework.boot.autoconfigure.http.HttpMessageConvertersAutoConfiguration$StringHttpMessageConverterConfiguration'
2024-10-27 22:51:19,199 DEBUG [main][ConstructorResolver.java:807] - Autowiring by type from bean name 'stringHttpMessageConverter' via factory method to bean named 'environment'
2024-10-27 22:51:19,199 DEBUG [main][ConstructorResolver.java:807] - Autowiring by type from bean name 'stringHttpMessageConverter' via factory method to bean named 'environment'
2024-10-27 22:51:19,201 DEBUG [main][DefaultSingletonBeanRegistry.java:225] - Creating shared instance of singleton bean 'mappingJackson2HttpMessageConverter'
2024-10-27 22:51:19,201 DEBUG [main][DefaultSingletonBeanRegistry.java:225] - Creating shared instance of singleton bean 'mappingJackson2HttpMessageConverter'
2024-10-27 22:51:19,201 DEBUG [main][DefaultSingletonBeanRegistry.java:225] - Creating shared instance of singleton bean 'org.springframework.boot.autoconfigure.http.JacksonHttpMessageConvertersConfiguration$MappingJackson2HttpMessageConverterConfiguration'
2024-10-27 22:51:19,201 DEBUG [main][DefaultSingletonBeanRegistry.java:225] - Creating shared instance of singleton bean 'org.springframework.boot.autoconfigure.http.JacksonHttpMessageConvertersConfiguration$MappingJackson2HttpMessageConverterConfiguration'
2024-10-27 22:51:19,201 DEBUG [main][DefaultSingletonBeanRegistry.java:225] - Creating shared instance of singleton bean 'jacksonObjectMapper'
2024-10-27 22:51:19,201 DEBUG [main][DefaultSingletonBeanRegistry.java:225] - Creating shared instance of singleton bean 'jacksonObjectMapper'
2024-10-27 22:51:19,201 DEBUG [main][DefaultSingletonBeanRegistry.java:225] - Creating shared instance of singleton bean 'org.springframework.boot.autoconfigure.jackson.JacksonAutoConfiguration$JacksonObjectMapperConfiguration'
2024-10-27 22:51:19,201 DEBUG [main][DefaultSingletonBeanRegistry.java:225] - Creating shared instance of singleton bean 'org.springframework.boot.autoconfigure.jackson.JacksonAutoConfiguration$JacksonObjectMapperConfiguration'
2024-10-27 22:51:19,202 DEBUG [main][DefaultSingletonBeanRegistry.java:225] - Creating shared instance of singleton bean 'org.springframework.boot.autoconfigure.jackson.JacksonAutoConfiguration$JacksonObjectMapperBuilderConfiguration'
2024-10-27 22:51:19,202 DEBUG [main][DefaultSingletonBeanRegistry.java:225] - Creating shared instance of singleton bean 'org.springframework.boot.autoconfigure.jackson.JacksonAutoConfiguration$JacksonObjectMapperBuilderConfiguration'
2024-10-27 22:51:19,202 DEBUG [main][DefaultSingletonBeanRegistry.java:225] - Creating shared instance of singleton bean 'standardJacksonObjectMapperBuilderCustomizer'
2024-10-27 22:51:19,202 DEBUG [main][DefaultSingletonBeanRegistry.java:225] - Creating shared instance of singleton bean 'standardJacksonObjectMapperBuilderCustomizer'
2024-10-27 22:51:19,202 DEBUG [main][DefaultSingletonBeanRegistry.java:225] - Creating shared instance of singleton bean 'org.springframework.boot.autoconfigure.jackson.JacksonAutoConfiguration$Jackson2ObjectMapperBuilderCustomizerConfiguration'
2024-10-27 22:51:19,202 DEBUG [main][DefaultSingletonBeanRegistry.java:225] - Creating shared instance of singleton bean 'org.springframework.boot.autoconfigure.jackson.JacksonAutoConfiguration$Jackson2ObjectMapperBuilderCustomizerConfiguration'
2024-10-27 22:51:19,203 DEBUG [main][DefaultSingletonBeanRegistry.java:225] - Creating shared instance of singleton bean 'spring.jackson-org.springframework.boot.autoconfigure.jackson.JacksonProperties'
2024-10-27 22:51:19,203 DEBUG [main][DefaultSingletonBeanRegistry.java:225] - Creating shared instance of singleton bean 'spring.jackson-org.springframework.boot.autoconfigure.jackson.JacksonProperties'
2024-10-27 22:51:19,204 DEBUG [main][ConstructorResolver.java:807] - Autowiring by type from bean name 'standardJacksonObjectMapperBuilderCustomizer' via factory method to bean named 'org.springframework.boot.web.servlet.context.AnnotationConfigServletWebServerApplicationContext@38f116f6'
2024-10-27 22:51:19,204 DEBUG [main][ConstructorResolver.java:807] - Autowiring by type from bean name 'standardJacksonObjectMapperBuilderCustomizer' via factory method to bean named 'org.springframework.boot.web.servlet.context.AnnotationConfigServletWebServerApplicationContext@38f116f6'
2024-10-27 22:51:19,204 DEBUG [main][ConstructorResolver.java:807] - Autowiring by type from bean name 'standardJacksonObjectMapperBuilderCustomizer' via factory method to bean named 'spring.jackson-org.springframework.boot.autoconfigure.jackson.JacksonProperties'
2024-10-27 22:51:19,204 DEBUG [main][ConstructorResolver.java:807] - Autowiring by type from bean name 'standardJacksonObjectMapperBuilderCustomizer' via factory method to bean named 'spring.jackson-org.springframework.boot.autoconfigure.jackson.JacksonProperties'
2024-10-27 22:51:19,204 DEBUG [main][ConstructorResolver.java:807] - Autowiring by type from bean name 'jacksonObjectMapperBuilder' via factory method to bean named 'org.springframework.boot.web.servlet.context.AnnotationConfigServletWebServerApplicationContext@38f116f6'
2024-10-27 22:51:19,204 DEBUG [main][ConstructorResolver.java:807] - Autowiring by type from bean name 'jacksonObjectMapperBuilder' via factory method to bean named 'org.springframework.boot.web.servlet.context.AnnotationConfigServletWebServerApplicationContext@38f116f6'
2024-10-27 22:51:19,204 DEBUG [main][ConstructorResolver.java:807] - Autowiring by type from bean name 'jacksonObjectMapperBuilder' via factory method to bean named 'standardJacksonObjectMapperBuilderCustomizer'
2024-10-27 22:51:19,204 DEBUG [main][ConstructorResolver.java:807] - Autowiring by type from bean name 'jacksonObjectMapperBuilder' via factory method to bean named 'standardJacksonObjectMapperBuilderCustomizer'
2024-10-27 22:51:19,205 DEBUG [main][DefaultSingletonBeanRegistry.java:225] - Creating shared instance of singleton bean 'parameterNamesModule'
2024-10-27 22:51:19,205 DEBUG [main][DefaultSingletonBeanRegistry.java:225] - Creating shared instance of singleton bean 'parameterNamesModule'
2024-10-27 22:51:19,205 DEBUG [main][DefaultSingletonBeanRegistry.java:225] - Creating shared instance of singleton bean 'org.springframework.boot.autoconfigure.jackson.JacksonAutoConfiguration$ParameterNamesModuleConfiguration'
2024-10-27 22:51:19,205 DEBUG [main][DefaultSingletonBeanRegistry.java:225] - Creating shared instance of singleton bean 'org.springframework.boot.autoconfigure.jackson.JacksonAutoConfiguration$ParameterNamesModuleConfiguration'
2024-10-27 22:51:19,206 DEBUG [main][DefaultSingletonBeanRegistry.java:225] - Creating shared instance of singleton bean 'jsonComponentModule'
2024-10-27 22:51:19,206 DEBUG [main][DefaultSingletonBeanRegistry.java:225] - Creating shared instance of singleton bean 'jsonComponentModule'
2024-10-27 22:51:19,206 DEBUG [main][DefaultSingletonBeanRegistry.java:225] - Creating shared instance of singleton bean 'org.springframework.boot.autoconfigure.jackson.JacksonAutoConfiguration'
2024-10-27 22:51:19,206 DEBUG [main][DefaultSingletonBeanRegistry.java:225] - Creating shared instance of singleton bean 'org.springframework.boot.autoconfigure.jackson.JacksonAutoConfiguration'
2024-10-27 22:51:19,208 DEBUG [main][ConstructorResolver.java:807] - Autowiring by type from bean name 'jacksonObjectMapper' via factory method to bean named 'jacksonObjectMapperBuilder'
2024-10-27 22:51:19,208 DEBUG [main][ConstructorResolver.java:807] - Autowiring by type from bean name 'jacksonObjectMapper' via factory method to bean named 'jacksonObjectMapperBuilder'
2024-10-27 22:51:19,216 DEBUG [main][ConstructorResolver.java:807] - Autowiring by type from bean name 'mappingJackson2HttpMessageConverter' via factory method to bean named 'jacksonObjectMapper'
2024-10-27 22:51:19,216 DEBUG [main][ConstructorResolver.java:807] - Autowiring by type from bean name 'mappingJackson2HttpMessageConverter' via factory method to bean named 'jacksonObjectMapper'
2024-10-27 22:51:19,220 DEBUG [main][DefaultSingletonBeanRegistry.java:225] - Creating shared instance of singleton bean 'applicationTaskExecutor'
2024-10-27 22:51:19,220 DEBUG [main][DefaultSingletonBeanRegistry.java:225] - Creating shared instance of singleton bean 'applicationTaskExecutor'
2024-10-27 22:51:19,220 DEBUG [main][ConstructorResolver.java:807] - Autowiring by type from bean name 'applicationTaskExecutor' via factory method to bean named 'taskExecutorBuilder'
2024-10-27 22:51:19,220 DEBUG [main][ConstructorResolver.java:807] - Autowiring by type from bean name 'applicationTaskExecutor' via factory method to bean named 'taskExecutorBuilder'
2024-10-27 22:51:19,222 INFO [main][ExecutorConfigurationSupport.java:181] - Initializing ExecutorService 'applicationTaskExecutor'
2024-10-27 22:51:19,222 INFO [main][ExecutorConfigurationSupport.java:181] - Initializing ExecutorService 'applicationTaskExecutor'
2024-10-27 22:51:19,228 DEBUG [main][DefaultSingletonBeanRegistry.java:225] - Creating shared instance of singleton bean 'springApplicationAdminRegistrar'
2024-10-27 22:51:19,228 DEBUG [main][DefaultSingletonBeanRegistry.java:225] - Creating shared instance of singleton bean 'springApplicationAdminRegistrar'
2024-10-27 22:51:19,228 DEBUG [main][DefaultSingletonBeanRegistry.java:225] - Creating shared instance of singleton bean 'org.springframework.boot.autoconfigure.admin.SpringApplicationAdminJmxAutoConfiguration'
2024-10-27 22:51:19,228 DEBUG [main][DefaultSingletonBeanRegistry.java:225] - Creating shared instance of singleton bean 'org.springframework.boot.autoconfigure.admin.SpringApplicationAdminJmxAutoConfiguration'
2024-10-27 22:51:19,229 DEBUG [main][ConstructorResolver.java:807] - Autowiring by type from bean name 'springApplicationAdminRegistrar' via factory method to bean named 'environment'
2024-10-27 22:51:19,229 DEBUG [main][ConstructorResolver.java:807] - Autowiring by type from bean name 'springApplicationAdminRegistrar' via factory method to bean named 'environment'
2024-10-27 22:51:19,229 DEBUG [main][DefaultSingletonBeanRegistry.java:225] - Creating shared instance of singleton bean 'mbeanExporter'
2024-10-27 22:51:19,229 DEBUG [main][DefaultSingletonBeanRegistry.java:225] - Creating shared instance of singleton bean 'mbeanExporter'
2024-10-27 22:51:19,229 DEBUG [main][DefaultSingletonBeanRegistry.java:225] - Creating shared instance of singleton bean 'org.springframework.boot.autoconfigure.jmx.JmxAutoConfiguration'
2024-10-27 22:51:19,229 DEBUG [main][DefaultSingletonBeanRegistry.java:225] - Creating shared instance of singleton bean 'org.springframework.boot.autoconfigure.jmx.JmxAutoConfiguration'
2024-10-27 22:51:19,229 DEBUG [main][ConstructorResolver.java:807] - Autowiring by type from bean name 'org.springframework.boot.autoconfigure.jmx.JmxAutoConfiguration' via constructor to bean named 'environment'
2024-10-27 22:51:19,229 DEBUG [main][ConstructorResolver.java:807] - Autowiring by type from bean name 'org.springframework.boot.autoconfigure.jmx.JmxAutoConfiguration' via constructor to bean named 'environment'
2024-10-27 22:51:19,230 DEBUG [main][DefaultSingletonBeanRegistry.java:225] - Creating shared instance of singleton bean 'objectNamingStrategy'
2024-10-27 22:51:19,230 DEBUG [main][DefaultSingletonBeanRegistry.java:225] - Creating shared instance of singleton bean 'objectNamingStrategy'
2024-10-27 22:51:19,231 DEBUG [main][ConstructorResolver.java:807] - Autowiring by type from bean name 'mbeanExporter' via factory method to bean named 'objectNamingStrategy'
2024-10-27 22:51:19,231 DEBUG [main][ConstructorResolver.java:807] - Autowiring by type from bean name 'mbeanExporter' via factory method to bean named 'objectNamingStrategy'
2024-10-27 22:51:19,231 DEBUG [main][ConstructorResolver.java:807] - Autowiring by type from bean name 'mbeanExporter' via factory method to bean named 'org.springframework.beans.factory.support.DefaultListableBeanFactory@57459491'
2024-10-27 22:51:19,231 DEBUG [main][ConstructorResolver.java:807] - Autowiring by type from bean name 'mbeanExporter' via factory method to bean named 'org.springframework.beans.factory.support.DefaultListableBeanFactory@57459491'
2024-10-27 22:51:19,234 DEBUG [main][DefaultSingletonBeanRegistry.java:225] - Creating shared instance of singleton bean 'mbeanServer'
2024-10-27 22:51:19,234 DEBUG [main][DefaultSingletonBeanRegistry.java:225] - Creating shared instance of singleton bean 'mbeanServer'
2024-10-27 22:51:19,235 DEBUG [main][JmxUtils.java:127] - Found MBeanServer: com.sun.jmx.mbeanserver.JmxMBeanServer@7c3df479
2024-10-27 22:51:19,235 DEBUG [main][JmxUtils.java:127] - Found MBeanServer: com.sun.jmx.mbeanserver.JmxMBeanServer@7c3df479
2024-10-27 22:51:19,238 DEBUG [main][SpringApplicationAdminMXBeanRegistrar.java:131] - Application Admin MBean registered with name 'org.springframework.boot:type=Admin,name=SpringApplication'
2024-10-27 22:51:19,238 DEBUG [main][SpringApplicationAdminMXBeanRegistrar.java:131] - Application Admin MBean registered with name 'org.springframework.boot:type=Admin,name=SpringApplication'
2024-10-27 22:51:19,238 DEBUG [main][DefaultSingletonBeanRegistry.java:225] - Creating shared instance of singleton bean 'refreshEventListener'
2024-10-27 22:51:19,238 DEBUG [main][DefaultSingletonBeanRegistry.java:225] - Creating shared instance of singleton bean 'refreshEventListener'
2024-10-27 22:51:19,239 DEBUG [main][DefaultSingletonBeanRegistry.java:225] - Creating shared instance of singleton bean 'org.springframework.cloud.autoconfigure.RefreshAutoConfiguration'
2024-10-27 22:51:19,239 DEBUG [main][DefaultSingletonBeanRegistry.java:225] - Creating shared instance of singleton bean 'org.springframework.cloud.autoconfigure.RefreshAutoConfiguration'
2024-10-27 22:51:19,239 DEBUG [main][DefaultSingletonBeanRegistry.java:225] - Creating shared instance of singleton bean 'contextRefresher'
2024-10-27 22:51:19,239 DEBUG [main][DefaultSingletonBeanRegistry.java:225] - Creating shared instance of singleton bean 'contextRefresher'
2024-10-27 22:51:19,239 DEBUG [main][ConstructorResolver.java:807] - Autowiring by type from bean name 'contextRefresher' via factory method to bean named 'org.springframework.boot.web.servlet.context.AnnotationConfigServletWebServerApplicationContext@38f116f6'
2024-10-27 22:51:19,239 DEBUG [main][ConstructorResolver.java:807] - Autowiring by type from bean name 'contextRefresher' via factory method to bean named 'org.springframework.boot.web.servlet.context.AnnotationConfigServletWebServerApplicationContext@38f116f6'
2024-10-27 22:51:19,240 DEBUG [main][ConstructorResolver.java:807] - Autowiring by type from bean name 'contextRefresher' via factory method to bean named 'refreshScope'
2024-10-27 22:51:19,240 DEBUG [main][ConstructorResolver.java:807] - Autowiring by type from bean name 'contextRefresher' via factory method to bean named 'refreshScope'
2024-10-27 22:51:19,240 DEBUG [main][ConstructorResolver.java:807] - Autowiring by type from bean name 'refreshEventListener' via factory method to bean named 'contextRefresher'
2024-10-27 22:51:19,240 DEBUG [main][ConstructorResolver.java:807] - Autowiring by type from bean name 'refreshEventListener' via factory method to bean named 'contextRefresher'
2024-10-27 22:51:19,242 DEBUG [main][RequestMappingHandlerAdapter.java:614] - ControllerAdvice beans: 0 @ModelAttribute, 0 @InitBinder, 1 RequestBodyAdvice, 1 ResponseBodyAdvice
2024-10-27 22:51:19,242 DEBUG [main][RequestMappingHandlerAdapter.java:614] - ControllerAdvice beans: 0 @ModelAttribute, 0 @InitBinder, 1 RequestBodyAdvice, 1 ResponseBodyAdvice
2024-10-27 22:51:19,253 DEBUG [main][DefaultSingletonBeanRegistry.java:225] - Creating shared instance of singleton bean 'welcomePageHandlerMapping'
2024-10-27 22:51:19,253 DEBUG [main][DefaultSingletonBeanRegistry.java:225] - Creating shared instance of singleton bean 'welcomePageHandlerMapping'
2024-10-27 22:51:19,254 DEBUG [main][ConstructorResolver.java:807] - Autowiring by type from bean name 'welcomePageHandlerMapping' via factory method to bean named 'org.springframework.boot.web.servlet.context.AnnotationConfigServletWebServerApplicationContext@38f116f6'
2024-10-27 22:51:19,254 DEBUG [main][ConstructorResolver.java:807] - Autowiring by type from bean name 'welcomePageHandlerMapping' via factory method to bean named 'org.springframework.boot.web.servlet.context.AnnotationConfigServletWebServerApplicationContext@38f116f6'
2024-10-27 22:51:19,254 DEBUG [main][ConstructorResolver.java:807] - Autowiring by type from bean name 'welcomePageHandlerMapping' via factory method to bean named 'mvcConversionService'
2024-10-27 22:51:19,254 DEBUG [main][ConstructorResolver.java:807] - Autowiring by type from bean name 'welcomePageHandlerMapping' via factory method to bean named 'mvcConversionService'
2024-10-27 22:51:19,254 DEBUG [main][ConstructorResolver.java:807] - Autowiring by type from bean name 'welcomePageHandlerMapping' via factory method to bean named 'mvcResourceUrlProvider'
2024-10-27 22:51:19,254 DEBUG [main][ConstructorResolver.java:807] - Autowiring by type from bean name 'welcomePageHandlerMapping' via factory method to bean named 'mvcResourceUrlProvider'
2024-10-27 22:51:19,256 DEBUG [main][DefaultSingletonBeanRegistry.java:225] - Creating shared instance of singleton bean 'mvcPathMatcher'
2024-10-27 22:51:19,256 DEBUG [main][DefaultSingletonBeanRegistry.java:225] - Creating shared instance of singleton bean 'mvcPathMatcher'
2024-10-27 22:51:19,257 DEBUG [main][DefaultSingletonBeanRegistry.java:225] - Creating shared instance of singleton bean 'mvcUrlPathHelper'
2024-10-27 22:51:19,257 DEBUG [main][DefaultSingletonBeanRegistry.java:225] - Creating shared instance of singleton bean 'mvcUrlPathHelper'
2024-10-27 22:51:19,257 DEBUG [main][DefaultSingletonBeanRegistry.java:225] - Creating shared instance of singleton bean 'viewControllerHandlerMapping'
2024-10-27 22:51:19,257 DEBUG [main][DefaultSingletonBeanRegistry.java:225] - Creating shared instance of singleton bean 'viewControllerHandlerMapping'
2024-10-27 22:51:19,258 DEBUG [main][ConstructorResolver.java:807] - Autowiring by type from bean name 'viewControllerHandlerMapping' via factory method to bean named 'mvcPathMatcher'
2024-10-27 22:51:19,258 DEBUG [main][ConstructorResolver.java:807] - Autowiring by type from bean name 'viewControllerHandlerMapping' via factory method to bean named 'mvcPathMatcher'
2024-10-27 22:51:19,258 DEBUG [main][ConstructorResolver.java:807] - Autowiring by type from bean name 'viewControllerHandlerMapping' via factory method to bean named 'mvcUrlPathHelper'
2024-10-27 22:51:19,258 DEBUG [main][ConstructorResolver.java:807] - Autowiring by type from bean name 'viewControllerHandlerMapping' via factory method to bean named 'mvcUrlPathHelper'
2024-10-27 22:51:19,258 DEBUG [main][ConstructorResolver.java:807] - Autowiring by type from bean name 'viewControllerHandlerMapping' via factory method to bean named 'mvcConversionService'
2024-10-27 22:51:19,258 DEBUG [main][ConstructorResolver.java:807] - Autowiring by type from bean name 'viewControllerHandlerMapping' via factory method to bean named 'mvcConversionService'
2024-10-27 22:51:19,258 DEBUG [main][ConstructorResolver.java:807] - Autowiring by type from bean name 'viewControllerHandlerMapping' via factory method to bean named 'mvcResourceUrlProvider'
2024-10-27 22:51:19,258 DEBUG [main][ConstructorResolver.java:807] - Autowiring by type from bean name 'viewControllerHandlerMapping' via factory method to bean named 'mvcResourceUrlProvider'
2024-10-27 22:51:19,258 DEBUG [main][DefaultSingletonBeanRegistry.java:225] - Creating shared instance of singleton bean 'beanNameHandlerMapping'
2024-10-27 22:51:19,258 DEBUG [main][DefaultSingletonBeanRegistry.java:225] - Creating shared instance of singleton bean 'beanNameHandlerMapping'
2024-10-27 22:51:19,258 DEBUG [main][ConstructorResolver.java:807] - Autowiring by type from bean name 'beanNameHandlerMapping' via factory method to bean named 'mvcConversionService'
2024-10-27 22:51:19,258 DEBUG [main][ConstructorResolver.java:807] - Autowiring by type from bean name 'beanNameHandlerMapping' via factory method to bean named 'mvcResourceUrlProvider'
2024-10-27 22:51:19,258 DEBUG [main][ConstructorResolver.java:807] - Autowiring by type from bean name 'beanNameHandlerMapping' via factory method to bean named 'mvcConversionService'
2024-10-27 22:51:19,258 DEBUG [main][ConstructorResolver.java:807] - Autowiring by type from bean name 'beanNameHandlerMapping' via factory method to bean named 'mvcResourceUrlProvider'
2024-10-27 22:51:19,259 DEBUG [main][DefaultSingletonBeanRegistry.java:225] - Creating shared instance of singleton bean 'routerFunctionMapping'
2024-10-27 22:51:19,259 DEBUG [main][DefaultSingletonBeanRegistry.java:225] - Creating shared instance of singleton bean 'routerFunctionMapping'
2024-10-27 22:51:19,259 DEBUG [main][ConstructorResolver.java:807] - Autowiring by type from bean name 'routerFunctionMapping' via factory method to bean named 'mvcConversionService'
2024-10-27 22:51:19,259 DEBUG [main][ConstructorResolver.java:807] - Autowiring by type from bean name 'routerFunctionMapping' via factory method to bean named 'mvcConversionService'
2024-10-27 22:51:19,259 DEBUG [main][ConstructorResolver.java:807] - Autowiring by type from bean name 'routerFunctionMapping' via factory method to bean named 'mvcResourceUrlProvider'
2024-10-27 22:51:19,259 DEBUG [main][ConstructorResolver.java:807] - Autowiring by type from bean name 'routerFunctionMapping' via factory method to bean named 'mvcResourceUrlProvider'
2024-10-27 22:51:19,261 DEBUG [main][DefaultSingletonBeanRegistry.java:225] - Creating shared instance of singleton bean 'resourceHandlerMapping'
2024-10-27 22:51:19,261 DEBUG [main][DefaultSingletonBeanRegistry.java:225] - Creating shared instance of singleton bean 'resourceHandlerMapping'
2024-10-27 22:51:19,261 DEBUG [main][ConstructorResolver.java:807] - Autowiring by type from bean name 'resourceHandlerMapping' via factory method to bean named 'mvcUrlPathHelper'
2024-10-27 22:51:19,261 DEBUG [main][ConstructorResolver.java:807] - Autowiring by type from bean name 'resourceHandlerMapping' via factory method to bean named 'mvcUrlPathHelper'
2024-10-27 22:51:19,261 DEBUG [main][ConstructorResolver.java:807] - Autowiring by type from bean name 'resourceHandlerMapping' via factory method to bean named 'mvcPathMatcher'
2024-10-27 22:51:19,261 DEBUG [main][ConstructorResolver.java:807] - Autowiring by type from bean name 'resourceHandlerMapping' via factory method to bean named 'mvcPathMatcher'
2024-10-27 22:51:19,261 DEBUG [main][ConstructorResolver.java:807] - Autowiring by type from bean name 'resourceHandlerMapping' via factory method to bean named 'mvcContentNegotiationManager'
2024-10-27 22:51:19,261 DEBUG [main][ConstructorResolver.java:807] - Autowiring by type from bean name 'resourceHandlerMapping' via factory method to bean named 'mvcContentNegotiationManager'
2024-10-27 22:51:19,262 DEBUG [main][ConstructorResolver.java:807] - Autowiring by type from bean name 'resourceHandlerMapping' via factory method to bean named 'mvcConversionService'
2024-10-27 22:51:19,262 DEBUG [main][ConstructorResolver.java:807] - Autowiring by type from bean name 'resourceHandlerMapping' via factory method to bean named 'mvcConversionService'
2024-10-27 22:51:19,262 DEBUG [main][ConstructorResolver.java:807] - Autowiring by type from bean name 'resourceHandlerMapping' via factory method to bean named 'mvcResourceUrlProvider'
2024-10-27 22:51:19,262 DEBUG [main][ConstructorResolver.java:807] - Autowiring by type from bean name 'resourceHandlerMapping' via factory method to bean named 'mvcResourceUrlProvider'
2024-10-27 22:51:19,266 DEBUG [main][SimpleUrlHandlerMapping.java:173] - Patterns [/webjars/**, /**] in 'resourceHandlerMapping'
2024-10-27 22:51:19,266 DEBUG [main][SimpleUrlHandlerMapping.java:173] - Patterns [/webjars/**, /**] in 'resourceHandlerMapping'
2024-10-27 22:51:19,266 DEBUG [main][DefaultSingletonBeanRegistry.java:225] - Creating shared instance of singleton bean 'defaultServletHandlerMapping'
2024-10-27 22:51:19,266 DEBUG [main][DefaultSingletonBeanRegistry.java:225] - Creating shared instance of singleton bean 'defaultServletHandlerMapping'
2024-10-27 22:51:19,266 DEBUG [main][DefaultSingletonBeanRegistry.java:225] - Creating shared instance of singleton bean 'handlerFunctionAdapter'
2024-10-27 22:51:19,266 DEBUG [main][DefaultSingletonBeanRegistry.java:225] - Creating shared instance of singleton bean 'handlerFunctionAdapter'
2024-10-27 22:51:19,267 DEBUG [main][DefaultSingletonBeanRegistry.java:225] - Creating shared instance of singleton bean 'mvcUriComponentsContributor'
2024-10-27 22:51:19,267 DEBUG [main][DefaultSingletonBeanRegistry.java:225] - Creating shared instance of singleton bean 'mvcUriComponentsContributor'
2024-10-27 22:51:19,267 DEBUG [main][ConstructorResolver.java:807] - Autowiring by type from bean name 'mvcUriComponentsContributor' via factory method to bean named 'mvcConversionService'
2024-10-27 22:51:19,267 DEBUG [main][ConstructorResolver.java:807] - Autowiring by type from bean name 'mvcUriComponentsContributor' via factory method to bean named 'mvcConversionService'
2024-10-27 22:51:19,267 DEBUG [main][ConstructorResolver.java:807] - Autowiring by type from bean name 'mvcUriComponentsContributor' via factory method to bean named 'requestMappingHandlerAdapter'
2024-10-27 22:51:19,267 DEBUG [main][ConstructorResolver.java:807] - Autowiring by type from bean name 'mvcUriComponentsContributor' via factory method to bean named 'requestMappingHandlerAdapter'
2024-10-27 22:51:19,267 DEBUG [main][DefaultSingletonBeanRegistry.java:225] - Creating shared instance of singleton bean 'httpRequestHandlerAdapter'
2024-10-27 22:51:19,267 DEBUG [main][DefaultSingletonBeanRegistry.java:225] - Creating shared instance of singleton bean 'httpRequestHandlerAdapter'
2024-10-27 22:51:19,268 DEBUG [main][DefaultSingletonBeanRegistry.java:225] - Creating shared instance of singleton bean 'simpleControllerHandlerAdapter'
2024-10-27 22:51:19,268 DEBUG [main][DefaultSingletonBeanRegistry.java:225] - Creating shared instance of singleton bean 'simpleControllerHandlerAdapter'
2024-10-27 22:51:19,268 DEBUG [main][DefaultSingletonBeanRegistry.java:225] - Creating shared instance of singleton bean 'handlerExceptionResolver'
2024-10-27 22:51:19,268 DEBUG [main][DefaultSingletonBeanRegistry.java:225] - Creating shared instance of singleton bean 'handlerExceptionResolver'
2024-10-27 22:51:19,268 DEBUG [main][ConstructorResolver.java:807] - Autowiring by type from bean name 'handlerExceptionResolver' via factory method to bean named 'mvcContentNegotiationManager'
2024-10-27 22:51:19,268 DEBUG [main][ConstructorResolver.java:807] - Autowiring by type from bean name 'handlerExceptionResolver' via factory method to bean named 'mvcContentNegotiationManager'
2024-10-27 22:51:19,270 DEBUG [main][ExceptionHandlerExceptionResolver.java:297] - ControllerAdvice beans: 0 @ExceptionHandler, 1 ResponseBodyAdvice
2024-10-27 22:51:19,270 DEBUG [main][ExceptionHandlerExceptionResolver.java:297] - ControllerAdvice beans: 0 @ExceptionHandler, 1 ResponseBodyAdvice
2024-10-27 22:51:19,271 DEBUG [main][DefaultSingletonBeanRegistry.java:225] - Creating shared instance of singleton bean 'mvcViewResolver'
2024-10-27 22:51:19,271 DEBUG [main][DefaultSingletonBeanRegistry.java:225] - Creating shared instance of singleton bean 'mvcViewResolver'
2024-10-27 22:51:19,271 DEBUG [main][ConstructorResolver.java:807] - Autowiring by type from bean name 'mvcViewResolver' via factory method to bean named 'mvcContentNegotiationManager'
2024-10-27 22:51:19,271 DEBUG [main][ConstructorResolver.java:807] - Autowiring by type from bean name 'mvcViewResolver' via factory method to bean named 'mvcContentNegotiationManager'
2024-10-27 22:51:19,272 DEBUG [main][DefaultSingletonBeanRegistry.java:225] - Creating shared instance of singleton bean 'defaultViewResolver'
2024-10-27 22:51:19,272 DEBUG [main][DefaultSingletonBeanRegistry.java:225] - Creating shared instance of singleton bean 'defaultViewResolver'
2024-10-27 22:51:19,274 DEBUG [main][DefaultSingletonBeanRegistry.java:225] - Creating shared instance of singleton bean 'viewResolver'
2024-10-27 22:51:19,274 DEBUG [main][DefaultSingletonBeanRegistry.java:225] - Creating shared instance of singleton bean 'viewResolver'
2024-10-27 22:51:19,274 DEBUG [main][ConstructorResolver.java:807] - Autowiring by type from bean name 'viewResolver' via factory method to bean named 'org.springframework.beans.factory.support.DefaultListableBeanFactory@57459491'
2024-10-27 22:51:19,274 DEBUG [main][ConstructorResolver.java:807] - Autowiring by type from bean name 'viewResolver' via factory method to bean named 'org.springframework.beans.factory.support.DefaultListableBeanFactory@57459491'
2024-10-27 22:51:19,275 DEBUG [main][DefaultSingletonBeanRegistry.java:225] - Creating shared instance of singleton bean 'org.springframework.boot.autoconfigure.aop.AopAutoConfiguration$ClassProxyingConfiguration'
2024-10-27 22:51:19,275 DEBUG [main][DefaultSingletonBeanRegistry.java:225] - Creating shared instance of singleton bean 'org.springframework.boot.autoconfigure.aop.AopAutoConfiguration$ClassProxyingConfiguration'
2024-10-27 22:51:19,275 DEBUG [main][ConstructorResolver.java:807] - Autowiring by type from bean name 'org.springframework.boot.autoconfigure.aop.AopAutoConfiguration$ClassProxyingConfiguration' via constructor to bean named 'org.springframework.beans.factory.support.DefaultListableBeanFactory@57459491'
2024-10-27 22:51:19,275 DEBUG [main][ConstructorResolver.java:807] - Autowiring by type from bean name 'org.springframework.boot.autoconfigure.aop.AopAutoConfiguration$ClassProxyingConfiguration' via constructor to bean named 'org.springframework.beans.factory.support.DefaultListableBeanFactory@57459491'
2024-10-27 22:51:19,277 DEBUG [main][DefaultSingletonBeanRegistry.java:225] - Creating shared instance of singleton bean 'org.springframework.boot.autoconfigure.aop.AopAutoConfiguration'
2024-10-27 22:51:19,277 DEBUG [main][DefaultSingletonBeanRegistry.java:225] - Creating shared instance of singleton bean 'org.springframework.boot.autoconfigure.aop.AopAutoConfiguration'
2024-10-27 22:51:19,277 DEBUG [main][DefaultSingletonBeanRegistry.java:225] - Creating shared instance of singleton bean 'org.springframework.boot.autoconfigure.availability.ApplicationAvailabilityAutoConfiguration'
2024-10-27 22:51:19,277 DEBUG [main][DefaultSingletonBeanRegistry.java:225] - Creating shared instance of singleton bean 'org.springframework.boot.autoconfigure.availability.ApplicationAvailabilityAutoConfiguration'
2024-10-27 22:51:19,277 DEBUG [main][DefaultSingletonBeanRegistry.java:225] - Creating shared instance of singleton bean 'applicationAvailability'
2024-10-27 22:51:19,277 DEBUG [main][DefaultSingletonBeanRegistry.java:225] - Creating shared instance of singleton bean 'applicationAvailability'
2024-10-27 22:51:19,278 DEBUG [main][DefaultSingletonBeanRegistry.java:225] - Creating shared instance of singleton bean 'loggingRebinder'
2024-10-27 22:51:19,278 DEBUG [main][DefaultSingletonBeanRegistry.java:225] - Creating shared instance of singleton bean 'loggingRebinder'
2024-10-27 22:51:19,278 DEBUG [main][DefaultSingletonBeanRegistry.java:225] - Creating shared instance of singleton bean 'org.springframework.boot.autoconfigure.context.ConfigurationPropertiesAutoConfiguration'
2024-10-27 22:51:19,278 DEBUG [main][DefaultSingletonBeanRegistry.java:225] - Creating shared instance of singleton bean 'org.springframework.boot.autoconfigure.context.ConfigurationPropertiesAutoConfiguration'
2024-10-27 22:51:19,278 DEBUG [main][DefaultSingletonBeanRegistry.java:225] - Creating shared instance of singleton bean 'org.springframework.boot.autoconfigure.context.LifecycleAutoConfiguration'
2024-10-27 22:51:19,278 DEBUG [main][DefaultSingletonBeanRegistry.java:225] - Creating shared instance of singleton bean 'org.springframework.boot.autoconfigure.context.LifecycleAutoConfiguration'
2024-10-27 22:51:19,278 DEBUG [main][DefaultSingletonBeanRegistry.java:225] - Creating shared instance of singleton bean 'lifecycleProcessor'
2024-10-27 22:51:19,278 DEBUG [main][DefaultSingletonBeanRegistry.java:225] - Creating shared instance of singleton bean 'lifecycleProcessor'
2024-10-27 22:51:19,278 DEBUG [main][DefaultSingletonBeanRegistry.java:225] - Creating shared instance of singleton bean 'spring.lifecycle-org.springframework.boot.autoconfigure.context.LifecycleProperties'
2024-10-27 22:51:19,278 DEBUG [main][DefaultSingletonBeanRegistry.java:225] - Creating shared instance of singleton bean 'spring.lifecycle-org.springframework.boot.autoconfigure.context.LifecycleProperties'
2024-10-27 22:51:19,279 DEBUG [main][ConstructorResolver.java:807] - Autowiring by type from bean name 'lifecycleProcessor' via factory method to bean named 'spring.lifecycle-org.springframework.boot.autoconfigure.context.LifecycleProperties'
2024-10-27 22:51:19,279 DEBUG [main][ConstructorResolver.java:807] - Autowiring by type from bean name 'lifecycleProcessor' via factory method to bean named 'spring.lifecycle-org.springframework.boot.autoconfigure.context.LifecycleProperties'
2024-10-27 22:51:19,279 DEBUG [main][DefaultSingletonBeanRegistry.java:225] - Creating shared instance of singleton bean 'org.springframework.boot.autoconfigure.http.JacksonHttpMessageConvertersConfiguration'
2024-10-27 22:51:19,279 DEBUG [main][DefaultSingletonBeanRegistry.java:225] - Creating shared instance of singleton bean 'org.springframework.boot.autoconfigure.http.JacksonHttpMessageConvertersConfiguration'
2024-10-27 22:51:19,279 DEBUG [main][DefaultSingletonBeanRegistry.java:225] - Creating shared instance of singleton bean 'org.springframework.boot.autoconfigure.info.ProjectInfoAutoConfiguration'
2024-10-27 22:51:19,279 DEBUG [main][DefaultSingletonBeanRegistry.java:225] - Creating shared instance of singleton bean 'org.springframework.boot.autoconfigure.info.ProjectInfoAutoConfiguration'
2024-10-27 22:51:19,281 DEBUG [main][DefaultSingletonBeanRegistry.java:225] - Creating shared instance of singleton bean 'spring.info-org.springframework.boot.autoconfigure.info.ProjectInfoProperties'
2024-10-27 22:51:19,281 DEBUG [main][DefaultSingletonBeanRegistry.java:225] - Creating shared instance of singleton bean 'spring.info-org.springframework.boot.autoconfigure.info.ProjectInfoProperties'
2024-10-27 22:51:19,281 DEBUG [main][ConstructorResolver.java:807] - Autowiring by type from bean name 'org.springframework.boot.autoconfigure.info.ProjectInfoAutoConfiguration' via constructor to bean named 'spring.info-org.springframework.boot.autoconfigure.info.ProjectInfoProperties'
2024-10-27 22:51:19,281 DEBUG [main][ConstructorResolver.java:807] - Autowiring by type from bean name 'org.springframework.boot.autoconfigure.info.ProjectInfoAutoConfiguration' via constructor to bean named 'spring.info-org.springframework.boot.autoconfigure.info.ProjectInfoProperties'
2024-10-27 22:51:19,282 DEBUG [main][DefaultSingletonBeanRegistry.java:225] - Creating shared instance of singleton bean 'org.springframework.boot.autoconfigure.task.TaskSchedulingAutoConfiguration'
2024-10-27 22:51:19,282 DEBUG [main][DefaultSingletonBeanRegistry.java:225] - Creating shared instance of singleton bean 'org.springframework.boot.autoconfigure.task.TaskSchedulingAutoConfiguration'
2024-10-27 22:51:19,282 DEBUG [main][DefaultSingletonBeanRegistry.java:225] - Creating shared instance of singleton bean 'taskSchedulerBuilder'
2024-10-27 22:51:19,282 DEBUG [main][DefaultSingletonBeanRegistry.java:225] - Creating shared instance of singleton bean 'taskSchedulerBuilder'
2024-10-27 22:51:19,282 DEBUG [main][DefaultSingletonBeanRegistry.java:225] - Creating shared instance of singleton bean 'spring.task.scheduling-org.springframework.boot.autoconfigure.task.TaskSchedulingProperties'
2024-10-27 22:51:19,282 DEBUG [main][DefaultSingletonBeanRegistry.java:225] - Creating shared instance of singleton bean 'spring.task.scheduling-org.springframework.boot.autoconfigure.task.TaskSchedulingProperties'
2024-10-27 22:51:19,283 DEBUG [main][ConstructorResolver.java:807] - Autowiring by type from bean name 'taskSchedulerBuilder' via factory method to bean named 'spring.task.scheduling-org.springframework.boot.autoconfigure.task.TaskSchedulingProperties'
2024-10-27 22:51:19,283 DEBUG [main][ConstructorResolver.java:807] - Autowiring by type from bean name 'taskSchedulerBuilder' via factory method to bean named 'spring.task.scheduling-org.springframework.boot.autoconfigure.task.TaskSchedulingProperties'
2024-10-27 22:51:19,284 DEBUG [main][DefaultSingletonBeanRegistry.java:225] - Creating shared instance of singleton bean 'org.springframework.boot.autoconfigure.web.client.RestTemplateAutoConfiguration'
2024-10-27 22:51:19,284 DEBUG [main][DefaultSingletonBeanRegistry.java:225] - Creating shared instance of singleton bean 'org.springframework.boot.autoconfigure.web.client.RestTemplateAutoConfiguration'
2024-10-27 22:51:19,284 DEBUG [main][DefaultSingletonBeanRegistry.java:225] - Creating shared instance of singleton bean 'org.springframework.boot.autoconfigure.web.embedded.EmbeddedWebServerFactoryCustomizerAutoConfiguration'
2024-10-27 22:51:19,284 DEBUG [main][DefaultSingletonBeanRegistry.java:225] - Creating shared instance of singleton bean 'org.springframework.boot.autoconfigure.web.embedded.EmbeddedWebServerFactoryCustomizerAutoConfiguration'
2024-10-27 22:51:19,284 DEBUG [main][DefaultSingletonBeanRegistry.java:225] - Creating shared instance of singleton bean 'multipartResolver'
2024-10-27 22:51:19,284 DEBUG [main][DefaultSingletonBeanRegistry.java:225] - Creating shared instance of singleton bean 'multipartResolver'
2024-10-27 22:51:19,284 DEBUG [main][DefaultSingletonBeanRegistry.java:225] - Creating shared instance of singleton bean 'org.springframework.cloud.autoconfigure.ConfigurationPropertiesRebinderAutoConfiguration'
2024-10-27 22:51:19,284 DEBUG [main][DefaultSingletonBeanRegistry.java:225] - Creating shared instance of singleton bean 'org.springframework.cloud.autoconfigure.ConfigurationPropertiesRebinderAutoConfiguration'
2024-10-27 22:51:19,284 DEBUG [main][DefaultSingletonBeanRegistry.java:225] - Creating shared instance of singleton bean 'configurationPropertiesRebinder'
2024-10-27 22:51:19,284 DEBUG [main][DefaultSingletonBeanRegistry.java:225] - Creating shared instance of singleton bean 'configurationPropertiesRebinder'
2024-10-27 22:51:19,285 DEBUG [main][ConstructorResolver.java:807] - Autowiring by type from bean name 'configurationPropertiesRebinder' via factory method to bean named 'configurationPropertiesBeans'
2024-10-27 22:51:19,285 DEBUG [main][ConstructorResolver.java:807] - Autowiring by type from bean name 'configurationPropertiesRebinder' via factory method to bean named 'configurationPropertiesBeans'
2024-10-27 22:51:19,285 DEBUG [main][DefaultSingletonBeanRegistry.java:225] - Creating shared instance of singleton bean 'org.springframework.cloud.autoconfigure.LifecycleMvcEndpointAutoConfiguration'
2024-10-27 22:51:19,285 DEBUG [main][DefaultSingletonBeanRegistry.java:225] - Creating shared instance of singleton bean 'org.springframework.cloud.autoconfigure.LifecycleMvcEndpointAutoConfiguration'
2024-10-27 22:51:19,285 DEBUG [main][DefaultSingletonBeanRegistry.java:225] - Creating shared instance of singleton bean 'environmentManager'
2024-10-27 22:51:19,285 DEBUG [main][DefaultSingletonBeanRegistry.java:225] - Creating shared instance of singleton bean 'environmentManager'
2024-10-27 22:51:19,285 DEBUG [main][ConstructorResolver.java:807] - Autowiring by type from bean name 'environmentManager' via factory method to bean named 'environment'
2024-10-27 22:51:19,285 DEBUG [main][ConstructorResolver.java:807] - Autowiring by type from bean name 'environmentManager' via factory method to bean named 'environment'
2024-10-27 22:51:19,290 DEBUG [main][MBeanExporter.java:434] - Registering beans for JMX exposure on startup
2024-10-27 22:51:19,290 DEBUG [main][MBeanExporter.java:434] - Registering beans for JMX exposure on startup
2024-10-27 22:51:19,290 DEBUG [main][MBeanExporter.java:541] - Autodetecting user-defined JMX MBeans
2024-10-27 22:51:19,290 DEBUG [main][MBeanExporter.java:541] - Autodetecting user-defined JMX MBeans
2024-10-27 22:51:19,294 DEBUG [main][MBeanExporter.java:896] - Bean with name 'refreshScope' has been autodetected for JMX exposure
2024-10-27 22:51:19,294 DEBUG [main][MBeanExporter.java:896] - Bean with name 'refreshScope' has been autodetected for JMX exposure
2024-10-27 22:51:19,295 DEBUG [main][MBeanExporter.java:896] - Bean with name 'configurationPropertiesRebinder' has been autodetected for JMX exposure
2024-10-27 22:51:19,295 DEBUG [main][MBeanExporter.java:896] - Bean with name 'configurationPropertiesRebinder' has been autodetected for JMX exposure
2024-10-27 22:51:19,295 DEBUG [main][MBeanExporter.java:896] - Bean with name 'environmentManager' has been autodetected for JMX exposure
2024-10-27 22:51:19,295 DEBUG [main][MBeanExporter.java:896] - Bean with name 'environmentManager' has been autodetected for JMX exposure
2024-10-27 22:51:19,296 DEBUG [main][MBeanExporter.java:676] - Located managed bean 'environmentManager': registering with JMX server as MBean [org.springframework.cloud.context.environment:name=environmentManager,type=EnvironmentManager]
2024-10-27 22:51:19,296 DEBUG [main][MBeanExporter.java:676] - Located managed bean 'environmentManager': registering with JMX server as MBean [org.springframework.cloud.context.environment:name=environmentManager,type=EnvironmentManager]
2024-10-27 22:51:19,305 DEBUG [main][MBeanExporter.java:676] - Located managed bean 'refreshScope': registering with JMX server as MBean [org.springframework.cloud.context.scope.refresh:name=refreshScope,type=RefreshScope]
2024-10-27 22:51:19,305 DEBUG [main][MBeanExporter.java:676] - Located managed bean 'refreshScope': registering with JMX server as MBean [org.springframework.cloud.context.scope.refresh:name=refreshScope,type=RefreshScope]
2024-10-27 22:51:19,310 DEBUG [main][MBeanExporter.java:676] - Located managed bean 'configurationPropertiesRebinder': registering with JMX server as MBean [org.springframework.cloud.context.properties:name=configurationPropertiesRebinder,context=38f116f6,type=ConfigurationPropertiesRebinder]
2024-10-27 22:51:19,310 DEBUG [main][MBeanExporter.java:676] - Located managed bean 'configurationPropertiesRebinder': registering with JMX server as MBean [org.springframework.cloud.context.properties:name=configurationPropertiesRebinder,context=38f116f6,type=ConfigurationPropertiesRebinder]
2024-10-27 22:51:19,315 DEBUG [main][DefaultLifecycleProcessor.java:356] - Starting beans in phase 2147483646
2024-10-27 22:51:19,315 DEBUG [main][DefaultLifecycleProcessor.java:356] - Starting beans in phase 2147483646
2024-10-27 22:51:19,315 INFO [main][DirectJDKLog.java:173] - Starting ProtocolHandler ["http-nio-63040"]
2024-10-27 22:51:19,315 INFO [main][DirectJDKLog.java:173] - Starting ProtocolHandler ["http-nio-63040"]
2024-10-27 22:51:19,325 INFO [main][TomcatWebServer.java:220] - Tomcat started on port(s): 63040 (http) with context path '/content'
2024-10-27 22:51:19,325 INFO [main][TomcatWebServer.java:220] - Tomcat started on port(s): 63040 (http) with context path '/content'
2024-10-27 22:51:19,326 DEBUG [main][DefaultLifecycleProcessor.java:188] - Successfully started bean 'webServerStartStop'
2024-10-27 22:51:19,326 DEBUG [main][DefaultLifecycleProcessor.java:188] - Successfully started bean 'webServerStartStop'
2024-10-27 22:51:19,326 DEBUG [main][DefaultLifecycleProcessor.java:356] - Starting beans in phase 2147483647
2024-10-27 22:51:19,326 DEBUG [main][DefaultLifecycleProcessor.java:356] - Starting beans in phase 2147483647
2024-10-27 22:51:19,326 INFO [main][DocumentationPluginsBootstrapper.java:160] - Context refreshed
2024-10-27 22:51:19,326 INFO [main][DocumentationPluginsBootstrapper.java:160] - Context refreshed
2024-10-27 22:51:19,333 INFO [main][DocumentationPluginsBootstrapper.java:163] - Found 1 custom documentation plugin(s)
2024-10-27 22:51:19,333 INFO [main][DocumentationPluginsBootstrapper.java:163] - Found 1 custom documentation plugin(s)
2024-10-27 22:51:19,349 INFO [main][ApiListingReferenceScanner.java:41] - Scanning for api listing references
2024-10-27 22:51:19,349 INFO [main][ApiListingReferenceScanner.java:41] - Scanning for api listing references
2024-10-27 22:51:19,432 DEBUG [main][DefaultLifecycleProcessor.java:188] - Successfully started bean 'documentationPluginsBootstrapper'
2024-10-27 22:51:19,432 DEBUG [main][DefaultLifecycleProcessor.java:188] - Successfully started bean 'documentationPluginsBootstrapper'
2024-10-27 22:51:19,432 DEBUG [main][DefaultLifecycleProcessor.java:188] - Successfully started bean 'webServerGracefulShutdown'
2024-10-27 22:51:19,432 DEBUG [main][DefaultLifecycleProcessor.java:188] - Successfully started bean 'webServerGracefulShutdown'
2024-10-27 22:51:19,437 DEBUG [main][ConditionEvaluationReportLoggingListener.java:126] - 


============================
CONDITIONS EVALUATION REPORT
============================


Positive matches:
-----------------

   AopAutoConfiguration matched:
      - @ConditionalOnProperty (spring.aop.auto=true) matched (OnPropertyCondition)

   AopAutoConfiguration.ClassProxyingConfiguration matched:
      - @ConditionalOnMissingClass did not find unwanted class 'org.aspectj.weaver.Advice' (OnClassCondition)
      - @ConditionalOnProperty (spring.aop.proxy-target-class=true) matched (OnPropertyCondition)

   ConfigurationPropertiesRebinderAutoConfiguration matched:
      - @ConditionalOnBean (types: org.springframework.boot.context.properties.ConfigurationPropertiesBindingPostProcessor; SearchStrategy: all) found bean 'org.springframework.boot.context.properties.ConfigurationPropertiesBindingPostProcessor' (OnBeanCondition)

   ConfigurationPropertiesRebinderAutoConfiguration#configurationPropertiesBeans matched:
      - @ConditionalOnMissingBean (types: org.springframework.cloud.context.properties.ConfigurationPropertiesBeans; SearchStrategy: current) did not find any beans (OnBeanCondition)

   ConfigurationPropertiesRebinderAutoConfiguration#configurationPropertiesRebinder matched:
      - @ConditionalOnMissingBean (types: org.springframework.cloud.context.properties.ConfigurationPropertiesRebinder; SearchStrategy: current) did not find any beans (OnBeanCondition)

   DispatcherServletAutoConfiguration matched:
      - @ConditionalOnClass found required class 'org.springframework.web.servlet.DispatcherServlet' (OnClassCondition)
      - found 'session' scope (OnWebApplicationCondition)

   DispatcherServletAutoConfiguration.DispatcherServletConfiguration matched:
      - @ConditionalOnClass found required class 'javax.servlet.ServletRegistration' (OnClassCondition)
      - Default DispatcherServlet did not find dispatcher servlet beans (DispatcherServletAutoConfiguration.DefaultDispatcherServletCondition)

   DispatcherServletAutoConfiguration.DispatcherServletRegistrationConfiguration matched:
      - @ConditionalOnClass found required class 'javax.servlet.ServletRegistration' (OnClassCondition)
      - DispatcherServlet Registration did not find servlet registration bean (DispatcherServletAutoConfiguration.DispatcherServletRegistrationCondition)

   DispatcherServletAutoConfiguration.DispatcherServletRegistrationConfiguration#dispatcherServletRegistration matched:
      - @ConditionalOnBean (names: dispatcherServlet types: org.springframework.web.servlet.DispatcherServlet; SearchStrategy: all) found bean 'dispatcherServlet' (OnBeanCondition)

   EmbeddedWebServerFactoryCustomizerAutoConfiguration matched:
      - @ConditionalOnWebApplication (required) found 'session' scope (OnWebApplicationCondition)

   EmbeddedWebServerFactoryCustomizerAutoConfiguration.TomcatWebServerFactoryCustomizerConfiguration matched:
      - @ConditionalOnClass found required classes 'org.apache.catalina.startup.Tomcat', 'org.apache.coyote.UpgradeProtocol' (OnClassCondition)

   ErrorMvcAutoConfiguration matched:
      - @ConditionalOnClass found required classes 'javax.servlet.Servlet', 'org.springframework.web.servlet.DispatcherServlet' (OnClassCondition)
      - found 'session' scope (OnWebApplicationCondition)

   ErrorMvcAutoConfiguration#basicErrorController matched:
      - @ConditionalOnMissingBean (types: org.springframework.boot.web.servlet.error.ErrorController; SearchStrategy: current) did not find any beans (OnBeanCondition)

   ErrorMvcAutoConfiguration#errorAttributes matched:
      - @ConditionalOnMissingBean (types: org.springframework.boot.web.servlet.error.ErrorAttributes; SearchStrategy: current) did not find any beans (OnBeanCondition)

   ErrorMvcAutoConfiguration.DefaultErrorViewResolverConfiguration#conventionErrorViewResolver matched:
      - @ConditionalOnBean (types: org.springframework.web.servlet.DispatcherServlet; SearchStrategy: all) found bean 'dispatcherServlet'; @ConditionalOnMissingBean (types: org.springframework.boot.autoconfigure.web.servlet.error.ErrorViewResolver; SearchStrategy: all) did not find any beans (OnBeanCondition)

   ErrorMvcAutoConfiguration.WhitelabelErrorViewConfiguration matched:
      - @ConditionalOnProperty (server.error.whitelabel.enabled) matched (OnPropertyCondition)
      - ErrorTemplate Missing did not find error template view (ErrorMvcAutoConfiguration.ErrorTemplateMissingCondition)

   ErrorMvcAutoConfiguration.WhitelabelErrorViewConfiguration#beanNameViewResolver matched:
      - @ConditionalOnMissingBean (types: org.springframework.web.servlet.view.BeanNameViewResolver; SearchStrategy: all) did not find any beans (OnBeanCondition)

   ErrorMvcAutoConfiguration.WhitelabelErrorViewConfiguration#defaultErrorView matched:
      - @ConditionalOnMissingBean (names: error; SearchStrategy: all) did not find any beans (OnBeanCondition)

   GenericCacheConfiguration matched:
      - Cache org.springframework.boot.autoconfigure.cache.GenericCacheConfiguration automatic cache type (CacheCondition)

   HttpEncodingAutoConfiguration matched:
      - @ConditionalOnClass found required class 'org.springframework.web.filter.CharacterEncodingFilter' (OnClassCondition)
      - found 'session' scope (OnWebApplicationCondition)
      - @ConditionalOnProperty (server.servlet.encoding.enabled) matched (OnPropertyCondition)

   HttpEncodingAutoConfiguration#characterEncodingFilter matched:
      - @ConditionalOnMissingBean (types: org.springframework.web.filter.CharacterEncodingFilter; SearchStrategy: all) did not find any beans (OnBeanCondition)

   HttpMessageConvertersAutoConfiguration matched:
      - @ConditionalOnClass found required class 'org.springframework.http.converter.HttpMessageConverter' (OnClassCondition)
      - NoneNestedConditions 0 matched 1 did not; NestedCondition on HttpMessageConvertersAutoConfiguration.NotReactiveWebApplicationCondition.ReactiveWebApplication did not find reactive web application classes (HttpMessageConvertersAutoConfiguration.NotReactiveWebApplicationCondition)

   HttpMessageConvertersAutoConfiguration#messageConverters matched:
      - @ConditionalOnMissingBean (types: org.springframework.boot.autoconfigure.http.HttpMessageConverters; SearchStrategy: all) did not find any beans (OnBeanCondition)

   HttpMessageConvertersAutoConfiguration.StringHttpMessageConverterConfiguration matched:
      - @ConditionalOnClass found required class 'org.springframework.http.converter.StringHttpMessageConverter' (OnClassCondition)

   HttpMessageConvertersAutoConfiguration.StringHttpMessageConverterConfiguration#stringHttpMessageConverter matched:
      - @ConditionalOnMissingBean (types: org.springframework.http.converter.StringHttpMessageConverter; SearchStrategy: all) did not find any beans (OnBeanCondition)

   JacksonAutoConfiguration matched:
      - @ConditionalOnClass found required class 'com.fasterxml.jackson.databind.ObjectMapper' (OnClassCondition)

   JacksonAutoConfiguration.Jackson2ObjectMapperBuilderCustomizerConfiguration matched:
      - @ConditionalOnClass found required class 'org.springframework.http.converter.json.Jackson2ObjectMapperBuilder' (OnClassCondition)

   JacksonAutoConfiguration.JacksonObjectMapperBuilderConfiguration matched:
      - @ConditionalOnClass found required class 'org.springframework.http.converter.json.Jackson2ObjectMapperBuilder' (OnClassCondition)

   JacksonAutoConfiguration.JacksonObjectMapperBuilderConfiguration#jacksonObjectMapperBuilder matched:
      - @ConditionalOnMissingBean (types: org.springframework.http.converter.json.Jackson2ObjectMapperBuilder; SearchStrategy: all) did not find any beans (OnBeanCondition)

   JacksonAutoConfiguration.JacksonObjectMapperConfiguration matched:
      - @ConditionalOnClass found required class 'org.springframework.http.converter.json.Jackson2ObjectMapperBuilder' (OnClassCondition)

   JacksonAutoConfiguration.JacksonObjectMapperConfiguration#jacksonObjectMapper matched:
      - @ConditionalOnMissingBean (types: com.fasterxml.jackson.databind.ObjectMapper; SearchStrategy: all) did not find any beans (OnBeanCondition)

   JacksonAutoConfiguration.ParameterNamesModuleConfiguration matched:
      - @ConditionalOnClass found required class 'com.fasterxml.jackson.module.paramnames.ParameterNamesModule' (OnClassCondition)

   JacksonAutoConfiguration.ParameterNamesModuleConfiguration#parameterNamesModule matched:
      - @ConditionalOnMissingBean (types: com.fasterxml.jackson.module.paramnames.ParameterNamesModule; SearchStrategy: all) did not find any beans (OnBeanCondition)

   JacksonHttpMessageConvertersConfiguration.MappingJackson2HttpMessageConverterConfiguration matched:
      - @ConditionalOnClass found required class 'com.fasterxml.jackson.databind.ObjectMapper' (OnClassCondition)
      - @ConditionalOnProperty (spring.mvc.converters.preferred-json-mapper=jackson) matched (OnPropertyCondition)
      - @ConditionalOnBean (types: com.fasterxml.jackson.databind.ObjectMapper; SearchStrategy: all) found bean 'jacksonObjectMapper' (OnBeanCondition)

   JacksonHttpMessageConvertersConfiguration.MappingJackson2HttpMessageConverterConfiguration#mappingJackson2HttpMessageConverter matched:
      - @ConditionalOnMissingBean (types: org.springframework.http.converter.json.MappingJackson2HttpMessageConverter ignored: org.springframework.hateoas.server.mvc.TypeConstrainedMappingJackson2HttpMessageConverter,org.springframework.data.rest.webmvc.alps.AlpsJsonHttpMessageConverter; SearchStrategy: all) did not find any beans (OnBeanCondition)

   JmxAutoConfiguration matched:
      - @ConditionalOnClass found required class 'org.springframework.jmx.export.MBeanExporter' (OnClassCondition)
      - @ConditionalOnProperty (spring.jmx.enabled=true) matched (OnPropertyCondition)

   JmxAutoConfiguration#mbeanExporter matched:
      - @ConditionalOnMissingBean (types: org.springframework.jmx.export.MBeanExporter; SearchStrategy: current) did not find any beans (OnBeanCondition)

   JmxAutoConfiguration#mbeanServer matched:
      - @ConditionalOnMissingBean (types: javax.management.MBeanServer; SearchStrategy: all) did not find any beans (OnBeanCondition)

   JmxAutoConfiguration#objectNamingStrategy matched:
      - @ConditionalOnMissingBean (types: org.springframework.jmx.export.naming.ObjectNamingStrategy; SearchStrategy: current) did not find any beans (OnBeanCondition)

   LifecycleAutoConfiguration#defaultLifecycleProcessor matched:
      - @ConditionalOnMissingBean (names: lifecycleProcessor; SearchStrategy: current) did not find any beans (OnBeanCondition)

   LifecycleMvcEndpointAutoConfiguration#environmentManager matched:
      - @ConditionalOnMissingBean (types: org.springframework.cloud.context.environment.EnvironmentManager; SearchStrategy: all) did not find any beans (OnBeanCondition)

   MultipartAutoConfiguration matched:
      - @ConditionalOnClass found required classes 'javax.servlet.Servlet', 'org.springframework.web.multipart.support.StandardServletMultipartResolver', 'javax.servlet.MultipartConfigElement' (OnClassCondition)
      - found 'session' scope (OnWebApplicationCondition)
      - @ConditionalOnProperty (spring.servlet.multipart.enabled) matched (OnPropertyCondition)

   MultipartAutoConfiguration#multipartConfigElement matched:
      - @ConditionalOnMissingBean (types: javax.servlet.MultipartConfigElement,org.springframework.web.multipart.commons.CommonsMultipartResolver; SearchStrategy: all) did not find any beans (OnBeanCondition)

   MultipartAutoConfiguration#multipartResolver matched:
      - @ConditionalOnMissingBean (types: org.springframework.web.multipart.MultipartResolver; SearchStrategy: all) did not find any beans (OnBeanCondition)

   NoOpCacheConfiguration matched:
      - Cache org.springframework.boot.autoconfigure.cache.NoOpCacheConfiguration automatic cache type (CacheCondition)

   PropertyPlaceholderAutoConfiguration#propertySourcesPlaceholderConfigurer matched:
      - @ConditionalOnMissingBean (types: org.springframework.context.support.PropertySourcesPlaceholderConfigurer; SearchStrategy: current) did not find any beans (OnBeanCondition)

   RefreshAutoConfiguration matched:
      - @ConditionalOnClass found required class 'org.springframework.cloud.context.scope.refresh.RefreshScope' (OnClassCondition)
      - @ConditionalOnProperty (spring.cloud.refresh.enabled) matched (OnPropertyCondition)

   RefreshAutoConfiguration#contextRefresher matched:
      - @ConditionalOnMissingBean (types: org.springframework.cloud.context.refresh.ContextRefresher; SearchStrategy: all) did not find any beans (OnBeanCondition)

   RefreshAutoConfiguration#loggingRebinder matched:
      - @ConditionalOnMissingBean (types: org.springframework.cloud.logging.LoggingRebinder; SearchStrategy: all) did not find any beans (OnBeanCondition)

   RefreshAutoConfiguration#refreshScope matched:
      - @ConditionalOnMissingBean (types: org.springframework.cloud.context.scope.refresh.RefreshScope; SearchStrategy: all) did not find any beans (OnBeanCondition)

   RestTemplateAutoConfiguration matched:
      - @ConditionalOnClass found required class 'org.springframework.web.client.RestTemplate' (OnClassCondition)
      - NoneNestedConditions 0 matched 1 did not; NestedCondition on RestTemplateAutoConfiguration.NotReactiveWebApplicationCondition.ReactiveWebApplication did not find reactive web application classes (RestTemplateAutoConfiguration.NotReactiveWebApplicationCondition)

   RestTemplateAutoConfiguration#restTemplateBuilder matched:
      - @ConditionalOnMissingBean (types: org.springframework.boot.web.client.RestTemplateBuilder; SearchStrategy: all) did not find any beans (OnBeanCondition)

   ServletWebServerFactoryAutoConfiguration matched:
      - @ConditionalOnClass found required class 'javax.servlet.ServletRequest' (OnClassCondition)
      - found 'session' scope (OnWebApplicationCondition)

   ServletWebServerFactoryAutoConfiguration#tomcatServletWebServerFactoryCustomizer matched:
      - @ConditionalOnClass found required class 'org.apache.catalina.startup.Tomcat' (OnClassCondition)

   ServletWebServerFactoryConfiguration.EmbeddedTomcat matched:
      - @ConditionalOnClass found required classes 'javax.servlet.Servlet', 'org.apache.catalina.startup.Tomcat', 'org.apache.coyote.UpgradeProtocol' (OnClassCondition)
      - @ConditionalOnMissingBean (types: org.springframework.boot.web.servlet.server.ServletWebServerFactory; SearchStrategy: current) did not find any beans (OnBeanCondition)

   SimpleCacheConfiguration matched:
      - Cache org.springframework.boot.autoconfigure.cache.SimpleCacheConfiguration automatic cache type (CacheCondition)

   SpringApplicationAdminJmxAutoConfiguration matched:
      - @ConditionalOnProperty (spring.application.admin.enabled=true) matched (OnPropertyCondition)

   SpringApplicationAdminJmxAutoConfiguration#springApplicationAdminRegistrar matched:
      - @ConditionalOnMissingBean (types: org.springframework.boot.admin.SpringApplicationAdminMXBeanRegistrar; SearchStrategy: all) did not find any beans (OnBeanCondition)

   Swagger2Configuration matched:
      - @ConditionalOnProperty (swagger.enabled) matched (OnPropertyCondition)

   Swagger2DocumentationConfiguration matched:
      - @ConditionalOnWebApplication (required) found 'session' scope (OnWebApplicationCondition)

   SwaggerAutoConfiguration#createRestApi matched:
      - @ConditionalOnProperty (swagger.enabled) matched (OnPropertyCondition)
      - @ConditionalOnBean (types: springfox.documentation.swagger.web.UiConfiguration; SearchStrategy: all) found bean 'uiConfiguration'; @ConditionalOnMissingBean (types: java.util.List; SearchStrategy: all) did not find any beans (OnBeanCondition)

   SwaggerAutoConfiguration#swaggerProperties matched:
      - @ConditionalOnMissingBean (types: com.spring4all.swagger.SwaggerProperties; SearchStrategy: all) did not find any beans (OnBeanCondition)

   TaskExecutionAutoConfiguration matched:
      - @ConditionalOnClass found required class 'org.springframework.scheduling.concurrent.ThreadPoolTaskExecutor' (OnClassCondition)

   TaskExecutionAutoConfiguration#applicationTaskExecutor matched:
      - @ConditionalOnMissingBean (types: java.util.concurrent.Executor; SearchStrategy: all) did not find any beans (OnBeanCondition)

   TaskExecutionAutoConfiguration#taskExecutorBuilder matched:
      - @ConditionalOnMissingBean (types: org.springframework.boot.task.TaskExecutorBuilder; SearchStrategy: all) did not find any beans (OnBeanCondition)

   TaskSchedulingAutoConfiguration matched:
      - @ConditionalOnClass found required class 'org.springframework.scheduling.concurrent.ThreadPoolTaskScheduler' (OnClassCondition)

   TaskSchedulingAutoConfiguration#taskSchedulerBuilder matched:
      - @ConditionalOnMissingBean (types: org.springframework.boot.task.TaskSchedulerBuilder; SearchStrategy: all) did not find any beans (OnBeanCondition)

   ValidationAutoConfiguration matched:
      - @ConditionalOnClass found required class 'javax.validation.executable.ExecutableValidator' (OnClassCondition)
      - @ConditionalOnResource found location classpath:META-INF/services/javax.validation.spi.ValidationProvider (OnResourceCondition)

   ValidationAutoConfiguration#defaultValidator matched:
      - @ConditionalOnMissingBean (types: javax.validation.Validator; SearchStrategy: all) did not find any beans (OnBeanCondition)

   ValidationAutoConfiguration#methodValidationPostProcessor matched:
      - @ConditionalOnMissingBean (types: org.springframework.validation.beanvalidation.MethodValidationPostProcessor; SearchStrategy: all) did not find any beans (OnBeanCondition)

   WebMvcAutoConfiguration matched:
      - @ConditionalOnClass found required classes 'javax.servlet.Servlet', 'org.springframework.web.servlet.DispatcherServlet', 'org.springframework.web.servlet.config.annotation.WebMvcConfigurer' (OnClassCondition)
      - found 'session' scope (OnWebApplicationCondition)
      - @ConditionalOnMissingBean (types: org.springframework.web.servlet.config.annotation.WebMvcConfigurationSupport; SearchStrategy: all) did not find any beans (OnBeanCondition)

   WebMvcAutoConfiguration#formContentFilter matched:
      - @ConditionalOnProperty (spring.mvc.formcontent.filter.enabled) matched (OnPropertyCondition)
      - @ConditionalOnMissingBean (types: org.springframework.web.filter.FormContentFilter; SearchStrategy: all) did not find any beans (OnBeanCondition)

   WebMvcAutoConfiguration.WebMvcAutoConfigurationAdapter#defaultViewResolver matched:
      - @ConditionalOnMissingBean (types: org.springframework.web.servlet.view.InternalResourceViewResolver; SearchStrategy: all) did not find any beans (OnBeanCondition)

   WebMvcAutoConfiguration.WebMvcAutoConfigurationAdapter#requestContextFilter matched:
      - @ConditionalOnMissingBean (types: org.springframework.web.context.request.RequestContextListener,org.springframework.web.filter.RequestContextFilter; SearchStrategy: all) did not find any beans (OnBeanCondition)

   WebMvcAutoConfiguration.WebMvcAutoConfigurationAdapter#viewResolver matched:
      - @ConditionalOnBean (types: org.springframework.web.servlet.ViewResolver; SearchStrategy: all) found beans 'defaultViewResolver', 'beanNameViewResolver', 'mvcViewResolver'; @ConditionalOnMissingBean (names: viewResolver types: org.springframework.web.servlet.view.ContentNegotiatingViewResolver; SearchStrategy: all) did not find any beans (OnBeanCondition)

   WebSocketServletAutoConfiguration matched:
      - @ConditionalOnClass found required classes 'javax.servlet.Servlet', 'javax.websocket.server.ServerContainer' (OnClassCondition)
      - found 'session' scope (OnWebApplicationCondition)

   WebSocketServletAutoConfiguration.TomcatWebSocketConfiguration matched:
      - @ConditionalOnClass found required classes 'org.apache.catalina.startup.Tomcat', 'org.apache.tomcat.websocket.server.WsSci' (OnClassCondition)

   WebSocketServletAutoConfiguration.TomcatWebSocketConfiguration#websocketServletWebServerCustomizer matched:
      - @ConditionalOnMissingBean (names: websocketServletWebServerCustomizer; SearchStrategy: all) did not find any beans (OnBeanCondition)


Negative matches:
-----------------

   ActiveMQAutoConfiguration:
      Did not match:
         - @ConditionalOnClass did not find required class 'javax.jms.ConnectionFactory' (OnClassCondition)

   AopAutoConfiguration.AspectJAutoProxyingConfiguration:
      Did not match:
         - @ConditionalOnClass did not find required class 'org.aspectj.weaver.Advice' (OnClassCondition)

   ArtemisAutoConfiguration:
      Did not match:
         - @ConditionalOnClass did not find required class 'javax.jms.ConnectionFactory' (OnClassCondition)

   BatchAutoConfiguration:
      Did not match:
         - @ConditionalOnClass did not find required class 'org.springframework.batch.core.launch.JobLauncher' (OnClassCondition)

   CacheAutoConfiguration:
      Did not match:
         - @ConditionalOnBean (types: org.springframework.cache.interceptor.CacheAspectSupport; SearchStrategy: all) did not find any beans of type org.springframework.cache.interceptor.CacheAspectSupport (OnBeanCondition)
      Matched:
         - @ConditionalOnClass found required class 'org.springframework.cache.CacheManager' (OnClassCondition)

   CacheAutoConfiguration.CacheManagerEntityManagerFactoryDependsOnPostProcessor:
      Did not match:
         - @ConditionalOnClass did not find required class 'org.springframework.orm.jpa.LocalContainerEntityManagerFactoryBean' (OnClassCondition)
         - Ancestor org.springframework.boot.autoconfigure.cache.CacheAutoConfiguration did not match (ConditionEvaluationReport.AncestorsMatchedCondition)

   CaffeineCacheConfiguration:
      Did not match:
         - @ConditionalOnClass did not find required class 'com.github.benmanes.caffeine.cache.Caffeine' (OnClassCondition)

   CassandraAutoConfiguration:
      Did not match:
         - @ConditionalOnClass did not find required class 'com.datastax.oss.driver.api.core.CqlSession' (OnClassCondition)

   CassandraDataAutoConfiguration:
      Did not match:
         - @ConditionalOnClass did not find required class 'com.datastax.oss.driver.api.core.CqlSession' (OnClassCondition)

   CassandraReactiveDataAutoConfiguration:
      Did not match:
         - @ConditionalOnClass did not find required class 'com.datastax.oss.driver.api.core.CqlSession' (OnClassCondition)

   CassandraReactiveRepositoriesAutoConfiguration:
      Did not match:
         - @ConditionalOnClass did not find required class 'org.springframework.data.cassandra.ReactiveSession' (OnClassCondition)

   CassandraRepositoriesAutoConfiguration:
      Did not match:
         - @ConditionalOnClass did not find required class 'com.datastax.oss.driver.api.core.CqlSession' (OnClassCondition)

   ClientHttpConnectorAutoConfiguration:
      Did not match:
         - @ConditionalOnClass did not find required class 'org.springframework.web.reactive.function.client.WebClient' (OnClassCondition)

   CodecsAutoConfiguration:
      Did not match:
         - @ConditionalOnClass did not find required class 'org.springframework.web.reactive.function.client.WebClient' (OnClassCondition)

   CouchbaseAutoConfiguration:
      Did not match:
         - @ConditionalOnClass did not find required class 'com.couchbase.client.java.Cluster' (OnClassCondition)

   CouchbaseCacheConfiguration:
      Did not match:
         - @ConditionalOnClass did not find required class 'com.couchbase.client.java.Cluster' (OnClassCondition)

   CouchbaseDataAutoConfiguration:
      Did not match:
         - @ConditionalOnClass did not find required class 'com.couchbase.client.java.Bucket' (OnClassCondition)

   CouchbaseReactiveDataAutoConfiguration:
      Did not match:
         - @ConditionalOnClass did not find required class 'com.couchbase.client.java.Cluster' (OnClassCondition)

   CouchbaseReactiveRepositoriesAutoConfiguration:
      Did not match:
         - @ConditionalOnClass did not find required class 'com.couchbase.client.java.Cluster' (OnClassCondition)

   CouchbaseRepositoriesAutoConfiguration:
      Did not match:
         - @ConditionalOnClass did not find required class 'com.couchbase.client.java.Bucket' (OnClassCondition)

   DataSourceAutoConfiguration:
      Did not match:
         - @ConditionalOnClass did not find required class 'org.springframework.jdbc.datasource.embedded.EmbeddedDatabaseType' (OnClassCondition)

   DataSourceTransactionManagerAutoConfiguration:
      Did not match:
         - @ConditionalOnClass did not find required class 'org.springframework.jdbc.core.JdbcTemplate' (OnClassCondition)

   DispatcherServletAutoConfiguration.DispatcherServletConfiguration#multipartResolver:
      Did not match:
         - @ConditionalOnBean (types: org.springframework.web.multipart.MultipartResolver; SearchStrategy: all) did not find any beans of type org.springframework.web.multipart.MultipartResolver (OnBeanCondition)

   EhCacheCacheConfiguration:
      Did not match:
         - @ConditionalOnClass did not find required class 'net.sf.ehcache.Cache' (OnClassCondition)

   ElasticsearchDataAutoConfiguration:
      Did not match:
         - @ConditionalOnClass did not find required class 'org.springframework.data.elasticsearch.core.ElasticsearchTemplate' (OnClassCondition)

   ElasticsearchRepositoriesAutoConfiguration:
      Did not match:
         - @ConditionalOnClass did not find required class 'org.elasticsearch.client.Client' (OnClassCondition)

   ElasticsearchRestClientAutoConfiguration:
      Did not match:
         - @ConditionalOnClass did not find required class 'org.elasticsearch.client.RestClient' (OnClassCondition)

   EmbeddedLdapAutoConfiguration:
      Did not match:
         - @ConditionalOnClass did not find required class 'com.unboundid.ldap.listener.InMemoryDirectoryServer' (OnClassCondition)

   EmbeddedMongoAutoConfiguration:
      Did not match:
         - @ConditionalOnClass did not find required class 'com.mongodb.MongoClientSettings' (OnClassCondition)

   EmbeddedWebServerFactoryCustomizerAutoConfiguration.JettyWebServerFactoryCustomizerConfiguration:
      Did not match:
         - @ConditionalOnClass did not find required classes 'org.eclipse.jetty.server.Server', 'org.eclipse.jetty.util.Loader', 'org.eclipse.jetty.webapp.WebAppContext' (OnClassCondition)

   EmbeddedWebServerFactoryCustomizerAutoConfiguration.NettyWebServerFactoryCustomizerConfiguration:
      Did not match:
         - @ConditionalOnClass did not find required class 'reactor.netty.http.server.HttpServer' (OnClassCondition)

   EmbeddedWebServerFactoryCustomizerAutoConfiguration.UndertowWebServerFactoryCustomizerConfiguration:
      Did not match:
         - @ConditionalOnClass did not find required classes 'io.undertow.Undertow', 'org.xnio.SslClientAuthMode' (OnClassCondition)

   ErrorWebFluxAutoConfiguration:
      Did not match:
         - @ConditionalOnClass did not find required class 'org.springframework.web.reactive.config.WebFluxConfigurer' (OnClassCondition)

   FlywayAutoConfiguration:
      Did not match:
         - @ConditionalOnClass did not find required class 'org.flywaydb.core.Flyway' (OnClassCondition)

   FreeMarkerAutoConfiguration:
      Did not match:
         - @ConditionalOnClass did not find required class 'freemarker.template.Configuration' (OnClassCondition)

   GroovyTemplateAutoConfiguration:
      Did not match:
         - @ConditionalOnClass did not find required class 'groovy.text.markup.MarkupTemplateEngine' (OnClassCondition)

   GsonAutoConfiguration:
      Did not match:
         - @ConditionalOnClass did not find required class 'com.google.gson.Gson' (OnClassCondition)

   GsonHttpMessageConvertersConfiguration:
      Did not match:
         - @ConditionalOnClass did not find required class 'com.google.gson.Gson' (OnClassCondition)

   H2ConsoleAutoConfiguration:
      Did not match:
         - @ConditionalOnClass did not find required class 'org.h2.server.web.WebServlet' (OnClassCondition)

   HazelcastAutoConfiguration:
      Did not match:
         - @ConditionalOnClass did not find required class 'com.hazelcast.core.HazelcastInstance' (OnClassCondition)

   HazelcastCacheConfiguration:
      Did not match:
         - @ConditionalOnClass did not find required class 'com.hazelcast.core.HazelcastInstance' (OnClassCondition)

   HazelcastJpaDependencyAutoConfiguration:
      Did not match:
         - @ConditionalOnClass did not find required class 'com.hazelcast.core.HazelcastInstance' (OnClassCondition)

   HibernateJpaAutoConfiguration:
      Did not match:
         - @ConditionalOnClass did not find required class 'javax.persistence.EntityManager' (OnClassCondition)

   HttpHandlerAutoConfiguration:
      Did not match:
         - @ConditionalOnClass did not find required class 'org.springframework.web.reactive.DispatcherHandler' (OnClassCondition)

   HypermediaAutoConfiguration:
      Did not match:
         - @ConditionalOnClass did not find required class 'org.springframework.hateoas.EntityModel' (OnClassCondition)

   InfinispanCacheConfiguration:
      Did not match:
         - @ConditionalOnClass did not find required class 'org.infinispan.spring.embedded.provider.SpringEmbeddedCacheManager' (OnClassCondition)

   InfluxDbAutoConfiguration:
      Did not match:
         - @ConditionalOnClass did not find required class 'org.influxdb.InfluxDB' (OnClassCondition)

   IntegrationAutoConfiguration:
      Did not match:
         - @ConditionalOnClass did not find required class 'org.springframework.integration.config.EnableIntegration' (OnClassCondition)

   JCacheCacheConfiguration:
      Did not match:
         - @ConditionalOnClass did not find required class 'javax.cache.Caching' (OnClassCondition)

   JacksonHttpMessageConvertersConfiguration.MappingJackson2XmlHttpMessageConverterConfiguration:
      Did not match:
         - @ConditionalOnClass did not find required class 'com.fasterxml.jackson.dataformat.xml.XmlMapper' (OnClassCondition)

   JdbcRepositoriesAutoConfiguration:
      Did not match:
         - @ConditionalOnClass did not find required class 'org.springframework.data.jdbc.repository.config.AbstractJdbcConfiguration' (OnClassCondition)

   JdbcTemplateAutoConfiguration:
      Did not match:
         - @ConditionalOnClass did not find required class 'org.springframework.jdbc.core.JdbcTemplate' (OnClassCondition)

   JerseyAutoConfiguration:
      Did not match:
         - @ConditionalOnClass did not find required class 'org.glassfish.jersey.server.spring.SpringComponentProvider' (OnClassCondition)

   JmsAutoConfiguration:
      Did not match:
         - @ConditionalOnClass did not find required class 'javax.jms.Message' (OnClassCondition)

   JndiConnectionFactoryAutoConfiguration:
      Did not match:
         - @ConditionalOnClass did not find required class 'org.springframework.jms.core.JmsTemplate' (OnClassCondition)

   JndiDataSourceAutoConfiguration:
      Did not match:
         - @ConditionalOnClass did not find required class 'org.springframework.jdbc.datasource.embedded.EmbeddedDatabaseType' (OnClassCondition)

   JooqAutoConfiguration:
      Did not match:
         - @ConditionalOnClass did not find required class 'org.jooq.DSLContext' (OnClassCondition)

   JpaRepositoriesAutoConfiguration:
      Did not match:
         - @ConditionalOnClass did not find required class 'org.springframework.data.jpa.repository.JpaRepository' (OnClassCondition)

   JsonbAutoConfiguration:
      Did not match:
         - @ConditionalOnClass did not find required class 'javax.json.bind.Jsonb' (OnClassCondition)

   JsonbHttpMessageConvertersConfiguration:
      Did not match:
         - @ConditionalOnClass did not find required class 'javax.json.bind.Jsonb' (OnClassCondition)

   JtaAutoConfiguration:
      Did not match:
         - @ConditionalOnClass did not find required class 'javax.transaction.Transaction' (OnClassCondition)

   KafkaAutoConfiguration:
      Did not match:
         - @ConditionalOnClass did not find required class 'org.springframework.kafka.core.KafkaTemplate' (OnClassCondition)

   LdapAutoConfiguration:
      Did not match:
         - @ConditionalOnClass did not find required class 'org.springframework.ldap.core.ContextSource' (OnClassCondition)

   LdapRepositoriesAutoConfiguration:
      Did not match:
         - @ConditionalOnClass did not find required class 'org.springframework.data.ldap.repository.LdapRepository' (OnClassCondition)

   LiquibaseAutoConfiguration:
      Did not match:
         - @ConditionalOnClass did not find required class 'liquibase.change.DatabaseChange' (OnClassCondition)

   MailSenderAutoConfiguration:
      Did not match:
         - @ConditionalOnClass did not find required class 'javax.mail.internet.MimeMessage' (OnClassCondition)

   MailSenderValidatorAutoConfiguration:
      Did not match:
         - @ConditionalOnSingleCandidate did not find required type 'org.springframework.mail.javamail.JavaMailSenderImpl' (OnBeanCondition)

   MessageSourceAutoConfiguration:
      Did not match:
         - ResourceBundle did not find bundle with basename messages (MessageSourceAutoConfiguration.ResourceBundleCondition)

   MongoAutoConfiguration:
      Did not match:
         - @ConditionalOnClass did not find required class 'com.mongodb.client.MongoClient' (OnClassCondition)

   MongoDataAutoConfiguration:
      Did not match:
         - @ConditionalOnClass did not find required class 'com.mongodb.client.MongoClient' (OnClassCondition)

   MongoReactiveAutoConfiguration:
      Did not match:
         - @ConditionalOnClass did not find required class 'com.mongodb.reactivestreams.client.MongoClient' (OnClassCondition)

   MongoReactiveDataAutoConfiguration:
      Did not match:
         - @ConditionalOnClass did not find required class 'com.mongodb.reactivestreams.client.MongoClient' (OnClassCondition)

   MongoReactiveRepositoriesAutoConfiguration:
      Did not match:
         - @ConditionalOnClass did not find required class 'com.mongodb.reactivestreams.client.MongoClient' (OnClassCondition)

   MongoRepositoriesAutoConfiguration:
      Did not match:
         - @ConditionalOnClass did not find required class 'com.mongodb.client.MongoClient' (OnClassCondition)

   MustacheAutoConfiguration:
      Did not match:
         - @ConditionalOnClass did not find required class 'com.samskivert.mustache.Mustache' (OnClassCondition)

   Neo4jDataAutoConfiguration:
      Did not match:
         - @ConditionalOnClass did not find required class 'org.neo4j.ogm.session.SessionFactory' (OnClassCondition)

   Neo4jRepositoriesAutoConfiguration:
      Did not match:
         - @ConditionalOnClass did not find required class 'org.neo4j.ogm.session.Neo4jSession' (OnClassCondition)

   OAuth2ClientAutoConfiguration:
      Did not match:
         - @ConditionalOnClass did not find required class 'org.springframework.security.config.annotation.web.configuration.EnableWebSecurity' (OnClassCondition)

   OAuth2ResourceServerAutoConfiguration:
      Did not match:
         - @ConditionalOnClass did not find required class 'org.springframework.security.oauth2.server.resource.BearerTokenAuthenticationToken' (OnClassCondition)

   PersistenceExceptionTranslationAutoConfiguration:
      Did not match:
         - @ConditionalOnClass did not find required class 'org.springframework.dao.annotation.PersistenceExceptionTranslationPostProcessor' (OnClassCondition)

   ProjectInfoAutoConfiguration#buildProperties:
      Did not match:
         - @ConditionalOnResource did not find resource '${spring.info.build.location:classpath:META-INF/build-info.properties}' (OnResourceCondition)

   ProjectInfoAutoConfiguration#gitProperties:
      Did not match:
         - GitResource did not find git info at classpath:git.properties (ProjectInfoAutoConfiguration.GitResourceAvailableCondition)

   QuartzAutoConfiguration:
      Did not match:
         - @ConditionalOnClass did not find required class 'org.quartz.Scheduler' (OnClassCondition)

   R2dbcAutoConfiguration:
      Did not match:
         - @ConditionalOnClass did not find required class 'io.r2dbc.spi.ConnectionFactory' (OnClassCondition)

   R2dbcDataAutoConfiguration:
      Did not match:
         - @ConditionalOnClass did not find required class 'org.springframework.data.r2dbc.core.DatabaseClient' (OnClassCondition)

   R2dbcRepositoriesAutoConfiguration:
      Did not match:
         - @ConditionalOnClass did not find required class 'io.r2dbc.spi.ConnectionFactory' (OnClassCondition)

   R2dbcTransactionManagerAutoConfiguration:
      Did not match:
         - @ConditionalOnClass did not find required class 'org.springframework.data.r2dbc.connectionfactory.R2dbcTransactionManager' (OnClassCondition)

   RSocketMessagingAutoConfiguration:
      Did not match:
         - @ConditionalOnClass did not find required class 'io.rsocket.RSocketFactory' (OnClassCondition)

   RSocketRequesterAutoConfiguration:
      Did not match:
         - @ConditionalOnClass did not find required class 'io.rsocket.RSocketFactory' (OnClassCondition)

   RSocketSecurityAutoConfiguration:
      Did not match:
         - @ConditionalOnClass did not find required class 'org.springframework.security.rsocket.core.SecuritySocketAcceptorInterceptor' (OnClassCondition)

   RSocketServerAutoConfiguration:
      Did not match:
         - @ConditionalOnClass did not find required class 'io.rsocket.core.RSocketServer' (OnClassCondition)

   RSocketStrategiesAutoConfiguration:
      Did not match:
         - @ConditionalOnClass did not find required class 'io.netty.buffer.PooledByteBufAllocator' (OnClassCondition)

   RabbitAutoConfiguration:
      Did not match:
         - @ConditionalOnClass did not find required class 'com.rabbitmq.client.Channel' (OnClassCondition)

   ReactiveElasticsearchRepositoriesAutoConfiguration:
      Did not match:
         - @ConditionalOnClass did not find required class 'org.springframework.data.elasticsearch.client.reactive.ReactiveElasticsearchClient' (OnClassCondition)

   ReactiveElasticsearchRestClientAutoConfiguration:
      Did not match:
         - @ConditionalOnClass did not find required class 'reactor.netty.http.client.HttpClient' (OnClassCondition)

   ReactiveOAuth2ClientAutoConfiguration:
      Did not match:
         - @ConditionalOnClass did not find required class 'reactor.core.publisher.Flux' (OnClassCondition)

   ReactiveOAuth2ResourceServerAutoConfiguration:
      Did not match:
         - @ConditionalOnClass did not find required class 'org.springframework.security.config.annotation.web.reactive.EnableWebFluxSecurity' (OnClassCondition)

   ReactiveSecurityAutoConfiguration:
      Did not match:
         - @ConditionalOnClass did not find required class 'reactor.core.publisher.Flux' (OnClassCondition)

   ReactiveUserDetailsServiceAutoConfiguration:
      Did not match:
         - @ConditionalOnClass did not find required class 'org.springframework.security.authentication.ReactiveAuthenticationManager' (OnClassCondition)

   ReactiveWebServerFactoryAutoConfiguration:
      Did not match:
         - @ConditionalOnWebApplication did not find reactive web application classes (OnWebApplicationCondition)

   RedisAutoConfiguration:
      Did not match:
         - @ConditionalOnClass did not find required class 'org.springframework.data.redis.core.RedisOperations' (OnClassCondition)

   RedisCacheConfiguration:
      Did not match:
         - @ConditionalOnClass did not find required class 'org.springframework.data.redis.connection.RedisConnectionFactory' (OnClassCondition)

   RedisReactiveAutoConfiguration:
      Did not match:
         - @ConditionalOnClass did not find required class 'reactor.core.publisher.Flux' (OnClassCondition)

   RedisRepositoriesAutoConfiguration:
      Did not match:
         - @ConditionalOnClass did not find required class 'org.springframework.data.redis.repository.configuration.EnableRedisRepositories' (OnClassCondition)

   RefreshAutoConfiguration.JpaInvokerConfiguration:
      Did not match:
         - @ConditionalOnClass did not find required class 'javax.persistence.EntityManagerFactory' (OnClassCondition)

   RefreshEndpointAutoConfiguration:
      Did not match:
         - @ConditionalOnClass did not find required class 'org.springframework.boot.actuate.autoconfigure.endpoint.EndpointAutoConfiguration' (OnClassCondition)

   RepositoryRestMvcAutoConfiguration:
      Did not match:
         - @ConditionalOnClass did not find required class 'org.springframework.data.rest.webmvc.config.RepositoryRestMvcConfiguration' (OnClassCondition)

   Saml2RelyingPartyAutoConfiguration:
      Did not match:
         - @ConditionalOnClass did not find required class 'org.springframework.security.saml2.provider.service.registration.RelyingPartyRegistrationRepository' (OnClassCondition)

   SecurityAutoConfiguration:
      Did not match:
         - @ConditionalOnClass did not find required class 'org.springframework.security.authentication.DefaultAuthenticationEventPublisher' (OnClassCondition)

   SecurityFilterAutoConfiguration:
      Did not match:
         - @ConditionalOnClass did not find required class 'org.springframework.security.config.http.SessionCreationPolicy' (OnClassCondition)

   SendGridAutoConfiguration:
      Did not match:
         - @ConditionalOnClass did not find required class 'com.sendgrid.SendGrid' (OnClassCondition)

   ServletWebServerFactoryAutoConfiguration#forwardedHeaderFilter:
      Did not match:
         - @ConditionalOnProperty (server.forward-headers-strategy=framework) did not find property 'server.forward-headers-strategy' (OnPropertyCondition)

   ServletWebServerFactoryConfiguration.EmbeddedJetty:
      Did not match:
         - @ConditionalOnClass did not find required classes 'org.eclipse.jetty.server.Server', 'org.eclipse.jetty.util.Loader', 'org.eclipse.jetty.webapp.WebAppContext' (OnClassCondition)

   ServletWebServerFactoryConfiguration.EmbeddedUndertow:
      Did not match:
         - @ConditionalOnClass did not find required classes 'io.undertow.Undertow', 'org.xnio.SslClientAuthMode' (OnClassCondition)

   SessionAutoConfiguration:
      Did not match:
         - @ConditionalOnClass did not find required class 'org.springframework.session.Session' (OnClassCondition)

   SolrAutoConfiguration:
      Did not match:
         - @ConditionalOnClass did not find required class 'org.apache.solr.client.solrj.impl.CloudSolrClient' (OnClassCondition)

   SolrRepositoriesAutoConfiguration:
      Did not match:
         - @ConditionalOnClass did not find required class 'org.apache.solr.client.solrj.SolrClient' (OnClassCondition)

   SpringDataWebAutoConfiguration:
      Did not match:
         - @ConditionalOnClass did not find required class 'org.springframework.data.web.PageableHandlerMethodArgumentResolver' (OnClassCondition)

   TaskSchedulingAutoConfiguration#taskScheduler:
      Did not match:
         - @ConditionalOnBean (names: org.springframework.context.annotation.internalScheduledAnnotationProcessor; SearchStrategy: all) did not find any beans named org.springframework.context.annotation.internalScheduledAnnotationProcessor (OnBeanCondition)

   ThymeleafAutoConfiguration:
      Did not match:
         - @ConditionalOnClass did not find required class 'org.thymeleaf.spring5.SpringTemplateEngine' (OnClassCondition)

   TransactionAutoConfiguration:
      Did not match:
         - @ConditionalOnClass did not find required class 'org.springframework.transaction.PlatformTransactionManager' (OnClassCondition)

   UserDetailsServiceAutoConfiguration:
      Did not match:
         - @ConditionalOnClass did not find required class 'org.springframework.security.authentication.AuthenticationManager' (OnClassCondition)

   WebClientAutoConfiguration:
      Did not match:
         - @ConditionalOnClass did not find required class 'org.springframework.web.reactive.function.client.WebClient' (OnClassCondition)

   WebFluxAutoConfiguration:
      Did not match:
         - @ConditionalOnClass did not find required class 'org.springframework.web.reactive.config.WebFluxConfigurer' (OnClassCondition)

   WebMvcAutoConfiguration#hiddenHttpMethodFilter:
      Did not match:
         - @ConditionalOnProperty (spring.mvc.hiddenmethod.filter.enabled) did not find property 'enabled' (OnPropertyCondition)

   WebMvcAutoConfiguration.ResourceChainCustomizerConfiguration:
      Did not match:
         - @ConditionalOnEnabledResourceChain did not find class org.webjars.WebJarAssetLocator (OnEnabledResourceChainCondition)

   WebMvcAutoConfiguration.WebMvcAutoConfigurationAdapter#beanNameViewResolver:
      Did not match:
         - @ConditionalOnMissingBean (types: org.springframework.web.servlet.view.BeanNameViewResolver; SearchStrategy: all) found beans of type 'org.springframework.web.servlet.view.BeanNameViewResolver' beanNameViewResolver (OnBeanCondition)

   WebMvcAutoConfiguration.WebMvcAutoConfigurationAdapter#localeResolver:
      Did not match:
         - @ConditionalOnProperty (spring.mvc.locale) did not find property 'locale' (OnPropertyCondition)

   WebServiceTemplateAutoConfiguration:
      Did not match:
         - @ConditionalOnClass did not find required class 'org.springframework.oxm.Marshaller' (OnClassCondition)

   WebServicesAutoConfiguration:
      Did not match:
         - @ConditionalOnClass did not find required class 'org.springframework.ws.transport.http.MessageDispatcherServlet' (OnClassCondition)

   WebSocketMessagingAutoConfiguration:
      Did not match:
         - @ConditionalOnClass did not find required class 'org.springframework.web.socket.config.annotation.WebSocketMessageBrokerConfigurer' (OnClassCondition)

   WebSocketReactiveAutoConfiguration:
      Did not match:
         - @ConditionalOnWebApplication did not find reactive web application classes (OnWebApplicationCondition)

   WebSocketServletAutoConfiguration.JettyWebSocketConfiguration:
      Did not match:
         - @ConditionalOnClass did not find required class 'org.eclipse.jetty.websocket.jsr356.server.deploy.WebSocketServerContainerInitializer' (OnClassCondition)

   WebSocketServletAutoConfiguration.UndertowWebSocketConfiguration:
      Did not match:
         - @ConditionalOnClass did not find required class 'io.undertow.websockets.jsr.Bootstrap' (OnClassCondition)

   WritableEnvironmentEndpointAutoConfiguration:
      Did not match:
         - @ConditionalOnClass did not find required class 'org.springframework.boot.actuate.autoconfigure.env.EnvironmentEndpointProperties' (OnClassCondition)

   XADataSourceAutoConfiguration:
      Did not match:
         - @ConditionalOnClass did not find required class 'javax.transaction.TransactionManager' (OnClassCondition)


Exclusions:
-----------

    None


Unconditional classes:
----------------------

    org.springframework.boot.autoconfigure.context.ConfigurationPropertiesAutoConfiguration

    org.springframework.boot.autoconfigure.context.LifecycleAutoConfiguration

    org.springframework.boot.autoconfigure.context.PropertyPlaceholderAutoConfiguration

    org.springframework.cloud.autoconfigure.LifecycleMvcEndpointAutoConfiguration

    org.springframework.boot.autoconfigure.availability.ApplicationAvailabilityAutoConfiguration

    org.springframework.boot.autoconfigure.info.ProjectInfoAutoConfiguration



2024-10-27 22:51:19,437 DEBUG [main][ConditionEvaluationReportLoggingListener.java:126] - 


============================
CONDITIONS EVALUATION REPORT
============================


Positive matches:
-----------------

   AopAutoConfiguration matched:
      - @ConditionalOnProperty (spring.aop.auto=true) matched (OnPropertyCondition)

   AopAutoConfiguration.ClassProxyingConfiguration matched:
      - @ConditionalOnMissingClass did not find unwanted class 'org.aspectj.weaver.Advice' (OnClassCondition)
      - @ConditionalOnProperty (spring.aop.proxy-target-class=true) matched (OnPropertyCondition)

   ConfigurationPropertiesRebinderAutoConfiguration matched:
      - @ConditionalOnBean (types: org.springframework.boot.context.properties.ConfigurationPropertiesBindingPostProcessor; SearchStrategy: all) found bean 'org.springframework.boot.context.properties.ConfigurationPropertiesBindingPostProcessor' (OnBeanCondition)

   ConfigurationPropertiesRebinderAutoConfiguration#configurationPropertiesBeans matched:
      - @ConditionalOnMissingBean (types: org.springframework.cloud.context.properties.ConfigurationPropertiesBeans; SearchStrategy: current) did not find any beans (OnBeanCondition)

   ConfigurationPropertiesRebinderAutoConfiguration#configurationPropertiesRebinder matched:
      - @ConditionalOnMissingBean (types: org.springframework.cloud.context.properties.ConfigurationPropertiesRebinder; SearchStrategy: current) did not find any beans (OnBeanCondition)

   DispatcherServletAutoConfiguration matched:
      - @ConditionalOnClass found required class 'org.springframework.web.servlet.DispatcherServlet' (OnClassCondition)
      - found 'session' scope (OnWebApplicationCondition)

   DispatcherServletAutoConfiguration.DispatcherServletConfiguration matched:
      - @ConditionalOnClass found required class 'javax.servlet.ServletRegistration' (OnClassCondition)
      - Default DispatcherServlet did not find dispatcher servlet beans (DispatcherServletAutoConfiguration.DefaultDispatcherServletCondition)

   DispatcherServletAutoConfiguration.DispatcherServletRegistrationConfiguration matched:
      - @ConditionalOnClass found required class 'javax.servlet.ServletRegistration' (OnClassCondition)
      - DispatcherServlet Registration did not find servlet registration bean (DispatcherServletAutoConfiguration.DispatcherServletRegistrationCondition)

   DispatcherServletAutoConfiguration.DispatcherServletRegistrationConfiguration#dispatcherServletRegistration matched:
      - @ConditionalOnBean (names: dispatcherServlet types: org.springframework.web.servlet.DispatcherServlet; SearchStrategy: all) found bean 'dispatcherServlet' (OnBeanCondition)

   EmbeddedWebServerFactoryCustomizerAutoConfiguration matched:
      - @ConditionalOnWebApplication (required) found 'session' scope (OnWebApplicationCondition)

   EmbeddedWebServerFactoryCustomizerAutoConfiguration.TomcatWebServerFactoryCustomizerConfiguration matched:
      - @ConditionalOnClass found required classes 'org.apache.catalina.startup.Tomcat', 'org.apache.coyote.UpgradeProtocol' (OnClassCondition)

   ErrorMvcAutoConfiguration matched:
      - @ConditionalOnClass found required classes 'javax.servlet.Servlet', 'org.springframework.web.servlet.DispatcherServlet' (OnClassCondition)
      - found 'session' scope (OnWebApplicationCondition)

   ErrorMvcAutoConfiguration#basicErrorController matched:
      - @ConditionalOnMissingBean (types: org.springframework.boot.web.servlet.error.ErrorController; SearchStrategy: current) did not find any beans (OnBeanCondition)

   ErrorMvcAutoConfiguration#errorAttributes matched:
      - @ConditionalOnMissingBean (types: org.springframework.boot.web.servlet.error.ErrorAttributes; SearchStrategy: current) did not find any beans (OnBeanCondition)

   ErrorMvcAutoConfiguration.DefaultErrorViewResolverConfiguration#conventionErrorViewResolver matched:
      - @ConditionalOnBean (types: org.springframework.web.servlet.DispatcherServlet; SearchStrategy: all) found bean 'dispatcherServlet'; @ConditionalOnMissingBean (types: org.springframework.boot.autoconfigure.web.servlet.error.ErrorViewResolver; SearchStrategy: all) did not find any beans (OnBeanCondition)

   ErrorMvcAutoConfiguration.WhitelabelErrorViewConfiguration matched:
      - @ConditionalOnProperty (server.error.whitelabel.enabled) matched (OnPropertyCondition)
      - ErrorTemplate Missing did not find error template view (ErrorMvcAutoConfiguration.ErrorTemplateMissingCondition)

   ErrorMvcAutoConfiguration.WhitelabelErrorViewConfiguration#beanNameViewResolver matched:
      - @ConditionalOnMissingBean (types: org.springframework.web.servlet.view.BeanNameViewResolver; SearchStrategy: all) did not find any beans (OnBeanCondition)

   ErrorMvcAutoConfiguration.WhitelabelErrorViewConfiguration#defaultErrorView matched:
      - @ConditionalOnMissingBean (names: error; SearchStrategy: all) did not find any beans (OnBeanCondition)

   GenericCacheConfiguration matched:
      - Cache org.springframework.boot.autoconfigure.cache.GenericCacheConfiguration automatic cache type (CacheCondition)

   HttpEncodingAutoConfiguration matched:
      - @ConditionalOnClass found required class 'org.springframework.web.filter.CharacterEncodingFilter' (OnClassCondition)
      - found 'session' scope (OnWebApplicationCondition)
      - @ConditionalOnProperty (server.servlet.encoding.enabled) matched (OnPropertyCondition)

   HttpEncodingAutoConfiguration#characterEncodingFilter matched:
      - @ConditionalOnMissingBean (types: org.springframework.web.filter.CharacterEncodingFilter; SearchStrategy: all) did not find any beans (OnBeanCondition)

   HttpMessageConvertersAutoConfiguration matched:
      - @ConditionalOnClass found required class 'org.springframework.http.converter.HttpMessageConverter' (OnClassCondition)
      - NoneNestedConditions 0 matched 1 did not; NestedCondition on HttpMessageConvertersAutoConfiguration.NotReactiveWebApplicationCondition.ReactiveWebApplication did not find reactive web application classes (HttpMessageConvertersAutoConfiguration.NotReactiveWebApplicationCondition)

   HttpMessageConvertersAutoConfiguration#messageConverters matched:
      - @ConditionalOnMissingBean (types: org.springframework.boot.autoconfigure.http.HttpMessageConverters; SearchStrategy: all) did not find any beans (OnBeanCondition)

   HttpMessageConvertersAutoConfiguration.StringHttpMessageConverterConfiguration matched:
      - @ConditionalOnClass found required class 'org.springframework.http.converter.StringHttpMessageConverter' (OnClassCondition)

   HttpMessageConvertersAutoConfiguration.StringHttpMessageConverterConfiguration#stringHttpMessageConverter matched:
      - @ConditionalOnMissingBean (types: org.springframework.http.converter.StringHttpMessageConverter; SearchStrategy: all) did not find any beans (OnBeanCondition)

   JacksonAutoConfiguration matched:
      - @ConditionalOnClass found required class 'com.fasterxml.jackson.databind.ObjectMapper' (OnClassCondition)

   JacksonAutoConfiguration.Jackson2ObjectMapperBuilderCustomizerConfiguration matched:
      - @ConditionalOnClass found required class 'org.springframework.http.converter.json.Jackson2ObjectMapperBuilder' (OnClassCondition)

   JacksonAutoConfiguration.JacksonObjectMapperBuilderConfiguration matched:
      - @ConditionalOnClass found required class 'org.springframework.http.converter.json.Jackson2ObjectMapperBuilder' (OnClassCondition)

   JacksonAutoConfiguration.JacksonObjectMapperBuilderConfiguration#jacksonObjectMapperBuilder matched:
      - @ConditionalOnMissingBean (types: org.springframework.http.converter.json.Jackson2ObjectMapperBuilder; SearchStrategy: all) did not find any beans (OnBeanCondition)

   JacksonAutoConfiguration.JacksonObjectMapperConfiguration matched:
      - @ConditionalOnClass found required class 'org.springframework.http.converter.json.Jackson2ObjectMapperBuilder' (OnClassCondition)

   JacksonAutoConfiguration.JacksonObjectMapperConfiguration#jacksonObjectMapper matched:
      - @ConditionalOnMissingBean (types: com.fasterxml.jackson.databind.ObjectMapper; SearchStrategy: all) did not find any beans (OnBeanCondition)

   JacksonAutoConfiguration.ParameterNamesModuleConfiguration matched:
      - @ConditionalOnClass found required class 'com.fasterxml.jackson.module.paramnames.ParameterNamesModule' (OnClassCondition)

   JacksonAutoConfiguration.ParameterNamesModuleConfiguration#parameterNamesModule matched:
      - @ConditionalOnMissingBean (types: com.fasterxml.jackson.module.paramnames.ParameterNamesModule; SearchStrategy: all) did not find any beans (OnBeanCondition)

   JacksonHttpMessageConvertersConfiguration.MappingJackson2HttpMessageConverterConfiguration matched:
      - @ConditionalOnClass found required class 'com.fasterxml.jackson.databind.ObjectMapper' (OnClassCondition)
      - @ConditionalOnProperty (spring.mvc.converters.preferred-json-mapper=jackson) matched (OnPropertyCondition)
      - @ConditionalOnBean (types: com.fasterxml.jackson.databind.ObjectMapper; SearchStrategy: all) found bean 'jacksonObjectMapper' (OnBeanCondition)

   JacksonHttpMessageConvertersConfiguration.MappingJackson2HttpMessageConverterConfiguration#mappingJackson2HttpMessageConverter matched:
      - @ConditionalOnMissingBean (types: org.springframework.http.converter.json.MappingJackson2HttpMessageConverter ignored: org.springframework.hateoas.server.mvc.TypeConstrainedMappingJackson2HttpMessageConverter,org.springframework.data.rest.webmvc.alps.AlpsJsonHttpMessageConverter; SearchStrategy: all) did not find any beans (OnBeanCondition)

   JmxAutoConfiguration matched:
      - @ConditionalOnClass found required class 'org.springframework.jmx.export.MBeanExporter' (OnClassCondition)
      - @ConditionalOnProperty (spring.jmx.enabled=true) matched (OnPropertyCondition)

   JmxAutoConfiguration#mbeanExporter matched:
      - @ConditionalOnMissingBean (types: org.springframework.jmx.export.MBeanExporter; SearchStrategy: current) did not find any beans (OnBeanCondition)

   JmxAutoConfiguration#mbeanServer matched:
      - @ConditionalOnMissingBean (types: javax.management.MBeanServer; SearchStrategy: all) did not find any beans (OnBeanCondition)

   JmxAutoConfiguration#objectNamingStrategy matched:
      - @ConditionalOnMissingBean (types: org.springframework.jmx.export.naming.ObjectNamingStrategy; SearchStrategy: current) did not find any beans (OnBeanCondition)

   LifecycleAutoConfiguration#defaultLifecycleProcessor matched:
      - @ConditionalOnMissingBean (names: lifecycleProcessor; SearchStrategy: current) did not find any beans (OnBeanCondition)

   LifecycleMvcEndpointAutoConfiguration#environmentManager matched:
      - @ConditionalOnMissingBean (types: org.springframework.cloud.context.environment.EnvironmentManager; SearchStrategy: all) did not find any beans (OnBeanCondition)

   MultipartAutoConfiguration matched:
      - @ConditionalOnClass found required classes 'javax.servlet.Servlet', 'org.springframework.web.multipart.support.StandardServletMultipartResolver', 'javax.servlet.MultipartConfigElement' (OnClassCondition)
      - found 'session' scope (OnWebApplicationCondition)
      - @ConditionalOnProperty (spring.servlet.multipart.enabled) matched (OnPropertyCondition)

   MultipartAutoConfiguration#multipartConfigElement matched:
      - @ConditionalOnMissingBean (types: javax.servlet.MultipartConfigElement,org.springframework.web.multipart.commons.CommonsMultipartResolver; SearchStrategy: all) did not find any beans (OnBeanCondition)

   MultipartAutoConfiguration#multipartResolver matched:
      - @ConditionalOnMissingBean (types: org.springframework.web.multipart.MultipartResolver; SearchStrategy: all) did not find any beans (OnBeanCondition)

   NoOpCacheConfiguration matched:
      - Cache org.springframework.boot.autoconfigure.cache.NoOpCacheConfiguration automatic cache type (CacheCondition)

   PropertyPlaceholderAutoConfiguration#propertySourcesPlaceholderConfigurer matched:
      - @ConditionalOnMissingBean (types: org.springframework.context.support.PropertySourcesPlaceholderConfigurer; SearchStrategy: current) did not find any beans (OnBeanCondition)

   RefreshAutoConfiguration matched:
      - @ConditionalOnClass found required class 'org.springframework.cloud.context.scope.refresh.RefreshScope' (OnClassCondition)
      - @ConditionalOnProperty (spring.cloud.refresh.enabled) matched (OnPropertyCondition)

   RefreshAutoConfiguration#contextRefresher matched:
      - @ConditionalOnMissingBean (types: org.springframework.cloud.context.refresh.ContextRefresher; SearchStrategy: all) did not find any beans (OnBeanCondition)

   RefreshAutoConfiguration#loggingRebinder matched:
      - @ConditionalOnMissingBean (types: org.springframework.cloud.logging.LoggingRebinder; SearchStrategy: all) did not find any beans (OnBeanCondition)

   RefreshAutoConfiguration#refreshScope matched:
      - @ConditionalOnMissingBean (types: org.springframework.cloud.context.scope.refresh.RefreshScope; SearchStrategy: all) did not find any beans (OnBeanCondition)

   RestTemplateAutoConfiguration matched:
      - @ConditionalOnClass found required class 'org.springframework.web.client.RestTemplate' (OnClassCondition)
      - NoneNestedConditions 0 matched 1 did not; NestedCondition on RestTemplateAutoConfiguration.NotReactiveWebApplicationCondition.ReactiveWebApplication did not find reactive web application classes (RestTemplateAutoConfiguration.NotReactiveWebApplicationCondition)

   RestTemplateAutoConfiguration#restTemplateBuilder matched:
      - @ConditionalOnMissingBean (types: org.springframework.boot.web.client.RestTemplateBuilder; SearchStrategy: all) did not find any beans (OnBeanCondition)

   ServletWebServerFactoryAutoConfiguration matched:
      - @ConditionalOnClass found required class 'javax.servlet.ServletRequest' (OnClassCondition)
      - found 'session' scope (OnWebApplicationCondition)

   ServletWebServerFactoryAutoConfiguration#tomcatServletWebServerFactoryCustomizer matched:
      - @ConditionalOnClass found required class 'org.apache.catalina.startup.Tomcat' (OnClassCondition)

   ServletWebServerFactoryConfiguration.EmbeddedTomcat matched:
      - @ConditionalOnClass found required classes 'javax.servlet.Servlet', 'org.apache.catalina.startup.Tomcat', 'org.apache.coyote.UpgradeProtocol' (OnClassCondition)
      - @ConditionalOnMissingBean (types: org.springframework.boot.web.servlet.server.ServletWebServerFactory; SearchStrategy: current) did not find any beans (OnBeanCondition)

   SimpleCacheConfiguration matched:
      - Cache org.springframework.boot.autoconfigure.cache.SimpleCacheConfiguration automatic cache type (CacheCondition)

   SpringApplicationAdminJmxAutoConfiguration matched:
      - @ConditionalOnProperty (spring.application.admin.enabled=true) matched (OnPropertyCondition)

   SpringApplicationAdminJmxAutoConfiguration#springApplicationAdminRegistrar matched:
      - @ConditionalOnMissingBean (types: org.springframework.boot.admin.SpringApplicationAdminMXBeanRegistrar; SearchStrategy: all) did not find any beans (OnBeanCondition)

   Swagger2Configuration matched:
      - @ConditionalOnProperty (swagger.enabled) matched (OnPropertyCondition)

   Swagger2DocumentationConfiguration matched:
      - @ConditionalOnWebApplication (required) found 'session' scope (OnWebApplicationCondition)

   SwaggerAutoConfiguration#createRestApi matched:
      - @ConditionalOnProperty (swagger.enabled) matched (OnPropertyCondition)
      - @ConditionalOnBean (types: springfox.documentation.swagger.web.UiConfiguration; SearchStrategy: all) found bean 'uiConfiguration'; @ConditionalOnMissingBean (types: java.util.List; SearchStrategy: all) did not find any beans (OnBeanCondition)

   SwaggerAutoConfiguration#swaggerProperties matched:
      - @ConditionalOnMissingBean (types: com.spring4all.swagger.SwaggerProperties; SearchStrategy: all) did not find any beans (OnBeanCondition)

   TaskExecutionAutoConfiguration matched:
      - @ConditionalOnClass found required class 'org.springframework.scheduling.concurrent.ThreadPoolTaskExecutor' (OnClassCondition)

   TaskExecutionAutoConfiguration#applicationTaskExecutor matched:
      - @ConditionalOnMissingBean (types: java.util.concurrent.Executor; SearchStrategy: all) did not find any beans (OnBeanCondition)

   TaskExecutionAutoConfiguration#taskExecutorBuilder matched:
      - @ConditionalOnMissingBean (types: org.springframework.boot.task.TaskExecutorBuilder; SearchStrategy: all) did not find any beans (OnBeanCondition)

   TaskSchedulingAutoConfiguration matched:
      - @ConditionalOnClass found required class 'org.springframework.scheduling.concurrent.ThreadPoolTaskScheduler' (OnClassCondition)

   TaskSchedulingAutoConfiguration#taskSchedulerBuilder matched:
      - @ConditionalOnMissingBean (types: org.springframework.boot.task.TaskSchedulerBuilder; SearchStrategy: all) did not find any beans (OnBeanCondition)

   ValidationAutoConfiguration matched:
      - @ConditionalOnClass found required class 'javax.validation.executable.ExecutableValidator' (OnClassCondition)
      - @ConditionalOnResource found location classpath:META-INF/services/javax.validation.spi.ValidationProvider (OnResourceCondition)

   ValidationAutoConfiguration#defaultValidator matched:
      - @ConditionalOnMissingBean (types: javax.validation.Validator; SearchStrategy: all) did not find any beans (OnBeanCondition)

   ValidationAutoConfiguration#methodValidationPostProcessor matched:
      - @ConditionalOnMissingBean (types: org.springframework.validation.beanvalidation.MethodValidationPostProcessor; SearchStrategy: all) did not find any beans (OnBeanCondition)

   WebMvcAutoConfiguration matched:
      - @ConditionalOnClass found required classes 'javax.servlet.Servlet', 'org.springframework.web.servlet.DispatcherServlet', 'org.springframework.web.servlet.config.annotation.WebMvcConfigurer' (OnClassCondition)
      - found 'session' scope (OnWebApplicationCondition)
      - @ConditionalOnMissingBean (types: org.springframework.web.servlet.config.annotation.WebMvcConfigurationSupport; SearchStrategy: all) did not find any beans (OnBeanCondition)

   WebMvcAutoConfiguration#formContentFilter matched:
      - @ConditionalOnProperty (spring.mvc.formcontent.filter.enabled) matched (OnPropertyCondition)
      - @ConditionalOnMissingBean (types: org.springframework.web.filter.FormContentFilter; SearchStrategy: all) did not find any beans (OnBeanCondition)

   WebMvcAutoConfiguration.WebMvcAutoConfigurationAdapter#defaultViewResolver matched:
      - @ConditionalOnMissingBean (types: org.springframework.web.servlet.view.InternalResourceViewResolver; SearchStrategy: all) did not find any beans (OnBeanCondition)

   WebMvcAutoConfiguration.WebMvcAutoConfigurationAdapter#requestContextFilter matched:
      - @ConditionalOnMissingBean (types: org.springframework.web.context.request.RequestContextListener,org.springframework.web.filter.RequestContextFilter; SearchStrategy: all) did not find any beans (OnBeanCondition)

   WebMvcAutoConfiguration.WebMvcAutoConfigurationAdapter#viewResolver matched:
      - @ConditionalOnBean (types: org.springframework.web.servlet.ViewResolver; SearchStrategy: all) found beans 'defaultViewResolver', 'beanNameViewResolver', 'mvcViewResolver'; @ConditionalOnMissingBean (names: viewResolver types: org.springframework.web.servlet.view.ContentNegotiatingViewResolver; SearchStrategy: all) did not find any beans (OnBeanCondition)

   WebSocketServletAutoConfiguration matched:
      - @ConditionalOnClass found required classes 'javax.servlet.Servlet', 'javax.websocket.server.ServerContainer' (OnClassCondition)
      - found 'session' scope (OnWebApplicationCondition)

   WebSocketServletAutoConfiguration.TomcatWebSocketConfiguration matched:
      - @ConditionalOnClass found required classes 'org.apache.catalina.startup.Tomcat', 'org.apache.tomcat.websocket.server.WsSci' (OnClassCondition)

   WebSocketServletAutoConfiguration.TomcatWebSocketConfiguration#websocketServletWebServerCustomizer matched:
      - @ConditionalOnMissingBean (names: websocketServletWebServerCustomizer; SearchStrategy: all) did not find any beans (OnBeanCondition)


Negative matches:
-----------------

   ActiveMQAutoConfiguration:
      Did not match:
         - @ConditionalOnClass did not find required class 'javax.jms.ConnectionFactory' (OnClassCondition)

   AopAutoConfiguration.AspectJAutoProxyingConfiguration:
      Did not match:
         - @ConditionalOnClass did not find required class 'org.aspectj.weaver.Advice' (OnClassCondition)

   ArtemisAutoConfiguration:
      Did not match:
         - @ConditionalOnClass did not find required class 'javax.jms.ConnectionFactory' (OnClassCondition)

   BatchAutoConfiguration:
      Did not match:
         - @ConditionalOnClass did not find required class 'org.springframework.batch.core.launch.JobLauncher' (OnClassCondition)

   CacheAutoConfiguration:
      Did not match:
         - @ConditionalOnBean (types: org.springframework.cache.interceptor.CacheAspectSupport; SearchStrategy: all) did not find any beans of type org.springframework.cache.interceptor.CacheAspectSupport (OnBeanCondition)
      Matched:
         - @ConditionalOnClass found required class 'org.springframework.cache.CacheManager' (OnClassCondition)

   CacheAutoConfiguration.CacheManagerEntityManagerFactoryDependsOnPostProcessor:
      Did not match:
         - @ConditionalOnClass did not find required class 'org.springframework.orm.jpa.LocalContainerEntityManagerFactoryBean' (OnClassCondition)
         - Ancestor org.springframework.boot.autoconfigure.cache.CacheAutoConfiguration did not match (ConditionEvaluationReport.AncestorsMatchedCondition)

   CaffeineCacheConfiguration:
      Did not match:
         - @ConditionalOnClass did not find required class 'com.github.benmanes.caffeine.cache.Caffeine' (OnClassCondition)

   CassandraAutoConfiguration:
      Did not match:
         - @ConditionalOnClass did not find required class 'com.datastax.oss.driver.api.core.CqlSession' (OnClassCondition)

   CassandraDataAutoConfiguration:
      Did not match:
         - @ConditionalOnClass did not find required class 'com.datastax.oss.driver.api.core.CqlSession' (OnClassCondition)

   CassandraReactiveDataAutoConfiguration:
      Did not match:
         - @ConditionalOnClass did not find required class 'com.datastax.oss.driver.api.core.CqlSession' (OnClassCondition)

   CassandraReactiveRepositoriesAutoConfiguration:
      Did not match:
         - @ConditionalOnClass did not find required class 'org.springframework.data.cassandra.ReactiveSession' (OnClassCondition)

   CassandraRepositoriesAutoConfiguration:
      Did not match:
         - @ConditionalOnClass did not find required class 'com.datastax.oss.driver.api.core.CqlSession' (OnClassCondition)

   ClientHttpConnectorAutoConfiguration:
      Did not match:
         - @ConditionalOnClass did not find required class 'org.springframework.web.reactive.function.client.WebClient' (OnClassCondition)

   CodecsAutoConfiguration:
      Did not match:
         - @ConditionalOnClass did not find required class 'org.springframework.web.reactive.function.client.WebClient' (OnClassCondition)

   CouchbaseAutoConfiguration:
      Did not match:
         - @ConditionalOnClass did not find required class 'com.couchbase.client.java.Cluster' (OnClassCondition)

   CouchbaseCacheConfiguration:
      Did not match:
         - @ConditionalOnClass did not find required class 'com.couchbase.client.java.Cluster' (OnClassCondition)

   CouchbaseDataAutoConfiguration:
      Did not match:
         - @ConditionalOnClass did not find required class 'com.couchbase.client.java.Bucket' (OnClassCondition)

   CouchbaseReactiveDataAutoConfiguration:
      Did not match:
         - @ConditionalOnClass did not find required class 'com.couchbase.client.java.Cluster' (OnClassCondition)

   CouchbaseReactiveRepositoriesAutoConfiguration:
      Did not match:
         - @ConditionalOnClass did not find required class 'com.couchbase.client.java.Cluster' (OnClassCondition)

   CouchbaseRepositoriesAutoConfiguration:
      Did not match:
         - @ConditionalOnClass did not find required class 'com.couchbase.client.java.Bucket' (OnClassCondition)

   DataSourceAutoConfiguration:
      Did not match:
         - @ConditionalOnClass did not find required class 'org.springframework.jdbc.datasource.embedded.EmbeddedDatabaseType' (OnClassCondition)

   DataSourceTransactionManagerAutoConfiguration:
      Did not match:
         - @ConditionalOnClass did not find required class 'org.springframework.jdbc.core.JdbcTemplate' (OnClassCondition)

   DispatcherServletAutoConfiguration.DispatcherServletConfiguration#multipartResolver:
      Did not match:
         - @ConditionalOnBean (types: org.springframework.web.multipart.MultipartResolver; SearchStrategy: all) did not find any beans of type org.springframework.web.multipart.MultipartResolver (OnBeanCondition)

   EhCacheCacheConfiguration:
      Did not match:
         - @ConditionalOnClass did not find required class 'net.sf.ehcache.Cache' (OnClassCondition)

   ElasticsearchDataAutoConfiguration:
      Did not match:
         - @ConditionalOnClass did not find required class 'org.springframework.data.elasticsearch.core.ElasticsearchTemplate' (OnClassCondition)

   ElasticsearchRepositoriesAutoConfiguration:
      Did not match:
         - @ConditionalOnClass did not find required class 'org.elasticsearch.client.Client' (OnClassCondition)

   ElasticsearchRestClientAutoConfiguration:
      Did not match:
         - @ConditionalOnClass did not find required class 'org.elasticsearch.client.RestClient' (OnClassCondition)

   EmbeddedLdapAutoConfiguration:
      Did not match:
         - @ConditionalOnClass did not find required class 'com.unboundid.ldap.listener.InMemoryDirectoryServer' (OnClassCondition)

   EmbeddedMongoAutoConfiguration:
      Did not match:
         - @ConditionalOnClass did not find required class 'com.mongodb.MongoClientSettings' (OnClassCondition)

   EmbeddedWebServerFactoryCustomizerAutoConfiguration.JettyWebServerFactoryCustomizerConfiguration:
      Did not match:
         - @ConditionalOnClass did not find required classes 'org.eclipse.jetty.server.Server', 'org.eclipse.jetty.util.Loader', 'org.eclipse.jetty.webapp.WebAppContext' (OnClassCondition)

   EmbeddedWebServerFactoryCustomizerAutoConfiguration.NettyWebServerFactoryCustomizerConfiguration:
      Did not match:
         - @ConditionalOnClass did not find required class 'reactor.netty.http.server.HttpServer' (OnClassCondition)

   EmbeddedWebServerFactoryCustomizerAutoConfiguration.UndertowWebServerFactoryCustomizerConfiguration:
      Did not match:
         - @ConditionalOnClass did not find required classes 'io.undertow.Undertow', 'org.xnio.SslClientAuthMode' (OnClassCondition)

   ErrorWebFluxAutoConfiguration:
      Did not match:
         - @ConditionalOnClass did not find required class 'org.springframework.web.reactive.config.WebFluxConfigurer' (OnClassCondition)

   FlywayAutoConfiguration:
      Did not match:
         - @ConditionalOnClass did not find required class 'org.flywaydb.core.Flyway' (OnClassCondition)

   FreeMarkerAutoConfiguration:
      Did not match:
         - @ConditionalOnClass did not find required class 'freemarker.template.Configuration' (OnClassCondition)

   GroovyTemplateAutoConfiguration:
      Did not match:
         - @ConditionalOnClass did not find required class 'groovy.text.markup.MarkupTemplateEngine' (OnClassCondition)

   GsonAutoConfiguration:
      Did not match:
         - @ConditionalOnClass did not find required class 'com.google.gson.Gson' (OnClassCondition)

   GsonHttpMessageConvertersConfiguration:
      Did not match:
         - @ConditionalOnClass did not find required class 'com.google.gson.Gson' (OnClassCondition)

   H2ConsoleAutoConfiguration:
      Did not match:
         - @ConditionalOnClass did not find required class 'org.h2.server.web.WebServlet' (OnClassCondition)

   HazelcastAutoConfiguration:
      Did not match:
         - @ConditionalOnClass did not find required class 'com.hazelcast.core.HazelcastInstance' (OnClassCondition)

   HazelcastCacheConfiguration:
      Did not match:
         - @ConditionalOnClass did not find required class 'com.hazelcast.core.HazelcastInstance' (OnClassCondition)

   HazelcastJpaDependencyAutoConfiguration:
      Did not match:
         - @ConditionalOnClass did not find required class 'com.hazelcast.core.HazelcastInstance' (OnClassCondition)

   HibernateJpaAutoConfiguration:
      Did not match:
         - @ConditionalOnClass did not find required class 'javax.persistence.EntityManager' (OnClassCondition)

   HttpHandlerAutoConfiguration:
      Did not match:
         - @ConditionalOnClass did not find required class 'org.springframework.web.reactive.DispatcherHandler' (OnClassCondition)

   HypermediaAutoConfiguration:
      Did not match:
         - @ConditionalOnClass did not find required class 'org.springframework.hateoas.EntityModel' (OnClassCondition)

   InfinispanCacheConfiguration:
      Did not match:
         - @ConditionalOnClass did not find required class 'org.infinispan.spring.embedded.provider.SpringEmbeddedCacheManager' (OnClassCondition)

   InfluxDbAutoConfiguration:
      Did not match:
         - @ConditionalOnClass did not find required class 'org.influxdb.InfluxDB' (OnClassCondition)

   IntegrationAutoConfiguration:
      Did not match:
         - @ConditionalOnClass did not find required class 'org.springframework.integration.config.EnableIntegration' (OnClassCondition)

   JCacheCacheConfiguration:
      Did not match:
         - @ConditionalOnClass did not find required class 'javax.cache.Caching' (OnClassCondition)

   JacksonHttpMessageConvertersConfiguration.MappingJackson2XmlHttpMessageConverterConfiguration:
      Did not match:
         - @ConditionalOnClass did not find required class 'com.fasterxml.jackson.dataformat.xml.XmlMapper' (OnClassCondition)

   JdbcRepositoriesAutoConfiguration:
      Did not match:
         - @ConditionalOnClass did not find required class 'org.springframework.data.jdbc.repository.config.AbstractJdbcConfiguration' (OnClassCondition)

   JdbcTemplateAutoConfiguration:
      Did not match:
         - @ConditionalOnClass did not find required class 'org.springframework.jdbc.core.JdbcTemplate' (OnClassCondition)

   JerseyAutoConfiguration:
      Did not match:
         - @ConditionalOnClass did not find required class 'org.glassfish.jersey.server.spring.SpringComponentProvider' (OnClassCondition)

   JmsAutoConfiguration:
      Did not match:
         - @ConditionalOnClass did not find required class 'javax.jms.Message' (OnClassCondition)

   JndiConnectionFactoryAutoConfiguration:
      Did not match:
         - @ConditionalOnClass did not find required class 'org.springframework.jms.core.JmsTemplate' (OnClassCondition)

   JndiDataSourceAutoConfiguration:
      Did not match:
         - @ConditionalOnClass did not find required class 'org.springframework.jdbc.datasource.embedded.EmbeddedDatabaseType' (OnClassCondition)

   JooqAutoConfiguration:
      Did not match:
         - @ConditionalOnClass did not find required class 'org.jooq.DSLContext' (OnClassCondition)

   JpaRepositoriesAutoConfiguration:
      Did not match:
         - @ConditionalOnClass did not find required class 'org.springframework.data.jpa.repository.JpaRepository' (OnClassCondition)

   JsonbAutoConfiguration:
      Did not match:
         - @ConditionalOnClass did not find required class 'javax.json.bind.Jsonb' (OnClassCondition)

   JsonbHttpMessageConvertersConfiguration:
      Did not match:
         - @ConditionalOnClass did not find required class 'javax.json.bind.Jsonb' (OnClassCondition)

   JtaAutoConfiguration:
      Did not match:
         - @ConditionalOnClass did not find required class 'javax.transaction.Transaction' (OnClassCondition)

   KafkaAutoConfiguration:
      Did not match:
         - @ConditionalOnClass did not find required class 'org.springframework.kafka.core.KafkaTemplate' (OnClassCondition)

   LdapAutoConfiguration:
      Did not match:
         - @ConditionalOnClass did not find required class 'org.springframework.ldap.core.ContextSource' (OnClassCondition)

   LdapRepositoriesAutoConfiguration:
      Did not match:
         - @ConditionalOnClass did not find required class 'org.springframework.data.ldap.repository.LdapRepository' (OnClassCondition)

   LiquibaseAutoConfiguration:
      Did not match:
         - @ConditionalOnClass did not find required class 'liquibase.change.DatabaseChange' (OnClassCondition)

   MailSenderAutoConfiguration:
      Did not match:
         - @ConditionalOnClass did not find required class 'javax.mail.internet.MimeMessage' (OnClassCondition)

   MailSenderValidatorAutoConfiguration:
      Did not match:
         - @ConditionalOnSingleCandidate did not find required type 'org.springframework.mail.javamail.JavaMailSenderImpl' (OnBeanCondition)

   MessageSourceAutoConfiguration:
      Did not match:
         - ResourceBundle did not find bundle with basename messages (MessageSourceAutoConfiguration.ResourceBundleCondition)

   MongoAutoConfiguration:
      Did not match:
         - @ConditionalOnClass did not find required class 'com.mongodb.client.MongoClient' (OnClassCondition)

   MongoDataAutoConfiguration:
      Did not match:
         - @ConditionalOnClass did not find required class 'com.mongodb.client.MongoClient' (OnClassCondition)

   MongoReactiveAutoConfiguration:
      Did not match:
         - @ConditionalOnClass did not find required class 'com.mongodb.reactivestreams.client.MongoClient' (OnClassCondition)

   MongoReactiveDataAutoConfiguration:
      Did not match:
         - @ConditionalOnClass did not find required class 'com.mongodb.reactivestreams.client.MongoClient' (OnClassCondition)

   MongoReactiveRepositoriesAutoConfiguration:
      Did not match:
         - @ConditionalOnClass did not find required class 'com.mongodb.reactivestreams.client.MongoClient' (OnClassCondition)

   MongoRepositoriesAutoConfiguration:
      Did not match:
         - @ConditionalOnClass did not find required class 'com.mongodb.client.MongoClient' (OnClassCondition)

   MustacheAutoConfiguration:
      Did not match:
         - @ConditionalOnClass did not find required class 'com.samskivert.mustache.Mustache' (OnClassCondition)

   Neo4jDataAutoConfiguration:
      Did not match:
         - @ConditionalOnClass did not find required class 'org.neo4j.ogm.session.SessionFactory' (OnClassCondition)

   Neo4jRepositoriesAutoConfiguration:
      Did not match:
         - @ConditionalOnClass did not find required class 'org.neo4j.ogm.session.Neo4jSession' (OnClassCondition)

   OAuth2ClientAutoConfiguration:
      Did not match:
         - @ConditionalOnClass did not find required class 'org.springframework.security.config.annotation.web.configuration.EnableWebSecurity' (OnClassCondition)

   OAuth2ResourceServerAutoConfiguration:
      Did not match:
         - @ConditionalOnClass did not find required class 'org.springframework.security.oauth2.server.resource.BearerTokenAuthenticationToken' (OnClassCondition)

   PersistenceExceptionTranslationAutoConfiguration:
      Did not match:
         - @ConditionalOnClass did not find required class 'org.springframework.dao.annotation.PersistenceExceptionTranslationPostProcessor' (OnClassCondition)

   ProjectInfoAutoConfiguration#buildProperties:
      Did not match:
         - @ConditionalOnResource did not find resource '${spring.info.build.location:classpath:META-INF/build-info.properties}' (OnResourceCondition)

   ProjectInfoAutoConfiguration#gitProperties:
      Did not match:
         - GitResource did not find git info at classpath:git.properties (ProjectInfoAutoConfiguration.GitResourceAvailableCondition)

   QuartzAutoConfiguration:
      Did not match:
         - @ConditionalOnClass did not find required class 'org.quartz.Scheduler' (OnClassCondition)

   R2dbcAutoConfiguration:
      Did not match:
         - @ConditionalOnClass did not find required class 'io.r2dbc.spi.ConnectionFactory' (OnClassCondition)

   R2dbcDataAutoConfiguration:
      Did not match:
         - @ConditionalOnClass did not find required class 'org.springframework.data.r2dbc.core.DatabaseClient' (OnClassCondition)

   R2dbcRepositoriesAutoConfiguration:
      Did not match:
         - @ConditionalOnClass did not find required class 'io.r2dbc.spi.ConnectionFactory' (OnClassCondition)

   R2dbcTransactionManagerAutoConfiguration:
      Did not match:
         - @ConditionalOnClass did not find required class 'org.springframework.data.r2dbc.connectionfactory.R2dbcTransactionManager' (OnClassCondition)

   RSocketMessagingAutoConfiguration:
      Did not match:
         - @ConditionalOnClass did not find required class 'io.rsocket.RSocketFactory' (OnClassCondition)

   RSocketRequesterAutoConfiguration:
      Did not match:
         - @ConditionalOnClass did not find required class 'io.rsocket.RSocketFactory' (OnClassCondition)

   RSocketSecurityAutoConfiguration:
      Did not match:
         - @ConditionalOnClass did not find required class 'org.springframework.security.rsocket.core.SecuritySocketAcceptorInterceptor' (OnClassCondition)

   RSocketServerAutoConfiguration:
      Did not match:
         - @ConditionalOnClass did not find required class 'io.rsocket.core.RSocketServer' (OnClassCondition)

   RSocketStrategiesAutoConfiguration:
      Did not match:
         - @ConditionalOnClass did not find required class 'io.netty.buffer.PooledByteBufAllocator' (OnClassCondition)

   RabbitAutoConfiguration:
      Did not match:
         - @ConditionalOnClass did not find required class 'com.rabbitmq.client.Channel' (OnClassCondition)

   ReactiveElasticsearchRepositoriesAutoConfiguration:
      Did not match:
         - @ConditionalOnClass did not find required class 'org.springframework.data.elasticsearch.client.reactive.ReactiveElasticsearchClient' (OnClassCondition)

   ReactiveElasticsearchRestClientAutoConfiguration:
      Did not match:
         - @ConditionalOnClass did not find required class 'reactor.netty.http.client.HttpClient' (OnClassCondition)

   ReactiveOAuth2ClientAutoConfiguration:
      Did not match:
         - @ConditionalOnClass did not find required class 'reactor.core.publisher.Flux' (OnClassCondition)

   ReactiveOAuth2ResourceServerAutoConfiguration:
      Did not match:
         - @ConditionalOnClass did not find required class 'org.springframework.security.config.annotation.web.reactive.EnableWebFluxSecurity' (OnClassCondition)

   ReactiveSecurityAutoConfiguration:
      Did not match:
         - @ConditionalOnClass did not find required class 'reactor.core.publisher.Flux' (OnClassCondition)

   ReactiveUserDetailsServiceAutoConfiguration:
      Did not match:
         - @ConditionalOnClass did not find required class 'org.springframework.security.authentication.ReactiveAuthenticationManager' (OnClassCondition)

   ReactiveWebServerFactoryAutoConfiguration:
      Did not match:
         - @ConditionalOnWebApplication did not find reactive web application classes (OnWebApplicationCondition)

   RedisAutoConfiguration:
      Did not match:
         - @ConditionalOnClass did not find required class 'org.springframework.data.redis.core.RedisOperations' (OnClassCondition)

   RedisCacheConfiguration:
      Did not match:
         - @ConditionalOnClass did not find required class 'org.springframework.data.redis.connection.RedisConnectionFactory' (OnClassCondition)

   RedisReactiveAutoConfiguration:
      Did not match:
         - @ConditionalOnClass did not find required class 'reactor.core.publisher.Flux' (OnClassCondition)

   RedisRepositoriesAutoConfiguration:
      Did not match:
         - @ConditionalOnClass did not find required class 'org.springframework.data.redis.repository.configuration.EnableRedisRepositories' (OnClassCondition)

   RefreshAutoConfiguration.JpaInvokerConfiguration:
      Did not match:
         - @ConditionalOnClass did not find required class 'javax.persistence.EntityManagerFactory' (OnClassCondition)

   RefreshEndpointAutoConfiguration:
      Did not match:
         - @ConditionalOnClass did not find required class 'org.springframework.boot.actuate.autoconfigure.endpoint.EndpointAutoConfiguration' (OnClassCondition)

   RepositoryRestMvcAutoConfiguration:
      Did not match:
         - @ConditionalOnClass did not find required class 'org.springframework.data.rest.webmvc.config.RepositoryRestMvcConfiguration' (OnClassCondition)

   Saml2RelyingPartyAutoConfiguration:
      Did not match:
         - @ConditionalOnClass did not find required class 'org.springframework.security.saml2.provider.service.registration.RelyingPartyRegistrationRepository' (OnClassCondition)

   SecurityAutoConfiguration:
      Did not match:
         - @ConditionalOnClass did not find required class 'org.springframework.security.authentication.DefaultAuthenticationEventPublisher' (OnClassCondition)

   SecurityFilterAutoConfiguration:
      Did not match:
         - @ConditionalOnClass did not find required class 'org.springframework.security.config.http.SessionCreationPolicy' (OnClassCondition)

   SendGridAutoConfiguration:
      Did not match:
         - @ConditionalOnClass did not find required class 'com.sendgrid.SendGrid' (OnClassCondition)

   ServletWebServerFactoryAutoConfiguration#forwardedHeaderFilter:
      Did not match:
         - @ConditionalOnProperty (server.forward-headers-strategy=framework) did not find property 'server.forward-headers-strategy' (OnPropertyCondition)

   ServletWebServerFactoryConfiguration.EmbeddedJetty:
      Did not match:
         - @ConditionalOnClass did not find required classes 'org.eclipse.jetty.server.Server', 'org.eclipse.jetty.util.Loader', 'org.eclipse.jetty.webapp.WebAppContext' (OnClassCondition)

   ServletWebServerFactoryConfiguration.EmbeddedUndertow:
      Did not match:
         - @ConditionalOnClass did not find required classes 'io.undertow.Undertow', 'org.xnio.SslClientAuthMode' (OnClassCondition)

   SessionAutoConfiguration:
      Did not match:
         - @ConditionalOnClass did not find required class 'org.springframework.session.Session' (OnClassCondition)

   SolrAutoConfiguration:
      Did not match:
         - @ConditionalOnClass did not find required class 'org.apache.solr.client.solrj.impl.CloudSolrClient' (OnClassCondition)

   SolrRepositoriesAutoConfiguration:
      Did not match:
         - @ConditionalOnClass did not find required class 'org.apache.solr.client.solrj.SolrClient' (OnClassCondition)

   SpringDataWebAutoConfiguration:
      Did not match:
         - @ConditionalOnClass did not find required class 'org.springframework.data.web.PageableHandlerMethodArgumentResolver' (OnClassCondition)

   TaskSchedulingAutoConfiguration#taskScheduler:
      Did not match:
         - @ConditionalOnBean (names: org.springframework.context.annotation.internalScheduledAnnotationProcessor; SearchStrategy: all) did not find any beans named org.springframework.context.annotation.internalScheduledAnnotationProcessor (OnBeanCondition)

   ThymeleafAutoConfiguration:
      Did not match:
         - @ConditionalOnClass did not find required class 'org.thymeleaf.spring5.SpringTemplateEngine' (OnClassCondition)

   TransactionAutoConfiguration:
      Did not match:
         - @ConditionalOnClass did not find required class 'org.springframework.transaction.PlatformTransactionManager' (OnClassCondition)

   UserDetailsServiceAutoConfiguration:
      Did not match:
         - @ConditionalOnClass did not find required class 'org.springframework.security.authentication.AuthenticationManager' (OnClassCondition)

   WebClientAutoConfiguration:
      Did not match:
         - @ConditionalOnClass did not find required class 'org.springframework.web.reactive.function.client.WebClient' (OnClassCondition)

   WebFluxAutoConfiguration:
      Did not match:
         - @ConditionalOnClass did not find required class 'org.springframework.web.reactive.config.WebFluxConfigurer' (OnClassCondition)

   WebMvcAutoConfiguration#hiddenHttpMethodFilter:
      Did not match:
         - @ConditionalOnProperty (spring.mvc.hiddenmethod.filter.enabled) did not find property 'enabled' (OnPropertyCondition)

   WebMvcAutoConfiguration.ResourceChainCustomizerConfiguration:
      Did not match:
         - @ConditionalOnEnabledResourceChain did not find class org.webjars.WebJarAssetLocator (OnEnabledResourceChainCondition)

   WebMvcAutoConfiguration.WebMvcAutoConfigurationAdapter#beanNameViewResolver:
      Did not match:
         - @ConditionalOnMissingBean (types: org.springframework.web.servlet.view.BeanNameViewResolver; SearchStrategy: all) found beans of type 'org.springframework.web.servlet.view.BeanNameViewResolver' beanNameViewResolver (OnBeanCondition)

   WebMvcAutoConfiguration.WebMvcAutoConfigurationAdapter#localeResolver:
      Did not match:
         - @ConditionalOnProperty (spring.mvc.locale) did not find property 'locale' (OnPropertyCondition)

   WebServiceTemplateAutoConfiguration:
      Did not match:
         - @ConditionalOnClass did not find required class 'org.springframework.oxm.Marshaller' (OnClassCondition)

   WebServicesAutoConfiguration:
      Did not match:
         - @ConditionalOnClass did not find required class 'org.springframework.ws.transport.http.MessageDispatcherServlet' (OnClassCondition)

   WebSocketMessagingAutoConfiguration:
      Did not match:
         - @ConditionalOnClass did not find required class 'org.springframework.web.socket.config.annotation.WebSocketMessageBrokerConfigurer' (OnClassCondition)

   WebSocketReactiveAutoConfiguration:
      Did not match:
         - @ConditionalOnWebApplication did not find reactive web application classes (OnWebApplicationCondition)

   WebSocketServletAutoConfiguration.JettyWebSocketConfiguration:
      Did not match:
         - @ConditionalOnClass did not find required class 'org.eclipse.jetty.websocket.jsr356.server.deploy.WebSocketServerContainerInitializer' (OnClassCondition)

   WebSocketServletAutoConfiguration.UndertowWebSocketConfiguration:
      Did not match:
         - @ConditionalOnClass did not find required class 'io.undertow.websockets.jsr.Bootstrap' (OnClassCondition)

   WritableEnvironmentEndpointAutoConfiguration:
      Did not match:
         - @ConditionalOnClass did not find required class 'org.springframework.boot.actuate.autoconfigure.env.EnvironmentEndpointProperties' (OnClassCondition)

   XADataSourceAutoConfiguration:
      Did not match:
         - @ConditionalOnClass did not find required class 'javax.transaction.TransactionManager' (OnClassCondition)


Exclusions:
-----------

    None


Unconditional classes:
----------------------

    org.springframework.boot.autoconfigure.context.ConfigurationPropertiesAutoConfiguration

    org.springframework.boot.autoconfigure.context.LifecycleAutoConfiguration

    org.springframework.boot.autoconfigure.context.PropertyPlaceholderAutoConfiguration

    org.springframework.cloud.autoconfigure.LifecycleMvcEndpointAutoConfiguration

    org.springframework.boot.autoconfigure.availability.ApplicationAvailabilityAutoConfiguration

    org.springframework.boot.autoconfigure.info.ProjectInfoAutoConfiguration



2024-10-27 22:51:19,441 DEBUG [main][PropertySourcesPropertyResolver.java:115] - Found key 'spring.liveBeansView.mbeanDomain' in PropertySource 'systemProperties' with value of type String
2024-10-27 22:51:19,441 DEBUG [main][PropertySourcesPropertyResolver.java:115] - Found key 'spring.liveBeansView.mbeanDomain' in PropertySource 'systemProperties' with value of type String
2024-10-27 22:51:19,441 INFO [main][StartupInfoLogger.java:61] - Started ContentApplication in 1.578 seconds (JVM running for 5.969)
2024-10-27 22:51:19,441 INFO [main][StartupInfoLogger.java:61] - Started ContentApplication in 1.578 seconds (JVM running for 5.969)
2024-10-27 22:51:19,972 DEBUG [RMI TCP Connection(2)-192.168.1.42][PropertySourcesPropertyResolver.java:115] - Found key 'local.server.port' in PropertySource 'server.ports' with value of type Integer
2024-10-27 22:51:19,972 DEBUG [RMI TCP Connection(2)-192.168.1.42][PropertySourcesPropertyResolver.java:115] - Found key 'local.server.port' in PropertySource 'server.ports' with value of type Integer
2024-10-27 22:51:19,978 DEBUG [RMI TCP Connection(2)-192.168.1.42][PropertySourcesPropertyResolver.java:115] - Found key 'server.servlet.context-path' in PropertySource 'configurationProperties' with value of type String
2024-10-27 22:51:19,978 DEBUG [RMI TCP Connection(2)-192.168.1.42][PropertySourcesPropertyResolver.java:115] - Found key 'server.servlet.context-path' in PropertySource 'configurationProperties' with value of type String
2024-10-27 22:52:10,755 INFO [http-nio-63040-exec-1][DirectJDKLog.java:173] - Initializing Spring DispatcherServlet 'dispatcherServlet'
2024-10-27 22:52:10,755 INFO [http-nio-63040-exec-1][DirectJDKLog.java:173] - Initializing Spring DispatcherServlet 'dispatcherServlet'
2024-10-27 22:52:10,755 INFO [http-nio-63040-exec-1][FrameworkServlet.java:525] - Initializing Servlet 'dispatcherServlet'
2024-10-27 22:52:10,755 INFO [http-nio-63040-exec-1][FrameworkServlet.java:525] - Initializing Servlet 'dispatcherServlet'
2024-10-27 22:52:10,755 DEBUG [http-nio-63040-exec-1][DispatcherServlet.java:526] - Detected StandardServletMultipartResolver
2024-10-27 22:52:10,755 DEBUG [http-nio-63040-exec-1][DispatcherServlet.java:526] - Detected StandardServletMultipartResolver
2024-10-27 22:52:10,757 DEBUG [http-nio-63040-exec-1][FrameworkServlet.java:542] - enableLoggingRequestDetails='false': request parameters and headers will be masked to prevent unsafe logging of potentially sensitive data
2024-10-27 22:52:10,757 DEBUG [http-nio-63040-exec-1][FrameworkServlet.java:542] - enableLoggingRequestDetails='false': request parameters and headers will be masked to prevent unsafe logging of potentially sensitive data
2024-10-27 22:52:10,757 INFO [http-nio-63040-exec-1][FrameworkServlet.java:547] - Completed initialization in 2 ms
2024-10-27 22:52:10,757 INFO [http-nio-63040-exec-1][FrameworkServlet.java:547] - Completed initialization in 2 ms
2024-10-27 22:52:10,761 DEBUG [http-nio-63040-exec-1][LogFormatUtils.java:91] - GET "/content/swagger-ui.html", parameters={}
2024-10-27 22:52:10,761 DEBUG [http-nio-63040-exec-1][LogFormatUtils.java:91] - GET "/content/swagger-ui.html", parameters={}
2024-10-27 22:52:10,765 DEBUG [http-nio-63040-exec-1][AbstractHandlerMapping.java:415] - Mapped to ResourceHttpRequestHandler ["classpath:/META-INF/resources/", "classpath:/resources/", "classpath:/static/", "classpath:/public/", "/"]
2024-10-27 22:52:10,765 DEBUG [http-nio-63040-exec-1][AbstractHandlerMapping.java:415] - Mapped to ResourceHttpRequestHandler ["classpath:/META-INF/resources/", "classpath:/resources/", "classpath:/static/", "classpath:/public/", "/"]
2024-10-27 22:52:10,774 DEBUG [http-nio-63040-exec-1][FrameworkServlet.java:1131] - Completed 200 OK
2024-10-27 22:52:10,774 DEBUG [http-nio-63040-exec-1][FrameworkServlet.java:1131] - Completed 200 OK
2024-10-27 22:52:10,805 DEBUG [http-nio-63040-exec-2][LogFormatUtils.java:91] - GET "/content/webjars/springfox-swagger-ui/springfox.css?v=2.9.2", parameters={masked}
2024-10-27 22:52:10,805 DEBUG [http-nio-63040-exec-2][LogFormatUtils.java:91] - GET "/content/webjars/springfox-swagger-ui/springfox.css?v=2.9.2", parameters={masked}
2024-10-27 22:52:10,806 DEBUG [http-nio-63040-exec-3][LogFormatUtils.java:91] - GET "/content/webjars/springfox-swagger-ui/swagger-ui-standalone-preset.js?v=2.9.2", parameters={masked}
2024-10-27 22:52:10,806 DEBUG [http-nio-63040-exec-7][LogFormatUtils.java:91] - GET "/content/webjars/springfox-swagger-ui/swagger-ui-bundle.js?v=2.9.2", parameters={masked}
2024-10-27 22:52:10,806 DEBUG [http-nio-63040-exec-7][LogFormatUtils.java:91] - GET "/content/webjars/springfox-swagger-ui/swagger-ui-bundle.js?v=2.9.2", parameters={masked}
2024-10-27 22:52:10,806 DEBUG [http-nio-63040-exec-4][LogFormatUtils.java:91] - GET "/content/webjars/springfox-swagger-ui/springfox.js?v=2.9.2", parameters={masked}
2024-10-27 22:52:10,806 DEBUG [http-nio-63040-exec-3][LogFormatUtils.java:91] - GET "/content/webjars/springfox-swagger-ui/swagger-ui-standalone-preset.js?v=2.9.2", parameters={masked}
2024-10-27 22:52:10,806 DEBUG [http-nio-63040-exec-4][LogFormatUtils.java:91] - GET "/content/webjars/springfox-swagger-ui/springfox.js?v=2.9.2", parameters={masked}
2024-10-27 22:52:10,806 DEBUG [http-nio-63040-exec-2][AbstractHandlerMapping.java:415] - Mapped to ResourceHttpRequestHandler ["classpath:/META-INF/resources/webjars/"]
2024-10-27 22:52:10,806 DEBUG [http-nio-63040-exec-2][AbstractHandlerMapping.java:415] - Mapped to ResourceHttpRequestHandler ["classpath:/META-INF/resources/webjars/"]
2024-10-27 22:52:10,806 DEBUG [http-nio-63040-exec-6][LogFormatUtils.java:91] - GET "/content/webjars/springfox-swagger-ui/swagger-ui.css?v=2.9.2", parameters={masked}
2024-10-27 22:52:10,806 DEBUG [http-nio-63040-exec-6][LogFormatUtils.java:91] - GET "/content/webjars/springfox-swagger-ui/swagger-ui.css?v=2.9.2", parameters={masked}
2024-10-27 22:52:10,806 DEBUG [http-nio-63040-exec-7][AbstractHandlerMapping.java:415] - Mapped to ResourceHttpRequestHandler ["classpath:/META-INF/resources/webjars/"]
2024-10-27 22:52:10,806 DEBUG [http-nio-63040-exec-7][AbstractHandlerMapping.java:415] - Mapped to ResourceHttpRequestHandler ["classpath:/META-INF/resources/webjars/"]
2024-10-27 22:52:10,807 DEBUG [http-nio-63040-exec-3][AbstractHandlerMapping.java:415] - Mapped to ResourceHttpRequestHandler ["classpath:/META-INF/resources/webjars/"]
2024-10-27 22:52:10,807 DEBUG [http-nio-63040-exec-6][AbstractHandlerMapping.java:415] - Mapped to ResourceHttpRequestHandler ["classpath:/META-INF/resources/webjars/"]
2024-10-27 22:52:10,807 DEBUG [http-nio-63040-exec-3][AbstractHandlerMapping.java:415] - Mapped to ResourceHttpRequestHandler ["classpath:/META-INF/resources/webjars/"]
2024-10-27 22:52:10,807 DEBUG [http-nio-63040-exec-6][AbstractHandlerMapping.java:415] - Mapped to ResourceHttpRequestHandler ["classpath:/META-INF/resources/webjars/"]
2024-10-27 22:52:10,807 DEBUG [http-nio-63040-exec-4][AbstractHandlerMapping.java:415] - Mapped to ResourceHttpRequestHandler ["classpath:/META-INF/resources/webjars/"]
2024-10-27 22:52:10,807 DEBUG [http-nio-63040-exec-4][AbstractHandlerMapping.java:415] - Mapped to ResourceHttpRequestHandler ["classpath:/META-INF/resources/webjars/"]
2024-10-27 22:52:10,810 DEBUG [http-nio-63040-exec-2][FrameworkServlet.java:1131] - Completed 200 OK
2024-10-27 22:52:10,810 DEBUG [http-nio-63040-exec-2][FrameworkServlet.java:1131] - Completed 200 OK
2024-10-27 22:52:10,815 DEBUG [http-nio-63040-exec-4][FrameworkServlet.java:1131] - Completed 200 OK
2024-10-27 22:52:10,815 DEBUG [http-nio-63040-exec-4][FrameworkServlet.java:1131] - Completed 200 OK
2024-10-27 22:52:10,815 DEBUG [http-nio-63040-exec-6][FrameworkServlet.java:1131] - Completed 200 OK
2024-10-27 22:52:10,815 DEBUG [http-nio-63040-exec-6][FrameworkServlet.java:1131] - Completed 200 OK
2024-10-27 22:52:10,822 DEBUG [http-nio-63040-exec-3][FrameworkServlet.java:1131] - Completed 200 OK
2024-10-27 22:52:10,822 DEBUG [http-nio-63040-exec-3][FrameworkServlet.java:1131] - Completed 200 OK
2024-10-27 22:52:10,833 DEBUG [http-nio-63040-exec-7][FrameworkServlet.java:1131] - Completed 200 OK
2024-10-27 22:52:10,833 DEBUG [http-nio-63040-exec-7][FrameworkServlet.java:1131] - Completed 200 OK
2024-10-27 22:52:10,985 DEBUG [http-nio-63040-exec-5][LogFormatUtils.java:91] - GET "/content/webjars/springfox-swagger-ui/favicon-32x32.png?v=2.9.2", parameters={masked}
2024-10-27 22:52:10,985 DEBUG [http-nio-63040-exec-8][LogFormatUtils.java:91] - GET "/content/swagger-resources/configuration/ui", parameters={}
2024-10-27 22:52:10,985 DEBUG [http-nio-63040-exec-5][LogFormatUtils.java:91] - GET "/content/webjars/springfox-swagger-ui/favicon-32x32.png?v=2.9.2", parameters={masked}
2024-10-27 22:52:10,985 DEBUG [http-nio-63040-exec-8][LogFormatUtils.java:91] - GET "/content/swagger-resources/configuration/ui", parameters={}
2024-10-27 22:52:10,986 DEBUG [http-nio-63040-exec-5][AbstractHandlerMapping.java:415] - Mapped to ResourceHttpRequestHandler ["classpath:/META-INF/resources/webjars/"]
2024-10-27 22:52:10,986 DEBUG [http-nio-63040-exec-8][AbstractHandlerMapping.java:415] - Mapped to springfox.documentation.swagger.web.ApiResourceController#uiConfiguration()
2024-10-27 22:52:10,986 DEBUG [http-nio-63040-exec-5][AbstractHandlerMapping.java:415] - Mapped to ResourceHttpRequestHandler ["classpath:/META-INF/resources/webjars/"]
2024-10-27 22:52:10,986 DEBUG [http-nio-63040-exec-8][AbstractHandlerMapping.java:415] - Mapped to springfox.documentation.swagger.web.ApiResourceController#uiConfiguration()
2024-10-27 22:52:10,989 DEBUG [http-nio-63040-exec-5][FrameworkServlet.java:1131] - Completed 200 OK
2024-10-27 22:52:10,989 DEBUG [http-nio-63040-exec-5][FrameworkServlet.java:1131] - Completed 200 OK
2024-10-27 22:52:11,012 DEBUG [http-nio-63040-exec-8][AbstractMessageConverterMethodProcessor.java:255] - Using 'application/json', given [application/json] and supported [application/json, application/*+json, application/json, application/*+json]
2024-10-27 22:52:11,012 DEBUG [http-nio-63040-exec-8][AbstractMessageConverterMethodProcessor.java:255] - Using 'application/json', given [application/json] and supported [application/json, application/*+json, application/json, application/*+json]
2024-10-27 22:52:11,012 DEBUG [http-nio-63040-exec-8][LogFormatUtils.java:91] - Writing [springfox.documentation.swagger.web.UiConfiguration@5fa0fa33]
2024-10-27 22:52:11,012 DEBUG [http-nio-63040-exec-8][LogFormatUtils.java:91] - Writing [springfox.documentation.swagger.web.UiConfiguration@5fa0fa33]
2024-10-27 22:52:11,018 DEBUG [http-nio-63040-exec-8][FrameworkServlet.java:1131] - Completed 200 OK
2024-10-27 22:52:11,018 DEBUG [http-nio-63040-exec-8][FrameworkServlet.java:1131] - Completed 200 OK
2024-10-27 22:52:11,022 DEBUG [http-nio-63040-exec-9][LogFormatUtils.java:91] - GET "/content/swagger-resources/configuration/security", parameters={}
2024-10-27 22:52:11,022 DEBUG [http-nio-63040-exec-9][LogFormatUtils.java:91] - GET "/content/swagger-resources/configuration/security", parameters={}
2024-10-27 22:52:11,022 DEBUG [http-nio-63040-exec-9][AbstractHandlerMapping.java:415] - Mapped to springfox.documentation.swagger.web.ApiResourceController#securityConfiguration()
2024-10-27 22:52:11,022 DEBUG [http-nio-63040-exec-9][AbstractHandlerMapping.java:415] - Mapped to springfox.documentation.swagger.web.ApiResourceController#securityConfiguration()
2024-10-27 22:52:11,026 DEBUG [http-nio-63040-exec-9][AbstractMessageConverterMethodProcessor.java:255] - Using 'application/json', given [application/json] and supported [application/json, application/*+json, application/json, application/*+json]
2024-10-27 22:52:11,026 DEBUG [http-nio-63040-exec-9][AbstractMessageConverterMethodProcessor.java:255] - Using 'application/json', given [application/json] and supported [application/json, application/*+json, application/json, application/*+json]
2024-10-27 22:52:11,026 DEBUG [http-nio-63040-exec-9][LogFormatUtils.java:91] - Writing [springfox.documentation.swagger.web.SecurityConfiguration@3a3e0d7e]
2024-10-27 22:52:11,026 DEBUG [http-nio-63040-exec-9][LogFormatUtils.java:91] - Writing [springfox.documentation.swagger.web.SecurityConfiguration@3a3e0d7e]
2024-10-27 22:52:11,026 DEBUG [http-nio-63040-exec-9][FrameworkServlet.java:1131] - Completed 200 OK
2024-10-27 22:52:11,026 DEBUG [http-nio-63040-exec-9][FrameworkServlet.java:1131] - Completed 200 OK
2024-10-27 22:52:11,029 DEBUG [http-nio-63040-exec-10][LogFormatUtils.java:91] - GET "/content/swagger-resources", parameters={}
2024-10-27 22:52:11,029 DEBUG [http-nio-63040-exec-10][LogFormatUtils.java:91] - GET "/content/swagger-resources", parameters={}
2024-10-27 22:52:11,029 DEBUG [http-nio-63040-exec-10][AbstractHandlerMapping.java:415] - Mapped to springfox.documentation.swagger.web.ApiResourceController#swaggerResources()
2024-10-27 22:52:11,029 DEBUG [http-nio-63040-exec-10][AbstractHandlerMapping.java:415] - Mapped to springfox.documentation.swagger.web.ApiResourceController#swaggerResources()
2024-10-27 22:52:11,030 DEBUG [http-nio-63040-exec-10][AbstractMessageConverterMethodProcessor.java:255] - Using 'application/json', given [application/json] and supported [application/json, application/*+json, application/json, application/*+json]
2024-10-27 22:52:11,030 DEBUG [http-nio-63040-exec-10][AbstractMessageConverterMethodProcessor.java:255] - Using 'application/json', given [application/json] and supported [application/json, application/*+json, application/json, application/*+json]
2024-10-27 22:52:11,031 DEBUG [http-nio-63040-exec-10][LogFormatUtils.java:91] - Writing [[springfox.documentation.swagger.web.SwaggerResource@7bb08c5c]]
2024-10-27 22:52:11,031 DEBUG [http-nio-63040-exec-10][LogFormatUtils.java:91] - Writing [[springfox.documentation.swagger.web.SwaggerResource@7bb08c5c]]
2024-10-27 22:52:11,032 DEBUG [http-nio-63040-exec-10][FrameworkServlet.java:1131] - Completed 200 OK
2024-10-27 22:52:11,032 DEBUG [http-nio-63040-exec-10][FrameworkServlet.java:1131] - Completed 200 OK
2024-10-27 22:52:11,045 DEBUG [http-nio-63040-exec-1][LogFormatUtils.java:91] - GET "/content/v2/api-docs", parameters={}
2024-10-27 22:52:11,045 DEBUG [http-nio-63040-exec-2][LogFormatUtils.java:91] - GET "/content/", parameters={}
2024-10-27 22:52:11,045 DEBUG [http-nio-63040-exec-1][LogFormatUtils.java:91] - GET "/content/v2/api-docs", parameters={}
2024-10-27 22:52:11,045 DEBUG [http-nio-63040-exec-2][LogFormatUtils.java:91] - GET "/content/", parameters={}
2024-10-27 22:52:11,046 DEBUG [http-nio-63040-exec-2][AbstractHandlerMapping.java:415] - Mapped to ResourceHttpRequestHandler ["classpath:/META-INF/resources/", "classpath:/resources/", "classpath:/static/", "classpath:/public/", "/"]
2024-10-27 22:52:11,046 DEBUG [http-nio-63040-exec-2][AbstractHandlerMapping.java:415] - Mapped to ResourceHttpRequestHandler ["classpath:/META-INF/resources/", "classpath:/resources/", "classpath:/static/", "classpath:/public/", "/"]
2024-10-27 22:52:11,046 DEBUG [http-nio-63040-exec-2][ResourceHttpRequestHandler.java:487] - Resource not found
2024-10-27 22:52:11,046 DEBUG [http-nio-63040-exec-2][ResourceHttpRequestHandler.java:487] - Resource not found
2024-10-27 22:52:11,046 DEBUG [http-nio-63040-exec-2][FrameworkServlet.java:1131] - Completed 404 NOT_FOUND
2024-10-27 22:52:11,046 DEBUG [http-nio-63040-exec-2][FrameworkServlet.java:1131] - Completed 404 NOT_FOUND
2024-10-27 22:52:11,048 DEBUG [http-nio-63040-exec-2][LogFormatUtils.java:91] - "ERROR" dispatch for GET "/content/error", parameters={}
2024-10-27 22:52:11,048 DEBUG [http-nio-63040-exec-2][LogFormatUtils.java:91] - "ERROR" dispatch for GET "/content/error", parameters={}
2024-10-27 22:52:11,049 DEBUG [http-nio-63040-exec-2][AbstractHandlerMapping.java:415] - Mapped to org.springframework.boot.autoconfigure.web.servlet.error.BasicErrorController#error(HttpServletRequest)
2024-10-27 22:52:11,049 DEBUG [http-nio-63040-exec-2][AbstractHandlerMapping.java:415] - Mapped to org.springframework.boot.autoconfigure.web.servlet.error.BasicErrorController#error(HttpServletRequest)
2024-10-27 22:52:11,053 DEBUG [http-nio-63040-exec-2][AbstractMessageConverterMethodProcessor.java:255] - Using 'application/json', given [*/*] and supported [application/json, application/*+json, application/json, application/*+json]
2024-10-27 22:52:11,053 DEBUG [http-nio-63040-exec-2][AbstractMessageConverterMethodProcessor.java:255] - Using 'application/json', given [*/*] and supported [application/json, application/*+json, application/json, application/*+json]
2024-10-27 22:52:11,053 DEBUG [http-nio-63040-exec-2][LogFormatUtils.java:91] - Writing [{timestamp=Sun Oct 27 22:52:11 CET 2024, status=404, error=Not Found, message=, path=/content/}]
2024-10-27 22:52:11,053 DEBUG [http-nio-63040-exec-2][LogFormatUtils.java:91] - Writing [{timestamp=Sun Oct 27 22:52:11 CET 2024, status=404, error=Not Found, message=, path=/content/}]
2024-10-27 22:52:11,054 DEBUG [http-nio-63040-exec-6][LogFormatUtils.java:91] - GET "/content/webjars/springfox-swagger-ui/fonts/titillium-web-v6-latin-700.woff2", parameters={}
2024-10-27 22:52:11,054 DEBUG [http-nio-63040-exec-6][LogFormatUtils.java:91] - GET "/content/webjars/springfox-swagger-ui/fonts/titillium-web-v6-latin-700.woff2", parameters={}
2024-10-27 22:52:11,055 DEBUG [http-nio-63040-exec-4][LogFormatUtils.java:91] - GET "/content/webjars/springfox-swagger-ui/fonts/open-sans-v15-latin-regular.woff2", parameters={}
2024-10-27 22:52:11,055 DEBUG [http-nio-63040-exec-4][LogFormatUtils.java:91] - GET "/content/webjars/springfox-swagger-ui/fonts/open-sans-v15-latin-regular.woff2", parameters={}
2024-10-27 22:52:11,055 DEBUG [http-nio-63040-exec-6][AbstractHandlerMapping.java:415] - Mapped to ResourceHttpRequestHandler ["classpath:/META-INF/resources/webjars/"]
2024-10-27 22:52:11,055 DEBUG [http-nio-63040-exec-4][AbstractHandlerMapping.java:415] - Mapped to ResourceHttpRequestHandler ["classpath:/META-INF/resources/webjars/"]
2024-10-27 22:52:11,055 DEBUG [http-nio-63040-exec-6][AbstractHandlerMapping.java:415] - Mapped to ResourceHttpRequestHandler ["classpath:/META-INF/resources/webjars/"]
2024-10-27 22:52:11,055 DEBUG [http-nio-63040-exec-4][AbstractHandlerMapping.java:415] - Mapped to ResourceHttpRequestHandler ["classpath:/META-INF/resources/webjars/"]
2024-10-27 22:52:11,057 DEBUG [http-nio-63040-exec-2][FrameworkServlet.java:1127] - Exiting from "ERROR" dispatch, status 404
2024-10-27 22:52:11,057 DEBUG [http-nio-63040-exec-2][FrameworkServlet.java:1127] - Exiting from "ERROR" dispatch, status 404
2024-10-27 22:52:11,057 DEBUG [http-nio-63040-exec-4][FrameworkServlet.java:1131] - Completed 200 OK
2024-10-27 22:52:11,057 DEBUG [http-nio-63040-exec-4][FrameworkServlet.java:1131] - Completed 200 OK
2024-10-27 22:52:11,058 DEBUG [http-nio-63040-exec-6][FrameworkServlet.java:1131] - Completed 200 OK
2024-10-27 22:52:11,058 DEBUG [http-nio-63040-exec-6][FrameworkServlet.java:1131] - Completed 200 OK
2024-10-27 22:52:11,060 DEBUG [http-nio-63040-exec-3][LogFormatUtils.java:91] - GET "/content/csrf", parameters={}
2024-10-27 22:52:11,060 DEBUG [http-nio-63040-exec-3][LogFormatUtils.java:91] - GET "/content/csrf", parameters={}
2024-10-27 22:52:11,060 DEBUG [http-nio-63040-exec-3][AbstractHandlerMapping.java:415] - Mapped to ResourceHttpRequestHandler ["classpath:/META-INF/resources/", "classpath:/resources/", "classpath:/static/", "classpath:/public/", "/"]
2024-10-27 22:52:11,060 DEBUG [http-nio-63040-exec-3][AbstractHandlerMapping.java:415] - Mapped to ResourceHttpRequestHandler ["classpath:/META-INF/resources/", "classpath:/resources/", "classpath:/static/", "classpath:/public/", "/"]
2024-10-27 22:52:11,061 DEBUG [http-nio-63040-exec-3][ResourceHttpRequestHandler.java:487] - Resource not found
2024-10-27 22:52:11,061 DEBUG [http-nio-63040-exec-3][ResourceHttpRequestHandler.java:487] - Resource not found
2024-10-27 22:52:11,061 DEBUG [http-nio-63040-exec-3][FrameworkServlet.java:1131] - Completed 404 NOT_FOUND
2024-10-27 22:52:11,061 DEBUG [http-nio-63040-exec-3][FrameworkServlet.java:1131] - Completed 404 NOT_FOUND
2024-10-27 22:52:11,062 DEBUG [http-nio-63040-exec-3][LogFormatUtils.java:91] - "ERROR" dispatch for GET "/content/error", parameters={}
2024-10-27 22:52:11,062 DEBUG [http-nio-63040-exec-3][LogFormatUtils.java:91] - "ERROR" dispatch for GET "/content/error", parameters={}
2024-10-27 22:52:11,062 DEBUG [http-nio-63040-exec-3][AbstractHandlerMapping.java:415] - Mapped to org.springframework.boot.autoconfigure.web.servlet.error.BasicErrorController#error(HttpServletRequest)
2024-10-27 22:52:11,062 DEBUG [http-nio-63040-exec-3][AbstractHandlerMapping.java:415] - Mapped to org.springframework.boot.autoconfigure.web.servlet.error.BasicErrorController#error(HttpServletRequest)
2024-10-27 22:52:11,063 DEBUG [http-nio-63040-exec-3][AbstractMessageConverterMethodProcessor.java:255] - Using 'application/json', given [*/*] and supported [application/json, application/*+json, application/json, application/*+json]
2024-10-27 22:52:11,063 DEBUG [http-nio-63040-exec-3][AbstractMessageConverterMethodProcessor.java:255] - Using 'application/json', given [*/*] and supported [application/json, application/*+json, application/json, application/*+json]
2024-10-27 22:52:11,063 DEBUG [http-nio-63040-exec-3][LogFormatUtils.java:91] - Writing [{timestamp=Sun Oct 27 22:52:11 CET 2024, status=404, error=Not Found, message=, path=/content/csrf}]
2024-10-27 22:52:11,063 DEBUG [http-nio-63040-exec-3][LogFormatUtils.java:91] - Writing [{timestamp=Sun Oct 27 22:52:11 CET 2024, status=404, error=Not Found, message=, path=/content/csrf}]
2024-10-27 22:52:11,064 DEBUG [http-nio-63040-exec-3][FrameworkServlet.java:1127] - Exiting from "ERROR" dispatch, status 404
2024-10-27 22:52:11,064 DEBUG [http-nio-63040-exec-3][FrameworkServlet.java:1127] - Exiting from "ERROR" dispatch, status 404
2024-10-27 22:52:11,106 DEBUG [http-nio-63040-exec-1][AbstractMessageConverterMethodProcessor.java:255] - Using 'application/json', given [application/json, */*] and supported [application/json, application/*+json, application/json, application/*+json]
2024-10-27 22:52:11,106 DEBUG [http-nio-63040-exec-1][AbstractMessageConverterMethodProcessor.java:255] - Using 'application/json', given [application/json, */*] and supported [application/json, application/*+json, application/json, application/*+json]
2024-10-27 22:52:11,106 DEBUG [http-nio-63040-exec-1][LogFormatUtils.java:91] - Writing [springfox.documentation.spring.web.json.Json@585fcae4]
2024-10-27 22:52:11,106 DEBUG [http-nio-63040-exec-1][LogFormatUtils.java:91] - Writing [springfox.documentation.spring.web.json.Json@585fcae4]
2024-10-27 22:52:11,106 DEBUG [http-nio-63040-exec-1][FrameworkServlet.java:1131] - Completed 200 OK
2024-10-27 22:52:11,106 DEBUG [http-nio-63040-exec-1][FrameworkServlet.java:1131] - Completed 200 OK
2024-10-27 22:52:11,145 DEBUG [http-nio-63040-exec-7][LogFormatUtils.java:91] - GET "/content/webjars/springfox-swagger-ui/fonts/source-code-pro-v7-latin-300.woff2", parameters={}
2024-10-27 22:52:11,145 DEBUG [http-nio-63040-exec-7][LogFormatUtils.java:91] - GET "/content/webjars/springfox-swagger-ui/fonts/source-code-pro-v7-latin-300.woff2", parameters={}
2024-10-27 22:52:11,146 DEBUG [http-nio-63040-exec-7][AbstractHandlerMapping.java:415] - Mapped to ResourceHttpRequestHandler ["classpath:/META-INF/resources/webjars/"]
2024-10-27 22:52:11,146 DEBUG [http-nio-63040-exec-7][AbstractHandlerMapping.java:415] - Mapped to ResourceHttpRequestHandler ["classpath:/META-INF/resources/webjars/"]
2024-10-27 22:52:11,147 DEBUG [http-nio-63040-exec-7][FrameworkServlet.java:1131] - Completed 200 OK
2024-10-27 22:52:11,147 DEBUG [http-nio-63040-exec-7][FrameworkServlet.java:1131] - Completed 200 OK
2024-10-27 22:53:04,931 DEBUG [http-nio-63040-exec-5][LogFormatUtils.java:91] - GET "/content/webjars/springfox-swagger-ui/fonts/titillium-web-v6-latin-600.woff2", parameters={}
2024-10-27 22:53:04,931 DEBUG [http-nio-63040-exec-5][LogFormatUtils.java:91] - GET "/content/webjars/springfox-swagger-ui/fonts/titillium-web-v6-latin-600.woff2", parameters={}
2024-10-27 22:53:04,932 DEBUG [http-nio-63040-exec-5][AbstractHandlerMapping.java:415] - Mapped to ResourceHttpRequestHandler ["classpath:/META-INF/resources/webjars/"]
2024-10-27 22:53:04,932 DEBUG [http-nio-63040-exec-5][AbstractHandlerMapping.java:415] - Mapped to ResourceHttpRequestHandler ["classpath:/META-INF/resources/webjars/"]
2024-10-27 22:53:04,933 DEBUG [http-nio-63040-exec-5][FrameworkServlet.java:1131] - Completed 200 OK
2024-10-27 22:53:04,933 DEBUG [http-nio-63040-exec-5][FrameworkServlet.java:1131] - Completed 200 OK
2024-10-27 22:53:05,947 DEBUG [http-nio-63040-exec-8][LogFormatUtils.java:91] - GET "/content/webjars/springfox-swagger-ui/fonts/source-code-pro-v7-latin-600.woff2", parameters={}
2024-10-27 22:53:05,947 DEBUG [http-nio-63040-exec-8][LogFormatUtils.java:91] - GET "/content/webjars/springfox-swagger-ui/fonts/source-code-pro-v7-latin-600.woff2", parameters={}
2024-10-27 22:53:05,948 DEBUG [http-nio-63040-exec-8][AbstractHandlerMapping.java:415] - Mapped to ResourceHttpRequestHandler ["classpath:/META-INF/resources/webjars/"]
2024-10-27 22:53:05,948 DEBUG [http-nio-63040-exec-8][AbstractHandlerMapping.java:415] - Mapped to ResourceHttpRequestHandler ["classpath:/META-INF/resources/webjars/"]
2024-10-27 22:53:05,950 DEBUG [http-nio-63040-exec-8][FrameworkServlet.java:1131] - Completed 200 OK
2024-10-27 22:53:05,950 DEBUG [http-nio-63040-exec-8][FrameworkServlet.java:1131] - Completed 200 OK
2024-10-27 22:53:28,647 DEBUG [http-nio-63040-exec-6][LogFormatUtils.java:91] - GET "/content/swagger-ui.html", parameters={}
2024-10-27 22:53:28,647 DEBUG [http-nio-63040-exec-6][LogFormatUtils.java:91] - GET "/content/swagger-ui.html", parameters={}
2024-10-27 22:53:28,649 DEBUG [http-nio-63040-exec-6][AbstractHandlerMapping.java:415] - Mapped to ResourceHttpRequestHandler ["classpath:/META-INF/resources/", "classpath:/resources/", "classpath:/static/", "classpath:/public/", "/"]
2024-10-27 22:53:28,649 DEBUG [http-nio-63040-exec-6][AbstractHandlerMapping.java:415] - Mapped to ResourceHttpRequestHandler ["classpath:/META-INF/resources/", "classpath:/resources/", "classpath:/static/", "classpath:/public/", "/"]
2024-10-27 22:53:28,654 DEBUG [http-nio-63040-exec-6][FrameworkServlet.java:1131] - Completed 304 NOT_MODIFIED
2024-10-27 22:53:28,654 DEBUG [http-nio-63040-exec-6][FrameworkServlet.java:1131] - Completed 304 NOT_MODIFIED
2024-10-27 22:53:28,741 DEBUG [http-nio-63040-exec-3][LogFormatUtils.java:91] - GET "/content/swagger-resources/configuration/ui", parameters={}
2024-10-27 22:53:28,741 DEBUG [http-nio-63040-exec-3][LogFormatUtils.java:91] - GET "/content/swagger-resources/configuration/ui", parameters={}
2024-10-27 22:53:28,741 DEBUG [http-nio-63040-exec-3][AbstractHandlerMapping.java:415] - Mapped to springfox.documentation.swagger.web.ApiResourceController#uiConfiguration()
2024-10-27 22:53:28,741 DEBUG [http-nio-63040-exec-3][AbstractHandlerMapping.java:415] - Mapped to springfox.documentation.swagger.web.ApiResourceController#uiConfiguration()
2024-10-27 22:53:28,742 DEBUG [http-nio-63040-exec-3][AbstractMessageConverterMethodProcessor.java:255] - Using 'application/json', given [application/json] and supported [application/json, application/*+json, application/json, application/*+json]
2024-10-27 22:53:28,742 DEBUG [http-nio-63040-exec-3][AbstractMessageConverterMethodProcessor.java:255] - Using 'application/json', given [application/json] and supported [application/json, application/*+json, application/json, application/*+json]
2024-10-27 22:53:28,742 DEBUG [http-nio-63040-exec-3][LogFormatUtils.java:91] - Writing [springfox.documentation.swagger.web.UiConfiguration@5fa0fa33]
2024-10-27 22:53:28,742 DEBUG [http-nio-63040-exec-3][LogFormatUtils.java:91] - Writing [springfox.documentation.swagger.web.UiConfiguration@5fa0fa33]
2024-10-27 22:53:28,743 DEBUG [http-nio-63040-exec-3][FrameworkServlet.java:1131] - Completed 200 OK
2024-10-27 22:53:28,743 DEBUG [http-nio-63040-exec-3][FrameworkServlet.java:1131] - Completed 200 OK
2024-10-27 22:53:28,747 DEBUG [http-nio-63040-exec-1][LogFormatUtils.java:91] - GET "/content/swagger-resources/configuration/security", parameters={}
2024-10-27 22:53:28,747 DEBUG [http-nio-63040-exec-1][LogFormatUtils.java:91] - GET "/content/swagger-resources/configuration/security", parameters={}
2024-10-27 22:53:28,747 DEBUG [http-nio-63040-exec-1][AbstractHandlerMapping.java:415] - Mapped to springfox.documentation.swagger.web.ApiResourceController#securityConfiguration()
2024-10-27 22:53:28,747 DEBUG [http-nio-63040-exec-1][AbstractHandlerMapping.java:415] - Mapped to springfox.documentation.swagger.web.ApiResourceController#securityConfiguration()
2024-10-27 22:53:28,748 DEBUG [http-nio-63040-exec-1][AbstractMessageConverterMethodProcessor.java:255] - Using 'application/json', given [application/json] and supported [application/json, application/*+json, application/json, application/*+json]
2024-10-27 22:53:28,748 DEBUG [http-nio-63040-exec-1][AbstractMessageConverterMethodProcessor.java:255] - Using 'application/json', given [application/json] and supported [application/json, application/*+json, application/json, application/*+json]
2024-10-27 22:53:28,748 DEBUG [http-nio-63040-exec-1][LogFormatUtils.java:91] - Writing [springfox.documentation.swagger.web.SecurityConfiguration@d65c915]
2024-10-27 22:53:28,748 DEBUG [http-nio-63040-exec-1][LogFormatUtils.java:91] - Writing [springfox.documentation.swagger.web.SecurityConfiguration@d65c915]
2024-10-27 22:53:28,748 DEBUG [http-nio-63040-exec-1][FrameworkServlet.java:1131] - Completed 200 OK
2024-10-27 22:53:28,748 DEBUG [http-nio-63040-exec-1][FrameworkServlet.java:1131] - Completed 200 OK
2024-10-27 22:53:28,750 DEBUG [http-nio-63040-exec-7][LogFormatUtils.java:91] - GET "/content/swagger-resources", parameters={}
2024-10-27 22:53:28,750 DEBUG [http-nio-63040-exec-7][LogFormatUtils.java:91] - GET "/content/swagger-resources", parameters={}
2024-10-27 22:53:28,750 DEBUG [http-nio-63040-exec-7][AbstractHandlerMapping.java:415] - Mapped to springfox.documentation.swagger.web.ApiResourceController#swaggerResources()
2024-10-27 22:53:28,750 DEBUG [http-nio-63040-exec-7][AbstractHandlerMapping.java:415] - Mapped to springfox.documentation.swagger.web.ApiResourceController#swaggerResources()
2024-10-27 22:53:28,750 DEBUG [http-nio-63040-exec-7][AbstractMessageConverterMethodProcessor.java:255] - Using 'application/json', given [application/json] and supported [application/json, application/*+json, application/json, application/*+json]
2024-10-27 22:53:28,750 DEBUG [http-nio-63040-exec-7][AbstractMessageConverterMethodProcessor.java:255] - Using 'application/json', given [application/json] and supported [application/json, application/*+json, application/json, application/*+json]
2024-10-27 22:53:28,750 DEBUG [http-nio-63040-exec-7][LogFormatUtils.java:91] - Writing [[springfox.documentation.swagger.web.SwaggerResource@53b2744c]]
2024-10-27 22:53:28,750 DEBUG [http-nio-63040-exec-7][LogFormatUtils.java:91] - Writing [[springfox.documentation.swagger.web.SwaggerResource@53b2744c]]
2024-10-27 22:53:28,751 DEBUG [http-nio-63040-exec-7][FrameworkServlet.java:1131] - Completed 200 OK
2024-10-27 22:53:28,751 DEBUG [http-nio-63040-exec-7][FrameworkServlet.java:1131] - Completed 200 OK
2024-10-27 22:53:28,759 DEBUG [http-nio-63040-exec-5][LogFormatUtils.java:91] - GET "/content/v2/api-docs", parameters={}
2024-10-27 22:53:28,759 DEBUG [http-nio-63040-exec-8][LogFormatUtils.java:91] - GET "/content/", parameters={}
2024-10-27 22:53:28,759 DEBUG [http-nio-63040-exec-5][LogFormatUtils.java:91] - GET "/content/v2/api-docs", parameters={}
2024-10-27 22:53:28,759 DEBUG [http-nio-63040-exec-8][LogFormatUtils.java:91] - GET "/content/", parameters={}
2024-10-27 22:53:28,760 DEBUG [http-nio-63040-exec-8][AbstractHandlerMapping.java:415] - Mapped to ResourceHttpRequestHandler ["classpath:/META-INF/resources/", "classpath:/resources/", "classpath:/static/", "classpath:/public/", "/"]
2024-10-27 22:53:28,760 DEBUG [http-nio-63040-exec-8][AbstractHandlerMapping.java:415] - Mapped to ResourceHttpRequestHandler ["classpath:/META-INF/resources/", "classpath:/resources/", "classpath:/static/", "classpath:/public/", "/"]
2024-10-27 22:53:28,760 DEBUG [http-nio-63040-exec-8][ResourceHttpRequestHandler.java:487] - Resource not found
2024-10-27 22:53:28,760 DEBUG [http-nio-63040-exec-8][ResourceHttpRequestHandler.java:487] - Resource not found
2024-10-27 22:53:28,760 DEBUG [http-nio-63040-exec-8][FrameworkServlet.java:1131] - Completed 404 NOT_FOUND
2024-10-27 22:53:28,760 DEBUG [http-nio-63040-exec-8][FrameworkServlet.java:1131] - Completed 404 NOT_FOUND
2024-10-27 22:53:28,761 DEBUG [http-nio-63040-exec-8][LogFormatUtils.java:91] - "ERROR" dispatch for GET "/content/error", parameters={}
2024-10-27 22:53:28,761 DEBUG [http-nio-63040-exec-8][LogFormatUtils.java:91] - "ERROR" dispatch for GET "/content/error", parameters={}
2024-10-27 22:53:28,761 DEBUG [http-nio-63040-exec-8][AbstractHandlerMapping.java:415] - Mapped to org.springframework.boot.autoconfigure.web.servlet.error.BasicErrorController#error(HttpServletRequest)
2024-10-27 22:53:28,761 DEBUG [http-nio-63040-exec-8][AbstractHandlerMapping.java:415] - Mapped to org.springframework.boot.autoconfigure.web.servlet.error.BasicErrorController#error(HttpServletRequest)
2024-10-27 22:53:28,762 DEBUG [http-nio-63040-exec-8][AbstractMessageConverterMethodProcessor.java:255] - Using 'application/json', given [*/*] and supported [application/json, application/*+json, application/json, application/*+json]
2024-10-27 22:53:28,762 DEBUG [http-nio-63040-exec-8][AbstractMessageConverterMethodProcessor.java:255] - Using 'application/json', given [*/*] and supported [application/json, application/*+json, application/json, application/*+json]
2024-10-27 22:53:28,762 DEBUG [http-nio-63040-exec-8][LogFormatUtils.java:91] - Writing [{timestamp=Sun Oct 27 22:53:28 CET 2024, status=404, error=Not Found, message=, path=/content/}]
2024-10-27 22:53:28,762 DEBUG [http-nio-63040-exec-8][LogFormatUtils.java:91] - Writing [{timestamp=Sun Oct 27 22:53:28 CET 2024, status=404, error=Not Found, message=, path=/content/}]
2024-10-27 22:53:28,763 DEBUG [http-nio-63040-exec-8][FrameworkServlet.java:1127] - Exiting from "ERROR" dispatch, status 404
2024-10-27 22:53:28,763 DEBUG [http-nio-63040-exec-8][FrameworkServlet.java:1127] - Exiting from "ERROR" dispatch, status 404
2024-10-27 22:53:28,766 DEBUG [http-nio-63040-exec-5][AbstractMessageConverterMethodProcessor.java:255] - Using 'application/json', given [application/json, */*] and supported [application/json, application/*+json, application/json, application/*+json]
2024-10-27 22:53:28,766 DEBUG [http-nio-63040-exec-5][AbstractMessageConverterMethodProcessor.java:255] - Using 'application/json', given [application/json, */*] and supported [application/json, application/*+json, application/json, application/*+json]
2024-10-27 22:53:28,766 DEBUG [http-nio-63040-exec-9][LogFormatUtils.java:91] - GET "/content/csrf", parameters={}
2024-10-27 22:53:28,766 DEBUG [http-nio-63040-exec-9][LogFormatUtils.java:91] - GET "/content/csrf", parameters={}
2024-10-27 22:53:28,766 DEBUG [http-nio-63040-exec-5][LogFormatUtils.java:91] - Writing [springfox.documentation.spring.web.json.Json@1c99f41c]
2024-10-27 22:53:28,766 DEBUG [http-nio-63040-exec-5][LogFormatUtils.java:91] - Writing [springfox.documentation.spring.web.json.Json@1c99f41c]
2024-10-27 22:53:28,766 DEBUG [http-nio-63040-exec-9][AbstractHandlerMapping.java:415] - Mapped to ResourceHttpRequestHandler ["classpath:/META-INF/resources/", "classpath:/resources/", "classpath:/static/", "classpath:/public/", "/"]
2024-10-27 22:53:28,766 DEBUG [http-nio-63040-exec-9][AbstractHandlerMapping.java:415] - Mapped to ResourceHttpRequestHandler ["classpath:/META-INF/resources/", "classpath:/resources/", "classpath:/static/", "classpath:/public/", "/"]
2024-10-27 22:53:28,766 DEBUG [http-nio-63040-exec-5][FrameworkServlet.java:1131] - Completed 200 OK
2024-10-27 22:53:28,766 DEBUG [http-nio-63040-exec-5][FrameworkServlet.java:1131] - Completed 200 OK
2024-10-27 22:53:28,767 DEBUG [http-nio-63040-exec-9][ResourceHttpRequestHandler.java:487] - Resource not found
2024-10-27 22:53:28,767 DEBUG [http-nio-63040-exec-9][ResourceHttpRequestHandler.java:487] - Resource not found
2024-10-27 22:53:28,767 DEBUG [http-nio-63040-exec-9][FrameworkServlet.java:1131] - Completed 404 NOT_FOUND
2024-10-27 22:53:28,767 DEBUG [http-nio-63040-exec-9][FrameworkServlet.java:1131] - Completed 404 NOT_FOUND
2024-10-27 22:53:28,767 DEBUG [http-nio-63040-exec-9][LogFormatUtils.java:91] - "ERROR" dispatch for GET "/content/error", parameters={}
2024-10-27 22:53:28,767 DEBUG [http-nio-63040-exec-9][LogFormatUtils.java:91] - "ERROR" dispatch for GET "/content/error", parameters={}
2024-10-27 22:53:28,768 DEBUG [http-nio-63040-exec-9][AbstractHandlerMapping.java:415] - Mapped to org.springframework.boot.autoconfigure.web.servlet.error.BasicErrorController#error(HttpServletRequest)
2024-10-27 22:53:28,768 DEBUG [http-nio-63040-exec-9][AbstractHandlerMapping.java:415] - Mapped to org.springframework.boot.autoconfigure.web.servlet.error.BasicErrorController#error(HttpServletRequest)
2024-10-27 22:53:28,768 DEBUG [http-nio-63040-exec-9][AbstractMessageConverterMethodProcessor.java:255] - Using 'application/json', given [*/*] and supported [application/json, application/*+json, application/json, application/*+json]
2024-10-27 22:53:28,768 DEBUG [http-nio-63040-exec-9][AbstractMessageConverterMethodProcessor.java:255] - Using 'application/json', given [*/*] and supported [application/json, application/*+json, application/json, application/*+json]
2024-10-27 22:53:28,768 DEBUG [http-nio-63040-exec-9][LogFormatUtils.java:91] - Writing [{timestamp=Sun Oct 27 22:53:28 CET 2024, status=404, error=Not Found, message=, path=/content/csrf}]
2024-10-27 22:53:28,768 DEBUG [http-nio-63040-exec-9][LogFormatUtils.java:91] - Writing [{timestamp=Sun Oct 27 22:53:28 CET 2024, status=404, error=Not Found, message=, path=/content/csrf}]
2024-10-27 22:53:28,769 DEBUG [http-nio-63040-exec-9][FrameworkServlet.java:1127] - Exiting from "ERROR" dispatch, status 404
2024-10-27 22:53:28,769 DEBUG [http-nio-63040-exec-9][FrameworkServlet.java:1127] - Exiting from "ERROR" dispatch, status 404
2024-10-27 22:54:53,889 DEBUG [SpringContextShutdownHook][AbstractApplicationContext.java:1006] - Closing org.springframework.boot.web.servlet.context.AnnotationConfigServletWebServerApplicationContext@38f116f6, started on Sun Oct 27 22:51:18 CET 2024, parent: org.springframework.context.annotation.AnnotationConfigApplicationContext@478db956
2024-10-27 22:54:53,889 DEBUG [SpringContextShutdownHook][AbstractApplicationContext.java:1006] - Closing org.springframework.boot.web.servlet.context.AnnotationConfigServletWebServerApplicationContext@38f116f6, started on Sun Oct 27 22:51:18 CET 2024, parent: org.springframework.context.annotation.AnnotationConfigApplicationContext@478db956
2024-10-27 22:54:53,890 DEBUG [SpringContextShutdownHook][DefaultLifecycleProcessor.java:369] - Stopping beans in phase 2147483647
2024-10-27 22:54:53,890 DEBUG [SpringContextShutdownHook][DefaultLifecycleProcessor.java:369] - Stopping beans in phase 2147483647
2024-10-27 22:54:53,890 DEBUG [SpringContextShutdownHook][DefaultLifecycleProcessor.java:242] - Bean 'documentationPluginsBootstrapper' completed its stop procedure
2024-10-27 22:54:53,890 DEBUG [SpringContextShutdownHook][DefaultLifecycleProcessor.java:242] - Bean 'documentationPluginsBootstrapper' completed its stop procedure
2024-10-27 22:54:53,891 DEBUG [SpringContextShutdownHook][DefaultLifecycleProcessor.java:242] - Bean 'webServerGracefulShutdown' completed its stop procedure
2024-10-27 22:54:53,891 DEBUG [SpringContextShutdownHook][DefaultLifecycleProcessor.java:242] - Bean 'webServerGracefulShutdown' completed its stop procedure
2024-10-27 22:54:53,891 DEBUG [SpringContextShutdownHook][DefaultLifecycleProcessor.java:369] - Stopping beans in phase 2147483646
2024-10-27 22:54:53,891 DEBUG [SpringContextShutdownHook][DefaultLifecycleProcessor.java:369] - Stopping beans in phase 2147483646
2024-10-27 22:54:54,006 DEBUG [SpringContextShutdownHook][DefaultLifecycleProcessor.java:242] - Bean 'webServerStartStop' completed its stop procedure
2024-10-27 22:54:54,006 DEBUG [SpringContextShutdownHook][DefaultLifecycleProcessor.java:242] - Bean 'webServerStartStop' completed its stop procedure
2024-10-27 22:54:54,006 DEBUG [SpringContextShutdownHook][MBeanExporter.java:452] - Unregistering JMX-exposed beans on shutdown
2024-10-27 22:54:54,006 DEBUG [SpringContextShutdownHook][MBeanExporter.java:452] - Unregistering JMX-exposed beans on shutdown
2024-10-27 22:54:54,007 DEBUG [SpringContextShutdownHook][MBeanRegistrationSupport.java:186] - Unregistering JMX-exposed beans
2024-10-27 22:54:54,007 DEBUG [SpringContextShutdownHook][MBeanRegistrationSupport.java:186] - Unregistering JMX-exposed beans
2024-10-27 22:54:54,007 INFO [SpringContextShutdownHook][ExecutorConfigurationSupport.java:218] - Shutting down ExecutorService 'applicationTaskExecutor'
2024-10-27 22:54:54,007 INFO [SpringContextShutdownHook][ExecutorConfigurationSupport.java:218] - Shutting down ExecutorService 'applicationTaskExecutor'
2024-10-27 22:54:56,033 DEBUG [main][ClasspathLoggingApplicationListener.java:51] - Application started with classpath: [file:/C:/Program%20Files/Java/jdk1.8.0_202/jre/lib/charsets.jar, file:/C:/Program%20Files/Java/jdk1.8.0_202/jre/lib/deploy.jar, file:/C:/Program%20Files/Java/jdk1.8.0_202/jre/lib/ext/access-bridge-64.jar, file:/C:/Program%20Files/Java/jdk1.8.0_202/jre/lib/ext/cldrdata.jar, file:/C:/Program%20Files/Java/jdk1.8.0_202/jre/lib/ext/dnsns.jar, file:/C:/Program%20Files/Java/jdk1.8.0_202/jre/lib/ext/jaccess.jar, file:/C:/Program%20Files/Java/jdk1.8.0_202/jre/lib/ext/jfxrt.jar, file:/C:/Program%20Files/Java/jdk1.8.0_202/jre/lib/ext/localedata.jar, file:/C:/Program%20Files/Java/jdk1.8.0_202/jre/lib/ext/nashorn.jar, file:/C:/Program%20Files/Java/jdk1.8.0_202/jre/lib/ext/sunec.jar, file:/C:/Program%20Files/Java/jdk1.8.0_202/jre/lib/ext/sunjce_provider.jar, file:/C:/Program%20Files/Java/jdk1.8.0_202/jre/lib/ext/sunmscapi.jar, file:/C:/Program%20Files/Java/jdk1.8.0_202/jre/lib/ext/sunpkcs11.jar, file:/C:/Program%20Files/Java/jdk1.8.0_202/jre/lib/ext/zipfs.jar, file:/C:/Program%20Files/Java/jdk1.8.0_202/jre/lib/javaws.jar, file:/C:/Program%20Files/Java/jdk1.8.0_202/jre/lib/jce.jar, file:/C:/Program%20Files/Java/jdk1.8.0_202/jre/lib/jfr.jar, file:/C:/Program%20Files/Java/jdk1.8.0_202/jre/lib/jfxswt.jar, file:/C:/Program%20Files/Java/jdk1.8.0_202/jre/lib/jsse.jar, file:/C:/Program%20Files/Java/jdk1.8.0_202/jre/lib/management-agent.jar, file:/C:/Program%20Files/Java/jdk1.8.0_202/jre/lib/plugin.jar, file:/C:/Program%20Files/Java/jdk1.8.0_202/jre/lib/resources.jar, file:/C:/Program%20Files/Java/jdk1.8.0_202/jre/lib/rt.jar, file:/D:/itcast2023/xc_edu3.1/code_402/xuecheng-plus-project/xuecheng-plus-content/xuecheng-plus-content-api/target/classes/, file:/D:/itcast2023/xc_edu3.1/code_402/xuecheng-plus-project/xuecheng-plus-content/xuecheng-plus-content-model/target/classes/, file:/D:/develop/repository/com/baomidou/mybatis-plus-annotation/3.4.1/mybatis-plus-annotation-3.4.1.jar, file:/D:/develop/repository/com/baomidou/mybatis-plus-core/3.4.1/mybatis-plus-core-3.4.1.jar, file:/D:/develop/repository/com/github/jsqlparser/jsqlparser/3.2/jsqlparser-3.2.jar, file:/D:/develop/repository/org/mybatis/mybatis/3.5.6/mybatis-3.5.6.jar, file:/D:/develop/repository/org/springframework/cloud/spring-cloud-context/2.2.6.RELEASE/spring-cloud-context-2.2.6.RELEASE.jar, file:/D:/develop/repository/org/springframework/security/spring-security-crypto/5.3.6.RELEASE/spring-security-crypto-5.3.6.RELEASE.jar, file:/D:/develop/repository/org/springframework/boot/spring-boot-starter-web/2.3.7.RELEASE/spring-boot-starter-web-2.3.7.RELEASE.jar, file:/D:/develop/repository/org/springframework/boot/spring-boot-starter-json/2.3.7.RELEASE/spring-boot-starter-json-2.3.7.RELEASE.jar, file:/D:/develop/repository/com/fasterxml/jackson/core/jackson-databind/2.11.3/jackson-databind-2.11.3.jar, file:/D:/develop/repository/org/springframework/boot/spring-boot-starter-tomcat/2.3.7.RELEASE/spring-boot-starter-tomcat-2.3.7.RELEASE.jar, file:/D:/develop/repository/org/apache/tomcat/embed/tomcat-embed-core/9.0.41/tomcat-embed-core-9.0.41.jar, file:/D:/develop/repository/org/apache/tomcat/embed/tomcat-embed-websocket/9.0.41/tomcat-embed-websocket-9.0.41.jar, file:/D:/develop/repository/org/springframework/spring-web/5.2.12.RELEASE/spring-web-5.2.12.RELEASE.jar, file:/D:/develop/repository/org/springframework/spring-beans/5.2.12.RELEASE/spring-beans-5.2.12.RELEASE.jar, file:/D:/develop/repository/org/springframework/spring-webmvc/5.2.12.RELEASE/spring-webmvc-5.2.12.RELEASE.jar, file:/D:/develop/repository/org/springframework/spring-aop/5.2.12.RELEASE/spring-aop-5.2.12.RELEASE.jar, file:/D:/develop/repository/org/springframework/spring-context/5.2.12.RELEASE/spring-context-5.2.12.RELEASE.jar, file:/D:/develop/repository/org/springframework/spring-expression/5.2.12.RELEASE/spring-expression-5.2.12.RELEASE.jar, file:/D:/develop/repository/org/springframework/boot/spring-boot-starter/2.3.7.RELEASE/spring-boot-starter-2.3.7.RELEASE.jar, file:/D:/develop/repository/org/springframework/boot/spring-boot/2.3.7.RELEASE/spring-boot-2.3.7.RELEASE.jar, file:/D:/develop/repository/org/springframework/boot/spring-boot-autoconfigure/2.3.7.RELEASE/spring-boot-autoconfigure-2.3.7.RELEASE.jar, file:/D:/develop/repository/jakarta/annotation/jakarta.annotation-api/1.3.5/jakarta.annotation-api-1.3.5.jar, file:/D:/develop/repository/org/springframework/spring-core/5.2.12.RELEASE/spring-core-5.2.12.RELEASE.jar, file:/D:/develop/repository/org/springframework/spring-jcl/5.2.12.RELEASE/spring-jcl-5.2.12.RELEASE.jar, file:/D:/develop/repository/org/yaml/snakeyaml/1.26/snakeyaml-1.26.jar, file:/D:/develop/repository/org/springframework/boot/spring-boot-starter-validation/2.3.7.RELEASE/spring-boot-starter-validation-2.3.7.RELEASE.jar, file:/D:/develop/repository/org/glassfish/jakarta.el/3.0.3/jakarta.el-3.0.3.jar, file:/D:/develop/repository/org/hibernate/validator/hibernate-validator/6.1.6.Final/hibernate-validator-6.1.6.Final.jar, file:/D:/develop/repository/jakarta/validation/jakarta.validation-api/2.0.2/jakarta.validation-api-2.0.2.jar, file:/D:/develop/repository/org/jboss/logging/jboss-logging/3.4.1.Final/jboss-logging-3.4.1.Final.jar, file:/D:/develop/repository/com/fasterxml/classmate/1.5.1/classmate-1.5.1.jar, file:/D:/develop/repository/org/springframework/boot/spring-boot-starter-log4j2/2.3.7.RELEASE/spring-boot-starter-log4j2-2.3.7.RELEASE.jar, file:/D:/develop/repository/org/apache/logging/log4j/log4j-slf4j-impl/2.13.3/log4j-slf4j-impl-2.13.3.jar, file:/D:/develop/repository/org/slf4j/slf4j-api/1.7.30/slf4j-api-1.7.30.jar, file:/D:/develop/repository/org/apache/logging/log4j/log4j-api/2.13.3/log4j-api-2.13.3.jar, file:/D:/develop/repository/org/apache/logging/log4j/log4j-core/2.13.3/log4j-core-2.13.3.jar, file:/D:/develop/repository/org/apache/logging/log4j/log4j-jul/2.13.3/log4j-jul-2.13.3.jar, file:/D:/develop/repository/org/slf4j/jul-to-slf4j/1.7.30/jul-to-slf4j-1.7.30.jar, file:/D:/develop/repository/com/spring4all/swagger-spring-boot-starter/1.9.0.RELEASE/swagger-spring-boot-starter-1.9.0.RELEASE.jar, file:/D:/develop/repository/io/springfox/springfox-swagger-ui/2.9.2/springfox-swagger-ui-2.9.2.jar, file:/D:/develop/repository/io/springfox/springfox-spring-web/2.9.2/springfox-spring-web-2.9.2.jar, file:/D:/develop/repository/io/springfox/springfox-swagger2/2.9.2/springfox-swagger2-2.9.2.jar, file:/D:/develop/repository/io/swagger/swagger-models/1.5.20/swagger-models-1.5.20.jar, file:/D:/develop/repository/io/springfox/springfox-spi/2.9.2/springfox-spi-2.9.2.jar, file:/D:/develop/repository/io/springfox/springfox-core/2.9.2/springfox-core-2.9.2.jar, file:/D:/develop/repository/net/bytebuddy/byte-buddy/1.10.18/byte-buddy-1.10.18.jar, file:/D:/develop/repository/io/springfox/springfox-schema/2.9.2/springfox-schema-2.9.2.jar, file:/D:/develop/repository/io/springfox/springfox-swagger-common/2.9.2/springfox-swagger-common-2.9.2.jar, file:/D:/develop/repository/com/google/guava/guava/25.0-jre/guava-25.0-jre.jar, file:/D:/develop/repository/com/google/code/findbugs/jsr305/1.3.9/jsr305-1.3.9.jar, file:/D:/develop/repository/org/checkerframework/checker-compat-qual/2.0.0/checker-compat-qual-2.0.0.jar, file:/D:/develop/repository/com/google/errorprone/error_prone_annotations/2.1.3/error_prone_annotations-2.1.3.jar, file:/D:/develop/repository/com/google/j2objc/j2objc-annotations/1.1/j2objc-annotations-1.1.jar, file:/D:/develop/repository/org/codehaus/mojo/animal-sniffer-annotations/1.14/animal-sniffer-annotations-1.14.jar, file:/D:/develop/repository/org/springframework/plugin/spring-plugin-core/1.2.0.RELEASE/spring-plugin-core-1.2.0.RELEASE.jar, file:/D:/develop/repository/org/springframework/plugin/spring-plugin-metadata/1.2.0.RELEASE/spring-plugin-metadata-1.2.0.RELEASE.jar, file:/D:/develop/repository/org/mapstruct/mapstruct/1.2.0.Final/mapstruct-1.2.0.Final.jar, file:/D:/develop/repository/io/springfox/springfox-bean-validators/2.9.2/springfox-bean-validators-2.9.2.jar, file:/D:/itcast2023/xc_edu3.1/code_402/xuecheng-plus-project/xuecheng-plus-base/target/classes/, file:/D:/develop/repository/org/projectlombok/lombok/1.18.8/lombok-1.18.8.jar, file:/D:/develop/repository/org/apache/commons/commons-lang3/3.10/commons-lang3-3.10.jar, file:/D:/develop/repository/com/alibaba/fastjson/1.2.83/fastjson-1.2.83.jar, file:/D:/develop/repository/commons-lang/commons-lang/2.6/commons-lang-2.6.jar, file:/D:/develop/repository/commons-codec/commons-codec/1.14/commons-codec-1.14.jar, file:/D:/develop/repository/io/swagger/swagger-annotations/1.5.20/swagger-annotations-1.5.20.jar, file:/D:/develop/repository/com/j256/simplemagic/simplemagic/1.17/simplemagic-1.17.jar, file:/D:/develop/repository/com/google/zxing/core/3.3.3/core-3.3.3.jar, file:/D:/develop/repository/com/google/zxing/javase/3.3.3/javase-3.3.3.jar, file:/D:/develop/repository/com/beust/jcommander/1.72/jcommander-1.72.jar, file:/D:/develop/repository/com/github/jai-imageio/jai-imageio-core/1.4.0/jai-imageio-core-1.4.0.jar, file:/D:/develop/repository/com/fasterxml/jackson/module/jackson-module-parameter-names/2.11.3/jackson-module-parameter-names-2.11.3.jar, file:/D:/develop/repository/com/fasterxml/jackson/core/jackson-core/2.11.3/jackson-core-2.11.3.jar, file:/D:/develop/repository/com/fasterxml/jackson/datatype/jackson-datatype-jdk8/2.11.3/jackson-datatype-jdk8-2.11.3.jar, file:/D:/develop/repository/com/fasterxml/jackson/datatype/jackson-datatype-jsr310/2.11.3/jackson-datatype-jsr310-2.11.3.jar, file:/D:/develop/repository/com/fasterxml/jackson/core/jackson-annotations/2.11.3/jackson-annotations-2.11.3.jar, file:/D:/IntelliJ%20IDEA%202022.2.3/lib/idea_rt.jar]
2024-10-27 22:54:56,033 DEBUG [main][ClasspathLoggingApplicationListener.java:51] - Application started with classpath: [file:/C:/Program%20Files/Java/jdk1.8.0_202/jre/lib/charsets.jar, file:/C:/Program%20Files/Java/jdk1.8.0_202/jre/lib/deploy.jar, file:/C:/Program%20Files/Java/jdk1.8.0_202/jre/lib/ext/access-bridge-64.jar, file:/C:/Program%20Files/Java/jdk1.8.0_202/jre/lib/ext/cldrdata.jar, file:/C:/Program%20Files/Java/jdk1.8.0_202/jre/lib/ext/dnsns.jar, file:/C:/Program%20Files/Java/jdk1.8.0_202/jre/lib/ext/jaccess.jar, file:/C:/Program%20Files/Java/jdk1.8.0_202/jre/lib/ext/jfxrt.jar, file:/C:/Program%20Files/Java/jdk1.8.0_202/jre/lib/ext/localedata.jar, file:/C:/Program%20Files/Java/jdk1.8.0_202/jre/lib/ext/nashorn.jar, file:/C:/Program%20Files/Java/jdk1.8.0_202/jre/lib/ext/sunec.jar, file:/C:/Program%20Files/Java/jdk1.8.0_202/jre/lib/ext/sunjce_provider.jar, file:/C:/Program%20Files/Java/jdk1.8.0_202/jre/lib/ext/sunmscapi.jar, file:/C:/Program%20Files/Java/jdk1.8.0_202/jre/lib/ext/sunpkcs11.jar, file:/C:/Program%20Files/Java/jdk1.8.0_202/jre/lib/ext/zipfs.jar, file:/C:/Program%20Files/Java/jdk1.8.0_202/jre/lib/javaws.jar, file:/C:/Program%20Files/Java/jdk1.8.0_202/jre/lib/jce.jar, file:/C:/Program%20Files/Java/jdk1.8.0_202/jre/lib/jfr.jar, file:/C:/Program%20Files/Java/jdk1.8.0_202/jre/lib/jfxswt.jar, file:/C:/Program%20Files/Java/jdk1.8.0_202/jre/lib/jsse.jar, file:/C:/Program%20Files/Java/jdk1.8.0_202/jre/lib/management-agent.jar, file:/C:/Program%20Files/Java/jdk1.8.0_202/jre/lib/plugin.jar, file:/C:/Program%20Files/Java/jdk1.8.0_202/jre/lib/resources.jar, file:/C:/Program%20Files/Java/jdk1.8.0_202/jre/lib/rt.jar, file:/D:/itcast2023/xc_edu3.1/code_402/xuecheng-plus-project/xuecheng-plus-content/xuecheng-plus-content-api/target/classes/, file:/D:/itcast2023/xc_edu3.1/code_402/xuecheng-plus-project/xuecheng-plus-content/xuecheng-plus-content-model/target/classes/, file:/D:/develop/repository/com/baomidou/mybatis-plus-annotation/3.4.1/mybatis-plus-annotation-3.4.1.jar, file:/D:/develop/repository/com/baomidou/mybatis-plus-core/3.4.1/mybatis-plus-core-3.4.1.jar, file:/D:/develop/repository/com/github/jsqlparser/jsqlparser/3.2/jsqlparser-3.2.jar, file:/D:/develop/repository/org/mybatis/mybatis/3.5.6/mybatis-3.5.6.jar, file:/D:/develop/repository/org/springframework/cloud/spring-cloud-context/2.2.6.RELEASE/spring-cloud-context-2.2.6.RELEASE.jar, file:/D:/develop/repository/org/springframework/security/spring-security-crypto/5.3.6.RELEASE/spring-security-crypto-5.3.6.RELEASE.jar, file:/D:/develop/repository/org/springframework/boot/spring-boot-starter-web/2.3.7.RELEASE/spring-boot-starter-web-2.3.7.RELEASE.jar, file:/D:/develop/repository/org/springframework/boot/spring-boot-starter-json/2.3.7.RELEASE/spring-boot-starter-json-2.3.7.RELEASE.jar, file:/D:/develop/repository/com/fasterxml/jackson/core/jackson-databind/2.11.3/jackson-databind-2.11.3.jar, file:/D:/develop/repository/org/springframework/boot/spring-boot-starter-tomcat/2.3.7.RELEASE/spring-boot-starter-tomcat-2.3.7.RELEASE.jar, file:/D:/develop/repository/org/apache/tomcat/embed/tomcat-embed-core/9.0.41/tomcat-embed-core-9.0.41.jar, file:/D:/develop/repository/org/apache/tomcat/embed/tomcat-embed-websocket/9.0.41/tomcat-embed-websocket-9.0.41.jar, file:/D:/develop/repository/org/springframework/spring-web/5.2.12.RELEASE/spring-web-5.2.12.RELEASE.jar, file:/D:/develop/repository/org/springframework/spring-beans/5.2.12.RELEASE/spring-beans-5.2.12.RELEASE.jar, file:/D:/develop/repository/org/springframework/spring-webmvc/5.2.12.RELEASE/spring-webmvc-5.2.12.RELEASE.jar, file:/D:/develop/repository/org/springframework/spring-aop/5.2.12.RELEASE/spring-aop-5.2.12.RELEASE.jar, file:/D:/develop/repository/org/springframework/spring-context/5.2.12.RELEASE/spring-context-5.2.12.RELEASE.jar, file:/D:/develop/repository/org/springframework/spring-expression/5.2.12.RELEASE/spring-expression-5.2.12.RELEASE.jar, file:/D:/develop/repository/org/springframework/boot/spring-boot-starter/2.3.7.RELEASE/spring-boot-starter-2.3.7.RELEASE.jar, file:/D:/develop/repository/org/springframework/boot/spring-boot/2.3.7.RELEASE/spring-boot-2.3.7.RELEASE.jar, file:/D:/develop/repository/org/springframework/boot/spring-boot-autoconfigure/2.3.7.RELEASE/spring-boot-autoconfigure-2.3.7.RELEASE.jar, file:/D:/develop/repository/jakarta/annotation/jakarta.annotation-api/1.3.5/jakarta.annotation-api-1.3.5.jar, file:/D:/develop/repository/org/springframework/spring-core/5.2.12.RELEASE/spring-core-5.2.12.RELEASE.jar, file:/D:/develop/repository/org/springframework/spring-jcl/5.2.12.RELEASE/spring-jcl-5.2.12.RELEASE.jar, file:/D:/develop/repository/org/yaml/snakeyaml/1.26/snakeyaml-1.26.jar, file:/D:/develop/repository/org/springframework/boot/spring-boot-starter-validation/2.3.7.RELEASE/spring-boot-starter-validation-2.3.7.RELEASE.jar, file:/D:/develop/repository/org/glassfish/jakarta.el/3.0.3/jakarta.el-3.0.3.jar, file:/D:/develop/repository/org/hibernate/validator/hibernate-validator/6.1.6.Final/hibernate-validator-6.1.6.Final.jar, file:/D:/develop/repository/jakarta/validation/jakarta.validation-api/2.0.2/jakarta.validation-api-2.0.2.jar, file:/D:/develop/repository/org/jboss/logging/jboss-logging/3.4.1.Final/jboss-logging-3.4.1.Final.jar, file:/D:/develop/repository/com/fasterxml/classmate/1.5.1/classmate-1.5.1.jar, file:/D:/develop/repository/org/springframework/boot/spring-boot-starter-log4j2/2.3.7.RELEASE/spring-boot-starter-log4j2-2.3.7.RELEASE.jar, file:/D:/develop/repository/org/apache/logging/log4j/log4j-slf4j-impl/2.13.3/log4j-slf4j-impl-2.13.3.jar, file:/D:/develop/repository/org/slf4j/slf4j-api/1.7.30/slf4j-api-1.7.30.jar, file:/D:/develop/repository/org/apache/logging/log4j/log4j-api/2.13.3/log4j-api-2.13.3.jar, file:/D:/develop/repository/org/apache/logging/log4j/log4j-core/2.13.3/log4j-core-2.13.3.jar, file:/D:/develop/repository/org/apache/logging/log4j/log4j-jul/2.13.3/log4j-jul-2.13.3.jar, file:/D:/develop/repository/org/slf4j/jul-to-slf4j/1.7.30/jul-to-slf4j-1.7.30.jar, file:/D:/develop/repository/com/spring4all/swagger-spring-boot-starter/1.9.0.RELEASE/swagger-spring-boot-starter-1.9.0.RELEASE.jar, file:/D:/develop/repository/io/springfox/springfox-swagger-ui/2.9.2/springfox-swagger-ui-2.9.2.jar, file:/D:/develop/repository/io/springfox/springfox-spring-web/2.9.2/springfox-spring-web-2.9.2.jar, file:/D:/develop/repository/io/springfox/springfox-swagger2/2.9.2/springfox-swagger2-2.9.2.jar, file:/D:/develop/repository/io/swagger/swagger-models/1.5.20/swagger-models-1.5.20.jar, file:/D:/develop/repository/io/springfox/springfox-spi/2.9.2/springfox-spi-2.9.2.jar, file:/D:/develop/repository/io/springfox/springfox-core/2.9.2/springfox-core-2.9.2.jar, file:/D:/develop/repository/net/bytebuddy/byte-buddy/1.10.18/byte-buddy-1.10.18.jar, file:/D:/develop/repository/io/springfox/springfox-schema/2.9.2/springfox-schema-2.9.2.jar, file:/D:/develop/repository/io/springfox/springfox-swagger-common/2.9.2/springfox-swagger-common-2.9.2.jar, file:/D:/develop/repository/com/google/guava/guava/25.0-jre/guava-25.0-jre.jar, file:/D:/develop/repository/com/google/code/findbugs/jsr305/1.3.9/jsr305-1.3.9.jar, file:/D:/develop/repository/org/checkerframework/checker-compat-qual/2.0.0/checker-compat-qual-2.0.0.jar, file:/D:/develop/repository/com/google/errorprone/error_prone_annotations/2.1.3/error_prone_annotations-2.1.3.jar, file:/D:/develop/repository/com/google/j2objc/j2objc-annotations/1.1/j2objc-annotations-1.1.jar, file:/D:/develop/repository/org/codehaus/mojo/animal-sniffer-annotations/1.14/animal-sniffer-annotations-1.14.jar, file:/D:/develop/repository/org/springframework/plugin/spring-plugin-core/1.2.0.RELEASE/spring-plugin-core-1.2.0.RELEASE.jar, file:/D:/develop/repository/org/springframework/plugin/spring-plugin-metadata/1.2.0.RELEASE/spring-plugin-metadata-1.2.0.RELEASE.jar, file:/D:/develop/repository/org/mapstruct/mapstruct/1.2.0.Final/mapstruct-1.2.0.Final.jar, file:/D:/develop/repository/io/springfox/springfox-bean-validators/2.9.2/springfox-bean-validators-2.9.2.jar, file:/D:/itcast2023/xc_edu3.1/code_402/xuecheng-plus-project/xuecheng-plus-base/target/classes/, file:/D:/develop/repository/org/projectlombok/lombok/1.18.8/lombok-1.18.8.jar, file:/D:/develop/repository/org/apache/commons/commons-lang3/3.10/commons-lang3-3.10.jar, file:/D:/develop/repository/com/alibaba/fastjson/1.2.83/fastjson-1.2.83.jar, file:/D:/develop/repository/commons-lang/commons-lang/2.6/commons-lang-2.6.jar, file:/D:/develop/repository/commons-codec/commons-codec/1.14/commons-codec-1.14.jar, file:/D:/develop/repository/io/swagger/swagger-annotations/1.5.20/swagger-annotations-1.5.20.jar, file:/D:/develop/repository/com/j256/simplemagic/simplemagic/1.17/simplemagic-1.17.jar, file:/D:/develop/repository/com/google/zxing/core/3.3.3/core-3.3.3.jar, file:/D:/develop/repository/com/google/zxing/javase/3.3.3/javase-3.3.3.jar, file:/D:/develop/repository/com/beust/jcommander/1.72/jcommander-1.72.jar, file:/D:/develop/repository/com/github/jai-imageio/jai-imageio-core/1.4.0/jai-imageio-core-1.4.0.jar, file:/D:/develop/repository/com/fasterxml/jackson/module/jackson-module-parameter-names/2.11.3/jackson-module-parameter-names-2.11.3.jar, file:/D:/develop/repository/com/fasterxml/jackson/core/jackson-core/2.11.3/jackson-core-2.11.3.jar, file:/D:/develop/repository/com/fasterxml/jackson/datatype/jackson-datatype-jdk8/2.11.3/jackson-datatype-jdk8-2.11.3.jar, file:/D:/develop/repository/com/fasterxml/jackson/datatype/jackson-datatype-jsr310/2.11.3/jackson-datatype-jsr310-2.11.3.jar, file:/D:/develop/repository/com/fasterxml/jackson/core/jackson-annotations/2.11.3/jackson-annotations-2.11.3.jar, file:/D:/IntelliJ%20IDEA%202022.2.3/lib/idea_rt.jar]
2024-10-27 22:54:56,051 DEBUG [background-preinit][LoggerProviders.java:152] - Logging Provider: org.jboss.logging.Log4j2LoggerProvider
2024-10-27 22:54:56,051 DEBUG [background-preinit][LoggerProviders.java:152] - Logging Provider: org.jboss.logging.Log4j2LoggerProvider
2024-10-27 22:54:56,051 INFO [background-preinit][Version.java:21] - HV000001: Hibernate Validator 6.1.6.Final
2024-10-27 22:54:56,051 INFO [background-preinit][Version.java:21] - HV000001: Hibernate Validator 6.1.6.Final
2024-10-27 22:54:56,055 DEBUG [background-preinit][ValidationXmlParser.java:120] - Trying to load META-INF/validation.xml for XML based Validator configuration.
2024-10-27 22:54:56,055 DEBUG [background-preinit][ValidationXmlParser.java:120] - Trying to load META-INF/validation.xml for XML based Validator configuration.
2024-10-27 22:54:56,055 DEBUG [background-preinit][ResourceLoaderHelper.java:60] - Trying to load META-INF/validation.xml via TCCL
2024-10-27 22:54:56,055 DEBUG [background-preinit][ResourceLoaderHelper.java:60] - Trying to load META-INF/validation.xml via TCCL
2024-10-27 22:54:56,055 DEBUG [background-preinit][ResourceLoaderHelper.java:66] - Trying to load META-INF/validation.xml via Hibernate Validator's class loader
2024-10-27 22:54:56,055 DEBUG [background-preinit][ResourceLoaderHelper.java:66] - Trying to load META-INF/validation.xml via Hibernate Validator's class loader
2024-10-27 22:54:56,056 DEBUG [background-preinit][ValidationXmlParser.java:127] - No META-INF/validation.xml found. Using annotation based configuration only.
2024-10-27 22:54:56,056 DEBUG [background-preinit][ValidationXmlParser.java:127] - No META-INF/validation.xml found. Using annotation based configuration only.
2024-10-27 22:54:56,058 DEBUG [background-preinit][TraversableResolvers.java:60] - Cannot find javax.persistence.Persistence on classpath. Assuming non JPA 2 environment. All properties will per default be traversable.
2024-10-27 22:54:56,058 DEBUG [background-preinit][TraversableResolvers.java:60] - Cannot find javax.persistence.Persistence on classpath. Assuming non JPA 2 environment. All properties will per default be traversable.
2024-10-27 22:54:56,077 DEBUG [background-preinit][ResourceBundleMessageInterpolator.java:172] - Loaded expression factory via original TCCL
2024-10-27 22:54:56,077 DEBUG [background-preinit][ResourceBundleMessageInterpolator.java:172] - Loaded expression factory via original TCCL
2024-10-27 22:54:56,094 DEBUG [main][PropertySourcesPropertyResolver.java:115] - Found key 'spring.application.name' in PropertySource 'configurationProperties' with value of type String
2024-10-27 22:54:56,094 DEBUG [main][PropertySourcesPropertyResolver.java:115] - Found key 'spring.application.name' in PropertySource 'configurationProperties' with value of type String
2024-10-27 22:54:56,096 DEBUG [main][SpringApplication.java:679] - Loading source class org.springframework.cloud.bootstrap.BootstrapImportSelectorConfiguration
2024-10-27 22:54:56,096 DEBUG [main][SpringApplication.java:679] - Loading source class org.springframework.cloud.bootstrap.BootstrapImportSelectorConfiguration
2024-10-27 22:54:56,113 DEBUG [main][DeferredLog.java:222] - Loaded config file 'file:/D:/itcast2023/xc_edu3.1/code_402/xuecheng-plus-project/xuecheng-plus-content/xuecheng-plus-content-api/target/classes/bootstrap.yml' (classpath:/bootstrap.yml)
2024-10-27 22:54:56,113 DEBUG [main][DeferredLog.java:222] - Loaded config file 'file:/D:/itcast2023/xc_edu3.1/code_402/xuecheng-plus-project/xuecheng-plus-content/xuecheng-plus-content-api/target/classes/bootstrap.yml' (classpath:/bootstrap.yml)
2024-10-27 22:54:56,114 DEBUG [main][AbstractApplicationContext.java:596] - Refreshing org.springframework.context.annotation.AnnotationConfigApplicationContext@13d9cbf5
2024-10-27 22:54:56,114 DEBUG [main][AbstractApplicationContext.java:596] - Refreshing org.springframework.context.annotation.AnnotationConfigApplicationContext@13d9cbf5
2024-10-27 22:54:56,120 DEBUG [main][DefaultSingletonBeanRegistry.java:225] - Creating shared instance of singleton bean 'org.springframework.context.annotation.internalConfigurationAnnotationProcessor'
2024-10-27 22:54:56,120 DEBUG [main][DefaultSingletonBeanRegistry.java:225] - Creating shared instance of singleton bean 'org.springframework.context.annotation.internalConfigurationAnnotationProcessor'
2024-10-27 22:54:56,127 DEBUG [main][DefaultSingletonBeanRegistry.java:225] - Creating shared instance of singleton bean 'org.springframework.boot.autoconfigure.internalCachingMetadataReaderFactory'
2024-10-27 22:54:56,127 DEBUG [main][DefaultSingletonBeanRegistry.java:225] - Creating shared instance of singleton bean 'org.springframework.boot.autoconfigure.internalCachingMetadataReaderFactory'
2024-10-27 22:54:56,176 DEBUG [background-preinit][ValidatorFactoryConfigurationHelper.java:300] - HV000252: Using org.hibernate.validator.internal.engine.DefaultPropertyNodeNameProvider as property node name provider.
2024-10-27 22:54:56,176 DEBUG [background-preinit][ValidatorFactoryConfigurationHelper.java:300] - HV000252: Using org.hibernate.validator.internal.engine.DefaultPropertyNodeNameProvider as property node name provider.
2024-10-27 22:54:56,179 DEBUG [background-preinit][ValidatorFactoryConfigurationHelper.java:375] - HV000234: Using org.hibernate.validator.messageinterpolation.ResourceBundleMessageInterpolator as ValidatorFactory-scoped message interpolator.
2024-10-27 22:54:56,179 DEBUG [background-preinit][ValidatorFactoryConfigurationHelper.java:375] - HV000234: Using org.hibernate.validator.messageinterpolation.ResourceBundleMessageInterpolator as ValidatorFactory-scoped message interpolator.
2024-10-27 22:54:56,179 DEBUG [background-preinit][ValidatorFactoryConfigurationHelper.java:376] - HV000234: Using org.hibernate.validator.internal.engine.resolver.TraverseAllTraversableResolver as ValidatorFactory-scoped traversable resolver.
2024-10-27 22:54:56,179 DEBUG [background-preinit][ValidatorFactoryConfigurationHelper.java:376] - HV000234: Using org.hibernate.validator.internal.engine.resolver.TraverseAllTraversableResolver as ValidatorFactory-scoped traversable resolver.
2024-10-27 22:54:56,179 DEBUG [background-preinit][ValidatorFactoryConfigurationHelper.java:377] - HV000234: Using org.hibernate.validator.internal.util.ExecutableParameterNameProvider as ValidatorFactory-scoped parameter name provider.
2024-10-27 22:54:56,179 DEBUG [background-preinit][ValidatorFactoryConfigurationHelper.java:377] - HV000234: Using org.hibernate.validator.internal.util.ExecutableParameterNameProvider as ValidatorFactory-scoped parameter name provider.
2024-10-27 22:54:56,179 DEBUG [background-preinit][ValidatorFactoryConfigurationHelper.java:378] - HV000234: Using org.hibernate.validator.internal.engine.DefaultClockProvider as ValidatorFactory-scoped clock provider.
2024-10-27 22:54:56,179 DEBUG [background-preinit][ValidatorFactoryConfigurationHelper.java:378] - HV000234: Using org.hibernate.validator.internal.engine.DefaultClockProvider as ValidatorFactory-scoped clock provider.
2024-10-27 22:54:56,179 DEBUG [background-preinit][ValidatorFactoryConfigurationHelper.java:379] - HV000234: Using org.hibernate.validator.internal.engine.scripting.DefaultScriptEvaluatorFactory as ValidatorFactory-scoped script evaluator factory.
2024-10-27 22:54:56,179 DEBUG [background-preinit][ValidatorFactoryConfigurationHelper.java:379] - HV000234: Using org.hibernate.validator.internal.engine.scripting.DefaultScriptEvaluatorFactory as ValidatorFactory-scoped script evaluator factory.
2024-10-27 22:54:56,202 DEBUG [main][DefaultSingletonBeanRegistry.java:225] - Creating shared instance of singleton bean 'propertySourcesPlaceholderConfigurer'
2024-10-27 22:54:56,202 DEBUG [main][DefaultSingletonBeanRegistry.java:225] - Creating shared instance of singleton bean 'propertySourcesPlaceholderConfigurer'
2024-10-27 22:54:56,205 DEBUG [main][DefaultSingletonBeanRegistry.java:225] - Creating shared instance of singleton bean 'org.springframework.context.event.internalEventListenerProcessor'
2024-10-27 22:54:56,205 DEBUG [main][DefaultSingletonBeanRegistry.java:225] - Creating shared instance of singleton bean 'org.springframework.context.event.internalEventListenerProcessor'
2024-10-27 22:54:56,205 DEBUG [main][DefaultSingletonBeanRegistry.java:225] - Creating shared instance of singleton bean 'org.springframework.context.event.internalEventListenerFactory'
2024-10-27 22:54:56,205 DEBUG [main][DefaultSingletonBeanRegistry.java:225] - Creating shared instance of singleton bean 'org.springframework.context.event.internalEventListenerFactory'
2024-10-27 22:54:56,206 DEBUG [main][DefaultSingletonBeanRegistry.java:225] - Creating shared instance of singleton bean 'org.springframework.context.annotation.internalAutowiredAnnotationProcessor'
2024-10-27 22:54:56,206 DEBUG [main][DefaultSingletonBeanRegistry.java:225] - Creating shared instance of singleton bean 'org.springframework.context.annotation.internalAutowiredAnnotationProcessor'
2024-10-27 22:54:56,206 DEBUG [main][DefaultSingletonBeanRegistry.java:225] - Creating shared instance of singleton bean 'org.springframework.context.annotation.internalCommonAnnotationProcessor'
2024-10-27 22:54:56,206 DEBUG [main][DefaultSingletonBeanRegistry.java:225] - Creating shared instance of singleton bean 'org.springframework.context.annotation.internalCommonAnnotationProcessor'
2024-10-27 22:54:56,208 DEBUG [main][DefaultSingletonBeanRegistry.java:225] - Creating shared instance of singleton bean 'org.springframework.boot.context.properties.ConfigurationPropertiesBindingPostProcessor'
2024-10-27 22:54:56,208 DEBUG [main][DefaultSingletonBeanRegistry.java:225] - Creating shared instance of singleton bean 'org.springframework.boot.context.properties.ConfigurationPropertiesBindingPostProcessor'
2024-10-27 22:54:56,208 DEBUG [main][DefaultSingletonBeanRegistry.java:225] - Creating shared instance of singleton bean 'org.springframework.boot.context.internalConfigurationPropertiesBinder'
2024-10-27 22:54:56,208 DEBUG [main][DefaultSingletonBeanRegistry.java:225] - Creating shared instance of singleton bean 'org.springframework.boot.context.internalConfigurationPropertiesBinder'
2024-10-27 22:54:56,208 DEBUG [main][DefaultSingletonBeanRegistry.java:225] - Creating shared instance of singleton bean 'org.springframework.boot.context.internalConfigurationPropertiesBinderFactory'
2024-10-27 22:54:56,208 DEBUG [main][DefaultSingletonBeanRegistry.java:225] - Creating shared instance of singleton bean 'org.springframework.boot.context.internalConfigurationPropertiesBinderFactory'
2024-10-27 22:54:56,209 DEBUG [main][DefaultSingletonBeanRegistry.java:225] - Creating shared instance of singleton bean 'configurationPropertiesBeans'
2024-10-27 22:54:56,209 DEBUG [main][DefaultSingletonBeanRegistry.java:225] - Creating shared instance of singleton bean 'configurationPropertiesBeans'
2024-10-27 22:54:56,212 DEBUG [main][DefaultSingletonBeanRegistry.java:225] - Creating shared instance of singleton bean 'bootstrapImportSelectorConfiguration'
2024-10-27 22:54:56,212 DEBUG [main][DefaultSingletonBeanRegistry.java:225] - Creating shared instance of singleton bean 'bootstrapImportSelectorConfiguration'
2024-10-27 22:54:56,213 DEBUG [main][DefaultSingletonBeanRegistry.java:225] - Creating shared instance of singleton bean 'org.springframework.cloud.bootstrap.config.PropertySourceBootstrapConfiguration'
2024-10-27 22:54:56,213 DEBUG [main][DefaultSingletonBeanRegistry.java:225] - Creating shared instance of singleton bean 'org.springframework.cloud.bootstrap.config.PropertySourceBootstrapConfiguration'
2024-10-27 22:54:56,216 DEBUG [main][DefaultSingletonBeanRegistry.java:225] - Creating shared instance of singleton bean 'org.springframework.boot.context.properties.BoundConfigurationProperties'
2024-10-27 22:54:56,216 DEBUG [main][DefaultSingletonBeanRegistry.java:225] - Creating shared instance of singleton bean 'org.springframework.boot.context.properties.BoundConfigurationProperties'
2024-10-27 22:54:56,216 DEBUG [main][DefaultSingletonBeanRegistry.java:225] - Creating shared instance of singleton bean 'org.springframework.boot.context.properties.ConfigurationBeanFactoryMetadata'
2024-10-27 22:54:56,216 DEBUG [main][DefaultSingletonBeanRegistry.java:225] - Creating shared instance of singleton bean 'org.springframework.boot.context.properties.ConfigurationBeanFactoryMetadata'
2024-10-27 22:54:56,217 DEBUG [main][DefaultSingletonBeanRegistry.java:225] - Creating shared instance of singleton bean 'spring.cloud.config-org.springframework.cloud.bootstrap.config.PropertySourceBootstrapProperties'
2024-10-27 22:54:56,217 DEBUG [main][DefaultSingletonBeanRegistry.java:225] - Creating shared instance of singleton bean 'spring.cloud.config-org.springframework.cloud.bootstrap.config.PropertySourceBootstrapProperties'
2024-10-27 22:54:56,221 DEBUG [main][DefaultSingletonBeanRegistry.java:225] - Creating shared instance of singleton bean 'org.springframework.cloud.bootstrap.encrypt.EncryptionBootstrapConfiguration'
2024-10-27 22:54:56,221 DEBUG [main][DefaultSingletonBeanRegistry.java:225] - Creating shared instance of singleton bean 'org.springframework.cloud.bootstrap.encrypt.EncryptionBootstrapConfiguration'
2024-10-27 22:54:56,222 DEBUG [main][DefaultSingletonBeanRegistry.java:225] - Creating shared instance of singleton bean 'encrypt-org.springframework.cloud.bootstrap.encrypt.KeyProperties'
2024-10-27 22:54:56,222 DEBUG [main][DefaultSingletonBeanRegistry.java:225] - Creating shared instance of singleton bean 'encrypt-org.springframework.cloud.bootstrap.encrypt.KeyProperties'
2024-10-27 22:54:56,224 DEBUG [main][DefaultSingletonBeanRegistry.java:225] - Creating shared instance of singleton bean 'environmentDecryptApplicationListener'
2024-10-27 22:54:56,224 DEBUG [main][DefaultSingletonBeanRegistry.java:225] - Creating shared instance of singleton bean 'environmentDecryptApplicationListener'
2024-10-27 22:54:56,225 DEBUG [main][DefaultSingletonBeanRegistry.java:225] - Creating shared instance of singleton bean 'org.springframework.cloud.autoconfigure.ConfigurationPropertiesRebinderAutoConfiguration'
2024-10-27 22:54:56,225 DEBUG [main][DefaultSingletonBeanRegistry.java:225] - Creating shared instance of singleton bean 'org.springframework.cloud.autoconfigure.ConfigurationPropertiesRebinderAutoConfiguration'
2024-10-27 22:54:56,225 DEBUG [main][DefaultSingletonBeanRegistry.java:225] - Creating shared instance of singleton bean 'configurationPropertiesRebinder'
2024-10-27 22:54:56,225 DEBUG [main][DefaultSingletonBeanRegistry.java:225] - Creating shared instance of singleton bean 'configurationPropertiesRebinder'
2024-10-27 22:54:56,226 DEBUG [main][ConstructorResolver.java:807] - Autowiring by type from bean name 'configurationPropertiesRebinder' via factory method to bean named 'configurationPropertiesBeans'
2024-10-27 22:54:56,226 DEBUG [main][ConstructorResolver.java:807] - Autowiring by type from bean name 'configurationPropertiesRebinder' via factory method to bean named 'configurationPropertiesBeans'
2024-10-27 22:54:56,228 DEBUG [main][DefaultSingletonBeanRegistry.java:225] - Creating shared instance of singleton bean 'org.springframework.boot.autoconfigure.context.PropertyPlaceholderAutoConfiguration'
2024-10-27 22:54:56,228 DEBUG [main][DefaultSingletonBeanRegistry.java:225] - Creating shared instance of singleton bean 'org.springframework.boot.autoconfigure.context.PropertyPlaceholderAutoConfiguration'
2024-10-27 22:54:56,229 DEBUG [main][DefaultSingletonBeanRegistry.java:225] - Creating shared instance of singleton bean 'org.springframework.cloud.util.random.CachedRandomPropertySourceAutoConfiguration'
2024-10-27 22:54:56,229 DEBUG [main][DefaultSingletonBeanRegistry.java:225] - Creating shared instance of singleton bean 'org.springframework.cloud.util.random.CachedRandomPropertySourceAutoConfiguration'
2024-10-27 22:54:56,237 DEBUG [main][ConditionEvaluationReportLoggingListener.java:126] - 


============================
CONDITIONS EVALUATION REPORT
============================


Positive matches:
-----------------

   ConfigurationPropertiesRebinderAutoConfiguration matched:
      - @ConditionalOnBean (types: org.springframework.boot.context.properties.ConfigurationPropertiesBindingPostProcessor; SearchStrategy: all) found bean 'org.springframework.boot.context.properties.ConfigurationPropertiesBindingPostProcessor' (OnBeanCondition)

   ConfigurationPropertiesRebinderAutoConfiguration#configurationPropertiesBeans matched:
      - @ConditionalOnMissingBean (types: org.springframework.cloud.context.properties.ConfigurationPropertiesBeans; SearchStrategy: current) did not find any beans (OnBeanCondition)

   ConfigurationPropertiesRebinderAutoConfiguration#configurationPropertiesRebinder matched:
      - @ConditionalOnMissingBean (types: org.springframework.cloud.context.properties.ConfigurationPropertiesRebinder; SearchStrategy: current) did not find any beans (OnBeanCondition)

   EncryptionBootstrapConfiguration matched:
      - @ConditionalOnClass found required class 'org.springframework.security.crypto.encrypt.TextEncryptor' (OnClassCondition)

   PropertyPlaceholderAutoConfiguration#propertySourcesPlaceholderConfigurer matched:
      - @ConditionalOnMissingBean (types: org.springframework.context.support.PropertySourcesPlaceholderConfigurer; SearchStrategy: current) did not find any beans (OnBeanCondition)


Negative matches:
-----------------

   EncryptionBootstrapConfiguration.RsaEncryptionConfiguration:
      Did not match:
         - @ConditionalOnClass did not find required class 'org.springframework.security.rsa.crypto.RsaSecretEncryptor' (OnClassCondition)

   EncryptionBootstrapConfiguration.VanillaEncryptionConfiguration:
      Did not match:
         - Keystore nor key found in Environment (EncryptionBootstrapConfiguration.KeyCondition)
      Matched:
         - @ConditionalOnMissingClass did not find unwanted class 'org.springframework.security.rsa.crypto.RsaSecretEncryptor' (OnClassCondition)


Exclusions:
-----------

    None


Unconditional classes:
----------------------

    None



2024-10-27 22:54:56,237 DEBUG [main][ConditionEvaluationReportLoggingListener.java:126] - 


============================
CONDITIONS EVALUATION REPORT
============================


Positive matches:
-----------------

   ConfigurationPropertiesRebinderAutoConfiguration matched:
      - @ConditionalOnBean (types: org.springframework.boot.context.properties.ConfigurationPropertiesBindingPostProcessor; SearchStrategy: all) found bean 'org.springframework.boot.context.properties.ConfigurationPropertiesBindingPostProcessor' (OnBeanCondition)

   ConfigurationPropertiesRebinderAutoConfiguration#configurationPropertiesBeans matched:
      - @ConditionalOnMissingBean (types: org.springframework.cloud.context.properties.ConfigurationPropertiesBeans; SearchStrategy: current) did not find any beans (OnBeanCondition)

   ConfigurationPropertiesRebinderAutoConfiguration#configurationPropertiesRebinder matched:
      - @ConditionalOnMissingBean (types: org.springframework.cloud.context.properties.ConfigurationPropertiesRebinder; SearchStrategy: current) did not find any beans (OnBeanCondition)

   EncryptionBootstrapConfiguration matched:
      - @ConditionalOnClass found required class 'org.springframework.security.crypto.encrypt.TextEncryptor' (OnClassCondition)

   PropertyPlaceholderAutoConfiguration#propertySourcesPlaceholderConfigurer matched:
      - @ConditionalOnMissingBean (types: org.springframework.context.support.PropertySourcesPlaceholderConfigurer; SearchStrategy: current) did not find any beans (OnBeanCondition)


Negative matches:
-----------------

   EncryptionBootstrapConfiguration.RsaEncryptionConfiguration:
      Did not match:
         - @ConditionalOnClass did not find required class 'org.springframework.security.rsa.crypto.RsaSecretEncryptor' (OnClassCondition)

   EncryptionBootstrapConfiguration.VanillaEncryptionConfiguration:
      Did not match:
         - Keystore nor key found in Environment (EncryptionBootstrapConfiguration.KeyCondition)
      Matched:
         - @ConditionalOnMissingClass did not find unwanted class 'org.springframework.security.rsa.crypto.RsaSecretEncryptor' (OnClassCondition)


Exclusions:
-----------

    None


Unconditional classes:
----------------------

    None



2024-10-27 22:54:56,237 DEBUG [main][PropertySourcesPropertyResolver.java:115] - Found key 'spring.liveBeansView.mbeanDomain' in PropertySource 'systemProperties' with value of type String
2024-10-27 22:54:56,237 DEBUG [main][PropertySourcesPropertyResolver.java:115] - Found key 'spring.liveBeansView.mbeanDomain' in PropertySource 'systemProperties' with value of type String
2024-10-27 22:54:56,271 DEBUG [main][ClasspathLoggingApplicationListener.java:51] - Application started with classpath: [file:/C:/Program%20Files/Java/jdk1.8.0_202/jre/lib/charsets.jar, file:/C:/Program%20Files/Java/jdk1.8.0_202/jre/lib/deploy.jar, file:/C:/Program%20Files/Java/jdk1.8.0_202/jre/lib/ext/access-bridge-64.jar, file:/C:/Program%20Files/Java/jdk1.8.0_202/jre/lib/ext/cldrdata.jar, file:/C:/Program%20Files/Java/jdk1.8.0_202/jre/lib/ext/dnsns.jar, file:/C:/Program%20Files/Java/jdk1.8.0_202/jre/lib/ext/jaccess.jar, file:/C:/Program%20Files/Java/jdk1.8.0_202/jre/lib/ext/jfxrt.jar, file:/C:/Program%20Files/Java/jdk1.8.0_202/jre/lib/ext/localedata.jar, file:/C:/Program%20Files/Java/jdk1.8.0_202/jre/lib/ext/nashorn.jar, file:/C:/Program%20Files/Java/jdk1.8.0_202/jre/lib/ext/sunec.jar, file:/C:/Program%20Files/Java/jdk1.8.0_202/jre/lib/ext/sunjce_provider.jar, file:/C:/Program%20Files/Java/jdk1.8.0_202/jre/lib/ext/sunmscapi.jar, file:/C:/Program%20Files/Java/jdk1.8.0_202/jre/lib/ext/sunpkcs11.jar, file:/C:/Program%20Files/Java/jdk1.8.0_202/jre/lib/ext/zipfs.jar, file:/C:/Program%20Files/Java/jdk1.8.0_202/jre/lib/javaws.jar, file:/C:/Program%20Files/Java/jdk1.8.0_202/jre/lib/jce.jar, file:/C:/Program%20Files/Java/jdk1.8.0_202/jre/lib/jfr.jar, file:/C:/Program%20Files/Java/jdk1.8.0_202/jre/lib/jfxswt.jar, file:/C:/Program%20Files/Java/jdk1.8.0_202/jre/lib/jsse.jar, file:/C:/Program%20Files/Java/jdk1.8.0_202/jre/lib/management-agent.jar, file:/C:/Program%20Files/Java/jdk1.8.0_202/jre/lib/plugin.jar, file:/C:/Program%20Files/Java/jdk1.8.0_202/jre/lib/resources.jar, file:/C:/Program%20Files/Java/jdk1.8.0_202/jre/lib/rt.jar, file:/D:/itcast2023/xc_edu3.1/code_402/xuecheng-plus-project/xuecheng-plus-content/xuecheng-plus-content-api/target/classes/, file:/D:/itcast2023/xc_edu3.1/code_402/xuecheng-plus-project/xuecheng-plus-content/xuecheng-plus-content-model/target/classes/, file:/D:/develop/repository/com/baomidou/mybatis-plus-annotation/3.4.1/mybatis-plus-annotation-3.4.1.jar, file:/D:/develop/repository/com/baomidou/mybatis-plus-core/3.4.1/mybatis-plus-core-3.4.1.jar, file:/D:/develop/repository/com/github/jsqlparser/jsqlparser/3.2/jsqlparser-3.2.jar, file:/D:/develop/repository/org/mybatis/mybatis/3.5.6/mybatis-3.5.6.jar, file:/D:/develop/repository/org/springframework/cloud/spring-cloud-context/2.2.6.RELEASE/spring-cloud-context-2.2.6.RELEASE.jar, file:/D:/develop/repository/org/springframework/security/spring-security-crypto/5.3.6.RELEASE/spring-security-crypto-5.3.6.RELEASE.jar, file:/D:/develop/repository/org/springframework/boot/spring-boot-starter-web/2.3.7.RELEASE/spring-boot-starter-web-2.3.7.RELEASE.jar, file:/D:/develop/repository/org/springframework/boot/spring-boot-starter-json/2.3.7.RELEASE/spring-boot-starter-json-2.3.7.RELEASE.jar, file:/D:/develop/repository/com/fasterxml/jackson/core/jackson-databind/2.11.3/jackson-databind-2.11.3.jar, file:/D:/develop/repository/org/springframework/boot/spring-boot-starter-tomcat/2.3.7.RELEASE/spring-boot-starter-tomcat-2.3.7.RELEASE.jar, file:/D:/develop/repository/org/apache/tomcat/embed/tomcat-embed-core/9.0.41/tomcat-embed-core-9.0.41.jar, file:/D:/develop/repository/org/apache/tomcat/embed/tomcat-embed-websocket/9.0.41/tomcat-embed-websocket-9.0.41.jar, file:/D:/develop/repository/org/springframework/spring-web/5.2.12.RELEASE/spring-web-5.2.12.RELEASE.jar, file:/D:/develop/repository/org/springframework/spring-beans/5.2.12.RELEASE/spring-beans-5.2.12.RELEASE.jar, file:/D:/develop/repository/org/springframework/spring-webmvc/5.2.12.RELEASE/spring-webmvc-5.2.12.RELEASE.jar, file:/D:/develop/repository/org/springframework/spring-aop/5.2.12.RELEASE/spring-aop-5.2.12.RELEASE.jar, file:/D:/develop/repository/org/springframework/spring-context/5.2.12.RELEASE/spring-context-5.2.12.RELEASE.jar, file:/D:/develop/repository/org/springframework/spring-expression/5.2.12.RELEASE/spring-expression-5.2.12.RELEASE.jar, file:/D:/develop/repository/org/springframework/boot/spring-boot-starter/2.3.7.RELEASE/spring-boot-starter-2.3.7.RELEASE.jar, file:/D:/develop/repository/org/springframework/boot/spring-boot/2.3.7.RELEASE/spring-boot-2.3.7.RELEASE.jar, file:/D:/develop/repository/org/springframework/boot/spring-boot-autoconfigure/2.3.7.RELEASE/spring-boot-autoconfigure-2.3.7.RELEASE.jar, file:/D:/develop/repository/jakarta/annotation/jakarta.annotation-api/1.3.5/jakarta.annotation-api-1.3.5.jar, file:/D:/develop/repository/org/springframework/spring-core/5.2.12.RELEASE/spring-core-5.2.12.RELEASE.jar, file:/D:/develop/repository/org/springframework/spring-jcl/5.2.12.RELEASE/spring-jcl-5.2.12.RELEASE.jar, file:/D:/develop/repository/org/yaml/snakeyaml/1.26/snakeyaml-1.26.jar, file:/D:/develop/repository/org/springframework/boot/spring-boot-starter-validation/2.3.7.RELEASE/spring-boot-starter-validation-2.3.7.RELEASE.jar, file:/D:/develop/repository/org/glassfish/jakarta.el/3.0.3/jakarta.el-3.0.3.jar, file:/D:/develop/repository/org/hibernate/validator/hibernate-validator/6.1.6.Final/hibernate-validator-6.1.6.Final.jar, file:/D:/develop/repository/jakarta/validation/jakarta.validation-api/2.0.2/jakarta.validation-api-2.0.2.jar, file:/D:/develop/repository/org/jboss/logging/jboss-logging/3.4.1.Final/jboss-logging-3.4.1.Final.jar, file:/D:/develop/repository/com/fasterxml/classmate/1.5.1/classmate-1.5.1.jar, file:/D:/develop/repository/org/springframework/boot/spring-boot-starter-log4j2/2.3.7.RELEASE/spring-boot-starter-log4j2-2.3.7.RELEASE.jar, file:/D:/develop/repository/org/apache/logging/log4j/log4j-slf4j-impl/2.13.3/log4j-slf4j-impl-2.13.3.jar, file:/D:/develop/repository/org/slf4j/slf4j-api/1.7.30/slf4j-api-1.7.30.jar, file:/D:/develop/repository/org/apache/logging/log4j/log4j-api/2.13.3/log4j-api-2.13.3.jar, file:/D:/develop/repository/org/apache/logging/log4j/log4j-core/2.13.3/log4j-core-2.13.3.jar, file:/D:/develop/repository/org/apache/logging/log4j/log4j-jul/2.13.3/log4j-jul-2.13.3.jar, file:/D:/develop/repository/org/slf4j/jul-to-slf4j/1.7.30/jul-to-slf4j-1.7.30.jar, file:/D:/develop/repository/com/spring4all/swagger-spring-boot-starter/1.9.0.RELEASE/swagger-spring-boot-starter-1.9.0.RELEASE.jar, file:/D:/develop/repository/io/springfox/springfox-swagger-ui/2.9.2/springfox-swagger-ui-2.9.2.jar, file:/D:/develop/repository/io/springfox/springfox-spring-web/2.9.2/springfox-spring-web-2.9.2.jar, file:/D:/develop/repository/io/springfox/springfox-swagger2/2.9.2/springfox-swagger2-2.9.2.jar, file:/D:/develop/repository/io/swagger/swagger-models/1.5.20/swagger-models-1.5.20.jar, file:/D:/develop/repository/io/springfox/springfox-spi/2.9.2/springfox-spi-2.9.2.jar, file:/D:/develop/repository/io/springfox/springfox-core/2.9.2/springfox-core-2.9.2.jar, file:/D:/develop/repository/net/bytebuddy/byte-buddy/1.10.18/byte-buddy-1.10.18.jar, file:/D:/develop/repository/io/springfox/springfox-schema/2.9.2/springfox-schema-2.9.2.jar, file:/D:/develop/repository/io/springfox/springfox-swagger-common/2.9.2/springfox-swagger-common-2.9.2.jar, file:/D:/develop/repository/com/google/guava/guava/25.0-jre/guava-25.0-jre.jar, file:/D:/develop/repository/com/google/code/findbugs/jsr305/1.3.9/jsr305-1.3.9.jar, file:/D:/develop/repository/org/checkerframework/checker-compat-qual/2.0.0/checker-compat-qual-2.0.0.jar, file:/D:/develop/repository/com/google/errorprone/error_prone_annotations/2.1.3/error_prone_annotations-2.1.3.jar, file:/D:/develop/repository/com/google/j2objc/j2objc-annotations/1.1/j2objc-annotations-1.1.jar, file:/D:/develop/repository/org/codehaus/mojo/animal-sniffer-annotations/1.14/animal-sniffer-annotations-1.14.jar, file:/D:/develop/repository/org/springframework/plugin/spring-plugin-core/1.2.0.RELEASE/spring-plugin-core-1.2.0.RELEASE.jar, file:/D:/develop/repository/org/springframework/plugin/spring-plugin-metadata/1.2.0.RELEASE/spring-plugin-metadata-1.2.0.RELEASE.jar, file:/D:/develop/repository/org/mapstruct/mapstruct/1.2.0.Final/mapstruct-1.2.0.Final.jar, file:/D:/develop/repository/io/springfox/springfox-bean-validators/2.9.2/springfox-bean-validators-2.9.2.jar, file:/D:/itcast2023/xc_edu3.1/code_402/xuecheng-plus-project/xuecheng-plus-base/target/classes/, file:/D:/develop/repository/org/projectlombok/lombok/1.18.8/lombok-1.18.8.jar, file:/D:/develop/repository/org/apache/commons/commons-lang3/3.10/commons-lang3-3.10.jar, file:/D:/develop/repository/com/alibaba/fastjson/1.2.83/fastjson-1.2.83.jar, file:/D:/develop/repository/commons-lang/commons-lang/2.6/commons-lang-2.6.jar, file:/D:/develop/repository/commons-codec/commons-codec/1.14/commons-codec-1.14.jar, file:/D:/develop/repository/io/swagger/swagger-annotations/1.5.20/swagger-annotations-1.5.20.jar, file:/D:/develop/repository/com/j256/simplemagic/simplemagic/1.17/simplemagic-1.17.jar, file:/D:/develop/repository/com/google/zxing/core/3.3.3/core-3.3.3.jar, file:/D:/develop/repository/com/google/zxing/javase/3.3.3/javase-3.3.3.jar, file:/D:/develop/repository/com/beust/jcommander/1.72/jcommander-1.72.jar, file:/D:/develop/repository/com/github/jai-imageio/jai-imageio-core/1.4.0/jai-imageio-core-1.4.0.jar, file:/D:/develop/repository/com/fasterxml/jackson/module/jackson-module-parameter-names/2.11.3/jackson-module-parameter-names-2.11.3.jar, file:/D:/develop/repository/com/fasterxml/jackson/core/jackson-core/2.11.3/jackson-core-2.11.3.jar, file:/D:/develop/repository/com/fasterxml/jackson/datatype/jackson-datatype-jdk8/2.11.3/jackson-datatype-jdk8-2.11.3.jar, file:/D:/develop/repository/com/fasterxml/jackson/datatype/jackson-datatype-jsr310/2.11.3/jackson-datatype-jsr310-2.11.3.jar, file:/D:/develop/repository/com/fasterxml/jackson/core/jackson-annotations/2.11.3/jackson-annotations-2.11.3.jar, file:/D:/IntelliJ%20IDEA%202022.2.3/lib/idea_rt.jar]
2024-10-27 22:54:56,271 DEBUG [main][ClasspathLoggingApplicationListener.java:51] - Application started with classpath: [file:/C:/Program%20Files/Java/jdk1.8.0_202/jre/lib/charsets.jar, file:/C:/Program%20Files/Java/jdk1.8.0_202/jre/lib/deploy.jar, file:/C:/Program%20Files/Java/jdk1.8.0_202/jre/lib/ext/access-bridge-64.jar, file:/C:/Program%20Files/Java/jdk1.8.0_202/jre/lib/ext/cldrdata.jar, file:/C:/Program%20Files/Java/jdk1.8.0_202/jre/lib/ext/dnsns.jar, file:/C:/Program%20Files/Java/jdk1.8.0_202/jre/lib/ext/jaccess.jar, file:/C:/Program%20Files/Java/jdk1.8.0_202/jre/lib/ext/jfxrt.jar, file:/C:/Program%20Files/Java/jdk1.8.0_202/jre/lib/ext/localedata.jar, file:/C:/Program%20Files/Java/jdk1.8.0_202/jre/lib/ext/nashorn.jar, file:/C:/Program%20Files/Java/jdk1.8.0_202/jre/lib/ext/sunec.jar, file:/C:/Program%20Files/Java/jdk1.8.0_202/jre/lib/ext/sunjce_provider.jar, file:/C:/Program%20Files/Java/jdk1.8.0_202/jre/lib/ext/sunmscapi.jar, file:/C:/Program%20Files/Java/jdk1.8.0_202/jre/lib/ext/sunpkcs11.jar, file:/C:/Program%20Files/Java/jdk1.8.0_202/jre/lib/ext/zipfs.jar, file:/C:/Program%20Files/Java/jdk1.8.0_202/jre/lib/javaws.jar, file:/C:/Program%20Files/Java/jdk1.8.0_202/jre/lib/jce.jar, file:/C:/Program%20Files/Java/jdk1.8.0_202/jre/lib/jfr.jar, file:/C:/Program%20Files/Java/jdk1.8.0_202/jre/lib/jfxswt.jar, file:/C:/Program%20Files/Java/jdk1.8.0_202/jre/lib/jsse.jar, file:/C:/Program%20Files/Java/jdk1.8.0_202/jre/lib/management-agent.jar, file:/C:/Program%20Files/Java/jdk1.8.0_202/jre/lib/plugin.jar, file:/C:/Program%20Files/Java/jdk1.8.0_202/jre/lib/resources.jar, file:/C:/Program%20Files/Java/jdk1.8.0_202/jre/lib/rt.jar, file:/D:/itcast2023/xc_edu3.1/code_402/xuecheng-plus-project/xuecheng-plus-content/xuecheng-plus-content-api/target/classes/, file:/D:/itcast2023/xc_edu3.1/code_402/xuecheng-plus-project/xuecheng-plus-content/xuecheng-plus-content-model/target/classes/, file:/D:/develop/repository/com/baomidou/mybatis-plus-annotation/3.4.1/mybatis-plus-annotation-3.4.1.jar, file:/D:/develop/repository/com/baomidou/mybatis-plus-core/3.4.1/mybatis-plus-core-3.4.1.jar, file:/D:/develop/repository/com/github/jsqlparser/jsqlparser/3.2/jsqlparser-3.2.jar, file:/D:/develop/repository/org/mybatis/mybatis/3.5.6/mybatis-3.5.6.jar, file:/D:/develop/repository/org/springframework/cloud/spring-cloud-context/2.2.6.RELEASE/spring-cloud-context-2.2.6.RELEASE.jar, file:/D:/develop/repository/org/springframework/security/spring-security-crypto/5.3.6.RELEASE/spring-security-crypto-5.3.6.RELEASE.jar, file:/D:/develop/repository/org/springframework/boot/spring-boot-starter-web/2.3.7.RELEASE/spring-boot-starter-web-2.3.7.RELEASE.jar, file:/D:/develop/repository/org/springframework/boot/spring-boot-starter-json/2.3.7.RELEASE/spring-boot-starter-json-2.3.7.RELEASE.jar, file:/D:/develop/repository/com/fasterxml/jackson/core/jackson-databind/2.11.3/jackson-databind-2.11.3.jar, file:/D:/develop/repository/org/springframework/boot/spring-boot-starter-tomcat/2.3.7.RELEASE/spring-boot-starter-tomcat-2.3.7.RELEASE.jar, file:/D:/develop/repository/org/apache/tomcat/embed/tomcat-embed-core/9.0.41/tomcat-embed-core-9.0.41.jar, file:/D:/develop/repository/org/apache/tomcat/embed/tomcat-embed-websocket/9.0.41/tomcat-embed-websocket-9.0.41.jar, file:/D:/develop/repository/org/springframework/spring-web/5.2.12.RELEASE/spring-web-5.2.12.RELEASE.jar, file:/D:/develop/repository/org/springframework/spring-beans/5.2.12.RELEASE/spring-beans-5.2.12.RELEASE.jar, file:/D:/develop/repository/org/springframework/spring-webmvc/5.2.12.RELEASE/spring-webmvc-5.2.12.RELEASE.jar, file:/D:/develop/repository/org/springframework/spring-aop/5.2.12.RELEASE/spring-aop-5.2.12.RELEASE.jar, file:/D:/develop/repository/org/springframework/spring-context/5.2.12.RELEASE/spring-context-5.2.12.RELEASE.jar, file:/D:/develop/repository/org/springframework/spring-expression/5.2.12.RELEASE/spring-expression-5.2.12.RELEASE.jar, file:/D:/develop/repository/org/springframework/boot/spring-boot-starter/2.3.7.RELEASE/spring-boot-starter-2.3.7.RELEASE.jar, file:/D:/develop/repository/org/springframework/boot/spring-boot/2.3.7.RELEASE/spring-boot-2.3.7.RELEASE.jar, file:/D:/develop/repository/org/springframework/boot/spring-boot-autoconfigure/2.3.7.RELEASE/spring-boot-autoconfigure-2.3.7.RELEASE.jar, file:/D:/develop/repository/jakarta/annotation/jakarta.annotation-api/1.3.5/jakarta.annotation-api-1.3.5.jar, file:/D:/develop/repository/org/springframework/spring-core/5.2.12.RELEASE/spring-core-5.2.12.RELEASE.jar, file:/D:/develop/repository/org/springframework/spring-jcl/5.2.12.RELEASE/spring-jcl-5.2.12.RELEASE.jar, file:/D:/develop/repository/org/yaml/snakeyaml/1.26/snakeyaml-1.26.jar, file:/D:/develop/repository/org/springframework/boot/spring-boot-starter-validation/2.3.7.RELEASE/spring-boot-starter-validation-2.3.7.RELEASE.jar, file:/D:/develop/repository/org/glassfish/jakarta.el/3.0.3/jakarta.el-3.0.3.jar, file:/D:/develop/repository/org/hibernate/validator/hibernate-validator/6.1.6.Final/hibernate-validator-6.1.6.Final.jar, file:/D:/develop/repository/jakarta/validation/jakarta.validation-api/2.0.2/jakarta.validation-api-2.0.2.jar, file:/D:/develop/repository/org/jboss/logging/jboss-logging/3.4.1.Final/jboss-logging-3.4.1.Final.jar, file:/D:/develop/repository/com/fasterxml/classmate/1.5.1/classmate-1.5.1.jar, file:/D:/develop/repository/org/springframework/boot/spring-boot-starter-log4j2/2.3.7.RELEASE/spring-boot-starter-log4j2-2.3.7.RELEASE.jar, file:/D:/develop/repository/org/apache/logging/log4j/log4j-slf4j-impl/2.13.3/log4j-slf4j-impl-2.13.3.jar, file:/D:/develop/repository/org/slf4j/slf4j-api/1.7.30/slf4j-api-1.7.30.jar, file:/D:/develop/repository/org/apache/logging/log4j/log4j-api/2.13.3/log4j-api-2.13.3.jar, file:/D:/develop/repository/org/apache/logging/log4j/log4j-core/2.13.3/log4j-core-2.13.3.jar, file:/D:/develop/repository/org/apache/logging/log4j/log4j-jul/2.13.3/log4j-jul-2.13.3.jar, file:/D:/develop/repository/org/slf4j/jul-to-slf4j/1.7.30/jul-to-slf4j-1.7.30.jar, file:/D:/develop/repository/com/spring4all/swagger-spring-boot-starter/1.9.0.RELEASE/swagger-spring-boot-starter-1.9.0.RELEASE.jar, file:/D:/develop/repository/io/springfox/springfox-swagger-ui/2.9.2/springfox-swagger-ui-2.9.2.jar, file:/D:/develop/repository/io/springfox/springfox-spring-web/2.9.2/springfox-spring-web-2.9.2.jar, file:/D:/develop/repository/io/springfox/springfox-swagger2/2.9.2/springfox-swagger2-2.9.2.jar, file:/D:/develop/repository/io/swagger/swagger-models/1.5.20/swagger-models-1.5.20.jar, file:/D:/develop/repository/io/springfox/springfox-spi/2.9.2/springfox-spi-2.9.2.jar, file:/D:/develop/repository/io/springfox/springfox-core/2.9.2/springfox-core-2.9.2.jar, file:/D:/develop/repository/net/bytebuddy/byte-buddy/1.10.18/byte-buddy-1.10.18.jar, file:/D:/develop/repository/io/springfox/springfox-schema/2.9.2/springfox-schema-2.9.2.jar, file:/D:/develop/repository/io/springfox/springfox-swagger-common/2.9.2/springfox-swagger-common-2.9.2.jar, file:/D:/develop/repository/com/google/guava/guava/25.0-jre/guava-25.0-jre.jar, file:/D:/develop/repository/com/google/code/findbugs/jsr305/1.3.9/jsr305-1.3.9.jar, file:/D:/develop/repository/org/checkerframework/checker-compat-qual/2.0.0/checker-compat-qual-2.0.0.jar, file:/D:/develop/repository/com/google/errorprone/error_prone_annotations/2.1.3/error_prone_annotations-2.1.3.jar, file:/D:/develop/repository/com/google/j2objc/j2objc-annotations/1.1/j2objc-annotations-1.1.jar, file:/D:/develop/repository/org/codehaus/mojo/animal-sniffer-annotations/1.14/animal-sniffer-annotations-1.14.jar, file:/D:/develop/repository/org/springframework/plugin/spring-plugin-core/1.2.0.RELEASE/spring-plugin-core-1.2.0.RELEASE.jar, file:/D:/develop/repository/org/springframework/plugin/spring-plugin-metadata/1.2.0.RELEASE/spring-plugin-metadata-1.2.0.RELEASE.jar, file:/D:/develop/repository/org/mapstruct/mapstruct/1.2.0.Final/mapstruct-1.2.0.Final.jar, file:/D:/develop/repository/io/springfox/springfox-bean-validators/2.9.2/springfox-bean-validators-2.9.2.jar, file:/D:/itcast2023/xc_edu3.1/code_402/xuecheng-plus-project/xuecheng-plus-base/target/classes/, file:/D:/develop/repository/org/projectlombok/lombok/1.18.8/lombok-1.18.8.jar, file:/D:/develop/repository/org/apache/commons/commons-lang3/3.10/commons-lang3-3.10.jar, file:/D:/develop/repository/com/alibaba/fastjson/1.2.83/fastjson-1.2.83.jar, file:/D:/develop/repository/commons-lang/commons-lang/2.6/commons-lang-2.6.jar, file:/D:/develop/repository/commons-codec/commons-codec/1.14/commons-codec-1.14.jar, file:/D:/develop/repository/io/swagger/swagger-annotations/1.5.20/swagger-annotations-1.5.20.jar, file:/D:/develop/repository/com/j256/simplemagic/simplemagic/1.17/simplemagic-1.17.jar, file:/D:/develop/repository/com/google/zxing/core/3.3.3/core-3.3.3.jar, file:/D:/develop/repository/com/google/zxing/javase/3.3.3/javase-3.3.3.jar, file:/D:/develop/repository/com/beust/jcommander/1.72/jcommander-1.72.jar, file:/D:/develop/repository/com/github/jai-imageio/jai-imageio-core/1.4.0/jai-imageio-core-1.4.0.jar, file:/D:/develop/repository/com/fasterxml/jackson/module/jackson-module-parameter-names/2.11.3/jackson-module-parameter-names-2.11.3.jar, file:/D:/develop/repository/com/fasterxml/jackson/core/jackson-core/2.11.3/jackson-core-2.11.3.jar, file:/D:/develop/repository/com/fasterxml/jackson/datatype/jackson-datatype-jdk8/2.11.3/jackson-datatype-jdk8-2.11.3.jar, file:/D:/develop/repository/com/fasterxml/jackson/datatype/jackson-datatype-jsr310/2.11.3/jackson-datatype-jsr310-2.11.3.jar, file:/D:/develop/repository/com/fasterxml/jackson/core/jackson-annotations/2.11.3/jackson-annotations-2.11.3.jar, file:/D:/IntelliJ%20IDEA%202022.2.3/lib/idea_rt.jar]
2024-10-27 22:54:56,279 INFO [main][SpringApplication.java:651] - No active profile set, falling back to default profiles: default
2024-10-27 22:54:56,279 INFO [main][SpringApplication.java:651] - No active profile set, falling back to default profiles: default
2024-10-27 22:54:56,279 DEBUG [main][SpringApplication.java:679] - Loading source class com.xuecheng.ContentApplication,class org.springframework.cloud.bootstrap.BootstrapApplicationListener$BootstrapMarkerConfiguration
2024-10-27 22:54:56,279 DEBUG [main][SpringApplication.java:679] - Loading source class com.xuecheng.ContentApplication,class org.springframework.cloud.bootstrap.BootstrapApplicationListener$BootstrapMarkerConfiguration
2024-10-27 22:54:56,287 DEBUG [main][AbstractApplicationContext.java:596] - Refreshing org.springframework.boot.web.servlet.context.AnnotationConfigServletWebServerApplicationContext@424fd310
2024-10-27 22:54:56,287 DEBUG [main][AbstractApplicationContext.java:596] - Refreshing org.springframework.boot.web.servlet.context.AnnotationConfigServletWebServerApplicationContext@424fd310
2024-10-27 22:54:56,291 DEBUG [main][DefaultSingletonBeanRegistry.java:225] - Creating shared instance of singleton bean 'org.springframework.context.annotation.internalConfigurationAnnotationProcessor'
2024-10-27 22:54:56,291 DEBUG [main][DefaultSingletonBeanRegistry.java:225] - Creating shared instance of singleton bean 'org.springframework.context.annotation.internalConfigurationAnnotationProcessor'
2024-10-27 22:54:56,291 DEBUG [main][DefaultSingletonBeanRegistry.java:225] - Creating shared instance of singleton bean 'org.springframework.boot.autoconfigure.internalCachingMetadataReaderFactory'
2024-10-27 22:54:56,291 DEBUG [main][DefaultSingletonBeanRegistry.java:225] - Creating shared instance of singleton bean 'org.springframework.boot.autoconfigure.internalCachingMetadataReaderFactory'
2024-10-27 22:54:56,302 DEBUG [main][ClassPathScanningCandidateComponentProvider.java:435] - Identified candidate component class: file [D:\itcast2023\xc_edu3.1\code_402\xuecheng-plus-project\xuecheng-plus-content\xuecheng-plus-content-api\target\classes\com\xuecheng\content\api\CourseBaseInfoController.class]
2024-10-27 22:54:56,302 DEBUG [main][ClassPathScanningCandidateComponentProvider.java:435] - Identified candidate component class: file [D:\itcast2023\xc_edu3.1\code_402\xuecheng-plus-project\xuecheng-plus-content\xuecheng-plus-content-api\target\classes\com\xuecheng\content\api\CourseBaseInfoController.class]
2024-10-27 22:54:56,311 DEBUG [main][PropertySourcesPropertyResolver.java:115] - Found key 'swagger.enabled' in PropertySource 'configurationProperties' with value of type Boolean
2024-10-27 22:54:56,311 DEBUG [main][PropertySourcesPropertyResolver.java:115] - Found key 'swagger.enabled' in PropertySource 'configurationProperties' with value of type Boolean
2024-10-27 22:54:56,316 DEBUG [main][ClassPathScanningCandidateComponentProvider.java:435] - Identified candidate component class: URL [jar:file:/D:/develop/repository/io/springfox/springfox-swagger2/2.9.2/springfox-swagger2-2.9.2.jar!/springfox/documentation/swagger2/mappers/ServiceModelToSwagger2MapperImpl.class]
2024-10-27 22:54:56,316 DEBUG [main][ClassPathScanningCandidateComponentProvider.java:435] - Identified candidate component class: URL [jar:file:/D:/develop/repository/io/springfox/springfox-swagger2/2.9.2/springfox-swagger2-2.9.2.jar!/springfox/documentation/swagger2/mappers/ServiceModelToSwagger2MapperImpl.class]
2024-10-27 22:54:56,317 DEBUG [main][ClassPathScanningCandidateComponentProvider.java:435] - Identified candidate component class: URL [jar:file:/D:/develop/repository/io/springfox/springfox-swagger2/2.9.2/springfox-swagger2-2.9.2.jar!/springfox/documentation/swagger2/mappers/VendorExtensionsMapperImpl.class]
2024-10-27 22:54:56,317 DEBUG [main][ClassPathScanningCandidateComponentProvider.java:435] - Identified candidate component class: URL [jar:file:/D:/develop/repository/io/springfox/springfox-swagger2/2.9.2/springfox-swagger2-2.9.2.jar!/springfox/documentation/swagger2/mappers/VendorExtensionsMapperImpl.class]
2024-10-27 22:54:56,319 DEBUG [main][ClassPathScanningCandidateComponentProvider.java:435] - Identified candidate component class: URL [jar:file:/D:/develop/repository/io/springfox/springfox-swagger2/2.9.2/springfox-swagger2-2.9.2.jar!/springfox/documentation/swagger2/mappers/ParameterMapperImpl.class]
2024-10-27 22:54:56,319 DEBUG [main][ClassPathScanningCandidateComponentProvider.java:435] - Identified candidate component class: URL [jar:file:/D:/develop/repository/io/springfox/springfox-swagger2/2.9.2/springfox-swagger2-2.9.2.jar!/springfox/documentation/swagger2/mappers/ParameterMapperImpl.class]
2024-10-27 22:54:56,319 DEBUG [main][ClassPathScanningCandidateComponentProvider.java:435] - Identified candidate component class: URL [jar:file:/D:/develop/repository/io/springfox/springfox-swagger2/2.9.2/springfox-swagger2-2.9.2.jar!/springfox/documentation/swagger2/mappers/ModelMapperImpl.class]
2024-10-27 22:54:56,319 DEBUG [main][ClassPathScanningCandidateComponentProvider.java:435] - Identified candidate component class: URL [jar:file:/D:/develop/repository/io/springfox/springfox-swagger2/2.9.2/springfox-swagger2-2.9.2.jar!/springfox/documentation/swagger2/mappers/ModelMapperImpl.class]
2024-10-27 22:54:56,320 DEBUG [main][ClassPathScanningCandidateComponentProvider.java:435] - Identified candidate component class: URL [jar:file:/D:/develop/repository/io/springfox/springfox-swagger2/2.9.2/springfox-swagger2-2.9.2.jar!/springfox/documentation/swagger2/mappers/LicenseMapperImpl.class]
2024-10-27 22:54:56,320 DEBUG [main][ClassPathScanningCandidateComponentProvider.java:435] - Identified candidate component class: URL [jar:file:/D:/develop/repository/io/springfox/springfox-swagger2/2.9.2/springfox-swagger2-2.9.2.jar!/springfox/documentation/swagger2/mappers/LicenseMapperImpl.class]
2024-10-27 22:54:56,320 DEBUG [main][ClassPathScanningCandidateComponentProvider.java:435] - Identified candidate component class: URL [jar:file:/D:/develop/repository/io/springfox/springfox-swagger2/2.9.2/springfox-swagger2-2.9.2.jar!/springfox/documentation/swagger2/mappers/SecurityMapperImpl.class]
2024-10-27 22:54:56,320 DEBUG [main][ClassPathScanningCandidateComponentProvider.java:435] - Identified candidate component class: URL [jar:file:/D:/develop/repository/io/springfox/springfox-swagger2/2.9.2/springfox-swagger2-2.9.2.jar!/springfox/documentation/swagger2/mappers/SecurityMapperImpl.class]
2024-10-27 22:54:56,327 DEBUG [main][ClassPathScanningCandidateComponentProvider.java:435] - Identified candidate component class: URL [jar:file:/D:/develop/repository/io/springfox/springfox-spring-web/2.9.2/springfox-spring-web-2.9.2.jar!/springfox/documentation/spring/web/scanners/ApiListingReferenceScanner.class]
2024-10-27 22:54:56,327 DEBUG [main][ClassPathScanningCandidateComponentProvider.java:435] - Identified candidate component class: URL [jar:file:/D:/develop/repository/io/springfox/springfox-spring-web/2.9.2/springfox-spring-web-2.9.2.jar!/springfox/documentation/spring/web/scanners/ApiListingReferenceScanner.class]
2024-10-27 22:54:56,329 DEBUG [main][ClassPathScanningCandidateComponentProvider.java:435] - Identified candidate component class: URL [jar:file:/D:/develop/repository/io/springfox/springfox-spring-web/2.9.2/springfox-spring-web-2.9.2.jar!/springfox/documentation/spring/web/scanners/ApiDocumentationScanner.class]
2024-10-27 22:54:56,329 DEBUG [main][ClassPathScanningCandidateComponentProvider.java:435] - Identified candidate component class: URL [jar:file:/D:/develop/repository/io/springfox/springfox-spring-web/2.9.2/springfox-spring-web-2.9.2.jar!/springfox/documentation/spring/web/scanners/ApiDocumentationScanner.class]
2024-10-27 22:54:56,329 DEBUG [main][ClassPathScanningCandidateComponentProvider.java:435] - Identified candidate component class: URL [jar:file:/D:/develop/repository/io/springfox/springfox-spring-web/2.9.2/springfox-spring-web-2.9.2.jar!/springfox/documentation/spring/web/scanners/ApiDescriptionReader.class]
2024-10-27 22:54:56,329 DEBUG [main][ClassPathScanningCandidateComponentProvider.java:435] - Identified candidate component class: URL [jar:file:/D:/develop/repository/io/springfox/springfox-spring-web/2.9.2/springfox-spring-web-2.9.2.jar!/springfox/documentation/spring/web/scanners/ApiDescriptionReader.class]
2024-10-27 22:54:56,330 DEBUG [main][ClassPathScanningCandidateComponentProvider.java:435] - Identified candidate component class: URL [jar:file:/D:/develop/repository/io/springfox/springfox-spring-web/2.9.2/springfox-spring-web-2.9.2.jar!/springfox/documentation/spring/web/scanners/ApiListingReader.class]
2024-10-27 22:54:56,330 DEBUG [main][ClassPathScanningCandidateComponentProvider.java:435] - Identified candidate component class: URL [jar:file:/D:/develop/repository/io/springfox/springfox-spring-web/2.9.2/springfox-spring-web-2.9.2.jar!/springfox/documentation/spring/web/scanners/ApiListingReader.class]
2024-10-27 22:54:56,330 DEBUG [main][ClassPathScanningCandidateComponentProvider.java:435] - Identified candidate component class: URL [jar:file:/D:/develop/repository/io/springfox/springfox-spring-web/2.9.2/springfox-spring-web-2.9.2.jar!/springfox/documentation/spring/web/scanners/CachingOperationReader.class]
2024-10-27 22:54:56,330 DEBUG [main][ClassPathScanningCandidateComponentProvider.java:435] - Identified candidate component class: URL [jar:file:/D:/develop/repository/io/springfox/springfox-spring-web/2.9.2/springfox-spring-web-2.9.2.jar!/springfox/documentation/spring/web/scanners/CachingOperationReader.class]
2024-10-27 22:54:56,331 DEBUG [main][ClassPathScanningCandidateComponentProvider.java:435] - Identified candidate component class: URL [jar:file:/D:/develop/repository/io/springfox/springfox-spring-web/2.9.2/springfox-spring-web-2.9.2.jar!/springfox/documentation/spring/web/scanners/MediaTypeReader.class]
2024-10-27 22:54:56,331 DEBUG [main][ClassPathScanningCandidateComponentProvider.java:435] - Identified candidate component class: URL [jar:file:/D:/develop/repository/io/springfox/springfox-spring-web/2.9.2/springfox-spring-web-2.9.2.jar!/springfox/documentation/spring/web/scanners/MediaTypeReader.class]
2024-10-27 22:54:56,331 DEBUG [main][ClassPathScanningCandidateComponentProvider.java:435] - Identified candidate component class: URL [jar:file:/D:/develop/repository/io/springfox/springfox-spring-web/2.9.2/springfox-spring-web-2.9.2.jar!/springfox/documentation/spring/web/scanners/ApiListingScanner.class]
2024-10-27 22:54:56,331 DEBUG [main][ClassPathScanningCandidateComponentProvider.java:435] - Identified candidate component class: URL [jar:file:/D:/develop/repository/io/springfox/springfox-spring-web/2.9.2/springfox-spring-web-2.9.2.jar!/springfox/documentation/spring/web/scanners/ApiListingScanner.class]
2024-10-27 22:54:56,332 DEBUG [main][ClassPathScanningCandidateComponentProvider.java:435] - Identified candidate component class: URL [jar:file:/D:/develop/repository/io/springfox/springfox-spring-web/2.9.2/springfox-spring-web-2.9.2.jar!/springfox/documentation/spring/web/scanners/ApiModelReader.class]
2024-10-27 22:54:56,332 DEBUG [main][ClassPathScanningCandidateComponentProvider.java:435] - Identified candidate component class: URL [jar:file:/D:/develop/repository/io/springfox/springfox-spring-web/2.9.2/springfox-spring-web-2.9.2.jar!/springfox/documentation/spring/web/scanners/ApiModelReader.class]
2024-10-27 22:54:56,332 DEBUG [main][ClassPathScanningCandidateComponentProvider.java:435] - Identified candidate component class: URL [jar:file:/D:/develop/repository/io/springfox/springfox-spring-web/2.9.2/springfox-spring-web-2.9.2.jar!/springfox/documentation/spring/web/scanners/ApiDescriptionLookup.class]
2024-10-27 22:54:56,332 DEBUG [main][ClassPathScanningCandidateComponentProvider.java:435] - Identified candidate component class: URL [jar:file:/D:/develop/repository/io/springfox/springfox-spring-web/2.9.2/springfox-spring-web-2.9.2.jar!/springfox/documentation/spring/web/scanners/ApiDescriptionLookup.class]
2024-10-27 22:54:56,334 DEBUG [main][ClassPathScanningCandidateComponentProvider.java:435] - Identified candidate component class: URL [jar:file:/D:/develop/repository/io/springfox/springfox-spring-web/2.9.2/springfox-spring-web-2.9.2.jar!/springfox/documentation/spring/web/readers/operation/OperationModelsProvider.class]
2024-10-27 22:54:56,334 DEBUG [main][ClassPathScanningCandidateComponentProvider.java:435] - Identified candidate component class: URL [jar:file:/D:/develop/repository/io/springfox/springfox-spring-web/2.9.2/springfox-spring-web-2.9.2.jar!/springfox/documentation/spring/web/readers/operation/OperationModelsProvider.class]
2024-10-27 22:54:56,334 DEBUG [main][ClassPathScanningCandidateComponentProvider.java:435] - Identified candidate component class: URL [jar:file:/D:/develop/repository/io/springfox/springfox-spring-web/2.9.2/springfox-spring-web-2.9.2.jar!/springfox/documentation/spring/web/readers/operation/OperationDeprecatedReader.class]
2024-10-27 22:54:56,334 DEBUG [main][ClassPathScanningCandidateComponentProvider.java:435] - Identified candidate component class: URL [jar:file:/D:/develop/repository/io/springfox/springfox-spring-web/2.9.2/springfox-spring-web-2.9.2.jar!/springfox/documentation/spring/web/readers/operation/OperationDeprecatedReader.class]
2024-10-27 22:54:56,336 DEBUG [main][ClassPathScanningCandidateComponentProvider.java:435] - Identified candidate component class: URL [jar:file:/D:/develop/repository/io/springfox/springfox-spring-web/2.9.2/springfox-spring-web-2.9.2.jar!/springfox/documentation/spring/web/readers/operation/ResponseMessagesReader.class]
2024-10-27 22:54:56,336 DEBUG [main][ClassPathScanningCandidateComponentProvider.java:435] - Identified candidate component class: URL [jar:file:/D:/develop/repository/io/springfox/springfox-spring-web/2.9.2/springfox-spring-web-2.9.2.jar!/springfox/documentation/spring/web/readers/operation/ResponseMessagesReader.class]
2024-10-27 22:54:56,336 DEBUG [main][ClassPathScanningCandidateComponentProvider.java:435] - Identified candidate component class: URL [jar:file:/D:/develop/repository/io/springfox/springfox-spring-web/2.9.2/springfox-spring-web-2.9.2.jar!/springfox/documentation/spring/web/readers/operation/OperationParameterReader.class]
2024-10-27 22:54:56,336 DEBUG [main][ClassPathScanningCandidateComponentProvider.java:435] - Identified candidate component class: URL [jar:file:/D:/develop/repository/io/springfox/springfox-spring-web/2.9.2/springfox-spring-web-2.9.2.jar!/springfox/documentation/spring/web/readers/operation/OperationParameterReader.class]
2024-10-27 22:54:56,339 DEBUG [main][ClassPathScanningCandidateComponentProvider.java:435] - Identified candidate component class: URL [jar:file:/D:/develop/repository/io/springfox/springfox-spring-web/2.9.2/springfox-spring-web-2.9.2.jar!/springfox/documentation/spring/web/readers/operation/DefaultTagsProvider.class]
2024-10-27 22:54:56,339 DEBUG [main][ClassPathScanningCandidateComponentProvider.java:435] - Identified candidate component class: URL [jar:file:/D:/develop/repository/io/springfox/springfox-spring-web/2.9.2/springfox-spring-web-2.9.2.jar!/springfox/documentation/spring/web/readers/operation/DefaultTagsProvider.class]
2024-10-27 22:54:56,339 DEBUG [main][ClassPathScanningCandidateComponentProvider.java:435] - Identified candidate component class: URL [jar:file:/D:/develop/repository/io/springfox/springfox-spring-web/2.9.2/springfox-spring-web-2.9.2.jar!/springfox/documentation/spring/web/readers/operation/OperationTagsReader.class]
2024-10-27 22:54:56,339 DEBUG [main][ClassPathScanningCandidateComponentProvider.java:435] - Identified candidate component class: URL [jar:file:/D:/develop/repository/io/springfox/springfox-spring-web/2.9.2/springfox-spring-web-2.9.2.jar!/springfox/documentation/spring/web/readers/operation/OperationTagsReader.class]
2024-10-27 22:54:56,339 DEBUG [main][ClassPathScanningCandidateComponentProvider.java:435] - Identified candidate component class: URL [jar:file:/D:/develop/repository/io/springfox/springfox-spring-web/2.9.2/springfox-spring-web-2.9.2.jar!/springfox/documentation/spring/web/readers/operation/ApiOperationReader.class]
2024-10-27 22:54:56,339 DEBUG [main][ClassPathScanningCandidateComponentProvider.java:435] - Identified candidate component class: URL [jar:file:/D:/develop/repository/io/springfox/springfox-spring-web/2.9.2/springfox-spring-web-2.9.2.jar!/springfox/documentation/spring/web/readers/operation/ApiOperationReader.class]
2024-10-27 22:54:56,339 DEBUG [main][ClassPathScanningCandidateComponentProvider.java:435] - Identified candidate component class: URL [jar:file:/D:/develop/repository/io/springfox/springfox-spring-web/2.9.2/springfox-spring-web-2.9.2.jar!/springfox/documentation/spring/web/readers/operation/DefaultOperationReader.class]
2024-10-27 22:54:56,339 DEBUG [main][ClassPathScanningCandidateComponentProvider.java:435] - Identified candidate component class: URL [jar:file:/D:/develop/repository/io/springfox/springfox-spring-web/2.9.2/springfox-spring-web-2.9.2.jar!/springfox/documentation/spring/web/readers/operation/DefaultOperationReader.class]
2024-10-27 22:54:56,339 DEBUG [main][ClassPathScanningCandidateComponentProvider.java:435] - Identified candidate component class: URL [jar:file:/D:/develop/repository/io/springfox/springfox-spring-web/2.9.2/springfox-spring-web-2.9.2.jar!/springfox/documentation/spring/web/readers/operation/OperationParameterRequestConditionReader.class]
2024-10-27 22:54:56,339 DEBUG [main][ClassPathScanningCandidateComponentProvider.java:435] - Identified candidate component class: URL [jar:file:/D:/develop/repository/io/springfox/springfox-spring-web/2.9.2/springfox-spring-web-2.9.2.jar!/springfox/documentation/spring/web/readers/operation/OperationParameterRequestConditionReader.class]
2024-10-27 22:54:56,339 DEBUG [main][ClassPathScanningCandidateComponentProvider.java:435] - Identified candidate component class: URL [jar:file:/D:/develop/repository/io/springfox/springfox-spring-web/2.9.2/springfox-spring-web-2.9.2.jar!/springfox/documentation/spring/web/readers/operation/OperationParameterHeadersConditionReader.class]
2024-10-27 22:54:56,339 DEBUG [main][ClassPathScanningCandidateComponentProvider.java:435] - Identified candidate component class: URL [jar:file:/D:/develop/repository/io/springfox/springfox-spring-web/2.9.2/springfox-spring-web-2.9.2.jar!/springfox/documentation/spring/web/readers/operation/OperationParameterHeadersConditionReader.class]
2024-10-27 22:54:56,340 DEBUG [main][ClassPathScanningCandidateComponentProvider.java:435] - Identified candidate component class: URL [jar:file:/D:/develop/repository/io/springfox/springfox-spring-web/2.9.2/springfox-spring-web-2.9.2.jar!/springfox/documentation/spring/web/readers/operation/OperationResponseClassReader.class]
2024-10-27 22:54:56,340 DEBUG [main][ClassPathScanningCandidateComponentProvider.java:435] - Identified candidate component class: URL [jar:file:/D:/develop/repository/io/springfox/springfox-spring-web/2.9.2/springfox-spring-web-2.9.2.jar!/springfox/documentation/spring/web/readers/operation/OperationResponseClassReader.class]
2024-10-27 22:54:56,340 DEBUG [main][ClassPathScanningCandidateComponentProvider.java:435] - Identified candidate component class: URL [jar:file:/D:/develop/repository/io/springfox/springfox-spring-web/2.9.2/springfox-spring-web-2.9.2.jar!/springfox/documentation/spring/web/readers/operation/CachingOperationNameGenerator.class]
2024-10-27 22:54:56,340 DEBUG [main][ClassPathScanningCandidateComponentProvider.java:435] - Identified candidate component class: URL [jar:file:/D:/develop/repository/io/springfox/springfox-spring-web/2.9.2/springfox-spring-web-2.9.2.jar!/springfox/documentation/spring/web/readers/operation/CachingOperationNameGenerator.class]
2024-10-27 22:54:56,343 DEBUG [main][ClassPathScanningCandidateComponentProvider.java:435] - Identified candidate component class: URL [jar:file:/D:/develop/repository/io/springfox/springfox-spring-web/2.9.2/springfox-spring-web-2.9.2.jar!/springfox/documentation/spring/web/readers/parameter/ParameterMultiplesReader.class]
2024-10-27 22:54:56,343 DEBUG [main][ClassPathScanningCandidateComponentProvider.java:435] - Identified candidate component class: URL [jar:file:/D:/develop/repository/io/springfox/springfox-spring-web/2.9.2/springfox-spring-web-2.9.2.jar!/springfox/documentation/spring/web/readers/parameter/ParameterMultiplesReader.class]
2024-10-27 22:54:56,343 DEBUG [main][ClassPathScanningCandidateComponentProvider.java:435] - Identified candidate component class: URL [jar:file:/D:/develop/repository/io/springfox/springfox-spring-web/2.9.2/springfox-spring-web-2.9.2.jar!/springfox/documentation/spring/web/readers/parameter/ModelAttributeParameterExpander.class]
2024-10-27 22:54:56,343 DEBUG [main][ClassPathScanningCandidateComponentProvider.java:435] - Identified candidate component class: URL [jar:file:/D:/develop/repository/io/springfox/springfox-spring-web/2.9.2/springfox-spring-web-2.9.2.jar!/springfox/documentation/spring/web/readers/parameter/ModelAttributeParameterExpander.class]
2024-10-27 22:54:56,344 DEBUG [main][ClassPathScanningCandidateComponentProvider.java:435] - Identified candidate component class: URL [jar:file:/D:/develop/repository/io/springfox/springfox-spring-web/2.9.2/springfox-spring-web-2.9.2.jar!/springfox/documentation/spring/web/readers/parameter/ParameterTypeReader.class]
2024-10-27 22:54:56,344 DEBUG [main][ClassPathScanningCandidateComponentProvider.java:435] - Identified candidate component class: URL [jar:file:/D:/develop/repository/io/springfox/springfox-spring-web/2.9.2/springfox-spring-web-2.9.2.jar!/springfox/documentation/spring/web/readers/parameter/ParameterTypeReader.class]
2024-10-27 22:54:56,344 DEBUG [main][ClassPathScanningCandidateComponentProvider.java:435] - Identified candidate component class: URL [jar:file:/D:/develop/repository/io/springfox/springfox-spring-web/2.9.2/springfox-spring-web-2.9.2.jar!/springfox/documentation/spring/web/readers/parameter/ParameterRequiredReader.class]
2024-10-27 22:54:56,344 DEBUG [main][ClassPathScanningCandidateComponentProvider.java:435] - Identified candidate component class: URL [jar:file:/D:/develop/repository/io/springfox/springfox-spring-web/2.9.2/springfox-spring-web-2.9.2.jar!/springfox/documentation/spring/web/readers/parameter/ParameterRequiredReader.class]
2024-10-27 22:54:56,345 DEBUG [main][ClassPathScanningCandidateComponentProvider.java:435] - Identified candidate component class: URL [jar:file:/D:/develop/repository/io/springfox/springfox-spring-web/2.9.2/springfox-spring-web-2.9.2.jar!/springfox/documentation/spring/web/readers/parameter/ParameterDataTypeReader.class]
2024-10-27 22:54:56,345 DEBUG [main][ClassPathScanningCandidateComponentProvider.java:435] - Identified candidate component class: URL [jar:file:/D:/develop/repository/io/springfox/springfox-spring-web/2.9.2/springfox-spring-web-2.9.2.jar!/springfox/documentation/spring/web/readers/parameter/ParameterDataTypeReader.class]
2024-10-27 22:54:56,346 DEBUG [main][ClassPathScanningCandidateComponentProvider.java:435] - Identified candidate component class: URL [jar:file:/D:/develop/repository/io/springfox/springfox-spring-web/2.9.2/springfox-spring-web-2.9.2.jar!/springfox/documentation/spring/web/readers/parameter/ParameterDefaultReader.class]
2024-10-27 22:54:56,346 DEBUG [main][ClassPathScanningCandidateComponentProvider.java:435] - Identified candidate component class: URL [jar:file:/D:/develop/repository/io/springfox/springfox-spring-web/2.9.2/springfox-spring-web-2.9.2.jar!/springfox/documentation/spring/web/readers/parameter/ParameterDefaultReader.class]
2024-10-27 22:54:56,348 DEBUG [main][ClassPathScanningCandidateComponentProvider.java:435] - Identified candidate component class: URL [jar:file:/D:/develop/repository/io/springfox/springfox-spring-web/2.9.2/springfox-spring-web-2.9.2.jar!/springfox/documentation/spring/web/readers/parameter/ParameterNameReader.class]
2024-10-27 22:54:56,348 DEBUG [main][ClassPathScanningCandidateComponentProvider.java:435] - Identified candidate component class: URL [jar:file:/D:/develop/repository/io/springfox/springfox-spring-web/2.9.2/springfox-spring-web-2.9.2.jar!/springfox/documentation/spring/web/readers/parameter/ParameterNameReader.class]
2024-10-27 22:54:56,349 DEBUG [main][ClassPathScanningCandidateComponentProvider.java:435] - Identified candidate component class: URL [jar:file:/D:/develop/repository/io/springfox/springfox-spring-web/2.9.2/springfox-spring-web-2.9.2.jar!/springfox/documentation/spring/web/readers/parameter/ExpandedParameterBuilder.class]
2024-10-27 22:54:56,349 DEBUG [main][ClassPathScanningCandidateComponentProvider.java:435] - Identified candidate component class: URL [jar:file:/D:/develop/repository/io/springfox/springfox-spring-web/2.9.2/springfox-spring-web-2.9.2.jar!/springfox/documentation/spring/web/readers/parameter/ExpandedParameterBuilder.class]
2024-10-27 22:54:56,351 DEBUG [main][ClassPathScanningCandidateComponentProvider.java:435] - Identified candidate component class: URL [jar:file:/D:/develop/repository/io/springfox/springfox-spring-web/2.9.2/springfox-spring-web-2.9.2.jar!/springfox/documentation/spring/web/plugins/DocumentationPluginsBootstrapper.class]
2024-10-27 22:54:56,351 DEBUG [main][ClassPathScanningCandidateComponentProvider.java:435] - Identified candidate component class: URL [jar:file:/D:/develop/repository/io/springfox/springfox-spring-web/2.9.2/springfox-spring-web-2.9.2.jar!/springfox/documentation/spring/web/plugins/DocumentationPluginsBootstrapper.class]
2024-10-27 22:54:56,352 DEBUG [main][ClassPathScanningCandidateComponentProvider.java:435] - Identified candidate component class: URL [jar:file:/D:/develop/repository/io/springfox/springfox-spring-web/2.9.2/springfox-spring-web-2.9.2.jar!/springfox/documentation/spring/web/plugins/WebMvcRequestHandlerProvider.class]
2024-10-27 22:54:56,352 DEBUG [main][ClassPathScanningCandidateComponentProvider.java:435] - Identified candidate component class: URL [jar:file:/D:/develop/repository/io/springfox/springfox-spring-web/2.9.2/springfox-spring-web-2.9.2.jar!/springfox/documentation/spring/web/plugins/WebMvcRequestHandlerProvider.class]
2024-10-27 22:54:56,353 DEBUG [main][ClassPathScanningCandidateComponentProvider.java:435] - Identified candidate component class: URL [jar:file:/D:/develop/repository/io/springfox/springfox-spring-web/2.9.2/springfox-spring-web-2.9.2.jar!/springfox/documentation/spring/web/plugins/DocumentationPluginsManager.class]
2024-10-27 22:54:56,353 DEBUG [main][ClassPathScanningCandidateComponentProvider.java:435] - Identified candidate component class: URL [jar:file:/D:/develop/repository/io/springfox/springfox-spring-web/2.9.2/springfox-spring-web-2.9.2.jar!/springfox/documentation/spring/web/plugins/DocumentationPluginsManager.class]
2024-10-27 22:54:56,353 DEBUG [main][ClassPathScanningCandidateComponentProvider.java:435] - Identified candidate component class: URL [jar:file:/D:/develop/repository/io/springfox/springfox-spring-web/2.9.2/springfox-spring-web-2.9.2.jar!/springfox/documentation/spring/web/paths/QueryStringUriTemplateDecorator.class]
2024-10-27 22:54:56,353 DEBUG [main][ClassPathScanningCandidateComponentProvider.java:435] - Identified candidate component class: URL [jar:file:/D:/develop/repository/io/springfox/springfox-spring-web/2.9.2/springfox-spring-web-2.9.2.jar!/springfox/documentation/spring/web/paths/QueryStringUriTemplateDecorator.class]
2024-10-27 22:54:56,354 DEBUG [main][ClassPathScanningCandidateComponentProvider.java:435] - Identified candidate component class: URL [jar:file:/D:/develop/repository/io/springfox/springfox-spring-web/2.9.2/springfox-spring-web-2.9.2.jar!/springfox/documentation/spring/web/paths/PathMappingDecorator.class]
2024-10-27 22:54:56,354 DEBUG [main][ClassPathScanningCandidateComponentProvider.java:435] - Identified candidate component class: URL [jar:file:/D:/develop/repository/io/springfox/springfox-spring-web/2.9.2/springfox-spring-web-2.9.2.jar!/springfox/documentation/spring/web/paths/PathMappingDecorator.class]
2024-10-27 22:54:56,354 DEBUG [main][ClassPathScanningCandidateComponentProvider.java:435] - Identified candidate component class: URL [jar:file:/D:/develop/repository/io/springfox/springfox-spring-web/2.9.2/springfox-spring-web-2.9.2.jar!/springfox/documentation/spring/web/paths/PathSanitizer.class]
2024-10-27 22:54:56,354 DEBUG [main][ClassPathScanningCandidateComponentProvider.java:435] - Identified candidate component class: URL [jar:file:/D:/develop/repository/io/springfox/springfox-spring-web/2.9.2/springfox-spring-web-2.9.2.jar!/springfox/documentation/spring/web/paths/PathSanitizer.class]
2024-10-27 22:54:56,355 DEBUG [main][ClassPathScanningCandidateComponentProvider.java:435] - Identified candidate component class: URL [jar:file:/D:/develop/repository/io/springfox/springfox-spring-web/2.9.2/springfox-spring-web-2.9.2.jar!/springfox/documentation/spring/web/paths/OperationPathDecorator.class]
2024-10-27 22:54:56,355 DEBUG [main][ClassPathScanningCandidateComponentProvider.java:435] - Identified candidate component class: URL [jar:file:/D:/develop/repository/io/springfox/springfox-spring-web/2.9.2/springfox-spring-web-2.9.2.jar!/springfox/documentation/spring/web/paths/OperationPathDecorator.class]
2024-10-27 22:54:56,365 DEBUG [main][ClassPathScanningCandidateComponentProvider.java:435] - Identified candidate component class: URL [jar:file:/D:/develop/repository/io/springfox/springfox-schema/2.9.2/springfox-schema-2.9.2.jar!/springfox/documentation/schema/CachingModelDependencyProvider.class]
2024-10-27 22:54:56,365 DEBUG [main][ClassPathScanningCandidateComponentProvider.java:435] - Identified candidate component class: URL [jar:file:/D:/develop/repository/io/springfox/springfox-schema/2.9.2/springfox-schema-2.9.2.jar!/springfox/documentation/schema/CachingModelDependencyProvider.class]
2024-10-27 22:54:56,366 DEBUG [main][ClassPathScanningCandidateComponentProvider.java:435] - Identified candidate component class: URL [jar:file:/D:/develop/repository/io/springfox/springfox-schema/2.9.2/springfox-schema-2.9.2.jar!/springfox/documentation/schema/TypeNameExtractor.class]
2024-10-27 22:54:56,366 DEBUG [main][ClassPathScanningCandidateComponentProvider.java:435] - Identified candidate component class: URL [jar:file:/D:/develop/repository/io/springfox/springfox-schema/2.9.2/springfox-schema-2.9.2.jar!/springfox/documentation/schema/TypeNameExtractor.class]
2024-10-27 22:54:56,366 DEBUG [main][ClassPathScanningCandidateComponentProvider.java:435] - Identified candidate component class: URL [jar:file:/D:/develop/repository/io/springfox/springfox-schema/2.9.2/springfox-schema-2.9.2.jar!/springfox/documentation/schema/plugins/PropertyDiscriminatorBasedInheritancePlugin.class]
2024-10-27 22:54:56,366 DEBUG [main][ClassPathScanningCandidateComponentProvider.java:435] - Identified candidate component class: URL [jar:file:/D:/develop/repository/io/springfox/springfox-schema/2.9.2/springfox-schema-2.9.2.jar!/springfox/documentation/schema/plugins/PropertyDiscriminatorBasedInheritancePlugin.class]
2024-10-27 22:54:56,367 DEBUG [main][ClassPathScanningCandidateComponentProvider.java:435] - Identified candidate component class: URL [jar:file:/D:/develop/repository/io/springfox/springfox-schema/2.9.2/springfox-schema-2.9.2.jar!/springfox/documentation/schema/plugins/XmlModelPlugin.class]
2024-10-27 22:54:56,367 DEBUG [main][ClassPathScanningCandidateComponentProvider.java:435] - Identified candidate component class: URL [jar:file:/D:/develop/repository/io/springfox/springfox-schema/2.9.2/springfox-schema-2.9.2.jar!/springfox/documentation/schema/plugins/XmlModelPlugin.class]
2024-10-27 22:54:56,367 DEBUG [main][ClassPathScanningCandidateComponentProvider.java:435] - Identified candidate component class: URL [jar:file:/D:/develop/repository/io/springfox/springfox-schema/2.9.2/springfox-schema-2.9.2.jar!/springfox/documentation/schema/plugins/SchemaPluginsManager.class]
2024-10-27 22:54:56,367 DEBUG [main][ClassPathScanningCandidateComponentProvider.java:435] - Identified candidate component class: URL [jar:file:/D:/develop/repository/io/springfox/springfox-schema/2.9.2/springfox-schema-2.9.2.jar!/springfox/documentation/schema/plugins/SchemaPluginsManager.class]
2024-10-27 22:54:56,367 DEBUG [main][ClassPathScanningCandidateComponentProvider.java:435] - Identified candidate component class: URL [jar:file:/D:/develop/repository/io/springfox/springfox-schema/2.9.2/springfox-schema-2.9.2.jar!/springfox/documentation/schema/property/CachingModelPropertiesProvider.class]
2024-10-27 22:54:56,367 DEBUG [main][ClassPathScanningCandidateComponentProvider.java:435] - Identified candidate component class: URL [jar:file:/D:/develop/repository/io/springfox/springfox-schema/2.9.2/springfox-schema-2.9.2.jar!/springfox/documentation/schema/property/CachingModelPropertiesProvider.class]
2024-10-27 22:54:56,367 DEBUG [main][ClassPathScanningCandidateComponentProvider.java:435] - Identified candidate component class: URL [jar:file:/D:/develop/repository/io/springfox/springfox-schema/2.9.2/springfox-schema-2.9.2.jar!/springfox/documentation/schema/property/ObjectMapperBeanPropertyNamingStrategy.class]
2024-10-27 22:54:56,367 DEBUG [main][ClassPathScanningCandidateComponentProvider.java:435] - Identified candidate component class: URL [jar:file:/D:/develop/repository/io/springfox/springfox-schema/2.9.2/springfox-schema-2.9.2.jar!/springfox/documentation/schema/property/ObjectMapperBeanPropertyNamingStrategy.class]
2024-10-27 22:54:56,368 DEBUG [main][ClassPathScanningCandidateComponentProvider.java:435] - Identified candidate component class: URL [jar:file:/D:/develop/repository/io/springfox/springfox-schema/2.9.2/springfox-schema-2.9.2.jar!/springfox/documentation/schema/property/bean/AccessorsProvider.class]
2024-10-27 22:54:56,368 DEBUG [main][ClassPathScanningCandidateComponentProvider.java:435] - Identified candidate component class: URL [jar:file:/D:/develop/repository/io/springfox/springfox-schema/2.9.2/springfox-schema-2.9.2.jar!/springfox/documentation/schema/property/bean/AccessorsProvider.class]
2024-10-27 22:54:56,368 DEBUG [main][ClassPathScanningCandidateComponentProvider.java:435] - Identified candidate component class: URL [jar:file:/D:/develop/repository/io/springfox/springfox-schema/2.9.2/springfox-schema-2.9.2.jar!/springfox/documentation/schema/property/field/FieldProvider.class]
2024-10-27 22:54:56,368 DEBUG [main][ClassPathScanningCandidateComponentProvider.java:435] - Identified candidate component class: URL [jar:file:/D:/develop/repository/io/springfox/springfox-schema/2.9.2/springfox-schema-2.9.2.jar!/springfox/documentation/schema/property/field/FieldProvider.class]
2024-10-27 22:54:56,369 DEBUG [main][ClassPathScanningCandidateComponentProvider.java:435] - Identified candidate component class: URL [jar:file:/D:/develop/repository/io/springfox/springfox-schema/2.9.2/springfox-schema-2.9.2.jar!/springfox/documentation/schema/property/XmlPropertyPlugin.class]
2024-10-27 22:54:56,369 DEBUG [main][ClassPathScanningCandidateComponentProvider.java:435] - Identified candidate component class: URL [jar:file:/D:/develop/repository/io/springfox/springfox-schema/2.9.2/springfox-schema-2.9.2.jar!/springfox/documentation/schema/property/XmlPropertyPlugin.class]
2024-10-27 22:54:56,369 DEBUG [main][ClassPathScanningCandidateComponentProvider.java:435] - Identified candidate component class: URL [jar:file:/D:/develop/repository/io/springfox/springfox-schema/2.9.2/springfox-schema-2.9.2.jar!/springfox/documentation/schema/property/OptimizedModelPropertiesProvider.class]
2024-10-27 22:54:56,369 DEBUG [main][ClassPathScanningCandidateComponentProvider.java:435] - Identified candidate component class: URL [jar:file:/D:/develop/repository/io/springfox/springfox-schema/2.9.2/springfox-schema-2.9.2.jar!/springfox/documentation/schema/property/OptimizedModelPropertiesProvider.class]
2024-10-27 22:54:56,369 DEBUG [main][ClassPathScanningCandidateComponentProvider.java:435] - Identified candidate component class: URL [jar:file:/D:/develop/repository/io/springfox/springfox-schema/2.9.2/springfox-schema-2.9.2.jar!/springfox/documentation/schema/property/FactoryMethodProvider.class]
2024-10-27 22:54:56,369 DEBUG [main][ClassPathScanningCandidateComponentProvider.java:435] - Identified candidate component class: URL [jar:file:/D:/develop/repository/io/springfox/springfox-schema/2.9.2/springfox-schema-2.9.2.jar!/springfox/documentation/schema/property/FactoryMethodProvider.class]
2024-10-27 22:54:56,371 DEBUG [main][ClassPathScanningCandidateComponentProvider.java:435] - Identified candidate component class: URL [jar:file:/D:/develop/repository/io/springfox/springfox-schema/2.9.2/springfox-schema-2.9.2.jar!/springfox/documentation/schema/CachingModelProvider.class]
2024-10-27 22:54:56,371 DEBUG [main][ClassPathScanningCandidateComponentProvider.java:435] - Identified candidate component class: URL [jar:file:/D:/develop/repository/io/springfox/springfox-schema/2.9.2/springfox-schema-2.9.2.jar!/springfox/documentation/schema/CachingModelProvider.class]
2024-10-27 22:54:56,372 DEBUG [main][ClassPathScanningCandidateComponentProvider.java:435] - Identified candidate component class: URL [jar:file:/D:/develop/repository/io/springfox/springfox-schema/2.9.2/springfox-schema-2.9.2.jar!/springfox/documentation/schema/DefaultModelDependencyProvider.class]
2024-10-27 22:54:56,372 DEBUG [main][ClassPathScanningCandidateComponentProvider.java:435] - Identified candidate component class: URL [jar:file:/D:/develop/repository/io/springfox/springfox-schema/2.9.2/springfox-schema-2.9.2.jar!/springfox/documentation/schema/DefaultModelDependencyProvider.class]
2024-10-27 22:54:56,373 DEBUG [main][ClassPathScanningCandidateComponentProvider.java:435] - Identified candidate component class: URL [jar:file:/D:/develop/repository/io/springfox/springfox-schema/2.9.2/springfox-schema-2.9.2.jar!/springfox/documentation/schema/JacksonEnumTypeDeterminer.class]
2024-10-27 22:54:56,373 DEBUG [main][ClassPathScanningCandidateComponentProvider.java:435] - Identified candidate component class: URL [jar:file:/D:/develop/repository/io/springfox/springfox-schema/2.9.2/springfox-schema-2.9.2.jar!/springfox/documentation/schema/JacksonEnumTypeDeterminer.class]
2024-10-27 22:54:56,373 DEBUG [main][ClassPathScanningCandidateComponentProvider.java:435] - Identified candidate component class: URL [jar:file:/D:/develop/repository/io/springfox/springfox-schema/2.9.2/springfox-schema-2.9.2.jar!/springfox/documentation/schema/DefaultModelProvider.class]
2024-10-27 22:54:56,373 DEBUG [main][ClassPathScanningCandidateComponentProvider.java:435] - Identified candidate component class: URL [jar:file:/D:/develop/repository/io/springfox/springfox-schema/2.9.2/springfox-schema-2.9.2.jar!/springfox/documentation/schema/DefaultModelProvider.class]
2024-10-27 22:54:56,379 DEBUG [main][ClassPathScanningCandidateComponentProvider.java:435] - Identified candidate component class: URL [jar:file:/D:/develop/repository/io/springfox/springfox-swagger-common/2.9.2/springfox-swagger-common-2.9.2.jar!/springfox/documentation/swagger/schema/ApiModelPropertyPropertyBuilder.class]
2024-10-27 22:54:56,379 DEBUG [main][ClassPathScanningCandidateComponentProvider.java:435] - Identified candidate component class: URL [jar:file:/D:/develop/repository/io/springfox/springfox-swagger-common/2.9.2/springfox-swagger-common-2.9.2.jar!/springfox/documentation/swagger/schema/ApiModelPropertyPropertyBuilder.class]
2024-10-27 22:54:56,380 DEBUG [main][ClassPathScanningCandidateComponentProvider.java:435] - Identified candidate component class: URL [jar:file:/D:/develop/repository/io/springfox/springfox-swagger-common/2.9.2/springfox-swagger-common-2.9.2.jar!/springfox/documentation/swagger/schema/ApiModelTypeNameProvider.class]
2024-10-27 22:54:56,380 DEBUG [main][ClassPathScanningCandidateComponentProvider.java:435] - Identified candidate component class: URL [jar:file:/D:/develop/repository/io/springfox/springfox-swagger-common/2.9.2/springfox-swagger-common-2.9.2.jar!/springfox/documentation/swagger/schema/ApiModelTypeNameProvider.class]
2024-10-27 22:54:56,380 DEBUG [main][ClassPathScanningCandidateComponentProvider.java:435] - Identified candidate component class: URL [jar:file:/D:/develop/repository/io/springfox/springfox-swagger-common/2.9.2/springfox-swagger-common-2.9.2.jar!/springfox/documentation/swagger/schema/ApiModelBuilder.class]
2024-10-27 22:54:56,380 DEBUG [main][ClassPathScanningCandidateComponentProvider.java:435] - Identified candidate component class: URL [jar:file:/D:/develop/repository/io/springfox/springfox-swagger-common/2.9.2/springfox-swagger-common-2.9.2.jar!/springfox/documentation/swagger/schema/ApiModelBuilder.class]
2024-10-27 22:54:56,381 DEBUG [main][ClassPathScanningCandidateComponentProvider.java:435] - Identified candidate component class: URL [jar:file:/D:/develop/repository/io/springfox/springfox-swagger-common/2.9.2/springfox-swagger-common-2.9.2.jar!/springfox/documentation/swagger/readers/operation/OperationImplicitParameterReader.class]
2024-10-27 22:54:56,381 DEBUG [main][ClassPathScanningCandidateComponentProvider.java:435] - Identified candidate component class: URL [jar:file:/D:/develop/repository/io/springfox/springfox-swagger-common/2.9.2/springfox-swagger-common-2.9.2.jar!/springfox/documentation/swagger/readers/operation/OperationImplicitParameterReader.class]
2024-10-27 22:54:56,381 DEBUG [main][ClassPathScanningCandidateComponentProvider.java:435] - Identified candidate component class: URL [jar:file:/D:/develop/repository/io/springfox/springfox-swagger-common/2.9.2/springfox-swagger-common-2.9.2.jar!/springfox/documentation/swagger/readers/operation/VendorExtensionsReader.class]
2024-10-27 22:54:56,381 DEBUG [main][ClassPathScanningCandidateComponentProvider.java:435] - Identified candidate component class: URL [jar:file:/D:/develop/repository/io/springfox/springfox-swagger-common/2.9.2/springfox-swagger-common-2.9.2.jar!/springfox/documentation/swagger/readers/operation/VendorExtensionsReader.class]
2024-10-27 22:54:56,382 DEBUG [main][ClassPathScanningCandidateComponentProvider.java:435] - Identified candidate component class: URL [jar:file:/D:/develop/repository/io/springfox/springfox-swagger-common/2.9.2/springfox-swagger-common-2.9.2.jar!/springfox/documentation/swagger/readers/operation/SwaggerOperationResponseClassReader.class]
2024-10-27 22:54:56,382 DEBUG [main][ClassPathScanningCandidateComponentProvider.java:435] - Identified candidate component class: URL [jar:file:/D:/develop/repository/io/springfox/springfox-swagger-common/2.9.2/springfox-swagger-common-2.9.2.jar!/springfox/documentation/swagger/readers/operation/SwaggerOperationResponseClassReader.class]
2024-10-27 22:54:56,382 DEBUG [main][ClassPathScanningCandidateComponentProvider.java:435] - Identified candidate component class: URL [jar:file:/D:/develop/repository/io/springfox/springfox-swagger-common/2.9.2/springfox-swagger-common-2.9.2.jar!/springfox/documentation/swagger/readers/operation/SwaggerOperationModelsProvider.class]
2024-10-27 22:54:56,382 DEBUG [main][ClassPathScanningCandidateComponentProvider.java:435] - Identified candidate component class: URL [jar:file:/D:/develop/repository/io/springfox/springfox-swagger-common/2.9.2/springfox-swagger-common-2.9.2.jar!/springfox/documentation/swagger/readers/operation/SwaggerOperationModelsProvider.class]
2024-10-27 22:54:56,382 DEBUG [main][ClassPathScanningCandidateComponentProvider.java:435] - Identified candidate component class: URL [jar:file:/D:/develop/repository/io/springfox/springfox-swagger-common/2.9.2/springfox-swagger-common-2.9.2.jar!/springfox/documentation/swagger/readers/operation/SwaggerMediaTypeReader.class]
2024-10-27 22:54:56,382 DEBUG [main][ClassPathScanningCandidateComponentProvider.java:435] - Identified candidate component class: URL [jar:file:/D:/develop/repository/io/springfox/springfox-swagger-common/2.9.2/springfox-swagger-common-2.9.2.jar!/springfox/documentation/swagger/readers/operation/SwaggerMediaTypeReader.class]
2024-10-27 22:54:56,383 DEBUG [main][ClassPathScanningCandidateComponentProvider.java:435] - Identified candidate component class: URL [jar:file:/D:/develop/repository/io/springfox/springfox-swagger-common/2.9.2/springfox-swagger-common-2.9.2.jar!/springfox/documentation/swagger/readers/operation/OperationHttpMethodReader.class]
2024-10-27 22:54:56,383 DEBUG [main][ClassPathScanningCandidateComponentProvider.java:435] - Identified candidate component class: URL [jar:file:/D:/develop/repository/io/springfox/springfox-swagger-common/2.9.2/springfox-swagger-common-2.9.2.jar!/springfox/documentation/swagger/readers/operation/OperationHttpMethodReader.class]
2024-10-27 22:54:56,383 DEBUG [main][ClassPathScanningCandidateComponentProvider.java:435] - Identified candidate component class: URL [jar:file:/D:/develop/repository/io/springfox/springfox-swagger-common/2.9.2/springfox-swagger-common-2.9.2.jar!/springfox/documentation/swagger/readers/operation/OperationImplicitParametersReader.class]
2024-10-27 22:54:56,383 DEBUG [main][ClassPathScanningCandidateComponentProvider.java:435] - Identified candidate component class: URL [jar:file:/D:/develop/repository/io/springfox/springfox-swagger-common/2.9.2/springfox-swagger-common-2.9.2.jar!/springfox/documentation/swagger/readers/operation/OperationImplicitParametersReader.class]
2024-10-27 22:54:56,383 DEBUG [main][ClassPathScanningCandidateComponentProvider.java:435] - Identified candidate component class: URL [jar:file:/D:/develop/repository/io/springfox/springfox-swagger-common/2.9.2/springfox-swagger-common-2.9.2.jar!/springfox/documentation/swagger/readers/operation/OperationAuthReader.class]
2024-10-27 22:54:56,383 DEBUG [main][ClassPathScanningCandidateComponentProvider.java:435] - Identified candidate component class: URL [jar:file:/D:/develop/repository/io/springfox/springfox-swagger-common/2.9.2/springfox-swagger-common-2.9.2.jar!/springfox/documentation/swagger/readers/operation/OperationAuthReader.class]
2024-10-27 22:54:56,383 DEBUG [main][ClassPathScanningCandidateComponentProvider.java:435] - Identified candidate component class: URL [jar:file:/D:/develop/repository/io/springfox/springfox-swagger-common/2.9.2/springfox-swagger-common-2.9.2.jar!/springfox/documentation/swagger/readers/operation/OperationHiddenReader.class]
2024-10-27 22:54:56,383 DEBUG [main][ClassPathScanningCandidateComponentProvider.java:435] - Identified candidate component class: URL [jar:file:/D:/develop/repository/io/springfox/springfox-swagger-common/2.9.2/springfox-swagger-common-2.9.2.jar!/springfox/documentation/swagger/readers/operation/OperationHiddenReader.class]
2024-10-27 22:54:56,384 DEBUG [main][ClassPathScanningCandidateComponentProvider.java:435] - Identified candidate component class: URL [jar:file:/D:/develop/repository/io/springfox/springfox-swagger-common/2.9.2/springfox-swagger-common-2.9.2.jar!/springfox/documentation/swagger/readers/operation/OperationSummaryReader.class]
2024-10-27 22:54:56,384 DEBUG [main][ClassPathScanningCandidateComponentProvider.java:435] - Identified candidate component class: URL [jar:file:/D:/develop/repository/io/springfox/springfox-swagger-common/2.9.2/springfox-swagger-common-2.9.2.jar!/springfox/documentation/swagger/readers/operation/OperationSummaryReader.class]
2024-10-27 22:54:56,384 DEBUG [main][ClassPathScanningCandidateComponentProvider.java:435] - Identified candidate component class: URL [jar:file:/D:/develop/repository/io/springfox/springfox-swagger-common/2.9.2/springfox-swagger-common-2.9.2.jar!/springfox/documentation/swagger/readers/operation/SwaggerResponseMessageReader.class]
2024-10-27 22:54:56,384 DEBUG [main][ClassPathScanningCandidateComponentProvider.java:435] - Identified candidate component class: URL [jar:file:/D:/develop/repository/io/springfox/springfox-swagger-common/2.9.2/springfox-swagger-common-2.9.2.jar!/springfox/documentation/swagger/readers/operation/SwaggerResponseMessageReader.class]
2024-10-27 22:54:56,384 DEBUG [main][ClassPathScanningCandidateComponentProvider.java:435] - Identified candidate component class: URL [jar:file:/D:/develop/repository/io/springfox/springfox-swagger-common/2.9.2/springfox-swagger-common-2.9.2.jar!/springfox/documentation/swagger/readers/operation/OperationNicknameIntoUniqueIdReader.class]
2024-10-27 22:54:56,384 DEBUG [main][ClassPathScanningCandidateComponentProvider.java:435] - Identified candidate component class: URL [jar:file:/D:/develop/repository/io/springfox/springfox-swagger-common/2.9.2/springfox-swagger-common-2.9.2.jar!/springfox/documentation/swagger/readers/operation/OperationNicknameIntoUniqueIdReader.class]
2024-10-27 22:54:56,384 DEBUG [main][ClassPathScanningCandidateComponentProvider.java:435] - Identified candidate component class: URL [jar:file:/D:/develop/repository/io/springfox/springfox-swagger-common/2.9.2/springfox-swagger-common-2.9.2.jar!/springfox/documentation/swagger/readers/operation/OperationPositionReader.class]
2024-10-27 22:54:56,384 DEBUG [main][ClassPathScanningCandidateComponentProvider.java:435] - Identified candidate component class: URL [jar:file:/D:/develop/repository/io/springfox/springfox-swagger-common/2.9.2/springfox-swagger-common-2.9.2.jar!/springfox/documentation/swagger/readers/operation/OperationPositionReader.class]
2024-10-27 22:54:56,384 DEBUG [main][ClassPathScanningCandidateComponentProvider.java:435] - Identified candidate component class: URL [jar:file:/D:/develop/repository/io/springfox/springfox-swagger-common/2.9.2/springfox-swagger-common-2.9.2.jar!/springfox/documentation/swagger/readers/operation/OperationNotesReader.class]
2024-10-27 22:54:56,384 DEBUG [main][ClassPathScanningCandidateComponentProvider.java:435] - Identified candidate component class: URL [jar:file:/D:/develop/repository/io/springfox/springfox-swagger-common/2.9.2/springfox-swagger-common-2.9.2.jar!/springfox/documentation/swagger/readers/operation/OperationNotesReader.class]
2024-10-27 22:54:56,384 DEBUG [main][ClassPathScanningCandidateComponentProvider.java:435] - Identified candidate component class: URL [jar:file:/D:/develop/repository/io/springfox/springfox-swagger-common/2.9.2/springfox-swagger-common-2.9.2.jar!/springfox/documentation/swagger/readers/operation/SwaggerOperationTagsReader.class]
2024-10-27 22:54:56,384 DEBUG [main][ClassPathScanningCandidateComponentProvider.java:435] - Identified candidate component class: URL [jar:file:/D:/develop/repository/io/springfox/springfox-swagger-common/2.9.2/springfox-swagger-common-2.9.2.jar!/springfox/documentation/swagger/readers/operation/SwaggerOperationTagsReader.class]
2024-10-27 22:54:56,385 DEBUG [main][ClassPathScanningCandidateComponentProvider.java:435] - Identified candidate component class: URL [jar:file:/D:/develop/repository/io/springfox/springfox-swagger-common/2.9.2/springfox-swagger-common-2.9.2.jar!/springfox/documentation/swagger/readers/parameter/ApiParamParameterBuilder.class]
2024-10-27 22:54:56,385 DEBUG [main][ClassPathScanningCandidateComponentProvider.java:435] - Identified candidate component class: URL [jar:file:/D:/develop/repository/io/springfox/springfox-swagger-common/2.9.2/springfox-swagger-common-2.9.2.jar!/springfox/documentation/swagger/readers/parameter/ApiParamParameterBuilder.class]
2024-10-27 22:54:56,385 DEBUG [main][ClassPathScanningCandidateComponentProvider.java:435] - Identified candidate component class: URL [jar:file:/D:/develop/repository/io/springfox/springfox-swagger-common/2.9.2/springfox-swagger-common-2.9.2.jar!/springfox/documentation/swagger/readers/parameter/SwaggerExpandedParameterBuilder.class]
2024-10-27 22:54:56,385 DEBUG [main][ClassPathScanningCandidateComponentProvider.java:435] - Identified candidate component class: URL [jar:file:/D:/develop/repository/io/springfox/springfox-swagger-common/2.9.2/springfox-swagger-common-2.9.2.jar!/springfox/documentation/swagger/readers/parameter/SwaggerExpandedParameterBuilder.class]
2024-10-27 22:54:56,388 DEBUG [main][ClassPathScanningCandidateComponentProvider.java:435] - Identified candidate component class: URL [jar:file:/D:/develop/repository/io/springfox/springfox-swagger-common/2.9.2/springfox-swagger-common-2.9.2.jar!/springfox/documentation/swagger/web/SwaggerApiListingReader.class]
2024-10-27 22:54:56,388 DEBUG [main][ClassPathScanningCandidateComponentProvider.java:435] - Identified candidate component class: URL [jar:file:/D:/develop/repository/io/springfox/springfox-swagger-common/2.9.2/springfox-swagger-common-2.9.2.jar!/springfox/documentation/swagger/web/SwaggerApiListingReader.class]
2024-10-27 22:54:56,389 DEBUG [main][ClassPathScanningCandidateComponentProvider.java:435] - Identified candidate component class: URL [jar:file:/D:/develop/repository/io/springfox/springfox-swagger-common/2.9.2/springfox-swagger-common-2.9.2.jar!/springfox/documentation/swagger/web/ClassOrApiAnnotationResourceGrouping.class]
2024-10-27 22:54:56,389 DEBUG [main][ClassPathScanningCandidateComponentProvider.java:435] - Identified candidate component class: URL [jar:file:/D:/develop/repository/io/springfox/springfox-swagger-common/2.9.2/springfox-swagger-common-2.9.2.jar!/springfox/documentation/swagger/web/ClassOrApiAnnotationResourceGrouping.class]
2024-10-27 22:54:56,389 DEBUG [main][ClassPathScanningCandidateComponentProvider.java:435] - Identified candidate component class: URL [jar:file:/D:/develop/repository/io/springfox/springfox-swagger-common/2.9.2/springfox-swagger-common-2.9.2.jar!/springfox/documentation/swagger/web/InMemorySwaggerResourcesProvider.class]
2024-10-27 22:54:56,389 DEBUG [main][ClassPathScanningCandidateComponentProvider.java:435] - Identified candidate component class: URL [jar:file:/D:/develop/repository/io/springfox/springfox-swagger-common/2.9.2/springfox-swagger-common-2.9.2.jar!/springfox/documentation/swagger/web/InMemorySwaggerResourcesProvider.class]
2024-10-27 22:54:56,390 DEBUG [main][ClassPathScanningCandidateComponentProvider.java:435] - Identified candidate component class: URL [jar:file:/D:/develop/repository/io/springfox/springfox-swagger-common/2.9.2/springfox-swagger-common-2.9.2.jar!/springfox/documentation/swagger/web/ApiResourceController.class]
2024-10-27 22:54:56,390 DEBUG [main][ClassPathScanningCandidateComponentProvider.java:435] - Identified candidate component class: URL [jar:file:/D:/develop/repository/io/springfox/springfox-swagger-common/2.9.2/springfox-swagger-common-2.9.2.jar!/springfox/documentation/swagger/web/ApiResourceController.class]
2024-10-27 22:54:56,463 DEBUG [main][PropertySourcesPropertyResolver.java:115] - Found key 'spring.jmx.enabled' in PropertySource 'configurationProperties' with value of type String
2024-10-27 22:54:56,463 DEBUG [main][PropertySourcesPropertyResolver.java:115] - Found key 'spring.jmx.enabled' in PropertySource 'configurationProperties' with value of type String
2024-10-27 22:54:56,464 DEBUG [main][PropertySourcesPropertyResolver.java:115] - Found key 'spring.application.admin.enabled' in PropertySource 'configurationProperties' with value of type String
2024-10-27 22:54:56,464 DEBUG [main][PropertySourcesPropertyResolver.java:115] - Found key 'spring.application.admin.enabled' in PropertySource 'configurationProperties' with value of type String
2024-10-27 22:54:56,482 DEBUG [main][PropertySourcesPropertyResolver.java:115] - Found key 'swagger.enabled' in PropertySource 'configurationProperties' with value of type Boolean
2024-10-27 22:54:56,482 DEBUG [main][PropertySourcesPropertyResolver.java:115] - Found key 'swagger.enabled' in PropertySource 'configurationProperties' with value of type Boolean
2024-10-27 22:54:56,486 DEBUG [main][PropertySourcesPropertyResolver.java:115] - Found key 'swagger.enabled' in PropertySource 'configurationProperties' with value of type Boolean
2024-10-27 22:54:56,486 DEBUG [main][PropertySourcesPropertyResolver.java:115] - Found key 'swagger.enabled' in PropertySource 'configurationProperties' with value of type Boolean
2024-10-27 22:54:56,529 DEBUG [main][PropertySourcesPropertyResolver.java:115] - Found key 'spring.jmx.enabled' in PropertySource 'configurationProperties' with value of type String
2024-10-27 22:54:56,529 DEBUG [main][PropertySourcesPropertyResolver.java:115] - Found key 'spring.jmx.enabled' in PropertySource 'configurationProperties' with value of type String
2024-10-27 22:54:56,531 DEBUG [main][PropertySourcesPropertyResolver.java:115] - Found key 'spring.application.admin.enabled' in PropertySource 'configurationProperties' with value of type String
2024-10-27 22:54:56,531 DEBUG [main][PropertySourcesPropertyResolver.java:115] - Found key 'spring.application.admin.enabled' in PropertySource 'configurationProperties' with value of type String
2024-10-27 22:54:56,558 DEBUG [main][DefaultSingletonBeanRegistry.java:225] - Creating shared instance of singleton bean 'refreshScope'
2024-10-27 22:54:56,558 DEBUG [main][DefaultSingletonBeanRegistry.java:225] - Creating shared instance of singleton bean 'refreshScope'
2024-10-27 22:54:56,559 DEBUG [main][DefaultSingletonBeanRegistry.java:225] - Creating shared instance of singleton bean 'org.springframework.cloud.autoconfigure.RefreshAutoConfiguration$RefreshScopeBeanDefinitionEnhancer'
2024-10-27 22:54:56,559 DEBUG [main][DefaultSingletonBeanRegistry.java:225] - Creating shared instance of singleton bean 'org.springframework.cloud.autoconfigure.RefreshAutoConfiguration$RefreshScopeBeanDefinitionEnhancer'
2024-10-27 22:54:56,591 DEBUG [main][GenericScope.java:291] - Generating bean factory id from names: [accessorsProvider, apiDescriptionLookup, apiDescriptionReader, apiDocumentationScanner, apiListingBuilderPluginRegistry, apiListingReader, apiListingReferenceScanner, apiListingScanner, apiListingScannerPluginRegistry, apiModelBuilder, apiModelPropertyPropertyBuilder, apiModelReader, apiModelTypeNameProvider, apiOperationReader, apiResourceController, applicationAvailability, applicationTaskExecutor, basicErrorController, beanNameHandlerMapping, beanNameViewResolver, bootstrapApplicationListener.BootstrapMarkerConfiguration, cachingModelDependencyProvider, cachingModelPropertiesProvider, cachingModelProvider, cachingOperationNameGenerator, cachingOperationReader, characterEncodingFilter, classOrApiAnnotationResourceGrouping, com.spring4all.swagger.Swagger2Configuration, com.spring4all.swagger.SwaggerAutoConfiguration, configurationPropertiesBeans, configurationPropertiesRebinder, contentApplication, contextRefresher, conventionErrorViewResolver, courseBaseInfoController, createRestApi, decimalMinMaxPlugin, defaultModelDependencyProvider, defaultModelProvider, defaultOperationReader, defaultServletHandlerMapping, defaultTagsProvider, defaultValidator, defaultViewResolver, defaults, defaultsProviderPluginRegistry, descriptionResolver, dispatcherServlet, dispatcherServletRegistration, documentationPluginRegistry, documentationPluginsBootstrapper, documentationPluginsManager, environmentManager, error, errorAttributes, errorPageCustomizer, errorPageRegistrarBeanPostProcessor, expandedParameterBuilder, expandedParameterBuilderPluginRegistry, expanderMinMax, expanderNotNull, expanderPattern, expanderSize, factoryMethodProvider, fieldProvider, formContentFilter, handlerExceptionResolver, handlerFunctionAdapter, httpRequestHandlerAdapter, inMemorySwaggerResourcesProvider, jacksonEnumTypeDeterminer, jacksonObjectMapper, jacksonObjectMapperBuilder, jsonComponentModule, jsonSerializer, licenseMapperImpl, lifecycleProcessor, localeCharsetMappingsCustomizer, loggingRebinder, mappingJackson2HttpMessageConverter, mbeanExporter, mbeanServer, mediaTypeReader, messageConverters, methodResolver, methodValidationPostProcessor, minMaxPlugin, modelAttributeParameterExpander, modelBuilderPluginRegistry, modelMapperImpl, modelPropertyBuilderPluginRegistry, multipartConfigElement, multipartResolver, mvcContentNegotiationManager, mvcConversionService, mvcHandlerMappingIntrospector, mvcPathMatcher, mvcResourceUrlProvider, mvcUriComponentsContributor, mvcUrlPathHelper, mvcValidator, mvcViewResolver, notNullPlugin, objectMapperBeanPropertyNamingStrategy, objectMapperConfigurer, objectNamingStrategy, operationAuthReader, operationBuilderPluginRegistry, operationDeprecatedReader, operationHiddenReader, operationHttpMethodReader, operationImplicitParameterReader, operationImplicitParametersReader, operationModelsProvider, operationModelsProviderPluginRegistry, operationNicknameIntoUniqueIdReader, operationNotesReader, operationParameterHeadersConditionReader, operationParameterReader, operationParameterRequestConditionReader, operationPathDecorator, operationPositionReader, operationResponseClassReader, operationSummaryReader, operationTagsReader, optimized, org.springframework.boot.autoconfigure.AutoConfigurationPackages, org.springframework.boot.autoconfigure.admin.SpringApplicationAdminJmxAutoConfiguration, org.springframework.boot.autoconfigure.aop.AopAutoConfiguration, org.springframework.boot.autoconfigure.aop.AopAutoConfiguration$ClassProxyingConfiguration, org.springframework.boot.autoconfigure.availability.ApplicationAvailabilityAutoConfiguration, org.springframework.boot.autoconfigure.context.ConfigurationPropertiesAutoConfiguration, org.springframework.boot.autoconfigure.context.LifecycleAutoConfiguration, org.springframework.boot.autoconfigure.context.PropertyPlaceholderAutoConfiguration, org.springframework.boot.autoconfigure.http.HttpMessageConvertersAutoConfiguration, org.springframework.boot.autoconfigure.http.HttpMessageConvertersAutoConfiguration$StringHttpMessageConverterConfiguration, org.springframework.boot.autoconfigure.http.JacksonHttpMessageConvertersConfiguration, org.springframework.boot.autoconfigure.http.JacksonHttpMessageConvertersConfiguration$MappingJackson2HttpMessageConverterConfiguration, org.springframework.boot.autoconfigure.info.ProjectInfoAutoConfiguration, org.springframework.boot.autoconfigure.internalCachingMetadataReaderFactory, org.springframework.boot.autoconfigure.jackson.JacksonAutoConfiguration, org.springframework.boot.autoconfigure.jackson.JacksonAutoConfiguration$Jackson2ObjectMapperBuilderCustomizerConfiguration, org.springframework.boot.autoconfigure.jackson.JacksonAutoConfiguration$JacksonObjectMapperBuilderConfiguration, org.springframework.boot.autoconfigure.jackson.JacksonAutoConfiguration$JacksonObjectMapperConfiguration, org.springframework.boot.autoconfigure.jackson.JacksonAutoConfiguration$ParameterNamesModuleConfiguration, org.springframework.boot.autoconfigure.jmx.JmxAutoConfiguration, org.springframework.boot.autoconfigure.task.TaskExecutionAutoConfiguration, org.springframework.boot.autoconfigure.task.TaskSchedulingAutoConfiguration, org.springframework.boot.autoconfigure.validation.ValidationAutoConfiguration, org.springframework.boot.autoconfigure.web.client.RestTemplateAutoConfiguration, org.springframework.boot.autoconfigure.web.embedded.EmbeddedWebServerFactoryCustomizerAutoConfiguration, org.springframework.boot.autoconfigure.web.embedded.EmbeddedWebServerFactoryCustomizerAutoConfiguration$TomcatWebServerFactoryCustomizerConfiguration, org.springframework.boot.autoconfigure.web.servlet.DispatcherServletAutoConfiguration, org.springframework.boot.autoconfigure.web.servlet.DispatcherServletAutoConfiguration$DispatcherServletConfiguration, org.springframework.boot.autoconfigure.web.servlet.DispatcherServletAutoConfiguration$DispatcherServletRegistrationConfiguration, org.springframework.boot.autoconfigure.web.servlet.HttpEncodingAutoConfiguration, org.springframework.boot.autoconfigure.web.servlet.MultipartAutoConfiguration, org.springframework.boot.autoconfigure.web.servlet.ServletWebServerFactoryAutoConfiguration, org.springframework.boot.autoconfigure.web.servlet.ServletWebServerFactoryConfiguration$EmbeddedTomcat, org.springframework.boot.autoconfigure.web.servlet.WebMvcAutoConfiguration, org.springframework.boot.autoconfigure.web.servlet.WebMvcAutoConfiguration$EnableWebMvcConfiguration, org.springframework.boot.autoconfigure.web.servlet.WebMvcAutoConfiguration$WebMvcAutoConfigurationAdapter, org.springframework.boot.autoconfigure.web.servlet.error.ErrorMvcAutoConfiguration, org.springframework.boot.autoconfigure.web.servlet.error.ErrorMvcAutoConfiguration$DefaultErrorViewResolverConfiguration, org.springframework.boot.autoconfigure.web.servlet.error.ErrorMvcAutoConfiguration$WhitelabelErrorViewConfiguration, org.springframework.boot.autoconfigure.websocket.servlet.WebSocketServletAutoConfiguration, org.springframework.boot.autoconfigure.websocket.servlet.WebSocketServletAutoConfiguration$TomcatWebSocketConfiguration, org.springframework.boot.context.internalConfigurationPropertiesBinder, org.springframework.boot.context.internalConfigurationPropertiesBinderFactory, org.springframework.boot.context.properties.BoundConfigurationProperties, org.springframework.boot.context.properties.ConfigurationBeanFactoryMetadata, org.springframework.boot.context.properties.ConfigurationPropertiesBindingPostProcessor, org.springframework.cloud.autoconfigure.ConfigurationPropertiesRebinderAutoConfiguration, org.springframework.cloud.autoconfigure.LifecycleMvcEndpointAutoConfiguration, org.springframework.cloud.autoconfigure.RefreshAutoConfiguration, org.springframework.cloud.autoconfigure.RefreshAutoConfiguration$RefreshScopeBeanDefinitionEnhancer, org.springframework.context.annotation.internalAutowiredAnnotationProcessor, org.springframework.context.annotation.internalCommonAnnotationProcessor, org.springframework.context.annotation.internalConfigurationAnnotationProcessor, org.springframework.context.event.internalEventListenerFactory, org.springframework.context.event.internalEventListenerProcessor, parameterBuilderPluginRegistry, parameterDataTypeReader, parameterDefaultReader, parameterMapperImpl, parameterMinMax, parameterMultiplesReader, parameterNameReader, parameterNamesModule, parameterNotNull, parameterPattern, parameterRequiredReader, parameterSize, parameterTypeReader, pathDecoratorRegistry, pathMappingDecorator, pathSanitizer, patternPlugin, preserveErrorControllerTargetClassPostProcessor, propertyDiscriminatorBasedInheritancePlugin, propertySourcesPlaceholderConfigurer, queryStringUriTemplateDecorator, refreshEventListener, refreshScope, requestContextFilter, requestMappingHandlerAdapter, requestMappingHandlerMapping, resourceGroupCache, resourceGroupingStrategyRegistry, resourceHandlerMapping, responseMessagesReader, restTemplateBuilder, routerFunctionMapping, schemaPluginsManager, securityMapperImpl, server-org.springframework.boot.autoconfigure.web.ServerProperties, serviceModelToSwagger2MapperImpl, servletWebServerFactoryCustomizer, simpleControllerHandlerAdapter, sizePlugin, spring.info-org.springframework.boot.autoconfigure.info.ProjectInfoProperties, spring.jackson-org.springframework.boot.autoconfigure.jackson.JacksonProperties, spring.lifecycle-org.springframework.boot.autoconfigure.context.LifecycleProperties, spring.mvc-org.springframework.boot.autoconfigure.web.servlet.WebMvcProperties, spring.resources-org.springframework.boot.autoconfigure.web.ResourceProperties, spring.servlet.multipart-org.springframework.boot.autoconfigure.web.servlet.MultipartProperties, spring.task.execution-org.springframework.boot.autoconfigure.task.TaskExecutionProperties, spring.task.scheduling-org.springframework.boot.autoconfigure.task.TaskSchedulingProperties, springApplicationAdminRegistrar, springfox.bean.validators.configuration.BeanValidatorPluginsConfiguration, springfox.documentation.schema.configuration.ModelsConfiguration, springfox.documentation.spring.web.SpringfoxWebMvcConfiguration, springfox.documentation.swagger.configuration.SwaggerCommonConfiguration, springfox.documentation.swagger2.configuration.Swagger2DocumentationConfiguration, standardJacksonObjectMapperBuilderCustomizer, stringHttpMessageConverter, swagger2ControllerMapping, swagger2Module, swaggerApiListingReader, swaggerExpandedParameterBuilder, swaggerMediaTypeReader, swaggerOperationModelsProvider, swaggerOperationResponseClassReader, swaggerOperationTagsReader, swaggerParameterDescriptionReader, swaggerProperties, swaggerResponseMessageReader, syntheticModelProviderPluginRegistry, taskExecutorBuilder, taskSchedulerBuilder, tomcatServletWebServerFactory, tomcatServletWebServerFactoryCustomizer, tomcatWebServerFactoryCustomizer, typeNameExtractor, typeNameProviderPluginRegistry, typeResolver, uiConfiguration, vendorExtensionsMapperImpl, vendorExtensionsReader, viewControllerHandlerMapping, viewResolver, webMvcRequestHandlerProvider, webServerFactoryCustomizerBeanPostProcessor, websocketServletWebServerCustomizer, welcomePageHandlerMapping, xmlModelPlugin, xmlPropertyPlugin]
2024-10-27 22:54:56,591 DEBUG [main][GenericScope.java:291] - Generating bean factory id from names: [accessorsProvider, apiDescriptionLookup, apiDescriptionReader, apiDocumentationScanner, apiListingBuilderPluginRegistry, apiListingReader, apiListingReferenceScanner, apiListingScanner, apiListingScannerPluginRegistry, apiModelBuilder, apiModelPropertyPropertyBuilder, apiModelReader, apiModelTypeNameProvider, apiOperationReader, apiResourceController, applicationAvailability, applicationTaskExecutor, basicErrorController, beanNameHandlerMapping, beanNameViewResolver, bootstrapApplicationListener.BootstrapMarkerConfiguration, cachingModelDependencyProvider, cachingModelPropertiesProvider, cachingModelProvider, cachingOperationNameGenerator, cachingOperationReader, characterEncodingFilter, classOrApiAnnotationResourceGrouping, com.spring4all.swagger.Swagger2Configuration, com.spring4all.swagger.SwaggerAutoConfiguration, configurationPropertiesBeans, configurationPropertiesRebinder, contentApplication, contextRefresher, conventionErrorViewResolver, courseBaseInfoController, createRestApi, decimalMinMaxPlugin, defaultModelDependencyProvider, defaultModelProvider, defaultOperationReader, defaultServletHandlerMapping, defaultTagsProvider, defaultValidator, defaultViewResolver, defaults, defaultsProviderPluginRegistry, descriptionResolver, dispatcherServlet, dispatcherServletRegistration, documentationPluginRegistry, documentationPluginsBootstrapper, documentationPluginsManager, environmentManager, error, errorAttributes, errorPageCustomizer, errorPageRegistrarBeanPostProcessor, expandedParameterBuilder, expandedParameterBuilderPluginRegistry, expanderMinMax, expanderNotNull, expanderPattern, expanderSize, factoryMethodProvider, fieldProvider, formContentFilter, handlerExceptionResolver, handlerFunctionAdapter, httpRequestHandlerAdapter, inMemorySwaggerResourcesProvider, jacksonEnumTypeDeterminer, jacksonObjectMapper, jacksonObjectMapperBuilder, jsonComponentModule, jsonSerializer, licenseMapperImpl, lifecycleProcessor, localeCharsetMappingsCustomizer, loggingRebinder, mappingJackson2HttpMessageConverter, mbeanExporter, mbeanServer, mediaTypeReader, messageConverters, methodResolver, methodValidationPostProcessor, minMaxPlugin, modelAttributeParameterExpander, modelBuilderPluginRegistry, modelMapperImpl, modelPropertyBuilderPluginRegistry, multipartConfigElement, multipartResolver, mvcContentNegotiationManager, mvcConversionService, mvcHandlerMappingIntrospector, mvcPathMatcher, mvcResourceUrlProvider, mvcUriComponentsContributor, mvcUrlPathHelper, mvcValidator, mvcViewResolver, notNullPlugin, objectMapperBeanPropertyNamingStrategy, objectMapperConfigurer, objectNamingStrategy, operationAuthReader, operationBuilderPluginRegistry, operationDeprecatedReader, operationHiddenReader, operationHttpMethodReader, operationImplicitParameterReader, operationImplicitParametersReader, operationModelsProvider, operationModelsProviderPluginRegistry, operationNicknameIntoUniqueIdReader, operationNotesReader, operationParameterHeadersConditionReader, operationParameterReader, operationParameterRequestConditionReader, operationPathDecorator, operationPositionReader, operationResponseClassReader, operationSummaryReader, operationTagsReader, optimized, org.springframework.boot.autoconfigure.AutoConfigurationPackages, org.springframework.boot.autoconfigure.admin.SpringApplicationAdminJmxAutoConfiguration, org.springframework.boot.autoconfigure.aop.AopAutoConfiguration, org.springframework.boot.autoconfigure.aop.AopAutoConfiguration$ClassProxyingConfiguration, org.springframework.boot.autoconfigure.availability.ApplicationAvailabilityAutoConfiguration, org.springframework.boot.autoconfigure.context.ConfigurationPropertiesAutoConfiguration, org.springframework.boot.autoconfigure.context.LifecycleAutoConfiguration, org.springframework.boot.autoconfigure.context.PropertyPlaceholderAutoConfiguration, org.springframework.boot.autoconfigure.http.HttpMessageConvertersAutoConfiguration, org.springframework.boot.autoconfigure.http.HttpMessageConvertersAutoConfiguration$StringHttpMessageConverterConfiguration, org.springframework.boot.autoconfigure.http.JacksonHttpMessageConvertersConfiguration, org.springframework.boot.autoconfigure.http.JacksonHttpMessageConvertersConfiguration$MappingJackson2HttpMessageConverterConfiguration, org.springframework.boot.autoconfigure.info.ProjectInfoAutoConfiguration, org.springframework.boot.autoconfigure.internalCachingMetadataReaderFactory, org.springframework.boot.autoconfigure.jackson.JacksonAutoConfiguration, org.springframework.boot.autoconfigure.jackson.JacksonAutoConfiguration$Jackson2ObjectMapperBuilderCustomizerConfiguration, org.springframework.boot.autoconfigure.jackson.JacksonAutoConfiguration$JacksonObjectMapperBuilderConfiguration, org.springframework.boot.autoconfigure.jackson.JacksonAutoConfiguration$JacksonObjectMapperConfiguration, org.springframework.boot.autoconfigure.jackson.JacksonAutoConfiguration$ParameterNamesModuleConfiguration, org.springframework.boot.autoconfigure.jmx.JmxAutoConfiguration, org.springframework.boot.autoconfigure.task.TaskExecutionAutoConfiguration, org.springframework.boot.autoconfigure.task.TaskSchedulingAutoConfiguration, org.springframework.boot.autoconfigure.validation.ValidationAutoConfiguration, org.springframework.boot.autoconfigure.web.client.RestTemplateAutoConfiguration, org.springframework.boot.autoconfigure.web.embedded.EmbeddedWebServerFactoryCustomizerAutoConfiguration, org.springframework.boot.autoconfigure.web.embedded.EmbeddedWebServerFactoryCustomizerAutoConfiguration$TomcatWebServerFactoryCustomizerConfiguration, org.springframework.boot.autoconfigure.web.servlet.DispatcherServletAutoConfiguration, org.springframework.boot.autoconfigure.web.servlet.DispatcherServletAutoConfiguration$DispatcherServletConfiguration, org.springframework.boot.autoconfigure.web.servlet.DispatcherServletAutoConfiguration$DispatcherServletRegistrationConfiguration, org.springframework.boot.autoconfigure.web.servlet.HttpEncodingAutoConfiguration, org.springframework.boot.autoconfigure.web.servlet.MultipartAutoConfiguration, org.springframework.boot.autoconfigure.web.servlet.ServletWebServerFactoryAutoConfiguration, org.springframework.boot.autoconfigure.web.servlet.ServletWebServerFactoryConfiguration$EmbeddedTomcat, org.springframework.boot.autoconfigure.web.servlet.WebMvcAutoConfiguration, org.springframework.boot.autoconfigure.web.servlet.WebMvcAutoConfiguration$EnableWebMvcConfiguration, org.springframework.boot.autoconfigure.web.servlet.WebMvcAutoConfiguration$WebMvcAutoConfigurationAdapter, org.springframework.boot.autoconfigure.web.servlet.error.ErrorMvcAutoConfiguration, org.springframework.boot.autoconfigure.web.servlet.error.ErrorMvcAutoConfiguration$DefaultErrorViewResolverConfiguration, org.springframework.boot.autoconfigure.web.servlet.error.ErrorMvcAutoConfiguration$WhitelabelErrorViewConfiguration, org.springframework.boot.autoconfigure.websocket.servlet.WebSocketServletAutoConfiguration, org.springframework.boot.autoconfigure.websocket.servlet.WebSocketServletAutoConfiguration$TomcatWebSocketConfiguration, org.springframework.boot.context.internalConfigurationPropertiesBinder, org.springframework.boot.context.internalConfigurationPropertiesBinderFactory, org.springframework.boot.context.properties.BoundConfigurationProperties, org.springframework.boot.context.properties.ConfigurationBeanFactoryMetadata, org.springframework.boot.context.properties.ConfigurationPropertiesBindingPostProcessor, org.springframework.cloud.autoconfigure.ConfigurationPropertiesRebinderAutoConfiguration, org.springframework.cloud.autoconfigure.LifecycleMvcEndpointAutoConfiguration, org.springframework.cloud.autoconfigure.RefreshAutoConfiguration, org.springframework.cloud.autoconfigure.RefreshAutoConfiguration$RefreshScopeBeanDefinitionEnhancer, org.springframework.context.annotation.internalAutowiredAnnotationProcessor, org.springframework.context.annotation.internalCommonAnnotationProcessor, org.springframework.context.annotation.internalConfigurationAnnotationProcessor, org.springframework.context.event.internalEventListenerFactory, org.springframework.context.event.internalEventListenerProcessor, parameterBuilderPluginRegistry, parameterDataTypeReader, parameterDefaultReader, parameterMapperImpl, parameterMinMax, parameterMultiplesReader, parameterNameReader, parameterNamesModule, parameterNotNull, parameterPattern, parameterRequiredReader, parameterSize, parameterTypeReader, pathDecoratorRegistry, pathMappingDecorator, pathSanitizer, patternPlugin, preserveErrorControllerTargetClassPostProcessor, propertyDiscriminatorBasedInheritancePlugin, propertySourcesPlaceholderConfigurer, queryStringUriTemplateDecorator, refreshEventListener, refreshScope, requestContextFilter, requestMappingHandlerAdapter, requestMappingHandlerMapping, resourceGroupCache, resourceGroupingStrategyRegistry, resourceHandlerMapping, responseMessagesReader, restTemplateBuilder, routerFunctionMapping, schemaPluginsManager, securityMapperImpl, server-org.springframework.boot.autoconfigure.web.ServerProperties, serviceModelToSwagger2MapperImpl, servletWebServerFactoryCustomizer, simpleControllerHandlerAdapter, sizePlugin, spring.info-org.springframework.boot.autoconfigure.info.ProjectInfoProperties, spring.jackson-org.springframework.boot.autoconfigure.jackson.JacksonProperties, spring.lifecycle-org.springframework.boot.autoconfigure.context.LifecycleProperties, spring.mvc-org.springframework.boot.autoconfigure.web.servlet.WebMvcProperties, spring.resources-org.springframework.boot.autoconfigure.web.ResourceProperties, spring.servlet.multipart-org.springframework.boot.autoconfigure.web.servlet.MultipartProperties, spring.task.execution-org.springframework.boot.autoconfigure.task.TaskExecutionProperties, spring.task.scheduling-org.springframework.boot.autoconfigure.task.TaskSchedulingProperties, springApplicationAdminRegistrar, springfox.bean.validators.configuration.BeanValidatorPluginsConfiguration, springfox.documentation.schema.configuration.ModelsConfiguration, springfox.documentation.spring.web.SpringfoxWebMvcConfiguration, springfox.documentation.swagger.configuration.SwaggerCommonConfiguration, springfox.documentation.swagger2.configuration.Swagger2DocumentationConfiguration, standardJacksonObjectMapperBuilderCustomizer, stringHttpMessageConverter, swagger2ControllerMapping, swagger2Module, swaggerApiListingReader, swaggerExpandedParameterBuilder, swaggerMediaTypeReader, swaggerOperationModelsProvider, swaggerOperationResponseClassReader, swaggerOperationTagsReader, swaggerParameterDescriptionReader, swaggerProperties, swaggerResponseMessageReader, syntheticModelProviderPluginRegistry, taskExecutorBuilder, taskSchedulerBuilder, tomcatServletWebServerFactory, tomcatServletWebServerFactoryCustomizer, tomcatWebServerFactoryCustomizer, typeNameExtractor, typeNameProviderPluginRegistry, typeResolver, uiConfiguration, vendorExtensionsMapperImpl, vendorExtensionsReader, viewControllerHandlerMapping, viewResolver, webMvcRequestHandlerProvider, webServerFactoryCustomizerBeanPostProcessor, websocketServletWebServerCustomizer, welcomePageHandlerMapping, xmlModelPlugin, xmlPropertyPlugin]
2024-10-27 22:54:56,592 INFO [main][GenericScope.java:295] - BeanFactory id=9ac44329-0e61-372d-9d7b-c403aeef7987
2024-10-27 22:54:56,592 INFO [main][GenericScope.java:295] - BeanFactory id=9ac44329-0e61-372d-9d7b-c403aeef7987
2024-10-27 22:54:56,593 DEBUG [main][DefaultSingletonBeanRegistry.java:225] - Creating shared instance of singleton bean 'propertySourcesPlaceholderConfigurer'
2024-10-27 22:54:56,593 DEBUG [main][DefaultSingletonBeanRegistry.java:225] - Creating shared instance of singleton bean 'propertySourcesPlaceholderConfigurer'
2024-10-27 22:54:56,594 DEBUG [main][DefaultSingletonBeanRegistry.java:225] - Creating shared instance of singleton bean 'org.springframework.context.event.internalEventListenerProcessor'
2024-10-27 22:54:56,594 DEBUG [main][DefaultSingletonBeanRegistry.java:225] - Creating shared instance of singleton bean 'org.springframework.context.event.internalEventListenerProcessor'
2024-10-27 22:54:56,594 DEBUG [main][DefaultSingletonBeanRegistry.java:225] - Creating shared instance of singleton bean 'preserveErrorControllerTargetClassPostProcessor'
2024-10-27 22:54:56,594 DEBUG [main][DefaultSingletonBeanRegistry.java:225] - Creating shared instance of singleton bean 'preserveErrorControllerTargetClassPostProcessor'
2024-10-27 22:54:56,594 DEBUG [main][DefaultSingletonBeanRegistry.java:225] - Creating shared instance of singleton bean 'org.springframework.context.event.internalEventListenerFactory'
2024-10-27 22:54:56,594 DEBUG [main][DefaultSingletonBeanRegistry.java:225] - Creating shared instance of singleton bean 'org.springframework.context.event.internalEventListenerFactory'
2024-10-27 22:54:56,595 DEBUG [main][DefaultSingletonBeanRegistry.java:225] - Creating shared instance of singleton bean 'org.springframework.context.annotation.internalAutowiredAnnotationProcessor'
2024-10-27 22:54:56,595 DEBUG [main][DefaultSingletonBeanRegistry.java:225] - Creating shared instance of singleton bean 'org.springframework.context.annotation.internalAutowiredAnnotationProcessor'
2024-10-27 22:54:56,595 DEBUG [main][DefaultSingletonBeanRegistry.java:225] - Creating shared instance of singleton bean 'org.springframework.context.annotation.internalCommonAnnotationProcessor'
2024-10-27 22:54:56,595 DEBUG [main][DefaultSingletonBeanRegistry.java:225] - Creating shared instance of singleton bean 'org.springframework.context.annotation.internalCommonAnnotationProcessor'
2024-10-27 22:54:56,596 DEBUG [main][DefaultSingletonBeanRegistry.java:225] - Creating shared instance of singleton bean 'org.springframework.boot.context.properties.ConfigurationPropertiesBindingPostProcessor'
2024-10-27 22:54:56,596 DEBUG [main][DefaultSingletonBeanRegistry.java:225] - Creating shared instance of singleton bean 'org.springframework.boot.context.properties.ConfigurationPropertiesBindingPostProcessor'
2024-10-27 22:54:56,596 DEBUG [main][DefaultSingletonBeanRegistry.java:225] - Creating shared instance of singleton bean 'org.springframework.boot.context.internalConfigurationPropertiesBinder'
2024-10-27 22:54:56,596 DEBUG [main][DefaultSingletonBeanRegistry.java:225] - Creating shared instance of singleton bean 'org.springframework.boot.context.internalConfigurationPropertiesBinder'
2024-10-27 22:54:56,596 DEBUG [main][DefaultSingletonBeanRegistry.java:225] - Creating shared instance of singleton bean 'org.springframework.boot.context.internalConfigurationPropertiesBinderFactory'
2024-10-27 22:54:56,596 DEBUG [main][DefaultSingletonBeanRegistry.java:225] - Creating shared instance of singleton bean 'org.springframework.boot.context.internalConfigurationPropertiesBinderFactory'
2024-10-27 22:54:56,596 DEBUG [main][DefaultSingletonBeanRegistry.java:225] - Creating shared instance of singleton bean 'methodValidationPostProcessor'
2024-10-27 22:54:56,596 DEBUG [main][DefaultSingletonBeanRegistry.java:225] - Creating shared instance of singleton bean 'methodValidationPostProcessor'
2024-10-27 22:54:56,600 DEBUG [main][ConstructorResolver.java:807] - Autowiring by type from bean name 'methodValidationPostProcessor' via factory method to bean named 'environment'
2024-10-27 22:54:56,600 DEBUG [main][ConstructorResolver.java:807] - Autowiring by type from bean name 'methodValidationPostProcessor' via factory method to bean named 'environment'
2024-10-27 22:54:56,602 DEBUG [main][DefaultSingletonBeanRegistry.java:225] - Creating shared instance of singleton bean 'objectMapperConfigurer'
2024-10-27 22:54:56,602 DEBUG [main][DefaultSingletonBeanRegistry.java:225] - Creating shared instance of singleton bean 'objectMapperConfigurer'
2024-10-27 22:54:56,603 DEBUG [main][DefaultSingletonBeanRegistry.java:225] - Creating shared instance of singleton bean 'webServerFactoryCustomizerBeanPostProcessor'
2024-10-27 22:54:56,603 DEBUG [main][DefaultSingletonBeanRegistry.java:225] - Creating shared instance of singleton bean 'webServerFactoryCustomizerBeanPostProcessor'
2024-10-27 22:54:56,603 DEBUG [main][DefaultSingletonBeanRegistry.java:225] - Creating shared instance of singleton bean 'errorPageRegistrarBeanPostProcessor'
2024-10-27 22:54:56,603 DEBUG [main][DefaultSingletonBeanRegistry.java:225] - Creating shared instance of singleton bean 'errorPageRegistrarBeanPostProcessor'
2024-10-27 22:54:56,603 DEBUG [main][DefaultSingletonBeanRegistry.java:225] - Creating shared instance of singleton bean 'configurationPropertiesBeans'
2024-10-27 22:54:56,603 DEBUG [main][DefaultSingletonBeanRegistry.java:225] - Creating shared instance of singleton bean 'configurationPropertiesBeans'
2024-10-27 22:54:56,605 DEBUG [main][UiApplicationContextUtils.java:85] - Unable to locate ThemeSource with name 'themeSource': using default [org.springframework.ui.context.support.ResourceBundleThemeSource@50194e8d]
2024-10-27 22:54:56,605 DEBUG [main][UiApplicationContextUtils.java:85] - Unable to locate ThemeSource with name 'themeSource': using default [org.springframework.ui.context.support.ResourceBundleThemeSource@50194e8d]
2024-10-27 22:54:56,605 DEBUG [main][DefaultSingletonBeanRegistry.java:225] - Creating shared instance of singleton bean 'tomcatServletWebServerFactory'
2024-10-27 22:54:56,605 DEBUG [main][DefaultSingletonBeanRegistry.java:225] - Creating shared instance of singleton bean 'tomcatServletWebServerFactory'
2024-10-27 22:54:56,605 DEBUG [main][DefaultSingletonBeanRegistry.java:225] - Creating shared instance of singleton bean 'org.springframework.boot.autoconfigure.web.servlet.ServletWebServerFactoryConfiguration$EmbeddedTomcat'
2024-10-27 22:54:56,605 DEBUG [main][DefaultSingletonBeanRegistry.java:225] - Creating shared instance of singleton bean 'org.springframework.boot.autoconfigure.web.servlet.ServletWebServerFactoryConfiguration$EmbeddedTomcat'
2024-10-27 22:54:56,620 DEBUG [main][DefaultSingletonBeanRegistry.java:225] - Creating shared instance of singleton bean 'websocketServletWebServerCustomizer'
2024-10-27 22:54:56,620 DEBUG [main][DefaultSingletonBeanRegistry.java:225] - Creating shared instance of singleton bean 'websocketServletWebServerCustomizer'
2024-10-27 22:54:56,621 DEBUG [main][DefaultSingletonBeanRegistry.java:225] - Creating shared instance of singleton bean 'org.springframework.boot.autoconfigure.websocket.servlet.WebSocketServletAutoConfiguration$TomcatWebSocketConfiguration'
2024-10-27 22:54:56,621 DEBUG [main][DefaultSingletonBeanRegistry.java:225] - Creating shared instance of singleton bean 'org.springframework.boot.autoconfigure.websocket.servlet.WebSocketServletAutoConfiguration$TomcatWebSocketConfiguration'
2024-10-27 22:54:56,621 DEBUG [main][DefaultSingletonBeanRegistry.java:225] - Creating shared instance of singleton bean 'servletWebServerFactoryCustomizer'
2024-10-27 22:54:56,621 DEBUG [main][DefaultSingletonBeanRegistry.java:225] - Creating shared instance of singleton bean 'servletWebServerFactoryCustomizer'
2024-10-27 22:54:56,621 DEBUG [main][DefaultSingletonBeanRegistry.java:225] - Creating shared instance of singleton bean 'org.springframework.boot.autoconfigure.web.servlet.ServletWebServerFactoryAutoConfiguration'
2024-10-27 22:54:56,621 DEBUG [main][DefaultSingletonBeanRegistry.java:225] - Creating shared instance of singleton bean 'org.springframework.boot.autoconfigure.web.servlet.ServletWebServerFactoryAutoConfiguration'
2024-10-27 22:54:56,623 DEBUG [main][DefaultSingletonBeanRegistry.java:225] - Creating shared instance of singleton bean 'server-org.springframework.boot.autoconfigure.web.ServerProperties'
2024-10-27 22:54:56,623 DEBUG [main][DefaultSingletonBeanRegistry.java:225] - Creating shared instance of singleton bean 'server-org.springframework.boot.autoconfigure.web.ServerProperties'
2024-10-27 22:54:56,625 DEBUG [main][DefaultSingletonBeanRegistry.java:225] - Creating shared instance of singleton bean 'org.springframework.boot.context.properties.BoundConfigurationProperties'
2024-10-27 22:54:56,625 DEBUG [main][DefaultSingletonBeanRegistry.java:225] - Creating shared instance of singleton bean 'org.springframework.boot.context.properties.BoundConfigurationProperties'
2024-10-27 22:54:56,629 DEBUG [main][ConstructorResolver.java:807] - Autowiring by type from bean name 'servletWebServerFactoryCustomizer' via factory method to bean named 'server-org.springframework.boot.autoconfigure.web.ServerProperties'
2024-10-27 22:54:56,629 DEBUG [main][ConstructorResolver.java:807] - Autowiring by type from bean name 'servletWebServerFactoryCustomizer' via factory method to bean named 'server-org.springframework.boot.autoconfigure.web.ServerProperties'
2024-10-27 22:54:56,629 DEBUG [main][DefaultSingletonBeanRegistry.java:225] - Creating shared instance of singleton bean 'tomcatServletWebServerFactoryCustomizer'
2024-10-27 22:54:56,629 DEBUG [main][DefaultSingletonBeanRegistry.java:225] - Creating shared instance of singleton bean 'tomcatServletWebServerFactoryCustomizer'
2024-10-27 22:54:56,629 DEBUG [main][ConstructorResolver.java:807] - Autowiring by type from bean name 'tomcatServletWebServerFactoryCustomizer' via factory method to bean named 'server-org.springframework.boot.autoconfigure.web.ServerProperties'
2024-10-27 22:54:56,629 DEBUG [main][ConstructorResolver.java:807] - Autowiring by type from bean name 'tomcatServletWebServerFactoryCustomizer' via factory method to bean named 'server-org.springframework.boot.autoconfigure.web.ServerProperties'
2024-10-27 22:54:56,630 DEBUG [main][DefaultSingletonBeanRegistry.java:225] - Creating shared instance of singleton bean 'tomcatWebServerFactoryCustomizer'
2024-10-27 22:54:56,630 DEBUG [main][DefaultSingletonBeanRegistry.java:225] - Creating shared instance of singleton bean 'tomcatWebServerFactoryCustomizer'
2024-10-27 22:54:56,630 DEBUG [main][DefaultSingletonBeanRegistry.java:225] - Creating shared instance of singleton bean 'org.springframework.boot.autoconfigure.web.embedded.EmbeddedWebServerFactoryCustomizerAutoConfiguration$TomcatWebServerFactoryCustomizerConfiguration'
2024-10-27 22:54:56,630 DEBUG [main][DefaultSingletonBeanRegistry.java:225] - Creating shared instance of singleton bean 'org.springframework.boot.autoconfigure.web.embedded.EmbeddedWebServerFactoryCustomizerAutoConfiguration$TomcatWebServerFactoryCustomizerConfiguration'
2024-10-27 22:54:56,630 DEBUG [main][ConstructorResolver.java:807] - Autowiring by type from bean name 'tomcatWebServerFactoryCustomizer' via factory method to bean named 'environment'
2024-10-27 22:54:56,631 DEBUG [main][ConstructorResolver.java:807] - Autowiring by type from bean name 'tomcatWebServerFactoryCustomizer' via factory method to bean named 'server-org.springframework.boot.autoconfigure.web.ServerProperties'
2024-10-27 22:54:56,630 DEBUG [main][ConstructorResolver.java:807] - Autowiring by type from bean name 'tomcatWebServerFactoryCustomizer' via factory method to bean named 'environment'
2024-10-27 22:54:56,631 DEBUG [main][ConstructorResolver.java:807] - Autowiring by type from bean name 'tomcatWebServerFactoryCustomizer' via factory method to bean named 'server-org.springframework.boot.autoconfigure.web.ServerProperties'
2024-10-27 22:54:56,631 DEBUG [main][DefaultSingletonBeanRegistry.java:225] - Creating shared instance of singleton bean 'localeCharsetMappingsCustomizer'
2024-10-27 22:54:56,631 DEBUG [main][DefaultSingletonBeanRegistry.java:225] - Creating shared instance of singleton bean 'localeCharsetMappingsCustomizer'
2024-10-27 22:54:56,631 DEBUG [main][DefaultSingletonBeanRegistry.java:225] - Creating shared instance of singleton bean 'org.springframework.boot.autoconfigure.web.servlet.HttpEncodingAutoConfiguration'
2024-10-27 22:54:56,631 DEBUG [main][DefaultSingletonBeanRegistry.java:225] - Creating shared instance of singleton bean 'org.springframework.boot.autoconfigure.web.servlet.HttpEncodingAutoConfiguration'
2024-10-27 22:54:56,632 DEBUG [main][ConstructorResolver.java:807] - Autowiring by type from bean name 'org.springframework.boot.autoconfigure.web.servlet.HttpEncodingAutoConfiguration' via constructor to bean named 'server-org.springframework.boot.autoconfigure.web.ServerProperties'
2024-10-27 22:54:56,632 DEBUG [main][ConstructorResolver.java:807] - Autowiring by type from bean name 'org.springframework.boot.autoconfigure.web.servlet.HttpEncodingAutoConfiguration' via constructor to bean named 'server-org.springframework.boot.autoconfigure.web.ServerProperties'
2024-10-27 22:54:56,643 DEBUG [main][DefaultSingletonBeanRegistry.java:225] - Creating shared instance of singleton bean 'errorPageCustomizer'
2024-10-27 22:54:56,643 DEBUG [main][DefaultSingletonBeanRegistry.java:225] - Creating shared instance of singleton bean 'errorPageCustomizer'
2024-10-27 22:54:56,643 DEBUG [main][DefaultSingletonBeanRegistry.java:225] - Creating shared instance of singleton bean 'org.springframework.boot.autoconfigure.web.servlet.error.ErrorMvcAutoConfiguration'
2024-10-27 22:54:56,643 DEBUG [main][DefaultSingletonBeanRegistry.java:225] - Creating shared instance of singleton bean 'org.springframework.boot.autoconfigure.web.servlet.error.ErrorMvcAutoConfiguration'
2024-10-27 22:54:56,644 DEBUG [main][ConstructorResolver.java:807] - Autowiring by type from bean name 'org.springframework.boot.autoconfigure.web.servlet.error.ErrorMvcAutoConfiguration' via constructor to bean named 'server-org.springframework.boot.autoconfigure.web.ServerProperties'
2024-10-27 22:54:56,644 DEBUG [main][ConstructorResolver.java:807] - Autowiring by type from bean name 'org.springframework.boot.autoconfigure.web.servlet.error.ErrorMvcAutoConfiguration' via constructor to bean named 'server-org.springframework.boot.autoconfigure.web.ServerProperties'
2024-10-27 22:54:56,645 DEBUG [main][DefaultSingletonBeanRegistry.java:225] - Creating shared instance of singleton bean 'dispatcherServletRegistration'
2024-10-27 22:54:56,645 DEBUG [main][DefaultSingletonBeanRegistry.java:225] - Creating shared instance of singleton bean 'dispatcherServletRegistration'
2024-10-27 22:54:56,645 DEBUG [main][DefaultSingletonBeanRegistry.java:225] - Creating shared instance of singleton bean 'org.springframework.boot.autoconfigure.web.servlet.DispatcherServletAutoConfiguration$DispatcherServletRegistrationConfiguration'
2024-10-27 22:54:56,645 DEBUG [main][DefaultSingletonBeanRegistry.java:225] - Creating shared instance of singleton bean 'org.springframework.boot.autoconfigure.web.servlet.DispatcherServletAutoConfiguration$DispatcherServletRegistrationConfiguration'
2024-10-27 22:54:56,645 DEBUG [main][DefaultSingletonBeanRegistry.java:225] - Creating shared instance of singleton bean 'dispatcherServlet'
2024-10-27 22:54:56,645 DEBUG [main][DefaultSingletonBeanRegistry.java:225] - Creating shared instance of singleton bean 'dispatcherServlet'
2024-10-27 22:54:56,645 DEBUG [main][DefaultSingletonBeanRegistry.java:225] - Creating shared instance of singleton bean 'org.springframework.boot.autoconfigure.web.servlet.DispatcherServletAutoConfiguration$DispatcherServletConfiguration'
2024-10-27 22:54:56,645 DEBUG [main][DefaultSingletonBeanRegistry.java:225] - Creating shared instance of singleton bean 'org.springframework.boot.autoconfigure.web.servlet.DispatcherServletAutoConfiguration$DispatcherServletConfiguration'
2024-10-27 22:54:56,646 DEBUG [main][DefaultSingletonBeanRegistry.java:225] - Creating shared instance of singleton bean 'spring.mvc-org.springframework.boot.autoconfigure.web.servlet.WebMvcProperties'
2024-10-27 22:54:56,646 DEBUG [main][DefaultSingletonBeanRegistry.java:225] - Creating shared instance of singleton bean 'spring.mvc-org.springframework.boot.autoconfigure.web.servlet.WebMvcProperties'
2024-10-27 22:54:56,647 DEBUG [main][ConstructorResolver.java:807] - Autowiring by type from bean name 'dispatcherServlet' via factory method to bean named 'spring.mvc-org.springframework.boot.autoconfigure.web.servlet.WebMvcProperties'
2024-10-27 22:54:56,647 DEBUG [main][ConstructorResolver.java:807] - Autowiring by type from bean name 'dispatcherServlet' via factory method to bean named 'spring.mvc-org.springframework.boot.autoconfigure.web.servlet.WebMvcProperties'
2024-10-27 22:54:56,652 DEBUG [main][ConstructorResolver.java:807] - Autowiring by type from bean name 'dispatcherServletRegistration' via factory method to bean named 'dispatcherServlet'
2024-10-27 22:54:56,652 DEBUG [main][ConstructorResolver.java:807] - Autowiring by type from bean name 'dispatcherServletRegistration' via factory method to bean named 'dispatcherServlet'
2024-10-27 22:54:56,652 DEBUG [main][ConstructorResolver.java:807] - Autowiring by type from bean name 'dispatcherServletRegistration' via factory method to bean named 'spring.mvc-org.springframework.boot.autoconfigure.web.servlet.WebMvcProperties'
2024-10-27 22:54:56,652 DEBUG [main][ConstructorResolver.java:807] - Autowiring by type from bean name 'dispatcherServletRegistration' via factory method to bean named 'spring.mvc-org.springframework.boot.autoconfigure.web.servlet.WebMvcProperties'
2024-10-27 22:54:56,653 DEBUG [main][DefaultSingletonBeanRegistry.java:225] - Creating shared instance of singleton bean 'multipartConfigElement'
2024-10-27 22:54:56,653 DEBUG [main][DefaultSingletonBeanRegistry.java:225] - Creating shared instance of singleton bean 'multipartConfigElement'
2024-10-27 22:54:56,653 DEBUG [main][DefaultSingletonBeanRegistry.java:225] - Creating shared instance of singleton bean 'org.springframework.boot.autoconfigure.web.servlet.MultipartAutoConfiguration'
2024-10-27 22:54:56,653 DEBUG [main][DefaultSingletonBeanRegistry.java:225] - Creating shared instance of singleton bean 'org.springframework.boot.autoconfigure.web.servlet.MultipartAutoConfiguration'
2024-10-27 22:54:56,654 DEBUG [main][DefaultSingletonBeanRegistry.java:225] - Creating shared instance of singleton bean 'spring.servlet.multipart-org.springframework.boot.autoconfigure.web.servlet.MultipartProperties'
2024-10-27 22:54:56,654 DEBUG [main][DefaultSingletonBeanRegistry.java:225] - Creating shared instance of singleton bean 'spring.servlet.multipart-org.springframework.boot.autoconfigure.web.servlet.MultipartProperties'
2024-10-27 22:54:56,655 DEBUG [main][ConstructorResolver.java:807] - Autowiring by type from bean name 'org.springframework.boot.autoconfigure.web.servlet.MultipartAutoConfiguration' via constructor to bean named 'spring.servlet.multipart-org.springframework.boot.autoconfigure.web.servlet.MultipartProperties'
2024-10-27 22:54:56,655 DEBUG [main][ConstructorResolver.java:807] - Autowiring by type from bean name 'org.springframework.boot.autoconfigure.web.servlet.MultipartAutoConfiguration' via constructor to bean named 'spring.servlet.multipart-org.springframework.boot.autoconfigure.web.servlet.MultipartProperties'
2024-10-27 22:54:56,657 DEBUG [main][ConstructorResolver.java:807] - Autowiring by type from bean name 'errorPageCustomizer' via factory method to bean named 'dispatcherServletRegistration'
2024-10-27 22:54:56,657 DEBUG [main][ConstructorResolver.java:807] - Autowiring by type from bean name 'errorPageCustomizer' via factory method to bean named 'dispatcherServletRegistration'
2024-10-27 22:54:56,681 DEBUG [main][DocumentRoot.java:81] - Code archive: D:\develop\repository\org\springframework\boot\spring-boot\2.3.7.RELEASE\spring-boot-2.3.7.RELEASE.jar
2024-10-27 22:54:56,681 DEBUG [main][DocumentRoot.java:81] - Code archive: D:\develop\repository\org\springframework\boot\spring-boot\2.3.7.RELEASE\spring-boot-2.3.7.RELEASE.jar
2024-10-27 22:54:56,682 DEBUG [main][DocumentRoot.java:125] - Code archive: D:\develop\repository\org\springframework\boot\spring-boot\2.3.7.RELEASE\spring-boot-2.3.7.RELEASE.jar
2024-10-27 22:54:56,682 DEBUG [main][DocumentRoot.java:125] - Code archive: D:\develop\repository\org\springframework\boot\spring-boot\2.3.7.RELEASE\spring-boot-2.3.7.RELEASE.jar
2024-10-27 22:54:56,682 DEBUG [main][DocumentRoot.java:149] - None of the document roots [src/main/webapp, public, static] point to a directory and will be ignored.
2024-10-27 22:54:56,682 DEBUG [main][DocumentRoot.java:149] - None of the document roots [src/main/webapp, public, static] point to a directory and will be ignored.
2024-10-27 22:54:56,691 INFO [main][TomcatWebServer.java:108] - Tomcat initialized with port(s): 63040 (http)
2024-10-27 22:54:56,691 INFO [main][TomcatWebServer.java:108] - Tomcat initialized with port(s): 63040 (http)
2024-10-27 22:54:56,699 INFO [main][DirectJDKLog.java:173] - Initializing ProtocolHandler ["http-nio-63040"]
2024-10-27 22:54:56,699 INFO [main][DirectJDKLog.java:173] - Initializing ProtocolHandler ["http-nio-63040"]
2024-10-27 22:54:56,699 INFO [main][DirectJDKLog.java:173] - Starting service [Tomcat]
2024-10-27 22:54:56,699 INFO [main][DirectJDKLog.java:173] - Starting service [Tomcat]
2024-10-27 22:54:56,699 INFO [main][DirectJDKLog.java:173] - Starting Servlet engine: [Apache Tomcat/9.0.41]
2024-10-27 22:54:56,699 INFO [main][DirectJDKLog.java:173] - Starting Servlet engine: [Apache Tomcat/9.0.41]
2024-10-27 22:54:56,742 INFO [main][DirectJDKLog.java:173] - Initializing Spring embedded WebApplicationContext
2024-10-27 22:54:56,742 INFO [main][DirectJDKLog.java:173] - Initializing Spring embedded WebApplicationContext
2024-10-27 22:54:56,742 DEBUG [main][ServletWebServerApplicationContext.java:279] - Published root WebApplicationContext as ServletContext attribute with name [org.springframework.web.context.WebApplicationContext.ROOT]
2024-10-27 22:54:56,742 DEBUG [main][ServletWebServerApplicationContext.java:279] - Published root WebApplicationContext as ServletContext attribute with name [org.springframework.web.context.WebApplicationContext.ROOT]
2024-10-27 22:54:56,742 INFO [main][ServletWebServerApplicationContext.java:285] - Root WebApplicationContext: initialization completed in 455 ms
2024-10-27 22:54:56,742 INFO [main][ServletWebServerApplicationContext.java:285] - Root WebApplicationContext: initialization completed in 455 ms
2024-10-27 22:54:56,745 DEBUG [main][DefaultSingletonBeanRegistry.java:225] - Creating shared instance of singleton bean 'requestContextFilter'
2024-10-27 22:54:56,745 DEBUG [main][DefaultSingletonBeanRegistry.java:225] - Creating shared instance of singleton bean 'requestContextFilter'
2024-10-27 22:54:56,745 DEBUG [main][DefaultSingletonBeanRegistry.java:225] - Creating shared instance of singleton bean 'formContentFilter'
2024-10-27 22:54:56,745 DEBUG [main][DefaultSingletonBeanRegistry.java:225] - Creating shared instance of singleton bean 'formContentFilter'
2024-10-27 22:54:56,746 DEBUG [main][DefaultSingletonBeanRegistry.java:225] - Creating shared instance of singleton bean 'org.springframework.boot.autoconfigure.web.servlet.WebMvcAutoConfiguration'
2024-10-27 22:54:56,746 DEBUG [main][DefaultSingletonBeanRegistry.java:225] - Creating shared instance of singleton bean 'org.springframework.boot.autoconfigure.web.servlet.WebMvcAutoConfiguration'
2024-10-27 22:54:56,747 DEBUG [main][DefaultSingletonBeanRegistry.java:225] - Creating shared instance of singleton bean 'characterEncodingFilter'
2024-10-27 22:54:56,747 DEBUG [main][DefaultSingletonBeanRegistry.java:225] - Creating shared instance of singleton bean 'characterEncodingFilter'
2024-10-27 22:54:56,751 DEBUG [main][ServletContextInitializerBeans.java:235] - Mapping filters: characterEncodingFilter urls=[/*] order=-2147483648, formContentFilter urls=[/*] order=-9900, requestContextFilter urls=[/*] order=-105
2024-10-27 22:54:56,751 DEBUG [main][ServletContextInitializerBeans.java:235] - Mapping filters: characterEncodingFilter urls=[/*] order=-2147483648, formContentFilter urls=[/*] order=-9900, requestContextFilter urls=[/*] order=-105
2024-10-27 22:54:56,751 DEBUG [main][ServletContextInitializerBeans.java:235] - Mapping servlets: dispatcherServlet urls=[/]
2024-10-27 22:54:56,751 DEBUG [main][ServletContextInitializerBeans.java:235] - Mapping servlets: dispatcherServlet urls=[/]
2024-10-27 22:54:56,758 DEBUG [main][GenericFilterBean.java:242] - Filter 'requestContextFilter' configured for use
2024-10-27 22:54:56,758 DEBUG [main][GenericFilterBean.java:242] - Filter 'requestContextFilter' configured for use
2024-10-27 22:54:56,758 DEBUG [main][GenericFilterBean.java:242] - Filter 'characterEncodingFilter' configured for use
2024-10-27 22:54:56,758 DEBUG [main][GenericFilterBean.java:242] - Filter 'characterEncodingFilter' configured for use
2024-10-27 22:54:56,758 DEBUG [main][GenericFilterBean.java:242] - Filter 'formContentFilter' configured for use
2024-10-27 22:54:56,758 DEBUG [main][GenericFilterBean.java:242] - Filter 'formContentFilter' configured for use
2024-10-27 22:54:56,762 DEBUG [main][DefaultSingletonBeanRegistry.java:225] - Creating shared instance of singleton bean 'contentApplication'
2024-10-27 22:54:56,762 DEBUG [main][DefaultSingletonBeanRegistry.java:225] - Creating shared instance of singleton bean 'contentApplication'
2024-10-27 22:54:56,762 DEBUG [main][DefaultSingletonBeanRegistry.java:225] - Creating shared instance of singleton bean 'bootstrapApplicationListener.BootstrapMarkerConfiguration'
2024-10-27 22:54:56,762 DEBUG [main][DefaultSingletonBeanRegistry.java:225] - Creating shared instance of singleton bean 'bootstrapApplicationListener.BootstrapMarkerConfiguration'
2024-10-27 22:54:56,763 DEBUG [main][DefaultSingletonBeanRegistry.java:225] - Creating shared instance of singleton bean 'courseBaseInfoController'
2024-10-27 22:54:56,763 DEBUG [main][DefaultSingletonBeanRegistry.java:225] - Creating shared instance of singleton bean 'courseBaseInfoController'
2024-10-27 22:54:56,765 DEBUG [main][DefaultSingletonBeanRegistry.java:225] - Creating shared instance of singleton bean 'serviceModelToSwagger2MapperImpl'
2024-10-27 22:54:56,765 DEBUG [main][DefaultSingletonBeanRegistry.java:225] - Creating shared instance of singleton bean 'serviceModelToSwagger2MapperImpl'
2024-10-27 22:54:56,768 DEBUG [main][DefaultSingletonBeanRegistry.java:225] - Creating shared instance of singleton bean 'modelMapperImpl'
2024-10-27 22:54:56,768 DEBUG [main][DefaultSingletonBeanRegistry.java:225] - Creating shared instance of singleton bean 'modelMapperImpl'
2024-10-27 22:54:56,770 DEBUG [main][DefaultSingletonBeanRegistry.java:225] - Creating shared instance of singleton bean 'parameterMapperImpl'
2024-10-27 22:54:56,770 DEBUG [main][DefaultSingletonBeanRegistry.java:225] - Creating shared instance of singleton bean 'parameterMapperImpl'
2024-10-27 22:54:56,770 DEBUG [main][DefaultSingletonBeanRegistry.java:225] - Creating shared instance of singleton bean 'securityMapperImpl'
2024-10-27 22:54:56,770 DEBUG [main][DefaultSingletonBeanRegistry.java:225] - Creating shared instance of singleton bean 'securityMapperImpl'
2024-10-27 22:54:56,773 DEBUG [main][DefaultSingletonBeanRegistry.java:225] - Creating shared instance of singleton bean 'licenseMapperImpl'
2024-10-27 22:54:56,773 DEBUG [main][DefaultSingletonBeanRegistry.java:225] - Creating shared instance of singleton bean 'licenseMapperImpl'
2024-10-27 22:54:56,774 DEBUG [main][DefaultSingletonBeanRegistry.java:225] - Creating shared instance of singleton bean 'vendorExtensionsMapperImpl'
2024-10-27 22:54:56,774 DEBUG [main][DefaultSingletonBeanRegistry.java:225] - Creating shared instance of singleton bean 'vendorExtensionsMapperImpl'
2024-10-27 22:54:56,775 DEBUG [main][DefaultSingletonBeanRegistry.java:225] - Creating shared instance of singleton bean 'apiListingReferenceScanner'
2024-10-27 22:54:56,775 DEBUG [main][DefaultSingletonBeanRegistry.java:225] - Creating shared instance of singleton bean 'apiListingReferenceScanner'
2024-10-27 22:54:56,775 DEBUG [main][DefaultSingletonBeanRegistry.java:225] - Creating shared instance of singleton bean 'apiDocumentationScanner'
2024-10-27 22:54:56,775 DEBUG [main][DefaultSingletonBeanRegistry.java:225] - Creating shared instance of singleton bean 'apiDocumentationScanner'
2024-10-27 22:54:56,777 DEBUG [main][DefaultSingletonBeanRegistry.java:225] - Creating shared instance of singleton bean 'apiListingScanner'
2024-10-27 22:54:56,777 DEBUG [main][DefaultSingletonBeanRegistry.java:225] - Creating shared instance of singleton bean 'apiListingScanner'
2024-10-27 22:54:56,778 DEBUG [main][DefaultSingletonBeanRegistry.java:225] - Creating shared instance of singleton bean 'apiDescriptionReader'
2024-10-27 22:54:56,778 DEBUG [main][DefaultSingletonBeanRegistry.java:225] - Creating shared instance of singleton bean 'apiDescriptionReader'
2024-10-27 22:54:56,780 DEBUG [main][DefaultSingletonBeanRegistry.java:225] - Creating shared instance of singleton bean 'cachingOperationReader'
2024-10-27 22:54:56,780 DEBUG [main][DefaultSingletonBeanRegistry.java:225] - Creating shared instance of singleton bean 'cachingOperationReader'
2024-10-27 22:54:56,780 DEBUG [main][DefaultSingletonBeanRegistry.java:225] - Creating shared instance of singleton bean 'apiOperationReader'
2024-10-27 22:54:56,780 DEBUG [main][DefaultSingletonBeanRegistry.java:225] - Creating shared instance of singleton bean 'apiOperationReader'
2024-10-27 22:54:56,781 DEBUG [main][DefaultSingletonBeanRegistry.java:225] - Creating shared instance of singleton bean 'documentationPluginsManager'
2024-10-27 22:54:56,781 DEBUG [main][DefaultSingletonBeanRegistry.java:225] - Creating shared instance of singleton bean 'documentationPluginsManager'
2024-10-27 22:54:56,783 DEBUG [main][DefaultSingletonBeanRegistry.java:225] - Creating shared instance of singleton bean 'documentationPluginRegistry'
2024-10-27 22:54:56,783 DEBUG [main][DefaultSingletonBeanRegistry.java:225] - Creating shared instance of singleton bean 'documentationPluginRegistry'
2024-10-27 22:54:56,789 DEBUG [main][DefaultSingletonBeanRegistry.java:225] - Creating shared instance of singleton bean 'apiListingBuilderPluginRegistry'
2024-10-27 22:54:56,789 DEBUG [main][DefaultSingletonBeanRegistry.java:225] - Creating shared instance of singleton bean 'apiListingBuilderPluginRegistry'
2024-10-27 22:54:56,790 DEBUG [main][DefaultSingletonBeanRegistry.java:225] - Creating shared instance of singleton bean 'parameterBuilderPluginRegistry'
2024-10-27 22:54:56,790 DEBUG [main][DefaultSingletonBeanRegistry.java:225] - Creating shared instance of singleton bean 'parameterBuilderPluginRegistry'
2024-10-27 22:54:56,790 DEBUG [main][DefaultSingletonBeanRegistry.java:225] - Creating shared instance of singleton bean 'expandedParameterBuilderPluginRegistry'
2024-10-27 22:54:56,790 DEBUG [main][DefaultSingletonBeanRegistry.java:225] - Creating shared instance of singleton bean 'expandedParameterBuilderPluginRegistry'
2024-10-27 22:54:56,791 DEBUG [main][DefaultSingletonBeanRegistry.java:225] - Creating shared instance of singleton bean 'operationBuilderPluginRegistry'
2024-10-27 22:54:56,791 DEBUG [main][DefaultSingletonBeanRegistry.java:225] - Creating shared instance of singleton bean 'operationBuilderPluginRegistry'
2024-10-27 22:54:56,791 DEBUG [main][DefaultSingletonBeanRegistry.java:225] - Creating shared instance of singleton bean 'resourceGroupingStrategyRegistry'
2024-10-27 22:54:56,791 DEBUG [main][DefaultSingletonBeanRegistry.java:225] - Creating shared instance of singleton bean 'resourceGroupingStrategyRegistry'
2024-10-27 22:54:56,792 DEBUG [main][DefaultSingletonBeanRegistry.java:225] - Creating shared instance of singleton bean 'operationModelsProviderPluginRegistry'
2024-10-27 22:54:56,792 DEBUG [main][DefaultSingletonBeanRegistry.java:225] - Creating shared instance of singleton bean 'operationModelsProviderPluginRegistry'
2024-10-27 22:54:56,792 DEBUG [main][DefaultSingletonBeanRegistry.java:225] - Creating shared instance of singleton bean 'defaultsProviderPluginRegistry'
2024-10-27 22:54:56,792 DEBUG [main][DefaultSingletonBeanRegistry.java:225] - Creating shared instance of singleton bean 'defaultsProviderPluginRegistry'
2024-10-27 22:54:56,793 DEBUG [main][DefaultSingletonBeanRegistry.java:225] - Creating shared instance of singleton bean 'pathDecoratorRegistry'
2024-10-27 22:54:56,793 DEBUG [main][DefaultSingletonBeanRegistry.java:225] - Creating shared instance of singleton bean 'pathDecoratorRegistry'
2024-10-27 22:54:56,793 DEBUG [main][DefaultSingletonBeanRegistry.java:225] - Creating shared instance of singleton bean 'apiListingScannerPluginRegistry'
2024-10-27 22:54:56,793 DEBUG [main][DefaultSingletonBeanRegistry.java:225] - Creating shared instance of singleton bean 'apiListingScannerPluginRegistry'
2024-10-27 22:54:56,794 DEBUG [main][DefaultSingletonBeanRegistry.java:225] - Creating shared instance of singleton bean 'cachingOperationNameGenerator'
2024-10-27 22:54:56,794 DEBUG [main][DefaultSingletonBeanRegistry.java:225] - Creating shared instance of singleton bean 'cachingOperationNameGenerator'
2024-10-27 22:54:56,795 DEBUG [main][ConstructorResolver.java:807] - Autowiring by type from bean name 'apiOperationReader' via constructor to bean named 'documentationPluginsManager'
2024-10-27 22:54:56,795 DEBUG [main][ConstructorResolver.java:807] - Autowiring by type from bean name 'apiOperationReader' via constructor to bean named 'documentationPluginsManager'
2024-10-27 22:54:56,795 DEBUG [main][ConstructorResolver.java:807] - Autowiring by type from bean name 'apiOperationReader' via constructor to bean named 'cachingOperationNameGenerator'
2024-10-27 22:54:56,795 DEBUG [main][ConstructorResolver.java:807] - Autowiring by type from bean name 'apiOperationReader' via constructor to bean named 'cachingOperationNameGenerator'
2024-10-27 22:54:56,795 DEBUG [main][ConstructorResolver.java:807] - Autowiring by type from bean name 'cachingOperationReader' via constructor to bean named 'apiOperationReader'
2024-10-27 22:54:56,795 DEBUG [main][ConstructorResolver.java:807] - Autowiring by type from bean name 'cachingOperationReader' via constructor to bean named 'apiOperationReader'
2024-10-27 22:54:56,802 DEBUG [main][DefaultSingletonBeanRegistry.java:225] - Creating shared instance of singleton bean 'apiDescriptionLookup'
2024-10-27 22:54:56,802 DEBUG [main][DefaultSingletonBeanRegistry.java:225] - Creating shared instance of singleton bean 'apiDescriptionLookup'
2024-10-27 22:54:56,803 DEBUG [main][ConstructorResolver.java:807] - Autowiring by type from bean name 'apiDescriptionReader' via constructor to bean named 'cachingOperationReader'
2024-10-27 22:54:56,803 DEBUG [main][ConstructorResolver.java:807] - Autowiring by type from bean name 'apiDescriptionReader' via constructor to bean named 'cachingOperationReader'
2024-10-27 22:54:56,803 DEBUG [main][ConstructorResolver.java:807] - Autowiring by type from bean name 'apiDescriptionReader' via constructor to bean named 'documentationPluginsManager'
2024-10-27 22:54:56,803 DEBUG [main][ConstructorResolver.java:807] - Autowiring by type from bean name 'apiDescriptionReader' via constructor to bean named 'documentationPluginsManager'
2024-10-27 22:54:56,803 DEBUG [main][ConstructorResolver.java:807] - Autowiring by type from bean name 'apiDescriptionReader' via constructor to bean named 'apiDescriptionLookup'
2024-10-27 22:54:56,803 DEBUG [main][ConstructorResolver.java:807] - Autowiring by type from bean name 'apiDescriptionReader' via constructor to bean named 'apiDescriptionLookup'
2024-10-27 22:54:56,803 DEBUG [main][DefaultSingletonBeanRegistry.java:225] - Creating shared instance of singleton bean 'apiModelReader'
2024-10-27 22:54:56,803 DEBUG [main][DefaultSingletonBeanRegistry.java:225] - Creating shared instance of singleton bean 'apiModelReader'
2024-10-27 22:54:56,805 DEBUG [main][DefaultSingletonBeanRegistry.java:225] - Creating shared instance of singleton bean 'cachingModelProvider'
2024-10-27 22:54:56,805 DEBUG [main][DefaultSingletonBeanRegistry.java:225] - Creating shared instance of singleton bean 'cachingModelProvider'
2024-10-27 22:54:56,805 DEBUG [main][DefaultSingletonBeanRegistry.java:225] - Creating shared instance of singleton bean 'defaultModelProvider'
2024-10-27 22:54:56,805 DEBUG [main][DefaultSingletonBeanRegistry.java:225] - Creating shared instance of singleton bean 'defaultModelProvider'
2024-10-27 22:54:56,806 DEBUG [main][DefaultSingletonBeanRegistry.java:225] - Creating shared instance of singleton bean 'typeResolver'
2024-10-27 22:54:56,806 DEBUG [main][DefaultSingletonBeanRegistry.java:225] - Creating shared instance of singleton bean 'typeResolver'
2024-10-27 22:54:56,806 DEBUG [main][DefaultSingletonBeanRegistry.java:225] - Creating shared instance of singleton bean 'springfox.documentation.schema.configuration.ModelsConfiguration'
2024-10-27 22:54:56,806 DEBUG [main][DefaultSingletonBeanRegistry.java:225] - Creating shared instance of singleton bean 'springfox.documentation.schema.configuration.ModelsConfiguration'
2024-10-27 22:54:56,810 DEBUG [main][DefaultSingletonBeanRegistry.java:225] - Creating shared instance of singleton bean 'cachingModelPropertiesProvider'
2024-10-27 22:54:56,810 DEBUG [main][DefaultSingletonBeanRegistry.java:225] - Creating shared instance of singleton bean 'cachingModelPropertiesProvider'
2024-10-27 22:54:56,811 DEBUG [main][DefaultSingletonBeanRegistry.java:225] - Creating shared instance of singleton bean 'optimized'
2024-10-27 22:54:56,811 DEBUG [main][DefaultSingletonBeanRegistry.java:225] - Creating shared instance of singleton bean 'optimized'
2024-10-27 22:54:56,813 DEBUG [main][DefaultSingletonBeanRegistry.java:225] - Creating shared instance of singleton bean 'accessorsProvider'
2024-10-27 22:54:56,813 DEBUG [main][DefaultSingletonBeanRegistry.java:225] - Creating shared instance of singleton bean 'accessorsProvider'
2024-10-27 22:54:56,814 DEBUG [main][ConstructorResolver.java:807] - Autowiring by type from bean name 'accessorsProvider' via constructor to bean named 'typeResolver'
2024-10-27 22:54:56,814 DEBUG [main][ConstructorResolver.java:807] - Autowiring by type from bean name 'accessorsProvider' via constructor to bean named 'typeResolver'
2024-10-27 22:54:56,814 DEBUG [main][DefaultSingletonBeanRegistry.java:225] - Creating shared instance of singleton bean 'fieldProvider'
2024-10-27 22:54:56,814 DEBUG [main][DefaultSingletonBeanRegistry.java:225] - Creating shared instance of singleton bean 'fieldProvider'
2024-10-27 22:54:56,815 DEBUG [main][ConstructorResolver.java:807] - Autowiring by type from bean name 'fieldProvider' via constructor to bean named 'typeResolver'
2024-10-27 22:54:56,815 DEBUG [main][ConstructorResolver.java:807] - Autowiring by type from bean name 'fieldProvider' via constructor to bean named 'typeResolver'
2024-10-27 22:54:56,815 DEBUG [main][DefaultSingletonBeanRegistry.java:225] - Creating shared instance of singleton bean 'factoryMethodProvider'
2024-10-27 22:54:56,815 DEBUG [main][DefaultSingletonBeanRegistry.java:225] - Creating shared instance of singleton bean 'factoryMethodProvider'
2024-10-27 22:54:56,815 DEBUG [main][ConstructorResolver.java:807] - Autowiring by type from bean name 'factoryMethodProvider' via constructor to bean named 'typeResolver'
2024-10-27 22:54:56,815 DEBUG [main][ConstructorResolver.java:807] - Autowiring by type from bean name 'factoryMethodProvider' via constructor to bean named 'typeResolver'
2024-10-27 22:54:56,816 DEBUG [main][DefaultSingletonBeanRegistry.java:225] - Creating shared instance of singleton bean 'objectMapperBeanPropertyNamingStrategy'
2024-10-27 22:54:56,816 DEBUG [main][DefaultSingletonBeanRegistry.java:225] - Creating shared instance of singleton bean 'objectMapperBeanPropertyNamingStrategy'
2024-10-27 22:54:56,816 DEBUG [main][DefaultSingletonBeanRegistry.java:225] - Creating shared instance of singleton bean 'schemaPluginsManager'
2024-10-27 22:54:56,816 DEBUG [main][DefaultSingletonBeanRegistry.java:225] - Creating shared instance of singleton bean 'schemaPluginsManager'
2024-10-27 22:54:56,817 DEBUG [main][DefaultSingletonBeanRegistry.java:225] - Creating shared instance of singleton bean 'modelPropertyBuilderPluginRegistry'
2024-10-27 22:54:56,817 DEBUG [main][DefaultSingletonBeanRegistry.java:225] - Creating shared instance of singleton bean 'modelPropertyBuilderPluginRegistry'
2024-10-27 22:54:56,818 DEBUG [main][DefaultSingletonBeanRegistry.java:225] - Creating shared instance of singleton bean 'modelBuilderPluginRegistry'
2024-10-27 22:54:56,818 DEBUG [main][DefaultSingletonBeanRegistry.java:225] - Creating shared instance of singleton bean 'modelBuilderPluginRegistry'
2024-10-27 22:54:56,819 DEBUG [main][DefaultSingletonBeanRegistry.java:225] - Creating shared instance of singleton bean 'syntheticModelProviderPluginRegistry'
2024-10-27 22:54:56,819 DEBUG [main][DefaultSingletonBeanRegistry.java:225] - Creating shared instance of singleton bean 'syntheticModelProviderPluginRegistry'
2024-10-27 22:54:56,819 DEBUG [main][ConstructorResolver.java:807] - Autowiring by type from bean name 'schemaPluginsManager' via constructor to bean named 'modelPropertyBuilderPluginRegistry'
2024-10-27 22:54:56,819 DEBUG [main][ConstructorResolver.java:807] - Autowiring by type from bean name 'schemaPluginsManager' via constructor to bean named 'modelPropertyBuilderPluginRegistry'
2024-10-27 22:54:56,819 DEBUG [main][ConstructorResolver.java:807] - Autowiring by type from bean name 'schemaPluginsManager' via constructor to bean named 'modelBuilderPluginRegistry'
2024-10-27 22:54:56,819 DEBUG [main][ConstructorResolver.java:807] - Autowiring by type from bean name 'schemaPluginsManager' via constructor to bean named 'modelBuilderPluginRegistry'
2024-10-27 22:54:56,819 DEBUG [main][ConstructorResolver.java:807] - Autowiring by type from bean name 'schemaPluginsManager' via constructor to bean named 'syntheticModelProviderPluginRegistry'
2024-10-27 22:54:56,819 DEBUG [main][ConstructorResolver.java:807] - Autowiring by type from bean name 'schemaPluginsManager' via constructor to bean named 'syntheticModelProviderPluginRegistry'
2024-10-27 22:54:56,819 DEBUG [main][DefaultSingletonBeanRegistry.java:225] - Creating shared instance of singleton bean 'typeNameExtractor'
2024-10-27 22:54:56,819 DEBUG [main][DefaultSingletonBeanRegistry.java:225] - Creating shared instance of singleton bean 'typeNameExtractor'
2024-10-27 22:54:56,820 DEBUG [main][DefaultSingletonBeanRegistry.java:225] - Creating shared instance of singleton bean 'typeNameProviderPluginRegistry'
2024-10-27 22:54:56,820 DEBUG [main][DefaultSingletonBeanRegistry.java:225] - Creating shared instance of singleton bean 'typeNameProviderPluginRegistry'
2024-10-27 22:54:56,821 DEBUG [main][DefaultSingletonBeanRegistry.java:225] - Creating shared instance of singleton bean 'jacksonEnumTypeDeterminer'
2024-10-27 22:54:56,821 DEBUG [main][DefaultSingletonBeanRegistry.java:225] - Creating shared instance of singleton bean 'jacksonEnumTypeDeterminer'
2024-10-27 22:54:56,821 DEBUG [main][ConstructorResolver.java:807] - Autowiring by type from bean name 'typeNameExtractor' via constructor to bean named 'typeResolver'
2024-10-27 22:54:56,821 DEBUG [main][ConstructorResolver.java:807] - Autowiring by type from bean name 'typeNameExtractor' via constructor to bean named 'typeResolver'
2024-10-27 22:54:56,821 DEBUG [main][ConstructorResolver.java:807] - Autowiring by type from bean name 'typeNameExtractor' via constructor to bean named 'typeNameProviderPluginRegistry'
2024-10-27 22:54:56,821 DEBUG [main][ConstructorResolver.java:807] - Autowiring by type from bean name 'typeNameExtractor' via constructor to bean named 'typeNameProviderPluginRegistry'
2024-10-27 22:54:56,821 DEBUG [main][ConstructorResolver.java:807] - Autowiring by type from bean name 'typeNameExtractor' via constructor to bean named 'jacksonEnumTypeDeterminer'
2024-10-27 22:54:56,821 DEBUG [main][ConstructorResolver.java:807] - Autowiring by type from bean name 'typeNameExtractor' via constructor to bean named 'jacksonEnumTypeDeterminer'
2024-10-27 22:54:56,821 DEBUG [main][ConstructorResolver.java:807] - Autowiring by type from bean name 'optimized' via constructor to bean named 'accessorsProvider'
2024-10-27 22:54:56,821 DEBUG [main][ConstructorResolver.java:807] - Autowiring by type from bean name 'optimized' via constructor to bean named 'accessorsProvider'
2024-10-27 22:54:56,822 DEBUG [main][ConstructorResolver.java:807] - Autowiring by type from bean name 'optimized' via constructor to bean named 'fieldProvider'
2024-10-27 22:54:56,822 DEBUG [main][ConstructorResolver.java:807] - Autowiring by type from bean name 'optimized' via constructor to bean named 'fieldProvider'
2024-10-27 22:54:56,822 DEBUG [main][ConstructorResolver.java:807] - Autowiring by type from bean name 'optimized' via constructor to bean named 'factoryMethodProvider'
2024-10-27 22:54:56,822 DEBUG [main][ConstructorResolver.java:807] - Autowiring by type from bean name 'optimized' via constructor to bean named 'factoryMethodProvider'
2024-10-27 22:54:56,822 DEBUG [main][ConstructorResolver.java:807] - Autowiring by type from bean name 'optimized' via constructor to bean named 'typeResolver'
2024-10-27 22:54:56,822 DEBUG [main][ConstructorResolver.java:807] - Autowiring by type from bean name 'optimized' via constructor to bean named 'typeResolver'
2024-10-27 22:54:56,822 DEBUG [main][ConstructorResolver.java:807] - Autowiring by type from bean name 'optimized' via constructor to bean named 'objectMapperBeanPropertyNamingStrategy'
2024-10-27 22:54:56,822 DEBUG [main][ConstructorResolver.java:807] - Autowiring by type from bean name 'optimized' via constructor to bean named 'objectMapperBeanPropertyNamingStrategy'
2024-10-27 22:54:56,822 DEBUG [main][ConstructorResolver.java:807] - Autowiring by type from bean name 'optimized' via constructor to bean named 'schemaPluginsManager'
2024-10-27 22:54:56,822 DEBUG [main][ConstructorResolver.java:807] - Autowiring by type from bean name 'optimized' via constructor to bean named 'schemaPluginsManager'
2024-10-27 22:54:56,822 DEBUG [main][ConstructorResolver.java:807] - Autowiring by type from bean name 'optimized' via constructor to bean named 'typeNameExtractor'
2024-10-27 22:54:56,822 DEBUG [main][ConstructorResolver.java:807] - Autowiring by type from bean name 'optimized' via constructor to bean named 'typeNameExtractor'
2024-10-27 22:54:56,822 DEBUG [main][ConstructorResolver.java:807] - Autowiring by type from bean name 'cachingModelPropertiesProvider' via constructor to bean named 'typeResolver'
2024-10-27 22:54:56,822 DEBUG [main][ConstructorResolver.java:807] - Autowiring by type from bean name 'cachingModelPropertiesProvider' via constructor to bean named 'typeResolver'
2024-10-27 22:54:56,822 DEBUG [main][ConstructorResolver.java:807] - Autowiring by type from bean name 'cachingModelPropertiesProvider' via constructor to bean named 'optimized'
2024-10-27 22:54:56,822 DEBUG [main][ConstructorResolver.java:807] - Autowiring by type from bean name 'cachingModelPropertiesProvider' via constructor to bean named 'optimized'
2024-10-27 22:54:56,823 DEBUG [main][DefaultSingletonBeanRegistry.java:225] - Creating shared instance of singleton bean 'cachingModelDependencyProvider'
2024-10-27 22:54:56,823 DEBUG [main][DefaultSingletonBeanRegistry.java:225] - Creating shared instance of singleton bean 'cachingModelDependencyProvider'
2024-10-27 22:54:56,823 DEBUG [main][DefaultSingletonBeanRegistry.java:225] - Creating shared instance of singleton bean 'defaultModelDependencyProvider'
2024-10-27 22:54:56,823 DEBUG [main][DefaultSingletonBeanRegistry.java:225] - Creating shared instance of singleton bean 'defaultModelDependencyProvider'
2024-10-27 22:54:56,824 DEBUG [main][ConstructorResolver.java:807] - Autowiring by type from bean name 'defaultModelDependencyProvider' via constructor to bean named 'typeResolver'
2024-10-27 22:54:56,824 DEBUG [main][ConstructorResolver.java:807] - Autowiring by type from bean name 'defaultModelDependencyProvider' via constructor to bean named 'typeResolver'
2024-10-27 22:54:56,824 DEBUG [main][ConstructorResolver.java:807] - Autowiring by type from bean name 'defaultModelDependencyProvider' via constructor to bean named 'cachingModelPropertiesProvider'
2024-10-27 22:54:56,824 DEBUG [main][ConstructorResolver.java:807] - Autowiring by type from bean name 'defaultModelDependencyProvider' via constructor to bean named 'cachingModelPropertiesProvider'
2024-10-27 22:54:56,824 DEBUG [main][ConstructorResolver.java:807] - Autowiring by type from bean name 'defaultModelDependencyProvider' via constructor to bean named 'typeNameExtractor'
2024-10-27 22:54:56,824 DEBUG [main][ConstructorResolver.java:807] - Autowiring by type from bean name 'defaultModelDependencyProvider' via constructor to bean named 'typeNameExtractor'
2024-10-27 22:54:56,825 DEBUG [main][ConstructorResolver.java:807] - Autowiring by type from bean name 'defaultModelDependencyProvider' via constructor to bean named 'jacksonEnumTypeDeterminer'
2024-10-27 22:54:56,825 DEBUG [main][ConstructorResolver.java:807] - Autowiring by type from bean name 'defaultModelDependencyProvider' via constructor to bean named 'jacksonEnumTypeDeterminer'
2024-10-27 22:54:56,825 DEBUG [main][ConstructorResolver.java:807] - Autowiring by type from bean name 'defaultModelDependencyProvider' via constructor to bean named 'schemaPluginsManager'
2024-10-27 22:54:56,825 DEBUG [main][ConstructorResolver.java:807] - Autowiring by type from bean name 'defaultModelDependencyProvider' via constructor to bean named 'schemaPluginsManager'
2024-10-27 22:54:56,825 DEBUG [main][ConstructorResolver.java:807] - Autowiring by type from bean name 'cachingModelDependencyProvider' via constructor to bean named 'defaultModelDependencyProvider'
2024-10-27 22:54:56,825 DEBUG [main][ConstructorResolver.java:807] - Autowiring by type from bean name 'cachingModelDependencyProvider' via constructor to bean named 'defaultModelDependencyProvider'
2024-10-27 22:54:56,825 DEBUG [main][ConstructorResolver.java:807] - Autowiring by type from bean name 'defaultModelProvider' via constructor to bean named 'typeResolver'
2024-10-27 22:54:56,825 DEBUG [main][ConstructorResolver.java:807] - Autowiring by type from bean name 'defaultModelProvider' via constructor to bean named 'typeResolver'
2024-10-27 22:54:56,825 DEBUG [main][ConstructorResolver.java:807] - Autowiring by type from bean name 'defaultModelProvider' via constructor to bean named 'cachingModelPropertiesProvider'
2024-10-27 22:54:56,825 DEBUG [main][ConstructorResolver.java:807] - Autowiring by type from bean name 'defaultModelProvider' via constructor to bean named 'cachingModelPropertiesProvider'
2024-10-27 22:54:56,825 DEBUG [main][ConstructorResolver.java:807] - Autowiring by type from bean name 'defaultModelProvider' via constructor to bean named 'cachingModelDependencyProvider'
2024-10-27 22:54:56,825 DEBUG [main][ConstructorResolver.java:807] - Autowiring by type from bean name 'defaultModelProvider' via constructor to bean named 'cachingModelDependencyProvider'
2024-10-27 22:54:56,825 DEBUG [main][ConstructorResolver.java:807] - Autowiring by type from bean name 'defaultModelProvider' via constructor to bean named 'schemaPluginsManager'
2024-10-27 22:54:56,825 DEBUG [main][ConstructorResolver.java:807] - Autowiring by type from bean name 'defaultModelProvider' via constructor to bean named 'schemaPluginsManager'
2024-10-27 22:54:56,826 DEBUG [main][ConstructorResolver.java:807] - Autowiring by type from bean name 'defaultModelProvider' via constructor to bean named 'typeNameExtractor'
2024-10-27 22:54:56,826 DEBUG [main][ConstructorResolver.java:807] - Autowiring by type from bean name 'defaultModelProvider' via constructor to bean named 'typeNameExtractor'
2024-10-27 22:54:56,826 DEBUG [main][ConstructorResolver.java:807] - Autowiring by type from bean name 'defaultModelProvider' via constructor to bean named 'jacksonEnumTypeDeterminer'
2024-10-27 22:54:56,826 DEBUG [main][ConstructorResolver.java:807] - Autowiring by type from bean name 'defaultModelProvider' via constructor to bean named 'jacksonEnumTypeDeterminer'
2024-10-27 22:54:56,826 DEBUG [main][ConstructorResolver.java:807] - Autowiring by type from bean name 'cachingModelProvider' via constructor to bean named 'defaultModelProvider'
2024-10-27 22:54:56,826 DEBUG [main][ConstructorResolver.java:807] - Autowiring by type from bean name 'cachingModelProvider' via constructor to bean named 'defaultModelProvider'
2024-10-27 22:54:56,826 DEBUG [main][ConstructorResolver.java:807] - Autowiring by type from bean name 'apiModelReader' via constructor to bean named 'cachingModelProvider'
2024-10-27 22:54:56,826 DEBUG [main][ConstructorResolver.java:807] - Autowiring by type from bean name 'apiModelReader' via constructor to bean named 'cachingModelProvider'
2024-10-27 22:54:56,826 DEBUG [main][ConstructorResolver.java:807] - Autowiring by type from bean name 'apiModelReader' via constructor to bean named 'typeResolver'
2024-10-27 22:54:56,826 DEBUG [main][ConstructorResolver.java:807] - Autowiring by type from bean name 'apiModelReader' via constructor to bean named 'typeResolver'
2024-10-27 22:54:56,826 DEBUG [main][ConstructorResolver.java:807] - Autowiring by type from bean name 'apiModelReader' via constructor to bean named 'documentationPluginsManager'
2024-10-27 22:54:56,826 DEBUG [main][ConstructorResolver.java:807] - Autowiring by type from bean name 'apiModelReader' via constructor to bean named 'documentationPluginsManager'
2024-10-27 22:54:56,827 DEBUG [main][ConstructorResolver.java:807] - Autowiring by type from bean name 'apiListingScanner' via constructor to bean named 'apiDescriptionReader'
2024-10-27 22:54:56,827 DEBUG [main][ConstructorResolver.java:807] - Autowiring by type from bean name 'apiListingScanner' via constructor to bean named 'apiDescriptionReader'
2024-10-27 22:54:56,827 DEBUG [main][ConstructorResolver.java:807] - Autowiring by type from bean name 'apiListingScanner' via constructor to bean named 'apiModelReader'
2024-10-27 22:54:56,827 DEBUG [main][ConstructorResolver.java:807] - Autowiring by type from bean name 'apiListingScanner' via constructor to bean named 'apiModelReader'
2024-10-27 22:54:56,827 DEBUG [main][ConstructorResolver.java:807] - Autowiring by type from bean name 'apiListingScanner' via constructor to bean named 'documentationPluginsManager'
2024-10-27 22:54:56,827 DEBUG [main][ConstructorResolver.java:807] - Autowiring by type from bean name 'apiListingScanner' via constructor to bean named 'documentationPluginsManager'
2024-10-27 22:54:56,827 DEBUG [main][ConstructorResolver.java:807] - Autowiring by type from bean name 'apiDocumentationScanner' via constructor to bean named 'apiListingReferenceScanner'
2024-10-27 22:54:56,827 DEBUG [main][ConstructorResolver.java:807] - Autowiring by type from bean name 'apiDocumentationScanner' via constructor to bean named 'apiListingReferenceScanner'
2024-10-27 22:54:56,827 DEBUG [main][ConstructorResolver.java:807] - Autowiring by type from bean name 'apiDocumentationScanner' via constructor to bean named 'apiListingScanner'
2024-10-27 22:54:56,827 DEBUG [main][ConstructorResolver.java:807] - Autowiring by type from bean name 'apiDocumentationScanner' via constructor to bean named 'apiListingScanner'
2024-10-27 22:54:56,827 DEBUG [main][DefaultSingletonBeanRegistry.java:225] - Creating shared instance of singleton bean 'apiListingReader'
2024-10-27 22:54:56,827 DEBUG [main][DefaultSingletonBeanRegistry.java:225] - Creating shared instance of singleton bean 'apiListingReader'
2024-10-27 22:54:56,827 DEBUG [main][DefaultSingletonBeanRegistry.java:225] - Creating shared instance of singleton bean 'mediaTypeReader'
2024-10-27 22:54:56,827 DEBUG [main][DefaultSingletonBeanRegistry.java:225] - Creating shared instance of singleton bean 'mediaTypeReader'
2024-10-27 22:54:56,827 DEBUG [main][DefaultSingletonBeanRegistry.java:225] - Creating shared instance of singleton bean 'operationModelsProvider'
2024-10-27 22:54:56,827 DEBUG [main][DefaultSingletonBeanRegistry.java:225] - Creating shared instance of singleton bean 'operationModelsProvider'
2024-10-27 22:54:56,828 DEBUG [main][ConstructorResolver.java:807] - Autowiring by type from bean name 'operationModelsProvider' via constructor to bean named 'typeResolver'
2024-10-27 22:54:56,828 DEBUG [main][ConstructorResolver.java:807] - Autowiring by type from bean name 'operationModelsProvider' via constructor to bean named 'typeResolver'
2024-10-27 22:54:56,828 DEBUG [main][DefaultSingletonBeanRegistry.java:225] - Creating shared instance of singleton bean 'operationDeprecatedReader'
2024-10-27 22:54:56,828 DEBUG [main][DefaultSingletonBeanRegistry.java:225] - Creating shared instance of singleton bean 'operationDeprecatedReader'
2024-10-27 22:54:56,828 DEBUG [main][DefaultSingletonBeanRegistry.java:225] - Creating shared instance of singleton bean 'responseMessagesReader'
2024-10-27 22:54:56,828 DEBUG [main][DefaultSingletonBeanRegistry.java:225] - Creating shared instance of singleton bean 'responseMessagesReader'
2024-10-27 22:54:56,828 DEBUG [main][ConstructorResolver.java:807] - Autowiring by type from bean name 'responseMessagesReader' via constructor to bean named 'typeNameExtractor'
2024-10-27 22:54:56,828 DEBUG [main][ConstructorResolver.java:807] - Autowiring by type from bean name 'responseMessagesReader' via constructor to bean named 'typeNameExtractor'
2024-10-27 22:54:56,828 DEBUG [main][DefaultSingletonBeanRegistry.java:225] - Creating shared instance of singleton bean 'operationParameterReader'
2024-10-27 22:54:56,828 DEBUG [main][DefaultSingletonBeanRegistry.java:225] - Creating shared instance of singleton bean 'operationParameterReader'
2024-10-27 22:54:56,829 DEBUG [main][DefaultSingletonBeanRegistry.java:225] - Creating shared instance of singleton bean 'modelAttributeParameterExpander'
2024-10-27 22:54:56,829 DEBUG [main][DefaultSingletonBeanRegistry.java:225] - Creating shared instance of singleton bean 'modelAttributeParameterExpander'
2024-10-27 22:54:56,830 DEBUG [main][ConstructorResolver.java:807] - Autowiring by type from bean name 'modelAttributeParameterExpander' via constructor to bean named 'fieldProvider'
2024-10-27 22:54:56,830 DEBUG [main][ConstructorResolver.java:807] - Autowiring by type from bean name 'modelAttributeParameterExpander' via constructor to bean named 'fieldProvider'
2024-10-27 22:54:56,830 DEBUG [main][ConstructorResolver.java:807] - Autowiring by type from bean name 'modelAttributeParameterExpander' via constructor to bean named 'accessorsProvider'
2024-10-27 22:54:56,830 DEBUG [main][ConstructorResolver.java:807] - Autowiring by type from bean name 'modelAttributeParameterExpander' via constructor to bean named 'accessorsProvider'
2024-10-27 22:54:56,830 DEBUG [main][ConstructorResolver.java:807] - Autowiring by type from bean name 'modelAttributeParameterExpander' via constructor to bean named 'jacksonEnumTypeDeterminer'
2024-10-27 22:54:56,830 DEBUG [main][ConstructorResolver.java:807] - Autowiring by type from bean name 'modelAttributeParameterExpander' via constructor to bean named 'jacksonEnumTypeDeterminer'
2024-10-27 22:54:56,831 DEBUG [main][ConstructorResolver.java:807] - Autowiring by type from bean name 'operationParameterReader' via constructor to bean named 'modelAttributeParameterExpander'
2024-10-27 22:54:56,831 DEBUG [main][ConstructorResolver.java:807] - Autowiring by type from bean name 'operationParameterReader' via constructor to bean named 'modelAttributeParameterExpander'
2024-10-27 22:54:56,831 DEBUG [main][ConstructorResolver.java:807] - Autowiring by type from bean name 'operationParameterReader' via constructor to bean named 'jacksonEnumTypeDeterminer'
2024-10-27 22:54:56,831 DEBUG [main][ConstructorResolver.java:807] - Autowiring by type from bean name 'operationParameterReader' via constructor to bean named 'jacksonEnumTypeDeterminer'
2024-10-27 22:54:56,831 DEBUG [main][DefaultSingletonBeanRegistry.java:225] - Creating shared instance of singleton bean 'defaultTagsProvider'
2024-10-27 22:54:56,831 DEBUG [main][DefaultSingletonBeanRegistry.java:225] - Creating shared instance of singleton bean 'defaultTagsProvider'
2024-10-27 22:54:56,831 DEBUG [main][DefaultSingletonBeanRegistry.java:225] - Creating shared instance of singleton bean 'operationTagsReader'
2024-10-27 22:54:56,831 DEBUG [main][DefaultSingletonBeanRegistry.java:225] - Creating shared instance of singleton bean 'operationTagsReader'
2024-10-27 22:54:56,832 DEBUG [main][ConstructorResolver.java:807] - Autowiring by type from bean name 'operationTagsReader' via constructor to bean named 'defaultTagsProvider'
2024-10-27 22:54:56,832 DEBUG [main][ConstructorResolver.java:807] - Autowiring by type from bean name 'operationTagsReader' via constructor to bean named 'defaultTagsProvider'
2024-10-27 22:54:56,832 DEBUG [main][DefaultSingletonBeanRegistry.java:225] - Creating shared instance of singleton bean 'defaultOperationReader'
2024-10-27 22:54:56,832 DEBUG [main][DefaultSingletonBeanRegistry.java:225] - Creating shared instance of singleton bean 'defaultOperationReader'
2024-10-27 22:54:56,832 DEBUG [main][DefaultSingletonBeanRegistry.java:225] - Creating shared instance of singleton bean 'operationParameterRequestConditionReader'
2024-10-27 22:54:56,832 DEBUG [main][DefaultSingletonBeanRegistry.java:225] - Creating shared instance of singleton bean 'operationParameterRequestConditionReader'
2024-10-27 22:54:56,833 DEBUG [main][ConstructorResolver.java:807] - Autowiring by type from bean name 'operationParameterRequestConditionReader' via constructor to bean named 'typeResolver'
2024-10-27 22:54:56,833 DEBUG [main][ConstructorResolver.java:807] - Autowiring by type from bean name 'operationParameterRequestConditionReader' via constructor to bean named 'typeResolver'
2024-10-27 22:54:56,833 DEBUG [main][DefaultSingletonBeanRegistry.java:225] - Creating shared instance of singleton bean 'operationParameterHeadersConditionReader'
2024-10-27 22:54:56,833 DEBUG [main][DefaultSingletonBeanRegistry.java:225] - Creating shared instance of singleton bean 'operationParameterHeadersConditionReader'
2024-10-27 22:54:56,833 DEBUG [main][ConstructorResolver.java:807] - Autowiring by type from bean name 'operationParameterHeadersConditionReader' via constructor to bean named 'typeResolver'
2024-10-27 22:54:56,833 DEBUG [main][ConstructorResolver.java:807] - Autowiring by type from bean name 'operationParameterHeadersConditionReader' via constructor to bean named 'typeResolver'
2024-10-27 22:54:56,833 DEBUG [main][DefaultSingletonBeanRegistry.java:225] - Creating shared instance of singleton bean 'operationResponseClassReader'
2024-10-27 22:54:56,833 DEBUG [main][DefaultSingletonBeanRegistry.java:225] - Creating shared instance of singleton bean 'operationResponseClassReader'
2024-10-27 22:54:56,834 DEBUG [main][ConstructorResolver.java:807] - Autowiring by type from bean name 'operationResponseClassReader' via constructor to bean named 'typeNameExtractor'
2024-10-27 22:54:56,834 DEBUG [main][ConstructorResolver.java:807] - Autowiring by type from bean name 'operationResponseClassReader' via constructor to bean named 'typeNameExtractor'
2024-10-27 22:54:56,834 DEBUG [main][DefaultSingletonBeanRegistry.java:225] - Creating shared instance of singleton bean 'parameterMultiplesReader'
2024-10-27 22:54:56,834 DEBUG [main][DefaultSingletonBeanRegistry.java:225] - Creating shared instance of singleton bean 'parameterMultiplesReader'
2024-10-27 22:54:56,834 DEBUG [main][DefaultSingletonBeanRegistry.java:225] - Creating shared instance of singleton bean 'parameterTypeReader'
2024-10-27 22:54:56,834 DEBUG [main][DefaultSingletonBeanRegistry.java:225] - Creating shared instance of singleton bean 'parameterTypeReader'
2024-10-27 22:54:56,834 DEBUG [main][DefaultSingletonBeanRegistry.java:225] - Creating shared instance of singleton bean 'parameterRequiredReader'
2024-10-27 22:54:56,834 DEBUG [main][DefaultSingletonBeanRegistry.java:225] - Creating shared instance of singleton bean 'parameterRequiredReader'
2024-10-27 22:54:56,835 DEBUG [main][DefaultSingletonBeanRegistry.java:225] - Creating shared instance of singleton bean 'descriptionResolver'
2024-10-27 22:54:56,835 DEBUG [main][DefaultSingletonBeanRegistry.java:225] - Creating shared instance of singleton bean 'descriptionResolver'
2024-10-27 22:54:56,835 DEBUG [main][DefaultSingletonBeanRegistry.java:225] - Creating shared instance of singleton bean 'springfox.documentation.spring.web.SpringfoxWebMvcConfiguration'
2024-10-27 22:54:56,835 DEBUG [main][DefaultSingletonBeanRegistry.java:225] - Creating shared instance of singleton bean 'springfox.documentation.spring.web.SpringfoxWebMvcConfiguration'
2024-10-27 22:54:56,836 DEBUG [main][ConstructorResolver.java:807] - Autowiring by type from bean name 'descriptionResolver' via factory method to bean named 'environment'
2024-10-27 22:54:56,836 DEBUG [main][ConstructorResolver.java:807] - Autowiring by type from bean name 'descriptionResolver' via factory method to bean named 'environment'
2024-10-27 22:54:56,838 DEBUG [main][ConstructorResolver.java:807] - Autowiring by type from bean name 'parameterRequiredReader' via constructor to bean named 'descriptionResolver'
2024-10-27 22:54:56,838 DEBUG [main][ConstructorResolver.java:807] - Autowiring by type from bean name 'parameterRequiredReader' via constructor to bean named 'descriptionResolver'
2024-10-27 22:54:56,838 DEBUG [main][DefaultSingletonBeanRegistry.java:225] - Creating shared instance of singleton bean 'parameterDataTypeReader'
2024-10-27 22:54:56,838 DEBUG [main][DefaultSingletonBeanRegistry.java:225] - Creating shared instance of singleton bean 'parameterDataTypeReader'
2024-10-27 22:54:56,838 DEBUG [main][ConstructorResolver.java:807] - Autowiring by type from bean name 'parameterDataTypeReader' via constructor to bean named 'typeNameExtractor'
2024-10-27 22:54:56,838 DEBUG [main][ConstructorResolver.java:807] - Autowiring by type from bean name 'parameterDataTypeReader' via constructor to bean named 'typeNameExtractor'
2024-10-27 22:54:56,838 DEBUG [main][ConstructorResolver.java:807] - Autowiring by type from bean name 'parameterDataTypeReader' via constructor to bean named 'typeResolver'
2024-10-27 22:54:56,838 DEBUG [main][ConstructorResolver.java:807] - Autowiring by type from bean name 'parameterDataTypeReader' via constructor to bean named 'typeResolver'
2024-10-27 22:54:56,838 DEBUG [main][ConstructorResolver.java:807] - Autowiring by type from bean name 'parameterDataTypeReader' via constructor to bean named 'jacksonEnumTypeDeterminer'
2024-10-27 22:54:56,838 DEBUG [main][ConstructorResolver.java:807] - Autowiring by type from bean name 'parameterDataTypeReader' via constructor to bean named 'jacksonEnumTypeDeterminer'
2024-10-27 22:54:56,838 DEBUG [main][DefaultSingletonBeanRegistry.java:225] - Creating shared instance of singleton bean 'parameterDefaultReader'
2024-10-27 22:54:56,838 DEBUG [main][DefaultSingletonBeanRegistry.java:225] - Creating shared instance of singleton bean 'parameterDefaultReader'
2024-10-27 22:54:56,839 DEBUG [main][ConstructorResolver.java:807] - Autowiring by type from bean name 'parameterDefaultReader' via constructor to bean named 'descriptionResolver'
2024-10-27 22:54:56,839 DEBUG [main][ConstructorResolver.java:807] - Autowiring by type from bean name 'parameterDefaultReader' via constructor to bean named 'descriptionResolver'
2024-10-27 22:54:56,839 DEBUG [main][DefaultSingletonBeanRegistry.java:225] - Creating shared instance of singleton bean 'parameterNameReader'
2024-10-27 22:54:56,839 DEBUG [main][DefaultSingletonBeanRegistry.java:225] - Creating shared instance of singleton bean 'parameterNameReader'
2024-10-27 22:54:56,839 DEBUG [main][DefaultSingletonBeanRegistry.java:225] - Creating shared instance of singleton bean 'expandedParameterBuilder'
2024-10-27 22:54:56,839 DEBUG [main][DefaultSingletonBeanRegistry.java:225] - Creating shared instance of singleton bean 'expandedParameterBuilder'
2024-10-27 22:54:56,840 DEBUG [main][ConstructorResolver.java:807] - Autowiring by type from bean name 'expandedParameterBuilder' via constructor to bean named 'typeResolver'
2024-10-27 22:54:56,840 DEBUG [main][ConstructorResolver.java:807] - Autowiring by type from bean name 'expandedParameterBuilder' via constructor to bean named 'typeResolver'
2024-10-27 22:54:56,840 DEBUG [main][ConstructorResolver.java:807] - Autowiring by type from bean name 'expandedParameterBuilder' via constructor to bean named 'jacksonEnumTypeDeterminer'
2024-10-27 22:54:56,840 DEBUG [main][ConstructorResolver.java:807] - Autowiring by type from bean name 'expandedParameterBuilder' via constructor to bean named 'jacksonEnumTypeDeterminer'
2024-10-27 22:54:56,840 DEBUG [main][DefaultSingletonBeanRegistry.java:225] - Creating shared instance of singleton bean 'documentationPluginsBootstrapper'
2024-10-27 22:54:56,840 DEBUG [main][DefaultSingletonBeanRegistry.java:225] - Creating shared instance of singleton bean 'documentationPluginsBootstrapper'
2024-10-27 22:54:56,841 DEBUG [main][DefaultSingletonBeanRegistry.java:225] - Creating shared instance of singleton bean 'webMvcRequestHandlerProvider'
2024-10-27 22:54:56,841 DEBUG [main][DefaultSingletonBeanRegistry.java:225] - Creating shared instance of singleton bean 'webMvcRequestHandlerProvider'
2024-10-27 22:54:56,841 DEBUG [main][DefaultSingletonBeanRegistry.java:225] - Creating shared instance of singleton bean 'methodResolver'
2024-10-27 22:54:56,841 DEBUG [main][DefaultSingletonBeanRegistry.java:225] - Creating shared instance of singleton bean 'methodResolver'
2024-10-27 22:54:56,841 DEBUG [main][ConstructorResolver.java:807] - Autowiring by type from bean name 'methodResolver' via factory method to bean named 'typeResolver'
2024-10-27 22:54:56,841 DEBUG [main][ConstructorResolver.java:807] - Autowiring by type from bean name 'methodResolver' via factory method to bean named 'typeResolver'
2024-10-27 22:54:56,843 DEBUG [main][DefaultSingletonBeanRegistry.java:225] - Creating shared instance of singleton bean 'requestMappingHandlerMapping'
2024-10-27 22:54:56,843 DEBUG [main][DefaultSingletonBeanRegistry.java:225] - Creating shared instance of singleton bean 'requestMappingHandlerMapping'
2024-10-27 22:54:56,843 DEBUG [main][DefaultSingletonBeanRegistry.java:225] - Creating shared instance of singleton bean 'org.springframework.boot.autoconfigure.web.servlet.WebMvcAutoConfiguration$EnableWebMvcConfiguration'
2024-10-27 22:54:56,843 DEBUG [main][DefaultSingletonBeanRegistry.java:225] - Creating shared instance of singleton bean 'org.springframework.boot.autoconfigure.web.servlet.WebMvcAutoConfiguration$EnableWebMvcConfiguration'
2024-10-27 22:54:56,844 DEBUG [main][DefaultSingletonBeanRegistry.java:225] - Creating shared instance of singleton bean 'spring.resources-org.springframework.boot.autoconfigure.web.ResourceProperties'
2024-10-27 22:54:56,844 DEBUG [main][DefaultSingletonBeanRegistry.java:225] - Creating shared instance of singleton bean 'spring.resources-org.springframework.boot.autoconfigure.web.ResourceProperties'
2024-10-27 22:54:56,845 DEBUG [main][ConstructorResolver.java:807] - Autowiring by type from bean name 'org.springframework.boot.autoconfigure.web.servlet.WebMvcAutoConfiguration$EnableWebMvcConfiguration' via constructor to bean named 'spring.resources-org.springframework.boot.autoconfigure.web.ResourceProperties'
2024-10-27 22:54:56,845 DEBUG [main][ConstructorResolver.java:807] - Autowiring by type from bean name 'org.springframework.boot.autoconfigure.web.servlet.WebMvcAutoConfiguration$EnableWebMvcConfiguration' via constructor to bean named 'spring.resources-org.springframework.boot.autoconfigure.web.ResourceProperties'
2024-10-27 22:54:56,845 DEBUG [main][ConstructorResolver.java:807] - Autowiring by type from bean name 'org.springframework.boot.autoconfigure.web.servlet.WebMvcAutoConfiguration$EnableWebMvcConfiguration' via constructor to bean named 'org.springframework.beans.factory.support.DefaultListableBeanFactory@3a3e4aff'
2024-10-27 22:54:56,845 DEBUG [main][ConstructorResolver.java:807] - Autowiring by type from bean name 'org.springframework.boot.autoconfigure.web.servlet.WebMvcAutoConfiguration$EnableWebMvcConfiguration' via constructor to bean named 'org.springframework.beans.factory.support.DefaultListableBeanFactory@3a3e4aff'
2024-10-27 22:54:56,850 DEBUG [main][DefaultSingletonBeanRegistry.java:225] - Creating shared instance of singleton bean 'org.springframework.boot.autoconfigure.web.servlet.WebMvcAutoConfiguration$WebMvcAutoConfigurationAdapter'
2024-10-27 22:54:56,850 DEBUG [main][DefaultSingletonBeanRegistry.java:225] - Creating shared instance of singleton bean 'org.springframework.boot.autoconfigure.web.servlet.WebMvcAutoConfiguration$WebMvcAutoConfigurationAdapter'
2024-10-27 22:54:56,851 DEBUG [main][ConstructorResolver.java:807] - Autowiring by type from bean name 'org.springframework.boot.autoconfigure.web.servlet.WebMvcAutoConfiguration$WebMvcAutoConfigurationAdapter' via constructor to bean named 'spring.resources-org.springframework.boot.autoconfigure.web.ResourceProperties'
2024-10-27 22:54:56,851 DEBUG [main][ConstructorResolver.java:807] - Autowiring by type from bean name 'org.springframework.boot.autoconfigure.web.servlet.WebMvcAutoConfiguration$WebMvcAutoConfigurationAdapter' via constructor to bean named 'spring.resources-org.springframework.boot.autoconfigure.web.ResourceProperties'
2024-10-27 22:54:56,851 DEBUG [main][ConstructorResolver.java:807] - Autowiring by type from bean name 'org.springframework.boot.autoconfigure.web.servlet.WebMvcAutoConfiguration$WebMvcAutoConfigurationAdapter' via constructor to bean named 'spring.mvc-org.springframework.boot.autoconfigure.web.servlet.WebMvcProperties'
2024-10-27 22:54:56,851 DEBUG [main][ConstructorResolver.java:807] - Autowiring by type from bean name 'org.springframework.boot.autoconfigure.web.servlet.WebMvcAutoConfiguration$WebMvcAutoConfigurationAdapter' via constructor to bean named 'spring.mvc-org.springframework.boot.autoconfigure.web.servlet.WebMvcProperties'
2024-10-27 22:54:56,851 DEBUG [main][ConstructorResolver.java:807] - Autowiring by type from bean name 'org.springframework.boot.autoconfigure.web.servlet.WebMvcAutoConfiguration$WebMvcAutoConfigurationAdapter' via constructor to bean named 'org.springframework.beans.factory.support.DefaultListableBeanFactory@3a3e4aff'
2024-10-27 22:54:56,851 DEBUG [main][ConstructorResolver.java:807] - Autowiring by type from bean name 'org.springframework.boot.autoconfigure.web.servlet.WebMvcAutoConfiguration$WebMvcAutoConfigurationAdapter' via constructor to bean named 'org.springframework.beans.factory.support.DefaultListableBeanFactory@3a3e4aff'
2024-10-27 22:54:56,852 DEBUG [main][DefaultSingletonBeanRegistry.java:225] - Creating shared instance of singleton bean 'mvcContentNegotiationManager'
2024-10-27 22:54:56,852 DEBUG [main][DefaultSingletonBeanRegistry.java:225] - Creating shared instance of singleton bean 'mvcContentNegotiationManager'
2024-10-27 22:54:56,855 DEBUG [main][DefaultSingletonBeanRegistry.java:225] - Creating shared instance of singleton bean 'mvcConversionService'
2024-10-27 22:54:56,855 DEBUG [main][DefaultSingletonBeanRegistry.java:225] - Creating shared instance of singleton bean 'mvcConversionService'
2024-10-27 22:54:56,857 DEBUG [main][DefaultSingletonBeanRegistry.java:225] - Creating shared instance of singleton bean 'mvcResourceUrlProvider'
2024-10-27 22:54:56,857 DEBUG [main][DefaultSingletonBeanRegistry.java:225] - Creating shared instance of singleton bean 'mvcResourceUrlProvider'
2024-10-27 22:54:56,860 DEBUG [main][ConstructorResolver.java:807] - Autowiring by type from bean name 'requestMappingHandlerMapping' via factory method to bean named 'mvcContentNegotiationManager'
2024-10-27 22:54:56,860 DEBUG [main][ConstructorResolver.java:807] - Autowiring by type from bean name 'requestMappingHandlerMapping' via factory method to bean named 'mvcContentNegotiationManager'
2024-10-27 22:54:56,860 DEBUG [main][ConstructorResolver.java:807] - Autowiring by type from bean name 'requestMappingHandlerMapping' via factory method to bean named 'mvcConversionService'
2024-10-27 22:54:56,860 DEBUG [main][ConstructorResolver.java:807] - Autowiring by type from bean name 'requestMappingHandlerMapping' via factory method to bean named 'mvcConversionService'
2024-10-27 22:54:56,860 DEBUG [main][ConstructorResolver.java:807] - Autowiring by type from bean name 'requestMappingHandlerMapping' via factory method to bean named 'mvcResourceUrlProvider'
2024-10-27 22:54:56,860 DEBUG [main][ConstructorResolver.java:807] - Autowiring by type from bean name 'requestMappingHandlerMapping' via factory method to bean named 'mvcResourceUrlProvider'
2024-10-27 22:54:56,860 DEBUG [main][ConstructorResolver.java:807] - Autowiring by type from bean name 'requestMappingHandlerMapping' via factory method to bean named 'mvcContentNegotiationManager'
2024-10-27 22:54:56,860 DEBUG [main][ConstructorResolver.java:807] - Autowiring by type from bean name 'requestMappingHandlerMapping' via factory method to bean named 'mvcContentNegotiationManager'
2024-10-27 22:54:56,861 DEBUG [main][ConstructorResolver.java:807] - Autowiring by type from bean name 'requestMappingHandlerMapping' via factory method to bean named 'mvcConversionService'
2024-10-27 22:54:56,861 DEBUG [main][ConstructorResolver.java:807] - Autowiring by type from bean name 'requestMappingHandlerMapping' via factory method to bean named 'mvcConversionService'
2024-10-27 22:54:56,861 DEBUG [main][ConstructorResolver.java:807] - Autowiring by type from bean name 'requestMappingHandlerMapping' via factory method to bean named 'mvcResourceUrlProvider'
2024-10-27 22:54:56,861 DEBUG [main][ConstructorResolver.java:807] - Autowiring by type from bean name 'requestMappingHandlerMapping' via factory method to bean named 'mvcResourceUrlProvider'
2024-10-27 22:54:56,878 DEBUG [main][AbstractHandlerMethodMapping.java:351] - 6 mappings in 'requestMappingHandlerMapping'
2024-10-27 22:54:56,878 DEBUG [main][AbstractHandlerMethodMapping.java:351] - 6 mappings in 'requestMappingHandlerMapping'
2024-10-27 22:54:56,878 DEBUG [main][ConstructorResolver.java:807] - Autowiring by type from bean name 'webMvcRequestHandlerProvider' via constructor to bean named 'methodResolver'
2024-10-27 22:54:56,878 DEBUG [main][ConstructorResolver.java:807] - Autowiring by type from bean name 'webMvcRequestHandlerProvider' via constructor to bean named 'methodResolver'
2024-10-27 22:54:56,878 DEBUG [main][ConstructorResolver.java:807] - Autowiring by type from bean name 'webMvcRequestHandlerProvider' via constructor to bean named 'requestMappingHandlerMapping'
2024-10-27 22:54:56,878 DEBUG [main][ConstructorResolver.java:807] - Autowiring by type from bean name 'webMvcRequestHandlerProvider' via constructor to bean named 'requestMappingHandlerMapping'
2024-10-27 22:54:56,879 DEBUG [main][DefaultSingletonBeanRegistry.java:225] - Creating shared instance of singleton bean 'resourceGroupCache'
2024-10-27 22:54:56,879 DEBUG [main][DefaultSingletonBeanRegistry.java:225] - Creating shared instance of singleton bean 'resourceGroupCache'
2024-10-27 22:54:56,880 DEBUG [main][DefaultSingletonBeanRegistry.java:225] - Creating shared instance of singleton bean 'defaults'
2024-10-27 22:54:56,880 DEBUG [main][DefaultSingletonBeanRegistry.java:225] - Creating shared instance of singleton bean 'defaults'
2024-10-27 22:54:56,922 DEBUG [main][ConstructorResolver.java:807] - Autowiring by type from bean name 'documentationPluginsBootstrapper' via constructor to bean named 'documentationPluginsManager'
2024-10-27 22:54:56,922 DEBUG [main][ConstructorResolver.java:807] - Autowiring by type from bean name 'documentationPluginsBootstrapper' via constructor to bean named 'documentationPluginsManager'
2024-10-27 22:54:56,922 DEBUG [main][ConstructorResolver.java:807] - Autowiring by type from bean name 'documentationPluginsBootstrapper' via constructor to bean named 'webMvcRequestHandlerProvider'
2024-10-27 22:54:56,922 DEBUG [main][ConstructorResolver.java:807] - Autowiring by type from bean name 'documentationPluginsBootstrapper' via constructor to bean named 'webMvcRequestHandlerProvider'
2024-10-27 22:54:56,922 DEBUG [main][ConstructorResolver.java:807] - Autowiring by type from bean name 'documentationPluginsBootstrapper' via constructor to bean named 'resourceGroupCache'
2024-10-27 22:54:56,922 DEBUG [main][ConstructorResolver.java:807] - Autowiring by type from bean name 'documentationPluginsBootstrapper' via constructor to bean named 'resourceGroupCache'
2024-10-27 22:54:56,922 DEBUG [main][ConstructorResolver.java:807] - Autowiring by type from bean name 'documentationPluginsBootstrapper' via constructor to bean named 'apiDocumentationScanner'
2024-10-27 22:54:56,922 DEBUG [main][ConstructorResolver.java:807] - Autowiring by type from bean name 'documentationPluginsBootstrapper' via constructor to bean named 'apiDocumentationScanner'
2024-10-27 22:54:56,922 DEBUG [main][ConstructorResolver.java:807] - Autowiring by type from bean name 'documentationPluginsBootstrapper' via constructor to bean named 'typeResolver'
2024-10-27 22:54:56,922 DEBUG [main][ConstructorResolver.java:807] - Autowiring by type from bean name 'documentationPluginsBootstrapper' via constructor to bean named 'typeResolver'
2024-10-27 22:54:56,922 DEBUG [main][ConstructorResolver.java:807] - Autowiring by type from bean name 'documentationPluginsBootstrapper' via constructor to bean named 'defaults'
2024-10-27 22:54:56,922 DEBUG [main][ConstructorResolver.java:807] - Autowiring by type from bean name 'documentationPluginsBootstrapper' via constructor to bean named 'defaults'
2024-10-27 22:54:56,922 DEBUG [main][ConstructorResolver.java:807] - Autowiring by type from bean name 'documentationPluginsBootstrapper' via constructor to bean named 'servletContext'
2024-10-27 22:54:56,922 DEBUG [main][ConstructorResolver.java:807] - Autowiring by type from bean name 'documentationPluginsBootstrapper' via constructor to bean named 'servletContext'
2024-10-27 22:54:56,922 DEBUG [main][ConstructorResolver.java:807] - Autowiring by type from bean name 'documentationPluginsBootstrapper' via constructor to bean named 'environment'
2024-10-27 22:54:56,922 DEBUG [main][ConstructorResolver.java:807] - Autowiring by type from bean name 'documentationPluginsBootstrapper' via constructor to bean named 'environment'
2024-10-27 22:54:56,924 DEBUG [main][DefaultSingletonBeanRegistry.java:225] - Creating shared instance of singleton bean 'queryStringUriTemplateDecorator'
2024-10-27 22:54:56,924 DEBUG [main][DefaultSingletonBeanRegistry.java:225] - Creating shared instance of singleton bean 'queryStringUriTemplateDecorator'
2024-10-27 22:54:56,924 DEBUG [main][DefaultSingletonBeanRegistry.java:225] - Creating shared instance of singleton bean 'pathMappingDecorator'
2024-10-27 22:54:56,924 DEBUG [main][DefaultSingletonBeanRegistry.java:225] - Creating shared instance of singleton bean 'pathMappingDecorator'
2024-10-27 22:54:56,924 DEBUG [main][DefaultSingletonBeanRegistry.java:225] - Creating shared instance of singleton bean 'pathSanitizer'
2024-10-27 22:54:56,924 DEBUG [main][DefaultSingletonBeanRegistry.java:225] - Creating shared instance of singleton bean 'pathSanitizer'
2024-10-27 22:54:56,925 DEBUG [main][DefaultSingletonBeanRegistry.java:225] - Creating shared instance of singleton bean 'operationPathDecorator'
2024-10-27 22:54:56,925 DEBUG [main][DefaultSingletonBeanRegistry.java:225] - Creating shared instance of singleton bean 'operationPathDecorator'
2024-10-27 22:54:56,925 DEBUG [main][DefaultSingletonBeanRegistry.java:225] - Creating shared instance of singleton bean 'propertyDiscriminatorBasedInheritancePlugin'
2024-10-27 22:54:56,925 DEBUG [main][DefaultSingletonBeanRegistry.java:225] - Creating shared instance of singleton bean 'propertyDiscriminatorBasedInheritancePlugin'
2024-10-27 22:54:56,925 DEBUG [main][ConstructorResolver.java:807] - Autowiring by type from bean name 'propertyDiscriminatorBasedInheritancePlugin' via constructor to bean named 'typeResolver'
2024-10-27 22:54:56,925 DEBUG [main][ConstructorResolver.java:807] - Autowiring by type from bean name 'propertyDiscriminatorBasedInheritancePlugin' via constructor to bean named 'typeResolver'
2024-10-27 22:54:56,926 DEBUG [main][ConstructorResolver.java:807] - Autowiring by type from bean name 'propertyDiscriminatorBasedInheritancePlugin' via constructor to bean named 'typeNameExtractor'
2024-10-27 22:54:56,926 DEBUG [main][ConstructorResolver.java:807] - Autowiring by type from bean name 'propertyDiscriminatorBasedInheritancePlugin' via constructor to bean named 'typeNameExtractor'
2024-10-27 22:54:56,926 DEBUG [main][DefaultSingletonBeanRegistry.java:225] - Creating shared instance of singleton bean 'xmlModelPlugin'
2024-10-27 22:54:56,926 DEBUG [main][DefaultSingletonBeanRegistry.java:225] - Creating shared instance of singleton bean 'xmlModelPlugin'
2024-10-27 22:54:56,927 DEBUG [main][ConstructorResolver.java:807] - Autowiring by type from bean name 'xmlModelPlugin' via constructor to bean named 'typeResolver'
2024-10-27 22:54:56,927 DEBUG [main][ConstructorResolver.java:807] - Autowiring by type from bean name 'xmlModelPlugin' via constructor to bean named 'typeResolver'
2024-10-27 22:54:56,927 DEBUG [main][DefaultSingletonBeanRegistry.java:225] - Creating shared instance of singleton bean 'xmlPropertyPlugin'
2024-10-27 22:54:56,927 DEBUG [main][DefaultSingletonBeanRegistry.java:225] - Creating shared instance of singleton bean 'xmlPropertyPlugin'
2024-10-27 22:54:56,927 DEBUG [main][DefaultSingletonBeanRegistry.java:225] - Creating shared instance of singleton bean 'apiModelPropertyPropertyBuilder'
2024-10-27 22:54:56,927 DEBUG [main][DefaultSingletonBeanRegistry.java:225] - Creating shared instance of singleton bean 'apiModelPropertyPropertyBuilder'
2024-10-27 22:54:56,927 DEBUG [main][ConstructorResolver.java:807] - Autowiring by type from bean name 'apiModelPropertyPropertyBuilder' via constructor to bean named 'descriptionResolver'
2024-10-27 22:54:56,927 DEBUG [main][ConstructorResolver.java:807] - Autowiring by type from bean name 'apiModelPropertyPropertyBuilder' via constructor to bean named 'descriptionResolver'
2024-10-27 22:54:56,928 DEBUG [main][DefaultSingletonBeanRegistry.java:225] - Creating shared instance of singleton bean 'apiModelTypeNameProvider'
2024-10-27 22:54:56,928 DEBUG [main][DefaultSingletonBeanRegistry.java:225] - Creating shared instance of singleton bean 'apiModelTypeNameProvider'
2024-10-27 22:54:56,928 DEBUG [main][DefaultSingletonBeanRegistry.java:225] - Creating shared instance of singleton bean 'apiModelBuilder'
2024-10-27 22:54:56,928 DEBUG [main][DefaultSingletonBeanRegistry.java:225] - Creating shared instance of singleton bean 'apiModelBuilder'
2024-10-27 22:54:56,928 DEBUG [main][ConstructorResolver.java:807] - Autowiring by type from bean name 'apiModelBuilder' via constructor to bean named 'typeResolver'
2024-10-27 22:54:56,928 DEBUG [main][ConstructorResolver.java:807] - Autowiring by type from bean name 'apiModelBuilder' via constructor to bean named 'typeResolver'
2024-10-27 22:54:56,928 DEBUG [main][ConstructorResolver.java:807] - Autowiring by type from bean name 'apiModelBuilder' via constructor to bean named 'typeNameExtractor'
2024-10-27 22:54:56,928 DEBUG [main][ConstructorResolver.java:807] - Autowiring by type from bean name 'apiModelBuilder' via constructor to bean named 'typeNameExtractor'
2024-10-27 22:54:56,929 DEBUG [main][DefaultSingletonBeanRegistry.java:225] - Creating shared instance of singleton bean 'operationImplicitParameterReader'
2024-10-27 22:54:56,929 DEBUG [main][DefaultSingletonBeanRegistry.java:225] - Creating shared instance of singleton bean 'operationImplicitParameterReader'
2024-10-27 22:54:56,930 DEBUG [main][ConstructorResolver.java:807] - Autowiring by type from bean name 'operationImplicitParameterReader' via constructor to bean named 'descriptionResolver'
2024-10-27 22:54:56,930 DEBUG [main][ConstructorResolver.java:807] - Autowiring by type from bean name 'operationImplicitParameterReader' via constructor to bean named 'descriptionResolver'
2024-10-27 22:54:56,930 DEBUG [main][DefaultSingletonBeanRegistry.java:225] - Creating shared instance of singleton bean 'vendorExtensionsReader'
2024-10-27 22:54:56,930 DEBUG [main][DefaultSingletonBeanRegistry.java:225] - Creating shared instance of singleton bean 'vendorExtensionsReader'
2024-10-27 22:54:56,930 DEBUG [main][DefaultSingletonBeanRegistry.java:225] - Creating shared instance of singleton bean 'swaggerOperationResponseClassReader'
2024-10-27 22:54:56,930 DEBUG [main][DefaultSingletonBeanRegistry.java:225] - Creating shared instance of singleton bean 'swaggerOperationResponseClassReader'
2024-10-27 22:54:56,931 DEBUG [main][ConstructorResolver.java:807] - Autowiring by type from bean name 'swaggerOperationResponseClassReader' via constructor to bean named 'typeResolver'
2024-10-27 22:54:56,931 DEBUG [main][ConstructorResolver.java:807] - Autowiring by type from bean name 'swaggerOperationResponseClassReader' via constructor to bean named 'typeResolver'
2024-10-27 22:54:56,931 DEBUG [main][ConstructorResolver.java:807] - Autowiring by type from bean name 'swaggerOperationResponseClassReader' via constructor to bean named 'typeNameExtractor'
2024-10-27 22:54:56,931 DEBUG [main][ConstructorResolver.java:807] - Autowiring by type from bean name 'swaggerOperationResponseClassReader' via constructor to bean named 'typeNameExtractor'
2024-10-27 22:54:56,931 DEBUG [main][DefaultSingletonBeanRegistry.java:225] - Creating shared instance of singleton bean 'swaggerOperationModelsProvider'
2024-10-27 22:54:56,931 DEBUG [main][DefaultSingletonBeanRegistry.java:225] - Creating shared instance of singleton bean 'swaggerOperationModelsProvider'
2024-10-27 22:54:56,931 DEBUG [main][ConstructorResolver.java:807] - Autowiring by type from bean name 'swaggerOperationModelsProvider' via constructor to bean named 'typeResolver'
2024-10-27 22:54:56,931 DEBUG [main][ConstructorResolver.java:807] - Autowiring by type from bean name 'swaggerOperationModelsProvider' via constructor to bean named 'typeResolver'
2024-10-27 22:54:56,932 DEBUG [main][DefaultSingletonBeanRegistry.java:225] - Creating shared instance of singleton bean 'swaggerMediaTypeReader'
2024-10-27 22:54:56,932 DEBUG [main][DefaultSingletonBeanRegistry.java:225] - Creating shared instance of singleton bean 'swaggerMediaTypeReader'
2024-10-27 22:54:56,932 DEBUG [main][DefaultSingletonBeanRegistry.java:225] - Creating shared instance of singleton bean 'operationHttpMethodReader'
2024-10-27 22:54:56,932 DEBUG [main][DefaultSingletonBeanRegistry.java:225] - Creating shared instance of singleton bean 'operationHttpMethodReader'
2024-10-27 22:54:56,932 DEBUG [main][DefaultSingletonBeanRegistry.java:225] - Creating shared instance of singleton bean 'operationImplicitParametersReader'
2024-10-27 22:54:56,932 DEBUG [main][DefaultSingletonBeanRegistry.java:225] - Creating shared instance of singleton bean 'operationImplicitParametersReader'
2024-10-27 22:54:56,932 DEBUG [main][ConstructorResolver.java:807] - Autowiring by type from bean name 'operationImplicitParametersReader' via constructor to bean named 'descriptionResolver'
2024-10-27 22:54:56,932 DEBUG [main][ConstructorResolver.java:807] - Autowiring by type from bean name 'operationImplicitParametersReader' via constructor to bean named 'descriptionResolver'
2024-10-27 22:54:56,932 DEBUG [main][DefaultSingletonBeanRegistry.java:225] - Creating shared instance of singleton bean 'operationAuthReader'
2024-10-27 22:54:56,932 DEBUG [main][DefaultSingletonBeanRegistry.java:225] - Creating shared instance of singleton bean 'operationAuthReader'
2024-10-27 22:54:56,934 DEBUG [main][DefaultSingletonBeanRegistry.java:225] - Creating shared instance of singleton bean 'operationHiddenReader'
2024-10-27 22:54:56,934 DEBUG [main][DefaultSingletonBeanRegistry.java:225] - Creating shared instance of singleton bean 'operationHiddenReader'
2024-10-27 22:54:56,934 DEBUG [main][DefaultSingletonBeanRegistry.java:225] - Creating shared instance of singleton bean 'operationSummaryReader'
2024-10-27 22:54:56,934 DEBUG [main][DefaultSingletonBeanRegistry.java:225] - Creating shared instance of singleton bean 'operationSummaryReader'
2024-10-27 22:54:56,934 DEBUG [main][ConstructorResolver.java:807] - Autowiring by type from bean name 'operationSummaryReader' via constructor to bean named 'descriptionResolver'
2024-10-27 22:54:56,934 DEBUG [main][ConstructorResolver.java:807] - Autowiring by type from bean name 'operationSummaryReader' via constructor to bean named 'descriptionResolver'
2024-10-27 22:54:56,934 DEBUG [main][DefaultSingletonBeanRegistry.java:225] - Creating shared instance of singleton bean 'swaggerResponseMessageReader'
2024-10-27 22:54:56,934 DEBUG [main][DefaultSingletonBeanRegistry.java:225] - Creating shared instance of singleton bean 'swaggerResponseMessageReader'
2024-10-27 22:54:56,935 DEBUG [main][ConstructorResolver.java:807] - Autowiring by type from bean name 'swaggerResponseMessageReader' via constructor to bean named 'typeNameExtractor'
2024-10-27 22:54:56,935 DEBUG [main][ConstructorResolver.java:807] - Autowiring by type from bean name 'swaggerResponseMessageReader' via constructor to bean named 'typeNameExtractor'
2024-10-27 22:54:56,935 DEBUG [main][ConstructorResolver.java:807] - Autowiring by type from bean name 'swaggerResponseMessageReader' via constructor to bean named 'typeResolver'
2024-10-27 22:54:56,935 DEBUG [main][ConstructorResolver.java:807] - Autowiring by type from bean name 'swaggerResponseMessageReader' via constructor to bean named 'typeResolver'
2024-10-27 22:54:56,935 DEBUG [main][DefaultSingletonBeanRegistry.java:225] - Creating shared instance of singleton bean 'operationNicknameIntoUniqueIdReader'
2024-10-27 22:54:56,935 DEBUG [main][DefaultSingletonBeanRegistry.java:225] - Creating shared instance of singleton bean 'operationNicknameIntoUniqueIdReader'
2024-10-27 22:54:56,935 DEBUG [main][DefaultSingletonBeanRegistry.java:225] - Creating shared instance of singleton bean 'operationPositionReader'
2024-10-27 22:54:56,935 DEBUG [main][DefaultSingletonBeanRegistry.java:225] - Creating shared instance of singleton bean 'operationPositionReader'
2024-10-27 22:54:56,935 DEBUG [main][DefaultSingletonBeanRegistry.java:225] - Creating shared instance of singleton bean 'operationNotesReader'
2024-10-27 22:54:56,935 DEBUG [main][DefaultSingletonBeanRegistry.java:225] - Creating shared instance of singleton bean 'operationNotesReader'
2024-10-27 22:54:56,936 DEBUG [main][ConstructorResolver.java:807] - Autowiring by type from bean name 'operationNotesReader' via constructor to bean named 'descriptionResolver'
2024-10-27 22:54:56,936 DEBUG [main][ConstructorResolver.java:807] - Autowiring by type from bean name 'operationNotesReader' via constructor to bean named 'descriptionResolver'
2024-10-27 22:54:56,936 DEBUG [main][DefaultSingletonBeanRegistry.java:225] - Creating shared instance of singleton bean 'swaggerOperationTagsReader'
2024-10-27 22:54:56,936 DEBUG [main][DefaultSingletonBeanRegistry.java:225] - Creating shared instance of singleton bean 'swaggerOperationTagsReader'
2024-10-27 22:54:56,936 DEBUG [main][ConstructorResolver.java:807] - Autowiring by type from bean name 'swaggerOperationTagsReader' via constructor to bean named 'defaultTagsProvider'
2024-10-27 22:54:56,936 DEBUG [main][ConstructorResolver.java:807] - Autowiring by type from bean name 'swaggerOperationTagsReader' via constructor to bean named 'defaultTagsProvider'
2024-10-27 22:54:56,936 DEBUG [main][DefaultSingletonBeanRegistry.java:225] - Creating shared instance of singleton bean 'swaggerParameterDescriptionReader'
2024-10-27 22:54:56,936 DEBUG [main][DefaultSingletonBeanRegistry.java:225] - Creating shared instance of singleton bean 'swaggerParameterDescriptionReader'
2024-10-27 22:54:56,936 DEBUG [main][ConstructorResolver.java:807] - Autowiring by type from bean name 'swaggerParameterDescriptionReader' via constructor to bean named 'descriptionResolver'
2024-10-27 22:54:56,936 DEBUG [main][ConstructorResolver.java:807] - Autowiring by type from bean name 'swaggerParameterDescriptionReader' via constructor to bean named 'descriptionResolver'
2024-10-27 22:54:56,936 DEBUG [main][ConstructorResolver.java:807] - Autowiring by type from bean name 'swaggerParameterDescriptionReader' via constructor to bean named 'jacksonEnumTypeDeterminer'
2024-10-27 22:54:56,936 DEBUG [main][ConstructorResolver.java:807] - Autowiring by type from bean name 'swaggerParameterDescriptionReader' via constructor to bean named 'jacksonEnumTypeDeterminer'
2024-10-27 22:54:56,937 DEBUG [main][DefaultSingletonBeanRegistry.java:225] - Creating shared instance of singleton bean 'swaggerExpandedParameterBuilder'
2024-10-27 22:54:56,937 DEBUG [main][DefaultSingletonBeanRegistry.java:225] - Creating shared instance of singleton bean 'swaggerExpandedParameterBuilder'
2024-10-27 22:54:56,938 DEBUG [main][ConstructorResolver.java:807] - Autowiring by type from bean name 'swaggerExpandedParameterBuilder' via constructor to bean named 'descriptionResolver'
2024-10-27 22:54:56,938 DEBUG [main][ConstructorResolver.java:807] - Autowiring by type from bean name 'swaggerExpandedParameterBuilder' via constructor to bean named 'descriptionResolver'
2024-10-27 22:54:56,938 DEBUG [main][ConstructorResolver.java:807] - Autowiring by type from bean name 'swaggerExpandedParameterBuilder' via constructor to bean named 'jacksonEnumTypeDeterminer'
2024-10-27 22:54:56,938 DEBUG [main][ConstructorResolver.java:807] - Autowiring by type from bean name 'swaggerExpandedParameterBuilder' via constructor to bean named 'jacksonEnumTypeDeterminer'
2024-10-27 22:54:56,938 DEBUG [main][DefaultSingletonBeanRegistry.java:225] - Creating shared instance of singleton bean 'swaggerApiListingReader'
2024-10-27 22:54:56,938 DEBUG [main][DefaultSingletonBeanRegistry.java:225] - Creating shared instance of singleton bean 'swaggerApiListingReader'
2024-10-27 22:54:56,938 DEBUG [main][DefaultSingletonBeanRegistry.java:225] - Creating shared instance of singleton bean 'classOrApiAnnotationResourceGrouping'
2024-10-27 22:54:56,938 DEBUG [main][DefaultSingletonBeanRegistry.java:225] - Creating shared instance of singleton bean 'classOrApiAnnotationResourceGrouping'
2024-10-27 22:54:56,939 DEBUG [main][DefaultSingletonBeanRegistry.java:225] - Creating shared instance of singleton bean 'inMemorySwaggerResourcesProvider'
2024-10-27 22:54:56,939 DEBUG [main][DefaultSingletonBeanRegistry.java:225] - Creating shared instance of singleton bean 'inMemorySwaggerResourcesProvider'
2024-10-27 22:54:56,939 DEBUG [main][ConstructorResolver.java:807] - Autowiring by type from bean name 'inMemorySwaggerResourcesProvider' via constructor to bean named 'environment'
2024-10-27 22:54:56,939 DEBUG [main][ConstructorResolver.java:807] - Autowiring by type from bean name 'inMemorySwaggerResourcesProvider' via constructor to bean named 'environment'
2024-10-27 22:54:56,939 DEBUG [main][ConstructorResolver.java:807] - Autowiring by type from bean name 'inMemorySwaggerResourcesProvider' via constructor to bean named 'resourceGroupCache'
2024-10-27 22:54:56,939 DEBUG [main][ConstructorResolver.java:807] - Autowiring by type from bean name 'inMemorySwaggerResourcesProvider' via constructor to bean named 'resourceGroupCache'
2024-10-27 22:54:56,940 DEBUG [main][DefaultSingletonBeanRegistry.java:225] - Creating shared instance of singleton bean 'apiResourceController'
2024-10-27 22:54:56,940 DEBUG [main][DefaultSingletonBeanRegistry.java:225] - Creating shared instance of singleton bean 'apiResourceController'
2024-10-27 22:54:56,941 DEBUG [main][ConstructorResolver.java:807] - Autowiring by type from bean name 'apiResourceController' via constructor to bean named 'inMemorySwaggerResourcesProvider'
2024-10-27 22:54:56,941 DEBUG [main][ConstructorResolver.java:807] - Autowiring by type from bean name 'apiResourceController' via constructor to bean named 'inMemorySwaggerResourcesProvider'
2024-10-27 22:54:56,942 DEBUG [main][DefaultSingletonBeanRegistry.java:225] - Creating shared instance of singleton bean 'uiConfiguration'
2024-10-27 22:54:56,942 DEBUG [main][DefaultSingletonBeanRegistry.java:225] - Creating shared instance of singleton bean 'uiConfiguration'
2024-10-27 22:54:56,942 DEBUG [main][DefaultSingletonBeanRegistry.java:225] - Creating shared instance of singleton bean 'com.spring4all.swagger.SwaggerAutoConfiguration'
2024-10-27 22:54:56,942 DEBUG [main][DefaultSingletonBeanRegistry.java:225] - Creating shared instance of singleton bean 'com.spring4all.swagger.SwaggerAutoConfiguration'
2024-10-27 22:54:56,944 DEBUG [main][DefaultSingletonBeanRegistry.java:225] - Creating shared instance of singleton bean 'swaggerProperties'
2024-10-27 22:54:56,944 DEBUG [main][DefaultSingletonBeanRegistry.java:225] - Creating shared instance of singleton bean 'swaggerProperties'
2024-10-27 22:54:56,949 DEBUG [main][ConstructorResolver.java:807] - Autowiring by type from bean name 'uiConfiguration' via factory method to bean named 'swaggerProperties'
2024-10-27 22:54:56,949 DEBUG [main][ConstructorResolver.java:807] - Autowiring by type from bean name 'uiConfiguration' via factory method to bean named 'swaggerProperties'
2024-10-27 22:54:56,951 DEBUG [main][DefaultSingletonBeanRegistry.java:225] - Creating shared instance of singleton bean 'jsonSerializer'
2024-10-27 22:54:56,951 DEBUG [main][DefaultSingletonBeanRegistry.java:225] - Creating shared instance of singleton bean 'jsonSerializer'
2024-10-27 22:54:56,952 DEBUG [main][DefaultSingletonBeanRegistry.java:225] - Creating shared instance of singleton bean 'swagger2Module'
2024-10-27 22:54:56,952 DEBUG [main][DefaultSingletonBeanRegistry.java:225] - Creating shared instance of singleton bean 'swagger2Module'
2024-10-27 22:54:56,952 DEBUG [main][DefaultSingletonBeanRegistry.java:225] - Creating shared instance of singleton bean 'springfox.documentation.swagger2.configuration.Swagger2DocumentationConfiguration'
2024-10-27 22:54:56,952 DEBUG [main][DefaultSingletonBeanRegistry.java:225] - Creating shared instance of singleton bean 'springfox.documentation.swagger2.configuration.Swagger2DocumentationConfiguration'
2024-10-27 22:54:56,955 DEBUG [main][ConstructorResolver.java:807] - Autowiring by type from bean name 'jsonSerializer' via factory method to bean named 'swagger2Module'
2024-10-27 22:54:56,955 DEBUG [main][ConstructorResolver.java:807] - Autowiring by type from bean name 'jsonSerializer' via factory method to bean named 'swagger2Module'
2024-10-27 22:54:56,957 DEBUG [main][DefaultSingletonBeanRegistry.java:225] - Creating shared instance of singleton bean 'springfox.documentation.swagger.configuration.SwaggerCommonConfiguration'
2024-10-27 22:54:56,957 DEBUG [main][DefaultSingletonBeanRegistry.java:225] - Creating shared instance of singleton bean 'springfox.documentation.swagger.configuration.SwaggerCommonConfiguration'
2024-10-27 22:54:56,957 DEBUG [main][DefaultSingletonBeanRegistry.java:225] - Creating shared instance of singleton bean 'swagger2ControllerMapping'
2024-10-27 22:54:56,957 DEBUG [main][DefaultSingletonBeanRegistry.java:225] - Creating shared instance of singleton bean 'swagger2ControllerMapping'
2024-10-27 22:54:56,958 DEBUG [main][ConstructorResolver.java:807] - Autowiring by type from bean name 'swagger2ControllerMapping' via factory method to bean named 'environment'
2024-10-27 22:54:56,958 DEBUG [main][ConstructorResolver.java:807] - Autowiring by type from bean name 'swagger2ControllerMapping' via factory method to bean named 'environment'
2024-10-27 22:54:56,958 DEBUG [main][ConstructorResolver.java:807] - Autowiring by type from bean name 'swagger2ControllerMapping' via factory method to bean named 'resourceGroupCache'
2024-10-27 22:54:56,958 DEBUG [main][ConstructorResolver.java:807] - Autowiring by type from bean name 'swagger2ControllerMapping' via factory method to bean named 'resourceGroupCache'
2024-10-27 22:54:56,958 DEBUG [main][ConstructorResolver.java:807] - Autowiring by type from bean name 'swagger2ControllerMapping' via factory method to bean named 'serviceModelToSwagger2MapperImpl'
2024-10-27 22:54:56,958 DEBUG [main][ConstructorResolver.java:807] - Autowiring by type from bean name 'swagger2ControllerMapping' via factory method to bean named 'serviceModelToSwagger2MapperImpl'
2024-10-27 22:54:56,958 DEBUG [main][ConstructorResolver.java:807] - Autowiring by type from bean name 'swagger2ControllerMapping' via factory method to bean named 'jsonSerializer'
2024-10-27 22:54:56,958 DEBUG [main][ConstructorResolver.java:807] - Autowiring by type from bean name 'swagger2ControllerMapping' via factory method to bean named 'jsonSerializer'
2024-10-27 22:54:56,960 INFO [main][PropertySourcedRequestMappingHandlerMapping.java:69] - Mapped URL path [/v2/api-docs] onto method [springfox.documentation.swagger2.web.Swagger2Controller#getDocumentation(String, HttpServletRequest)]
2024-10-27 22:54:56,960 INFO [main][PropertySourcedRequestMappingHandlerMapping.java:69] - Mapped URL path [/v2/api-docs] onto method [springfox.documentation.swagger2.web.Swagger2Controller#getDocumentation(String, HttpServletRequest)]
2024-10-27 22:54:56,960 DEBUG [main][DefaultSingletonBeanRegistry.java:225] - Creating shared instance of singleton bean 'springfox.bean.validators.configuration.BeanValidatorPluginsConfiguration'
2024-10-27 22:54:56,960 DEBUG [main][DefaultSingletonBeanRegistry.java:225] - Creating shared instance of singleton bean 'springfox.bean.validators.configuration.BeanValidatorPluginsConfiguration'
2024-10-27 22:54:56,960 DEBUG [main][DefaultSingletonBeanRegistry.java:225] - Creating shared instance of singleton bean 'expanderMinMax'
2024-10-27 22:54:56,960 DEBUG [main][DefaultSingletonBeanRegistry.java:225] - Creating shared instance of singleton bean 'expanderMinMax'
2024-10-27 22:54:56,962 DEBUG [main][DefaultSingletonBeanRegistry.java:225] - Creating shared instance of singleton bean 'expanderNotNull'
2024-10-27 22:54:56,962 DEBUG [main][DefaultSingletonBeanRegistry.java:225] - Creating shared instance of singleton bean 'expanderNotNull'
2024-10-27 22:54:56,962 DEBUG [main][DefaultSingletonBeanRegistry.java:225] - Creating shared instance of singleton bean 'expanderPattern'
2024-10-27 22:54:56,962 DEBUG [main][DefaultSingletonBeanRegistry.java:225] - Creating shared instance of singleton bean 'expanderPattern'
2024-10-27 22:54:56,963 DEBUG [main][DefaultSingletonBeanRegistry.java:225] - Creating shared instance of singleton bean 'expanderSize'
2024-10-27 22:54:56,963 DEBUG [main][DefaultSingletonBeanRegistry.java:225] - Creating shared instance of singleton bean 'expanderSize'
2024-10-27 22:54:56,963 DEBUG [main][DefaultSingletonBeanRegistry.java:225] - Creating shared instance of singleton bean 'parameterMinMax'
2024-10-27 22:54:56,963 DEBUG [main][DefaultSingletonBeanRegistry.java:225] - Creating shared instance of singleton bean 'parameterMinMax'
2024-10-27 22:54:56,964 DEBUG [main][DefaultSingletonBeanRegistry.java:225] - Creating shared instance of singleton bean 'parameterNotNull'
2024-10-27 22:54:56,964 DEBUG [main][DefaultSingletonBeanRegistry.java:225] - Creating shared instance of singleton bean 'parameterNotNull'
2024-10-27 22:54:56,964 DEBUG [main][DefaultSingletonBeanRegistry.java:225] - Creating shared instance of singleton bean 'parameterPattern'
2024-10-27 22:54:56,964 DEBUG [main][DefaultSingletonBeanRegistry.java:225] - Creating shared instance of singleton bean 'parameterPattern'
2024-10-27 22:54:56,964 DEBUG [main][DefaultSingletonBeanRegistry.java:225] - Creating shared instance of singleton bean 'parameterSize'
2024-10-27 22:54:56,964 DEBUG [main][DefaultSingletonBeanRegistry.java:225] - Creating shared instance of singleton bean 'parameterSize'
2024-10-27 22:54:56,964 DEBUG [main][DefaultSingletonBeanRegistry.java:225] - Creating shared instance of singleton bean 'minMaxPlugin'
2024-10-27 22:54:56,964 DEBUG [main][DefaultSingletonBeanRegistry.java:225] - Creating shared instance of singleton bean 'minMaxPlugin'
2024-10-27 22:54:56,965 DEBUG [main][DefaultSingletonBeanRegistry.java:225] - Creating shared instance of singleton bean 'decimalMinMaxPlugin'
2024-10-27 22:54:56,965 DEBUG [main][DefaultSingletonBeanRegistry.java:225] - Creating shared instance of singleton bean 'decimalMinMaxPlugin'
2024-10-27 22:54:56,965 DEBUG [main][DefaultSingletonBeanRegistry.java:225] - Creating shared instance of singleton bean 'sizePlugin'
2024-10-27 22:54:56,965 DEBUG [main][DefaultSingletonBeanRegistry.java:225] - Creating shared instance of singleton bean 'sizePlugin'
2024-10-27 22:54:56,965 DEBUG [main][DefaultSingletonBeanRegistry.java:225] - Creating shared instance of singleton bean 'notNullPlugin'
2024-10-27 22:54:56,965 DEBUG [main][DefaultSingletonBeanRegistry.java:225] - Creating shared instance of singleton bean 'notNullPlugin'
2024-10-27 22:54:56,965 DEBUG [main][DefaultSingletonBeanRegistry.java:225] - Creating shared instance of singleton bean 'patternPlugin'
2024-10-27 22:54:56,965 DEBUG [main][DefaultSingletonBeanRegistry.java:225] - Creating shared instance of singleton bean 'patternPlugin'
2024-10-27 22:54:56,965 DEBUG [main][DefaultSingletonBeanRegistry.java:225] - Creating shared instance of singleton bean 'com.spring4all.swagger.Swagger2Configuration'
2024-10-27 22:54:56,965 DEBUG [main][DefaultSingletonBeanRegistry.java:225] - Creating shared instance of singleton bean 'com.spring4all.swagger.Swagger2Configuration'
2024-10-27 22:54:56,965 DEBUG [main][DefaultSingletonBeanRegistry.java:225] - Creating shared instance of singleton bean 'createRestApi'
2024-10-27 22:54:56,965 DEBUG [main][DefaultSingletonBeanRegistry.java:225] - Creating shared instance of singleton bean 'createRestApi'
2024-10-27 22:54:56,966 DEBUG [main][ConstructorResolver.java:807] - Autowiring by type from bean name 'createRestApi' via factory method to bean named 'swaggerProperties'
2024-10-27 22:54:56,966 DEBUG [main][ConstructorResolver.java:807] - Autowiring by type from bean name 'createRestApi' via factory method to bean named 'swaggerProperties'
2024-10-27 22:54:56,972 DEBUG [main][DefaultSingletonBeanRegistry.java:225] - Creating shared instance of singleton bean 'org.springframework.boot.autoconfigure.AutoConfigurationPackages'
2024-10-27 22:54:56,972 DEBUG [main][DefaultSingletonBeanRegistry.java:225] - Creating shared instance of singleton bean 'org.springframework.boot.autoconfigure.AutoConfigurationPackages'
2024-10-27 22:54:56,973 DEBUG [main][DefaultSingletonBeanRegistry.java:225] - Creating shared instance of singleton bean 'org.springframework.boot.autoconfigure.context.PropertyPlaceholderAutoConfiguration'
2024-10-27 22:54:56,973 DEBUG [main][DefaultSingletonBeanRegistry.java:225] - Creating shared instance of singleton bean 'org.springframework.boot.autoconfigure.context.PropertyPlaceholderAutoConfiguration'
2024-10-27 22:54:56,973 DEBUG [main][DefaultSingletonBeanRegistry.java:225] - Creating shared instance of singleton bean 'org.springframework.boot.autoconfigure.websocket.servlet.WebSocketServletAutoConfiguration'
2024-10-27 22:54:56,973 DEBUG [main][DefaultSingletonBeanRegistry.java:225] - Creating shared instance of singleton bean 'org.springframework.boot.autoconfigure.websocket.servlet.WebSocketServletAutoConfiguration'
2024-10-27 22:54:56,973 DEBUG [main][DefaultSingletonBeanRegistry.java:225] - Creating shared instance of singleton bean 'org.springframework.boot.context.properties.ConfigurationBeanFactoryMetadata'
2024-10-27 22:54:56,973 DEBUG [main][DefaultSingletonBeanRegistry.java:225] - Creating shared instance of singleton bean 'org.springframework.boot.context.properties.ConfigurationBeanFactoryMetadata'
2024-10-27 22:54:56,973 DEBUG [main][DefaultSingletonBeanRegistry.java:225] - Creating shared instance of singleton bean 'org.springframework.boot.autoconfigure.web.servlet.DispatcherServletAutoConfiguration'
2024-10-27 22:54:56,973 DEBUG [main][DefaultSingletonBeanRegistry.java:225] - Creating shared instance of singleton bean 'org.springframework.boot.autoconfigure.web.servlet.DispatcherServletAutoConfiguration'
2024-10-27 22:54:56,974 DEBUG [main][DefaultSingletonBeanRegistry.java:225] - Creating shared instance of singleton bean 'org.springframework.boot.autoconfigure.task.TaskExecutionAutoConfiguration'
2024-10-27 22:54:56,974 DEBUG [main][DefaultSingletonBeanRegistry.java:225] - Creating shared instance of singleton bean 'org.springframework.boot.autoconfigure.task.TaskExecutionAutoConfiguration'
2024-10-27 22:54:56,974 DEBUG [main][DefaultSingletonBeanRegistry.java:225] - Creating shared instance of singleton bean 'taskExecutorBuilder'
2024-10-27 22:54:56,974 DEBUG [main][DefaultSingletonBeanRegistry.java:225] - Creating shared instance of singleton bean 'taskExecutorBuilder'
2024-10-27 22:54:56,974 DEBUG [main][DefaultSingletonBeanRegistry.java:225] - Creating shared instance of singleton bean 'spring.task.execution-org.springframework.boot.autoconfigure.task.TaskExecutionProperties'
2024-10-27 22:54:56,974 DEBUG [main][DefaultSingletonBeanRegistry.java:225] - Creating shared instance of singleton bean 'spring.task.execution-org.springframework.boot.autoconfigure.task.TaskExecutionProperties'
2024-10-27 22:54:56,975 DEBUG [main][ConstructorResolver.java:807] - Autowiring by type from bean name 'taskExecutorBuilder' via factory method to bean named 'spring.task.execution-org.springframework.boot.autoconfigure.task.TaskExecutionProperties'
2024-10-27 22:54:56,975 DEBUG [main][ConstructorResolver.java:807] - Autowiring by type from bean name 'taskExecutorBuilder' via factory method to bean named 'spring.task.execution-org.springframework.boot.autoconfigure.task.TaskExecutionProperties'
2024-10-27 22:54:56,976 DEBUG [main][DefaultSingletonBeanRegistry.java:225] - Creating shared instance of singleton bean 'org.springframework.boot.autoconfigure.validation.ValidationAutoConfiguration'
2024-10-27 22:54:56,976 DEBUG [main][DefaultSingletonBeanRegistry.java:225] - Creating shared instance of singleton bean 'org.springframework.boot.autoconfigure.validation.ValidationAutoConfiguration'
2024-10-27 22:54:56,977 DEBUG [main][DefaultSingletonBeanRegistry.java:225] - Creating shared instance of singleton bean 'defaultValidator'
2024-10-27 22:54:56,977 DEBUG [main][DefaultSingletonBeanRegistry.java:225] - Creating shared instance of singleton bean 'defaultValidator'
2024-10-27 22:54:56,977 DEBUG [main][ResourceBundleMessageInterpolator.java:172] - Loaded expression factory via original TCCL
2024-10-27 22:54:56,977 DEBUG [main][ResourceBundleMessageInterpolator.java:172] - Loaded expression factory via original TCCL
2024-10-27 22:54:56,978 DEBUG [main][AbstractConfigurationImpl.java:171] - Setting custom MessageInterpolator of type org.springframework.validation.beanvalidation.LocaleContextMessageInterpolator
2024-10-27 22:54:56,978 DEBUG [main][AbstractConfigurationImpl.java:171] - Setting custom MessageInterpolator of type org.springframework.validation.beanvalidation.LocaleContextMessageInterpolator
2024-10-27 22:54:56,979 DEBUG [main][AbstractConfigurationImpl.java:203] - Setting custom ConstraintValidatorFactory of type org.springframework.validation.beanvalidation.SpringConstraintValidatorFactory
2024-10-27 22:54:56,979 DEBUG [main][AbstractConfigurationImpl.java:203] - Setting custom ConstraintValidatorFactory of type org.springframework.validation.beanvalidation.SpringConstraintValidatorFactory
2024-10-27 22:54:56,979 DEBUG [main][AbstractConfigurationImpl.java:217] - Setting custom ParameterNameProvider of type org.springframework.validation.beanvalidation.LocalValidatorFactoryBean$1
2024-10-27 22:54:56,979 DEBUG [main][AbstractConfigurationImpl.java:217] - Setting custom ParameterNameProvider of type org.springframework.validation.beanvalidation.LocalValidatorFactoryBean$1
2024-10-27 22:54:56,979 DEBUG [main][ValidationXmlParser.java:120] - Trying to load META-INF/validation.xml for XML based Validator configuration.
2024-10-27 22:54:56,979 DEBUG [main][ValidationXmlParser.java:120] - Trying to load META-INF/validation.xml for XML based Validator configuration.
2024-10-27 22:54:56,979 DEBUG [main][ResourceLoaderHelper.java:53] - Trying to load META-INF/validation.xml via user class loader
2024-10-27 22:54:56,979 DEBUG [main][ResourceLoaderHelper.java:53] - Trying to load META-INF/validation.xml via user class loader
2024-10-27 22:54:56,980 DEBUG [main][ResourceLoaderHelper.java:60] - Trying to load META-INF/validation.xml via TCCL
2024-10-27 22:54:56,980 DEBUG [main][ResourceLoaderHelper.java:60] - Trying to load META-INF/validation.xml via TCCL
2024-10-27 22:54:56,980 DEBUG [main][ResourceLoaderHelper.java:66] - Trying to load META-INF/validation.xml via Hibernate Validator's class loader
2024-10-27 22:54:56,980 DEBUG [main][ResourceLoaderHelper.java:66] - Trying to load META-INF/validation.xml via Hibernate Validator's class loader
2024-10-27 22:54:56,980 DEBUG [main][ValidationXmlParser.java:127] - No META-INF/validation.xml found. Using annotation based configuration only.
2024-10-27 22:54:56,980 DEBUG [main][ValidationXmlParser.java:127] - No META-INF/validation.xml found. Using annotation based configuration only.
2024-10-27 22:54:56,980 DEBUG [main][TraversableResolvers.java:60] - Cannot find javax.persistence.Persistence on classpath. Assuming non JPA 2 environment. All properties will per default be traversable.
2024-10-27 22:54:56,980 DEBUG [main][TraversableResolvers.java:60] - Cannot find javax.persistence.Persistence on classpath. Assuming non JPA 2 environment. All properties will per default be traversable.
2024-10-27 22:54:56,981 DEBUG [main][ValidatorFactoryConfigurationHelper.java:300] - HV000252: Using org.hibernate.validator.internal.engine.DefaultPropertyNodeNameProvider as property node name provider.
2024-10-27 22:54:56,981 DEBUG [main][ValidatorFactoryConfigurationHelper.java:300] - HV000252: Using org.hibernate.validator.internal.engine.DefaultPropertyNodeNameProvider as property node name provider.
2024-10-27 22:54:56,981 DEBUG [main][ValidatorFactoryConfigurationHelper.java:375] - HV000234: Using org.springframework.validation.beanvalidation.LocaleContextMessageInterpolator as ValidatorFactory-scoped message interpolator.
2024-10-27 22:54:56,981 DEBUG [main][ValidatorFactoryConfigurationHelper.java:375] - HV000234: Using org.springframework.validation.beanvalidation.LocaleContextMessageInterpolator as ValidatorFactory-scoped message interpolator.
2024-10-27 22:54:56,981 DEBUG [main][ValidatorFactoryConfigurationHelper.java:376] - HV000234: Using org.hibernate.validator.internal.engine.resolver.TraverseAllTraversableResolver as ValidatorFactory-scoped traversable resolver.
2024-10-27 22:54:56,981 DEBUG [main][ValidatorFactoryConfigurationHelper.java:376] - HV000234: Using org.hibernate.validator.internal.engine.resolver.TraverseAllTraversableResolver as ValidatorFactory-scoped traversable resolver.
2024-10-27 22:54:56,981 DEBUG [main][ValidatorFactoryConfigurationHelper.java:377] - HV000234: Using org.hibernate.validator.internal.util.ExecutableParameterNameProvider as ValidatorFactory-scoped parameter name provider.
2024-10-27 22:54:56,981 DEBUG [main][ValidatorFactoryConfigurationHelper.java:377] - HV000234: Using org.hibernate.validator.internal.util.ExecutableParameterNameProvider as ValidatorFactory-scoped parameter name provider.
2024-10-27 22:54:56,981 DEBUG [main][ValidatorFactoryConfigurationHelper.java:378] - HV000234: Using org.hibernate.validator.internal.engine.DefaultClockProvider as ValidatorFactory-scoped clock provider.
2024-10-27 22:54:56,981 DEBUG [main][ValidatorFactoryConfigurationHelper.java:378] - HV000234: Using org.hibernate.validator.internal.engine.DefaultClockProvider as ValidatorFactory-scoped clock provider.
2024-10-27 22:54:56,981 DEBUG [main][ValidatorFactoryConfigurationHelper.java:379] - HV000234: Using org.hibernate.validator.internal.engine.scripting.DefaultScriptEvaluatorFactory as ValidatorFactory-scoped script evaluator factory.
2024-10-27 22:54:56,981 DEBUG [main][ValidatorFactoryConfigurationHelper.java:379] - HV000234: Using org.hibernate.validator.internal.engine.scripting.DefaultScriptEvaluatorFactory as ValidatorFactory-scoped script evaluator factory.
2024-10-27 22:54:56,982 DEBUG [main][DefaultSingletonBeanRegistry.java:225] - Creating shared instance of singleton bean 'org.springframework.boot.autoconfigure.web.servlet.error.ErrorMvcAutoConfiguration$WhitelabelErrorViewConfiguration'
2024-10-27 22:54:56,982 DEBUG [main][DefaultSingletonBeanRegistry.java:225] - Creating shared instance of singleton bean 'org.springframework.boot.autoconfigure.web.servlet.error.ErrorMvcAutoConfiguration$WhitelabelErrorViewConfiguration'
2024-10-27 22:54:56,982 DEBUG [main][DefaultSingletonBeanRegistry.java:225] - Creating shared instance of singleton bean 'error'
2024-10-27 22:54:56,982 DEBUG [main][DefaultSingletonBeanRegistry.java:225] - Creating shared instance of singleton bean 'error'
2024-10-27 22:54:56,982 DEBUG [main][DefaultSingletonBeanRegistry.java:225] - Creating shared instance of singleton bean 'beanNameViewResolver'
2024-10-27 22:54:56,982 DEBUG [main][DefaultSingletonBeanRegistry.java:225] - Creating shared instance of singleton bean 'beanNameViewResolver'
2024-10-27 22:54:56,983 DEBUG [main][DefaultSingletonBeanRegistry.java:225] - Creating shared instance of singleton bean 'org.springframework.boot.autoconfigure.web.servlet.error.ErrorMvcAutoConfiguration$DefaultErrorViewResolverConfiguration'
2024-10-27 22:54:56,983 DEBUG [main][DefaultSingletonBeanRegistry.java:225] - Creating shared instance of singleton bean 'org.springframework.boot.autoconfigure.web.servlet.error.ErrorMvcAutoConfiguration$DefaultErrorViewResolverConfiguration'
2024-10-27 22:54:56,983 DEBUG [main][ConstructorResolver.java:807] - Autowiring by type from bean name 'org.springframework.boot.autoconfigure.web.servlet.error.ErrorMvcAutoConfiguration$DefaultErrorViewResolverConfiguration' via constructor to bean named 'org.springframework.boot.web.servlet.context.AnnotationConfigServletWebServerApplicationContext@424fd310'
2024-10-27 22:54:56,983 DEBUG [main][ConstructorResolver.java:807] - Autowiring by type from bean name 'org.springframework.boot.autoconfigure.web.servlet.error.ErrorMvcAutoConfiguration$DefaultErrorViewResolverConfiguration' via constructor to bean named 'org.springframework.boot.web.servlet.context.AnnotationConfigServletWebServerApplicationContext@424fd310'
2024-10-27 22:54:56,983 DEBUG [main][ConstructorResolver.java:807] - Autowiring by type from bean name 'org.springframework.boot.autoconfigure.web.servlet.error.ErrorMvcAutoConfiguration$DefaultErrorViewResolverConfiguration' via constructor to bean named 'spring.resources-org.springframework.boot.autoconfigure.web.ResourceProperties'
2024-10-27 22:54:56,983 DEBUG [main][ConstructorResolver.java:807] - Autowiring by type from bean name 'org.springframework.boot.autoconfigure.web.servlet.error.ErrorMvcAutoConfiguration$DefaultErrorViewResolverConfiguration' via constructor to bean named 'spring.resources-org.springframework.boot.autoconfigure.web.ResourceProperties'
2024-10-27 22:54:56,983 DEBUG [main][DefaultSingletonBeanRegistry.java:225] - Creating shared instance of singleton bean 'conventionErrorViewResolver'
2024-10-27 22:54:56,983 DEBUG [main][DefaultSingletonBeanRegistry.java:225] - Creating shared instance of singleton bean 'conventionErrorViewResolver'
2024-10-27 22:54:56,984 DEBUG [main][DefaultSingletonBeanRegistry.java:225] - Creating shared instance of singleton bean 'errorAttributes'
2024-10-27 22:54:56,984 DEBUG [main][DefaultSingletonBeanRegistry.java:225] - Creating shared instance of singleton bean 'errorAttributes'
2024-10-27 22:54:56,984 DEBUG [main][DefaultSingletonBeanRegistry.java:225] - Creating shared instance of singleton bean 'basicErrorController'
2024-10-27 22:54:56,984 DEBUG [main][DefaultSingletonBeanRegistry.java:225] - Creating shared instance of singleton bean 'basicErrorController'
2024-10-27 22:54:56,984 DEBUG [main][ConstructorResolver.java:807] - Autowiring by type from bean name 'basicErrorController' via factory method to bean named 'errorAttributes'
2024-10-27 22:54:56,984 DEBUG [main][ConstructorResolver.java:807] - Autowiring by type from bean name 'basicErrorController' via factory method to bean named 'errorAttributes'
2024-10-27 22:54:56,985 DEBUG [main][DefaultSingletonBeanRegistry.java:225] - Creating shared instance of singleton bean 'requestMappingHandlerAdapter'
2024-10-27 22:54:56,985 DEBUG [main][DefaultSingletonBeanRegistry.java:225] - Creating shared instance of singleton bean 'requestMappingHandlerAdapter'
2024-10-27 22:54:56,986 DEBUG [main][DefaultSingletonBeanRegistry.java:225] - Creating shared instance of singleton bean 'mvcValidator'
2024-10-27 22:54:56,986 DEBUG [main][DefaultSingletonBeanRegistry.java:225] - Creating shared instance of singleton bean 'mvcValidator'
2024-10-27 22:54:56,986 DEBUG [main][ConstructorResolver.java:807] - Autowiring by type from bean name 'requestMappingHandlerAdapter' via factory method to bean named 'mvcContentNegotiationManager'
2024-10-27 22:54:56,986 DEBUG [main][ConstructorResolver.java:807] - Autowiring by type from bean name 'requestMappingHandlerAdapter' via factory method to bean named 'mvcConversionService'
2024-10-27 22:54:56,986 DEBUG [main][ConstructorResolver.java:807] - Autowiring by type from bean name 'requestMappingHandlerAdapter' via factory method to bean named 'mvcContentNegotiationManager'
2024-10-27 22:54:56,986 DEBUG [main][ConstructorResolver.java:807] - Autowiring by type from bean name 'requestMappingHandlerAdapter' via factory method to bean named 'mvcConversionService'
2024-10-27 22:54:56,986 DEBUG [main][ConstructorResolver.java:807] - Autowiring by type from bean name 'requestMappingHandlerAdapter' via factory method to bean named 'mvcValidator'
2024-10-27 22:54:56,986 DEBUG [main][ConstructorResolver.java:807] - Autowiring by type from bean name 'requestMappingHandlerAdapter' via factory method to bean named 'mvcValidator'
2024-10-27 22:54:56,986 DEBUG [main][ConstructorResolver.java:807] - Autowiring by type from bean name 'requestMappingHandlerAdapter' via factory method to bean named 'mvcContentNegotiationManager'
2024-10-27 22:54:56,986 DEBUG [main][ConstructorResolver.java:807] - Autowiring by type from bean name 'requestMappingHandlerAdapter' via factory method to bean named 'mvcContentNegotiationManager'
2024-10-27 22:54:56,987 DEBUG [main][ConstructorResolver.java:807] - Autowiring by type from bean name 'requestMappingHandlerAdapter' via factory method to bean named 'mvcConversionService'
2024-10-27 22:54:56,987 DEBUG [main][ConstructorResolver.java:807] - Autowiring by type from bean name 'requestMappingHandlerAdapter' via factory method to bean named 'mvcConversionService'
2024-10-27 22:54:56,987 DEBUG [main][ConstructorResolver.java:807] - Autowiring by type from bean name 'requestMappingHandlerAdapter' via factory method to bean named 'mvcValidator'
2024-10-27 22:54:56,987 DEBUG [main][ConstructorResolver.java:807] - Autowiring by type from bean name 'requestMappingHandlerAdapter' via factory method to bean named 'mvcValidator'
2024-10-27 22:54:56,990 DEBUG [main][DefaultSingletonBeanRegistry.java:225] - Creating shared instance of singleton bean 'messageConverters'
2024-10-27 22:54:56,990 DEBUG [main][DefaultSingletonBeanRegistry.java:225] - Creating shared instance of singleton bean 'messageConverters'
2024-10-27 22:54:56,990 DEBUG [main][DefaultSingletonBeanRegistry.java:225] - Creating shared instance of singleton bean 'org.springframework.boot.autoconfigure.http.HttpMessageConvertersAutoConfiguration'
2024-10-27 22:54:56,990 DEBUG [main][DefaultSingletonBeanRegistry.java:225] - Creating shared instance of singleton bean 'org.springframework.boot.autoconfigure.http.HttpMessageConvertersAutoConfiguration'
2024-10-27 22:54:56,991 DEBUG [main][DefaultSingletonBeanRegistry.java:225] - Creating shared instance of singleton bean 'stringHttpMessageConverter'
2024-10-27 22:54:56,991 DEBUG [main][DefaultSingletonBeanRegistry.java:225] - Creating shared instance of singleton bean 'stringHttpMessageConverter'
2024-10-27 22:54:56,991 DEBUG [main][DefaultSingletonBeanRegistry.java:225] - Creating shared instance of singleton bean 'org.springframework.boot.autoconfigure.http.HttpMessageConvertersAutoConfiguration$StringHttpMessageConverterConfiguration'
2024-10-27 22:54:56,991 DEBUG [main][DefaultSingletonBeanRegistry.java:225] - Creating shared instance of singleton bean 'org.springframework.boot.autoconfigure.http.HttpMessageConvertersAutoConfiguration$StringHttpMessageConverterConfiguration'
2024-10-27 22:54:56,992 DEBUG [main][ConstructorResolver.java:807] - Autowiring by type from bean name 'stringHttpMessageConverter' via factory method to bean named 'environment'
2024-10-27 22:54:56,992 DEBUG [main][ConstructorResolver.java:807] - Autowiring by type from bean name 'stringHttpMessageConverter' via factory method to bean named 'environment'
2024-10-27 22:54:56,993 DEBUG [main][DefaultSingletonBeanRegistry.java:225] - Creating shared instance of singleton bean 'mappingJackson2HttpMessageConverter'
2024-10-27 22:54:56,993 DEBUG [main][DefaultSingletonBeanRegistry.java:225] - Creating shared instance of singleton bean 'mappingJackson2HttpMessageConverter'
2024-10-27 22:54:56,993 DEBUG [main][DefaultSingletonBeanRegistry.java:225] - Creating shared instance of singleton bean 'org.springframework.boot.autoconfigure.http.JacksonHttpMessageConvertersConfiguration$MappingJackson2HttpMessageConverterConfiguration'
2024-10-27 22:54:56,993 DEBUG [main][DefaultSingletonBeanRegistry.java:225] - Creating shared instance of singleton bean 'org.springframework.boot.autoconfigure.http.JacksonHttpMessageConvertersConfiguration$MappingJackson2HttpMessageConverterConfiguration'
2024-10-27 22:54:56,994 DEBUG [main][DefaultSingletonBeanRegistry.java:225] - Creating shared instance of singleton bean 'jacksonObjectMapper'
2024-10-27 22:54:56,994 DEBUG [main][DefaultSingletonBeanRegistry.java:225] - Creating shared instance of singleton bean 'jacksonObjectMapper'
2024-10-27 22:54:56,994 DEBUG [main][DefaultSingletonBeanRegistry.java:225] - Creating shared instance of singleton bean 'org.springframework.boot.autoconfigure.jackson.JacksonAutoConfiguration$JacksonObjectMapperConfiguration'
2024-10-27 22:54:56,994 DEBUG [main][DefaultSingletonBeanRegistry.java:225] - Creating shared instance of singleton bean 'org.springframework.boot.autoconfigure.jackson.JacksonAutoConfiguration$JacksonObjectMapperConfiguration'
2024-10-27 22:54:56,994 DEBUG [main][DefaultSingletonBeanRegistry.java:225] - Creating shared instance of singleton bean 'org.springframework.boot.autoconfigure.jackson.JacksonAutoConfiguration$JacksonObjectMapperBuilderConfiguration'
2024-10-27 22:54:56,994 DEBUG [main][DefaultSingletonBeanRegistry.java:225] - Creating shared instance of singleton bean 'org.springframework.boot.autoconfigure.jackson.JacksonAutoConfiguration$JacksonObjectMapperBuilderConfiguration'
2024-10-27 22:54:56,995 DEBUG [main][DefaultSingletonBeanRegistry.java:225] - Creating shared instance of singleton bean 'standardJacksonObjectMapperBuilderCustomizer'
2024-10-27 22:54:56,995 DEBUG [main][DefaultSingletonBeanRegistry.java:225] - Creating shared instance of singleton bean 'standardJacksonObjectMapperBuilderCustomizer'
2024-10-27 22:54:56,995 DEBUG [main][DefaultSingletonBeanRegistry.java:225] - Creating shared instance of singleton bean 'org.springframework.boot.autoconfigure.jackson.JacksonAutoConfiguration$Jackson2ObjectMapperBuilderCustomizerConfiguration'
2024-10-27 22:54:56,995 DEBUG [main][DefaultSingletonBeanRegistry.java:225] - Creating shared instance of singleton bean 'org.springframework.boot.autoconfigure.jackson.JacksonAutoConfiguration$Jackson2ObjectMapperBuilderCustomizerConfiguration'
2024-10-27 22:54:56,995 DEBUG [main][DefaultSingletonBeanRegistry.java:225] - Creating shared instance of singleton bean 'spring.jackson-org.springframework.boot.autoconfigure.jackson.JacksonProperties'
2024-10-27 22:54:56,995 DEBUG [main][DefaultSingletonBeanRegistry.java:225] - Creating shared instance of singleton bean 'spring.jackson-org.springframework.boot.autoconfigure.jackson.JacksonProperties'
2024-10-27 22:54:56,996 DEBUG [main][ConstructorResolver.java:807] - Autowiring by type from bean name 'standardJacksonObjectMapperBuilderCustomizer' via factory method to bean named 'org.springframework.boot.web.servlet.context.AnnotationConfigServletWebServerApplicationContext@424fd310'
2024-10-27 22:54:56,996 DEBUG [main][ConstructorResolver.java:807] - Autowiring by type from bean name 'standardJacksonObjectMapperBuilderCustomizer' via factory method to bean named 'org.springframework.boot.web.servlet.context.AnnotationConfigServletWebServerApplicationContext@424fd310'
2024-10-27 22:54:56,996 DEBUG [main][ConstructorResolver.java:807] - Autowiring by type from bean name 'standardJacksonObjectMapperBuilderCustomizer' via factory method to bean named 'spring.jackson-org.springframework.boot.autoconfigure.jackson.JacksonProperties'
2024-10-27 22:54:56,996 DEBUG [main][ConstructorResolver.java:807] - Autowiring by type from bean name 'standardJacksonObjectMapperBuilderCustomizer' via factory method to bean named 'spring.jackson-org.springframework.boot.autoconfigure.jackson.JacksonProperties'
2024-10-27 22:54:56,997 DEBUG [main][ConstructorResolver.java:807] - Autowiring by type from bean name 'jacksonObjectMapperBuilder' via factory method to bean named 'org.springframework.boot.web.servlet.context.AnnotationConfigServletWebServerApplicationContext@424fd310'
2024-10-27 22:54:56,997 DEBUG [main][ConstructorResolver.java:807] - Autowiring by type from bean name 'jacksonObjectMapperBuilder' via factory method to bean named 'org.springframework.boot.web.servlet.context.AnnotationConfigServletWebServerApplicationContext@424fd310'
2024-10-27 22:54:56,997 DEBUG [main][ConstructorResolver.java:807] - Autowiring by type from bean name 'jacksonObjectMapperBuilder' via factory method to bean named 'standardJacksonObjectMapperBuilderCustomizer'
2024-10-27 22:54:56,997 DEBUG [main][ConstructorResolver.java:807] - Autowiring by type from bean name 'jacksonObjectMapperBuilder' via factory method to bean named 'standardJacksonObjectMapperBuilderCustomizer'
2024-10-27 22:54:56,998 DEBUG [main][DefaultSingletonBeanRegistry.java:225] - Creating shared instance of singleton bean 'parameterNamesModule'
2024-10-27 22:54:56,998 DEBUG [main][DefaultSingletonBeanRegistry.java:225] - Creating shared instance of singleton bean 'parameterNamesModule'
2024-10-27 22:54:56,998 DEBUG [main][DefaultSingletonBeanRegistry.java:225] - Creating shared instance of singleton bean 'org.springframework.boot.autoconfigure.jackson.JacksonAutoConfiguration$ParameterNamesModuleConfiguration'
2024-10-27 22:54:56,998 DEBUG [main][DefaultSingletonBeanRegistry.java:225] - Creating shared instance of singleton bean 'org.springframework.boot.autoconfigure.jackson.JacksonAutoConfiguration$ParameterNamesModuleConfiguration'
2024-10-27 22:54:56,998 DEBUG [main][DefaultSingletonBeanRegistry.java:225] - Creating shared instance of singleton bean 'jsonComponentModule'
2024-10-27 22:54:56,998 DEBUG [main][DefaultSingletonBeanRegistry.java:225] - Creating shared instance of singleton bean 'jsonComponentModule'
2024-10-27 22:54:56,999 DEBUG [main][DefaultSingletonBeanRegistry.java:225] - Creating shared instance of singleton bean 'org.springframework.boot.autoconfigure.jackson.JacksonAutoConfiguration'
2024-10-27 22:54:56,999 DEBUG [main][DefaultSingletonBeanRegistry.java:225] - Creating shared instance of singleton bean 'org.springframework.boot.autoconfigure.jackson.JacksonAutoConfiguration'
2024-10-27 22:54:57,001 DEBUG [main][ConstructorResolver.java:807] - Autowiring by type from bean name 'jacksonObjectMapper' via factory method to bean named 'jacksonObjectMapperBuilder'
2024-10-27 22:54:57,001 DEBUG [main][ConstructorResolver.java:807] - Autowiring by type from bean name 'jacksonObjectMapper' via factory method to bean named 'jacksonObjectMapperBuilder'
2024-10-27 22:54:57,010 DEBUG [main][ConstructorResolver.java:807] - Autowiring by type from bean name 'mappingJackson2HttpMessageConverter' via factory method to bean named 'jacksonObjectMapper'
2024-10-27 22:54:57,010 DEBUG [main][ConstructorResolver.java:807] - Autowiring by type from bean name 'mappingJackson2HttpMessageConverter' via factory method to bean named 'jacksonObjectMapper'
2024-10-27 22:54:57,013 DEBUG [main][DefaultSingletonBeanRegistry.java:225] - Creating shared instance of singleton bean 'applicationTaskExecutor'
2024-10-27 22:54:57,013 DEBUG [main][DefaultSingletonBeanRegistry.java:225] - Creating shared instance of singleton bean 'applicationTaskExecutor'
2024-10-27 22:54:57,014 DEBUG [main][ConstructorResolver.java:807] - Autowiring by type from bean name 'applicationTaskExecutor' via factory method to bean named 'taskExecutorBuilder'
2024-10-27 22:54:57,014 DEBUG [main][ConstructorResolver.java:807] - Autowiring by type from bean name 'applicationTaskExecutor' via factory method to bean named 'taskExecutorBuilder'
2024-10-27 22:54:57,015 INFO [main][ExecutorConfigurationSupport.java:181] - Initializing ExecutorService 'applicationTaskExecutor'
2024-10-27 22:54:57,015 INFO [main][ExecutorConfigurationSupport.java:181] - Initializing ExecutorService 'applicationTaskExecutor'
2024-10-27 22:54:57,020 DEBUG [main][DefaultSingletonBeanRegistry.java:225] - Creating shared instance of singleton bean 'springApplicationAdminRegistrar'
2024-10-27 22:54:57,020 DEBUG [main][DefaultSingletonBeanRegistry.java:225] - Creating shared instance of singleton bean 'springApplicationAdminRegistrar'
2024-10-27 22:54:57,020 DEBUG [main][DefaultSingletonBeanRegistry.java:225] - Creating shared instance of singleton bean 'org.springframework.boot.autoconfigure.admin.SpringApplicationAdminJmxAutoConfiguration'
2024-10-27 22:54:57,020 DEBUG [main][DefaultSingletonBeanRegistry.java:225] - Creating shared instance of singleton bean 'org.springframework.boot.autoconfigure.admin.SpringApplicationAdminJmxAutoConfiguration'
2024-10-27 22:54:57,020 DEBUG [main][ConstructorResolver.java:807] - Autowiring by type from bean name 'springApplicationAdminRegistrar' via factory method to bean named 'environment'
2024-10-27 22:54:57,020 DEBUG [main][ConstructorResolver.java:807] - Autowiring by type from bean name 'springApplicationAdminRegistrar' via factory method to bean named 'environment'
2024-10-27 22:54:57,021 DEBUG [main][DefaultSingletonBeanRegistry.java:225] - Creating shared instance of singleton bean 'mbeanExporter'
2024-10-27 22:54:57,021 DEBUG [main][DefaultSingletonBeanRegistry.java:225] - Creating shared instance of singleton bean 'mbeanExporter'
2024-10-27 22:54:57,021 DEBUG [main][DefaultSingletonBeanRegistry.java:225] - Creating shared instance of singleton bean 'org.springframework.boot.autoconfigure.jmx.JmxAutoConfiguration'
2024-10-27 22:54:57,021 DEBUG [main][DefaultSingletonBeanRegistry.java:225] - Creating shared instance of singleton bean 'org.springframework.boot.autoconfigure.jmx.JmxAutoConfiguration'
2024-10-27 22:54:57,021 DEBUG [main][ConstructorResolver.java:807] - Autowiring by type from bean name 'org.springframework.boot.autoconfigure.jmx.JmxAutoConfiguration' via constructor to bean named 'environment'
2024-10-27 22:54:57,021 DEBUG [main][ConstructorResolver.java:807] - Autowiring by type from bean name 'org.springframework.boot.autoconfigure.jmx.JmxAutoConfiguration' via constructor to bean named 'environment'
2024-10-27 22:54:57,021 DEBUG [main][DefaultSingletonBeanRegistry.java:225] - Creating shared instance of singleton bean 'objectNamingStrategy'
2024-10-27 22:54:57,021 DEBUG [main][DefaultSingletonBeanRegistry.java:225] - Creating shared instance of singleton bean 'objectNamingStrategy'
2024-10-27 22:54:57,023 DEBUG [main][ConstructorResolver.java:807] - Autowiring by type from bean name 'mbeanExporter' via factory method to bean named 'objectNamingStrategy'
2024-10-27 22:54:57,023 DEBUG [main][ConstructorResolver.java:807] - Autowiring by type from bean name 'mbeanExporter' via factory method to bean named 'objectNamingStrategy'
2024-10-27 22:54:57,023 DEBUG [main][ConstructorResolver.java:807] - Autowiring by type from bean name 'mbeanExporter' via factory method to bean named 'org.springframework.beans.factory.support.DefaultListableBeanFactory@3a3e4aff'
2024-10-27 22:54:57,023 DEBUG [main][ConstructorResolver.java:807] - Autowiring by type from bean name 'mbeanExporter' via factory method to bean named 'org.springframework.beans.factory.support.DefaultListableBeanFactory@3a3e4aff'
2024-10-27 22:54:57,024 DEBUG [main][DefaultSingletonBeanRegistry.java:225] - Creating shared instance of singleton bean 'mbeanServer'
2024-10-27 22:54:57,024 DEBUG [main][DefaultSingletonBeanRegistry.java:225] - Creating shared instance of singleton bean 'mbeanServer'
2024-10-27 22:54:57,026 DEBUG [main][JmxUtils.java:127] - Found MBeanServer: com.sun.jmx.mbeanserver.JmxMBeanServer@7c3df479
2024-10-27 22:54:57,026 DEBUG [main][JmxUtils.java:127] - Found MBeanServer: com.sun.jmx.mbeanserver.JmxMBeanServer@7c3df479
2024-10-27 22:54:57,029 DEBUG [main][SpringApplicationAdminMXBeanRegistrar.java:131] - Application Admin MBean registered with name 'org.springframework.boot:type=Admin,name=SpringApplication'
2024-10-27 22:54:57,029 DEBUG [main][SpringApplicationAdminMXBeanRegistrar.java:131] - Application Admin MBean registered with name 'org.springframework.boot:type=Admin,name=SpringApplication'
2024-10-27 22:54:57,029 DEBUG [main][DefaultSingletonBeanRegistry.java:225] - Creating shared instance of singleton bean 'refreshEventListener'
2024-10-27 22:54:57,029 DEBUG [main][DefaultSingletonBeanRegistry.java:225] - Creating shared instance of singleton bean 'refreshEventListener'
2024-10-27 22:54:57,029 DEBUG [main][DefaultSingletonBeanRegistry.java:225] - Creating shared instance of singleton bean 'org.springframework.cloud.autoconfigure.RefreshAutoConfiguration'
2024-10-27 22:54:57,029 DEBUG [main][DefaultSingletonBeanRegistry.java:225] - Creating shared instance of singleton bean 'org.springframework.cloud.autoconfigure.RefreshAutoConfiguration'
2024-10-27 22:54:57,030 DEBUG [main][DefaultSingletonBeanRegistry.java:225] - Creating shared instance of singleton bean 'contextRefresher'
2024-10-27 22:54:57,030 DEBUG [main][DefaultSingletonBeanRegistry.java:225] - Creating shared instance of singleton bean 'contextRefresher'
2024-10-27 22:54:57,030 DEBUG [main][ConstructorResolver.java:807] - Autowiring by type from bean name 'contextRefresher' via factory method to bean named 'org.springframework.boot.web.servlet.context.AnnotationConfigServletWebServerApplicationContext@424fd310'
2024-10-27 22:54:57,030 DEBUG [main][ConstructorResolver.java:807] - Autowiring by type from bean name 'contextRefresher' via factory method to bean named 'org.springframework.boot.web.servlet.context.AnnotationConfigServletWebServerApplicationContext@424fd310'
2024-10-27 22:54:57,030 DEBUG [main][ConstructorResolver.java:807] - Autowiring by type from bean name 'contextRefresher' via factory method to bean named 'refreshScope'
2024-10-27 22:54:57,030 DEBUG [main][ConstructorResolver.java:807] - Autowiring by type from bean name 'contextRefresher' via factory method to bean named 'refreshScope'
2024-10-27 22:54:57,030 DEBUG [main][ConstructorResolver.java:807] - Autowiring by type from bean name 'refreshEventListener' via factory method to bean named 'contextRefresher'
2024-10-27 22:54:57,030 DEBUG [main][ConstructorResolver.java:807] - Autowiring by type from bean name 'refreshEventListener' via factory method to bean named 'contextRefresher'
2024-10-27 22:54:57,033 DEBUG [main][RequestMappingHandlerAdapter.java:614] - ControllerAdvice beans: 0 @ModelAttribute, 0 @InitBinder, 1 RequestBodyAdvice, 1 ResponseBodyAdvice
2024-10-27 22:54:57,033 DEBUG [main][RequestMappingHandlerAdapter.java:614] - ControllerAdvice beans: 0 @ModelAttribute, 0 @InitBinder, 1 RequestBodyAdvice, 1 ResponseBodyAdvice
2024-10-27 22:54:57,041 DEBUG [main][DefaultSingletonBeanRegistry.java:225] - Creating shared instance of singleton bean 'welcomePageHandlerMapping'
2024-10-27 22:54:57,041 DEBUG [main][DefaultSingletonBeanRegistry.java:225] - Creating shared instance of singleton bean 'welcomePageHandlerMapping'
2024-10-27 22:54:57,041 DEBUG [main][ConstructorResolver.java:807] - Autowiring by type from bean name 'welcomePageHandlerMapping' via factory method to bean named 'org.springframework.boot.web.servlet.context.AnnotationConfigServletWebServerApplicationContext@424fd310'
2024-10-27 22:54:57,041 DEBUG [main][ConstructorResolver.java:807] - Autowiring by type from bean name 'welcomePageHandlerMapping' via factory method to bean named 'org.springframework.boot.web.servlet.context.AnnotationConfigServletWebServerApplicationContext@424fd310'
2024-10-27 22:54:57,041 DEBUG [main][ConstructorResolver.java:807] - Autowiring by type from bean name 'welcomePageHandlerMapping' via factory method to bean named 'mvcConversionService'
2024-10-27 22:54:57,041 DEBUG [main][ConstructorResolver.java:807] - Autowiring by type from bean name 'welcomePageHandlerMapping' via factory method to bean named 'mvcConversionService'
2024-10-27 22:54:57,041 DEBUG [main][ConstructorResolver.java:807] - Autowiring by type from bean name 'welcomePageHandlerMapping' via factory method to bean named 'mvcResourceUrlProvider'
2024-10-27 22:54:57,041 DEBUG [main][ConstructorResolver.java:807] - Autowiring by type from bean name 'welcomePageHandlerMapping' via factory method to bean named 'mvcResourceUrlProvider'
2024-10-27 22:54:57,044 DEBUG [main][DefaultSingletonBeanRegistry.java:225] - Creating shared instance of singleton bean 'mvcPathMatcher'
2024-10-27 22:54:57,044 DEBUG [main][DefaultSingletonBeanRegistry.java:225] - Creating shared instance of singleton bean 'mvcPathMatcher'
2024-10-27 22:54:57,044 DEBUG [main][DefaultSingletonBeanRegistry.java:225] - Creating shared instance of singleton bean 'mvcUrlPathHelper'
2024-10-27 22:54:57,044 DEBUG [main][DefaultSingletonBeanRegistry.java:225] - Creating shared instance of singleton bean 'mvcUrlPathHelper'
2024-10-27 22:54:57,044 DEBUG [main][DefaultSingletonBeanRegistry.java:225] - Creating shared instance of singleton bean 'viewControllerHandlerMapping'
2024-10-27 22:54:57,044 DEBUG [main][DefaultSingletonBeanRegistry.java:225] - Creating shared instance of singleton bean 'viewControllerHandlerMapping'
2024-10-27 22:54:57,045 DEBUG [main][ConstructorResolver.java:807] - Autowiring by type from bean name 'viewControllerHandlerMapping' via factory method to bean named 'mvcPathMatcher'
2024-10-27 22:54:57,045 DEBUG [main][ConstructorResolver.java:807] - Autowiring by type from bean name 'viewControllerHandlerMapping' via factory method to bean named 'mvcPathMatcher'
2024-10-27 22:54:57,045 DEBUG [main][ConstructorResolver.java:807] - Autowiring by type from bean name 'viewControllerHandlerMapping' via factory method to bean named 'mvcUrlPathHelper'
2024-10-27 22:54:57,045 DEBUG [main][ConstructorResolver.java:807] - Autowiring by type from bean name 'viewControllerHandlerMapping' via factory method to bean named 'mvcUrlPathHelper'
2024-10-27 22:54:57,045 DEBUG [main][ConstructorResolver.java:807] - Autowiring by type from bean name 'viewControllerHandlerMapping' via factory method to bean named 'mvcConversionService'
2024-10-27 22:54:57,045 DEBUG [main][ConstructorResolver.java:807] - Autowiring by type from bean name 'viewControllerHandlerMapping' via factory method to bean named 'mvcConversionService'
2024-10-27 22:54:57,045 DEBUG [main][ConstructorResolver.java:807] - Autowiring by type from bean name 'viewControllerHandlerMapping' via factory method to bean named 'mvcResourceUrlProvider'
2024-10-27 22:54:57,045 DEBUG [main][ConstructorResolver.java:807] - Autowiring by type from bean name 'viewControllerHandlerMapping' via factory method to bean named 'mvcResourceUrlProvider'
2024-10-27 22:54:57,045 DEBUG [main][DefaultSingletonBeanRegistry.java:225] - Creating shared instance of singleton bean 'beanNameHandlerMapping'
2024-10-27 22:54:57,045 DEBUG [main][DefaultSingletonBeanRegistry.java:225] - Creating shared instance of singleton bean 'beanNameHandlerMapping'
2024-10-27 22:54:57,045 DEBUG [main][ConstructorResolver.java:807] - Autowiring by type from bean name 'beanNameHandlerMapping' via factory method to bean named 'mvcConversionService'
2024-10-27 22:54:57,045 DEBUG [main][ConstructorResolver.java:807] - Autowiring by type from bean name 'beanNameHandlerMapping' via factory method to bean named 'mvcConversionService'
2024-10-27 22:54:57,045 DEBUG [main][ConstructorResolver.java:807] - Autowiring by type from bean name 'beanNameHandlerMapping' via factory method to bean named 'mvcResourceUrlProvider'
2024-10-27 22:54:57,045 DEBUG [main][ConstructorResolver.java:807] - Autowiring by type from bean name 'beanNameHandlerMapping' via factory method to bean named 'mvcResourceUrlProvider'
2024-10-27 22:54:57,047 DEBUG [main][DefaultSingletonBeanRegistry.java:225] - Creating shared instance of singleton bean 'routerFunctionMapping'
2024-10-27 22:54:57,047 DEBUG [main][DefaultSingletonBeanRegistry.java:225] - Creating shared instance of singleton bean 'routerFunctionMapping'
2024-10-27 22:54:57,047 DEBUG [main][ConstructorResolver.java:807] - Autowiring by type from bean name 'routerFunctionMapping' via factory method to bean named 'mvcConversionService'
2024-10-27 22:54:57,047 DEBUG [main][ConstructorResolver.java:807] - Autowiring by type from bean name 'routerFunctionMapping' via factory method to bean named 'mvcConversionService'
2024-10-27 22:54:57,047 DEBUG [main][ConstructorResolver.java:807] - Autowiring by type from bean name 'routerFunctionMapping' via factory method to bean named 'mvcResourceUrlProvider'
2024-10-27 22:54:57,047 DEBUG [main][ConstructorResolver.java:807] - Autowiring by type from bean name 'routerFunctionMapping' via factory method to bean named 'mvcResourceUrlProvider'
2024-10-27 22:54:57,049 DEBUG [main][DefaultSingletonBeanRegistry.java:225] - Creating shared instance of singleton bean 'resourceHandlerMapping'
2024-10-27 22:54:57,049 DEBUG [main][DefaultSingletonBeanRegistry.java:225] - Creating shared instance of singleton bean 'resourceHandlerMapping'
2024-10-27 22:54:57,049 DEBUG [main][ConstructorResolver.java:807] - Autowiring by type from bean name 'resourceHandlerMapping' via factory method to bean named 'mvcUrlPathHelper'
2024-10-27 22:54:57,049 DEBUG [main][ConstructorResolver.java:807] - Autowiring by type from bean name 'resourceHandlerMapping' via factory method to bean named 'mvcUrlPathHelper'
2024-10-27 22:54:57,049 DEBUG [main][ConstructorResolver.java:807] - Autowiring by type from bean name 'resourceHandlerMapping' via factory method to bean named 'mvcPathMatcher'
2024-10-27 22:54:57,049 DEBUG [main][ConstructorResolver.java:807] - Autowiring by type from bean name 'resourceHandlerMapping' via factory method to bean named 'mvcPathMatcher'
2024-10-27 22:54:57,049 DEBUG [main][ConstructorResolver.java:807] - Autowiring by type from bean name 'resourceHandlerMapping' via factory method to bean named 'mvcContentNegotiationManager'
2024-10-27 22:54:57,049 DEBUG [main][ConstructorResolver.java:807] - Autowiring by type from bean name 'resourceHandlerMapping' via factory method to bean named 'mvcContentNegotiationManager'
2024-10-27 22:54:57,049 DEBUG [main][ConstructorResolver.java:807] - Autowiring by type from bean name 'resourceHandlerMapping' via factory method to bean named 'mvcConversionService'
2024-10-27 22:54:57,049 DEBUG [main][ConstructorResolver.java:807] - Autowiring by type from bean name 'resourceHandlerMapping' via factory method to bean named 'mvcConversionService'
2024-10-27 22:54:57,049 DEBUG [main][ConstructorResolver.java:807] - Autowiring by type from bean name 'resourceHandlerMapping' via factory method to bean named 'mvcResourceUrlProvider'
2024-10-27 22:54:57,049 DEBUG [main][ConstructorResolver.java:807] - Autowiring by type from bean name 'resourceHandlerMapping' via factory method to bean named 'mvcResourceUrlProvider'
2024-10-27 22:54:57,053 DEBUG [main][SimpleUrlHandlerMapping.java:173] - Patterns [/webjars/**, /**] in 'resourceHandlerMapping'
2024-10-27 22:54:57,053 DEBUG [main][SimpleUrlHandlerMapping.java:173] - Patterns [/webjars/**, /**] in 'resourceHandlerMapping'
2024-10-27 22:54:57,054 DEBUG [main][DefaultSingletonBeanRegistry.java:225] - Creating shared instance of singleton bean 'defaultServletHandlerMapping'
2024-10-27 22:54:57,054 DEBUG [main][DefaultSingletonBeanRegistry.java:225] - Creating shared instance of singleton bean 'defaultServletHandlerMapping'
2024-10-27 22:54:57,054 DEBUG [main][DefaultSingletonBeanRegistry.java:225] - Creating shared instance of singleton bean 'handlerFunctionAdapter'
2024-10-27 22:54:57,054 DEBUG [main][DefaultSingletonBeanRegistry.java:225] - Creating shared instance of singleton bean 'handlerFunctionAdapter'
2024-10-27 22:54:57,054 DEBUG [main][DefaultSingletonBeanRegistry.java:225] - Creating shared instance of singleton bean 'mvcUriComponentsContributor'
2024-10-27 22:54:57,054 DEBUG [main][DefaultSingletonBeanRegistry.java:225] - Creating shared instance of singleton bean 'mvcUriComponentsContributor'
2024-10-27 22:54:57,055 DEBUG [main][ConstructorResolver.java:807] - Autowiring by type from bean name 'mvcUriComponentsContributor' via factory method to bean named 'mvcConversionService'
2024-10-27 22:54:57,055 DEBUG [main][ConstructorResolver.java:807] - Autowiring by type from bean name 'mvcUriComponentsContributor' via factory method to bean named 'mvcConversionService'
2024-10-27 22:54:57,055 DEBUG [main][ConstructorResolver.java:807] - Autowiring by type from bean name 'mvcUriComponentsContributor' via factory method to bean named 'requestMappingHandlerAdapter'
2024-10-27 22:54:57,055 DEBUG [main][ConstructorResolver.java:807] - Autowiring by type from bean name 'mvcUriComponentsContributor' via factory method to bean named 'requestMappingHandlerAdapter'
2024-10-27 22:54:57,055 DEBUG [main][DefaultSingletonBeanRegistry.java:225] - Creating shared instance of singleton bean 'httpRequestHandlerAdapter'
2024-10-27 22:54:57,055 DEBUG [main][DefaultSingletonBeanRegistry.java:225] - Creating shared instance of singleton bean 'httpRequestHandlerAdapter'
2024-10-27 22:54:57,055 DEBUG [main][DefaultSingletonBeanRegistry.java:225] - Creating shared instance of singleton bean 'simpleControllerHandlerAdapter'
2024-10-27 22:54:57,055 DEBUG [main][DefaultSingletonBeanRegistry.java:225] - Creating shared instance of singleton bean 'simpleControllerHandlerAdapter'
2024-10-27 22:54:57,055 DEBUG [main][DefaultSingletonBeanRegistry.java:225] - Creating shared instance of singleton bean 'handlerExceptionResolver'
2024-10-27 22:54:57,055 DEBUG [main][DefaultSingletonBeanRegistry.java:225] - Creating shared instance of singleton bean 'handlerExceptionResolver'
2024-10-27 22:54:57,055 DEBUG [main][ConstructorResolver.java:807] - Autowiring by type from bean name 'handlerExceptionResolver' via factory method to bean named 'mvcContentNegotiationManager'
2024-10-27 22:54:57,055 DEBUG [main][ConstructorResolver.java:807] - Autowiring by type from bean name 'handlerExceptionResolver' via factory method to bean named 'mvcContentNegotiationManager'
2024-10-27 22:54:57,057 DEBUG [main][ExceptionHandlerExceptionResolver.java:297] - ControllerAdvice beans: 0 @ExceptionHandler, 1 ResponseBodyAdvice
2024-10-27 22:54:57,057 DEBUG [main][ExceptionHandlerExceptionResolver.java:297] - ControllerAdvice beans: 0 @ExceptionHandler, 1 ResponseBodyAdvice
2024-10-27 22:54:57,058 DEBUG [main][DefaultSingletonBeanRegistry.java:225] - Creating shared instance of singleton bean 'mvcViewResolver'
2024-10-27 22:54:57,058 DEBUG [main][DefaultSingletonBeanRegistry.java:225] - Creating shared instance of singleton bean 'mvcViewResolver'
2024-10-27 22:54:57,058 DEBUG [main][ConstructorResolver.java:807] - Autowiring by type from bean name 'mvcViewResolver' via factory method to bean named 'mvcContentNegotiationManager'
2024-10-27 22:54:57,058 DEBUG [main][ConstructorResolver.java:807] - Autowiring by type from bean name 'mvcViewResolver' via factory method to bean named 'mvcContentNegotiationManager'
2024-10-27 22:54:57,059 DEBUG [main][DefaultSingletonBeanRegistry.java:225] - Creating shared instance of singleton bean 'defaultViewResolver'
2024-10-27 22:54:57,059 DEBUG [main][DefaultSingletonBeanRegistry.java:225] - Creating shared instance of singleton bean 'defaultViewResolver'
2024-10-27 22:54:57,060 DEBUG [main][DefaultSingletonBeanRegistry.java:225] - Creating shared instance of singleton bean 'viewResolver'
2024-10-27 22:54:57,060 DEBUG [main][DefaultSingletonBeanRegistry.java:225] - Creating shared instance of singleton bean 'viewResolver'
2024-10-27 22:54:57,061 DEBUG [main][ConstructorResolver.java:807] - Autowiring by type from bean name 'viewResolver' via factory method to bean named 'org.springframework.beans.factory.support.DefaultListableBeanFactory@3a3e4aff'
2024-10-27 22:54:57,061 DEBUG [main][ConstructorResolver.java:807] - Autowiring by type from bean name 'viewResolver' via factory method to bean named 'org.springframework.beans.factory.support.DefaultListableBeanFactory@3a3e4aff'
2024-10-27 22:54:57,062 DEBUG [main][DefaultSingletonBeanRegistry.java:225] - Creating shared instance of singleton bean 'org.springframework.boot.autoconfigure.aop.AopAutoConfiguration$ClassProxyingConfiguration'
2024-10-27 22:54:57,062 DEBUG [main][DefaultSingletonBeanRegistry.java:225] - Creating shared instance of singleton bean 'org.springframework.boot.autoconfigure.aop.AopAutoConfiguration$ClassProxyingConfiguration'
2024-10-27 22:54:57,062 DEBUG [main][ConstructorResolver.java:807] - Autowiring by type from bean name 'org.springframework.boot.autoconfigure.aop.AopAutoConfiguration$ClassProxyingConfiguration' via constructor to bean named 'org.springframework.beans.factory.support.DefaultListableBeanFactory@3a3e4aff'
2024-10-27 22:54:57,062 DEBUG [main][ConstructorResolver.java:807] - Autowiring by type from bean name 'org.springframework.boot.autoconfigure.aop.AopAutoConfiguration$ClassProxyingConfiguration' via constructor to bean named 'org.springframework.beans.factory.support.DefaultListableBeanFactory@3a3e4aff'
2024-10-27 22:54:57,063 DEBUG [main][DefaultSingletonBeanRegistry.java:225] - Creating shared instance of singleton bean 'org.springframework.boot.autoconfigure.aop.AopAutoConfiguration'
2024-10-27 22:54:57,063 DEBUG [main][DefaultSingletonBeanRegistry.java:225] - Creating shared instance of singleton bean 'org.springframework.boot.autoconfigure.aop.AopAutoConfiguration'
2024-10-27 22:54:57,063 DEBUG [main][DefaultSingletonBeanRegistry.java:225] - Creating shared instance of singleton bean 'org.springframework.boot.autoconfigure.availability.ApplicationAvailabilityAutoConfiguration'
2024-10-27 22:54:57,063 DEBUG [main][DefaultSingletonBeanRegistry.java:225] - Creating shared instance of singleton bean 'org.springframework.boot.autoconfigure.availability.ApplicationAvailabilityAutoConfiguration'
2024-10-27 22:54:57,063 DEBUG [main][DefaultSingletonBeanRegistry.java:225] - Creating shared instance of singleton bean 'applicationAvailability'
2024-10-27 22:54:57,063 DEBUG [main][DefaultSingletonBeanRegistry.java:225] - Creating shared instance of singleton bean 'applicationAvailability'
2024-10-27 22:54:57,064 DEBUG [main][DefaultSingletonBeanRegistry.java:225] - Creating shared instance of singleton bean 'loggingRebinder'
2024-10-27 22:54:57,064 DEBUG [main][DefaultSingletonBeanRegistry.java:225] - Creating shared instance of singleton bean 'loggingRebinder'
2024-10-27 22:54:57,064 DEBUG [main][DefaultSingletonBeanRegistry.java:225] - Creating shared instance of singleton bean 'org.springframework.boot.autoconfigure.context.ConfigurationPropertiesAutoConfiguration'
2024-10-27 22:54:57,064 DEBUG [main][DefaultSingletonBeanRegistry.java:225] - Creating shared instance of singleton bean 'org.springframework.boot.autoconfigure.context.ConfigurationPropertiesAutoConfiguration'
2024-10-27 22:54:57,064 DEBUG [main][DefaultSingletonBeanRegistry.java:225] - Creating shared instance of singleton bean 'org.springframework.boot.autoconfigure.context.LifecycleAutoConfiguration'
2024-10-27 22:54:57,064 DEBUG [main][DefaultSingletonBeanRegistry.java:225] - Creating shared instance of singleton bean 'org.springframework.boot.autoconfigure.context.LifecycleAutoConfiguration'
2024-10-27 22:54:57,064 DEBUG [main][DefaultSingletonBeanRegistry.java:225] - Creating shared instance of singleton bean 'lifecycleProcessor'
2024-10-27 22:54:57,064 DEBUG [main][DefaultSingletonBeanRegistry.java:225] - Creating shared instance of singleton bean 'lifecycleProcessor'
2024-10-27 22:54:57,064 DEBUG [main][DefaultSingletonBeanRegistry.java:225] - Creating shared instance of singleton bean 'spring.lifecycle-org.springframework.boot.autoconfigure.context.LifecycleProperties'
2024-10-27 22:54:57,064 DEBUG [main][DefaultSingletonBeanRegistry.java:225] - Creating shared instance of singleton bean 'spring.lifecycle-org.springframework.boot.autoconfigure.context.LifecycleProperties'
2024-10-27 22:54:57,065 DEBUG [main][ConstructorResolver.java:807] - Autowiring by type from bean name 'lifecycleProcessor' via factory method to bean named 'spring.lifecycle-org.springframework.boot.autoconfigure.context.LifecycleProperties'
2024-10-27 22:54:57,065 DEBUG [main][ConstructorResolver.java:807] - Autowiring by type from bean name 'lifecycleProcessor' via factory method to bean named 'spring.lifecycle-org.springframework.boot.autoconfigure.context.LifecycleProperties'
2024-10-27 22:54:57,065 DEBUG [main][DefaultSingletonBeanRegistry.java:225] - Creating shared instance of singleton bean 'org.springframework.boot.autoconfigure.http.JacksonHttpMessageConvertersConfiguration'
2024-10-27 22:54:57,065 DEBUG [main][DefaultSingletonBeanRegistry.java:225] - Creating shared instance of singleton bean 'org.springframework.boot.autoconfigure.http.JacksonHttpMessageConvertersConfiguration'
2024-10-27 22:54:57,065 DEBUG [main][DefaultSingletonBeanRegistry.java:225] - Creating shared instance of singleton bean 'org.springframework.boot.autoconfigure.info.ProjectInfoAutoConfiguration'
2024-10-27 22:54:57,065 DEBUG [main][DefaultSingletonBeanRegistry.java:225] - Creating shared instance of singleton bean 'org.springframework.boot.autoconfigure.info.ProjectInfoAutoConfiguration'
2024-10-27 22:54:57,066 DEBUG [main][DefaultSingletonBeanRegistry.java:225] - Creating shared instance of singleton bean 'spring.info-org.springframework.boot.autoconfigure.info.ProjectInfoProperties'
2024-10-27 22:54:57,066 DEBUG [main][DefaultSingletonBeanRegistry.java:225] - Creating shared instance of singleton bean 'spring.info-org.springframework.boot.autoconfigure.info.ProjectInfoProperties'
2024-10-27 22:54:57,066 DEBUG [main][ConstructorResolver.java:807] - Autowiring by type from bean name 'org.springframework.boot.autoconfigure.info.ProjectInfoAutoConfiguration' via constructor to bean named 'spring.info-org.springframework.boot.autoconfigure.info.ProjectInfoProperties'
2024-10-27 22:54:57,066 DEBUG [main][ConstructorResolver.java:807] - Autowiring by type from bean name 'org.springframework.boot.autoconfigure.info.ProjectInfoAutoConfiguration' via constructor to bean named 'spring.info-org.springframework.boot.autoconfigure.info.ProjectInfoProperties'
2024-10-27 22:54:57,066 DEBUG [main][DefaultSingletonBeanRegistry.java:225] - Creating shared instance of singleton bean 'org.springframework.boot.autoconfigure.task.TaskSchedulingAutoConfiguration'
2024-10-27 22:54:57,066 DEBUG [main][DefaultSingletonBeanRegistry.java:225] - Creating shared instance of singleton bean 'org.springframework.boot.autoconfigure.task.TaskSchedulingAutoConfiguration'
2024-10-27 22:54:57,067 DEBUG [main][DefaultSingletonBeanRegistry.java:225] - Creating shared instance of singleton bean 'taskSchedulerBuilder'
2024-10-27 22:54:57,067 DEBUG [main][DefaultSingletonBeanRegistry.java:225] - Creating shared instance of singleton bean 'taskSchedulerBuilder'
2024-10-27 22:54:57,067 DEBUG [main][DefaultSingletonBeanRegistry.java:225] - Creating shared instance of singleton bean 'spring.task.scheduling-org.springframework.boot.autoconfigure.task.TaskSchedulingProperties'
2024-10-27 22:54:57,067 DEBUG [main][DefaultSingletonBeanRegistry.java:225] - Creating shared instance of singleton bean 'spring.task.scheduling-org.springframework.boot.autoconfigure.task.TaskSchedulingProperties'
2024-10-27 22:54:57,068 DEBUG [main][ConstructorResolver.java:807] - Autowiring by type from bean name 'taskSchedulerBuilder' via factory method to bean named 'spring.task.scheduling-org.springframework.boot.autoconfigure.task.TaskSchedulingProperties'
2024-10-27 22:54:57,068 DEBUG [main][ConstructorResolver.java:807] - Autowiring by type from bean name 'taskSchedulerBuilder' via factory method to bean named 'spring.task.scheduling-org.springframework.boot.autoconfigure.task.TaskSchedulingProperties'
2024-10-27 22:54:57,068 DEBUG [main][DefaultSingletonBeanRegistry.java:225] - Creating shared instance of singleton bean 'org.springframework.boot.autoconfigure.web.client.RestTemplateAutoConfiguration'
2024-10-27 22:54:57,068 DEBUG [main][DefaultSingletonBeanRegistry.java:225] - Creating shared instance of singleton bean 'org.springframework.boot.autoconfigure.web.client.RestTemplateAutoConfiguration'
2024-10-27 22:54:57,069 DEBUG [main][DefaultSingletonBeanRegistry.java:225] - Creating shared instance of singleton bean 'org.springframework.boot.autoconfigure.web.embedded.EmbeddedWebServerFactoryCustomizerAutoConfiguration'
2024-10-27 22:54:57,069 DEBUG [main][DefaultSingletonBeanRegistry.java:225] - Creating shared instance of singleton bean 'org.springframework.boot.autoconfigure.web.embedded.EmbeddedWebServerFactoryCustomizerAutoConfiguration'
2024-10-27 22:54:57,069 DEBUG [main][DefaultSingletonBeanRegistry.java:225] - Creating shared instance of singleton bean 'multipartResolver'
2024-10-27 22:54:57,069 DEBUG [main][DefaultSingletonBeanRegistry.java:225] - Creating shared instance of singleton bean 'multipartResolver'
2024-10-27 22:54:57,069 DEBUG [main][DefaultSingletonBeanRegistry.java:225] - Creating shared instance of singleton bean 'org.springframework.cloud.autoconfigure.ConfigurationPropertiesRebinderAutoConfiguration'
2024-10-27 22:54:57,069 DEBUG [main][DefaultSingletonBeanRegistry.java:225] - Creating shared instance of singleton bean 'org.springframework.cloud.autoconfigure.ConfigurationPropertiesRebinderAutoConfiguration'
2024-10-27 22:54:57,070 DEBUG [main][DefaultSingletonBeanRegistry.java:225] - Creating shared instance of singleton bean 'configurationPropertiesRebinder'
2024-10-27 22:54:57,070 DEBUG [main][DefaultSingletonBeanRegistry.java:225] - Creating shared instance of singleton bean 'configurationPropertiesRebinder'
2024-10-27 22:54:57,070 DEBUG [main][ConstructorResolver.java:807] - Autowiring by type from bean name 'configurationPropertiesRebinder' via factory method to bean named 'configurationPropertiesBeans'
2024-10-27 22:54:57,070 DEBUG [main][ConstructorResolver.java:807] - Autowiring by type from bean name 'configurationPropertiesRebinder' via factory method to bean named 'configurationPropertiesBeans'
2024-10-27 22:54:57,070 DEBUG [main][DefaultSingletonBeanRegistry.java:225] - Creating shared instance of singleton bean 'org.springframework.cloud.autoconfigure.LifecycleMvcEndpointAutoConfiguration'
2024-10-27 22:54:57,070 DEBUG [main][DefaultSingletonBeanRegistry.java:225] - Creating shared instance of singleton bean 'org.springframework.cloud.autoconfigure.LifecycleMvcEndpointAutoConfiguration'
2024-10-27 22:54:57,070 DEBUG [main][DefaultSingletonBeanRegistry.java:225] - Creating shared instance of singleton bean 'environmentManager'
2024-10-27 22:54:57,070 DEBUG [main][DefaultSingletonBeanRegistry.java:225] - Creating shared instance of singleton bean 'environmentManager'
2024-10-27 22:54:57,070 DEBUG [main][ConstructorResolver.java:807] - Autowiring by type from bean name 'environmentManager' via factory method to bean named 'environment'
2024-10-27 22:54:57,070 DEBUG [main][ConstructorResolver.java:807] - Autowiring by type from bean name 'environmentManager' via factory method to bean named 'environment'
2024-10-27 22:54:57,077 DEBUG [main][MBeanExporter.java:434] - Registering beans for JMX exposure on startup
2024-10-27 22:54:57,077 DEBUG [main][MBeanExporter.java:434] - Registering beans for JMX exposure on startup
2024-10-27 22:54:57,077 DEBUG [main][MBeanExporter.java:541] - Autodetecting user-defined JMX MBeans
2024-10-27 22:54:57,077 DEBUG [main][MBeanExporter.java:541] - Autodetecting user-defined JMX MBeans
2024-10-27 22:54:57,081 DEBUG [main][MBeanExporter.java:896] - Bean with name 'refreshScope' has been autodetected for JMX exposure
2024-10-27 22:54:57,081 DEBUG [main][MBeanExporter.java:896] - Bean with name 'refreshScope' has been autodetected for JMX exposure
2024-10-27 22:54:57,081 DEBUG [main][MBeanExporter.java:896] - Bean with name 'configurationPropertiesRebinder' has been autodetected for JMX exposure
2024-10-27 22:54:57,081 DEBUG [main][MBeanExporter.java:896] - Bean with name 'configurationPropertiesRebinder' has been autodetected for JMX exposure
2024-10-27 22:54:57,081 DEBUG [main][MBeanExporter.java:896] - Bean with name 'environmentManager' has been autodetected for JMX exposure
2024-10-27 22:54:57,081 DEBUG [main][MBeanExporter.java:896] - Bean with name 'environmentManager' has been autodetected for JMX exposure
2024-10-27 22:54:57,082 DEBUG [main][MBeanExporter.java:676] - Located managed bean 'environmentManager': registering with JMX server as MBean [org.springframework.cloud.context.environment:name=environmentManager,type=EnvironmentManager]
2024-10-27 22:54:57,082 DEBUG [main][MBeanExporter.java:676] - Located managed bean 'environmentManager': registering with JMX server as MBean [org.springframework.cloud.context.environment:name=environmentManager,type=EnvironmentManager]
2024-10-27 22:54:57,089 DEBUG [main][MBeanExporter.java:676] - Located managed bean 'refreshScope': registering with JMX server as MBean [org.springframework.cloud.context.scope.refresh:name=refreshScope,type=RefreshScope]
2024-10-27 22:54:57,089 DEBUG [main][MBeanExporter.java:676] - Located managed bean 'refreshScope': registering with JMX server as MBean [org.springframework.cloud.context.scope.refresh:name=refreshScope,type=RefreshScope]
2024-10-27 22:54:57,093 DEBUG [main][MBeanExporter.java:676] - Located managed bean 'configurationPropertiesRebinder': registering with JMX server as MBean [org.springframework.cloud.context.properties:name=configurationPropertiesRebinder,context=424fd310,type=ConfigurationPropertiesRebinder]
2024-10-27 22:54:57,093 DEBUG [main][MBeanExporter.java:676] - Located managed bean 'configurationPropertiesRebinder': registering with JMX server as MBean [org.springframework.cloud.context.properties:name=configurationPropertiesRebinder,context=424fd310,type=ConfigurationPropertiesRebinder]
2024-10-27 22:54:57,099 DEBUG [main][DefaultLifecycleProcessor.java:356] - Starting beans in phase 2147483646
2024-10-27 22:54:57,099 DEBUG [main][DefaultLifecycleProcessor.java:356] - Starting beans in phase 2147483646
2024-10-27 22:54:57,099 INFO [main][DirectJDKLog.java:173] - Starting ProtocolHandler ["http-nio-63040"]
2024-10-27 22:54:57,099 INFO [main][DirectJDKLog.java:173] - Starting ProtocolHandler ["http-nio-63040"]
2024-10-27 22:54:57,107 INFO [main][TomcatWebServer.java:220] - Tomcat started on port(s): 63040 (http) with context path '/content'
2024-10-27 22:54:57,107 INFO [main][TomcatWebServer.java:220] - Tomcat started on port(s): 63040 (http) with context path '/content'
2024-10-27 22:54:57,108 DEBUG [main][DefaultLifecycleProcessor.java:188] - Successfully started bean 'webServerStartStop'
2024-10-27 22:54:57,108 DEBUG [main][DefaultLifecycleProcessor.java:188] - Successfully started bean 'webServerStartStop'
2024-10-27 22:54:57,108 DEBUG [main][DefaultLifecycleProcessor.java:356] - Starting beans in phase 2147483647
2024-10-27 22:54:57,108 DEBUG [main][DefaultLifecycleProcessor.java:356] - Starting beans in phase 2147483647
2024-10-27 22:54:57,108 INFO [main][DocumentationPluginsBootstrapper.java:160] - Context refreshed
2024-10-27 22:54:57,108 INFO [main][DocumentationPluginsBootstrapper.java:160] - Context refreshed
2024-10-27 22:54:57,114 INFO [main][DocumentationPluginsBootstrapper.java:163] - Found 1 custom documentation plugin(s)
2024-10-27 22:54:57,114 INFO [main][DocumentationPluginsBootstrapper.java:163] - Found 1 custom documentation plugin(s)
2024-10-27 22:54:57,126 INFO [main][ApiListingReferenceScanner.java:41] - Scanning for api listing references
2024-10-27 22:54:57,126 INFO [main][ApiListingReferenceScanner.java:41] - Scanning for api listing references
2024-10-27 22:54:57,211 DEBUG [main][DefaultLifecycleProcessor.java:188] - Successfully started bean 'documentationPluginsBootstrapper'
2024-10-27 22:54:57,211 DEBUG [main][DefaultLifecycleProcessor.java:188] - Successfully started bean 'documentationPluginsBootstrapper'
2024-10-27 22:54:57,211 DEBUG [main][DefaultLifecycleProcessor.java:188] - Successfully started bean 'webServerGracefulShutdown'
2024-10-27 22:54:57,211 DEBUG [main][DefaultLifecycleProcessor.java:188] - Successfully started bean 'webServerGracefulShutdown'
2024-10-27 22:54:57,216 DEBUG [main][ConditionEvaluationReportLoggingListener.java:126] - 


============================
CONDITIONS EVALUATION REPORT
============================


Positive matches:
-----------------

   AopAutoConfiguration matched:
      - @ConditionalOnProperty (spring.aop.auto=true) matched (OnPropertyCondition)

   AopAutoConfiguration.ClassProxyingConfiguration matched:
      - @ConditionalOnMissingClass did not find unwanted class 'org.aspectj.weaver.Advice' (OnClassCondition)
      - @ConditionalOnProperty (spring.aop.proxy-target-class=true) matched (OnPropertyCondition)

   ConfigurationPropertiesRebinderAutoConfiguration matched:
      - @ConditionalOnBean (types: org.springframework.boot.context.properties.ConfigurationPropertiesBindingPostProcessor; SearchStrategy: all) found bean 'org.springframework.boot.context.properties.ConfigurationPropertiesBindingPostProcessor' (OnBeanCondition)

   ConfigurationPropertiesRebinderAutoConfiguration#configurationPropertiesBeans matched:
      - @ConditionalOnMissingBean (types: org.springframework.cloud.context.properties.ConfigurationPropertiesBeans; SearchStrategy: current) did not find any beans (OnBeanCondition)

   ConfigurationPropertiesRebinderAutoConfiguration#configurationPropertiesRebinder matched:
      - @ConditionalOnMissingBean (types: org.springframework.cloud.context.properties.ConfigurationPropertiesRebinder; SearchStrategy: current) did not find any beans (OnBeanCondition)

   DispatcherServletAutoConfiguration matched:
      - @ConditionalOnClass found required class 'org.springframework.web.servlet.DispatcherServlet' (OnClassCondition)
      - found 'session' scope (OnWebApplicationCondition)

   DispatcherServletAutoConfiguration.DispatcherServletConfiguration matched:
      - @ConditionalOnClass found required class 'javax.servlet.ServletRegistration' (OnClassCondition)
      - Default DispatcherServlet did not find dispatcher servlet beans (DispatcherServletAutoConfiguration.DefaultDispatcherServletCondition)

   DispatcherServletAutoConfiguration.DispatcherServletRegistrationConfiguration matched:
      - @ConditionalOnClass found required class 'javax.servlet.ServletRegistration' (OnClassCondition)
      - DispatcherServlet Registration did not find servlet registration bean (DispatcherServletAutoConfiguration.DispatcherServletRegistrationCondition)

   DispatcherServletAutoConfiguration.DispatcherServletRegistrationConfiguration#dispatcherServletRegistration matched:
      - @ConditionalOnBean (names: dispatcherServlet types: org.springframework.web.servlet.DispatcherServlet; SearchStrategy: all) found bean 'dispatcherServlet' (OnBeanCondition)

   EmbeddedWebServerFactoryCustomizerAutoConfiguration matched:
      - @ConditionalOnWebApplication (required) found 'session' scope (OnWebApplicationCondition)

   EmbeddedWebServerFactoryCustomizerAutoConfiguration.TomcatWebServerFactoryCustomizerConfiguration matched:
      - @ConditionalOnClass found required classes 'org.apache.catalina.startup.Tomcat', 'org.apache.coyote.UpgradeProtocol' (OnClassCondition)

   ErrorMvcAutoConfiguration matched:
      - @ConditionalOnClass found required classes 'javax.servlet.Servlet', 'org.springframework.web.servlet.DispatcherServlet' (OnClassCondition)
      - found 'session' scope (OnWebApplicationCondition)

   ErrorMvcAutoConfiguration#basicErrorController matched:
      - @ConditionalOnMissingBean (types: org.springframework.boot.web.servlet.error.ErrorController; SearchStrategy: current) did not find any beans (OnBeanCondition)

   ErrorMvcAutoConfiguration#errorAttributes matched:
      - @ConditionalOnMissingBean (types: org.springframework.boot.web.servlet.error.ErrorAttributes; SearchStrategy: current) did not find any beans (OnBeanCondition)

   ErrorMvcAutoConfiguration.DefaultErrorViewResolverConfiguration#conventionErrorViewResolver matched:
      - @ConditionalOnBean (types: org.springframework.web.servlet.DispatcherServlet; SearchStrategy: all) found bean 'dispatcherServlet'; @ConditionalOnMissingBean (types: org.springframework.boot.autoconfigure.web.servlet.error.ErrorViewResolver; SearchStrategy: all) did not find any beans (OnBeanCondition)

   ErrorMvcAutoConfiguration.WhitelabelErrorViewConfiguration matched:
      - @ConditionalOnProperty (server.error.whitelabel.enabled) matched (OnPropertyCondition)
      - ErrorTemplate Missing did not find error template view (ErrorMvcAutoConfiguration.ErrorTemplateMissingCondition)

   ErrorMvcAutoConfiguration.WhitelabelErrorViewConfiguration#beanNameViewResolver matched:
      - @ConditionalOnMissingBean (types: org.springframework.web.servlet.view.BeanNameViewResolver; SearchStrategy: all) did not find any beans (OnBeanCondition)

   ErrorMvcAutoConfiguration.WhitelabelErrorViewConfiguration#defaultErrorView matched:
      - @ConditionalOnMissingBean (names: error; SearchStrategy: all) did not find any beans (OnBeanCondition)

   GenericCacheConfiguration matched:
      - Cache org.springframework.boot.autoconfigure.cache.GenericCacheConfiguration automatic cache type (CacheCondition)

   HttpEncodingAutoConfiguration matched:
      - @ConditionalOnClass found required class 'org.springframework.web.filter.CharacterEncodingFilter' (OnClassCondition)
      - found 'session' scope (OnWebApplicationCondition)
      - @ConditionalOnProperty (server.servlet.encoding.enabled) matched (OnPropertyCondition)

   HttpEncodingAutoConfiguration#characterEncodingFilter matched:
      - @ConditionalOnMissingBean (types: org.springframework.web.filter.CharacterEncodingFilter; SearchStrategy: all) did not find any beans (OnBeanCondition)

   HttpMessageConvertersAutoConfiguration matched:
      - @ConditionalOnClass found required class 'org.springframework.http.converter.HttpMessageConverter' (OnClassCondition)
      - NoneNestedConditions 0 matched 1 did not; NestedCondition on HttpMessageConvertersAutoConfiguration.NotReactiveWebApplicationCondition.ReactiveWebApplication did not find reactive web application classes (HttpMessageConvertersAutoConfiguration.NotReactiveWebApplicationCondition)

   HttpMessageConvertersAutoConfiguration#messageConverters matched:
      - @ConditionalOnMissingBean (types: org.springframework.boot.autoconfigure.http.HttpMessageConverters; SearchStrategy: all) did not find any beans (OnBeanCondition)

   HttpMessageConvertersAutoConfiguration.StringHttpMessageConverterConfiguration matched:
      - @ConditionalOnClass found required class 'org.springframework.http.converter.StringHttpMessageConverter' (OnClassCondition)

   HttpMessageConvertersAutoConfiguration.StringHttpMessageConverterConfiguration#stringHttpMessageConverter matched:
      - @ConditionalOnMissingBean (types: org.springframework.http.converter.StringHttpMessageConverter; SearchStrategy: all) did not find any beans (OnBeanCondition)

   JacksonAutoConfiguration matched:
      - @ConditionalOnClass found required class 'com.fasterxml.jackson.databind.ObjectMapper' (OnClassCondition)

   JacksonAutoConfiguration.Jackson2ObjectMapperBuilderCustomizerConfiguration matched:
      - @ConditionalOnClass found required class 'org.springframework.http.converter.json.Jackson2ObjectMapperBuilder' (OnClassCondition)

   JacksonAutoConfiguration.JacksonObjectMapperBuilderConfiguration matched:
      - @ConditionalOnClass found required class 'org.springframework.http.converter.json.Jackson2ObjectMapperBuilder' (OnClassCondition)

   JacksonAutoConfiguration.JacksonObjectMapperBuilderConfiguration#jacksonObjectMapperBuilder matched:
      - @ConditionalOnMissingBean (types: org.springframework.http.converter.json.Jackson2ObjectMapperBuilder; SearchStrategy: all) did not find any beans (OnBeanCondition)

   JacksonAutoConfiguration.JacksonObjectMapperConfiguration matched:
      - @ConditionalOnClass found required class 'org.springframework.http.converter.json.Jackson2ObjectMapperBuilder' (OnClassCondition)

   JacksonAutoConfiguration.JacksonObjectMapperConfiguration#jacksonObjectMapper matched:
      - @ConditionalOnMissingBean (types: com.fasterxml.jackson.databind.ObjectMapper; SearchStrategy: all) did not find any beans (OnBeanCondition)

   JacksonAutoConfiguration.ParameterNamesModuleConfiguration matched:
      - @ConditionalOnClass found required class 'com.fasterxml.jackson.module.paramnames.ParameterNamesModule' (OnClassCondition)

   JacksonAutoConfiguration.ParameterNamesModuleConfiguration#parameterNamesModule matched:
      - @ConditionalOnMissingBean (types: com.fasterxml.jackson.module.paramnames.ParameterNamesModule; SearchStrategy: all) did not find any beans (OnBeanCondition)

   JacksonHttpMessageConvertersConfiguration.MappingJackson2HttpMessageConverterConfiguration matched:
      - @ConditionalOnClass found required class 'com.fasterxml.jackson.databind.ObjectMapper' (OnClassCondition)
      - @ConditionalOnProperty (spring.mvc.converters.preferred-json-mapper=jackson) matched (OnPropertyCondition)
      - @ConditionalOnBean (types: com.fasterxml.jackson.databind.ObjectMapper; SearchStrategy: all) found bean 'jacksonObjectMapper' (OnBeanCondition)

   JacksonHttpMessageConvertersConfiguration.MappingJackson2HttpMessageConverterConfiguration#mappingJackson2HttpMessageConverter matched:
      - @ConditionalOnMissingBean (types: org.springframework.http.converter.json.MappingJackson2HttpMessageConverter ignored: org.springframework.hateoas.server.mvc.TypeConstrainedMappingJackson2HttpMessageConverter,org.springframework.data.rest.webmvc.alps.AlpsJsonHttpMessageConverter; SearchStrategy: all) did not find any beans (OnBeanCondition)

   JmxAutoConfiguration matched:
      - @ConditionalOnClass found required class 'org.springframework.jmx.export.MBeanExporter' (OnClassCondition)
      - @ConditionalOnProperty (spring.jmx.enabled=true) matched (OnPropertyCondition)

   JmxAutoConfiguration#mbeanExporter matched:
      - @ConditionalOnMissingBean (types: org.springframework.jmx.export.MBeanExporter; SearchStrategy: current) did not find any beans (OnBeanCondition)

   JmxAutoConfiguration#mbeanServer matched:
      - @ConditionalOnMissingBean (types: javax.management.MBeanServer; SearchStrategy: all) did not find any beans (OnBeanCondition)

   JmxAutoConfiguration#objectNamingStrategy matched:
      - @ConditionalOnMissingBean (types: org.springframework.jmx.export.naming.ObjectNamingStrategy; SearchStrategy: current) did not find any beans (OnBeanCondition)

   LifecycleAutoConfiguration#defaultLifecycleProcessor matched:
      - @ConditionalOnMissingBean (names: lifecycleProcessor; SearchStrategy: current) did not find any beans (OnBeanCondition)

   LifecycleMvcEndpointAutoConfiguration#environmentManager matched:
      - @ConditionalOnMissingBean (types: org.springframework.cloud.context.environment.EnvironmentManager; SearchStrategy: all) did not find any beans (OnBeanCondition)

   MultipartAutoConfiguration matched:
      - @ConditionalOnClass found required classes 'javax.servlet.Servlet', 'org.springframework.web.multipart.support.StandardServletMultipartResolver', 'javax.servlet.MultipartConfigElement' (OnClassCondition)
      - found 'session' scope (OnWebApplicationCondition)
      - @ConditionalOnProperty (spring.servlet.multipart.enabled) matched (OnPropertyCondition)

   MultipartAutoConfiguration#multipartConfigElement matched:
      - @ConditionalOnMissingBean (types: javax.servlet.MultipartConfigElement,org.springframework.web.multipart.commons.CommonsMultipartResolver; SearchStrategy: all) did not find any beans (OnBeanCondition)

   MultipartAutoConfiguration#multipartResolver matched:
      - @ConditionalOnMissingBean (types: org.springframework.web.multipart.MultipartResolver; SearchStrategy: all) did not find any beans (OnBeanCondition)

   NoOpCacheConfiguration matched:
      - Cache org.springframework.boot.autoconfigure.cache.NoOpCacheConfiguration automatic cache type (CacheCondition)

   PropertyPlaceholderAutoConfiguration#propertySourcesPlaceholderConfigurer matched:
      - @ConditionalOnMissingBean (types: org.springframework.context.support.PropertySourcesPlaceholderConfigurer; SearchStrategy: current) did not find any beans (OnBeanCondition)

   RefreshAutoConfiguration matched:
      - @ConditionalOnClass found required class 'org.springframework.cloud.context.scope.refresh.RefreshScope' (OnClassCondition)
      - @ConditionalOnProperty (spring.cloud.refresh.enabled) matched (OnPropertyCondition)

   RefreshAutoConfiguration#contextRefresher matched:
      - @ConditionalOnMissingBean (types: org.springframework.cloud.context.refresh.ContextRefresher; SearchStrategy: all) did not find any beans (OnBeanCondition)

   RefreshAutoConfiguration#loggingRebinder matched:
      - @ConditionalOnMissingBean (types: org.springframework.cloud.logging.LoggingRebinder; SearchStrategy: all) did not find any beans (OnBeanCondition)

   RefreshAutoConfiguration#refreshScope matched:
      - @ConditionalOnMissingBean (types: org.springframework.cloud.context.scope.refresh.RefreshScope; SearchStrategy: all) did not find any beans (OnBeanCondition)

   RestTemplateAutoConfiguration matched:
      - @ConditionalOnClass found required class 'org.springframework.web.client.RestTemplate' (OnClassCondition)
      - NoneNestedConditions 0 matched 1 did not; NestedCondition on RestTemplateAutoConfiguration.NotReactiveWebApplicationCondition.ReactiveWebApplication did not find reactive web application classes (RestTemplateAutoConfiguration.NotReactiveWebApplicationCondition)

   RestTemplateAutoConfiguration#restTemplateBuilder matched:
      - @ConditionalOnMissingBean (types: org.springframework.boot.web.client.RestTemplateBuilder; SearchStrategy: all) did not find any beans (OnBeanCondition)

   ServletWebServerFactoryAutoConfiguration matched:
      - @ConditionalOnClass found required class 'javax.servlet.ServletRequest' (OnClassCondition)
      - found 'session' scope (OnWebApplicationCondition)

   ServletWebServerFactoryAutoConfiguration#tomcatServletWebServerFactoryCustomizer matched:
      - @ConditionalOnClass found required class 'org.apache.catalina.startup.Tomcat' (OnClassCondition)

   ServletWebServerFactoryConfiguration.EmbeddedTomcat matched:
      - @ConditionalOnClass found required classes 'javax.servlet.Servlet', 'org.apache.catalina.startup.Tomcat', 'org.apache.coyote.UpgradeProtocol' (OnClassCondition)
      - @ConditionalOnMissingBean (types: org.springframework.boot.web.servlet.server.ServletWebServerFactory; SearchStrategy: current) did not find any beans (OnBeanCondition)

   SimpleCacheConfiguration matched:
      - Cache org.springframework.boot.autoconfigure.cache.SimpleCacheConfiguration automatic cache type (CacheCondition)

   SpringApplicationAdminJmxAutoConfiguration matched:
      - @ConditionalOnProperty (spring.application.admin.enabled=true) matched (OnPropertyCondition)

   SpringApplicationAdminJmxAutoConfiguration#springApplicationAdminRegistrar matched:
      - @ConditionalOnMissingBean (types: org.springframework.boot.admin.SpringApplicationAdminMXBeanRegistrar; SearchStrategy: all) did not find any beans (OnBeanCondition)

   Swagger2Configuration matched:
      - @ConditionalOnProperty (swagger.enabled) matched (OnPropertyCondition)

   Swagger2DocumentationConfiguration matched:
      - @ConditionalOnWebApplication (required) found 'session' scope (OnWebApplicationCondition)

   SwaggerAutoConfiguration#createRestApi matched:
      - @ConditionalOnProperty (swagger.enabled) matched (OnPropertyCondition)
      - @ConditionalOnBean (types: springfox.documentation.swagger.web.UiConfiguration; SearchStrategy: all) found bean 'uiConfiguration'; @ConditionalOnMissingBean (types: java.util.List; SearchStrategy: all) did not find any beans (OnBeanCondition)

   SwaggerAutoConfiguration#swaggerProperties matched:
      - @ConditionalOnMissingBean (types: com.spring4all.swagger.SwaggerProperties; SearchStrategy: all) did not find any beans (OnBeanCondition)

   TaskExecutionAutoConfiguration matched:
      - @ConditionalOnClass found required class 'org.springframework.scheduling.concurrent.ThreadPoolTaskExecutor' (OnClassCondition)

   TaskExecutionAutoConfiguration#applicationTaskExecutor matched:
      - @ConditionalOnMissingBean (types: java.util.concurrent.Executor; SearchStrategy: all) did not find any beans (OnBeanCondition)

   TaskExecutionAutoConfiguration#taskExecutorBuilder matched:
      - @ConditionalOnMissingBean (types: org.springframework.boot.task.TaskExecutorBuilder; SearchStrategy: all) did not find any beans (OnBeanCondition)

   TaskSchedulingAutoConfiguration matched:
      - @ConditionalOnClass found required class 'org.springframework.scheduling.concurrent.ThreadPoolTaskScheduler' (OnClassCondition)

   TaskSchedulingAutoConfiguration#taskSchedulerBuilder matched:
      - @ConditionalOnMissingBean (types: org.springframework.boot.task.TaskSchedulerBuilder; SearchStrategy: all) did not find any beans (OnBeanCondition)

   ValidationAutoConfiguration matched:
      - @ConditionalOnClass found required class 'javax.validation.executable.ExecutableValidator' (OnClassCondition)
      - @ConditionalOnResource found location classpath:META-INF/services/javax.validation.spi.ValidationProvider (OnResourceCondition)

   ValidationAutoConfiguration#defaultValidator matched:
      - @ConditionalOnMissingBean (types: javax.validation.Validator; SearchStrategy: all) did not find any beans (OnBeanCondition)

   ValidationAutoConfiguration#methodValidationPostProcessor matched:
      - @ConditionalOnMissingBean (types: org.springframework.validation.beanvalidation.MethodValidationPostProcessor; SearchStrategy: all) did not find any beans (OnBeanCondition)

   WebMvcAutoConfiguration matched:
      - @ConditionalOnClass found required classes 'javax.servlet.Servlet', 'org.springframework.web.servlet.DispatcherServlet', 'org.springframework.web.servlet.config.annotation.WebMvcConfigurer' (OnClassCondition)
      - found 'session' scope (OnWebApplicationCondition)
      - @ConditionalOnMissingBean (types: org.springframework.web.servlet.config.annotation.WebMvcConfigurationSupport; SearchStrategy: all) did not find any beans (OnBeanCondition)

   WebMvcAutoConfiguration#formContentFilter matched:
      - @ConditionalOnProperty (spring.mvc.formcontent.filter.enabled) matched (OnPropertyCondition)
      - @ConditionalOnMissingBean (types: org.springframework.web.filter.FormContentFilter; SearchStrategy: all) did not find any beans (OnBeanCondition)

   WebMvcAutoConfiguration.WebMvcAutoConfigurationAdapter#defaultViewResolver matched:
      - @ConditionalOnMissingBean (types: org.springframework.web.servlet.view.InternalResourceViewResolver; SearchStrategy: all) did not find any beans (OnBeanCondition)

   WebMvcAutoConfiguration.WebMvcAutoConfigurationAdapter#requestContextFilter matched:
      - @ConditionalOnMissingBean (types: org.springframework.web.context.request.RequestContextListener,org.springframework.web.filter.RequestContextFilter; SearchStrategy: all) did not find any beans (OnBeanCondition)

   WebMvcAutoConfiguration.WebMvcAutoConfigurationAdapter#viewResolver matched:
      - @ConditionalOnBean (types: org.springframework.web.servlet.ViewResolver; SearchStrategy: all) found beans 'defaultViewResolver', 'beanNameViewResolver', 'mvcViewResolver'; @ConditionalOnMissingBean (names: viewResolver types: org.springframework.web.servlet.view.ContentNegotiatingViewResolver; SearchStrategy: all) did not find any beans (OnBeanCondition)

   WebSocketServletAutoConfiguration matched:
      - @ConditionalOnClass found required classes 'javax.servlet.Servlet', 'javax.websocket.server.ServerContainer' (OnClassCondition)
      - found 'session' scope (OnWebApplicationCondition)

   WebSocketServletAutoConfiguration.TomcatWebSocketConfiguration matched:
      - @ConditionalOnClass found required classes 'org.apache.catalina.startup.Tomcat', 'org.apache.tomcat.websocket.server.WsSci' (OnClassCondition)

   WebSocketServletAutoConfiguration.TomcatWebSocketConfiguration#websocketServletWebServerCustomizer matched:
      - @ConditionalOnMissingBean (names: websocketServletWebServerCustomizer; SearchStrategy: all) did not find any beans (OnBeanCondition)


Negative matches:
-----------------

   ActiveMQAutoConfiguration:
      Did not match:
         - @ConditionalOnClass did not find required class 'javax.jms.ConnectionFactory' (OnClassCondition)

   AopAutoConfiguration.AspectJAutoProxyingConfiguration:
      Did not match:
         - @ConditionalOnClass did not find required class 'org.aspectj.weaver.Advice' (OnClassCondition)

   ArtemisAutoConfiguration:
      Did not match:
         - @ConditionalOnClass did not find required class 'javax.jms.ConnectionFactory' (OnClassCondition)

   BatchAutoConfiguration:
      Did not match:
         - @ConditionalOnClass did not find required class 'org.springframework.batch.core.launch.JobLauncher' (OnClassCondition)

   CacheAutoConfiguration:
      Did not match:
         - @ConditionalOnBean (types: org.springframework.cache.interceptor.CacheAspectSupport; SearchStrategy: all) did not find any beans of type org.springframework.cache.interceptor.CacheAspectSupport (OnBeanCondition)
      Matched:
         - @ConditionalOnClass found required class 'org.springframework.cache.CacheManager' (OnClassCondition)

   CacheAutoConfiguration.CacheManagerEntityManagerFactoryDependsOnPostProcessor:
      Did not match:
         - @ConditionalOnClass did not find required class 'org.springframework.orm.jpa.LocalContainerEntityManagerFactoryBean' (OnClassCondition)
         - Ancestor org.springframework.boot.autoconfigure.cache.CacheAutoConfiguration did not match (ConditionEvaluationReport.AncestorsMatchedCondition)

   CaffeineCacheConfiguration:
      Did not match:
         - @ConditionalOnClass did not find required class 'com.github.benmanes.caffeine.cache.Caffeine' (OnClassCondition)

   CassandraAutoConfiguration:
      Did not match:
         - @ConditionalOnClass did not find required class 'com.datastax.oss.driver.api.core.CqlSession' (OnClassCondition)

   CassandraDataAutoConfiguration:
      Did not match:
         - @ConditionalOnClass did not find required class 'com.datastax.oss.driver.api.core.CqlSession' (OnClassCondition)

   CassandraReactiveDataAutoConfiguration:
      Did not match:
         - @ConditionalOnClass did not find required class 'com.datastax.oss.driver.api.core.CqlSession' (OnClassCondition)

   CassandraReactiveRepositoriesAutoConfiguration:
      Did not match:
         - @ConditionalOnClass did not find required class 'org.springframework.data.cassandra.ReactiveSession' (OnClassCondition)

   CassandraRepositoriesAutoConfiguration:
      Did not match:
         - @ConditionalOnClass did not find required class 'com.datastax.oss.driver.api.core.CqlSession' (OnClassCondition)

   ClientHttpConnectorAutoConfiguration:
      Did not match:
         - @ConditionalOnClass did not find required class 'org.springframework.web.reactive.function.client.WebClient' (OnClassCondition)

   CodecsAutoConfiguration:
      Did not match:
         - @ConditionalOnClass did not find required class 'org.springframework.web.reactive.function.client.WebClient' (OnClassCondition)

   CouchbaseAutoConfiguration:
      Did not match:
         - @ConditionalOnClass did not find required class 'com.couchbase.client.java.Cluster' (OnClassCondition)

   CouchbaseCacheConfiguration:
      Did not match:
         - @ConditionalOnClass did not find required class 'com.couchbase.client.java.Cluster' (OnClassCondition)

   CouchbaseDataAutoConfiguration:
      Did not match:
         - @ConditionalOnClass did not find required class 'com.couchbase.client.java.Bucket' (OnClassCondition)

   CouchbaseReactiveDataAutoConfiguration:
      Did not match:
         - @ConditionalOnClass did not find required class 'com.couchbase.client.java.Cluster' (OnClassCondition)

   CouchbaseReactiveRepositoriesAutoConfiguration:
      Did not match:
         - @ConditionalOnClass did not find required class 'com.couchbase.client.java.Cluster' (OnClassCondition)

   CouchbaseRepositoriesAutoConfiguration:
      Did not match:
         - @ConditionalOnClass did not find required class 'com.couchbase.client.java.Bucket' (OnClassCondition)

   DataSourceAutoConfiguration:
      Did not match:
         - @ConditionalOnClass did not find required class 'org.springframework.jdbc.datasource.embedded.EmbeddedDatabaseType' (OnClassCondition)

   DataSourceTransactionManagerAutoConfiguration:
      Did not match:
         - @ConditionalOnClass did not find required class 'org.springframework.jdbc.core.JdbcTemplate' (OnClassCondition)

   DispatcherServletAutoConfiguration.DispatcherServletConfiguration#multipartResolver:
      Did not match:
         - @ConditionalOnBean (types: org.springframework.web.multipart.MultipartResolver; SearchStrategy: all) did not find any beans of type org.springframework.web.multipart.MultipartResolver (OnBeanCondition)

   EhCacheCacheConfiguration:
      Did not match:
         - @ConditionalOnClass did not find required class 'net.sf.ehcache.Cache' (OnClassCondition)

   ElasticsearchDataAutoConfiguration:
      Did not match:
         - @ConditionalOnClass did not find required class 'org.springframework.data.elasticsearch.core.ElasticsearchTemplate' (OnClassCondition)

   ElasticsearchRepositoriesAutoConfiguration:
      Did not match:
         - @ConditionalOnClass did not find required class 'org.elasticsearch.client.Client' (OnClassCondition)

   ElasticsearchRestClientAutoConfiguration:
      Did not match:
         - @ConditionalOnClass did not find required class 'org.elasticsearch.client.RestClient' (OnClassCondition)

   EmbeddedLdapAutoConfiguration:
      Did not match:
         - @ConditionalOnClass did not find required class 'com.unboundid.ldap.listener.InMemoryDirectoryServer' (OnClassCondition)

   EmbeddedMongoAutoConfiguration:
      Did not match:
         - @ConditionalOnClass did not find required class 'com.mongodb.MongoClientSettings' (OnClassCondition)

   EmbeddedWebServerFactoryCustomizerAutoConfiguration.JettyWebServerFactoryCustomizerConfiguration:
      Did not match:
         - @ConditionalOnClass did not find required classes 'org.eclipse.jetty.server.Server', 'org.eclipse.jetty.util.Loader', 'org.eclipse.jetty.webapp.WebAppContext' (OnClassCondition)

   EmbeddedWebServerFactoryCustomizerAutoConfiguration.NettyWebServerFactoryCustomizerConfiguration:
      Did not match:
         - @ConditionalOnClass did not find required class 'reactor.netty.http.server.HttpServer' (OnClassCondition)

   EmbeddedWebServerFactoryCustomizerAutoConfiguration.UndertowWebServerFactoryCustomizerConfiguration:
      Did not match:
         - @ConditionalOnClass did not find required classes 'io.undertow.Undertow', 'org.xnio.SslClientAuthMode' (OnClassCondition)

   ErrorWebFluxAutoConfiguration:
      Did not match:
         - @ConditionalOnClass did not find required class 'org.springframework.web.reactive.config.WebFluxConfigurer' (OnClassCondition)

   FlywayAutoConfiguration:
      Did not match:
         - @ConditionalOnClass did not find required class 'org.flywaydb.core.Flyway' (OnClassCondition)

   FreeMarkerAutoConfiguration:
      Did not match:
         - @ConditionalOnClass did not find required class 'freemarker.template.Configuration' (OnClassCondition)

   GroovyTemplateAutoConfiguration:
      Did not match:
         - @ConditionalOnClass did not find required class 'groovy.text.markup.MarkupTemplateEngine' (OnClassCondition)

   GsonAutoConfiguration:
      Did not match:
         - @ConditionalOnClass did not find required class 'com.google.gson.Gson' (OnClassCondition)

   GsonHttpMessageConvertersConfiguration:
      Did not match:
         - @ConditionalOnClass did not find required class 'com.google.gson.Gson' (OnClassCondition)

   H2ConsoleAutoConfiguration:
      Did not match:
         - @ConditionalOnClass did not find required class 'org.h2.server.web.WebServlet' (OnClassCondition)

   HazelcastAutoConfiguration:
      Did not match:
         - @ConditionalOnClass did not find required class 'com.hazelcast.core.HazelcastInstance' (OnClassCondition)

   HazelcastCacheConfiguration:
      Did not match:
         - @ConditionalOnClass did not find required class 'com.hazelcast.core.HazelcastInstance' (OnClassCondition)

   HazelcastJpaDependencyAutoConfiguration:
      Did not match:
         - @ConditionalOnClass did not find required class 'com.hazelcast.core.HazelcastInstance' (OnClassCondition)

   HibernateJpaAutoConfiguration:
      Did not match:
         - @ConditionalOnClass did not find required class 'javax.persistence.EntityManager' (OnClassCondition)

   HttpHandlerAutoConfiguration:
      Did not match:
         - @ConditionalOnClass did not find required class 'org.springframework.web.reactive.DispatcherHandler' (OnClassCondition)

   HypermediaAutoConfiguration:
      Did not match:
         - @ConditionalOnClass did not find required class 'org.springframework.hateoas.EntityModel' (OnClassCondition)

   InfinispanCacheConfiguration:
      Did not match:
         - @ConditionalOnClass did not find required class 'org.infinispan.spring.embedded.provider.SpringEmbeddedCacheManager' (OnClassCondition)

   InfluxDbAutoConfiguration:
      Did not match:
         - @ConditionalOnClass did not find required class 'org.influxdb.InfluxDB' (OnClassCondition)

   IntegrationAutoConfiguration:
      Did not match:
         - @ConditionalOnClass did not find required class 'org.springframework.integration.config.EnableIntegration' (OnClassCondition)

   JCacheCacheConfiguration:
      Did not match:
         - @ConditionalOnClass did not find required class 'javax.cache.Caching' (OnClassCondition)

   JacksonHttpMessageConvertersConfiguration.MappingJackson2XmlHttpMessageConverterConfiguration:
      Did not match:
         - @ConditionalOnClass did not find required class 'com.fasterxml.jackson.dataformat.xml.XmlMapper' (OnClassCondition)

   JdbcRepositoriesAutoConfiguration:
      Did not match:
         - @ConditionalOnClass did not find required class 'org.springframework.data.jdbc.repository.config.AbstractJdbcConfiguration' (OnClassCondition)

   JdbcTemplateAutoConfiguration:
      Did not match:
         - @ConditionalOnClass did not find required class 'org.springframework.jdbc.core.JdbcTemplate' (OnClassCondition)

   JerseyAutoConfiguration:
      Did not match:
         - @ConditionalOnClass did not find required class 'org.glassfish.jersey.server.spring.SpringComponentProvider' (OnClassCondition)

   JmsAutoConfiguration:
      Did not match:
         - @ConditionalOnClass did not find required class 'javax.jms.Message' (OnClassCondition)

   JndiConnectionFactoryAutoConfiguration:
      Did not match:
         - @ConditionalOnClass did not find required class 'org.springframework.jms.core.JmsTemplate' (OnClassCondition)

   JndiDataSourceAutoConfiguration:
      Did not match:
         - @ConditionalOnClass did not find required class 'org.springframework.jdbc.datasource.embedded.EmbeddedDatabaseType' (OnClassCondition)

   JooqAutoConfiguration:
      Did not match:
         - @ConditionalOnClass did not find required class 'org.jooq.DSLContext' (OnClassCondition)

   JpaRepositoriesAutoConfiguration:
      Did not match:
         - @ConditionalOnClass did not find required class 'org.springframework.data.jpa.repository.JpaRepository' (OnClassCondition)

   JsonbAutoConfiguration:
      Did not match:
         - @ConditionalOnClass did not find required class 'javax.json.bind.Jsonb' (OnClassCondition)

   JsonbHttpMessageConvertersConfiguration:
      Did not match:
         - @ConditionalOnClass did not find required class 'javax.json.bind.Jsonb' (OnClassCondition)

   JtaAutoConfiguration:
      Did not match:
         - @ConditionalOnClass did not find required class 'javax.transaction.Transaction' (OnClassCondition)

   KafkaAutoConfiguration:
      Did not match:
         - @ConditionalOnClass did not find required class 'org.springframework.kafka.core.KafkaTemplate' (OnClassCondition)

   LdapAutoConfiguration:
      Did not match:
         - @ConditionalOnClass did not find required class 'org.springframework.ldap.core.ContextSource' (OnClassCondition)

   LdapRepositoriesAutoConfiguration:
      Did not match:
         - @ConditionalOnClass did not find required class 'org.springframework.data.ldap.repository.LdapRepository' (OnClassCondition)

   LiquibaseAutoConfiguration:
      Did not match:
         - @ConditionalOnClass did not find required class 'liquibase.change.DatabaseChange' (OnClassCondition)

   MailSenderAutoConfiguration:
      Did not match:
         - @ConditionalOnClass did not find required class 'javax.mail.internet.MimeMessage' (OnClassCondition)

   MailSenderValidatorAutoConfiguration:
      Did not match:
         - @ConditionalOnSingleCandidate did not find required type 'org.springframework.mail.javamail.JavaMailSenderImpl' (OnBeanCondition)

   MessageSourceAutoConfiguration:
      Did not match:
         - ResourceBundle did not find bundle with basename messages (MessageSourceAutoConfiguration.ResourceBundleCondition)

   MongoAutoConfiguration:
      Did not match:
         - @ConditionalOnClass did not find required class 'com.mongodb.client.MongoClient' (OnClassCondition)

   MongoDataAutoConfiguration:
      Did not match:
         - @ConditionalOnClass did not find required class 'com.mongodb.client.MongoClient' (OnClassCondition)

   MongoReactiveAutoConfiguration:
      Did not match:
         - @ConditionalOnClass did not find required class 'com.mongodb.reactivestreams.client.MongoClient' (OnClassCondition)

   MongoReactiveDataAutoConfiguration:
      Did not match:
         - @ConditionalOnClass did not find required class 'com.mongodb.reactivestreams.client.MongoClient' (OnClassCondition)

   MongoReactiveRepositoriesAutoConfiguration:
      Did not match:
         - @ConditionalOnClass did not find required class 'com.mongodb.reactivestreams.client.MongoClient' (OnClassCondition)

   MongoRepositoriesAutoConfiguration:
      Did not match:
         - @ConditionalOnClass did not find required class 'com.mongodb.client.MongoClient' (OnClassCondition)

   MustacheAutoConfiguration:
      Did not match:
         - @ConditionalOnClass did not find required class 'com.samskivert.mustache.Mustache' (OnClassCondition)

   Neo4jDataAutoConfiguration:
      Did not match:
         - @ConditionalOnClass did not find required class 'org.neo4j.ogm.session.SessionFactory' (OnClassCondition)

   Neo4jRepositoriesAutoConfiguration:
      Did not match:
         - @ConditionalOnClass did not find required class 'org.neo4j.ogm.session.Neo4jSession' (OnClassCondition)

   OAuth2ClientAutoConfiguration:
      Did not match:
         - @ConditionalOnClass did not find required class 'org.springframework.security.config.annotation.web.configuration.EnableWebSecurity' (OnClassCondition)

   OAuth2ResourceServerAutoConfiguration:
      Did not match:
         - @ConditionalOnClass did not find required class 'org.springframework.security.oauth2.server.resource.BearerTokenAuthenticationToken' (OnClassCondition)

   PersistenceExceptionTranslationAutoConfiguration:
      Did not match:
         - @ConditionalOnClass did not find required class 'org.springframework.dao.annotation.PersistenceExceptionTranslationPostProcessor' (OnClassCondition)

   ProjectInfoAutoConfiguration#buildProperties:
      Did not match:
         - @ConditionalOnResource did not find resource '${spring.info.build.location:classpath:META-INF/build-info.properties}' (OnResourceCondition)

   ProjectInfoAutoConfiguration#gitProperties:
      Did not match:
         - GitResource did not find git info at classpath:git.properties (ProjectInfoAutoConfiguration.GitResourceAvailableCondition)

   QuartzAutoConfiguration:
      Did not match:
         - @ConditionalOnClass did not find required class 'org.quartz.Scheduler' (OnClassCondition)

   R2dbcAutoConfiguration:
      Did not match:
         - @ConditionalOnClass did not find required class 'io.r2dbc.spi.ConnectionFactory' (OnClassCondition)

   R2dbcDataAutoConfiguration:
      Did not match:
         - @ConditionalOnClass did not find required class 'org.springframework.data.r2dbc.core.DatabaseClient' (OnClassCondition)

   R2dbcRepositoriesAutoConfiguration:
      Did not match:
         - @ConditionalOnClass did not find required class 'io.r2dbc.spi.ConnectionFactory' (OnClassCondition)

   R2dbcTransactionManagerAutoConfiguration:
      Did not match:
         - @ConditionalOnClass did not find required class 'org.springframework.data.r2dbc.connectionfactory.R2dbcTransactionManager' (OnClassCondition)

   RSocketMessagingAutoConfiguration:
      Did not match:
         - @ConditionalOnClass did not find required class 'io.rsocket.RSocketFactory' (OnClassCondition)

   RSocketRequesterAutoConfiguration:
      Did not match:
         - @ConditionalOnClass did not find required class 'io.rsocket.RSocketFactory' (OnClassCondition)

   RSocketSecurityAutoConfiguration:
      Did not match:
         - @ConditionalOnClass did not find required class 'org.springframework.security.rsocket.core.SecuritySocketAcceptorInterceptor' (OnClassCondition)

   RSocketServerAutoConfiguration:
      Did not match:
         - @ConditionalOnClass did not find required class 'io.rsocket.core.RSocketServer' (OnClassCondition)

   RSocketStrategiesAutoConfiguration:
      Did not match:
         - @ConditionalOnClass did not find required class 'io.netty.buffer.PooledByteBufAllocator' (OnClassCondition)

   RabbitAutoConfiguration:
      Did not match:
         - @ConditionalOnClass did not find required class 'com.rabbitmq.client.Channel' (OnClassCondition)

   ReactiveElasticsearchRepositoriesAutoConfiguration:
      Did not match:
         - @ConditionalOnClass did not find required class 'org.springframework.data.elasticsearch.client.reactive.ReactiveElasticsearchClient' (OnClassCondition)

   ReactiveElasticsearchRestClientAutoConfiguration:
      Did not match:
         - @ConditionalOnClass did not find required class 'reactor.netty.http.client.HttpClient' (OnClassCondition)

   ReactiveOAuth2ClientAutoConfiguration:
      Did not match:
         - @ConditionalOnClass did not find required class 'reactor.core.publisher.Flux' (OnClassCondition)

   ReactiveOAuth2ResourceServerAutoConfiguration:
      Did not match:
         - @ConditionalOnClass did not find required class 'org.springframework.security.config.annotation.web.reactive.EnableWebFluxSecurity' (OnClassCondition)

   ReactiveSecurityAutoConfiguration:
      Did not match:
         - @ConditionalOnClass did not find required class 'reactor.core.publisher.Flux' (OnClassCondition)

   ReactiveUserDetailsServiceAutoConfiguration:
      Did not match:
         - @ConditionalOnClass did not find required class 'org.springframework.security.authentication.ReactiveAuthenticationManager' (OnClassCondition)

   ReactiveWebServerFactoryAutoConfiguration:
      Did not match:
         - @ConditionalOnWebApplication did not find reactive web application classes (OnWebApplicationCondition)

   RedisAutoConfiguration:
      Did not match:
         - @ConditionalOnClass did not find required class 'org.springframework.data.redis.core.RedisOperations' (OnClassCondition)

   RedisCacheConfiguration:
      Did not match:
         - @ConditionalOnClass did not find required class 'org.springframework.data.redis.connection.RedisConnectionFactory' (OnClassCondition)

   RedisReactiveAutoConfiguration:
      Did not match:
         - @ConditionalOnClass did not find required class 'reactor.core.publisher.Flux' (OnClassCondition)

   RedisRepositoriesAutoConfiguration:
      Did not match:
         - @ConditionalOnClass did not find required class 'org.springframework.data.redis.repository.configuration.EnableRedisRepositories' (OnClassCondition)

   RefreshAutoConfiguration.JpaInvokerConfiguration:
      Did not match:
         - @ConditionalOnClass did not find required class 'javax.persistence.EntityManagerFactory' (OnClassCondition)

   RefreshEndpointAutoConfiguration:
      Did not match:
         - @ConditionalOnClass did not find required class 'org.springframework.boot.actuate.autoconfigure.endpoint.EndpointAutoConfiguration' (OnClassCondition)

   RepositoryRestMvcAutoConfiguration:
      Did not match:
         - @ConditionalOnClass did not find required class 'org.springframework.data.rest.webmvc.config.RepositoryRestMvcConfiguration' (OnClassCondition)

   Saml2RelyingPartyAutoConfiguration:
      Did not match:
         - @ConditionalOnClass did not find required class 'org.springframework.security.saml2.provider.service.registration.RelyingPartyRegistrationRepository' (OnClassCondition)

   SecurityAutoConfiguration:
      Did not match:
         - @ConditionalOnClass did not find required class 'org.springframework.security.authentication.DefaultAuthenticationEventPublisher' (OnClassCondition)

   SecurityFilterAutoConfiguration:
      Did not match:
         - @ConditionalOnClass did not find required class 'org.springframework.security.config.http.SessionCreationPolicy' (OnClassCondition)

   SendGridAutoConfiguration:
      Did not match:
         - @ConditionalOnClass did not find required class 'com.sendgrid.SendGrid' (OnClassCondition)

   ServletWebServerFactoryAutoConfiguration#forwardedHeaderFilter:
      Did not match:
         - @ConditionalOnProperty (server.forward-headers-strategy=framework) did not find property 'server.forward-headers-strategy' (OnPropertyCondition)

   ServletWebServerFactoryConfiguration.EmbeddedJetty:
      Did not match:
         - @ConditionalOnClass did not find required classes 'org.eclipse.jetty.server.Server', 'org.eclipse.jetty.util.Loader', 'org.eclipse.jetty.webapp.WebAppContext' (OnClassCondition)

   ServletWebServerFactoryConfiguration.EmbeddedUndertow:
      Did not match:
         - @ConditionalOnClass did not find required classes 'io.undertow.Undertow', 'org.xnio.SslClientAuthMode' (OnClassCondition)

   SessionAutoConfiguration:
      Did not match:
         - @ConditionalOnClass did not find required class 'org.springframework.session.Session' (OnClassCondition)

   SolrAutoConfiguration:
      Did not match:
         - @ConditionalOnClass did not find required class 'org.apache.solr.client.solrj.impl.CloudSolrClient' (OnClassCondition)

   SolrRepositoriesAutoConfiguration:
      Did not match:
         - @ConditionalOnClass did not find required class 'org.apache.solr.client.solrj.SolrClient' (OnClassCondition)

   SpringDataWebAutoConfiguration:
      Did not match:
         - @ConditionalOnClass did not find required class 'org.springframework.data.web.PageableHandlerMethodArgumentResolver' (OnClassCondition)

   TaskSchedulingAutoConfiguration#taskScheduler:
      Did not match:
         - @ConditionalOnBean (names: org.springframework.context.annotation.internalScheduledAnnotationProcessor; SearchStrategy: all) did not find any beans named org.springframework.context.annotation.internalScheduledAnnotationProcessor (OnBeanCondition)

   ThymeleafAutoConfiguration:
      Did not match:
         - @ConditionalOnClass did not find required class 'org.thymeleaf.spring5.SpringTemplateEngine' (OnClassCondition)

   TransactionAutoConfiguration:
      Did not match:
         - @ConditionalOnClass did not find required class 'org.springframework.transaction.PlatformTransactionManager' (OnClassCondition)

   UserDetailsServiceAutoConfiguration:
      Did not match:
         - @ConditionalOnClass did not find required class 'org.springframework.security.authentication.AuthenticationManager' (OnClassCondition)

   WebClientAutoConfiguration:
      Did not match:
         - @ConditionalOnClass did not find required class 'org.springframework.web.reactive.function.client.WebClient' (OnClassCondition)

   WebFluxAutoConfiguration:
      Did not match:
         - @ConditionalOnClass did not find required class 'org.springframework.web.reactive.config.WebFluxConfigurer' (OnClassCondition)

   WebMvcAutoConfiguration#hiddenHttpMethodFilter:
      Did not match:
         - @ConditionalOnProperty (spring.mvc.hiddenmethod.filter.enabled) did not find property 'enabled' (OnPropertyCondition)

   WebMvcAutoConfiguration.ResourceChainCustomizerConfiguration:
      Did not match:
         - @ConditionalOnEnabledResourceChain did not find class org.webjars.WebJarAssetLocator (OnEnabledResourceChainCondition)

   WebMvcAutoConfiguration.WebMvcAutoConfigurationAdapter#beanNameViewResolver:
      Did not match:
         - @ConditionalOnMissingBean (types: org.springframework.web.servlet.view.BeanNameViewResolver; SearchStrategy: all) found beans of type 'org.springframework.web.servlet.view.BeanNameViewResolver' beanNameViewResolver (OnBeanCondition)

   WebMvcAutoConfiguration.WebMvcAutoConfigurationAdapter#localeResolver:
      Did not match:
         - @ConditionalOnProperty (spring.mvc.locale) did not find property 'locale' (OnPropertyCondition)

   WebServiceTemplateAutoConfiguration:
      Did not match:
         - @ConditionalOnClass did not find required class 'org.springframework.oxm.Marshaller' (OnClassCondition)

   WebServicesAutoConfiguration:
      Did not match:
         - @ConditionalOnClass did not find required class 'org.springframework.ws.transport.http.MessageDispatcherServlet' (OnClassCondition)

   WebSocketMessagingAutoConfiguration:
      Did not match:
         - @ConditionalOnClass did not find required class 'org.springframework.web.socket.config.annotation.WebSocketMessageBrokerConfigurer' (OnClassCondition)

   WebSocketReactiveAutoConfiguration:
      Did not match:
         - @ConditionalOnWebApplication did not find reactive web application classes (OnWebApplicationCondition)

   WebSocketServletAutoConfiguration.JettyWebSocketConfiguration:
      Did not match:
         - @ConditionalOnClass did not find required class 'org.eclipse.jetty.websocket.jsr356.server.deploy.WebSocketServerContainerInitializer' (OnClassCondition)

   WebSocketServletAutoConfiguration.UndertowWebSocketConfiguration:
      Did not match:
         - @ConditionalOnClass did not find required class 'io.undertow.websockets.jsr.Bootstrap' (OnClassCondition)

   WritableEnvironmentEndpointAutoConfiguration:
      Did not match:
         - @ConditionalOnClass did not find required class 'org.springframework.boot.actuate.autoconfigure.env.EnvironmentEndpointProperties' (OnClassCondition)

   XADataSourceAutoConfiguration:
      Did not match:
         - @ConditionalOnClass did not find required class 'javax.transaction.TransactionManager' (OnClassCondition)


Exclusions:
-----------

    None


Unconditional classes:
----------------------

    org.springframework.boot.autoconfigure.context.ConfigurationPropertiesAutoConfiguration

    org.springframework.boot.autoconfigure.context.LifecycleAutoConfiguration

    org.springframework.boot.autoconfigure.context.PropertyPlaceholderAutoConfiguration

    org.springframework.cloud.autoconfigure.LifecycleMvcEndpointAutoConfiguration

    org.springframework.boot.autoconfigure.availability.ApplicationAvailabilityAutoConfiguration

    org.springframework.boot.autoconfigure.info.ProjectInfoAutoConfiguration



2024-10-27 22:54:57,216 DEBUG [main][ConditionEvaluationReportLoggingListener.java:126] - 


============================
CONDITIONS EVALUATION REPORT
============================


Positive matches:
-----------------

   AopAutoConfiguration matched:
      - @ConditionalOnProperty (spring.aop.auto=true) matched (OnPropertyCondition)

   AopAutoConfiguration.ClassProxyingConfiguration matched:
      - @ConditionalOnMissingClass did not find unwanted class 'org.aspectj.weaver.Advice' (OnClassCondition)
      - @ConditionalOnProperty (spring.aop.proxy-target-class=true) matched (OnPropertyCondition)

   ConfigurationPropertiesRebinderAutoConfiguration matched:
      - @ConditionalOnBean (types: org.springframework.boot.context.properties.ConfigurationPropertiesBindingPostProcessor; SearchStrategy: all) found bean 'org.springframework.boot.context.properties.ConfigurationPropertiesBindingPostProcessor' (OnBeanCondition)

   ConfigurationPropertiesRebinderAutoConfiguration#configurationPropertiesBeans matched:
      - @ConditionalOnMissingBean (types: org.springframework.cloud.context.properties.ConfigurationPropertiesBeans; SearchStrategy: current) did not find any beans (OnBeanCondition)

   ConfigurationPropertiesRebinderAutoConfiguration#configurationPropertiesRebinder matched:
      - @ConditionalOnMissingBean (types: org.springframework.cloud.context.properties.ConfigurationPropertiesRebinder; SearchStrategy: current) did not find any beans (OnBeanCondition)

   DispatcherServletAutoConfiguration matched:
      - @ConditionalOnClass found required class 'org.springframework.web.servlet.DispatcherServlet' (OnClassCondition)
      - found 'session' scope (OnWebApplicationCondition)

   DispatcherServletAutoConfiguration.DispatcherServletConfiguration matched:
      - @ConditionalOnClass found required class 'javax.servlet.ServletRegistration' (OnClassCondition)
      - Default DispatcherServlet did not find dispatcher servlet beans (DispatcherServletAutoConfiguration.DefaultDispatcherServletCondition)

   DispatcherServletAutoConfiguration.DispatcherServletRegistrationConfiguration matched:
      - @ConditionalOnClass found required class 'javax.servlet.ServletRegistration' (OnClassCondition)
      - DispatcherServlet Registration did not find servlet registration bean (DispatcherServletAutoConfiguration.DispatcherServletRegistrationCondition)

   DispatcherServletAutoConfiguration.DispatcherServletRegistrationConfiguration#dispatcherServletRegistration matched:
      - @ConditionalOnBean (names: dispatcherServlet types: org.springframework.web.servlet.DispatcherServlet; SearchStrategy: all) found bean 'dispatcherServlet' (OnBeanCondition)

   EmbeddedWebServerFactoryCustomizerAutoConfiguration matched:
      - @ConditionalOnWebApplication (required) found 'session' scope (OnWebApplicationCondition)

   EmbeddedWebServerFactoryCustomizerAutoConfiguration.TomcatWebServerFactoryCustomizerConfiguration matched:
      - @ConditionalOnClass found required classes 'org.apache.catalina.startup.Tomcat', 'org.apache.coyote.UpgradeProtocol' (OnClassCondition)

   ErrorMvcAutoConfiguration matched:
      - @ConditionalOnClass found required classes 'javax.servlet.Servlet', 'org.springframework.web.servlet.DispatcherServlet' (OnClassCondition)
      - found 'session' scope (OnWebApplicationCondition)

   ErrorMvcAutoConfiguration#basicErrorController matched:
      - @ConditionalOnMissingBean (types: org.springframework.boot.web.servlet.error.ErrorController; SearchStrategy: current) did not find any beans (OnBeanCondition)

   ErrorMvcAutoConfiguration#errorAttributes matched:
      - @ConditionalOnMissingBean (types: org.springframework.boot.web.servlet.error.ErrorAttributes; SearchStrategy: current) did not find any beans (OnBeanCondition)

   ErrorMvcAutoConfiguration.DefaultErrorViewResolverConfiguration#conventionErrorViewResolver matched:
      - @ConditionalOnBean (types: org.springframework.web.servlet.DispatcherServlet; SearchStrategy: all) found bean 'dispatcherServlet'; @ConditionalOnMissingBean (types: org.springframework.boot.autoconfigure.web.servlet.error.ErrorViewResolver; SearchStrategy: all) did not find any beans (OnBeanCondition)

   ErrorMvcAutoConfiguration.WhitelabelErrorViewConfiguration matched:
      - @ConditionalOnProperty (server.error.whitelabel.enabled) matched (OnPropertyCondition)
      - ErrorTemplate Missing did not find error template view (ErrorMvcAutoConfiguration.ErrorTemplateMissingCondition)

   ErrorMvcAutoConfiguration.WhitelabelErrorViewConfiguration#beanNameViewResolver matched:
      - @ConditionalOnMissingBean (types: org.springframework.web.servlet.view.BeanNameViewResolver; SearchStrategy: all) did not find any beans (OnBeanCondition)

   ErrorMvcAutoConfiguration.WhitelabelErrorViewConfiguration#defaultErrorView matched:
      - @ConditionalOnMissingBean (names: error; SearchStrategy: all) did not find any beans (OnBeanCondition)

   GenericCacheConfiguration matched:
      - Cache org.springframework.boot.autoconfigure.cache.GenericCacheConfiguration automatic cache type (CacheCondition)

   HttpEncodingAutoConfiguration matched:
      - @ConditionalOnClass found required class 'org.springframework.web.filter.CharacterEncodingFilter' (OnClassCondition)
      - found 'session' scope (OnWebApplicationCondition)
      - @ConditionalOnProperty (server.servlet.encoding.enabled) matched (OnPropertyCondition)

   HttpEncodingAutoConfiguration#characterEncodingFilter matched:
      - @ConditionalOnMissingBean (types: org.springframework.web.filter.CharacterEncodingFilter; SearchStrategy: all) did not find any beans (OnBeanCondition)

   HttpMessageConvertersAutoConfiguration matched:
      - @ConditionalOnClass found required class 'org.springframework.http.converter.HttpMessageConverter' (OnClassCondition)
      - NoneNestedConditions 0 matched 1 did not; NestedCondition on HttpMessageConvertersAutoConfiguration.NotReactiveWebApplicationCondition.ReactiveWebApplication did not find reactive web application classes (HttpMessageConvertersAutoConfiguration.NotReactiveWebApplicationCondition)

   HttpMessageConvertersAutoConfiguration#messageConverters matched:
      - @ConditionalOnMissingBean (types: org.springframework.boot.autoconfigure.http.HttpMessageConverters; SearchStrategy: all) did not find any beans (OnBeanCondition)

   HttpMessageConvertersAutoConfiguration.StringHttpMessageConverterConfiguration matched:
      - @ConditionalOnClass found required class 'org.springframework.http.converter.StringHttpMessageConverter' (OnClassCondition)

   HttpMessageConvertersAutoConfiguration.StringHttpMessageConverterConfiguration#stringHttpMessageConverter matched:
      - @ConditionalOnMissingBean (types: org.springframework.http.converter.StringHttpMessageConverter; SearchStrategy: all) did not find any beans (OnBeanCondition)

   JacksonAutoConfiguration matched:
      - @ConditionalOnClass found required class 'com.fasterxml.jackson.databind.ObjectMapper' (OnClassCondition)

   JacksonAutoConfiguration.Jackson2ObjectMapperBuilderCustomizerConfiguration matched:
      - @ConditionalOnClass found required class 'org.springframework.http.converter.json.Jackson2ObjectMapperBuilder' (OnClassCondition)

   JacksonAutoConfiguration.JacksonObjectMapperBuilderConfiguration matched:
      - @ConditionalOnClass found required class 'org.springframework.http.converter.json.Jackson2ObjectMapperBuilder' (OnClassCondition)

   JacksonAutoConfiguration.JacksonObjectMapperBuilderConfiguration#jacksonObjectMapperBuilder matched:
      - @ConditionalOnMissingBean (types: org.springframework.http.converter.json.Jackson2ObjectMapperBuilder; SearchStrategy: all) did not find any beans (OnBeanCondition)

   JacksonAutoConfiguration.JacksonObjectMapperConfiguration matched:
      - @ConditionalOnClass found required class 'org.springframework.http.converter.json.Jackson2ObjectMapperBuilder' (OnClassCondition)

   JacksonAutoConfiguration.JacksonObjectMapperConfiguration#jacksonObjectMapper matched:
      - @ConditionalOnMissingBean (types: com.fasterxml.jackson.databind.ObjectMapper; SearchStrategy: all) did not find any beans (OnBeanCondition)

   JacksonAutoConfiguration.ParameterNamesModuleConfiguration matched:
      - @ConditionalOnClass found required class 'com.fasterxml.jackson.module.paramnames.ParameterNamesModule' (OnClassCondition)

   JacksonAutoConfiguration.ParameterNamesModuleConfiguration#parameterNamesModule matched:
      - @ConditionalOnMissingBean (types: com.fasterxml.jackson.module.paramnames.ParameterNamesModule; SearchStrategy: all) did not find any beans (OnBeanCondition)

   JacksonHttpMessageConvertersConfiguration.MappingJackson2HttpMessageConverterConfiguration matched:
      - @ConditionalOnClass found required class 'com.fasterxml.jackson.databind.ObjectMapper' (OnClassCondition)
      - @ConditionalOnProperty (spring.mvc.converters.preferred-json-mapper=jackson) matched (OnPropertyCondition)
      - @ConditionalOnBean (types: com.fasterxml.jackson.databind.ObjectMapper; SearchStrategy: all) found bean 'jacksonObjectMapper' (OnBeanCondition)

   JacksonHttpMessageConvertersConfiguration.MappingJackson2HttpMessageConverterConfiguration#mappingJackson2HttpMessageConverter matched:
      - @ConditionalOnMissingBean (types: org.springframework.http.converter.json.MappingJackson2HttpMessageConverter ignored: org.springframework.hateoas.server.mvc.TypeConstrainedMappingJackson2HttpMessageConverter,org.springframework.data.rest.webmvc.alps.AlpsJsonHttpMessageConverter; SearchStrategy: all) did not find any beans (OnBeanCondition)

   JmxAutoConfiguration matched:
      - @ConditionalOnClass found required class 'org.springframework.jmx.export.MBeanExporter' (OnClassCondition)
      - @ConditionalOnProperty (spring.jmx.enabled=true) matched (OnPropertyCondition)

   JmxAutoConfiguration#mbeanExporter matched:
      - @ConditionalOnMissingBean (types: org.springframework.jmx.export.MBeanExporter; SearchStrategy: current) did not find any beans (OnBeanCondition)

   JmxAutoConfiguration#mbeanServer matched:
      - @ConditionalOnMissingBean (types: javax.management.MBeanServer; SearchStrategy: all) did not find any beans (OnBeanCondition)

   JmxAutoConfiguration#objectNamingStrategy matched:
      - @ConditionalOnMissingBean (types: org.springframework.jmx.export.naming.ObjectNamingStrategy; SearchStrategy: current) did not find any beans (OnBeanCondition)

   LifecycleAutoConfiguration#defaultLifecycleProcessor matched:
      - @ConditionalOnMissingBean (names: lifecycleProcessor; SearchStrategy: current) did not find any beans (OnBeanCondition)

   LifecycleMvcEndpointAutoConfiguration#environmentManager matched:
      - @ConditionalOnMissingBean (types: org.springframework.cloud.context.environment.EnvironmentManager; SearchStrategy: all) did not find any beans (OnBeanCondition)

   MultipartAutoConfiguration matched:
      - @ConditionalOnClass found required classes 'javax.servlet.Servlet', 'org.springframework.web.multipart.support.StandardServletMultipartResolver', 'javax.servlet.MultipartConfigElement' (OnClassCondition)
      - found 'session' scope (OnWebApplicationCondition)
      - @ConditionalOnProperty (spring.servlet.multipart.enabled) matched (OnPropertyCondition)

   MultipartAutoConfiguration#multipartConfigElement matched:
      - @ConditionalOnMissingBean (types: javax.servlet.MultipartConfigElement,org.springframework.web.multipart.commons.CommonsMultipartResolver; SearchStrategy: all) did not find any beans (OnBeanCondition)

   MultipartAutoConfiguration#multipartResolver matched:
      - @ConditionalOnMissingBean (types: org.springframework.web.multipart.MultipartResolver; SearchStrategy: all) did not find any beans (OnBeanCondition)

   NoOpCacheConfiguration matched:
      - Cache org.springframework.boot.autoconfigure.cache.NoOpCacheConfiguration automatic cache type (CacheCondition)

   PropertyPlaceholderAutoConfiguration#propertySourcesPlaceholderConfigurer matched:
      - @ConditionalOnMissingBean (types: org.springframework.context.support.PropertySourcesPlaceholderConfigurer; SearchStrategy: current) did not find any beans (OnBeanCondition)

   RefreshAutoConfiguration matched:
      - @ConditionalOnClass found required class 'org.springframework.cloud.context.scope.refresh.RefreshScope' (OnClassCondition)
      - @ConditionalOnProperty (spring.cloud.refresh.enabled) matched (OnPropertyCondition)

   RefreshAutoConfiguration#contextRefresher matched:
      - @ConditionalOnMissingBean (types: org.springframework.cloud.context.refresh.ContextRefresher; SearchStrategy: all) did not find any beans (OnBeanCondition)

   RefreshAutoConfiguration#loggingRebinder matched:
      - @ConditionalOnMissingBean (types: org.springframework.cloud.logging.LoggingRebinder; SearchStrategy: all) did not find any beans (OnBeanCondition)

   RefreshAutoConfiguration#refreshScope matched:
      - @ConditionalOnMissingBean (types: org.springframework.cloud.context.scope.refresh.RefreshScope; SearchStrategy: all) did not find any beans (OnBeanCondition)

   RestTemplateAutoConfiguration matched:
      - @ConditionalOnClass found required class 'org.springframework.web.client.RestTemplate' (OnClassCondition)
      - NoneNestedConditions 0 matched 1 did not; NestedCondition on RestTemplateAutoConfiguration.NotReactiveWebApplicationCondition.ReactiveWebApplication did not find reactive web application classes (RestTemplateAutoConfiguration.NotReactiveWebApplicationCondition)

   RestTemplateAutoConfiguration#restTemplateBuilder matched:
      - @ConditionalOnMissingBean (types: org.springframework.boot.web.client.RestTemplateBuilder; SearchStrategy: all) did not find any beans (OnBeanCondition)

   ServletWebServerFactoryAutoConfiguration matched:
      - @ConditionalOnClass found required class 'javax.servlet.ServletRequest' (OnClassCondition)
      - found 'session' scope (OnWebApplicationCondition)

   ServletWebServerFactoryAutoConfiguration#tomcatServletWebServerFactoryCustomizer matched:
      - @ConditionalOnClass found required class 'org.apache.catalina.startup.Tomcat' (OnClassCondition)

   ServletWebServerFactoryConfiguration.EmbeddedTomcat matched:
      - @ConditionalOnClass found required classes 'javax.servlet.Servlet', 'org.apache.catalina.startup.Tomcat', 'org.apache.coyote.UpgradeProtocol' (OnClassCondition)
      - @ConditionalOnMissingBean (types: org.springframework.boot.web.servlet.server.ServletWebServerFactory; SearchStrategy: current) did not find any beans (OnBeanCondition)

   SimpleCacheConfiguration matched:
      - Cache org.springframework.boot.autoconfigure.cache.SimpleCacheConfiguration automatic cache type (CacheCondition)

   SpringApplicationAdminJmxAutoConfiguration matched:
      - @ConditionalOnProperty (spring.application.admin.enabled=true) matched (OnPropertyCondition)

   SpringApplicationAdminJmxAutoConfiguration#springApplicationAdminRegistrar matched:
      - @ConditionalOnMissingBean (types: org.springframework.boot.admin.SpringApplicationAdminMXBeanRegistrar; SearchStrategy: all) did not find any beans (OnBeanCondition)

   Swagger2Configuration matched:
      - @ConditionalOnProperty (swagger.enabled) matched (OnPropertyCondition)

   Swagger2DocumentationConfiguration matched:
      - @ConditionalOnWebApplication (required) found 'session' scope (OnWebApplicationCondition)

   SwaggerAutoConfiguration#createRestApi matched:
      - @ConditionalOnProperty (swagger.enabled) matched (OnPropertyCondition)
      - @ConditionalOnBean (types: springfox.documentation.swagger.web.UiConfiguration; SearchStrategy: all) found bean 'uiConfiguration'; @ConditionalOnMissingBean (types: java.util.List; SearchStrategy: all) did not find any beans (OnBeanCondition)

   SwaggerAutoConfiguration#swaggerProperties matched:
      - @ConditionalOnMissingBean (types: com.spring4all.swagger.SwaggerProperties; SearchStrategy: all) did not find any beans (OnBeanCondition)

   TaskExecutionAutoConfiguration matched:
      - @ConditionalOnClass found required class 'org.springframework.scheduling.concurrent.ThreadPoolTaskExecutor' (OnClassCondition)

   TaskExecutionAutoConfiguration#applicationTaskExecutor matched:
      - @ConditionalOnMissingBean (types: java.util.concurrent.Executor; SearchStrategy: all) did not find any beans (OnBeanCondition)

   TaskExecutionAutoConfiguration#taskExecutorBuilder matched:
      - @ConditionalOnMissingBean (types: org.springframework.boot.task.TaskExecutorBuilder; SearchStrategy: all) did not find any beans (OnBeanCondition)

   TaskSchedulingAutoConfiguration matched:
      - @ConditionalOnClass found required class 'org.springframework.scheduling.concurrent.ThreadPoolTaskScheduler' (OnClassCondition)

   TaskSchedulingAutoConfiguration#taskSchedulerBuilder matched:
      - @ConditionalOnMissingBean (types: org.springframework.boot.task.TaskSchedulerBuilder; SearchStrategy: all) did not find any beans (OnBeanCondition)

   ValidationAutoConfiguration matched:
      - @ConditionalOnClass found required class 'javax.validation.executable.ExecutableValidator' (OnClassCondition)
      - @ConditionalOnResource found location classpath:META-INF/services/javax.validation.spi.ValidationProvider (OnResourceCondition)

   ValidationAutoConfiguration#defaultValidator matched:
      - @ConditionalOnMissingBean (types: javax.validation.Validator; SearchStrategy: all) did not find any beans (OnBeanCondition)

   ValidationAutoConfiguration#methodValidationPostProcessor matched:
      - @ConditionalOnMissingBean (types: org.springframework.validation.beanvalidation.MethodValidationPostProcessor; SearchStrategy: all) did not find any beans (OnBeanCondition)

   WebMvcAutoConfiguration matched:
      - @ConditionalOnClass found required classes 'javax.servlet.Servlet', 'org.springframework.web.servlet.DispatcherServlet', 'org.springframework.web.servlet.config.annotation.WebMvcConfigurer' (OnClassCondition)
      - found 'session' scope (OnWebApplicationCondition)
      - @ConditionalOnMissingBean (types: org.springframework.web.servlet.config.annotation.WebMvcConfigurationSupport; SearchStrategy: all) did not find any beans (OnBeanCondition)

   WebMvcAutoConfiguration#formContentFilter matched:
      - @ConditionalOnProperty (spring.mvc.formcontent.filter.enabled) matched (OnPropertyCondition)
      - @ConditionalOnMissingBean (types: org.springframework.web.filter.FormContentFilter; SearchStrategy: all) did not find any beans (OnBeanCondition)

   WebMvcAutoConfiguration.WebMvcAutoConfigurationAdapter#defaultViewResolver matched:
      - @ConditionalOnMissingBean (types: org.springframework.web.servlet.view.InternalResourceViewResolver; SearchStrategy: all) did not find any beans (OnBeanCondition)

   WebMvcAutoConfiguration.WebMvcAutoConfigurationAdapter#requestContextFilter matched:
      - @ConditionalOnMissingBean (types: org.springframework.web.context.request.RequestContextListener,org.springframework.web.filter.RequestContextFilter; SearchStrategy: all) did not find any beans (OnBeanCondition)

   WebMvcAutoConfiguration.WebMvcAutoConfigurationAdapter#viewResolver matched:
      - @ConditionalOnBean (types: org.springframework.web.servlet.ViewResolver; SearchStrategy: all) found beans 'defaultViewResolver', 'beanNameViewResolver', 'mvcViewResolver'; @ConditionalOnMissingBean (names: viewResolver types: org.springframework.web.servlet.view.ContentNegotiatingViewResolver; SearchStrategy: all) did not find any beans (OnBeanCondition)

   WebSocketServletAutoConfiguration matched:
      - @ConditionalOnClass found required classes 'javax.servlet.Servlet', 'javax.websocket.server.ServerContainer' (OnClassCondition)
      - found 'session' scope (OnWebApplicationCondition)

   WebSocketServletAutoConfiguration.TomcatWebSocketConfiguration matched:
      - @ConditionalOnClass found required classes 'org.apache.catalina.startup.Tomcat', 'org.apache.tomcat.websocket.server.WsSci' (OnClassCondition)

   WebSocketServletAutoConfiguration.TomcatWebSocketConfiguration#websocketServletWebServerCustomizer matched:
      - @ConditionalOnMissingBean (names: websocketServletWebServerCustomizer; SearchStrategy: all) did not find any beans (OnBeanCondition)


Negative matches:
-----------------

   ActiveMQAutoConfiguration:
      Did not match:
         - @ConditionalOnClass did not find required class 'javax.jms.ConnectionFactory' (OnClassCondition)

   AopAutoConfiguration.AspectJAutoProxyingConfiguration:
      Did not match:
         - @ConditionalOnClass did not find required class 'org.aspectj.weaver.Advice' (OnClassCondition)

   ArtemisAutoConfiguration:
      Did not match:
         - @ConditionalOnClass did not find required class 'javax.jms.ConnectionFactory' (OnClassCondition)

   BatchAutoConfiguration:
      Did not match:
         - @ConditionalOnClass did not find required class 'org.springframework.batch.core.launch.JobLauncher' (OnClassCondition)

   CacheAutoConfiguration:
      Did not match:
         - @ConditionalOnBean (types: org.springframework.cache.interceptor.CacheAspectSupport; SearchStrategy: all) did not find any beans of type org.springframework.cache.interceptor.CacheAspectSupport (OnBeanCondition)
      Matched:
         - @ConditionalOnClass found required class 'org.springframework.cache.CacheManager' (OnClassCondition)

   CacheAutoConfiguration.CacheManagerEntityManagerFactoryDependsOnPostProcessor:
      Did not match:
         - @ConditionalOnClass did not find required class 'org.springframework.orm.jpa.LocalContainerEntityManagerFactoryBean' (OnClassCondition)
         - Ancestor org.springframework.boot.autoconfigure.cache.CacheAutoConfiguration did not match (ConditionEvaluationReport.AncestorsMatchedCondition)

   CaffeineCacheConfiguration:
      Did not match:
         - @ConditionalOnClass did not find required class 'com.github.benmanes.caffeine.cache.Caffeine' (OnClassCondition)

   CassandraAutoConfiguration:
      Did not match:
         - @ConditionalOnClass did not find required class 'com.datastax.oss.driver.api.core.CqlSession' (OnClassCondition)

   CassandraDataAutoConfiguration:
      Did not match:
         - @ConditionalOnClass did not find required class 'com.datastax.oss.driver.api.core.CqlSession' (OnClassCondition)

   CassandraReactiveDataAutoConfiguration:
      Did not match:
         - @ConditionalOnClass did not find required class 'com.datastax.oss.driver.api.core.CqlSession' (OnClassCondition)

   CassandraReactiveRepositoriesAutoConfiguration:
      Did not match:
         - @ConditionalOnClass did not find required class 'org.springframework.data.cassandra.ReactiveSession' (OnClassCondition)

   CassandraRepositoriesAutoConfiguration:
      Did not match:
         - @ConditionalOnClass did not find required class 'com.datastax.oss.driver.api.core.CqlSession' (OnClassCondition)

   ClientHttpConnectorAutoConfiguration:
      Did not match:
         - @ConditionalOnClass did not find required class 'org.springframework.web.reactive.function.client.WebClient' (OnClassCondition)

   CodecsAutoConfiguration:
      Did not match:
         - @ConditionalOnClass did not find required class 'org.springframework.web.reactive.function.client.WebClient' (OnClassCondition)

   CouchbaseAutoConfiguration:
      Did not match:
         - @ConditionalOnClass did not find required class 'com.couchbase.client.java.Cluster' (OnClassCondition)

   CouchbaseCacheConfiguration:
      Did not match:
         - @ConditionalOnClass did not find required class 'com.couchbase.client.java.Cluster' (OnClassCondition)

   CouchbaseDataAutoConfiguration:
      Did not match:
         - @ConditionalOnClass did not find required class 'com.couchbase.client.java.Bucket' (OnClassCondition)

   CouchbaseReactiveDataAutoConfiguration:
      Did not match:
         - @ConditionalOnClass did not find required class 'com.couchbase.client.java.Cluster' (OnClassCondition)

   CouchbaseReactiveRepositoriesAutoConfiguration:
      Did not match:
         - @ConditionalOnClass did not find required class 'com.couchbase.client.java.Cluster' (OnClassCondition)

   CouchbaseRepositoriesAutoConfiguration:
      Did not match:
         - @ConditionalOnClass did not find required class 'com.couchbase.client.java.Bucket' (OnClassCondition)

   DataSourceAutoConfiguration:
      Did not match:
         - @ConditionalOnClass did not find required class 'org.springframework.jdbc.datasource.embedded.EmbeddedDatabaseType' (OnClassCondition)

   DataSourceTransactionManagerAutoConfiguration:
      Did not match:
         - @ConditionalOnClass did not find required class 'org.springframework.jdbc.core.JdbcTemplate' (OnClassCondition)

   DispatcherServletAutoConfiguration.DispatcherServletConfiguration#multipartResolver:
      Did not match:
         - @ConditionalOnBean (types: org.springframework.web.multipart.MultipartResolver; SearchStrategy: all) did not find any beans of type org.springframework.web.multipart.MultipartResolver (OnBeanCondition)

   EhCacheCacheConfiguration:
      Did not match:
         - @ConditionalOnClass did not find required class 'net.sf.ehcache.Cache' (OnClassCondition)

   ElasticsearchDataAutoConfiguration:
      Did not match:
         - @ConditionalOnClass did not find required class 'org.springframework.data.elasticsearch.core.ElasticsearchTemplate' (OnClassCondition)

   ElasticsearchRepositoriesAutoConfiguration:
      Did not match:
         - @ConditionalOnClass did not find required class 'org.elasticsearch.client.Client' (OnClassCondition)

   ElasticsearchRestClientAutoConfiguration:
      Did not match:
         - @ConditionalOnClass did not find required class 'org.elasticsearch.client.RestClient' (OnClassCondition)

   EmbeddedLdapAutoConfiguration:
      Did not match:
         - @ConditionalOnClass did not find required class 'com.unboundid.ldap.listener.InMemoryDirectoryServer' (OnClassCondition)

   EmbeddedMongoAutoConfiguration:
      Did not match:
         - @ConditionalOnClass did not find required class 'com.mongodb.MongoClientSettings' (OnClassCondition)

   EmbeddedWebServerFactoryCustomizerAutoConfiguration.JettyWebServerFactoryCustomizerConfiguration:
      Did not match:
         - @ConditionalOnClass did not find required classes 'org.eclipse.jetty.server.Server', 'org.eclipse.jetty.util.Loader', 'org.eclipse.jetty.webapp.WebAppContext' (OnClassCondition)

   EmbeddedWebServerFactoryCustomizerAutoConfiguration.NettyWebServerFactoryCustomizerConfiguration:
      Did not match:
         - @ConditionalOnClass did not find required class 'reactor.netty.http.server.HttpServer' (OnClassCondition)

   EmbeddedWebServerFactoryCustomizerAutoConfiguration.UndertowWebServerFactoryCustomizerConfiguration:
      Did not match:
         - @ConditionalOnClass did not find required classes 'io.undertow.Undertow', 'org.xnio.SslClientAuthMode' (OnClassCondition)

   ErrorWebFluxAutoConfiguration:
      Did not match:
         - @ConditionalOnClass did not find required class 'org.springframework.web.reactive.config.WebFluxConfigurer' (OnClassCondition)

   FlywayAutoConfiguration:
      Did not match:
         - @ConditionalOnClass did not find required class 'org.flywaydb.core.Flyway' (OnClassCondition)

   FreeMarkerAutoConfiguration:
      Did not match:
         - @ConditionalOnClass did not find required class 'freemarker.template.Configuration' (OnClassCondition)

   GroovyTemplateAutoConfiguration:
      Did not match:
         - @ConditionalOnClass did not find required class 'groovy.text.markup.MarkupTemplateEngine' (OnClassCondition)

   GsonAutoConfiguration:
      Did not match:
         - @ConditionalOnClass did not find required class 'com.google.gson.Gson' (OnClassCondition)

   GsonHttpMessageConvertersConfiguration:
      Did not match:
         - @ConditionalOnClass did not find required class 'com.google.gson.Gson' (OnClassCondition)

   H2ConsoleAutoConfiguration:
      Did not match:
         - @ConditionalOnClass did not find required class 'org.h2.server.web.WebServlet' (OnClassCondition)

   HazelcastAutoConfiguration:
      Did not match:
         - @ConditionalOnClass did not find required class 'com.hazelcast.core.HazelcastInstance' (OnClassCondition)

   HazelcastCacheConfiguration:
      Did not match:
         - @ConditionalOnClass did not find required class 'com.hazelcast.core.HazelcastInstance' (OnClassCondition)

   HazelcastJpaDependencyAutoConfiguration:
      Did not match:
         - @ConditionalOnClass did not find required class 'com.hazelcast.core.HazelcastInstance' (OnClassCondition)

   HibernateJpaAutoConfiguration:
      Did not match:
         - @ConditionalOnClass did not find required class 'javax.persistence.EntityManager' (OnClassCondition)

   HttpHandlerAutoConfiguration:
      Did not match:
         - @ConditionalOnClass did not find required class 'org.springframework.web.reactive.DispatcherHandler' (OnClassCondition)

   HypermediaAutoConfiguration:
      Did not match:
         - @ConditionalOnClass did not find required class 'org.springframework.hateoas.EntityModel' (OnClassCondition)

   InfinispanCacheConfiguration:
      Did not match:
         - @ConditionalOnClass did not find required class 'org.infinispan.spring.embedded.provider.SpringEmbeddedCacheManager' (OnClassCondition)

   InfluxDbAutoConfiguration:
      Did not match:
         - @ConditionalOnClass did not find required class 'org.influxdb.InfluxDB' (OnClassCondition)

   IntegrationAutoConfiguration:
      Did not match:
         - @ConditionalOnClass did not find required class 'org.springframework.integration.config.EnableIntegration' (OnClassCondition)

   JCacheCacheConfiguration:
      Did not match:
         - @ConditionalOnClass did not find required class 'javax.cache.Caching' (OnClassCondition)

   JacksonHttpMessageConvertersConfiguration.MappingJackson2XmlHttpMessageConverterConfiguration:
      Did not match:
         - @ConditionalOnClass did not find required class 'com.fasterxml.jackson.dataformat.xml.XmlMapper' (OnClassCondition)

   JdbcRepositoriesAutoConfiguration:
      Did not match:
         - @ConditionalOnClass did not find required class 'org.springframework.data.jdbc.repository.config.AbstractJdbcConfiguration' (OnClassCondition)

   JdbcTemplateAutoConfiguration:
      Did not match:
         - @ConditionalOnClass did not find required class 'org.springframework.jdbc.core.JdbcTemplate' (OnClassCondition)

   JerseyAutoConfiguration:
      Did not match:
         - @ConditionalOnClass did not find required class 'org.glassfish.jersey.server.spring.SpringComponentProvider' (OnClassCondition)

   JmsAutoConfiguration:
      Did not match:
         - @ConditionalOnClass did not find required class 'javax.jms.Message' (OnClassCondition)

   JndiConnectionFactoryAutoConfiguration:
      Did not match:
         - @ConditionalOnClass did not find required class 'org.springframework.jms.core.JmsTemplate' (OnClassCondition)

   JndiDataSourceAutoConfiguration:
      Did not match:
         - @ConditionalOnClass did not find required class 'org.springframework.jdbc.datasource.embedded.EmbeddedDatabaseType' (OnClassCondition)

   JooqAutoConfiguration:
      Did not match:
         - @ConditionalOnClass did not find required class 'org.jooq.DSLContext' (OnClassCondition)

   JpaRepositoriesAutoConfiguration:
      Did not match:
         - @ConditionalOnClass did not find required class 'org.springframework.data.jpa.repository.JpaRepository' (OnClassCondition)

   JsonbAutoConfiguration:
      Did not match:
         - @ConditionalOnClass did not find required class 'javax.json.bind.Jsonb' (OnClassCondition)

   JsonbHttpMessageConvertersConfiguration:
      Did not match:
         - @ConditionalOnClass did not find required class 'javax.json.bind.Jsonb' (OnClassCondition)

   JtaAutoConfiguration:
      Did not match:
         - @ConditionalOnClass did not find required class 'javax.transaction.Transaction' (OnClassCondition)

   KafkaAutoConfiguration:
      Did not match:
         - @ConditionalOnClass did not find required class 'org.springframework.kafka.core.KafkaTemplate' (OnClassCondition)

   LdapAutoConfiguration:
      Did not match:
         - @ConditionalOnClass did not find required class 'org.springframework.ldap.core.ContextSource' (OnClassCondition)

   LdapRepositoriesAutoConfiguration:
      Did not match:
         - @ConditionalOnClass did not find required class 'org.springframework.data.ldap.repository.LdapRepository' (OnClassCondition)

   LiquibaseAutoConfiguration:
      Did not match:
         - @ConditionalOnClass did not find required class 'liquibase.change.DatabaseChange' (OnClassCondition)

   MailSenderAutoConfiguration:
      Did not match:
         - @ConditionalOnClass did not find required class 'javax.mail.internet.MimeMessage' (OnClassCondition)

   MailSenderValidatorAutoConfiguration:
      Did not match:
         - @ConditionalOnSingleCandidate did not find required type 'org.springframework.mail.javamail.JavaMailSenderImpl' (OnBeanCondition)

   MessageSourceAutoConfiguration:
      Did not match:
         - ResourceBundle did not find bundle with basename messages (MessageSourceAutoConfiguration.ResourceBundleCondition)

   MongoAutoConfiguration:
      Did not match:
         - @ConditionalOnClass did not find required class 'com.mongodb.client.MongoClient' (OnClassCondition)

   MongoDataAutoConfiguration:
      Did not match:
         - @ConditionalOnClass did not find required class 'com.mongodb.client.MongoClient' (OnClassCondition)

   MongoReactiveAutoConfiguration:
      Did not match:
         - @ConditionalOnClass did not find required class 'com.mongodb.reactivestreams.client.MongoClient' (OnClassCondition)

   MongoReactiveDataAutoConfiguration:
      Did not match:
         - @ConditionalOnClass did not find required class 'com.mongodb.reactivestreams.client.MongoClient' (OnClassCondition)

   MongoReactiveRepositoriesAutoConfiguration:
      Did not match:
         - @ConditionalOnClass did not find required class 'com.mongodb.reactivestreams.client.MongoClient' (OnClassCondition)

   MongoRepositoriesAutoConfiguration:
      Did not match:
         - @ConditionalOnClass did not find required class 'com.mongodb.client.MongoClient' (OnClassCondition)

   MustacheAutoConfiguration:
      Did not match:
         - @ConditionalOnClass did not find required class 'com.samskivert.mustache.Mustache' (OnClassCondition)

   Neo4jDataAutoConfiguration:
      Did not match:
         - @ConditionalOnClass did not find required class 'org.neo4j.ogm.session.SessionFactory' (OnClassCondition)

   Neo4jRepositoriesAutoConfiguration:
      Did not match:
         - @ConditionalOnClass did not find required class 'org.neo4j.ogm.session.Neo4jSession' (OnClassCondition)

   OAuth2ClientAutoConfiguration:
      Did not match:
         - @ConditionalOnClass did not find required class 'org.springframework.security.config.annotation.web.configuration.EnableWebSecurity' (OnClassCondition)

   OAuth2ResourceServerAutoConfiguration:
      Did not match:
         - @ConditionalOnClass did not find required class 'org.springframework.security.oauth2.server.resource.BearerTokenAuthenticationToken' (OnClassCondition)

   PersistenceExceptionTranslationAutoConfiguration:
      Did not match:
         - @ConditionalOnClass did not find required class 'org.springframework.dao.annotation.PersistenceExceptionTranslationPostProcessor' (OnClassCondition)

   ProjectInfoAutoConfiguration#buildProperties:
      Did not match:
         - @ConditionalOnResource did not find resource '${spring.info.build.location:classpath:META-INF/build-info.properties}' (OnResourceCondition)

   ProjectInfoAutoConfiguration#gitProperties:
      Did not match:
         - GitResource did not find git info at classpath:git.properties (ProjectInfoAutoConfiguration.GitResourceAvailableCondition)

   QuartzAutoConfiguration:
      Did not match:
         - @ConditionalOnClass did not find required class 'org.quartz.Scheduler' (OnClassCondition)

   R2dbcAutoConfiguration:
      Did not match:
         - @ConditionalOnClass did not find required class 'io.r2dbc.spi.ConnectionFactory' (OnClassCondition)

   R2dbcDataAutoConfiguration:
      Did not match:
         - @ConditionalOnClass did not find required class 'org.springframework.data.r2dbc.core.DatabaseClient' (OnClassCondition)

   R2dbcRepositoriesAutoConfiguration:
      Did not match:
         - @ConditionalOnClass did not find required class 'io.r2dbc.spi.ConnectionFactory' (OnClassCondition)

   R2dbcTransactionManagerAutoConfiguration:
      Did not match:
         - @ConditionalOnClass did not find required class 'org.springframework.data.r2dbc.connectionfactory.R2dbcTransactionManager' (OnClassCondition)

   RSocketMessagingAutoConfiguration:
      Did not match:
         - @ConditionalOnClass did not find required class 'io.rsocket.RSocketFactory' (OnClassCondition)

   RSocketRequesterAutoConfiguration:
      Did not match:
         - @ConditionalOnClass did not find required class 'io.rsocket.RSocketFactory' (OnClassCondition)

   RSocketSecurityAutoConfiguration:
      Did not match:
         - @ConditionalOnClass did not find required class 'org.springframework.security.rsocket.core.SecuritySocketAcceptorInterceptor' (OnClassCondition)

   RSocketServerAutoConfiguration:
      Did not match:
         - @ConditionalOnClass did not find required class 'io.rsocket.core.RSocketServer' (OnClassCondition)

   RSocketStrategiesAutoConfiguration:
      Did not match:
         - @ConditionalOnClass did not find required class 'io.netty.buffer.PooledByteBufAllocator' (OnClassCondition)

   RabbitAutoConfiguration:
      Did not match:
         - @ConditionalOnClass did not find required class 'com.rabbitmq.client.Channel' (OnClassCondition)

   ReactiveElasticsearchRepositoriesAutoConfiguration:
      Did not match:
         - @ConditionalOnClass did not find required class 'org.springframework.data.elasticsearch.client.reactive.ReactiveElasticsearchClient' (OnClassCondition)

   ReactiveElasticsearchRestClientAutoConfiguration:
      Did not match:
         - @ConditionalOnClass did not find required class 'reactor.netty.http.client.HttpClient' (OnClassCondition)

   ReactiveOAuth2ClientAutoConfiguration:
      Did not match:
         - @ConditionalOnClass did not find required class 'reactor.core.publisher.Flux' (OnClassCondition)

   ReactiveOAuth2ResourceServerAutoConfiguration:
      Did not match:
         - @ConditionalOnClass did not find required class 'org.springframework.security.config.annotation.web.reactive.EnableWebFluxSecurity' (OnClassCondition)

   ReactiveSecurityAutoConfiguration:
      Did not match:
         - @ConditionalOnClass did not find required class 'reactor.core.publisher.Flux' (OnClassCondition)

   ReactiveUserDetailsServiceAutoConfiguration:
      Did not match:
         - @ConditionalOnClass did not find required class 'org.springframework.security.authentication.ReactiveAuthenticationManager' (OnClassCondition)

   ReactiveWebServerFactoryAutoConfiguration:
      Did not match:
         - @ConditionalOnWebApplication did not find reactive web application classes (OnWebApplicationCondition)

   RedisAutoConfiguration:
      Did not match:
         - @ConditionalOnClass did not find required class 'org.springframework.data.redis.core.RedisOperations' (OnClassCondition)

   RedisCacheConfiguration:
      Did not match:
         - @ConditionalOnClass did not find required class 'org.springframework.data.redis.connection.RedisConnectionFactory' (OnClassCondition)

   RedisReactiveAutoConfiguration:
      Did not match:
         - @ConditionalOnClass did not find required class 'reactor.core.publisher.Flux' (OnClassCondition)

   RedisRepositoriesAutoConfiguration:
      Did not match:
         - @ConditionalOnClass did not find required class 'org.springframework.data.redis.repository.configuration.EnableRedisRepositories' (OnClassCondition)

   RefreshAutoConfiguration.JpaInvokerConfiguration:
      Did not match:
         - @ConditionalOnClass did not find required class 'javax.persistence.EntityManagerFactory' (OnClassCondition)

   RefreshEndpointAutoConfiguration:
      Did not match:
         - @ConditionalOnClass did not find required class 'org.springframework.boot.actuate.autoconfigure.endpoint.EndpointAutoConfiguration' (OnClassCondition)

   RepositoryRestMvcAutoConfiguration:
      Did not match:
         - @ConditionalOnClass did not find required class 'org.springframework.data.rest.webmvc.config.RepositoryRestMvcConfiguration' (OnClassCondition)

   Saml2RelyingPartyAutoConfiguration:
      Did not match:
         - @ConditionalOnClass did not find required class 'org.springframework.security.saml2.provider.service.registration.RelyingPartyRegistrationRepository' (OnClassCondition)

   SecurityAutoConfiguration:
      Did not match:
         - @ConditionalOnClass did not find required class 'org.springframework.security.authentication.DefaultAuthenticationEventPublisher' (OnClassCondition)

   SecurityFilterAutoConfiguration:
      Did not match:
         - @ConditionalOnClass did not find required class 'org.springframework.security.config.http.SessionCreationPolicy' (OnClassCondition)

   SendGridAutoConfiguration:
      Did not match:
         - @ConditionalOnClass did not find required class 'com.sendgrid.SendGrid' (OnClassCondition)

   ServletWebServerFactoryAutoConfiguration#forwardedHeaderFilter:
      Did not match:
         - @ConditionalOnProperty (server.forward-headers-strategy=framework) did not find property 'server.forward-headers-strategy' (OnPropertyCondition)

   ServletWebServerFactoryConfiguration.EmbeddedJetty:
      Did not match:
         - @ConditionalOnClass did not find required classes 'org.eclipse.jetty.server.Server', 'org.eclipse.jetty.util.Loader', 'org.eclipse.jetty.webapp.WebAppContext' (OnClassCondition)

   ServletWebServerFactoryConfiguration.EmbeddedUndertow:
      Did not match:
         - @ConditionalOnClass did not find required classes 'io.undertow.Undertow', 'org.xnio.SslClientAuthMode' (OnClassCondition)

   SessionAutoConfiguration:
      Did not match:
         - @ConditionalOnClass did not find required class 'org.springframework.session.Session' (OnClassCondition)

   SolrAutoConfiguration:
      Did not match:
         - @ConditionalOnClass did not find required class 'org.apache.solr.client.solrj.impl.CloudSolrClient' (OnClassCondition)

   SolrRepositoriesAutoConfiguration:
      Did not match:
         - @ConditionalOnClass did not find required class 'org.apache.solr.client.solrj.SolrClient' (OnClassCondition)

   SpringDataWebAutoConfiguration:
      Did not match:
         - @ConditionalOnClass did not find required class 'org.springframework.data.web.PageableHandlerMethodArgumentResolver' (OnClassCondition)

   TaskSchedulingAutoConfiguration#taskScheduler:
      Did not match:
         - @ConditionalOnBean (names: org.springframework.context.annotation.internalScheduledAnnotationProcessor; SearchStrategy: all) did not find any beans named org.springframework.context.annotation.internalScheduledAnnotationProcessor (OnBeanCondition)

   ThymeleafAutoConfiguration:
      Did not match:
         - @ConditionalOnClass did not find required class 'org.thymeleaf.spring5.SpringTemplateEngine' (OnClassCondition)

   TransactionAutoConfiguration:
      Did not match:
         - @ConditionalOnClass did not find required class 'org.springframework.transaction.PlatformTransactionManager' (OnClassCondition)

   UserDetailsServiceAutoConfiguration:
      Did not match:
         - @ConditionalOnClass did not find required class 'org.springframework.security.authentication.AuthenticationManager' (OnClassCondition)

   WebClientAutoConfiguration:
      Did not match:
         - @ConditionalOnClass did not find required class 'org.springframework.web.reactive.function.client.WebClient' (OnClassCondition)

   WebFluxAutoConfiguration:
      Did not match:
         - @ConditionalOnClass did not find required class 'org.springframework.web.reactive.config.WebFluxConfigurer' (OnClassCondition)

   WebMvcAutoConfiguration#hiddenHttpMethodFilter:
      Did not match:
         - @ConditionalOnProperty (spring.mvc.hiddenmethod.filter.enabled) did not find property 'enabled' (OnPropertyCondition)

   WebMvcAutoConfiguration.ResourceChainCustomizerConfiguration:
      Did not match:
         - @ConditionalOnEnabledResourceChain did not find class org.webjars.WebJarAssetLocator (OnEnabledResourceChainCondition)

   WebMvcAutoConfiguration.WebMvcAutoConfigurationAdapter#beanNameViewResolver:
      Did not match:
         - @ConditionalOnMissingBean (types: org.springframework.web.servlet.view.BeanNameViewResolver; SearchStrategy: all) found beans of type 'org.springframework.web.servlet.view.BeanNameViewResolver' beanNameViewResolver (OnBeanCondition)

   WebMvcAutoConfiguration.WebMvcAutoConfigurationAdapter#localeResolver:
      Did not match:
         - @ConditionalOnProperty (spring.mvc.locale) did not find property 'locale' (OnPropertyCondition)

   WebServiceTemplateAutoConfiguration:
      Did not match:
         - @ConditionalOnClass did not find required class 'org.springframework.oxm.Marshaller' (OnClassCondition)

   WebServicesAutoConfiguration:
      Did not match:
         - @ConditionalOnClass did not find required class 'org.springframework.ws.transport.http.MessageDispatcherServlet' (OnClassCondition)

   WebSocketMessagingAutoConfiguration:
      Did not match:
         - @ConditionalOnClass did not find required class 'org.springframework.web.socket.config.annotation.WebSocketMessageBrokerConfigurer' (OnClassCondition)

   WebSocketReactiveAutoConfiguration:
      Did not match:
         - @ConditionalOnWebApplication did not find reactive web application classes (OnWebApplicationCondition)

   WebSocketServletAutoConfiguration.JettyWebSocketConfiguration:
      Did not match:
         - @ConditionalOnClass did not find required class 'org.eclipse.jetty.websocket.jsr356.server.deploy.WebSocketServerContainerInitializer' (OnClassCondition)

   WebSocketServletAutoConfiguration.UndertowWebSocketConfiguration:
      Did not match:
         - @ConditionalOnClass did not find required class 'io.undertow.websockets.jsr.Bootstrap' (OnClassCondition)

   WritableEnvironmentEndpointAutoConfiguration:
      Did not match:
         - @ConditionalOnClass did not find required class 'org.springframework.boot.actuate.autoconfigure.env.EnvironmentEndpointProperties' (OnClassCondition)

   XADataSourceAutoConfiguration:
      Did not match:
         - @ConditionalOnClass did not find required class 'javax.transaction.TransactionManager' (OnClassCondition)


Exclusions:
-----------

    None


Unconditional classes:
----------------------

    org.springframework.boot.autoconfigure.context.ConfigurationPropertiesAutoConfiguration

    org.springframework.boot.autoconfigure.context.LifecycleAutoConfiguration

    org.springframework.boot.autoconfigure.context.PropertyPlaceholderAutoConfiguration

    org.springframework.cloud.autoconfigure.LifecycleMvcEndpointAutoConfiguration

    org.springframework.boot.autoconfigure.availability.ApplicationAvailabilityAutoConfiguration

    org.springframework.boot.autoconfigure.info.ProjectInfoAutoConfiguration



2024-10-27 22:54:57,220 DEBUG [main][PropertySourcesPropertyResolver.java:115] - Found key 'spring.liveBeansView.mbeanDomain' in PropertySource 'systemProperties' with value of type String
2024-10-27 22:54:57,220 DEBUG [main][PropertySourcesPropertyResolver.java:115] - Found key 'spring.liveBeansView.mbeanDomain' in PropertySource 'systemProperties' with value of type String
2024-10-27 22:54:57,220 INFO [main][StartupInfoLogger.java:61] - Started ContentApplication in 1.376 seconds (JVM running for 1.865)
2024-10-27 22:54:57,220 INFO [main][StartupInfoLogger.java:61] - Started ContentApplication in 1.376 seconds (JVM running for 1.865)
2024-10-27 22:54:57,689 DEBUG [RMI TCP Connection(2)-192.168.1.42][PropertySourcesPropertyResolver.java:115] - Found key 'local.server.port' in PropertySource 'server.ports' with value of type Integer
2024-10-27 22:54:57,689 DEBUG [RMI TCP Connection(2)-192.168.1.42][PropertySourcesPropertyResolver.java:115] - Found key 'local.server.port' in PropertySource 'server.ports' with value of type Integer
2024-10-27 22:54:57,692 DEBUG [RMI TCP Connection(2)-192.168.1.42][PropertySourcesPropertyResolver.java:115] - Found key 'server.servlet.context-path' in PropertySource 'configurationProperties' with value of type String
2024-10-27 22:54:57,692 DEBUG [RMI TCP Connection(2)-192.168.1.42][PropertySourcesPropertyResolver.java:115] - Found key 'server.servlet.context-path' in PropertySource 'configurationProperties' with value of type String
2024-10-27 22:55:02,142 INFO [http-nio-63040-exec-1][DirectJDKLog.java:173] - Initializing Spring DispatcherServlet 'dispatcherServlet'
2024-10-27 22:55:02,142 INFO [http-nio-63040-exec-1][DirectJDKLog.java:173] - Initializing Spring DispatcherServlet 'dispatcherServlet'
2024-10-27 22:55:02,142 INFO [http-nio-63040-exec-1][FrameworkServlet.java:525] - Initializing Servlet 'dispatcherServlet'
2024-10-27 22:55:02,142 INFO [http-nio-63040-exec-1][FrameworkServlet.java:525] - Initializing Servlet 'dispatcherServlet'
2024-10-27 22:55:02,143 DEBUG [http-nio-63040-exec-1][DispatcherServlet.java:526] - Detected StandardServletMultipartResolver
2024-10-27 22:55:02,143 DEBUG [http-nio-63040-exec-1][DispatcherServlet.java:526] - Detected StandardServletMultipartResolver
2024-10-27 22:55:02,145 DEBUG [http-nio-63040-exec-1][FrameworkServlet.java:542] - enableLoggingRequestDetails='false': request parameters and headers will be masked to prevent unsafe logging of potentially sensitive data
2024-10-27 22:55:02,145 DEBUG [http-nio-63040-exec-1][FrameworkServlet.java:542] - enableLoggingRequestDetails='false': request parameters and headers will be masked to prevent unsafe logging of potentially sensitive data
2024-10-27 22:55:02,145 INFO [http-nio-63040-exec-1][FrameworkServlet.java:547] - Completed initialization in 3 ms
2024-10-27 22:55:02,145 INFO [http-nio-63040-exec-1][FrameworkServlet.java:547] - Completed initialization in 3 ms
2024-10-27 22:55:02,149 DEBUG [http-nio-63040-exec-1][LogFormatUtils.java:91] - GET "/content/swagger-ui.html", parameters={}
2024-10-27 22:55:02,149 DEBUG [http-nio-63040-exec-1][LogFormatUtils.java:91] - GET "/content/swagger-ui.html", parameters={}
2024-10-27 22:55:02,153 DEBUG [http-nio-63040-exec-1][AbstractHandlerMapping.java:415] - Mapped to ResourceHttpRequestHandler ["classpath:/META-INF/resources/", "classpath:/resources/", "classpath:/static/", "classpath:/public/", "/"]
2024-10-27 22:55:02,153 DEBUG [http-nio-63040-exec-1][AbstractHandlerMapping.java:415] - Mapped to ResourceHttpRequestHandler ["classpath:/META-INF/resources/", "classpath:/resources/", "classpath:/static/", "classpath:/public/", "/"]
2024-10-27 22:55:02,154 DEBUG [http-nio-63040-exec-1][FrameworkServlet.java:1131] - Completed 304 NOT_MODIFIED
2024-10-27 22:55:02,154 DEBUG [http-nio-63040-exec-1][FrameworkServlet.java:1131] - Completed 304 NOT_MODIFIED
2024-10-27 22:55:02,225 DEBUG [http-nio-63040-exec-3][LogFormatUtils.java:91] - GET "/content/swagger-resources/configuration/ui", parameters={}
2024-10-27 22:55:02,225 DEBUG [http-nio-63040-exec-3][LogFormatUtils.java:91] - GET "/content/swagger-resources/configuration/ui", parameters={}
2024-10-27 22:55:02,226 DEBUG [http-nio-63040-exec-3][AbstractHandlerMapping.java:415] - Mapped to springfox.documentation.swagger.web.ApiResourceController#uiConfiguration()
2024-10-27 22:55:02,226 DEBUG [http-nio-63040-exec-3][AbstractHandlerMapping.java:415] - Mapped to springfox.documentation.swagger.web.ApiResourceController#uiConfiguration()
2024-10-27 22:55:02,249 DEBUG [http-nio-63040-exec-3][AbstractMessageConverterMethodProcessor.java:255] - Using 'application/json', given [application/json] and supported [application/json, application/*+json, application/json, application/*+json]
2024-10-27 22:55:02,249 DEBUG [http-nio-63040-exec-3][AbstractMessageConverterMethodProcessor.java:255] - Using 'application/json', given [application/json] and supported [application/json, application/*+json, application/json, application/*+json]
2024-10-27 22:55:02,249 DEBUG [http-nio-63040-exec-3][LogFormatUtils.java:91] - Writing [springfox.documentation.swagger.web.UiConfiguration@5ecb6378]
2024-10-27 22:55:02,249 DEBUG [http-nio-63040-exec-3][LogFormatUtils.java:91] - Writing [springfox.documentation.swagger.web.UiConfiguration@5ecb6378]
2024-10-27 22:55:02,258 DEBUG [http-nio-63040-exec-3][FrameworkServlet.java:1131] - Completed 200 OK
2024-10-27 22:55:02,258 DEBUG [http-nio-63040-exec-3][FrameworkServlet.java:1131] - Completed 200 OK
2024-10-27 22:55:02,260 DEBUG [http-nio-63040-exec-6][LogFormatUtils.java:91] - GET "/content/swagger-resources/configuration/security", parameters={}
2024-10-27 22:55:02,260 DEBUG [http-nio-63040-exec-6][LogFormatUtils.java:91] - GET "/content/swagger-resources/configuration/security", parameters={}
2024-10-27 22:55:02,260 DEBUG [http-nio-63040-exec-6][AbstractHandlerMapping.java:415] - Mapped to springfox.documentation.swagger.web.ApiResourceController#securityConfiguration()
2024-10-27 22:55:02,260 DEBUG [http-nio-63040-exec-6][AbstractHandlerMapping.java:415] - Mapped to springfox.documentation.swagger.web.ApiResourceController#securityConfiguration()
2024-10-27 22:55:02,263 DEBUG [http-nio-63040-exec-6][AbstractMessageConverterMethodProcessor.java:255] - Using 'application/json', given [application/json] and supported [application/json, application/*+json, application/json, application/*+json]
2024-10-27 22:55:02,263 DEBUG [http-nio-63040-exec-6][AbstractMessageConverterMethodProcessor.java:255] - Using 'application/json', given [application/json] and supported [application/json, application/*+json, application/json, application/*+json]
2024-10-27 22:55:02,263 DEBUG [http-nio-63040-exec-6][LogFormatUtils.java:91] - Writing [springfox.documentation.swagger.web.SecurityConfiguration@7130687]
2024-10-27 22:55:02,263 DEBUG [http-nio-63040-exec-6][LogFormatUtils.java:91] - Writing [springfox.documentation.swagger.web.SecurityConfiguration@7130687]
2024-10-27 22:55:02,263 DEBUG [http-nio-63040-exec-6][FrameworkServlet.java:1131] - Completed 200 OK
2024-10-27 22:55:02,263 DEBUG [http-nio-63040-exec-6][FrameworkServlet.java:1131] - Completed 200 OK
2024-10-27 22:55:02,266 DEBUG [http-nio-63040-exec-4][LogFormatUtils.java:91] - GET "/content/swagger-resources", parameters={}
2024-10-27 22:55:02,266 DEBUG [http-nio-63040-exec-4][LogFormatUtils.java:91] - GET "/content/swagger-resources", parameters={}
2024-10-27 22:55:02,266 DEBUG [http-nio-63040-exec-4][AbstractHandlerMapping.java:415] - Mapped to springfox.documentation.swagger.web.ApiResourceController#swaggerResources()
2024-10-27 22:55:02,266 DEBUG [http-nio-63040-exec-4][AbstractHandlerMapping.java:415] - Mapped to springfox.documentation.swagger.web.ApiResourceController#swaggerResources()
2024-10-27 22:55:02,268 DEBUG [http-nio-63040-exec-4][AbstractMessageConverterMethodProcessor.java:255] - Using 'application/json', given [application/json] and supported [application/json, application/*+json, application/json, application/*+json]
2024-10-27 22:55:02,268 DEBUG [http-nio-63040-exec-4][AbstractMessageConverterMethodProcessor.java:255] - Using 'application/json', given [application/json] and supported [application/json, application/*+json, application/json, application/*+json]
2024-10-27 22:55:02,268 DEBUG [http-nio-63040-exec-4][LogFormatUtils.java:91] - Writing [[springfox.documentation.swagger.web.SwaggerResource@58e0f4f8]]
2024-10-27 22:55:02,268 DEBUG [http-nio-63040-exec-4][LogFormatUtils.java:91] - Writing [[springfox.documentation.swagger.web.SwaggerResource@58e0f4f8]]
2024-10-27 22:55:02,269 DEBUG [http-nio-63040-exec-4][FrameworkServlet.java:1131] - Completed 200 OK
2024-10-27 22:55:02,269 DEBUG [http-nio-63040-exec-4][FrameworkServlet.java:1131] - Completed 200 OK
2024-10-27 22:55:02,278 DEBUG [http-nio-63040-exec-8][LogFormatUtils.java:91] - GET "/content/v2/api-docs", parameters={}
2024-10-27 22:55:02,278 DEBUG [http-nio-63040-exec-8][LogFormatUtils.java:91] - GET "/content/v2/api-docs", parameters={}
2024-10-27 22:55:02,278 DEBUG [http-nio-63040-exec-2][LogFormatUtils.java:91] - GET "/content/", parameters={}
2024-10-27 22:55:02,278 DEBUG [http-nio-63040-exec-2][LogFormatUtils.java:91] - GET "/content/", parameters={}
2024-10-27 22:55:02,279 DEBUG [http-nio-63040-exec-2][AbstractHandlerMapping.java:415] - Mapped to ResourceHttpRequestHandler ["classpath:/META-INF/resources/", "classpath:/resources/", "classpath:/static/", "classpath:/public/", "/"]
2024-10-27 22:55:02,279 DEBUG [http-nio-63040-exec-2][AbstractHandlerMapping.java:415] - Mapped to ResourceHttpRequestHandler ["classpath:/META-INF/resources/", "classpath:/resources/", "classpath:/static/", "classpath:/public/", "/"]
2024-10-27 22:55:02,279 DEBUG [http-nio-63040-exec-2][ResourceHttpRequestHandler.java:487] - Resource not found
2024-10-27 22:55:02,279 DEBUG [http-nio-63040-exec-2][ResourceHttpRequestHandler.java:487] - Resource not found
2024-10-27 22:55:02,279 DEBUG [http-nio-63040-exec-2][FrameworkServlet.java:1131] - Completed 404 NOT_FOUND
2024-10-27 22:55:02,279 DEBUG [http-nio-63040-exec-2][FrameworkServlet.java:1131] - Completed 404 NOT_FOUND
2024-10-27 22:55:02,281 DEBUG [http-nio-63040-exec-2][LogFormatUtils.java:91] - "ERROR" dispatch for GET "/content/error", parameters={}
2024-10-27 22:55:02,281 DEBUG [http-nio-63040-exec-2][LogFormatUtils.java:91] - "ERROR" dispatch for GET "/content/error", parameters={}
2024-10-27 22:55:02,282 DEBUG [http-nio-63040-exec-2][AbstractHandlerMapping.java:415] - Mapped to org.springframework.boot.autoconfigure.web.servlet.error.BasicErrorController#error(HttpServletRequest)
2024-10-27 22:55:02,282 DEBUG [http-nio-63040-exec-2][AbstractHandlerMapping.java:415] - Mapped to org.springframework.boot.autoconfigure.web.servlet.error.BasicErrorController#error(HttpServletRequest)
2024-10-27 22:55:02,285 DEBUG [http-nio-63040-exec-2][AbstractMessageConverterMethodProcessor.java:255] - Using 'application/json', given [*/*] and supported [application/json, application/*+json, application/json, application/*+json]
2024-10-27 22:55:02,285 DEBUG [http-nio-63040-exec-2][AbstractMessageConverterMethodProcessor.java:255] - Using 'application/json', given [*/*] and supported [application/json, application/*+json, application/json, application/*+json]
2024-10-27 22:55:02,285 DEBUG [http-nio-63040-exec-2][LogFormatUtils.java:91] - Writing [{timestamp=Sun Oct 27 22:55:02 CET 2024, status=404, error=Not Found, message=, path=/content/}]
2024-10-27 22:55:02,285 DEBUG [http-nio-63040-exec-2][LogFormatUtils.java:91] - Writing [{timestamp=Sun Oct 27 22:55:02 CET 2024, status=404, error=Not Found, message=, path=/content/}]
2024-10-27 22:55:02,289 DEBUG [http-nio-63040-exec-2][FrameworkServlet.java:1127] - Exiting from "ERROR" dispatch, status 404
2024-10-27 22:55:02,289 DEBUG [http-nio-63040-exec-2][FrameworkServlet.java:1127] - Exiting from "ERROR" dispatch, status 404
2024-10-27 22:55:02,292 DEBUG [http-nio-63040-exec-7][LogFormatUtils.java:91] - GET "/content/csrf", parameters={}
2024-10-27 22:55:02,292 DEBUG [http-nio-63040-exec-7][LogFormatUtils.java:91] - GET "/content/csrf", parameters={}
2024-10-27 22:55:02,292 DEBUG [http-nio-63040-exec-7][AbstractHandlerMapping.java:415] - Mapped to ResourceHttpRequestHandler ["classpath:/META-INF/resources/", "classpath:/resources/", "classpath:/static/", "classpath:/public/", "/"]
2024-10-27 22:55:02,292 DEBUG [http-nio-63040-exec-7][AbstractHandlerMapping.java:415] - Mapped to ResourceHttpRequestHandler ["classpath:/META-INF/resources/", "classpath:/resources/", "classpath:/static/", "classpath:/public/", "/"]
2024-10-27 22:55:02,293 DEBUG [http-nio-63040-exec-7][ResourceHttpRequestHandler.java:487] - Resource not found
2024-10-27 22:55:02,293 DEBUG [http-nio-63040-exec-7][ResourceHttpRequestHandler.java:487] - Resource not found
2024-10-27 22:55:02,293 DEBUG [http-nio-63040-exec-7][FrameworkServlet.java:1131] - Completed 404 NOT_FOUND
2024-10-27 22:55:02,293 DEBUG [http-nio-63040-exec-7][FrameworkServlet.java:1131] - Completed 404 NOT_FOUND
2024-10-27 22:55:02,293 DEBUG [http-nio-63040-exec-7][LogFormatUtils.java:91] - "ERROR" dispatch for GET "/content/error", parameters={}
2024-10-27 22:55:02,293 DEBUG [http-nio-63040-exec-7][LogFormatUtils.java:91] - "ERROR" dispatch for GET "/content/error", parameters={}
2024-10-27 22:55:02,294 DEBUG [http-nio-63040-exec-7][AbstractHandlerMapping.java:415] - Mapped to org.springframework.boot.autoconfigure.web.servlet.error.BasicErrorController#error(HttpServletRequest)
2024-10-27 22:55:02,294 DEBUG [http-nio-63040-exec-7][AbstractHandlerMapping.java:415] - Mapped to org.springframework.boot.autoconfigure.web.servlet.error.BasicErrorController#error(HttpServletRequest)
2024-10-27 22:55:02,294 DEBUG [http-nio-63040-exec-7][AbstractMessageConverterMethodProcessor.java:255] - Using 'application/json', given [*/*] and supported [application/json, application/*+json, application/json, application/*+json]
2024-10-27 22:55:02,294 DEBUG [http-nio-63040-exec-7][AbstractMessageConverterMethodProcessor.java:255] - Using 'application/json', given [*/*] and supported [application/json, application/*+json, application/json, application/*+json]
2024-10-27 22:55:02,294 DEBUG [http-nio-63040-exec-7][LogFormatUtils.java:91] - Writing [{timestamp=Sun Oct 27 22:55:02 CET 2024, status=404, error=Not Found, message=, path=/content/csrf}]
2024-10-27 22:55:02,294 DEBUG [http-nio-63040-exec-7][LogFormatUtils.java:91] - Writing [{timestamp=Sun Oct 27 22:55:02 CET 2024, status=404, error=Not Found, message=, path=/content/csrf}]
2024-10-27 22:55:02,300 DEBUG [http-nio-63040-exec-7][FrameworkServlet.java:1127] - Exiting from "ERROR" dispatch, status 404
2024-10-27 22:55:02,300 DEBUG [http-nio-63040-exec-7][FrameworkServlet.java:1127] - Exiting from "ERROR" dispatch, status 404
2024-10-27 22:55:02,336 DEBUG [http-nio-63040-exec-8][AbstractMessageConverterMethodProcessor.java:255] - Using 'application/json', given [application/json, */*] and supported [application/json, application/*+json, application/json, application/*+json]
2024-10-27 22:55:02,336 DEBUG [http-nio-63040-exec-8][AbstractMessageConverterMethodProcessor.java:255] - Using 'application/json', given [application/json, */*] and supported [application/json, application/*+json, application/json, application/*+json]
2024-10-27 22:55:02,337 DEBUG [http-nio-63040-exec-8][LogFormatUtils.java:91] - Writing [springfox.documentation.spring.web.json.Json@964a02d]
2024-10-27 22:55:02,337 DEBUG [http-nio-63040-exec-8][LogFormatUtils.java:91] - Writing [springfox.documentation.spring.web.json.Json@964a02d]
2024-10-27 22:55:02,337 DEBUG [http-nio-63040-exec-8][FrameworkServlet.java:1131] - Completed 200 OK
2024-10-27 22:55:02,337 DEBUG [http-nio-63040-exec-8][FrameworkServlet.java:1131] - Completed 200 OK
