2024-11-11 22:36:12,101 ERROR [Druid-ConnectionPool-Create-1018618094][DruidDataSource.java:2840] - create connection SQLException, url: jdbc:mysql://192.168.101.65:3306/xc402_content148?serverTimezone=UTC&userUnicode=true&useSSL=false&, errorCode 1049, state 42000
java.sql.SQLSyntaxErrorException: Unknown database 'xc402_content148'
	at com.mysql.cj.jdbc.exceptions.SQLError.createSQLException(SQLError.java:120)
	at com.mysql.cj.jdbc.exceptions.SQLExceptionsMapping.translateException(SQLExceptionsMapping.java:122)
	at com.mysql.cj.jdbc.ConnectionImpl.createNewIO(ConnectionImpl.java:828)
	at com.mysql.cj.jdbc.ConnectionImpl.<init>(ConnectionImpl.java:448)
	at com.mysql.cj.jdbc.ConnectionImpl.getInstance(ConnectionImpl.java:241)
	at com.mysql.cj.jdbc.NonRegisteringDriver.connect(NonRegisteringDriver.java:198)
	at com.alibaba.druid.pool.DruidAbstractDataSource.createPhysicalConnection(DruidAbstractDataSource.java:1657)
	at com.alibaba.druid.pool.DruidAbstractDataSource.createPhysicalConnection(DruidAbstractDataSource.java:1723)
	at com.alibaba.druid.pool.DruidDataSource$CreateConnectionThread.run(DruidDataSource.java:2838)
2024-11-11 22:36:12,121 ERROR [Druid-ConnectionPool-Create-1018618094][DruidDataSource.java:2840] - create connection SQLException, url: jdbc:mysql://192.168.101.65:3306/xc402_content148?serverTimezone=UTC&userUnicode=true&useSSL=false&, errorCode 1049, state 42000
java.sql.SQLSyntaxErrorException: Unknown database 'xc402_content148'
	at com.mysql.cj.jdbc.exceptions.SQLError.createSQLException(SQLError.java:120)
	at com.mysql.cj.jdbc.exceptions.SQLExceptionsMapping.translateException(SQLExceptionsMapping.java:122)
	at com.mysql.cj.jdbc.ConnectionImpl.createNewIO(ConnectionImpl.java:828)
	at com.mysql.cj.jdbc.ConnectionImpl.<init>(ConnectionImpl.java:448)
	at com.mysql.cj.jdbc.ConnectionImpl.getInstance(ConnectionImpl.java:241)
	at com.mysql.cj.jdbc.NonRegisteringDriver.connect(NonRegisteringDriver.java:198)
	at com.alibaba.druid.pool.DruidAbstractDataSource.createPhysicalConnection(DruidAbstractDataSource.java:1657)
	at com.alibaba.druid.pool.DruidAbstractDataSource.createPhysicalConnection(DruidAbstractDataSource.java:1723)
	at com.alibaba.druid.pool.DruidDataSource$CreateConnectionThread.run(DruidDataSource.java:2838)
2024-11-11 22:36:12,636 ERROR [Druid-ConnectionPool-Create-1018618094][DruidDataSource.java:2840] - create connection SQLException, url: jdbc:mysql://192.168.101.65:3306/xc402_content148?serverTimezone=UTC&userUnicode=true&useSSL=false&, errorCode 1049, state 42000
java.sql.SQLSyntaxErrorException: Unknown database 'xc402_content148'
	at com.mysql.cj.jdbc.exceptions.SQLError.createSQLException(SQLError.java:120)
	at com.mysql.cj.jdbc.exceptions.SQLExceptionsMapping.translateException(SQLExceptionsMapping.java:122)
	at com.mysql.cj.jdbc.ConnectionImpl.createNewIO(ConnectionImpl.java:828)
	at com.mysql.cj.jdbc.ConnectionImpl.<init>(ConnectionImpl.java:448)
	at com.mysql.cj.jdbc.ConnectionImpl.getInstance(ConnectionImpl.java:241)
	at com.mysql.cj.jdbc.NonRegisteringDriver.connect(NonRegisteringDriver.java:198)
	at com.alibaba.druid.pool.DruidAbstractDataSource.createPhysicalConnection(DruidAbstractDataSource.java:1657)
	at com.alibaba.druid.pool.DruidAbstractDataSource.createPhysicalConnection(DruidAbstractDataSource.java:1723)
	at com.alibaba.druid.pool.DruidDataSource$CreateConnectionThread.run(DruidDataSource.java:2838)
2024-11-11 22:36:13,158 ERROR [Druid-ConnectionPool-Create-1018618094][DruidDataSource.java:2840] - create connection SQLException, url: jdbc:mysql://192.168.101.65:3306/xc402_content148?serverTimezone=UTC&userUnicode=true&useSSL=false&, errorCode 1049, state 42000
java.sql.SQLSyntaxErrorException: Unknown database 'xc402_content148'
	at com.mysql.cj.jdbc.exceptions.SQLError.createSQLException(SQLError.java:120)
	at com.mysql.cj.jdbc.exceptions.SQLExceptionsMapping.translateException(SQLExceptionsMapping.java:122)
	at com.mysql.cj.jdbc.ConnectionImpl.createNewIO(ConnectionImpl.java:828)
	at com.mysql.cj.jdbc.ConnectionImpl.<init>(ConnectionImpl.java:448)
	at com.mysql.cj.jdbc.ConnectionImpl.getInstance(ConnectionImpl.java:241)
	at com.mysql.cj.jdbc.NonRegisteringDriver.connect(NonRegisteringDriver.java:198)
	at com.alibaba.druid.pool.DruidAbstractDataSource.createPhysicalConnection(DruidAbstractDataSource.java:1657)
	at com.alibaba.druid.pool.DruidAbstractDataSource.createPhysicalConnection(DruidAbstractDataSource.java:1723)
	at com.alibaba.druid.pool.DruidDataSource$CreateConnectionThread.run(DruidDataSource.java:2838)
2024-11-11 22:36:13,677 ERROR [Druid-ConnectionPool-Create-1018618094][DruidDataSource.java:2840] - create connection SQLException, url: jdbc:mysql://192.168.101.65:3306/xc402_content148?serverTimezone=UTC&userUnicode=true&useSSL=false&, errorCode 1049, state 42000
java.sql.SQLSyntaxErrorException: Unknown database 'xc402_content148'
	at com.mysql.cj.jdbc.exceptions.SQLError.createSQLException(SQLError.java:120)
	at com.mysql.cj.jdbc.exceptions.SQLExceptionsMapping.translateException(SQLExceptionsMapping.java:122)
	at com.mysql.cj.jdbc.ConnectionImpl.createNewIO(ConnectionImpl.java:828)
	at com.mysql.cj.jdbc.ConnectionImpl.<init>(ConnectionImpl.java:448)
	at com.mysql.cj.jdbc.ConnectionImpl.getInstance(ConnectionImpl.java:241)
	at com.mysql.cj.jdbc.NonRegisteringDriver.connect(NonRegisteringDriver.java:198)
	at com.alibaba.druid.pool.DruidAbstractDataSource.createPhysicalConnection(DruidAbstractDataSource.java:1657)
	at com.alibaba.druid.pool.DruidAbstractDataSource.createPhysicalConnection(DruidAbstractDataSource.java:1723)
	at com.alibaba.druid.pool.DruidDataSource$CreateConnectionThread.run(DruidDataSource.java:2838)
2024-11-11 22:36:14,186 ERROR [Druid-ConnectionPool-Create-1018618094][DruidDataSource.java:2840] - create connection SQLException, url: jdbc:mysql://192.168.101.65:3306/xc402_content148?serverTimezone=UTC&userUnicode=true&useSSL=false&, errorCode 1049, state 42000
java.sql.SQLSyntaxErrorException: Unknown database 'xc402_content148'
	at com.mysql.cj.jdbc.exceptions.SQLError.createSQLException(SQLError.java:120)
	at com.mysql.cj.jdbc.exceptions.SQLExceptionsMapping.translateException(SQLExceptionsMapping.java:122)
	at com.mysql.cj.jdbc.ConnectionImpl.createNewIO(ConnectionImpl.java:828)
	at com.mysql.cj.jdbc.ConnectionImpl.<init>(ConnectionImpl.java:448)
	at com.mysql.cj.jdbc.ConnectionImpl.getInstance(ConnectionImpl.java:241)
	at com.mysql.cj.jdbc.NonRegisteringDriver.connect(NonRegisteringDriver.java:198)
	at com.alibaba.druid.pool.DruidAbstractDataSource.createPhysicalConnection(DruidAbstractDataSource.java:1657)
	at com.alibaba.druid.pool.DruidAbstractDataSource.createPhysicalConnection(DruidAbstractDataSource.java:1723)
	at com.alibaba.druid.pool.DruidDataSource$CreateConnectionThread.run(DruidDataSource.java:2838)
2024-11-11 22:36:14,700 ERROR [Druid-ConnectionPool-Create-1018618094][DruidDataSource.java:2840] - create connection SQLException, url: jdbc:mysql://192.168.101.65:3306/xc402_content148?serverTimezone=UTC&userUnicode=true&useSSL=false&, errorCode 1049, state 42000
java.sql.SQLSyntaxErrorException: Unknown database 'xc402_content148'
	at com.mysql.cj.jdbc.exceptions.SQLError.createSQLException(SQLError.java:120)
	at com.mysql.cj.jdbc.exceptions.SQLExceptionsMapping.translateException(SQLExceptionsMapping.java:122)
	at com.mysql.cj.jdbc.ConnectionImpl.createNewIO(ConnectionImpl.java:828)
	at com.mysql.cj.jdbc.ConnectionImpl.<init>(ConnectionImpl.java:448)
	at com.mysql.cj.jdbc.ConnectionImpl.getInstance(ConnectionImpl.java:241)
	at com.mysql.cj.jdbc.NonRegisteringDriver.connect(NonRegisteringDriver.java:198)
	at com.alibaba.druid.pool.DruidAbstractDataSource.createPhysicalConnection(DruidAbstractDataSource.java:1657)
	at com.alibaba.druid.pool.DruidAbstractDataSource.createPhysicalConnection(DruidAbstractDataSource.java:1723)
	at com.alibaba.druid.pool.DruidDataSource$CreateConnectionThread.run(DruidDataSource.java:2838)
2024-11-11 22:36:15,213 ERROR [Druid-ConnectionPool-Create-1018618094][DruidDataSource.java:2840] - create connection SQLException, url: jdbc:mysql://192.168.101.65:3306/xc402_content148?serverTimezone=UTC&userUnicode=true&useSSL=false&, errorCode 1049, state 42000
java.sql.SQLSyntaxErrorException: Unknown database 'xc402_content148'
	at com.mysql.cj.jdbc.exceptions.SQLError.createSQLException(SQLError.java:120)
	at com.mysql.cj.jdbc.exceptions.SQLExceptionsMapping.translateException(SQLExceptionsMapping.java:122)
	at com.mysql.cj.jdbc.ConnectionImpl.createNewIO(ConnectionImpl.java:828)
	at com.mysql.cj.jdbc.ConnectionImpl.<init>(ConnectionImpl.java:448)
	at com.mysql.cj.jdbc.ConnectionImpl.getInstance(ConnectionImpl.java:241)
	at com.mysql.cj.jdbc.NonRegisteringDriver.connect(NonRegisteringDriver.java:198)
	at com.alibaba.druid.pool.DruidAbstractDataSource.createPhysicalConnection(DruidAbstractDataSource.java:1657)
	at com.alibaba.druid.pool.DruidAbstractDataSource.createPhysicalConnection(DruidAbstractDataSource.java:1723)
	at com.alibaba.druid.pool.DruidDataSource$CreateConnectionThread.run(DruidDataSource.java:2838)
2024-11-11 22:36:15,731 ERROR [Druid-ConnectionPool-Create-1018618094][DruidDataSource.java:2840] - create connection SQLException, url: jdbc:mysql://192.168.101.65:3306/xc402_content148?serverTimezone=UTC&userUnicode=true&useSSL=false&, errorCode 1049, state 42000
java.sql.SQLSyntaxErrorException: Unknown database 'xc402_content148'
	at com.mysql.cj.jdbc.exceptions.SQLError.createSQLException(SQLError.java:120)
	at com.mysql.cj.jdbc.exceptions.SQLExceptionsMapping.translateException(SQLExceptionsMapping.java:122)
	at com.mysql.cj.jdbc.ConnectionImpl.createNewIO(ConnectionImpl.java:828)
	at com.mysql.cj.jdbc.ConnectionImpl.<init>(ConnectionImpl.java:448)
	at com.mysql.cj.jdbc.ConnectionImpl.getInstance(ConnectionImpl.java:241)
	at com.mysql.cj.jdbc.NonRegisteringDriver.connect(NonRegisteringDriver.java:198)
	at com.alibaba.druid.pool.DruidAbstractDataSource.createPhysicalConnection(DruidAbstractDataSource.java:1657)
	at com.alibaba.druid.pool.DruidAbstractDataSource.createPhysicalConnection(DruidAbstractDataSource.java:1723)
	at com.alibaba.druid.pool.DruidDataSource$CreateConnectionThread.run(DruidDataSource.java:2838)
2024-11-11 22:36:16,248 ERROR [Druid-ConnectionPool-Create-1018618094][DruidDataSource.java:2840] - create connection SQLException, url: jdbc:mysql://192.168.101.65:3306/xc402_content148?serverTimezone=UTC&userUnicode=true&useSSL=false&, errorCode 1049, state 42000
java.sql.SQLSyntaxErrorException: Unknown database 'xc402_content148'
	at com.mysql.cj.jdbc.exceptions.SQLError.createSQLException(SQLError.java:120)
	at com.mysql.cj.jdbc.exceptions.SQLExceptionsMapping.translateException(SQLExceptionsMapping.java:122)
	at com.mysql.cj.jdbc.ConnectionImpl.createNewIO(ConnectionImpl.java:828)
	at com.mysql.cj.jdbc.ConnectionImpl.<init>(ConnectionImpl.java:448)
	at com.mysql.cj.jdbc.ConnectionImpl.getInstance(ConnectionImpl.java:241)
	at com.mysql.cj.jdbc.NonRegisteringDriver.connect(NonRegisteringDriver.java:198)
	at com.alibaba.druid.pool.DruidAbstractDataSource.createPhysicalConnection(DruidAbstractDataSource.java:1657)
	at com.alibaba.druid.pool.DruidAbstractDataSource.createPhysicalConnection(DruidAbstractDataSource.java:1723)
	at com.alibaba.druid.pool.DruidDataSource$CreateConnectionThread.run(DruidDataSource.java:2838)
2024-11-11 22:36:16,758 ERROR [Druid-ConnectionPool-Create-1018618094][DruidDataSource.java:2840] - create connection SQLException, url: jdbc:mysql://192.168.101.65:3306/xc402_content148?serverTimezone=UTC&userUnicode=true&useSSL=false&, errorCode 1049, state 42000
java.sql.SQLSyntaxErrorException: Unknown database 'xc402_content148'
	at com.mysql.cj.jdbc.exceptions.SQLError.createSQLException(SQLError.java:120)
	at com.mysql.cj.jdbc.exceptions.SQLExceptionsMapping.translateException(SQLExceptionsMapping.java:122)
	at com.mysql.cj.jdbc.ConnectionImpl.createNewIO(ConnectionImpl.java:828)
	at com.mysql.cj.jdbc.ConnectionImpl.<init>(ConnectionImpl.java:448)
	at com.mysql.cj.jdbc.ConnectionImpl.getInstance(ConnectionImpl.java:241)
	at com.mysql.cj.jdbc.NonRegisteringDriver.connect(NonRegisteringDriver.java:198)
	at com.alibaba.druid.pool.DruidAbstractDataSource.createPhysicalConnection(DruidAbstractDataSource.java:1657)
	at com.alibaba.druid.pool.DruidAbstractDataSource.createPhysicalConnection(DruidAbstractDataSource.java:1723)
	at com.alibaba.druid.pool.DruidDataSource$CreateConnectionThread.run(DruidDataSource.java:2838)
2024-11-11 22:36:17,280 ERROR [Druid-ConnectionPool-Create-1018618094][DruidDataSource.java:2840] - create connection SQLException, url: jdbc:mysql://192.168.101.65:3306/xc402_content148?serverTimezone=UTC&userUnicode=true&useSSL=false&, errorCode 1049, state 42000
java.sql.SQLSyntaxErrorException: Unknown database 'xc402_content148'
	at com.mysql.cj.jdbc.exceptions.SQLError.createSQLException(SQLError.java:120)
	at com.mysql.cj.jdbc.exceptions.SQLExceptionsMapping.translateException(SQLExceptionsMapping.java:122)
	at com.mysql.cj.jdbc.ConnectionImpl.createNewIO(ConnectionImpl.java:828)
	at com.mysql.cj.jdbc.ConnectionImpl.<init>(ConnectionImpl.java:448)
	at com.mysql.cj.jdbc.ConnectionImpl.getInstance(ConnectionImpl.java:241)
	at com.mysql.cj.jdbc.NonRegisteringDriver.connect(NonRegisteringDriver.java:198)
	at com.alibaba.druid.pool.DruidAbstractDataSource.createPhysicalConnection(DruidAbstractDataSource.java:1657)
	at com.alibaba.druid.pool.DruidAbstractDataSource.createPhysicalConnection(DruidAbstractDataSource.java:1723)
	at com.alibaba.druid.pool.DruidDataSource$CreateConnectionThread.run(DruidDataSource.java:2838)
2024-11-11 22:36:17,796 ERROR [Druid-ConnectionPool-Create-1018618094][DruidDataSource.java:2840] - create connection SQLException, url: jdbc:mysql://192.168.101.65:3306/xc402_content148?serverTimezone=UTC&userUnicode=true&useSSL=false&, errorCode 1049, state 42000
java.sql.SQLSyntaxErrorException: Unknown database 'xc402_content148'
	at com.mysql.cj.jdbc.exceptions.SQLError.createSQLException(SQLError.java:120)
	at com.mysql.cj.jdbc.exceptions.SQLExceptionsMapping.translateException(SQLExceptionsMapping.java:122)
	at com.mysql.cj.jdbc.ConnectionImpl.createNewIO(ConnectionImpl.java:828)
	at com.mysql.cj.jdbc.ConnectionImpl.<init>(ConnectionImpl.java:448)
	at com.mysql.cj.jdbc.ConnectionImpl.getInstance(ConnectionImpl.java:241)
	at com.mysql.cj.jdbc.NonRegisteringDriver.connect(NonRegisteringDriver.java:198)
	at com.alibaba.druid.pool.DruidAbstractDataSource.createPhysicalConnection(DruidAbstractDataSource.java:1657)
	at com.alibaba.druid.pool.DruidAbstractDataSource.createPhysicalConnection(DruidAbstractDataSource.java:1723)
	at com.alibaba.druid.pool.DruidDataSource$CreateConnectionThread.run(DruidDataSource.java:2838)
2024-11-11 22:36:18,314 ERROR [Druid-ConnectionPool-Create-1018618094][DruidDataSource.java:2840] - create connection SQLException, url: jdbc:mysql://192.168.101.65:3306/xc402_content148?serverTimezone=UTC&userUnicode=true&useSSL=false&, errorCode 1049, state 42000
java.sql.SQLSyntaxErrorException: Unknown database 'xc402_content148'
	at com.mysql.cj.jdbc.exceptions.SQLError.createSQLException(SQLError.java:120)
	at com.mysql.cj.jdbc.exceptions.SQLExceptionsMapping.translateException(SQLExceptionsMapping.java:122)
	at com.mysql.cj.jdbc.ConnectionImpl.createNewIO(ConnectionImpl.java:828)
	at com.mysql.cj.jdbc.ConnectionImpl.<init>(ConnectionImpl.java:448)
	at com.mysql.cj.jdbc.ConnectionImpl.getInstance(ConnectionImpl.java:241)
	at com.mysql.cj.jdbc.NonRegisteringDriver.connect(NonRegisteringDriver.java:198)
	at com.alibaba.druid.pool.DruidAbstractDataSource.createPhysicalConnection(DruidAbstractDataSource.java:1657)
	at com.alibaba.druid.pool.DruidAbstractDataSource.createPhysicalConnection(DruidAbstractDataSource.java:1723)
	at com.alibaba.druid.pool.DruidDataSource$CreateConnectionThread.run(DruidDataSource.java:2838)
2024-11-11 22:36:18,838 ERROR [Druid-ConnectionPool-Create-1018618094][DruidDataSource.java:2840] - create connection SQLException, url: jdbc:mysql://192.168.101.65:3306/xc402_content148?serverTimezone=UTC&userUnicode=true&useSSL=false&, errorCode 1049, state 42000
java.sql.SQLSyntaxErrorException: Unknown database 'xc402_content148'
	at com.mysql.cj.jdbc.exceptions.SQLError.createSQLException(SQLError.java:120)
	at com.mysql.cj.jdbc.exceptions.SQLExceptionsMapping.translateException(SQLExceptionsMapping.java:122)
	at com.mysql.cj.jdbc.ConnectionImpl.createNewIO(ConnectionImpl.java:828)
	at com.mysql.cj.jdbc.ConnectionImpl.<init>(ConnectionImpl.java:448)
	at com.mysql.cj.jdbc.ConnectionImpl.getInstance(ConnectionImpl.java:241)
	at com.mysql.cj.jdbc.NonRegisteringDriver.connect(NonRegisteringDriver.java:198)
	at com.alibaba.druid.pool.DruidAbstractDataSource.createPhysicalConnection(DruidAbstractDataSource.java:1657)
	at com.alibaba.druid.pool.DruidAbstractDataSource.createPhysicalConnection(DruidAbstractDataSource.java:1723)
	at com.alibaba.druid.pool.DruidDataSource$CreateConnectionThread.run(DruidDataSource.java:2838)
2024-11-11 22:36:19,351 ERROR [Druid-ConnectionPool-Create-1018618094][DruidDataSource.java:2840] - create connection SQLException, url: jdbc:mysql://192.168.101.65:3306/xc402_content148?serverTimezone=UTC&userUnicode=true&useSSL=false&, errorCode 1049, state 42000
java.sql.SQLSyntaxErrorException: Unknown database 'xc402_content148'
	at com.mysql.cj.jdbc.exceptions.SQLError.createSQLException(SQLError.java:120)
	at com.mysql.cj.jdbc.exceptions.SQLExceptionsMapping.translateException(SQLExceptionsMapping.java:122)
	at com.mysql.cj.jdbc.ConnectionImpl.createNewIO(ConnectionImpl.java:828)
	at com.mysql.cj.jdbc.ConnectionImpl.<init>(ConnectionImpl.java:448)
	at com.mysql.cj.jdbc.ConnectionImpl.getInstance(ConnectionImpl.java:241)
	at com.mysql.cj.jdbc.NonRegisteringDriver.connect(NonRegisteringDriver.java:198)
	at com.alibaba.druid.pool.DruidAbstractDataSource.createPhysicalConnection(DruidAbstractDataSource.java:1657)
	at com.alibaba.druid.pool.DruidAbstractDataSource.createPhysicalConnection(DruidAbstractDataSource.java:1723)
	at com.alibaba.druid.pool.DruidDataSource$CreateConnectionThread.run(DruidDataSource.java:2838)
2024-11-11 22:36:19,861 ERROR [Druid-ConnectionPool-Create-1018618094][DruidDataSource.java:2840] - create connection SQLException, url: jdbc:mysql://192.168.101.65:3306/xc402_content148?serverTimezone=UTC&userUnicode=true&useSSL=false&, errorCode 1049, state 42000
java.sql.SQLSyntaxErrorException: Unknown database 'xc402_content148'
	at com.mysql.cj.jdbc.exceptions.SQLError.createSQLException(SQLError.java:120)
	at com.mysql.cj.jdbc.exceptions.SQLExceptionsMapping.translateException(SQLExceptionsMapping.java:122)
	at com.mysql.cj.jdbc.ConnectionImpl.createNewIO(ConnectionImpl.java:828)
	at com.mysql.cj.jdbc.ConnectionImpl.<init>(ConnectionImpl.java:448)
	at com.mysql.cj.jdbc.ConnectionImpl.getInstance(ConnectionImpl.java:241)
	at com.mysql.cj.jdbc.NonRegisteringDriver.connect(NonRegisteringDriver.java:198)
	at com.alibaba.druid.pool.DruidAbstractDataSource.createPhysicalConnection(DruidAbstractDataSource.java:1657)
	at com.alibaba.druid.pool.DruidAbstractDataSource.createPhysicalConnection(DruidAbstractDataSource.java:1723)
	at com.alibaba.druid.pool.DruidDataSource$CreateConnectionThread.run(DruidDataSource.java:2838)
2024-11-11 22:36:20,373 ERROR [Druid-ConnectionPool-Create-1018618094][DruidDataSource.java:2840] - create connection SQLException, url: jdbc:mysql://192.168.101.65:3306/xc402_content148?serverTimezone=UTC&userUnicode=true&useSSL=false&, errorCode 1049, state 42000
java.sql.SQLSyntaxErrorException: Unknown database 'xc402_content148'
	at com.mysql.cj.jdbc.exceptions.SQLError.createSQLException(SQLError.java:120)
	at com.mysql.cj.jdbc.exceptions.SQLExceptionsMapping.translateException(SQLExceptionsMapping.java:122)
	at com.mysql.cj.jdbc.ConnectionImpl.createNewIO(ConnectionImpl.java:828)
	at com.mysql.cj.jdbc.ConnectionImpl.<init>(ConnectionImpl.java:448)
	at com.mysql.cj.jdbc.ConnectionImpl.getInstance(ConnectionImpl.java:241)
	at com.mysql.cj.jdbc.NonRegisteringDriver.connect(NonRegisteringDriver.java:198)
	at com.alibaba.druid.pool.DruidAbstractDataSource.createPhysicalConnection(DruidAbstractDataSource.java:1657)
	at com.alibaba.druid.pool.DruidAbstractDataSource.createPhysicalConnection(DruidAbstractDataSource.java:1723)
	at com.alibaba.druid.pool.DruidDataSource$CreateConnectionThread.run(DruidDataSource.java:2838)
2024-11-11 22:36:20,898 ERROR [Druid-ConnectionPool-Create-1018618094][DruidDataSource.java:2840] - create connection SQLException, url: jdbc:mysql://192.168.101.65:3306/xc402_content148?serverTimezone=UTC&userUnicode=true&useSSL=false&, errorCode 1049, state 42000
java.sql.SQLSyntaxErrorException: Unknown database 'xc402_content148'
	at com.mysql.cj.jdbc.exceptions.SQLError.createSQLException(SQLError.java:120)
	at com.mysql.cj.jdbc.exceptions.SQLExceptionsMapping.translateException(SQLExceptionsMapping.java:122)
	at com.mysql.cj.jdbc.ConnectionImpl.createNewIO(ConnectionImpl.java:828)
	at com.mysql.cj.jdbc.ConnectionImpl.<init>(ConnectionImpl.java:448)
	at com.mysql.cj.jdbc.ConnectionImpl.getInstance(ConnectionImpl.java:241)
	at com.mysql.cj.jdbc.NonRegisteringDriver.connect(NonRegisteringDriver.java:198)
	at com.alibaba.druid.pool.DruidAbstractDataSource.createPhysicalConnection(DruidAbstractDataSource.java:1657)
	at com.alibaba.druid.pool.DruidAbstractDataSource.createPhysicalConnection(DruidAbstractDataSource.java:1723)
	at com.alibaba.druid.pool.DruidDataSource$CreateConnectionThread.run(DruidDataSource.java:2838)
2024-11-11 22:36:21,420 ERROR [Druid-ConnectionPool-Create-1018618094][DruidDataSource.java:2840] - create connection SQLException, url: jdbc:mysql://192.168.101.65:3306/xc402_content148?serverTimezone=UTC&userUnicode=true&useSSL=false&, errorCode 1049, state 42000
java.sql.SQLSyntaxErrorException: Unknown database 'xc402_content148'
	at com.mysql.cj.jdbc.exceptions.SQLError.createSQLException(SQLError.java:120)
	at com.mysql.cj.jdbc.exceptions.SQLExceptionsMapping.translateException(SQLExceptionsMapping.java:122)
	at com.mysql.cj.jdbc.ConnectionImpl.createNewIO(ConnectionImpl.java:828)
	at com.mysql.cj.jdbc.ConnectionImpl.<init>(ConnectionImpl.java:448)
	at com.mysql.cj.jdbc.ConnectionImpl.getInstance(ConnectionImpl.java:241)
	at com.mysql.cj.jdbc.NonRegisteringDriver.connect(NonRegisteringDriver.java:198)
	at com.alibaba.druid.pool.DruidAbstractDataSource.createPhysicalConnection(DruidAbstractDataSource.java:1657)
	at com.alibaba.druid.pool.DruidAbstractDataSource.createPhysicalConnection(DruidAbstractDataSource.java:1723)
	at com.alibaba.druid.pool.DruidDataSource$CreateConnectionThread.run(DruidDataSource.java:2838)
2024-11-11 22:36:21,937 ERROR [Druid-ConnectionPool-Create-1018618094][DruidDataSource.java:2840] - create connection SQLException, url: jdbc:mysql://192.168.101.65:3306/xc402_content148?serverTimezone=UTC&userUnicode=true&useSSL=false&, errorCode 1049, state 42000
java.sql.SQLSyntaxErrorException: Unknown database 'xc402_content148'
	at com.mysql.cj.jdbc.exceptions.SQLError.createSQLException(SQLError.java:120)
	at com.mysql.cj.jdbc.exceptions.SQLExceptionsMapping.translateException(SQLExceptionsMapping.java:122)
	at com.mysql.cj.jdbc.ConnectionImpl.createNewIO(ConnectionImpl.java:828)
	at com.mysql.cj.jdbc.ConnectionImpl.<init>(ConnectionImpl.java:448)
	at com.mysql.cj.jdbc.ConnectionImpl.getInstance(ConnectionImpl.java:241)
	at com.mysql.cj.jdbc.NonRegisteringDriver.connect(NonRegisteringDriver.java:198)
	at com.alibaba.druid.pool.DruidAbstractDataSource.createPhysicalConnection(DruidAbstractDataSource.java:1657)
	at com.alibaba.druid.pool.DruidAbstractDataSource.createPhysicalConnection(DruidAbstractDataSource.java:1723)
	at com.alibaba.druid.pool.DruidDataSource$CreateConnectionThread.run(DruidDataSource.java:2838)
2024-11-11 22:36:22,469 ERROR [Druid-ConnectionPool-Create-1018618094][DruidDataSource.java:2840] - create connection SQLException, url: jdbc:mysql://192.168.101.65:3306/xc402_content148?serverTimezone=UTC&userUnicode=true&useSSL=false&, errorCode 1049, state 42000
java.sql.SQLSyntaxErrorException: Unknown database 'xc402_content148'
	at com.mysql.cj.jdbc.exceptions.SQLError.createSQLException(SQLError.java:120)
	at com.mysql.cj.jdbc.exceptions.SQLExceptionsMapping.translateException(SQLExceptionsMapping.java:122)
	at com.mysql.cj.jdbc.ConnectionImpl.createNewIO(ConnectionImpl.java:828)
	at com.mysql.cj.jdbc.ConnectionImpl.<init>(ConnectionImpl.java:448)
	at com.mysql.cj.jdbc.ConnectionImpl.getInstance(ConnectionImpl.java:241)
	at com.mysql.cj.jdbc.NonRegisteringDriver.connect(NonRegisteringDriver.java:198)
	at com.alibaba.druid.pool.DruidAbstractDataSource.createPhysicalConnection(DruidAbstractDataSource.java:1657)
	at com.alibaba.druid.pool.DruidAbstractDataSource.createPhysicalConnection(DruidAbstractDataSource.java:1723)
	at com.alibaba.druid.pool.DruidDataSource$CreateConnectionThread.run(DruidDataSource.java:2838)
2024-11-11 22:36:22,994 ERROR [Druid-ConnectionPool-Create-1018618094][DruidDataSource.java:2840] - create connection SQLException, url: jdbc:mysql://192.168.101.65:3306/xc402_content148?serverTimezone=UTC&userUnicode=true&useSSL=false&, errorCode 1049, state 42000
java.sql.SQLSyntaxErrorException: Unknown database 'xc402_content148'
	at com.mysql.cj.jdbc.exceptions.SQLError.createSQLException(SQLError.java:120)
	at com.mysql.cj.jdbc.exceptions.SQLExceptionsMapping.translateException(SQLExceptionsMapping.java:122)
	at com.mysql.cj.jdbc.ConnectionImpl.createNewIO(ConnectionImpl.java:828)
	at com.mysql.cj.jdbc.ConnectionImpl.<init>(ConnectionImpl.java:448)
	at com.mysql.cj.jdbc.ConnectionImpl.getInstance(ConnectionImpl.java:241)
	at com.mysql.cj.jdbc.NonRegisteringDriver.connect(NonRegisteringDriver.java:198)
	at com.alibaba.druid.pool.DruidAbstractDataSource.createPhysicalConnection(DruidAbstractDataSource.java:1657)
	at com.alibaba.druid.pool.DruidAbstractDataSource.createPhysicalConnection(DruidAbstractDataSource.java:1723)
	at com.alibaba.druid.pool.DruidDataSource$CreateConnectionThread.run(DruidDataSource.java:2838)
2024-11-11 22:36:23,516 ERROR [Druid-ConnectionPool-Create-1018618094][DruidDataSource.java:2840] - create connection SQLException, url: jdbc:mysql://192.168.101.65:3306/xc402_content148?serverTimezone=UTC&userUnicode=true&useSSL=false&, errorCode 1049, state 42000
java.sql.SQLSyntaxErrorException: Unknown database 'xc402_content148'
	at com.mysql.cj.jdbc.exceptions.SQLError.createSQLException(SQLError.java:120)
	at com.mysql.cj.jdbc.exceptions.SQLExceptionsMapping.translateException(SQLExceptionsMapping.java:122)
	at com.mysql.cj.jdbc.ConnectionImpl.createNewIO(ConnectionImpl.java:828)
	at com.mysql.cj.jdbc.ConnectionImpl.<init>(ConnectionImpl.java:448)
	at com.mysql.cj.jdbc.ConnectionImpl.getInstance(ConnectionImpl.java:241)
	at com.mysql.cj.jdbc.NonRegisteringDriver.connect(NonRegisteringDriver.java:198)
	at com.alibaba.druid.pool.DruidAbstractDataSource.createPhysicalConnection(DruidAbstractDataSource.java:1657)
	at com.alibaba.druid.pool.DruidAbstractDataSource.createPhysicalConnection(DruidAbstractDataSource.java:1723)
	at com.alibaba.druid.pool.DruidDataSource$CreateConnectionThread.run(DruidDataSource.java:2838)
2024-11-11 22:36:24,034 ERROR [Druid-ConnectionPool-Create-1018618094][DruidDataSource.java:2840] - create connection SQLException, url: jdbc:mysql://192.168.101.65:3306/xc402_content148?serverTimezone=UTC&userUnicode=true&useSSL=false&, errorCode 1049, state 42000
java.sql.SQLSyntaxErrorException: Unknown database 'xc402_content148'
	at com.mysql.cj.jdbc.exceptions.SQLError.createSQLException(SQLError.java:120)
	at com.mysql.cj.jdbc.exceptions.SQLExceptionsMapping.translateException(SQLExceptionsMapping.java:122)
	at com.mysql.cj.jdbc.ConnectionImpl.createNewIO(ConnectionImpl.java:828)
	at com.mysql.cj.jdbc.ConnectionImpl.<init>(ConnectionImpl.java:448)
	at com.mysql.cj.jdbc.ConnectionImpl.getInstance(ConnectionImpl.java:241)
	at com.mysql.cj.jdbc.NonRegisteringDriver.connect(NonRegisteringDriver.java:198)
	at com.alibaba.druid.pool.DruidAbstractDataSource.createPhysicalConnection(DruidAbstractDataSource.java:1657)
	at com.alibaba.druid.pool.DruidAbstractDataSource.createPhysicalConnection(DruidAbstractDataSource.java:1723)
	at com.alibaba.druid.pool.DruidDataSource$CreateConnectionThread.run(DruidDataSource.java:2838)
2024-11-11 22:36:24,550 ERROR [Druid-ConnectionPool-Create-1018618094][DruidDataSource.java:2840] - create connection SQLException, url: jdbc:mysql://192.168.101.65:3306/xc402_content148?serverTimezone=UTC&userUnicode=true&useSSL=false&, errorCode 1049, state 42000
java.sql.SQLSyntaxErrorException: Unknown database 'xc402_content148'
	at com.mysql.cj.jdbc.exceptions.SQLError.createSQLException(SQLError.java:120)
	at com.mysql.cj.jdbc.exceptions.SQLExceptionsMapping.translateException(SQLExceptionsMapping.java:122)
	at com.mysql.cj.jdbc.ConnectionImpl.createNewIO(ConnectionImpl.java:828)
	at com.mysql.cj.jdbc.ConnectionImpl.<init>(ConnectionImpl.java:448)
	at com.mysql.cj.jdbc.ConnectionImpl.getInstance(ConnectionImpl.java:241)
	at com.mysql.cj.jdbc.NonRegisteringDriver.connect(NonRegisteringDriver.java:198)
	at com.alibaba.druid.pool.DruidAbstractDataSource.createPhysicalConnection(DruidAbstractDataSource.java:1657)
	at com.alibaba.druid.pool.DruidAbstractDataSource.createPhysicalConnection(DruidAbstractDataSource.java:1723)
	at com.alibaba.druid.pool.DruidDataSource$CreateConnectionThread.run(DruidDataSource.java:2838)
2024-11-11 22:36:25,063 ERROR [Druid-ConnectionPool-Create-1018618094][DruidDataSource.java:2840] - create connection SQLException, url: jdbc:mysql://192.168.101.65:3306/xc402_content148?serverTimezone=UTC&userUnicode=true&useSSL=false&, errorCode 1049, state 42000
java.sql.SQLSyntaxErrorException: Unknown database 'xc402_content148'
	at com.mysql.cj.jdbc.exceptions.SQLError.createSQLException(SQLError.java:120)
	at com.mysql.cj.jdbc.exceptions.SQLExceptionsMapping.translateException(SQLExceptionsMapping.java:122)
	at com.mysql.cj.jdbc.ConnectionImpl.createNewIO(ConnectionImpl.java:828)
	at com.mysql.cj.jdbc.ConnectionImpl.<init>(ConnectionImpl.java:448)
	at com.mysql.cj.jdbc.ConnectionImpl.getInstance(ConnectionImpl.java:241)
	at com.mysql.cj.jdbc.NonRegisteringDriver.connect(NonRegisteringDriver.java:198)
	at com.alibaba.druid.pool.DruidAbstractDataSource.createPhysicalConnection(DruidAbstractDataSource.java:1657)
	at com.alibaba.druid.pool.DruidAbstractDataSource.createPhysicalConnection(DruidAbstractDataSource.java:1723)
	at com.alibaba.druid.pool.DruidDataSource$CreateConnectionThread.run(DruidDataSource.java:2838)
2024-11-11 22:36:25,577 ERROR [Druid-ConnectionPool-Create-1018618094][DruidDataSource.java:2840] - create connection SQLException, url: jdbc:mysql://192.168.101.65:3306/xc402_content148?serverTimezone=UTC&userUnicode=true&useSSL=false&, errorCode 1049, state 42000
java.sql.SQLSyntaxErrorException: Unknown database 'xc402_content148'
	at com.mysql.cj.jdbc.exceptions.SQLError.createSQLException(SQLError.java:120)
	at com.mysql.cj.jdbc.exceptions.SQLExceptionsMapping.translateException(SQLExceptionsMapping.java:122)
	at com.mysql.cj.jdbc.ConnectionImpl.createNewIO(ConnectionImpl.java:828)
	at com.mysql.cj.jdbc.ConnectionImpl.<init>(ConnectionImpl.java:448)
	at com.mysql.cj.jdbc.ConnectionImpl.getInstance(ConnectionImpl.java:241)
	at com.mysql.cj.jdbc.NonRegisteringDriver.connect(NonRegisteringDriver.java:198)
	at com.alibaba.druid.pool.DruidAbstractDataSource.createPhysicalConnection(DruidAbstractDataSource.java:1657)
	at com.alibaba.druid.pool.DruidAbstractDataSource.createPhysicalConnection(DruidAbstractDataSource.java:1723)
	at com.alibaba.druid.pool.DruidDataSource$CreateConnectionThread.run(DruidDataSource.java:2838)
2024-11-11 22:36:26,093 ERROR [Druid-ConnectionPool-Create-1018618094][DruidDataSource.java:2840] - create connection SQLException, url: jdbc:mysql://192.168.101.65:3306/xc402_content148?serverTimezone=UTC&userUnicode=true&useSSL=false&, errorCode 1049, state 42000
java.sql.SQLSyntaxErrorException: Unknown database 'xc402_content148'
	at com.mysql.cj.jdbc.exceptions.SQLError.createSQLException(SQLError.java:120)
	at com.mysql.cj.jdbc.exceptions.SQLExceptionsMapping.translateException(SQLExceptionsMapping.java:122)
	at com.mysql.cj.jdbc.ConnectionImpl.createNewIO(ConnectionImpl.java:828)
	at com.mysql.cj.jdbc.ConnectionImpl.<init>(ConnectionImpl.java:448)
	at com.mysql.cj.jdbc.ConnectionImpl.getInstance(ConnectionImpl.java:241)
	at com.mysql.cj.jdbc.NonRegisteringDriver.connect(NonRegisteringDriver.java:198)
	at com.alibaba.druid.pool.DruidAbstractDataSource.createPhysicalConnection(DruidAbstractDataSource.java:1657)
	at com.alibaba.druid.pool.DruidAbstractDataSource.createPhysicalConnection(DruidAbstractDataSource.java:1723)
	at com.alibaba.druid.pool.DruidDataSource$CreateConnectionThread.run(DruidDataSource.java:2838)
2024-11-11 22:36:26,606 ERROR [Druid-ConnectionPool-Create-1018618094][DruidDataSource.java:2840] - create connection SQLException, url: jdbc:mysql://192.168.101.65:3306/xc402_content148?serverTimezone=UTC&userUnicode=true&useSSL=false&, errorCode 1049, state 42000
java.sql.SQLSyntaxErrorException: Unknown database 'xc402_content148'
	at com.mysql.cj.jdbc.exceptions.SQLError.createSQLException(SQLError.java:120)
	at com.mysql.cj.jdbc.exceptions.SQLExceptionsMapping.translateException(SQLExceptionsMapping.java:122)
	at com.mysql.cj.jdbc.ConnectionImpl.createNewIO(ConnectionImpl.java:828)
	at com.mysql.cj.jdbc.ConnectionImpl.<init>(ConnectionImpl.java:448)
	at com.mysql.cj.jdbc.ConnectionImpl.getInstance(ConnectionImpl.java:241)
	at com.mysql.cj.jdbc.NonRegisteringDriver.connect(NonRegisteringDriver.java:198)
	at com.alibaba.druid.pool.DruidAbstractDataSource.createPhysicalConnection(DruidAbstractDataSource.java:1657)
	at com.alibaba.druid.pool.DruidAbstractDataSource.createPhysicalConnection(DruidAbstractDataSource.java:1723)
	at com.alibaba.druid.pool.DruidDataSource$CreateConnectionThread.run(DruidDataSource.java:2838)
2024-11-11 22:36:27,123 ERROR [Druid-ConnectionPool-Create-1018618094][DruidDataSource.java:2840] - create connection SQLException, url: jdbc:mysql://192.168.101.65:3306/xc402_content148?serverTimezone=UTC&userUnicode=true&useSSL=false&, errorCode 1049, state 42000
java.sql.SQLSyntaxErrorException: Unknown database 'xc402_content148'
	at com.mysql.cj.jdbc.exceptions.SQLError.createSQLException(SQLError.java:120)
	at com.mysql.cj.jdbc.exceptions.SQLExceptionsMapping.translateException(SQLExceptionsMapping.java:122)
	at com.mysql.cj.jdbc.ConnectionImpl.createNewIO(ConnectionImpl.java:828)
	at com.mysql.cj.jdbc.ConnectionImpl.<init>(ConnectionImpl.java:448)
	at com.mysql.cj.jdbc.ConnectionImpl.getInstance(ConnectionImpl.java:241)
	at com.mysql.cj.jdbc.NonRegisteringDriver.connect(NonRegisteringDriver.java:198)
	at com.alibaba.druid.pool.DruidAbstractDataSource.createPhysicalConnection(DruidAbstractDataSource.java:1657)
	at com.alibaba.druid.pool.DruidAbstractDataSource.createPhysicalConnection(DruidAbstractDataSource.java:1723)
	at com.alibaba.druid.pool.DruidDataSource$CreateConnectionThread.run(DruidDataSource.java:2838)
2024-11-11 22:36:27,645 ERROR [Druid-ConnectionPool-Create-1018618094][DruidDataSource.java:2840] - create connection SQLException, url: jdbc:mysql://192.168.101.65:3306/xc402_content148?serverTimezone=UTC&userUnicode=true&useSSL=false&, errorCode 1049, state 42000
java.sql.SQLSyntaxErrorException: Unknown database 'xc402_content148'
	at com.mysql.cj.jdbc.exceptions.SQLError.createSQLException(SQLError.java:120)
	at com.mysql.cj.jdbc.exceptions.SQLExceptionsMapping.translateException(SQLExceptionsMapping.java:122)
	at com.mysql.cj.jdbc.ConnectionImpl.createNewIO(ConnectionImpl.java:828)
	at com.mysql.cj.jdbc.ConnectionImpl.<init>(ConnectionImpl.java:448)
	at com.mysql.cj.jdbc.ConnectionImpl.getInstance(ConnectionImpl.java:241)
	at com.mysql.cj.jdbc.NonRegisteringDriver.connect(NonRegisteringDriver.java:198)
	at com.alibaba.druid.pool.DruidAbstractDataSource.createPhysicalConnection(DruidAbstractDataSource.java:1657)
	at com.alibaba.druid.pool.DruidAbstractDataSource.createPhysicalConnection(DruidAbstractDataSource.java:1723)
	at com.alibaba.druid.pool.DruidDataSource$CreateConnectionThread.run(DruidDataSource.java:2838)
2024-11-11 22:36:28,169 ERROR [Druid-ConnectionPool-Create-1018618094][DruidDataSource.java:2840] - create connection SQLException, url: jdbc:mysql://192.168.101.65:3306/xc402_content148?serverTimezone=UTC&userUnicode=true&useSSL=false&, errorCode 1049, state 42000
java.sql.SQLSyntaxErrorException: Unknown database 'xc402_content148'
	at com.mysql.cj.jdbc.exceptions.SQLError.createSQLException(SQLError.java:120)
	at com.mysql.cj.jdbc.exceptions.SQLExceptionsMapping.translateException(SQLExceptionsMapping.java:122)
	at com.mysql.cj.jdbc.ConnectionImpl.createNewIO(ConnectionImpl.java:828)
	at com.mysql.cj.jdbc.ConnectionImpl.<init>(ConnectionImpl.java:448)
	at com.mysql.cj.jdbc.ConnectionImpl.getInstance(ConnectionImpl.java:241)
	at com.mysql.cj.jdbc.NonRegisteringDriver.connect(NonRegisteringDriver.java:198)
	at com.alibaba.druid.pool.DruidAbstractDataSource.createPhysicalConnection(DruidAbstractDataSource.java:1657)
	at com.alibaba.druid.pool.DruidAbstractDataSource.createPhysicalConnection(DruidAbstractDataSource.java:1723)
	at com.alibaba.druid.pool.DruidDataSource$CreateConnectionThread.run(DruidDataSource.java:2838)
2024-11-11 22:36:28,681 ERROR [Druid-ConnectionPool-Create-1018618094][DruidDataSource.java:2840] - create connection SQLException, url: jdbc:mysql://192.168.101.65:3306/xc402_content148?serverTimezone=UTC&userUnicode=true&useSSL=false&, errorCode 1049, state 42000
java.sql.SQLSyntaxErrorException: Unknown database 'xc402_content148'
	at com.mysql.cj.jdbc.exceptions.SQLError.createSQLException(SQLError.java:120)
	at com.mysql.cj.jdbc.exceptions.SQLExceptionsMapping.translateException(SQLExceptionsMapping.java:122)
	at com.mysql.cj.jdbc.ConnectionImpl.createNewIO(ConnectionImpl.java:828)
	at com.mysql.cj.jdbc.ConnectionImpl.<init>(ConnectionImpl.java:448)
	at com.mysql.cj.jdbc.ConnectionImpl.getInstance(ConnectionImpl.java:241)
	at com.mysql.cj.jdbc.NonRegisteringDriver.connect(NonRegisteringDriver.java:198)
	at com.alibaba.druid.pool.DruidAbstractDataSource.createPhysicalConnection(DruidAbstractDataSource.java:1657)
	at com.alibaba.druid.pool.DruidAbstractDataSource.createPhysicalConnection(DruidAbstractDataSource.java:1723)
	at com.alibaba.druid.pool.DruidDataSource$CreateConnectionThread.run(DruidDataSource.java:2838)
2024-11-11 22:36:29,190 ERROR [Druid-ConnectionPool-Create-1018618094][DruidDataSource.java:2840] - create connection SQLException, url: jdbc:mysql://192.168.101.65:3306/xc402_content148?serverTimezone=UTC&userUnicode=true&useSSL=false&, errorCode 1049, state 42000
java.sql.SQLSyntaxErrorException: Unknown database 'xc402_content148'
	at com.mysql.cj.jdbc.exceptions.SQLError.createSQLException(SQLError.java:120)
	at com.mysql.cj.jdbc.exceptions.SQLExceptionsMapping.translateException(SQLExceptionsMapping.java:122)
	at com.mysql.cj.jdbc.ConnectionImpl.createNewIO(ConnectionImpl.java:828)
	at com.mysql.cj.jdbc.ConnectionImpl.<init>(ConnectionImpl.java:448)
	at com.mysql.cj.jdbc.ConnectionImpl.getInstance(ConnectionImpl.java:241)
	at com.mysql.cj.jdbc.NonRegisteringDriver.connect(NonRegisteringDriver.java:198)
	at com.alibaba.druid.pool.DruidAbstractDataSource.createPhysicalConnection(DruidAbstractDataSource.java:1657)
	at com.alibaba.druid.pool.DruidAbstractDataSource.createPhysicalConnection(DruidAbstractDataSource.java:1723)
	at com.alibaba.druid.pool.DruidDataSource$CreateConnectionThread.run(DruidDataSource.java:2838)
2024-11-11 22:36:29,703 ERROR [Druid-ConnectionPool-Create-1018618094][DruidDataSource.java:2840] - create connection SQLException, url: jdbc:mysql://192.168.101.65:3306/xc402_content148?serverTimezone=UTC&userUnicode=true&useSSL=false&, errorCode 1049, state 42000
java.sql.SQLSyntaxErrorException: Unknown database 'xc402_content148'
	at com.mysql.cj.jdbc.exceptions.SQLError.createSQLException(SQLError.java:120)
	at com.mysql.cj.jdbc.exceptions.SQLExceptionsMapping.translateException(SQLExceptionsMapping.java:122)
	at com.mysql.cj.jdbc.ConnectionImpl.createNewIO(ConnectionImpl.java:828)
	at com.mysql.cj.jdbc.ConnectionImpl.<init>(ConnectionImpl.java:448)
	at com.mysql.cj.jdbc.ConnectionImpl.getInstance(ConnectionImpl.java:241)
	at com.mysql.cj.jdbc.NonRegisteringDriver.connect(NonRegisteringDriver.java:198)
	at com.alibaba.druid.pool.DruidAbstractDataSource.createPhysicalConnection(DruidAbstractDataSource.java:1657)
	at com.alibaba.druid.pool.DruidAbstractDataSource.createPhysicalConnection(DruidAbstractDataSource.java:1723)
	at com.alibaba.druid.pool.DruidDataSource$CreateConnectionThread.run(DruidDataSource.java:2838)
2024-11-11 22:36:30,223 ERROR [Druid-ConnectionPool-Create-1018618094][DruidDataSource.java:2840] - create connection SQLException, url: jdbc:mysql://192.168.101.65:3306/xc402_content148?serverTimezone=UTC&userUnicode=true&useSSL=false&, errorCode 1049, state 42000
java.sql.SQLSyntaxErrorException: Unknown database 'xc402_content148'
	at com.mysql.cj.jdbc.exceptions.SQLError.createSQLException(SQLError.java:120)
	at com.mysql.cj.jdbc.exceptions.SQLExceptionsMapping.translateException(SQLExceptionsMapping.java:122)
	at com.mysql.cj.jdbc.ConnectionImpl.createNewIO(ConnectionImpl.java:828)
	at com.mysql.cj.jdbc.ConnectionImpl.<init>(ConnectionImpl.java:448)
	at com.mysql.cj.jdbc.ConnectionImpl.getInstance(ConnectionImpl.java:241)
	at com.mysql.cj.jdbc.NonRegisteringDriver.connect(NonRegisteringDriver.java:198)
	at com.alibaba.druid.pool.DruidAbstractDataSource.createPhysicalConnection(DruidAbstractDataSource.java:1657)
	at com.alibaba.druid.pool.DruidAbstractDataSource.createPhysicalConnection(DruidAbstractDataSource.java:1723)
	at com.alibaba.druid.pool.DruidDataSource$CreateConnectionThread.run(DruidDataSource.java:2838)
2024-11-11 22:36:30,746 ERROR [Druid-ConnectionPool-Create-1018618094][DruidDataSource.java:2840] - create connection SQLException, url: jdbc:mysql://192.168.101.65:3306/xc402_content148?serverTimezone=UTC&userUnicode=true&useSSL=false&, errorCode 1049, state 42000
java.sql.SQLSyntaxErrorException: Unknown database 'xc402_content148'
	at com.mysql.cj.jdbc.exceptions.SQLError.createSQLException(SQLError.java:120)
	at com.mysql.cj.jdbc.exceptions.SQLExceptionsMapping.translateException(SQLExceptionsMapping.java:122)
	at com.mysql.cj.jdbc.ConnectionImpl.createNewIO(ConnectionImpl.java:828)
	at com.mysql.cj.jdbc.ConnectionImpl.<init>(ConnectionImpl.java:448)
	at com.mysql.cj.jdbc.ConnectionImpl.getInstance(ConnectionImpl.java:241)
	at com.mysql.cj.jdbc.NonRegisteringDriver.connect(NonRegisteringDriver.java:198)
	at com.alibaba.druid.pool.DruidAbstractDataSource.createPhysicalConnection(DruidAbstractDataSource.java:1657)
	at com.alibaba.druid.pool.DruidAbstractDataSource.createPhysicalConnection(DruidAbstractDataSource.java:1723)
	at com.alibaba.druid.pool.DruidDataSource$CreateConnectionThread.run(DruidDataSource.java:2838)
2024-11-11 22:36:31,273 ERROR [Druid-ConnectionPool-Create-1018618094][DruidDataSource.java:2840] - create connection SQLException, url: jdbc:mysql://192.168.101.65:3306/xc402_content148?serverTimezone=UTC&userUnicode=true&useSSL=false&, errorCode 1049, state 42000
java.sql.SQLSyntaxErrorException: Unknown database 'xc402_content148'
	at com.mysql.cj.jdbc.exceptions.SQLError.createSQLException(SQLError.java:120)
	at com.mysql.cj.jdbc.exceptions.SQLExceptionsMapping.translateException(SQLExceptionsMapping.java:122)
	at com.mysql.cj.jdbc.ConnectionImpl.createNewIO(ConnectionImpl.java:828)
	at com.mysql.cj.jdbc.ConnectionImpl.<init>(ConnectionImpl.java:448)
	at com.mysql.cj.jdbc.ConnectionImpl.getInstance(ConnectionImpl.java:241)
	at com.mysql.cj.jdbc.NonRegisteringDriver.connect(NonRegisteringDriver.java:198)
	at com.alibaba.druid.pool.DruidAbstractDataSource.createPhysicalConnection(DruidAbstractDataSource.java:1657)
	at com.alibaba.druid.pool.DruidAbstractDataSource.createPhysicalConnection(DruidAbstractDataSource.java:1723)
	at com.alibaba.druid.pool.DruidDataSource$CreateConnectionThread.run(DruidDataSource.java:2838)
2024-11-11 22:36:31,799 ERROR [Druid-ConnectionPool-Create-1018618094][DruidDataSource.java:2840] - create connection SQLException, url: jdbc:mysql://192.168.101.65:3306/xc402_content148?serverTimezone=UTC&userUnicode=true&useSSL=false&, errorCode 1049, state 42000
java.sql.SQLSyntaxErrorException: Unknown database 'xc402_content148'
	at com.mysql.cj.jdbc.exceptions.SQLError.createSQLException(SQLError.java:120)
	at com.mysql.cj.jdbc.exceptions.SQLExceptionsMapping.translateException(SQLExceptionsMapping.java:122)
	at com.mysql.cj.jdbc.ConnectionImpl.createNewIO(ConnectionImpl.java:828)
	at com.mysql.cj.jdbc.ConnectionImpl.<init>(ConnectionImpl.java:448)
	at com.mysql.cj.jdbc.ConnectionImpl.getInstance(ConnectionImpl.java:241)
	at com.mysql.cj.jdbc.NonRegisteringDriver.connect(NonRegisteringDriver.java:198)
	at com.alibaba.druid.pool.DruidAbstractDataSource.createPhysicalConnection(DruidAbstractDataSource.java:1657)
	at com.alibaba.druid.pool.DruidAbstractDataSource.createPhysicalConnection(DruidAbstractDataSource.java:1723)
	at com.alibaba.druid.pool.DruidDataSource$CreateConnectionThread.run(DruidDataSource.java:2838)
2024-11-11 22:36:32,328 ERROR [Druid-ConnectionPool-Create-1018618094][DruidDataSource.java:2840] - create connection SQLException, url: jdbc:mysql://192.168.101.65:3306/xc402_content148?serverTimezone=UTC&userUnicode=true&useSSL=false&, errorCode 1049, state 42000
java.sql.SQLSyntaxErrorException: Unknown database 'xc402_content148'
	at com.mysql.cj.jdbc.exceptions.SQLError.createSQLException(SQLError.java:120)
	at com.mysql.cj.jdbc.exceptions.SQLExceptionsMapping.translateException(SQLExceptionsMapping.java:122)
	at com.mysql.cj.jdbc.ConnectionImpl.createNewIO(ConnectionImpl.java:828)
	at com.mysql.cj.jdbc.ConnectionImpl.<init>(ConnectionImpl.java:448)
	at com.mysql.cj.jdbc.ConnectionImpl.getInstance(ConnectionImpl.java:241)
	at com.mysql.cj.jdbc.NonRegisteringDriver.connect(NonRegisteringDriver.java:198)
	at com.alibaba.druid.pool.DruidAbstractDataSource.createPhysicalConnection(DruidAbstractDataSource.java:1657)
	at com.alibaba.druid.pool.DruidAbstractDataSource.createPhysicalConnection(DruidAbstractDataSource.java:1723)
	at com.alibaba.druid.pool.DruidDataSource$CreateConnectionThread.run(DruidDataSource.java:2838)
2024-11-11 22:36:32,855 ERROR [Druid-ConnectionPool-Create-1018618094][DruidDataSource.java:2840] - create connection SQLException, url: jdbc:mysql://192.168.101.65:3306/xc402_content148?serverTimezone=UTC&userUnicode=true&useSSL=false&, errorCode 1049, state 42000
java.sql.SQLSyntaxErrorException: Unknown database 'xc402_content148'
	at com.mysql.cj.jdbc.exceptions.SQLError.createSQLException(SQLError.java:120)
	at com.mysql.cj.jdbc.exceptions.SQLExceptionsMapping.translateException(SQLExceptionsMapping.java:122)
	at com.mysql.cj.jdbc.ConnectionImpl.createNewIO(ConnectionImpl.java:828)
	at com.mysql.cj.jdbc.ConnectionImpl.<init>(ConnectionImpl.java:448)
	at com.mysql.cj.jdbc.ConnectionImpl.getInstance(ConnectionImpl.java:241)
	at com.mysql.cj.jdbc.NonRegisteringDriver.connect(NonRegisteringDriver.java:198)
	at com.alibaba.druid.pool.DruidAbstractDataSource.createPhysicalConnection(DruidAbstractDataSource.java:1657)
	at com.alibaba.druid.pool.DruidAbstractDataSource.createPhysicalConnection(DruidAbstractDataSource.java:1723)
	at com.alibaba.druid.pool.DruidDataSource$CreateConnectionThread.run(DruidDataSource.java:2838)
2024-11-11 22:36:33,366 ERROR [Druid-ConnectionPool-Create-1018618094][DruidDataSource.java:2840] - create connection SQLException, url: jdbc:mysql://192.168.101.65:3306/xc402_content148?serverTimezone=UTC&userUnicode=true&useSSL=false&, errorCode 1049, state 42000
java.sql.SQLSyntaxErrorException: Unknown database 'xc402_content148'
	at com.mysql.cj.jdbc.exceptions.SQLError.createSQLException(SQLError.java:120)
	at com.mysql.cj.jdbc.exceptions.SQLExceptionsMapping.translateException(SQLExceptionsMapping.java:122)
	at com.mysql.cj.jdbc.ConnectionImpl.createNewIO(ConnectionImpl.java:828)
	at com.mysql.cj.jdbc.ConnectionImpl.<init>(ConnectionImpl.java:448)
	at com.mysql.cj.jdbc.ConnectionImpl.getInstance(ConnectionImpl.java:241)
	at com.mysql.cj.jdbc.NonRegisteringDriver.connect(NonRegisteringDriver.java:198)
	at com.alibaba.druid.pool.DruidAbstractDataSource.createPhysicalConnection(DruidAbstractDataSource.java:1657)
	at com.alibaba.druid.pool.DruidAbstractDataSource.createPhysicalConnection(DruidAbstractDataSource.java:1723)
	at com.alibaba.druid.pool.DruidDataSource$CreateConnectionThread.run(DruidDataSource.java:2838)
2024-11-11 22:36:33,881 ERROR [Druid-ConnectionPool-Create-1018618094][DruidDataSource.java:2840] - create connection SQLException, url: jdbc:mysql://192.168.101.65:3306/xc402_content148?serverTimezone=UTC&userUnicode=true&useSSL=false&, errorCode 1049, state 42000
java.sql.SQLSyntaxErrorException: Unknown database 'xc402_content148'
	at com.mysql.cj.jdbc.exceptions.SQLError.createSQLException(SQLError.java:120)
	at com.mysql.cj.jdbc.exceptions.SQLExceptionsMapping.translateException(SQLExceptionsMapping.java:122)
	at com.mysql.cj.jdbc.ConnectionImpl.createNewIO(ConnectionImpl.java:828)
	at com.mysql.cj.jdbc.ConnectionImpl.<init>(ConnectionImpl.java:448)
	at com.mysql.cj.jdbc.ConnectionImpl.getInstance(ConnectionImpl.java:241)
	at com.mysql.cj.jdbc.NonRegisteringDriver.connect(NonRegisteringDriver.java:198)
	at com.alibaba.druid.pool.DruidAbstractDataSource.createPhysicalConnection(DruidAbstractDataSource.java:1657)
	at com.alibaba.druid.pool.DruidAbstractDataSource.createPhysicalConnection(DruidAbstractDataSource.java:1723)
	at com.alibaba.druid.pool.DruidDataSource$CreateConnectionThread.run(DruidDataSource.java:2838)
2024-11-11 22:36:34,395 ERROR [Druid-ConnectionPool-Create-1018618094][DruidDataSource.java:2840] - create connection SQLException, url: jdbc:mysql://192.168.101.65:3306/xc402_content148?serverTimezone=UTC&userUnicode=true&useSSL=false&, errorCode 1049, state 42000
java.sql.SQLSyntaxErrorException: Unknown database 'xc402_content148'
	at com.mysql.cj.jdbc.exceptions.SQLError.createSQLException(SQLError.java:120)
	at com.mysql.cj.jdbc.exceptions.SQLExceptionsMapping.translateException(SQLExceptionsMapping.java:122)
	at com.mysql.cj.jdbc.ConnectionImpl.createNewIO(ConnectionImpl.java:828)
	at com.mysql.cj.jdbc.ConnectionImpl.<init>(ConnectionImpl.java:448)
	at com.mysql.cj.jdbc.ConnectionImpl.getInstance(ConnectionImpl.java:241)
	at com.mysql.cj.jdbc.NonRegisteringDriver.connect(NonRegisteringDriver.java:198)
	at com.alibaba.druid.pool.DruidAbstractDataSource.createPhysicalConnection(DruidAbstractDataSource.java:1657)
	at com.alibaba.druid.pool.DruidAbstractDataSource.createPhysicalConnection(DruidAbstractDataSource.java:1723)
	at com.alibaba.druid.pool.DruidDataSource$CreateConnectionThread.run(DruidDataSource.java:2838)
2024-11-11 22:36:34,905 ERROR [Druid-ConnectionPool-Create-1018618094][DruidDataSource.java:2840] - create connection SQLException, url: jdbc:mysql://192.168.101.65:3306/xc402_content148?serverTimezone=UTC&userUnicode=true&useSSL=false&, errorCode 1049, state 42000
java.sql.SQLSyntaxErrorException: Unknown database 'xc402_content148'
	at com.mysql.cj.jdbc.exceptions.SQLError.createSQLException(SQLError.java:120)
	at com.mysql.cj.jdbc.exceptions.SQLExceptionsMapping.translateException(SQLExceptionsMapping.java:122)
	at com.mysql.cj.jdbc.ConnectionImpl.createNewIO(ConnectionImpl.java:828)
	at com.mysql.cj.jdbc.ConnectionImpl.<init>(ConnectionImpl.java:448)
	at com.mysql.cj.jdbc.ConnectionImpl.getInstance(ConnectionImpl.java:241)
	at com.mysql.cj.jdbc.NonRegisteringDriver.connect(NonRegisteringDriver.java:198)
	at com.alibaba.druid.pool.DruidAbstractDataSource.createPhysicalConnection(DruidAbstractDataSource.java:1657)
	at com.alibaba.druid.pool.DruidAbstractDataSource.createPhysicalConnection(DruidAbstractDataSource.java:1723)
	at com.alibaba.druid.pool.DruidDataSource$CreateConnectionThread.run(DruidDataSource.java:2838)
2024-11-11 22:36:35,430 ERROR [Druid-ConnectionPool-Create-1018618094][DruidDataSource.java:2840] - create connection SQLException, url: jdbc:mysql://192.168.101.65:3306/xc402_content148?serverTimezone=UTC&userUnicode=true&useSSL=false&, errorCode 1049, state 42000
java.sql.SQLSyntaxErrorException: Unknown database 'xc402_content148'
	at com.mysql.cj.jdbc.exceptions.SQLError.createSQLException(SQLError.java:120)
	at com.mysql.cj.jdbc.exceptions.SQLExceptionsMapping.translateException(SQLExceptionsMapping.java:122)
	at com.mysql.cj.jdbc.ConnectionImpl.createNewIO(ConnectionImpl.java:828)
	at com.mysql.cj.jdbc.ConnectionImpl.<init>(ConnectionImpl.java:448)
	at com.mysql.cj.jdbc.ConnectionImpl.getInstance(ConnectionImpl.java:241)
	at com.mysql.cj.jdbc.NonRegisteringDriver.connect(NonRegisteringDriver.java:198)
	at com.alibaba.druid.pool.DruidAbstractDataSource.createPhysicalConnection(DruidAbstractDataSource.java:1657)
	at com.alibaba.druid.pool.DruidAbstractDataSource.createPhysicalConnection(DruidAbstractDataSource.java:1723)
	at com.alibaba.druid.pool.DruidDataSource$CreateConnectionThread.run(DruidDataSource.java:2838)
2024-11-11 22:36:35,941 ERROR [Druid-ConnectionPool-Create-1018618094][DruidDataSource.java:2840] - create connection SQLException, url: jdbc:mysql://192.168.101.65:3306/xc402_content148?serverTimezone=UTC&userUnicode=true&useSSL=false&, errorCode 1049, state 42000
java.sql.SQLSyntaxErrorException: Unknown database 'xc402_content148'
	at com.mysql.cj.jdbc.exceptions.SQLError.createSQLException(SQLError.java:120)
	at com.mysql.cj.jdbc.exceptions.SQLExceptionsMapping.translateException(SQLExceptionsMapping.java:122)
	at com.mysql.cj.jdbc.ConnectionImpl.createNewIO(ConnectionImpl.java:828)
	at com.mysql.cj.jdbc.ConnectionImpl.<init>(ConnectionImpl.java:448)
	at com.mysql.cj.jdbc.ConnectionImpl.getInstance(ConnectionImpl.java:241)
	at com.mysql.cj.jdbc.NonRegisteringDriver.connect(NonRegisteringDriver.java:198)
	at com.alibaba.druid.pool.DruidAbstractDataSource.createPhysicalConnection(DruidAbstractDataSource.java:1657)
	at com.alibaba.druid.pool.DruidAbstractDataSource.createPhysicalConnection(DruidAbstractDataSource.java:1723)
	at com.alibaba.druid.pool.DruidDataSource$CreateConnectionThread.run(DruidDataSource.java:2838)
2024-11-11 22:36:36,458 ERROR [Druid-ConnectionPool-Create-1018618094][DruidDataSource.java:2840] - create connection SQLException, url: jdbc:mysql://192.168.101.65:3306/xc402_content148?serverTimezone=UTC&userUnicode=true&useSSL=false&, errorCode 1049, state 42000
java.sql.SQLSyntaxErrorException: Unknown database 'xc402_content148'
	at com.mysql.cj.jdbc.exceptions.SQLError.createSQLException(SQLError.java:120)
	at com.mysql.cj.jdbc.exceptions.SQLExceptionsMapping.translateException(SQLExceptionsMapping.java:122)
	at com.mysql.cj.jdbc.ConnectionImpl.createNewIO(ConnectionImpl.java:828)
	at com.mysql.cj.jdbc.ConnectionImpl.<init>(ConnectionImpl.java:448)
	at com.mysql.cj.jdbc.ConnectionImpl.getInstance(ConnectionImpl.java:241)
	at com.mysql.cj.jdbc.NonRegisteringDriver.connect(NonRegisteringDriver.java:198)
	at com.alibaba.druid.pool.DruidAbstractDataSource.createPhysicalConnection(DruidAbstractDataSource.java:1657)
	at com.alibaba.druid.pool.DruidAbstractDataSource.createPhysicalConnection(DruidAbstractDataSource.java:1723)
	at com.alibaba.druid.pool.DruidDataSource$CreateConnectionThread.run(DruidDataSource.java:2838)
2024-11-11 22:36:36,966 ERROR [Druid-ConnectionPool-Create-1018618094][DruidDataSource.java:2840] - create connection SQLException, url: jdbc:mysql://192.168.101.65:3306/xc402_content148?serverTimezone=UTC&userUnicode=true&useSSL=false&, errorCode 1049, state 42000
java.sql.SQLSyntaxErrorException: Unknown database 'xc402_content148'
	at com.mysql.cj.jdbc.exceptions.SQLError.createSQLException(SQLError.java:120)
	at com.mysql.cj.jdbc.exceptions.SQLExceptionsMapping.translateException(SQLExceptionsMapping.java:122)
	at com.mysql.cj.jdbc.ConnectionImpl.createNewIO(ConnectionImpl.java:828)
	at com.mysql.cj.jdbc.ConnectionImpl.<init>(ConnectionImpl.java:448)
	at com.mysql.cj.jdbc.ConnectionImpl.getInstance(ConnectionImpl.java:241)
	at com.mysql.cj.jdbc.NonRegisteringDriver.connect(NonRegisteringDriver.java:198)
	at com.alibaba.druid.pool.DruidAbstractDataSource.createPhysicalConnection(DruidAbstractDataSource.java:1657)
	at com.alibaba.druid.pool.DruidAbstractDataSource.createPhysicalConnection(DruidAbstractDataSource.java:1723)
	at com.alibaba.druid.pool.DruidDataSource$CreateConnectionThread.run(DruidDataSource.java:2838)
2024-11-11 22:36:37,481 ERROR [Druid-ConnectionPool-Create-1018618094][DruidDataSource.java:2840] - create connection SQLException, url: jdbc:mysql://192.168.101.65:3306/xc402_content148?serverTimezone=UTC&userUnicode=true&useSSL=false&, errorCode 1049, state 42000
java.sql.SQLSyntaxErrorException: Unknown database 'xc402_content148'
	at com.mysql.cj.jdbc.exceptions.SQLError.createSQLException(SQLError.java:120)
	at com.mysql.cj.jdbc.exceptions.SQLExceptionsMapping.translateException(SQLExceptionsMapping.java:122)
	at com.mysql.cj.jdbc.ConnectionImpl.createNewIO(ConnectionImpl.java:828)
	at com.mysql.cj.jdbc.ConnectionImpl.<init>(ConnectionImpl.java:448)
	at com.mysql.cj.jdbc.ConnectionImpl.getInstance(ConnectionImpl.java:241)
	at com.mysql.cj.jdbc.NonRegisteringDriver.connect(NonRegisteringDriver.java:198)
	at com.alibaba.druid.pool.DruidAbstractDataSource.createPhysicalConnection(DruidAbstractDataSource.java:1657)
	at com.alibaba.druid.pool.DruidAbstractDataSource.createPhysicalConnection(DruidAbstractDataSource.java:1723)
	at com.alibaba.druid.pool.DruidDataSource$CreateConnectionThread.run(DruidDataSource.java:2838)
2024-11-11 22:36:37,997 ERROR [Druid-ConnectionPool-Create-1018618094][DruidDataSource.java:2840] - create connection SQLException, url: jdbc:mysql://192.168.101.65:3306/xc402_content148?serverTimezone=UTC&userUnicode=true&useSSL=false&, errorCode 1049, state 42000
java.sql.SQLSyntaxErrorException: Unknown database 'xc402_content148'
	at com.mysql.cj.jdbc.exceptions.SQLError.createSQLException(SQLError.java:120)
	at com.mysql.cj.jdbc.exceptions.SQLExceptionsMapping.translateException(SQLExceptionsMapping.java:122)
	at com.mysql.cj.jdbc.ConnectionImpl.createNewIO(ConnectionImpl.java:828)
	at com.mysql.cj.jdbc.ConnectionImpl.<init>(ConnectionImpl.java:448)
	at com.mysql.cj.jdbc.ConnectionImpl.getInstance(ConnectionImpl.java:241)
	at com.mysql.cj.jdbc.NonRegisteringDriver.connect(NonRegisteringDriver.java:198)
	at com.alibaba.druid.pool.DruidAbstractDataSource.createPhysicalConnection(DruidAbstractDataSource.java:1657)
	at com.alibaba.druid.pool.DruidAbstractDataSource.createPhysicalConnection(DruidAbstractDataSource.java:1723)
	at com.alibaba.druid.pool.DruidDataSource$CreateConnectionThread.run(DruidDataSource.java:2838)
2024-11-11 22:36:38,521 ERROR [Druid-ConnectionPool-Create-1018618094][DruidDataSource.java:2840] - create connection SQLException, url: jdbc:mysql://192.168.101.65:3306/xc402_content148?serverTimezone=UTC&userUnicode=true&useSSL=false&, errorCode 1049, state 42000
java.sql.SQLSyntaxErrorException: Unknown database 'xc402_content148'
	at com.mysql.cj.jdbc.exceptions.SQLError.createSQLException(SQLError.java:120)
	at com.mysql.cj.jdbc.exceptions.SQLExceptionsMapping.translateException(SQLExceptionsMapping.java:122)
	at com.mysql.cj.jdbc.ConnectionImpl.createNewIO(ConnectionImpl.java:828)
	at com.mysql.cj.jdbc.ConnectionImpl.<init>(ConnectionImpl.java:448)
	at com.mysql.cj.jdbc.ConnectionImpl.getInstance(ConnectionImpl.java:241)
	at com.mysql.cj.jdbc.NonRegisteringDriver.connect(NonRegisteringDriver.java:198)
	at com.alibaba.druid.pool.DruidAbstractDataSource.createPhysicalConnection(DruidAbstractDataSource.java:1657)
	at com.alibaba.druid.pool.DruidAbstractDataSource.createPhysicalConnection(DruidAbstractDataSource.java:1723)
	at com.alibaba.druid.pool.DruidDataSource$CreateConnectionThread.run(DruidDataSource.java:2838)
2024-11-11 22:36:39,042 ERROR [Druid-ConnectionPool-Create-1018618094][DruidDataSource.java:2840] - create connection SQLException, url: jdbc:mysql://192.168.101.65:3306/xc402_content148?serverTimezone=UTC&userUnicode=true&useSSL=false&, errorCode 1049, state 42000
java.sql.SQLSyntaxErrorException: Unknown database 'xc402_content148'
	at com.mysql.cj.jdbc.exceptions.SQLError.createSQLException(SQLError.java:120)
	at com.mysql.cj.jdbc.exceptions.SQLExceptionsMapping.translateException(SQLExceptionsMapping.java:122)
	at com.mysql.cj.jdbc.ConnectionImpl.createNewIO(ConnectionImpl.java:828)
	at com.mysql.cj.jdbc.ConnectionImpl.<init>(ConnectionImpl.java:448)
	at com.mysql.cj.jdbc.ConnectionImpl.getInstance(ConnectionImpl.java:241)
	at com.mysql.cj.jdbc.NonRegisteringDriver.connect(NonRegisteringDriver.java:198)
	at com.alibaba.druid.pool.DruidAbstractDataSource.createPhysicalConnection(DruidAbstractDataSource.java:1657)
	at com.alibaba.druid.pool.DruidAbstractDataSource.createPhysicalConnection(DruidAbstractDataSource.java:1723)
	at com.alibaba.druid.pool.DruidDataSource$CreateConnectionThread.run(DruidDataSource.java:2838)
2024-11-11 22:36:39,563 ERROR [Druid-ConnectionPool-Create-1018618094][DruidDataSource.java:2840] - create connection SQLException, url: jdbc:mysql://192.168.101.65:3306/xc402_content148?serverTimezone=UTC&userUnicode=true&useSSL=false&, errorCode 1049, state 42000
java.sql.SQLSyntaxErrorException: Unknown database 'xc402_content148'
	at com.mysql.cj.jdbc.exceptions.SQLError.createSQLException(SQLError.java:120)
	at com.mysql.cj.jdbc.exceptions.SQLExceptionsMapping.translateException(SQLExceptionsMapping.java:122)
	at com.mysql.cj.jdbc.ConnectionImpl.createNewIO(ConnectionImpl.java:828)
	at com.mysql.cj.jdbc.ConnectionImpl.<init>(ConnectionImpl.java:448)
	at com.mysql.cj.jdbc.ConnectionImpl.getInstance(ConnectionImpl.java:241)
	at com.mysql.cj.jdbc.NonRegisteringDriver.connect(NonRegisteringDriver.java:198)
	at com.alibaba.druid.pool.DruidAbstractDataSource.createPhysicalConnection(DruidAbstractDataSource.java:1657)
	at com.alibaba.druid.pool.DruidAbstractDataSource.createPhysicalConnection(DruidAbstractDataSource.java:1723)
	at com.alibaba.druid.pool.DruidDataSource$CreateConnectionThread.run(DruidDataSource.java:2838)
2024-11-11 22:36:40,077 ERROR [Druid-ConnectionPool-Create-1018618094][DruidDataSource.java:2840] - create connection SQLException, url: jdbc:mysql://192.168.101.65:3306/xc402_content148?serverTimezone=UTC&userUnicode=true&useSSL=false&, errorCode 1049, state 42000
java.sql.SQLSyntaxErrorException: Unknown database 'xc402_content148'
	at com.mysql.cj.jdbc.exceptions.SQLError.createSQLException(SQLError.java:120)
	at com.mysql.cj.jdbc.exceptions.SQLExceptionsMapping.translateException(SQLExceptionsMapping.java:122)
	at com.mysql.cj.jdbc.ConnectionImpl.createNewIO(ConnectionImpl.java:828)
	at com.mysql.cj.jdbc.ConnectionImpl.<init>(ConnectionImpl.java:448)
	at com.mysql.cj.jdbc.ConnectionImpl.getInstance(ConnectionImpl.java:241)
	at com.mysql.cj.jdbc.NonRegisteringDriver.connect(NonRegisteringDriver.java:198)
	at com.alibaba.druid.pool.DruidAbstractDataSource.createPhysicalConnection(DruidAbstractDataSource.java:1657)
	at com.alibaba.druid.pool.DruidAbstractDataSource.createPhysicalConnection(DruidAbstractDataSource.java:1723)
	at com.alibaba.druid.pool.DruidDataSource$CreateConnectionThread.run(DruidDataSource.java:2838)
2024-11-11 22:36:40,589 ERROR [Druid-ConnectionPool-Create-1018618094][DruidDataSource.java:2840] - create connection SQLException, url: jdbc:mysql://192.168.101.65:3306/xc402_content148?serverTimezone=UTC&userUnicode=true&useSSL=false&, errorCode 1049, state 42000
java.sql.SQLSyntaxErrorException: Unknown database 'xc402_content148'
	at com.mysql.cj.jdbc.exceptions.SQLError.createSQLException(SQLError.java:120)
	at com.mysql.cj.jdbc.exceptions.SQLExceptionsMapping.translateException(SQLExceptionsMapping.java:122)
	at com.mysql.cj.jdbc.ConnectionImpl.createNewIO(ConnectionImpl.java:828)
	at com.mysql.cj.jdbc.ConnectionImpl.<init>(ConnectionImpl.java:448)
	at com.mysql.cj.jdbc.ConnectionImpl.getInstance(ConnectionImpl.java:241)
	at com.mysql.cj.jdbc.NonRegisteringDriver.connect(NonRegisteringDriver.java:198)
	at com.alibaba.druid.pool.DruidAbstractDataSource.createPhysicalConnection(DruidAbstractDataSource.java:1657)
	at com.alibaba.druid.pool.DruidAbstractDataSource.createPhysicalConnection(DruidAbstractDataSource.java:1723)
	at com.alibaba.druid.pool.DruidDataSource$CreateConnectionThread.run(DruidDataSource.java:2838)
2024-11-11 22:36:41,100 ERROR [Druid-ConnectionPool-Create-1018618094][DruidDataSource.java:2840] - create connection SQLException, url: jdbc:mysql://192.168.101.65:3306/xc402_content148?serverTimezone=UTC&userUnicode=true&useSSL=false&, errorCode 1049, state 42000
java.sql.SQLSyntaxErrorException: Unknown database 'xc402_content148'
	at com.mysql.cj.jdbc.exceptions.SQLError.createSQLException(SQLError.java:120)
	at com.mysql.cj.jdbc.exceptions.SQLExceptionsMapping.translateException(SQLExceptionsMapping.java:122)
	at com.mysql.cj.jdbc.ConnectionImpl.createNewIO(ConnectionImpl.java:828)
	at com.mysql.cj.jdbc.ConnectionImpl.<init>(ConnectionImpl.java:448)
	at com.mysql.cj.jdbc.ConnectionImpl.getInstance(ConnectionImpl.java:241)
	at com.mysql.cj.jdbc.NonRegisteringDriver.connect(NonRegisteringDriver.java:198)
	at com.alibaba.druid.pool.DruidAbstractDataSource.createPhysicalConnection(DruidAbstractDataSource.java:1657)
	at com.alibaba.druid.pool.DruidAbstractDataSource.createPhysicalConnection(DruidAbstractDataSource.java:1723)
	at com.alibaba.druid.pool.DruidDataSource$CreateConnectionThread.run(DruidDataSource.java:2838)
2024-11-11 22:36:41,612 ERROR [Druid-ConnectionPool-Create-1018618094][DruidDataSource.java:2840] - create connection SQLException, url: jdbc:mysql://192.168.101.65:3306/xc402_content148?serverTimezone=UTC&userUnicode=true&useSSL=false&, errorCode 1049, state 42000
java.sql.SQLSyntaxErrorException: Unknown database 'xc402_content148'
	at com.mysql.cj.jdbc.exceptions.SQLError.createSQLException(SQLError.java:120)
	at com.mysql.cj.jdbc.exceptions.SQLExceptionsMapping.translateException(SQLExceptionsMapping.java:122)
	at com.mysql.cj.jdbc.ConnectionImpl.createNewIO(ConnectionImpl.java:828)
	at com.mysql.cj.jdbc.ConnectionImpl.<init>(ConnectionImpl.java:448)
	at com.mysql.cj.jdbc.ConnectionImpl.getInstance(ConnectionImpl.java:241)
	at com.mysql.cj.jdbc.NonRegisteringDriver.connect(NonRegisteringDriver.java:198)
	at com.alibaba.druid.pool.DruidAbstractDataSource.createPhysicalConnection(DruidAbstractDataSource.java:1657)
	at com.alibaba.druid.pool.DruidAbstractDataSource.createPhysicalConnection(DruidAbstractDataSource.java:1723)
	at com.alibaba.druid.pool.DruidDataSource$CreateConnectionThread.run(DruidDataSource.java:2838)
2024-11-11 22:36:42,125 ERROR [Druid-ConnectionPool-Create-1018618094][DruidDataSource.java:2840] - create connection SQLException, url: jdbc:mysql://192.168.101.65:3306/xc402_content148?serverTimezone=UTC&userUnicode=true&useSSL=false&, errorCode 1049, state 42000
java.sql.SQLSyntaxErrorException: Unknown database 'xc402_content148'
	at com.mysql.cj.jdbc.exceptions.SQLError.createSQLException(SQLError.java:120)
	at com.mysql.cj.jdbc.exceptions.SQLExceptionsMapping.translateException(SQLExceptionsMapping.java:122)
	at com.mysql.cj.jdbc.ConnectionImpl.createNewIO(ConnectionImpl.java:828)
	at com.mysql.cj.jdbc.ConnectionImpl.<init>(ConnectionImpl.java:448)
	at com.mysql.cj.jdbc.ConnectionImpl.getInstance(ConnectionImpl.java:241)
	at com.mysql.cj.jdbc.NonRegisteringDriver.connect(NonRegisteringDriver.java:198)
	at com.alibaba.druid.pool.DruidAbstractDataSource.createPhysicalConnection(DruidAbstractDataSource.java:1657)
	at com.alibaba.druid.pool.DruidAbstractDataSource.createPhysicalConnection(DruidAbstractDataSource.java:1723)
	at com.alibaba.druid.pool.DruidDataSource$CreateConnectionThread.run(DruidDataSource.java:2838)
2024-11-11 22:36:42,633 ERROR [Druid-ConnectionPool-Create-1018618094][DruidDataSource.java:2840] - create connection SQLException, url: jdbc:mysql://192.168.101.65:3306/xc402_content148?serverTimezone=UTC&userUnicode=true&useSSL=false&, errorCode 1049, state 42000
java.sql.SQLSyntaxErrorException: Unknown database 'xc402_content148'
	at com.mysql.cj.jdbc.exceptions.SQLError.createSQLException(SQLError.java:120)
	at com.mysql.cj.jdbc.exceptions.SQLExceptionsMapping.translateException(SQLExceptionsMapping.java:122)
	at com.mysql.cj.jdbc.ConnectionImpl.createNewIO(ConnectionImpl.java:828)
	at com.mysql.cj.jdbc.ConnectionImpl.<init>(ConnectionImpl.java:448)
	at com.mysql.cj.jdbc.ConnectionImpl.getInstance(ConnectionImpl.java:241)
	at com.mysql.cj.jdbc.NonRegisteringDriver.connect(NonRegisteringDriver.java:198)
	at com.alibaba.druid.pool.DruidAbstractDataSource.createPhysicalConnection(DruidAbstractDataSource.java:1657)
	at com.alibaba.druid.pool.DruidAbstractDataSource.createPhysicalConnection(DruidAbstractDataSource.java:1723)
	at com.alibaba.druid.pool.DruidDataSource$CreateConnectionThread.run(DruidDataSource.java:2838)
2024-11-11 22:36:43,156 ERROR [Druid-ConnectionPool-Create-1018618094][DruidDataSource.java:2840] - create connection SQLException, url: jdbc:mysql://192.168.101.65:3306/xc402_content148?serverTimezone=UTC&userUnicode=true&useSSL=false&, errorCode 1049, state 42000
java.sql.SQLSyntaxErrorException: Unknown database 'xc402_content148'
	at com.mysql.cj.jdbc.exceptions.SQLError.createSQLException(SQLError.java:120)
	at com.mysql.cj.jdbc.exceptions.SQLExceptionsMapping.translateException(SQLExceptionsMapping.java:122)
	at com.mysql.cj.jdbc.ConnectionImpl.createNewIO(ConnectionImpl.java:828)
	at com.mysql.cj.jdbc.ConnectionImpl.<init>(ConnectionImpl.java:448)
	at com.mysql.cj.jdbc.ConnectionImpl.getInstance(ConnectionImpl.java:241)
	at com.mysql.cj.jdbc.NonRegisteringDriver.connect(NonRegisteringDriver.java:198)
	at com.alibaba.druid.pool.DruidAbstractDataSource.createPhysicalConnection(DruidAbstractDataSource.java:1657)
	at com.alibaba.druid.pool.DruidAbstractDataSource.createPhysicalConnection(DruidAbstractDataSource.java:1723)
	at com.alibaba.druid.pool.DruidDataSource$CreateConnectionThread.run(DruidDataSource.java:2838)
2024-11-11 22:36:43,684 ERROR [Druid-ConnectionPool-Create-1018618094][DruidDataSource.java:2840] - create connection SQLException, url: jdbc:mysql://192.168.101.65:3306/xc402_content148?serverTimezone=UTC&userUnicode=true&useSSL=false&, errorCode 1049, state 42000
java.sql.SQLSyntaxErrorException: Unknown database 'xc402_content148'
	at com.mysql.cj.jdbc.exceptions.SQLError.createSQLException(SQLError.java:120)
	at com.mysql.cj.jdbc.exceptions.SQLExceptionsMapping.translateException(SQLExceptionsMapping.java:122)
	at com.mysql.cj.jdbc.ConnectionImpl.createNewIO(ConnectionImpl.java:828)
	at com.mysql.cj.jdbc.ConnectionImpl.<init>(ConnectionImpl.java:448)
	at com.mysql.cj.jdbc.ConnectionImpl.getInstance(ConnectionImpl.java:241)
	at com.mysql.cj.jdbc.NonRegisteringDriver.connect(NonRegisteringDriver.java:198)
	at com.alibaba.druid.pool.DruidAbstractDataSource.createPhysicalConnection(DruidAbstractDataSource.java:1657)
	at com.alibaba.druid.pool.DruidAbstractDataSource.createPhysicalConnection(DruidAbstractDataSource.java:1723)
	at com.alibaba.druid.pool.DruidDataSource$CreateConnectionThread.run(DruidDataSource.java:2838)
2024-11-11 22:36:44,191 ERROR [Druid-ConnectionPool-Create-1018618094][DruidDataSource.java:2840] - create connection SQLException, url: jdbc:mysql://192.168.101.65:3306/xc402_content148?serverTimezone=UTC&userUnicode=true&useSSL=false&, errorCode 1049, state 42000
java.sql.SQLSyntaxErrorException: Unknown database 'xc402_content148'
	at com.mysql.cj.jdbc.exceptions.SQLError.createSQLException(SQLError.java:120)
	at com.mysql.cj.jdbc.exceptions.SQLExceptionsMapping.translateException(SQLExceptionsMapping.java:122)
	at com.mysql.cj.jdbc.ConnectionImpl.createNewIO(ConnectionImpl.java:828)
	at com.mysql.cj.jdbc.ConnectionImpl.<init>(ConnectionImpl.java:448)
	at com.mysql.cj.jdbc.ConnectionImpl.getInstance(ConnectionImpl.java:241)
	at com.mysql.cj.jdbc.NonRegisteringDriver.connect(NonRegisteringDriver.java:198)
	at com.alibaba.druid.pool.DruidAbstractDataSource.createPhysicalConnection(DruidAbstractDataSource.java:1657)
	at com.alibaba.druid.pool.DruidAbstractDataSource.createPhysicalConnection(DruidAbstractDataSource.java:1723)
	at com.alibaba.druid.pool.DruidDataSource$CreateConnectionThread.run(DruidDataSource.java:2838)
2024-11-11 22:36:44,706 ERROR [Druid-ConnectionPool-Create-1018618094][DruidDataSource.java:2840] - create connection SQLException, url: jdbc:mysql://192.168.101.65:3306/xc402_content148?serverTimezone=UTC&userUnicode=true&useSSL=false&, errorCode 1049, state 42000
java.sql.SQLSyntaxErrorException: Unknown database 'xc402_content148'
	at com.mysql.cj.jdbc.exceptions.SQLError.createSQLException(SQLError.java:120)
	at com.mysql.cj.jdbc.exceptions.SQLExceptionsMapping.translateException(SQLExceptionsMapping.java:122)
	at com.mysql.cj.jdbc.ConnectionImpl.createNewIO(ConnectionImpl.java:828)
	at com.mysql.cj.jdbc.ConnectionImpl.<init>(ConnectionImpl.java:448)
	at com.mysql.cj.jdbc.ConnectionImpl.getInstance(ConnectionImpl.java:241)
	at com.mysql.cj.jdbc.NonRegisteringDriver.connect(NonRegisteringDriver.java:198)
	at com.alibaba.druid.pool.DruidAbstractDataSource.createPhysicalConnection(DruidAbstractDataSource.java:1657)
	at com.alibaba.druid.pool.DruidAbstractDataSource.createPhysicalConnection(DruidAbstractDataSource.java:1723)
	at com.alibaba.druid.pool.DruidDataSource$CreateConnectionThread.run(DruidDataSource.java:2838)
2024-11-11 22:36:45,225 ERROR [Druid-ConnectionPool-Create-1018618094][DruidDataSource.java:2840] - create connection SQLException, url: jdbc:mysql://192.168.101.65:3306/xc402_content148?serverTimezone=UTC&userUnicode=true&useSSL=false&, errorCode 1049, state 42000
java.sql.SQLSyntaxErrorException: Unknown database 'xc402_content148'
	at com.mysql.cj.jdbc.exceptions.SQLError.createSQLException(SQLError.java:120)
	at com.mysql.cj.jdbc.exceptions.SQLExceptionsMapping.translateException(SQLExceptionsMapping.java:122)
	at com.mysql.cj.jdbc.ConnectionImpl.createNewIO(ConnectionImpl.java:828)
	at com.mysql.cj.jdbc.ConnectionImpl.<init>(ConnectionImpl.java:448)
	at com.mysql.cj.jdbc.ConnectionImpl.getInstance(ConnectionImpl.java:241)
	at com.mysql.cj.jdbc.NonRegisteringDriver.connect(NonRegisteringDriver.java:198)
	at com.alibaba.druid.pool.DruidAbstractDataSource.createPhysicalConnection(DruidAbstractDataSource.java:1657)
	at com.alibaba.druid.pool.DruidAbstractDataSource.createPhysicalConnection(DruidAbstractDataSource.java:1723)
	at com.alibaba.druid.pool.DruidDataSource$CreateConnectionThread.run(DruidDataSource.java:2838)
2024-11-11 22:36:45,746 ERROR [Druid-ConnectionPool-Create-1018618094][DruidDataSource.java:2840] - create connection SQLException, url: jdbc:mysql://192.168.101.65:3306/xc402_content148?serverTimezone=UTC&userUnicode=true&useSSL=false&, errorCode 1049, state 42000
java.sql.SQLSyntaxErrorException: Unknown database 'xc402_content148'
	at com.mysql.cj.jdbc.exceptions.SQLError.createSQLException(SQLError.java:120)
	at com.mysql.cj.jdbc.exceptions.SQLExceptionsMapping.translateException(SQLExceptionsMapping.java:122)
	at com.mysql.cj.jdbc.ConnectionImpl.createNewIO(ConnectionImpl.java:828)
	at com.mysql.cj.jdbc.ConnectionImpl.<init>(ConnectionImpl.java:448)
	at com.mysql.cj.jdbc.ConnectionImpl.getInstance(ConnectionImpl.java:241)
	at com.mysql.cj.jdbc.NonRegisteringDriver.connect(NonRegisteringDriver.java:198)
	at com.alibaba.druid.pool.DruidAbstractDataSource.createPhysicalConnection(DruidAbstractDataSource.java:1657)
	at com.alibaba.druid.pool.DruidAbstractDataSource.createPhysicalConnection(DruidAbstractDataSource.java:1723)
	at com.alibaba.druid.pool.DruidDataSource$CreateConnectionThread.run(DruidDataSource.java:2838)
2024-11-11 22:36:46,266 ERROR [Druid-ConnectionPool-Create-1018618094][DruidDataSource.java:2840] - create connection SQLException, url: jdbc:mysql://192.168.101.65:3306/xc402_content148?serverTimezone=UTC&userUnicode=true&useSSL=false&, errorCode 1049, state 42000
java.sql.SQLSyntaxErrorException: Unknown database 'xc402_content148'
	at com.mysql.cj.jdbc.exceptions.SQLError.createSQLException(SQLError.java:120)
	at com.mysql.cj.jdbc.exceptions.SQLExceptionsMapping.translateException(SQLExceptionsMapping.java:122)
	at com.mysql.cj.jdbc.ConnectionImpl.createNewIO(ConnectionImpl.java:828)
	at com.mysql.cj.jdbc.ConnectionImpl.<init>(ConnectionImpl.java:448)
	at com.mysql.cj.jdbc.ConnectionImpl.getInstance(ConnectionImpl.java:241)
	at com.mysql.cj.jdbc.NonRegisteringDriver.connect(NonRegisteringDriver.java:198)
	at com.alibaba.druid.pool.DruidAbstractDataSource.createPhysicalConnection(DruidAbstractDataSource.java:1657)
	at com.alibaba.druid.pool.DruidAbstractDataSource.createPhysicalConnection(DruidAbstractDataSource.java:1723)
	at com.alibaba.druid.pool.DruidDataSource$CreateConnectionThread.run(DruidDataSource.java:2838)
2024-11-11 22:36:46,790 ERROR [Druid-ConnectionPool-Create-1018618094][DruidDataSource.java:2840] - create connection SQLException, url: jdbc:mysql://192.168.101.65:3306/xc402_content148?serverTimezone=UTC&userUnicode=true&useSSL=false&, errorCode 1049, state 42000
java.sql.SQLSyntaxErrorException: Unknown database 'xc402_content148'
	at com.mysql.cj.jdbc.exceptions.SQLError.createSQLException(SQLError.java:120)
	at com.mysql.cj.jdbc.exceptions.SQLExceptionsMapping.translateException(SQLExceptionsMapping.java:122)
	at com.mysql.cj.jdbc.ConnectionImpl.createNewIO(ConnectionImpl.java:828)
	at com.mysql.cj.jdbc.ConnectionImpl.<init>(ConnectionImpl.java:448)
	at com.mysql.cj.jdbc.ConnectionImpl.getInstance(ConnectionImpl.java:241)
	at com.mysql.cj.jdbc.NonRegisteringDriver.connect(NonRegisteringDriver.java:198)
	at com.alibaba.druid.pool.DruidAbstractDataSource.createPhysicalConnection(DruidAbstractDataSource.java:1657)
	at com.alibaba.druid.pool.DruidAbstractDataSource.createPhysicalConnection(DruidAbstractDataSource.java:1723)
	at com.alibaba.druid.pool.DruidDataSource$CreateConnectionThread.run(DruidDataSource.java:2838)
2024-11-11 22:36:47,316 ERROR [Druid-ConnectionPool-Create-1018618094][DruidDataSource.java:2840] - create connection SQLException, url: jdbc:mysql://192.168.101.65:3306/xc402_content148?serverTimezone=UTC&userUnicode=true&useSSL=false&, errorCode 1049, state 42000
java.sql.SQLSyntaxErrorException: Unknown database 'xc402_content148'
	at com.mysql.cj.jdbc.exceptions.SQLError.createSQLException(SQLError.java:120)
	at com.mysql.cj.jdbc.exceptions.SQLExceptionsMapping.translateException(SQLExceptionsMapping.java:122)
	at com.mysql.cj.jdbc.ConnectionImpl.createNewIO(ConnectionImpl.java:828)
	at com.mysql.cj.jdbc.ConnectionImpl.<init>(ConnectionImpl.java:448)
	at com.mysql.cj.jdbc.ConnectionImpl.getInstance(ConnectionImpl.java:241)
	at com.mysql.cj.jdbc.NonRegisteringDriver.connect(NonRegisteringDriver.java:198)
	at com.alibaba.druid.pool.DruidAbstractDataSource.createPhysicalConnection(DruidAbstractDataSource.java:1657)
	at com.alibaba.druid.pool.DruidAbstractDataSource.createPhysicalConnection(DruidAbstractDataSource.java:1723)
	at com.alibaba.druid.pool.DruidDataSource$CreateConnectionThread.run(DruidDataSource.java:2838)
2024-11-11 22:36:47,838 ERROR [Druid-ConnectionPool-Create-1018618094][DruidDataSource.java:2840] - create connection SQLException, url: jdbc:mysql://192.168.101.65:3306/xc402_content148?serverTimezone=UTC&userUnicode=true&useSSL=false&, errorCode 1049, state 42000
java.sql.SQLSyntaxErrorException: Unknown database 'xc402_content148'
	at com.mysql.cj.jdbc.exceptions.SQLError.createSQLException(SQLError.java:120)
	at com.mysql.cj.jdbc.exceptions.SQLExceptionsMapping.translateException(SQLExceptionsMapping.java:122)
	at com.mysql.cj.jdbc.ConnectionImpl.createNewIO(ConnectionImpl.java:828)
	at com.mysql.cj.jdbc.ConnectionImpl.<init>(ConnectionImpl.java:448)
	at com.mysql.cj.jdbc.ConnectionImpl.getInstance(ConnectionImpl.java:241)
	at com.mysql.cj.jdbc.NonRegisteringDriver.connect(NonRegisteringDriver.java:198)
	at com.alibaba.druid.pool.DruidAbstractDataSource.createPhysicalConnection(DruidAbstractDataSource.java:1657)
	at com.alibaba.druid.pool.DruidAbstractDataSource.createPhysicalConnection(DruidAbstractDataSource.java:1723)
	at com.alibaba.druid.pool.DruidDataSource$CreateConnectionThread.run(DruidDataSource.java:2838)
2024-11-11 22:36:48,349 ERROR [Druid-ConnectionPool-Create-1018618094][DruidDataSource.java:2840] - create connection SQLException, url: jdbc:mysql://192.168.101.65:3306/xc402_content148?serverTimezone=UTC&userUnicode=true&useSSL=false&, errorCode 1049, state 42000
java.sql.SQLSyntaxErrorException: Unknown database 'xc402_content148'
	at com.mysql.cj.jdbc.exceptions.SQLError.createSQLException(SQLError.java:120)
	at com.mysql.cj.jdbc.exceptions.SQLExceptionsMapping.translateException(SQLExceptionsMapping.java:122)
	at com.mysql.cj.jdbc.ConnectionImpl.createNewIO(ConnectionImpl.java:828)
	at com.mysql.cj.jdbc.ConnectionImpl.<init>(ConnectionImpl.java:448)
	at com.mysql.cj.jdbc.ConnectionImpl.getInstance(ConnectionImpl.java:241)
	at com.mysql.cj.jdbc.NonRegisteringDriver.connect(NonRegisteringDriver.java:198)
	at com.alibaba.druid.pool.DruidAbstractDataSource.createPhysicalConnection(DruidAbstractDataSource.java:1657)
	at com.alibaba.druid.pool.DruidAbstractDataSource.createPhysicalConnection(DruidAbstractDataSource.java:1723)
	at com.alibaba.druid.pool.DruidDataSource$CreateConnectionThread.run(DruidDataSource.java:2838)
2024-11-11 22:36:48,862 ERROR [Druid-ConnectionPool-Create-1018618094][DruidDataSource.java:2840] - create connection SQLException, url: jdbc:mysql://192.168.101.65:3306/xc402_content148?serverTimezone=UTC&userUnicode=true&useSSL=false&, errorCode 1049, state 42000
java.sql.SQLSyntaxErrorException: Unknown database 'xc402_content148'
	at com.mysql.cj.jdbc.exceptions.SQLError.createSQLException(SQLError.java:120)
	at com.mysql.cj.jdbc.exceptions.SQLExceptionsMapping.translateException(SQLExceptionsMapping.java:122)
	at com.mysql.cj.jdbc.ConnectionImpl.createNewIO(ConnectionImpl.java:828)
	at com.mysql.cj.jdbc.ConnectionImpl.<init>(ConnectionImpl.java:448)
	at com.mysql.cj.jdbc.ConnectionImpl.getInstance(ConnectionImpl.java:241)
	at com.mysql.cj.jdbc.NonRegisteringDriver.connect(NonRegisteringDriver.java:198)
	at com.alibaba.druid.pool.DruidAbstractDataSource.createPhysicalConnection(DruidAbstractDataSource.java:1657)
	at com.alibaba.druid.pool.DruidAbstractDataSource.createPhysicalConnection(DruidAbstractDataSource.java:1723)
	at com.alibaba.druid.pool.DruidDataSource$CreateConnectionThread.run(DruidDataSource.java:2838)
2024-11-11 22:36:49,382 ERROR [Druid-ConnectionPool-Create-1018618094][DruidDataSource.java:2840] - create connection SQLException, url: jdbc:mysql://192.168.101.65:3306/xc402_content148?serverTimezone=UTC&userUnicode=true&useSSL=false&, errorCode 1049, state 42000
java.sql.SQLSyntaxErrorException: Unknown database 'xc402_content148'
	at com.mysql.cj.jdbc.exceptions.SQLError.createSQLException(SQLError.java:120)
	at com.mysql.cj.jdbc.exceptions.SQLExceptionsMapping.translateException(SQLExceptionsMapping.java:122)
	at com.mysql.cj.jdbc.ConnectionImpl.createNewIO(ConnectionImpl.java:828)
	at com.mysql.cj.jdbc.ConnectionImpl.<init>(ConnectionImpl.java:448)
	at com.mysql.cj.jdbc.ConnectionImpl.getInstance(ConnectionImpl.java:241)
	at com.mysql.cj.jdbc.NonRegisteringDriver.connect(NonRegisteringDriver.java:198)
	at com.alibaba.druid.pool.DruidAbstractDataSource.createPhysicalConnection(DruidAbstractDataSource.java:1657)
	at com.alibaba.druid.pool.DruidAbstractDataSource.createPhysicalConnection(DruidAbstractDataSource.java:1723)
	at com.alibaba.druid.pool.DruidDataSource$CreateConnectionThread.run(DruidDataSource.java:2838)
2024-11-11 22:36:49,908 ERROR [Druid-ConnectionPool-Create-1018618094][DruidDataSource.java:2840] - create connection SQLException, url: jdbc:mysql://192.168.101.65:3306/xc402_content148?serverTimezone=UTC&userUnicode=true&useSSL=false&, errorCode 1049, state 42000
java.sql.SQLSyntaxErrorException: Unknown database 'xc402_content148'
	at com.mysql.cj.jdbc.exceptions.SQLError.createSQLException(SQLError.java:120)
	at com.mysql.cj.jdbc.exceptions.SQLExceptionsMapping.translateException(SQLExceptionsMapping.java:122)
	at com.mysql.cj.jdbc.ConnectionImpl.createNewIO(ConnectionImpl.java:828)
	at com.mysql.cj.jdbc.ConnectionImpl.<init>(ConnectionImpl.java:448)
	at com.mysql.cj.jdbc.ConnectionImpl.getInstance(ConnectionImpl.java:241)
	at com.mysql.cj.jdbc.NonRegisteringDriver.connect(NonRegisteringDriver.java:198)
	at com.alibaba.druid.pool.DruidAbstractDataSource.createPhysicalConnection(DruidAbstractDataSource.java:1657)
	at com.alibaba.druid.pool.DruidAbstractDataSource.createPhysicalConnection(DruidAbstractDataSource.java:1723)
	at com.alibaba.druid.pool.DruidDataSource$CreateConnectionThread.run(DruidDataSource.java:2838)
2024-11-11 22:36:50,435 ERROR [Druid-ConnectionPool-Create-1018618094][DruidDataSource.java:2840] - create connection SQLException, url: jdbc:mysql://192.168.101.65:3306/xc402_content148?serverTimezone=UTC&userUnicode=true&useSSL=false&, errorCode 1049, state 42000
java.sql.SQLSyntaxErrorException: Unknown database 'xc402_content148'
	at com.mysql.cj.jdbc.exceptions.SQLError.createSQLException(SQLError.java:120)
	at com.mysql.cj.jdbc.exceptions.SQLExceptionsMapping.translateException(SQLExceptionsMapping.java:122)
	at com.mysql.cj.jdbc.ConnectionImpl.createNewIO(ConnectionImpl.java:828)
	at com.mysql.cj.jdbc.ConnectionImpl.<init>(ConnectionImpl.java:448)
	at com.mysql.cj.jdbc.ConnectionImpl.getInstance(ConnectionImpl.java:241)
	at com.mysql.cj.jdbc.NonRegisteringDriver.connect(NonRegisteringDriver.java:198)
	at com.alibaba.druid.pool.DruidAbstractDataSource.createPhysicalConnection(DruidAbstractDataSource.java:1657)
	at com.alibaba.druid.pool.DruidAbstractDataSource.createPhysicalConnection(DruidAbstractDataSource.java:1723)
	at com.alibaba.druid.pool.DruidDataSource$CreateConnectionThread.run(DruidDataSource.java:2838)
2024-11-11 22:36:50,962 ERROR [Druid-ConnectionPool-Create-1018618094][DruidDataSource.java:2840] - create connection SQLException, url: jdbc:mysql://192.168.101.65:3306/xc402_content148?serverTimezone=UTC&userUnicode=true&useSSL=false&, errorCode 1049, state 42000
java.sql.SQLSyntaxErrorException: Unknown database 'xc402_content148'
	at com.mysql.cj.jdbc.exceptions.SQLError.createSQLException(SQLError.java:120)
	at com.mysql.cj.jdbc.exceptions.SQLExceptionsMapping.translateException(SQLExceptionsMapping.java:122)
	at com.mysql.cj.jdbc.ConnectionImpl.createNewIO(ConnectionImpl.java:828)
	at com.mysql.cj.jdbc.ConnectionImpl.<init>(ConnectionImpl.java:448)
	at com.mysql.cj.jdbc.ConnectionImpl.getInstance(ConnectionImpl.java:241)
	at com.mysql.cj.jdbc.NonRegisteringDriver.connect(NonRegisteringDriver.java:198)
	at com.alibaba.druid.pool.DruidAbstractDataSource.createPhysicalConnection(DruidAbstractDataSource.java:1657)
	at com.alibaba.druid.pool.DruidAbstractDataSource.createPhysicalConnection(DruidAbstractDataSource.java:1723)
	at com.alibaba.druid.pool.DruidDataSource$CreateConnectionThread.run(DruidDataSource.java:2838)
2024-11-11 22:36:51,473 ERROR [Druid-ConnectionPool-Create-1018618094][DruidDataSource.java:2840] - create connection SQLException, url: jdbc:mysql://192.168.101.65:3306/xc402_content148?serverTimezone=UTC&userUnicode=true&useSSL=false&, errorCode 1049, state 42000
java.sql.SQLSyntaxErrorException: Unknown database 'xc402_content148'
	at com.mysql.cj.jdbc.exceptions.SQLError.createSQLException(SQLError.java:120)
	at com.mysql.cj.jdbc.exceptions.SQLExceptionsMapping.translateException(SQLExceptionsMapping.java:122)
	at com.mysql.cj.jdbc.ConnectionImpl.createNewIO(ConnectionImpl.java:828)
	at com.mysql.cj.jdbc.ConnectionImpl.<init>(ConnectionImpl.java:448)
	at com.mysql.cj.jdbc.ConnectionImpl.getInstance(ConnectionImpl.java:241)
	at com.mysql.cj.jdbc.NonRegisteringDriver.connect(NonRegisteringDriver.java:198)
	at com.alibaba.druid.pool.DruidAbstractDataSource.createPhysicalConnection(DruidAbstractDataSource.java:1657)
	at com.alibaba.druid.pool.DruidAbstractDataSource.createPhysicalConnection(DruidAbstractDataSource.java:1723)
	at com.alibaba.druid.pool.DruidDataSource$CreateConnectionThread.run(DruidDataSource.java:2838)
2024-11-11 22:36:51,983 ERROR [Druid-ConnectionPool-Create-1018618094][DruidDataSource.java:2840] - create connection SQLException, url: jdbc:mysql://192.168.101.65:3306/xc402_content148?serverTimezone=UTC&userUnicode=true&useSSL=false&, errorCode 1049, state 42000
java.sql.SQLSyntaxErrorException: Unknown database 'xc402_content148'
	at com.mysql.cj.jdbc.exceptions.SQLError.createSQLException(SQLError.java:120)
	at com.mysql.cj.jdbc.exceptions.SQLExceptionsMapping.translateException(SQLExceptionsMapping.java:122)
	at com.mysql.cj.jdbc.ConnectionImpl.createNewIO(ConnectionImpl.java:828)
	at com.mysql.cj.jdbc.ConnectionImpl.<init>(ConnectionImpl.java:448)
	at com.mysql.cj.jdbc.ConnectionImpl.getInstance(ConnectionImpl.java:241)
	at com.mysql.cj.jdbc.NonRegisteringDriver.connect(NonRegisteringDriver.java:198)
	at com.alibaba.druid.pool.DruidAbstractDataSource.createPhysicalConnection(DruidAbstractDataSource.java:1657)
	at com.alibaba.druid.pool.DruidAbstractDataSource.createPhysicalConnection(DruidAbstractDataSource.java:1723)
	at com.alibaba.druid.pool.DruidDataSource$CreateConnectionThread.run(DruidDataSource.java:2838)
2024-11-11 22:36:52,496 ERROR [Druid-ConnectionPool-Create-1018618094][DruidDataSource.java:2840] - create connection SQLException, url: jdbc:mysql://192.168.101.65:3306/xc402_content148?serverTimezone=UTC&userUnicode=true&useSSL=false&, errorCode 1049, state 42000
java.sql.SQLSyntaxErrorException: Unknown database 'xc402_content148'
	at com.mysql.cj.jdbc.exceptions.SQLError.createSQLException(SQLError.java:120)
	at com.mysql.cj.jdbc.exceptions.SQLExceptionsMapping.translateException(SQLExceptionsMapping.java:122)
	at com.mysql.cj.jdbc.ConnectionImpl.createNewIO(ConnectionImpl.java:828)
	at com.mysql.cj.jdbc.ConnectionImpl.<init>(ConnectionImpl.java:448)
	at com.mysql.cj.jdbc.ConnectionImpl.getInstance(ConnectionImpl.java:241)
	at com.mysql.cj.jdbc.NonRegisteringDriver.connect(NonRegisteringDriver.java:198)
	at com.alibaba.druid.pool.DruidAbstractDataSource.createPhysicalConnection(DruidAbstractDataSource.java:1657)
	at com.alibaba.druid.pool.DruidAbstractDataSource.createPhysicalConnection(DruidAbstractDataSource.java:1723)
	at com.alibaba.druid.pool.DruidDataSource$CreateConnectionThread.run(DruidDataSource.java:2838)
2024-11-11 22:36:53,012 ERROR [Druid-ConnectionPool-Create-1018618094][DruidDataSource.java:2840] - create connection SQLException, url: jdbc:mysql://192.168.101.65:3306/xc402_content148?serverTimezone=UTC&userUnicode=true&useSSL=false&, errorCode 1049, state 42000
java.sql.SQLSyntaxErrorException: Unknown database 'xc402_content148'
	at com.mysql.cj.jdbc.exceptions.SQLError.createSQLException(SQLError.java:120)
	at com.mysql.cj.jdbc.exceptions.SQLExceptionsMapping.translateException(SQLExceptionsMapping.java:122)
	at com.mysql.cj.jdbc.ConnectionImpl.createNewIO(ConnectionImpl.java:828)
	at com.mysql.cj.jdbc.ConnectionImpl.<init>(ConnectionImpl.java:448)
	at com.mysql.cj.jdbc.ConnectionImpl.getInstance(ConnectionImpl.java:241)
	at com.mysql.cj.jdbc.NonRegisteringDriver.connect(NonRegisteringDriver.java:198)
	at com.alibaba.druid.pool.DruidAbstractDataSource.createPhysicalConnection(DruidAbstractDataSource.java:1657)
	at com.alibaba.druid.pool.DruidAbstractDataSource.createPhysicalConnection(DruidAbstractDataSource.java:1723)
	at com.alibaba.druid.pool.DruidDataSource$CreateConnectionThread.run(DruidDataSource.java:2838)
2024-11-11 22:36:53,535 ERROR [Druid-ConnectionPool-Create-1018618094][DruidDataSource.java:2840] - create connection SQLException, url: jdbc:mysql://192.168.101.65:3306/xc402_content148?serverTimezone=UTC&userUnicode=true&useSSL=false&, errorCode 1049, state 42000
java.sql.SQLSyntaxErrorException: Unknown database 'xc402_content148'
	at com.mysql.cj.jdbc.exceptions.SQLError.createSQLException(SQLError.java:120)
	at com.mysql.cj.jdbc.exceptions.SQLExceptionsMapping.translateException(SQLExceptionsMapping.java:122)
	at com.mysql.cj.jdbc.ConnectionImpl.createNewIO(ConnectionImpl.java:828)
	at com.mysql.cj.jdbc.ConnectionImpl.<init>(ConnectionImpl.java:448)
	at com.mysql.cj.jdbc.ConnectionImpl.getInstance(ConnectionImpl.java:241)
	at com.mysql.cj.jdbc.NonRegisteringDriver.connect(NonRegisteringDriver.java:198)
	at com.alibaba.druid.pool.DruidAbstractDataSource.createPhysicalConnection(DruidAbstractDataSource.java:1657)
	at com.alibaba.druid.pool.DruidAbstractDataSource.createPhysicalConnection(DruidAbstractDataSource.java:1723)
	at com.alibaba.druid.pool.DruidDataSource$CreateConnectionThread.run(DruidDataSource.java:2838)
2024-11-11 22:36:54,052 ERROR [Druid-ConnectionPool-Create-1018618094][DruidDataSource.java:2840] - create connection SQLException, url: jdbc:mysql://192.168.101.65:3306/xc402_content148?serverTimezone=UTC&userUnicode=true&useSSL=false&, errorCode 1049, state 42000
java.sql.SQLSyntaxErrorException: Unknown database 'xc402_content148'
	at com.mysql.cj.jdbc.exceptions.SQLError.createSQLException(SQLError.java:120)
	at com.mysql.cj.jdbc.exceptions.SQLExceptionsMapping.translateException(SQLExceptionsMapping.java:122)
	at com.mysql.cj.jdbc.ConnectionImpl.createNewIO(ConnectionImpl.java:828)
	at com.mysql.cj.jdbc.ConnectionImpl.<init>(ConnectionImpl.java:448)
	at com.mysql.cj.jdbc.ConnectionImpl.getInstance(ConnectionImpl.java:241)
	at com.mysql.cj.jdbc.NonRegisteringDriver.connect(NonRegisteringDriver.java:198)
	at com.alibaba.druid.pool.DruidAbstractDataSource.createPhysicalConnection(DruidAbstractDataSource.java:1657)
	at com.alibaba.druid.pool.DruidAbstractDataSource.createPhysicalConnection(DruidAbstractDataSource.java:1723)
	at com.alibaba.druid.pool.DruidDataSource$CreateConnectionThread.run(DruidDataSource.java:2838)
2024-11-11 22:36:54,575 ERROR [Druid-ConnectionPool-Create-1018618094][DruidDataSource.java:2840] - create connection SQLException, url: jdbc:mysql://192.168.101.65:3306/xc402_content148?serverTimezone=UTC&userUnicode=true&useSSL=false&, errorCode 1049, state 42000
java.sql.SQLSyntaxErrorException: Unknown database 'xc402_content148'
	at com.mysql.cj.jdbc.exceptions.SQLError.createSQLException(SQLError.java:120)
	at com.mysql.cj.jdbc.exceptions.SQLExceptionsMapping.translateException(SQLExceptionsMapping.java:122)
	at com.mysql.cj.jdbc.ConnectionImpl.createNewIO(ConnectionImpl.java:828)
	at com.mysql.cj.jdbc.ConnectionImpl.<init>(ConnectionImpl.java:448)
	at com.mysql.cj.jdbc.ConnectionImpl.getInstance(ConnectionImpl.java:241)
	at com.mysql.cj.jdbc.NonRegisteringDriver.connect(NonRegisteringDriver.java:198)
	at com.alibaba.druid.pool.DruidAbstractDataSource.createPhysicalConnection(DruidAbstractDataSource.java:1657)
	at com.alibaba.druid.pool.DruidAbstractDataSource.createPhysicalConnection(DruidAbstractDataSource.java:1723)
	at com.alibaba.druid.pool.DruidDataSource$CreateConnectionThread.run(DruidDataSource.java:2838)
2024-11-11 22:36:55,089 ERROR [Druid-ConnectionPool-Create-1018618094][DruidDataSource.java:2840] - create connection SQLException, url: jdbc:mysql://192.168.101.65:3306/xc402_content148?serverTimezone=UTC&userUnicode=true&useSSL=false&, errorCode 1049, state 42000
java.sql.SQLSyntaxErrorException: Unknown database 'xc402_content148'
	at com.mysql.cj.jdbc.exceptions.SQLError.createSQLException(SQLError.java:120)
	at com.mysql.cj.jdbc.exceptions.SQLExceptionsMapping.translateException(SQLExceptionsMapping.java:122)
	at com.mysql.cj.jdbc.ConnectionImpl.createNewIO(ConnectionImpl.java:828)
	at com.mysql.cj.jdbc.ConnectionImpl.<init>(ConnectionImpl.java:448)
	at com.mysql.cj.jdbc.ConnectionImpl.getInstance(ConnectionImpl.java:241)
	at com.mysql.cj.jdbc.NonRegisteringDriver.connect(NonRegisteringDriver.java:198)
	at com.alibaba.druid.pool.DruidAbstractDataSource.createPhysicalConnection(DruidAbstractDataSource.java:1657)
	at com.alibaba.druid.pool.DruidAbstractDataSource.createPhysicalConnection(DruidAbstractDataSource.java:1723)
	at com.alibaba.druid.pool.DruidDataSource$CreateConnectionThread.run(DruidDataSource.java:2838)
2024-11-11 22:36:55,600 ERROR [Druid-ConnectionPool-Create-1018618094][DruidDataSource.java:2840] - create connection SQLException, url: jdbc:mysql://192.168.101.65:3306/xc402_content148?serverTimezone=UTC&userUnicode=true&useSSL=false&, errorCode 1049, state 42000
java.sql.SQLSyntaxErrorException: Unknown database 'xc402_content148'
	at com.mysql.cj.jdbc.exceptions.SQLError.createSQLException(SQLError.java:120)
	at com.mysql.cj.jdbc.exceptions.SQLExceptionsMapping.translateException(SQLExceptionsMapping.java:122)
	at com.mysql.cj.jdbc.ConnectionImpl.createNewIO(ConnectionImpl.java:828)
	at com.mysql.cj.jdbc.ConnectionImpl.<init>(ConnectionImpl.java:448)
	at com.mysql.cj.jdbc.ConnectionImpl.getInstance(ConnectionImpl.java:241)
	at com.mysql.cj.jdbc.NonRegisteringDriver.connect(NonRegisteringDriver.java:198)
	at com.alibaba.druid.pool.DruidAbstractDataSource.createPhysicalConnection(DruidAbstractDataSource.java:1657)
	at com.alibaba.druid.pool.DruidAbstractDataSource.createPhysicalConnection(DruidAbstractDataSource.java:1723)
	at com.alibaba.druid.pool.DruidDataSource$CreateConnectionThread.run(DruidDataSource.java:2838)
2024-11-11 22:36:56,115 ERROR [Druid-ConnectionPool-Create-1018618094][DruidDataSource.java:2840] - create connection SQLException, url: jdbc:mysql://192.168.101.65:3306/xc402_content148?serverTimezone=UTC&userUnicode=true&useSSL=false&, errorCode 1049, state 42000
java.sql.SQLSyntaxErrorException: Unknown database 'xc402_content148'
	at com.mysql.cj.jdbc.exceptions.SQLError.createSQLException(SQLError.java:120)
	at com.mysql.cj.jdbc.exceptions.SQLExceptionsMapping.translateException(SQLExceptionsMapping.java:122)
	at com.mysql.cj.jdbc.ConnectionImpl.createNewIO(ConnectionImpl.java:828)
	at com.mysql.cj.jdbc.ConnectionImpl.<init>(ConnectionImpl.java:448)
	at com.mysql.cj.jdbc.ConnectionImpl.getInstance(ConnectionImpl.java:241)
	at com.mysql.cj.jdbc.NonRegisteringDriver.connect(NonRegisteringDriver.java:198)
	at com.alibaba.druid.pool.DruidAbstractDataSource.createPhysicalConnection(DruidAbstractDataSource.java:1657)
	at com.alibaba.druid.pool.DruidAbstractDataSource.createPhysicalConnection(DruidAbstractDataSource.java:1723)
	at com.alibaba.druid.pool.DruidDataSource$CreateConnectionThread.run(DruidDataSource.java:2838)
2024-11-11 22:36:56,633 ERROR [Druid-ConnectionPool-Create-1018618094][DruidDataSource.java:2840] - create connection SQLException, url: jdbc:mysql://192.168.101.65:3306/xc402_content148?serverTimezone=UTC&userUnicode=true&useSSL=false&, errorCode 1049, state 42000
java.sql.SQLSyntaxErrorException: Unknown database 'xc402_content148'
	at com.mysql.cj.jdbc.exceptions.SQLError.createSQLException(SQLError.java:120)
	at com.mysql.cj.jdbc.exceptions.SQLExceptionsMapping.translateException(SQLExceptionsMapping.java:122)
	at com.mysql.cj.jdbc.ConnectionImpl.createNewIO(ConnectionImpl.java:828)
	at com.mysql.cj.jdbc.ConnectionImpl.<init>(ConnectionImpl.java:448)
	at com.mysql.cj.jdbc.ConnectionImpl.getInstance(ConnectionImpl.java:241)
	at com.mysql.cj.jdbc.NonRegisteringDriver.connect(NonRegisteringDriver.java:198)
	at com.alibaba.druid.pool.DruidAbstractDataSource.createPhysicalConnection(DruidAbstractDataSource.java:1657)
	at com.alibaba.druid.pool.DruidAbstractDataSource.createPhysicalConnection(DruidAbstractDataSource.java:1723)
	at com.alibaba.druid.pool.DruidDataSource$CreateConnectionThread.run(DruidDataSource.java:2838)
2024-11-11 22:36:57,160 ERROR [Druid-ConnectionPool-Create-1018618094][DruidDataSource.java:2840] - create connection SQLException, url: jdbc:mysql://192.168.101.65:3306/xc402_content148?serverTimezone=UTC&userUnicode=true&useSSL=false&, errorCode 1049, state 42000
java.sql.SQLSyntaxErrorException: Unknown database 'xc402_content148'
	at com.mysql.cj.jdbc.exceptions.SQLError.createSQLException(SQLError.java:120)
	at com.mysql.cj.jdbc.exceptions.SQLExceptionsMapping.translateException(SQLExceptionsMapping.java:122)
	at com.mysql.cj.jdbc.ConnectionImpl.createNewIO(ConnectionImpl.java:828)
	at com.mysql.cj.jdbc.ConnectionImpl.<init>(ConnectionImpl.java:448)
	at com.mysql.cj.jdbc.ConnectionImpl.getInstance(ConnectionImpl.java:241)
	at com.mysql.cj.jdbc.NonRegisteringDriver.connect(NonRegisteringDriver.java:198)
	at com.alibaba.druid.pool.DruidAbstractDataSource.createPhysicalConnection(DruidAbstractDataSource.java:1657)
	at com.alibaba.druid.pool.DruidAbstractDataSource.createPhysicalConnection(DruidAbstractDataSource.java:1723)
	at com.alibaba.druid.pool.DruidDataSource$CreateConnectionThread.run(DruidDataSource.java:2838)
2024-11-11 22:36:57,670 ERROR [Druid-ConnectionPool-Create-1018618094][DruidDataSource.java:2840] - create connection SQLException, url: jdbc:mysql://192.168.101.65:3306/xc402_content148?serverTimezone=UTC&userUnicode=true&useSSL=false&, errorCode 1049, state 42000
java.sql.SQLSyntaxErrorException: Unknown database 'xc402_content148'
	at com.mysql.cj.jdbc.exceptions.SQLError.createSQLException(SQLError.java:120)
	at com.mysql.cj.jdbc.exceptions.SQLExceptionsMapping.translateException(SQLExceptionsMapping.java:122)
	at com.mysql.cj.jdbc.ConnectionImpl.createNewIO(ConnectionImpl.java:828)
	at com.mysql.cj.jdbc.ConnectionImpl.<init>(ConnectionImpl.java:448)
	at com.mysql.cj.jdbc.ConnectionImpl.getInstance(ConnectionImpl.java:241)
	at com.mysql.cj.jdbc.NonRegisteringDriver.connect(NonRegisteringDriver.java:198)
	at com.alibaba.druid.pool.DruidAbstractDataSource.createPhysicalConnection(DruidAbstractDataSource.java:1657)
	at com.alibaba.druid.pool.DruidAbstractDataSource.createPhysicalConnection(DruidAbstractDataSource.java:1723)
	at com.alibaba.druid.pool.DruidDataSource$CreateConnectionThread.run(DruidDataSource.java:2838)
2024-11-11 22:36:58,184 ERROR [Druid-ConnectionPool-Create-1018618094][DruidDataSource.java:2840] - create connection SQLException, url: jdbc:mysql://192.168.101.65:3306/xc402_content148?serverTimezone=UTC&userUnicode=true&useSSL=false&, errorCode 1049, state 42000
java.sql.SQLSyntaxErrorException: Unknown database 'xc402_content148'
	at com.mysql.cj.jdbc.exceptions.SQLError.createSQLException(SQLError.java:120)
	at com.mysql.cj.jdbc.exceptions.SQLExceptionsMapping.translateException(SQLExceptionsMapping.java:122)
	at com.mysql.cj.jdbc.ConnectionImpl.createNewIO(ConnectionImpl.java:828)
	at com.mysql.cj.jdbc.ConnectionImpl.<init>(ConnectionImpl.java:448)
	at com.mysql.cj.jdbc.ConnectionImpl.getInstance(ConnectionImpl.java:241)
	at com.mysql.cj.jdbc.NonRegisteringDriver.connect(NonRegisteringDriver.java:198)
	at com.alibaba.druid.pool.DruidAbstractDataSource.createPhysicalConnection(DruidAbstractDataSource.java:1657)
	at com.alibaba.druid.pool.DruidAbstractDataSource.createPhysicalConnection(DruidAbstractDataSource.java:1723)
	at com.alibaba.druid.pool.DruidDataSource$CreateConnectionThread.run(DruidDataSource.java:2838)
2024-11-11 22:36:58,696 ERROR [Druid-ConnectionPool-Create-1018618094][DruidDataSource.java:2840] - create connection SQLException, url: jdbc:mysql://192.168.101.65:3306/xc402_content148?serverTimezone=UTC&userUnicode=true&useSSL=false&, errorCode 1049, state 42000
java.sql.SQLSyntaxErrorException: Unknown database 'xc402_content148'
	at com.mysql.cj.jdbc.exceptions.SQLError.createSQLException(SQLError.java:120)
	at com.mysql.cj.jdbc.exceptions.SQLExceptionsMapping.translateException(SQLExceptionsMapping.java:122)
	at com.mysql.cj.jdbc.ConnectionImpl.createNewIO(ConnectionImpl.java:828)
	at com.mysql.cj.jdbc.ConnectionImpl.<init>(ConnectionImpl.java:448)
	at com.mysql.cj.jdbc.ConnectionImpl.getInstance(ConnectionImpl.java:241)
	at com.mysql.cj.jdbc.NonRegisteringDriver.connect(NonRegisteringDriver.java:198)
	at com.alibaba.druid.pool.DruidAbstractDataSource.createPhysicalConnection(DruidAbstractDataSource.java:1657)
	at com.alibaba.druid.pool.DruidAbstractDataSource.createPhysicalConnection(DruidAbstractDataSource.java:1723)
	at com.alibaba.druid.pool.DruidDataSource$CreateConnectionThread.run(DruidDataSource.java:2838)
2024-11-11 22:36:59,211 ERROR [Druid-ConnectionPool-Create-1018618094][DruidDataSource.java:2840] - create connection SQLException, url: jdbc:mysql://192.168.101.65:3306/xc402_content148?serverTimezone=UTC&userUnicode=true&useSSL=false&, errorCode 1049, state 42000
java.sql.SQLSyntaxErrorException: Unknown database 'xc402_content148'
	at com.mysql.cj.jdbc.exceptions.SQLError.createSQLException(SQLError.java:120)
	at com.mysql.cj.jdbc.exceptions.SQLExceptionsMapping.translateException(SQLExceptionsMapping.java:122)
	at com.mysql.cj.jdbc.ConnectionImpl.createNewIO(ConnectionImpl.java:828)
	at com.mysql.cj.jdbc.ConnectionImpl.<init>(ConnectionImpl.java:448)
	at com.mysql.cj.jdbc.ConnectionImpl.getInstance(ConnectionImpl.java:241)
	at com.mysql.cj.jdbc.NonRegisteringDriver.connect(NonRegisteringDriver.java:198)
	at com.alibaba.druid.pool.DruidAbstractDataSource.createPhysicalConnection(DruidAbstractDataSource.java:1657)
	at com.alibaba.druid.pool.DruidAbstractDataSource.createPhysicalConnection(DruidAbstractDataSource.java:1723)
	at com.alibaba.druid.pool.DruidDataSource$CreateConnectionThread.run(DruidDataSource.java:2838)
2024-11-11 22:36:59,723 ERROR [Druid-ConnectionPool-Create-1018618094][DruidDataSource.java:2840] - create connection SQLException, url: jdbc:mysql://192.168.101.65:3306/xc402_content148?serverTimezone=UTC&userUnicode=true&useSSL=false&, errorCode 1049, state 42000
java.sql.SQLSyntaxErrorException: Unknown database 'xc402_content148'
	at com.mysql.cj.jdbc.exceptions.SQLError.createSQLException(SQLError.java:120)
	at com.mysql.cj.jdbc.exceptions.SQLExceptionsMapping.translateException(SQLExceptionsMapping.java:122)
	at com.mysql.cj.jdbc.ConnectionImpl.createNewIO(ConnectionImpl.java:828)
	at com.mysql.cj.jdbc.ConnectionImpl.<init>(ConnectionImpl.java:448)
	at com.mysql.cj.jdbc.ConnectionImpl.getInstance(ConnectionImpl.java:241)
	at com.mysql.cj.jdbc.NonRegisteringDriver.connect(NonRegisteringDriver.java:198)
	at com.alibaba.druid.pool.DruidAbstractDataSource.createPhysicalConnection(DruidAbstractDataSource.java:1657)
	at com.alibaba.druid.pool.DruidAbstractDataSource.createPhysicalConnection(DruidAbstractDataSource.java:1723)
	at com.alibaba.druid.pool.DruidDataSource$CreateConnectionThread.run(DruidDataSource.java:2838)
2024-11-11 22:37:00,244 ERROR [Druid-ConnectionPool-Create-1018618094][DruidDataSource.java:2840] - create connection SQLException, url: jdbc:mysql://192.168.101.65:3306/xc402_content148?serverTimezone=UTC&userUnicode=true&useSSL=false&, errorCode 1049, state 42000
java.sql.SQLSyntaxErrorException: Unknown database 'xc402_content148'
	at com.mysql.cj.jdbc.exceptions.SQLError.createSQLException(SQLError.java:120)
	at com.mysql.cj.jdbc.exceptions.SQLExceptionsMapping.translateException(SQLExceptionsMapping.java:122)
	at com.mysql.cj.jdbc.ConnectionImpl.createNewIO(ConnectionImpl.java:828)
	at com.mysql.cj.jdbc.ConnectionImpl.<init>(ConnectionImpl.java:448)
	at com.mysql.cj.jdbc.ConnectionImpl.getInstance(ConnectionImpl.java:241)
	at com.mysql.cj.jdbc.NonRegisteringDriver.connect(NonRegisteringDriver.java:198)
	at com.alibaba.druid.pool.DruidAbstractDataSource.createPhysicalConnection(DruidAbstractDataSource.java:1657)
	at com.alibaba.druid.pool.DruidAbstractDataSource.createPhysicalConnection(DruidAbstractDataSource.java:1723)
	at com.alibaba.druid.pool.DruidDataSource$CreateConnectionThread.run(DruidDataSource.java:2838)
2024-11-11 22:37:00,762 ERROR [Druid-ConnectionPool-Create-1018618094][DruidDataSource.java:2840] - create connection SQLException, url: jdbc:mysql://192.168.101.65:3306/xc402_content148?serverTimezone=UTC&userUnicode=true&useSSL=false&, errorCode 1049, state 42000
java.sql.SQLSyntaxErrorException: Unknown database 'xc402_content148'
	at com.mysql.cj.jdbc.exceptions.SQLError.createSQLException(SQLError.java:120)
	at com.mysql.cj.jdbc.exceptions.SQLExceptionsMapping.translateException(SQLExceptionsMapping.java:122)
	at com.mysql.cj.jdbc.ConnectionImpl.createNewIO(ConnectionImpl.java:828)
	at com.mysql.cj.jdbc.ConnectionImpl.<init>(ConnectionImpl.java:448)
	at com.mysql.cj.jdbc.ConnectionImpl.getInstance(ConnectionImpl.java:241)
	at com.mysql.cj.jdbc.NonRegisteringDriver.connect(NonRegisteringDriver.java:198)
	at com.alibaba.druid.pool.DruidAbstractDataSource.createPhysicalConnection(DruidAbstractDataSource.java:1657)
	at com.alibaba.druid.pool.DruidAbstractDataSource.createPhysicalConnection(DruidAbstractDataSource.java:1723)
	at com.alibaba.druid.pool.DruidDataSource$CreateConnectionThread.run(DruidDataSource.java:2838)
2024-11-11 22:37:01,272 ERROR [Druid-ConnectionPool-Create-1018618094][DruidDataSource.java:2840] - create connection SQLException, url: jdbc:mysql://192.168.101.65:3306/xc402_content148?serverTimezone=UTC&userUnicode=true&useSSL=false&, errorCode 1049, state 42000
java.sql.SQLSyntaxErrorException: Unknown database 'xc402_content148'
	at com.mysql.cj.jdbc.exceptions.SQLError.createSQLException(SQLError.java:120)
	at com.mysql.cj.jdbc.exceptions.SQLExceptionsMapping.translateException(SQLExceptionsMapping.java:122)
	at com.mysql.cj.jdbc.ConnectionImpl.createNewIO(ConnectionImpl.java:828)
	at com.mysql.cj.jdbc.ConnectionImpl.<init>(ConnectionImpl.java:448)
	at com.mysql.cj.jdbc.ConnectionImpl.getInstance(ConnectionImpl.java:241)
	at com.mysql.cj.jdbc.NonRegisteringDriver.connect(NonRegisteringDriver.java:198)
	at com.alibaba.druid.pool.DruidAbstractDataSource.createPhysicalConnection(DruidAbstractDataSource.java:1657)
	at com.alibaba.druid.pool.DruidAbstractDataSource.createPhysicalConnection(DruidAbstractDataSource.java:1723)
	at com.alibaba.druid.pool.DruidDataSource$CreateConnectionThread.run(DruidDataSource.java:2838)
2024-11-11 22:37:01,782 ERROR [Druid-ConnectionPool-Create-1018618094][DruidDataSource.java:2840] - create connection SQLException, url: jdbc:mysql://192.168.101.65:3306/xc402_content148?serverTimezone=UTC&userUnicode=true&useSSL=false&, errorCode 1049, state 42000
java.sql.SQLSyntaxErrorException: Unknown database 'xc402_content148'
	at com.mysql.cj.jdbc.exceptions.SQLError.createSQLException(SQLError.java:120)
	at com.mysql.cj.jdbc.exceptions.SQLExceptionsMapping.translateException(SQLExceptionsMapping.java:122)
	at com.mysql.cj.jdbc.ConnectionImpl.createNewIO(ConnectionImpl.java:828)
	at com.mysql.cj.jdbc.ConnectionImpl.<init>(ConnectionImpl.java:448)
	at com.mysql.cj.jdbc.ConnectionImpl.getInstance(ConnectionImpl.java:241)
	at com.mysql.cj.jdbc.NonRegisteringDriver.connect(NonRegisteringDriver.java:198)
	at com.alibaba.druid.pool.DruidAbstractDataSource.createPhysicalConnection(DruidAbstractDataSource.java:1657)
	at com.alibaba.druid.pool.DruidAbstractDataSource.createPhysicalConnection(DruidAbstractDataSource.java:1723)
	at com.alibaba.druid.pool.DruidDataSource$CreateConnectionThread.run(DruidDataSource.java:2838)
2024-11-11 22:37:02,300 ERROR [Druid-ConnectionPool-Create-1018618094][DruidDataSource.java:2840] - create connection SQLException, url: jdbc:mysql://192.168.101.65:3306/xc402_content148?serverTimezone=UTC&userUnicode=true&useSSL=false&, errorCode 1049, state 42000
java.sql.SQLSyntaxErrorException: Unknown database 'xc402_content148'
	at com.mysql.cj.jdbc.exceptions.SQLError.createSQLException(SQLError.java:120)
	at com.mysql.cj.jdbc.exceptions.SQLExceptionsMapping.translateException(SQLExceptionsMapping.java:122)
	at com.mysql.cj.jdbc.ConnectionImpl.createNewIO(ConnectionImpl.java:828)
	at com.mysql.cj.jdbc.ConnectionImpl.<init>(ConnectionImpl.java:448)
	at com.mysql.cj.jdbc.ConnectionImpl.getInstance(ConnectionImpl.java:241)
	at com.mysql.cj.jdbc.NonRegisteringDriver.connect(NonRegisteringDriver.java:198)
	at com.alibaba.druid.pool.DruidAbstractDataSource.createPhysicalConnection(DruidAbstractDataSource.java:1657)
	at com.alibaba.druid.pool.DruidAbstractDataSource.createPhysicalConnection(DruidAbstractDataSource.java:1723)
	at com.alibaba.druid.pool.DruidDataSource$CreateConnectionThread.run(DruidDataSource.java:2838)
2024-11-11 22:37:02,816 ERROR [Druid-ConnectionPool-Create-1018618094][DruidDataSource.java:2840] - create connection SQLException, url: jdbc:mysql://192.168.101.65:3306/xc402_content148?serverTimezone=UTC&userUnicode=true&useSSL=false&, errorCode 1049, state 42000
java.sql.SQLSyntaxErrorException: Unknown database 'xc402_content148'
	at com.mysql.cj.jdbc.exceptions.SQLError.createSQLException(SQLError.java:120)
	at com.mysql.cj.jdbc.exceptions.SQLExceptionsMapping.translateException(SQLExceptionsMapping.java:122)
	at com.mysql.cj.jdbc.ConnectionImpl.createNewIO(ConnectionImpl.java:828)
	at com.mysql.cj.jdbc.ConnectionImpl.<init>(ConnectionImpl.java:448)
	at com.mysql.cj.jdbc.ConnectionImpl.getInstance(ConnectionImpl.java:241)
	at com.mysql.cj.jdbc.NonRegisteringDriver.connect(NonRegisteringDriver.java:198)
	at com.alibaba.druid.pool.DruidAbstractDataSource.createPhysicalConnection(DruidAbstractDataSource.java:1657)
	at com.alibaba.druid.pool.DruidAbstractDataSource.createPhysicalConnection(DruidAbstractDataSource.java:1723)
	at com.alibaba.druid.pool.DruidDataSource$CreateConnectionThread.run(DruidDataSource.java:2838)
2024-11-11 22:37:03,323 ERROR [Druid-ConnectionPool-Create-1018618094][DruidDataSource.java:2840] - create connection SQLException, url: jdbc:mysql://192.168.101.65:3306/xc402_content148?serverTimezone=UTC&userUnicode=true&useSSL=false&, errorCode 1049, state 42000
java.sql.SQLSyntaxErrorException: Unknown database 'xc402_content148'
	at com.mysql.cj.jdbc.exceptions.SQLError.createSQLException(SQLError.java:120)
	at com.mysql.cj.jdbc.exceptions.SQLExceptionsMapping.translateException(SQLExceptionsMapping.java:122)
	at com.mysql.cj.jdbc.ConnectionImpl.createNewIO(ConnectionImpl.java:828)
	at com.mysql.cj.jdbc.ConnectionImpl.<init>(ConnectionImpl.java:448)
	at com.mysql.cj.jdbc.ConnectionImpl.getInstance(ConnectionImpl.java:241)
	at com.mysql.cj.jdbc.NonRegisteringDriver.connect(NonRegisteringDriver.java:198)
	at com.alibaba.druid.pool.DruidAbstractDataSource.createPhysicalConnection(DruidAbstractDataSource.java:1657)
	at com.alibaba.druid.pool.DruidAbstractDataSource.createPhysicalConnection(DruidAbstractDataSource.java:1723)
	at com.alibaba.druid.pool.DruidDataSource$CreateConnectionThread.run(DruidDataSource.java:2838)
2024-11-11 22:37:03,838 ERROR [Druid-ConnectionPool-Create-1018618094][DruidDataSource.java:2840] - create connection SQLException, url: jdbc:mysql://192.168.101.65:3306/xc402_content148?serverTimezone=UTC&userUnicode=true&useSSL=false&, errorCode 1049, state 42000
java.sql.SQLSyntaxErrorException: Unknown database 'xc402_content148'
	at com.mysql.cj.jdbc.exceptions.SQLError.createSQLException(SQLError.java:120)
	at com.mysql.cj.jdbc.exceptions.SQLExceptionsMapping.translateException(SQLExceptionsMapping.java:122)
	at com.mysql.cj.jdbc.ConnectionImpl.createNewIO(ConnectionImpl.java:828)
	at com.mysql.cj.jdbc.ConnectionImpl.<init>(ConnectionImpl.java:448)
	at com.mysql.cj.jdbc.ConnectionImpl.getInstance(ConnectionImpl.java:241)
	at com.mysql.cj.jdbc.NonRegisteringDriver.connect(NonRegisteringDriver.java:198)
	at com.alibaba.druid.pool.DruidAbstractDataSource.createPhysicalConnection(DruidAbstractDataSource.java:1657)
	at com.alibaba.druid.pool.DruidAbstractDataSource.createPhysicalConnection(DruidAbstractDataSource.java:1723)
	at com.alibaba.druid.pool.DruidDataSource$CreateConnectionThread.run(DruidDataSource.java:2838)
2024-11-11 22:37:04,346 ERROR [Druid-ConnectionPool-Create-1018618094][DruidDataSource.java:2840] - create connection SQLException, url: jdbc:mysql://192.168.101.65:3306/xc402_content148?serverTimezone=UTC&userUnicode=true&useSSL=false&, errorCode 1049, state 42000
java.sql.SQLSyntaxErrorException: Unknown database 'xc402_content148'
	at com.mysql.cj.jdbc.exceptions.SQLError.createSQLException(SQLError.java:120)
	at com.mysql.cj.jdbc.exceptions.SQLExceptionsMapping.translateException(SQLExceptionsMapping.java:122)
	at com.mysql.cj.jdbc.ConnectionImpl.createNewIO(ConnectionImpl.java:828)
	at com.mysql.cj.jdbc.ConnectionImpl.<init>(ConnectionImpl.java:448)
	at com.mysql.cj.jdbc.ConnectionImpl.getInstance(ConnectionImpl.java:241)
	at com.mysql.cj.jdbc.NonRegisteringDriver.connect(NonRegisteringDriver.java:198)
	at com.alibaba.druid.pool.DruidAbstractDataSource.createPhysicalConnection(DruidAbstractDataSource.java:1657)
	at com.alibaba.druid.pool.DruidAbstractDataSource.createPhysicalConnection(DruidAbstractDataSource.java:1723)
	at com.alibaba.druid.pool.DruidDataSource$CreateConnectionThread.run(DruidDataSource.java:2838)
2024-11-11 22:37:04,870 ERROR [Druid-ConnectionPool-Create-1018618094][DruidDataSource.java:2840] - create connection SQLException, url: jdbc:mysql://192.168.101.65:3306/xc402_content148?serverTimezone=UTC&userUnicode=true&useSSL=false&, errorCode 1049, state 42000
java.sql.SQLSyntaxErrorException: Unknown database 'xc402_content148'
	at com.mysql.cj.jdbc.exceptions.SQLError.createSQLException(SQLError.java:120)
	at com.mysql.cj.jdbc.exceptions.SQLExceptionsMapping.translateException(SQLExceptionsMapping.java:122)
	at com.mysql.cj.jdbc.ConnectionImpl.createNewIO(ConnectionImpl.java:828)
	at com.mysql.cj.jdbc.ConnectionImpl.<init>(ConnectionImpl.java:448)
	at com.mysql.cj.jdbc.ConnectionImpl.getInstance(ConnectionImpl.java:241)
	at com.mysql.cj.jdbc.NonRegisteringDriver.connect(NonRegisteringDriver.java:198)
	at com.alibaba.druid.pool.DruidAbstractDataSource.createPhysicalConnection(DruidAbstractDataSource.java:1657)
	at com.alibaba.druid.pool.DruidAbstractDataSource.createPhysicalConnection(DruidAbstractDataSource.java:1723)
	at com.alibaba.druid.pool.DruidDataSource$CreateConnectionThread.run(DruidDataSource.java:2838)
2024-11-11 22:37:05,393 ERROR [Druid-ConnectionPool-Create-1018618094][DruidDataSource.java:2840] - create connection SQLException, url: jdbc:mysql://192.168.101.65:3306/xc402_content148?serverTimezone=UTC&userUnicode=true&useSSL=false&, errorCode 1049, state 42000
java.sql.SQLSyntaxErrorException: Unknown database 'xc402_content148'
	at com.mysql.cj.jdbc.exceptions.SQLError.createSQLException(SQLError.java:120)
	at com.mysql.cj.jdbc.exceptions.SQLExceptionsMapping.translateException(SQLExceptionsMapping.java:122)
	at com.mysql.cj.jdbc.ConnectionImpl.createNewIO(ConnectionImpl.java:828)
	at com.mysql.cj.jdbc.ConnectionImpl.<init>(ConnectionImpl.java:448)
	at com.mysql.cj.jdbc.ConnectionImpl.getInstance(ConnectionImpl.java:241)
	at com.mysql.cj.jdbc.NonRegisteringDriver.connect(NonRegisteringDriver.java:198)
	at com.alibaba.druid.pool.DruidAbstractDataSource.createPhysicalConnection(DruidAbstractDataSource.java:1657)
	at com.alibaba.druid.pool.DruidAbstractDataSource.createPhysicalConnection(DruidAbstractDataSource.java:1723)
	at com.alibaba.druid.pool.DruidDataSource$CreateConnectionThread.run(DruidDataSource.java:2838)
2024-11-11 22:37:05,913 ERROR [Druid-ConnectionPool-Create-1018618094][DruidDataSource.java:2840] - create connection SQLException, url: jdbc:mysql://192.168.101.65:3306/xc402_content148?serverTimezone=UTC&userUnicode=true&useSSL=false&, errorCode 1049, state 42000
java.sql.SQLSyntaxErrorException: Unknown database 'xc402_content148'
	at com.mysql.cj.jdbc.exceptions.SQLError.createSQLException(SQLError.java:120)
	at com.mysql.cj.jdbc.exceptions.SQLExceptionsMapping.translateException(SQLExceptionsMapping.java:122)
	at com.mysql.cj.jdbc.ConnectionImpl.createNewIO(ConnectionImpl.java:828)
	at com.mysql.cj.jdbc.ConnectionImpl.<init>(ConnectionImpl.java:448)
	at com.mysql.cj.jdbc.ConnectionImpl.getInstance(ConnectionImpl.java:241)
	at com.mysql.cj.jdbc.NonRegisteringDriver.connect(NonRegisteringDriver.java:198)
	at com.alibaba.druid.pool.DruidAbstractDataSource.createPhysicalConnection(DruidAbstractDataSource.java:1657)
	at com.alibaba.druid.pool.DruidAbstractDataSource.createPhysicalConnection(DruidAbstractDataSource.java:1723)
	at com.alibaba.druid.pool.DruidDataSource$CreateConnectionThread.run(DruidDataSource.java:2838)
2024-11-11 22:37:06,437 ERROR [Druid-ConnectionPool-Create-1018618094][DruidDataSource.java:2840] - create connection SQLException, url: jdbc:mysql://192.168.101.65:3306/xc402_content148?serverTimezone=UTC&userUnicode=true&useSSL=false&, errorCode 1049, state 42000
java.sql.SQLSyntaxErrorException: Unknown database 'xc402_content148'
	at com.mysql.cj.jdbc.exceptions.SQLError.createSQLException(SQLError.java:120)
	at com.mysql.cj.jdbc.exceptions.SQLExceptionsMapping.translateException(SQLExceptionsMapping.java:122)
	at com.mysql.cj.jdbc.ConnectionImpl.createNewIO(ConnectionImpl.java:828)
	at com.mysql.cj.jdbc.ConnectionImpl.<init>(ConnectionImpl.java:448)
	at com.mysql.cj.jdbc.ConnectionImpl.getInstance(ConnectionImpl.java:241)
	at com.mysql.cj.jdbc.NonRegisteringDriver.connect(NonRegisteringDriver.java:198)
	at com.alibaba.druid.pool.DruidAbstractDataSource.createPhysicalConnection(DruidAbstractDataSource.java:1657)
	at com.alibaba.druid.pool.DruidAbstractDataSource.createPhysicalConnection(DruidAbstractDataSource.java:1723)
	at com.alibaba.druid.pool.DruidDataSource$CreateConnectionThread.run(DruidDataSource.java:2838)
2024-11-11 22:37:06,949 ERROR [Druid-ConnectionPool-Create-1018618094][DruidDataSource.java:2840] - create connection SQLException, url: jdbc:mysql://192.168.101.65:3306/xc402_content148?serverTimezone=UTC&userUnicode=true&useSSL=false&, errorCode 1049, state 42000
java.sql.SQLSyntaxErrorException: Unknown database 'xc402_content148'
	at com.mysql.cj.jdbc.exceptions.SQLError.createSQLException(SQLError.java:120)
	at com.mysql.cj.jdbc.exceptions.SQLExceptionsMapping.translateException(SQLExceptionsMapping.java:122)
	at com.mysql.cj.jdbc.ConnectionImpl.createNewIO(ConnectionImpl.java:828)
	at com.mysql.cj.jdbc.ConnectionImpl.<init>(ConnectionImpl.java:448)
	at com.mysql.cj.jdbc.ConnectionImpl.getInstance(ConnectionImpl.java:241)
	at com.mysql.cj.jdbc.NonRegisteringDriver.connect(NonRegisteringDriver.java:198)
	at com.alibaba.druid.pool.DruidAbstractDataSource.createPhysicalConnection(DruidAbstractDataSource.java:1657)
	at com.alibaba.druid.pool.DruidAbstractDataSource.createPhysicalConnection(DruidAbstractDataSource.java:1723)
	at com.alibaba.druid.pool.DruidDataSource$CreateConnectionThread.run(DruidDataSource.java:2838)
2024-11-11 22:37:07,461 ERROR [Druid-ConnectionPool-Create-1018618094][DruidDataSource.java:2840] - create connection SQLException, url: jdbc:mysql://192.168.101.65:3306/xc402_content148?serverTimezone=UTC&userUnicode=true&useSSL=false&, errorCode 1049, state 42000
java.sql.SQLSyntaxErrorException: Unknown database 'xc402_content148'
	at com.mysql.cj.jdbc.exceptions.SQLError.createSQLException(SQLError.java:120)
	at com.mysql.cj.jdbc.exceptions.SQLExceptionsMapping.translateException(SQLExceptionsMapping.java:122)
	at com.mysql.cj.jdbc.ConnectionImpl.createNewIO(ConnectionImpl.java:828)
	at com.mysql.cj.jdbc.ConnectionImpl.<init>(ConnectionImpl.java:448)
	at com.mysql.cj.jdbc.ConnectionImpl.getInstance(ConnectionImpl.java:241)
	at com.mysql.cj.jdbc.NonRegisteringDriver.connect(NonRegisteringDriver.java:198)
	at com.alibaba.druid.pool.DruidAbstractDataSource.createPhysicalConnection(DruidAbstractDataSource.java:1657)
	at com.alibaba.druid.pool.DruidAbstractDataSource.createPhysicalConnection(DruidAbstractDataSource.java:1723)
	at com.alibaba.druid.pool.DruidDataSource$CreateConnectionThread.run(DruidDataSource.java:2838)
2024-11-11 22:37:07,981 ERROR [Druid-ConnectionPool-Create-1018618094][DruidDataSource.java:2840] - create connection SQLException, url: jdbc:mysql://192.168.101.65:3306/xc402_content148?serverTimezone=UTC&userUnicode=true&useSSL=false&, errorCode 1049, state 42000
java.sql.SQLSyntaxErrorException: Unknown database 'xc402_content148'
	at com.mysql.cj.jdbc.exceptions.SQLError.createSQLException(SQLError.java:120)
	at com.mysql.cj.jdbc.exceptions.SQLExceptionsMapping.translateException(SQLExceptionsMapping.java:122)
	at com.mysql.cj.jdbc.ConnectionImpl.createNewIO(ConnectionImpl.java:828)
	at com.mysql.cj.jdbc.ConnectionImpl.<init>(ConnectionImpl.java:448)
	at com.mysql.cj.jdbc.ConnectionImpl.getInstance(ConnectionImpl.java:241)
	at com.mysql.cj.jdbc.NonRegisteringDriver.connect(NonRegisteringDriver.java:198)
	at com.alibaba.druid.pool.DruidAbstractDataSource.createPhysicalConnection(DruidAbstractDataSource.java:1657)
	at com.alibaba.druid.pool.DruidAbstractDataSource.createPhysicalConnection(DruidAbstractDataSource.java:1723)
	at com.alibaba.druid.pool.DruidDataSource$CreateConnectionThread.run(DruidDataSource.java:2838)
2024-11-11 22:37:08,491 ERROR [Druid-ConnectionPool-Create-1018618094][DruidDataSource.java:2840] - create connection SQLException, url: jdbc:mysql://192.168.101.65:3306/xc402_content148?serverTimezone=UTC&userUnicode=true&useSSL=false&, errorCode 1049, state 42000
java.sql.SQLSyntaxErrorException: Unknown database 'xc402_content148'
	at com.mysql.cj.jdbc.exceptions.SQLError.createSQLException(SQLError.java:120)
	at com.mysql.cj.jdbc.exceptions.SQLExceptionsMapping.translateException(SQLExceptionsMapping.java:122)
	at com.mysql.cj.jdbc.ConnectionImpl.createNewIO(ConnectionImpl.java:828)
	at com.mysql.cj.jdbc.ConnectionImpl.<init>(ConnectionImpl.java:448)
	at com.mysql.cj.jdbc.ConnectionImpl.getInstance(ConnectionImpl.java:241)
	at com.mysql.cj.jdbc.NonRegisteringDriver.connect(NonRegisteringDriver.java:198)
	at com.alibaba.druid.pool.DruidAbstractDataSource.createPhysicalConnection(DruidAbstractDataSource.java:1657)
	at com.alibaba.druid.pool.DruidAbstractDataSource.createPhysicalConnection(DruidAbstractDataSource.java:1723)
	at com.alibaba.druid.pool.DruidDataSource$CreateConnectionThread.run(DruidDataSource.java:2838)
2024-11-11 22:37:09,011 ERROR [Druid-ConnectionPool-Create-1018618094][DruidDataSource.java:2840] - create connection SQLException, url: jdbc:mysql://192.168.101.65:3306/xc402_content148?serverTimezone=UTC&userUnicode=true&useSSL=false&, errorCode 1049, state 42000
java.sql.SQLSyntaxErrorException: Unknown database 'xc402_content148'
	at com.mysql.cj.jdbc.exceptions.SQLError.createSQLException(SQLError.java:120)
	at com.mysql.cj.jdbc.exceptions.SQLExceptionsMapping.translateException(SQLExceptionsMapping.java:122)
	at com.mysql.cj.jdbc.ConnectionImpl.createNewIO(ConnectionImpl.java:828)
	at com.mysql.cj.jdbc.ConnectionImpl.<init>(ConnectionImpl.java:448)
	at com.mysql.cj.jdbc.ConnectionImpl.getInstance(ConnectionImpl.java:241)
	at com.mysql.cj.jdbc.NonRegisteringDriver.connect(NonRegisteringDriver.java:198)
	at com.alibaba.druid.pool.DruidAbstractDataSource.createPhysicalConnection(DruidAbstractDataSource.java:1657)
	at com.alibaba.druid.pool.DruidAbstractDataSource.createPhysicalConnection(DruidAbstractDataSource.java:1723)
	at com.alibaba.druid.pool.DruidDataSource$CreateConnectionThread.run(DruidDataSource.java:2838)
2024-11-11 22:37:09,541 ERROR [Druid-ConnectionPool-Create-1018618094][DruidDataSource.java:2840] - create connection SQLException, url: jdbc:mysql://192.168.101.65:3306/xc402_content148?serverTimezone=UTC&userUnicode=true&useSSL=false&, errorCode 1049, state 42000
java.sql.SQLSyntaxErrorException: Unknown database 'xc402_content148'
	at com.mysql.cj.jdbc.exceptions.SQLError.createSQLException(SQLError.java:120)
	at com.mysql.cj.jdbc.exceptions.SQLExceptionsMapping.translateException(SQLExceptionsMapping.java:122)
	at com.mysql.cj.jdbc.ConnectionImpl.createNewIO(ConnectionImpl.java:828)
	at com.mysql.cj.jdbc.ConnectionImpl.<init>(ConnectionImpl.java:448)
	at com.mysql.cj.jdbc.ConnectionImpl.getInstance(ConnectionImpl.java:241)
	at com.mysql.cj.jdbc.NonRegisteringDriver.connect(NonRegisteringDriver.java:198)
	at com.alibaba.druid.pool.DruidAbstractDataSource.createPhysicalConnection(DruidAbstractDataSource.java:1657)
	at com.alibaba.druid.pool.DruidAbstractDataSource.createPhysicalConnection(DruidAbstractDataSource.java:1723)
	at com.alibaba.druid.pool.DruidDataSource$CreateConnectionThread.run(DruidDataSource.java:2838)
2024-11-11 22:37:10,061 ERROR [Druid-ConnectionPool-Create-1018618094][DruidDataSource.java:2840] - create connection SQLException, url: jdbc:mysql://192.168.101.65:3306/xc402_content148?serverTimezone=UTC&userUnicode=true&useSSL=false&, errorCode 1049, state 42000
java.sql.SQLSyntaxErrorException: Unknown database 'xc402_content148'
	at com.mysql.cj.jdbc.exceptions.SQLError.createSQLException(SQLError.java:120)
	at com.mysql.cj.jdbc.exceptions.SQLExceptionsMapping.translateException(SQLExceptionsMapping.java:122)
	at com.mysql.cj.jdbc.ConnectionImpl.createNewIO(ConnectionImpl.java:828)
	at com.mysql.cj.jdbc.ConnectionImpl.<init>(ConnectionImpl.java:448)
	at com.mysql.cj.jdbc.ConnectionImpl.getInstance(ConnectionImpl.java:241)
	at com.mysql.cj.jdbc.NonRegisteringDriver.connect(NonRegisteringDriver.java:198)
	at com.alibaba.druid.pool.DruidAbstractDataSource.createPhysicalConnection(DruidAbstractDataSource.java:1657)
	at com.alibaba.druid.pool.DruidAbstractDataSource.createPhysicalConnection(DruidAbstractDataSource.java:1723)
	at com.alibaba.druid.pool.DruidDataSource$CreateConnectionThread.run(DruidDataSource.java:2838)
2024-11-11 22:37:10,575 ERROR [Druid-ConnectionPool-Create-1018618094][DruidDataSource.java:2840] - create connection SQLException, url: jdbc:mysql://192.168.101.65:3306/xc402_content148?serverTimezone=UTC&userUnicode=true&useSSL=false&, errorCode 1049, state 42000
java.sql.SQLSyntaxErrorException: Unknown database 'xc402_content148'
	at com.mysql.cj.jdbc.exceptions.SQLError.createSQLException(SQLError.java:120)
	at com.mysql.cj.jdbc.exceptions.SQLExceptionsMapping.translateException(SQLExceptionsMapping.java:122)
	at com.mysql.cj.jdbc.ConnectionImpl.createNewIO(ConnectionImpl.java:828)
	at com.mysql.cj.jdbc.ConnectionImpl.<init>(ConnectionImpl.java:448)
	at com.mysql.cj.jdbc.ConnectionImpl.getInstance(ConnectionImpl.java:241)
	at com.mysql.cj.jdbc.NonRegisteringDriver.connect(NonRegisteringDriver.java:198)
	at com.alibaba.druid.pool.DruidAbstractDataSource.createPhysicalConnection(DruidAbstractDataSource.java:1657)
	at com.alibaba.druid.pool.DruidAbstractDataSource.createPhysicalConnection(DruidAbstractDataSource.java:1723)
	at com.alibaba.druid.pool.DruidDataSource$CreateConnectionThread.run(DruidDataSource.java:2838)
2024-11-11 22:37:11,082 ERROR [Druid-ConnectionPool-Create-1018618094][DruidDataSource.java:2840] - create connection SQLException, url: jdbc:mysql://192.168.101.65:3306/xc402_content148?serverTimezone=UTC&userUnicode=true&useSSL=false&, errorCode 1049, state 42000
java.sql.SQLSyntaxErrorException: Unknown database 'xc402_content148'
	at com.mysql.cj.jdbc.exceptions.SQLError.createSQLException(SQLError.java:120)
	at com.mysql.cj.jdbc.exceptions.SQLExceptionsMapping.translateException(SQLExceptionsMapping.java:122)
	at com.mysql.cj.jdbc.ConnectionImpl.createNewIO(ConnectionImpl.java:828)
	at com.mysql.cj.jdbc.ConnectionImpl.<init>(ConnectionImpl.java:448)
	at com.mysql.cj.jdbc.ConnectionImpl.getInstance(ConnectionImpl.java:241)
	at com.mysql.cj.jdbc.NonRegisteringDriver.connect(NonRegisteringDriver.java:198)
	at com.alibaba.druid.pool.DruidAbstractDataSource.createPhysicalConnection(DruidAbstractDataSource.java:1657)
	at com.alibaba.druid.pool.DruidAbstractDataSource.createPhysicalConnection(DruidAbstractDataSource.java:1723)
	at com.alibaba.druid.pool.DruidDataSource$CreateConnectionThread.run(DruidDataSource.java:2838)
2024-11-11 22:37:11,615 ERROR [Druid-ConnectionPool-Create-1018618094][DruidDataSource.java:2840] - create connection SQLException, url: jdbc:mysql://192.168.101.65:3306/xc402_content148?serverTimezone=UTC&userUnicode=true&useSSL=false&, errorCode 1049, state 42000
java.sql.SQLSyntaxErrorException: Unknown database 'xc402_content148'
	at com.mysql.cj.jdbc.exceptions.SQLError.createSQLException(SQLError.java:120)
	at com.mysql.cj.jdbc.exceptions.SQLExceptionsMapping.translateException(SQLExceptionsMapping.java:122)
	at com.mysql.cj.jdbc.ConnectionImpl.createNewIO(ConnectionImpl.java:828)
	at com.mysql.cj.jdbc.ConnectionImpl.<init>(ConnectionImpl.java:448)
	at com.mysql.cj.jdbc.ConnectionImpl.getInstance(ConnectionImpl.java:241)
	at com.mysql.cj.jdbc.NonRegisteringDriver.connect(NonRegisteringDriver.java:198)
	at com.alibaba.druid.pool.DruidAbstractDataSource.createPhysicalConnection(DruidAbstractDataSource.java:1657)
	at com.alibaba.druid.pool.DruidAbstractDataSource.createPhysicalConnection(DruidAbstractDataSource.java:1723)
	at com.alibaba.druid.pool.DruidDataSource$CreateConnectionThread.run(DruidDataSource.java:2838)
2024-11-11 22:37:12,134 ERROR [Druid-ConnectionPool-Create-1018618094][DruidDataSource.java:2840] - create connection SQLException, url: jdbc:mysql://192.168.101.65:3306/xc402_content148?serverTimezone=UTC&userUnicode=true&useSSL=false&, errorCode 1049, state 42000
java.sql.SQLSyntaxErrorException: Unknown database 'xc402_content148'
	at com.mysql.cj.jdbc.exceptions.SQLError.createSQLException(SQLError.java:120)
	at com.mysql.cj.jdbc.exceptions.SQLExceptionsMapping.translateException(SQLExceptionsMapping.java:122)
	at com.mysql.cj.jdbc.ConnectionImpl.createNewIO(ConnectionImpl.java:828)
	at com.mysql.cj.jdbc.ConnectionImpl.<init>(ConnectionImpl.java:448)
	at com.mysql.cj.jdbc.ConnectionImpl.getInstance(ConnectionImpl.java:241)
	at com.mysql.cj.jdbc.NonRegisteringDriver.connect(NonRegisteringDriver.java:198)
	at com.alibaba.druid.pool.DruidAbstractDataSource.createPhysicalConnection(DruidAbstractDataSource.java:1657)
	at com.alibaba.druid.pool.DruidAbstractDataSource.createPhysicalConnection(DruidAbstractDataSource.java:1723)
	at com.alibaba.druid.pool.DruidDataSource$CreateConnectionThread.run(DruidDataSource.java:2838)
2024-11-11 22:37:12,657 ERROR [Druid-ConnectionPool-Create-1018618094][DruidDataSource.java:2840] - create connection SQLException, url: jdbc:mysql://192.168.101.65:3306/xc402_content148?serverTimezone=UTC&userUnicode=true&useSSL=false&, errorCode 1049, state 42000
java.sql.SQLSyntaxErrorException: Unknown database 'xc402_content148'
	at com.mysql.cj.jdbc.exceptions.SQLError.createSQLException(SQLError.java:120)
	at com.mysql.cj.jdbc.exceptions.SQLExceptionsMapping.translateException(SQLExceptionsMapping.java:122)
	at com.mysql.cj.jdbc.ConnectionImpl.createNewIO(ConnectionImpl.java:828)
	at com.mysql.cj.jdbc.ConnectionImpl.<init>(ConnectionImpl.java:448)
	at com.mysql.cj.jdbc.ConnectionImpl.getInstance(ConnectionImpl.java:241)
	at com.mysql.cj.jdbc.NonRegisteringDriver.connect(NonRegisteringDriver.java:198)
	at com.alibaba.druid.pool.DruidAbstractDataSource.createPhysicalConnection(DruidAbstractDataSource.java:1657)
	at com.alibaba.druid.pool.DruidAbstractDataSource.createPhysicalConnection(DruidAbstractDataSource.java:1723)
	at com.alibaba.druid.pool.DruidDataSource$CreateConnectionThread.run(DruidDataSource.java:2838)
2024-11-11 22:37:13,173 ERROR [Druid-ConnectionPool-Create-1018618094][DruidDataSource.java:2840] - create connection SQLException, url: jdbc:mysql://192.168.101.65:3306/xc402_content148?serverTimezone=UTC&userUnicode=true&useSSL=false&, errorCode 1049, state 42000
java.sql.SQLSyntaxErrorException: Unknown database 'xc402_content148'
	at com.mysql.cj.jdbc.exceptions.SQLError.createSQLException(SQLError.java:120)
	at com.mysql.cj.jdbc.exceptions.SQLExceptionsMapping.translateException(SQLExceptionsMapping.java:122)
	at com.mysql.cj.jdbc.ConnectionImpl.createNewIO(ConnectionImpl.java:828)
	at com.mysql.cj.jdbc.ConnectionImpl.<init>(ConnectionImpl.java:448)
	at com.mysql.cj.jdbc.ConnectionImpl.getInstance(ConnectionImpl.java:241)
	at com.mysql.cj.jdbc.NonRegisteringDriver.connect(NonRegisteringDriver.java:198)
	at com.alibaba.druid.pool.DruidAbstractDataSource.createPhysicalConnection(DruidAbstractDataSource.java:1657)
	at com.alibaba.druid.pool.DruidAbstractDataSource.createPhysicalConnection(DruidAbstractDataSource.java:1723)
	at com.alibaba.druid.pool.DruidDataSource$CreateConnectionThread.run(DruidDataSource.java:2838)
2024-11-11 22:37:13,703 ERROR [Druid-ConnectionPool-Create-1018618094][DruidDataSource.java:2840] - create connection SQLException, url: jdbc:mysql://192.168.101.65:3306/xc402_content148?serverTimezone=UTC&userUnicode=true&useSSL=false&, errorCode 1049, state 42000
java.sql.SQLSyntaxErrorException: Unknown database 'xc402_content148'
	at com.mysql.cj.jdbc.exceptions.SQLError.createSQLException(SQLError.java:120)
	at com.mysql.cj.jdbc.exceptions.SQLExceptionsMapping.translateException(SQLExceptionsMapping.java:122)
	at com.mysql.cj.jdbc.ConnectionImpl.createNewIO(ConnectionImpl.java:828)
	at com.mysql.cj.jdbc.ConnectionImpl.<init>(ConnectionImpl.java:448)
	at com.mysql.cj.jdbc.ConnectionImpl.getInstance(ConnectionImpl.java:241)
	at com.mysql.cj.jdbc.NonRegisteringDriver.connect(NonRegisteringDriver.java:198)
	at com.alibaba.druid.pool.DruidAbstractDataSource.createPhysicalConnection(DruidAbstractDataSource.java:1657)
	at com.alibaba.druid.pool.DruidAbstractDataSource.createPhysicalConnection(DruidAbstractDataSource.java:1723)
	at com.alibaba.druid.pool.DruidDataSource$CreateConnectionThread.run(DruidDataSource.java:2838)
2024-11-11 22:37:14,223 ERROR [Druid-ConnectionPool-Create-1018618094][DruidDataSource.java:2840] - create connection SQLException, url: jdbc:mysql://192.168.101.65:3306/xc402_content148?serverTimezone=UTC&userUnicode=true&useSSL=false&, errorCode 1049, state 42000
java.sql.SQLSyntaxErrorException: Unknown database 'xc402_content148'
	at com.mysql.cj.jdbc.exceptions.SQLError.createSQLException(SQLError.java:120)
	at com.mysql.cj.jdbc.exceptions.SQLExceptionsMapping.translateException(SQLExceptionsMapping.java:122)
	at com.mysql.cj.jdbc.ConnectionImpl.createNewIO(ConnectionImpl.java:828)
	at com.mysql.cj.jdbc.ConnectionImpl.<init>(ConnectionImpl.java:448)
	at com.mysql.cj.jdbc.ConnectionImpl.getInstance(ConnectionImpl.java:241)
	at com.mysql.cj.jdbc.NonRegisteringDriver.connect(NonRegisteringDriver.java:198)
	at com.alibaba.druid.pool.DruidAbstractDataSource.createPhysicalConnection(DruidAbstractDataSource.java:1657)
	at com.alibaba.druid.pool.DruidAbstractDataSource.createPhysicalConnection(DruidAbstractDataSource.java:1723)
	at com.alibaba.druid.pool.DruidDataSource$CreateConnectionThread.run(DruidDataSource.java:2838)
2024-11-11 22:37:14,741 ERROR [Druid-ConnectionPool-Create-1018618094][DruidDataSource.java:2840] - create connection SQLException, url: jdbc:mysql://192.168.101.65:3306/xc402_content148?serverTimezone=UTC&userUnicode=true&useSSL=false&, errorCode 1049, state 42000
java.sql.SQLSyntaxErrorException: Unknown database 'xc402_content148'
	at com.mysql.cj.jdbc.exceptions.SQLError.createSQLException(SQLError.java:120)
	at com.mysql.cj.jdbc.exceptions.SQLExceptionsMapping.translateException(SQLExceptionsMapping.java:122)
	at com.mysql.cj.jdbc.ConnectionImpl.createNewIO(ConnectionImpl.java:828)
	at com.mysql.cj.jdbc.ConnectionImpl.<init>(ConnectionImpl.java:448)
	at com.mysql.cj.jdbc.ConnectionImpl.getInstance(ConnectionImpl.java:241)
	at com.mysql.cj.jdbc.NonRegisteringDriver.connect(NonRegisteringDriver.java:198)
	at com.alibaba.druid.pool.DruidAbstractDataSource.createPhysicalConnection(DruidAbstractDataSource.java:1657)
	at com.alibaba.druid.pool.DruidAbstractDataSource.createPhysicalConnection(DruidAbstractDataSource.java:1723)
	at com.alibaba.druid.pool.DruidDataSource$CreateConnectionThread.run(DruidDataSource.java:2838)
2024-11-11 22:37:15,253 ERROR [Druid-ConnectionPool-Create-1018618094][DruidDataSource.java:2840] - create connection SQLException, url: jdbc:mysql://192.168.101.65:3306/xc402_content148?serverTimezone=UTC&userUnicode=true&useSSL=false&, errorCode 1049, state 42000
java.sql.SQLSyntaxErrorException: Unknown database 'xc402_content148'
	at com.mysql.cj.jdbc.exceptions.SQLError.createSQLException(SQLError.java:120)
	at com.mysql.cj.jdbc.exceptions.SQLExceptionsMapping.translateException(SQLExceptionsMapping.java:122)
	at com.mysql.cj.jdbc.ConnectionImpl.createNewIO(ConnectionImpl.java:828)
	at com.mysql.cj.jdbc.ConnectionImpl.<init>(ConnectionImpl.java:448)
	at com.mysql.cj.jdbc.ConnectionImpl.getInstance(ConnectionImpl.java:241)
	at com.mysql.cj.jdbc.NonRegisteringDriver.connect(NonRegisteringDriver.java:198)
	at com.alibaba.druid.pool.DruidAbstractDataSource.createPhysicalConnection(DruidAbstractDataSource.java:1657)
	at com.alibaba.druid.pool.DruidAbstractDataSource.createPhysicalConnection(DruidAbstractDataSource.java:1723)
	at com.alibaba.druid.pool.DruidDataSource$CreateConnectionThread.run(DruidDataSource.java:2838)
2024-11-11 22:37:15,763 ERROR [Druid-ConnectionPool-Create-1018618094][DruidDataSource.java:2840] - create connection SQLException, url: jdbc:mysql://192.168.101.65:3306/xc402_content148?serverTimezone=UTC&userUnicode=true&useSSL=false&, errorCode 1049, state 42000
java.sql.SQLSyntaxErrorException: Unknown database 'xc402_content148'
	at com.mysql.cj.jdbc.exceptions.SQLError.createSQLException(SQLError.java:120)
	at com.mysql.cj.jdbc.exceptions.SQLExceptionsMapping.translateException(SQLExceptionsMapping.java:122)
	at com.mysql.cj.jdbc.ConnectionImpl.createNewIO(ConnectionImpl.java:828)
	at com.mysql.cj.jdbc.ConnectionImpl.<init>(ConnectionImpl.java:448)
	at com.mysql.cj.jdbc.ConnectionImpl.getInstance(ConnectionImpl.java:241)
	at com.mysql.cj.jdbc.NonRegisteringDriver.connect(NonRegisteringDriver.java:198)
	at com.alibaba.druid.pool.DruidAbstractDataSource.createPhysicalConnection(DruidAbstractDataSource.java:1657)
	at com.alibaba.druid.pool.DruidAbstractDataSource.createPhysicalConnection(DruidAbstractDataSource.java:1723)
	at com.alibaba.druid.pool.DruidDataSource$CreateConnectionThread.run(DruidDataSource.java:2838)
2024-11-11 22:37:16,279 ERROR [Druid-ConnectionPool-Create-1018618094][DruidDataSource.java:2840] - create connection SQLException, url: jdbc:mysql://192.168.101.65:3306/xc402_content148?serverTimezone=UTC&userUnicode=true&useSSL=false&, errorCode 1049, state 42000
java.sql.SQLSyntaxErrorException: Unknown database 'xc402_content148'
	at com.mysql.cj.jdbc.exceptions.SQLError.createSQLException(SQLError.java:120)
	at com.mysql.cj.jdbc.exceptions.SQLExceptionsMapping.translateException(SQLExceptionsMapping.java:122)
	at com.mysql.cj.jdbc.ConnectionImpl.createNewIO(ConnectionImpl.java:828)
	at com.mysql.cj.jdbc.ConnectionImpl.<init>(ConnectionImpl.java:448)
	at com.mysql.cj.jdbc.ConnectionImpl.getInstance(ConnectionImpl.java:241)
	at com.mysql.cj.jdbc.NonRegisteringDriver.connect(NonRegisteringDriver.java:198)
	at com.alibaba.druid.pool.DruidAbstractDataSource.createPhysicalConnection(DruidAbstractDataSource.java:1657)
	at com.alibaba.druid.pool.DruidAbstractDataSource.createPhysicalConnection(DruidAbstractDataSource.java:1723)
	at com.alibaba.druid.pool.DruidDataSource$CreateConnectionThread.run(DruidDataSource.java:2838)
2024-11-11 22:37:16,792 ERROR [Druid-ConnectionPool-Create-1018618094][DruidDataSource.java:2840] - create connection SQLException, url: jdbc:mysql://192.168.101.65:3306/xc402_content148?serverTimezone=UTC&userUnicode=true&useSSL=false&, errorCode 1049, state 42000
java.sql.SQLSyntaxErrorException: Unknown database 'xc402_content148'
	at com.mysql.cj.jdbc.exceptions.SQLError.createSQLException(SQLError.java:120)
	at com.mysql.cj.jdbc.exceptions.SQLExceptionsMapping.translateException(SQLExceptionsMapping.java:122)
	at com.mysql.cj.jdbc.ConnectionImpl.createNewIO(ConnectionImpl.java:828)
	at com.mysql.cj.jdbc.ConnectionImpl.<init>(ConnectionImpl.java:448)
	at com.mysql.cj.jdbc.ConnectionImpl.getInstance(ConnectionImpl.java:241)
	at com.mysql.cj.jdbc.NonRegisteringDriver.connect(NonRegisteringDriver.java:198)
	at com.alibaba.druid.pool.DruidAbstractDataSource.createPhysicalConnection(DruidAbstractDataSource.java:1657)
	at com.alibaba.druid.pool.DruidAbstractDataSource.createPhysicalConnection(DruidAbstractDataSource.java:1723)
	at com.alibaba.druid.pool.DruidDataSource$CreateConnectionThread.run(DruidDataSource.java:2838)
2024-11-11 22:37:17,303 ERROR [Druid-ConnectionPool-Create-1018618094][DruidDataSource.java:2840] - create connection SQLException, url: jdbc:mysql://192.168.101.65:3306/xc402_content148?serverTimezone=UTC&userUnicode=true&useSSL=false&, errorCode 1049, state 42000
java.sql.SQLSyntaxErrorException: Unknown database 'xc402_content148'
	at com.mysql.cj.jdbc.exceptions.SQLError.createSQLException(SQLError.java:120)
	at com.mysql.cj.jdbc.exceptions.SQLExceptionsMapping.translateException(SQLExceptionsMapping.java:122)
	at com.mysql.cj.jdbc.ConnectionImpl.createNewIO(ConnectionImpl.java:828)
	at com.mysql.cj.jdbc.ConnectionImpl.<init>(ConnectionImpl.java:448)
	at com.mysql.cj.jdbc.ConnectionImpl.getInstance(ConnectionImpl.java:241)
	at com.mysql.cj.jdbc.NonRegisteringDriver.connect(NonRegisteringDriver.java:198)
	at com.alibaba.druid.pool.DruidAbstractDataSource.createPhysicalConnection(DruidAbstractDataSource.java:1657)
	at com.alibaba.druid.pool.DruidAbstractDataSource.createPhysicalConnection(DruidAbstractDataSource.java:1723)
	at com.alibaba.druid.pool.DruidDataSource$CreateConnectionThread.run(DruidDataSource.java:2838)
2024-11-11 22:37:17,818 ERROR [Druid-ConnectionPool-Create-1018618094][DruidDataSource.java:2840] - create connection SQLException, url: jdbc:mysql://192.168.101.65:3306/xc402_content148?serverTimezone=UTC&userUnicode=true&useSSL=false&, errorCode 1049, state 42000
java.sql.SQLSyntaxErrorException: Unknown database 'xc402_content148'
	at com.mysql.cj.jdbc.exceptions.SQLError.createSQLException(SQLError.java:120)
	at com.mysql.cj.jdbc.exceptions.SQLExceptionsMapping.translateException(SQLExceptionsMapping.java:122)
	at com.mysql.cj.jdbc.ConnectionImpl.createNewIO(ConnectionImpl.java:828)
	at com.mysql.cj.jdbc.ConnectionImpl.<init>(ConnectionImpl.java:448)
	at com.mysql.cj.jdbc.ConnectionImpl.getInstance(ConnectionImpl.java:241)
	at com.mysql.cj.jdbc.NonRegisteringDriver.connect(NonRegisteringDriver.java:198)
	at com.alibaba.druid.pool.DruidAbstractDataSource.createPhysicalConnection(DruidAbstractDataSource.java:1657)
	at com.alibaba.druid.pool.DruidAbstractDataSource.createPhysicalConnection(DruidAbstractDataSource.java:1723)
	at com.alibaba.druid.pool.DruidDataSource$CreateConnectionThread.run(DruidDataSource.java:2838)
2024-11-11 22:37:18,338 ERROR [Druid-ConnectionPool-Create-1018618094][DruidDataSource.java:2840] - create connection SQLException, url: jdbc:mysql://192.168.101.65:3306/xc402_content148?serverTimezone=UTC&userUnicode=true&useSSL=false&, errorCode 1049, state 42000
java.sql.SQLSyntaxErrorException: Unknown database 'xc402_content148'
	at com.mysql.cj.jdbc.exceptions.SQLError.createSQLException(SQLError.java:120)
	at com.mysql.cj.jdbc.exceptions.SQLExceptionsMapping.translateException(SQLExceptionsMapping.java:122)
	at com.mysql.cj.jdbc.ConnectionImpl.createNewIO(ConnectionImpl.java:828)
	at com.mysql.cj.jdbc.ConnectionImpl.<init>(ConnectionImpl.java:448)
	at com.mysql.cj.jdbc.ConnectionImpl.getInstance(ConnectionImpl.java:241)
	at com.mysql.cj.jdbc.NonRegisteringDriver.connect(NonRegisteringDriver.java:198)
	at com.alibaba.druid.pool.DruidAbstractDataSource.createPhysicalConnection(DruidAbstractDataSource.java:1657)
	at com.alibaba.druid.pool.DruidAbstractDataSource.createPhysicalConnection(DruidAbstractDataSource.java:1723)
	at com.alibaba.druid.pool.DruidDataSource$CreateConnectionThread.run(DruidDataSource.java:2838)
2024-11-11 22:37:18,848 ERROR [Druid-ConnectionPool-Create-1018618094][DruidDataSource.java:2840] - create connection SQLException, url: jdbc:mysql://192.168.101.65:3306/xc402_content148?serverTimezone=UTC&userUnicode=true&useSSL=false&, errorCode 1049, state 42000
java.sql.SQLSyntaxErrorException: Unknown database 'xc402_content148'
	at com.mysql.cj.jdbc.exceptions.SQLError.createSQLException(SQLError.java:120)
	at com.mysql.cj.jdbc.exceptions.SQLExceptionsMapping.translateException(SQLExceptionsMapping.java:122)
	at com.mysql.cj.jdbc.ConnectionImpl.createNewIO(ConnectionImpl.java:828)
	at com.mysql.cj.jdbc.ConnectionImpl.<init>(ConnectionImpl.java:448)
	at com.mysql.cj.jdbc.ConnectionImpl.getInstance(ConnectionImpl.java:241)
	at com.mysql.cj.jdbc.NonRegisteringDriver.connect(NonRegisteringDriver.java:198)
	at com.alibaba.druid.pool.DruidAbstractDataSource.createPhysicalConnection(DruidAbstractDataSource.java:1657)
	at com.alibaba.druid.pool.DruidAbstractDataSource.createPhysicalConnection(DruidAbstractDataSource.java:1723)
	at com.alibaba.druid.pool.DruidDataSource$CreateConnectionThread.run(DruidDataSource.java:2838)
2024-11-11 22:37:19,360 ERROR [Druid-ConnectionPool-Create-1018618094][DruidDataSource.java:2840] - create connection SQLException, url: jdbc:mysql://192.168.101.65:3306/xc402_content148?serverTimezone=UTC&userUnicode=true&useSSL=false&, errorCode 1049, state 42000
java.sql.SQLSyntaxErrorException: Unknown database 'xc402_content148'
	at com.mysql.cj.jdbc.exceptions.SQLError.createSQLException(SQLError.java:120)
	at com.mysql.cj.jdbc.exceptions.SQLExceptionsMapping.translateException(SQLExceptionsMapping.java:122)
	at com.mysql.cj.jdbc.ConnectionImpl.createNewIO(ConnectionImpl.java:828)
	at com.mysql.cj.jdbc.ConnectionImpl.<init>(ConnectionImpl.java:448)
	at com.mysql.cj.jdbc.ConnectionImpl.getInstance(ConnectionImpl.java:241)
	at com.mysql.cj.jdbc.NonRegisteringDriver.connect(NonRegisteringDriver.java:198)
	at com.alibaba.druid.pool.DruidAbstractDataSource.createPhysicalConnection(DruidAbstractDataSource.java:1657)
	at com.alibaba.druid.pool.DruidAbstractDataSource.createPhysicalConnection(DruidAbstractDataSource.java:1723)
	at com.alibaba.druid.pool.DruidDataSource$CreateConnectionThread.run(DruidDataSource.java:2838)
2024-11-11 22:37:19,875 ERROR [Druid-ConnectionPool-Create-1018618094][DruidDataSource.java:2840] - create connection SQLException, url: jdbc:mysql://192.168.101.65:3306/xc402_content148?serverTimezone=UTC&userUnicode=true&useSSL=false&, errorCode 1049, state 42000
java.sql.SQLSyntaxErrorException: Unknown database 'xc402_content148'
	at com.mysql.cj.jdbc.exceptions.SQLError.createSQLException(SQLError.java:120)
	at com.mysql.cj.jdbc.exceptions.SQLExceptionsMapping.translateException(SQLExceptionsMapping.java:122)
	at com.mysql.cj.jdbc.ConnectionImpl.createNewIO(ConnectionImpl.java:828)
	at com.mysql.cj.jdbc.ConnectionImpl.<init>(ConnectionImpl.java:448)
	at com.mysql.cj.jdbc.ConnectionImpl.getInstance(ConnectionImpl.java:241)
	at com.mysql.cj.jdbc.NonRegisteringDriver.connect(NonRegisteringDriver.java:198)
	at com.alibaba.druid.pool.DruidAbstractDataSource.createPhysicalConnection(DruidAbstractDataSource.java:1657)
	at com.alibaba.druid.pool.DruidAbstractDataSource.createPhysicalConnection(DruidAbstractDataSource.java:1723)
	at com.alibaba.druid.pool.DruidDataSource$CreateConnectionThread.run(DruidDataSource.java:2838)
2024-11-11 22:37:20,387 ERROR [Druid-ConnectionPool-Create-1018618094][DruidDataSource.java:2840] - create connection SQLException, url: jdbc:mysql://192.168.101.65:3306/xc402_content148?serverTimezone=UTC&userUnicode=true&useSSL=false&, errorCode 1049, state 42000
java.sql.SQLSyntaxErrorException: Unknown database 'xc402_content148'
	at com.mysql.cj.jdbc.exceptions.SQLError.createSQLException(SQLError.java:120)
	at com.mysql.cj.jdbc.exceptions.SQLExceptionsMapping.translateException(SQLExceptionsMapping.java:122)
	at com.mysql.cj.jdbc.ConnectionImpl.createNewIO(ConnectionImpl.java:828)
	at com.mysql.cj.jdbc.ConnectionImpl.<init>(ConnectionImpl.java:448)
	at com.mysql.cj.jdbc.ConnectionImpl.getInstance(ConnectionImpl.java:241)
	at com.mysql.cj.jdbc.NonRegisteringDriver.connect(NonRegisteringDriver.java:198)
	at com.alibaba.druid.pool.DruidAbstractDataSource.createPhysicalConnection(DruidAbstractDataSource.java:1657)
	at com.alibaba.druid.pool.DruidAbstractDataSource.createPhysicalConnection(DruidAbstractDataSource.java:1723)
	at com.alibaba.druid.pool.DruidDataSource$CreateConnectionThread.run(DruidDataSource.java:2838)
2024-11-11 22:37:20,913 ERROR [Druid-ConnectionPool-Create-1018618094][DruidDataSource.java:2840] - create connection SQLException, url: jdbc:mysql://192.168.101.65:3306/xc402_content148?serverTimezone=UTC&userUnicode=true&useSSL=false&, errorCode 1049, state 42000
java.sql.SQLSyntaxErrorException: Unknown database 'xc402_content148'
	at com.mysql.cj.jdbc.exceptions.SQLError.createSQLException(SQLError.java:120)
	at com.mysql.cj.jdbc.exceptions.SQLExceptionsMapping.translateException(SQLExceptionsMapping.java:122)
	at com.mysql.cj.jdbc.ConnectionImpl.createNewIO(ConnectionImpl.java:828)
	at com.mysql.cj.jdbc.ConnectionImpl.<init>(ConnectionImpl.java:448)
	at com.mysql.cj.jdbc.ConnectionImpl.getInstance(ConnectionImpl.java:241)
	at com.mysql.cj.jdbc.NonRegisteringDriver.connect(NonRegisteringDriver.java:198)
	at com.alibaba.druid.pool.DruidAbstractDataSource.createPhysicalConnection(DruidAbstractDataSource.java:1657)
	at com.alibaba.druid.pool.DruidAbstractDataSource.createPhysicalConnection(DruidAbstractDataSource.java:1723)
	at com.alibaba.druid.pool.DruidDataSource$CreateConnectionThread.run(DruidDataSource.java:2838)
2024-11-11 22:37:21,445 ERROR [Druid-ConnectionPool-Create-1018618094][DruidDataSource.java:2840] - create connection SQLException, url: jdbc:mysql://192.168.101.65:3306/xc402_content148?serverTimezone=UTC&userUnicode=true&useSSL=false&, errorCode 1049, state 42000
java.sql.SQLSyntaxErrorException: Unknown database 'xc402_content148'
	at com.mysql.cj.jdbc.exceptions.SQLError.createSQLException(SQLError.java:120)
	at com.mysql.cj.jdbc.exceptions.SQLExceptionsMapping.translateException(SQLExceptionsMapping.java:122)
	at com.mysql.cj.jdbc.ConnectionImpl.createNewIO(ConnectionImpl.java:828)
	at com.mysql.cj.jdbc.ConnectionImpl.<init>(ConnectionImpl.java:448)
	at com.mysql.cj.jdbc.ConnectionImpl.getInstance(ConnectionImpl.java:241)
	at com.mysql.cj.jdbc.NonRegisteringDriver.connect(NonRegisteringDriver.java:198)
	at com.alibaba.druid.pool.DruidAbstractDataSource.createPhysicalConnection(DruidAbstractDataSource.java:1657)
	at com.alibaba.druid.pool.DruidAbstractDataSource.createPhysicalConnection(DruidAbstractDataSource.java:1723)
	at com.alibaba.druid.pool.DruidDataSource$CreateConnectionThread.run(DruidDataSource.java:2838)
2024-11-11 22:37:21,968 ERROR [Druid-ConnectionPool-Create-1018618094][DruidDataSource.java:2840] - create connection SQLException, url: jdbc:mysql://192.168.101.65:3306/xc402_content148?serverTimezone=UTC&userUnicode=true&useSSL=false&, errorCode 1049, state 42000
java.sql.SQLSyntaxErrorException: Unknown database 'xc402_content148'
	at com.mysql.cj.jdbc.exceptions.SQLError.createSQLException(SQLError.java:120)
	at com.mysql.cj.jdbc.exceptions.SQLExceptionsMapping.translateException(SQLExceptionsMapping.java:122)
	at com.mysql.cj.jdbc.ConnectionImpl.createNewIO(ConnectionImpl.java:828)
	at com.mysql.cj.jdbc.ConnectionImpl.<init>(ConnectionImpl.java:448)
	at com.mysql.cj.jdbc.ConnectionImpl.getInstance(ConnectionImpl.java:241)
	at com.mysql.cj.jdbc.NonRegisteringDriver.connect(NonRegisteringDriver.java:198)
	at com.alibaba.druid.pool.DruidAbstractDataSource.createPhysicalConnection(DruidAbstractDataSource.java:1657)
	at com.alibaba.druid.pool.DruidAbstractDataSource.createPhysicalConnection(DruidAbstractDataSource.java:1723)
	at com.alibaba.druid.pool.DruidDataSource$CreateConnectionThread.run(DruidDataSource.java:2838)
2024-11-11 22:37:22,487 ERROR [Druid-ConnectionPool-Create-1018618094][DruidDataSource.java:2840] - create connection SQLException, url: jdbc:mysql://192.168.101.65:3306/xc402_content148?serverTimezone=UTC&userUnicode=true&useSSL=false&, errorCode 1049, state 42000
java.sql.SQLSyntaxErrorException: Unknown database 'xc402_content148'
	at com.mysql.cj.jdbc.exceptions.SQLError.createSQLException(SQLError.java:120)
	at com.mysql.cj.jdbc.exceptions.SQLExceptionsMapping.translateException(SQLExceptionsMapping.java:122)
	at com.mysql.cj.jdbc.ConnectionImpl.createNewIO(ConnectionImpl.java:828)
	at com.mysql.cj.jdbc.ConnectionImpl.<init>(ConnectionImpl.java:448)
	at com.mysql.cj.jdbc.ConnectionImpl.getInstance(ConnectionImpl.java:241)
	at com.mysql.cj.jdbc.NonRegisteringDriver.connect(NonRegisteringDriver.java:198)
	at com.alibaba.druid.pool.DruidAbstractDataSource.createPhysicalConnection(DruidAbstractDataSource.java:1657)
	at com.alibaba.druid.pool.DruidAbstractDataSource.createPhysicalConnection(DruidAbstractDataSource.java:1723)
	at com.alibaba.druid.pool.DruidDataSource$CreateConnectionThread.run(DruidDataSource.java:2838)
2024-11-11 22:37:23,015 ERROR [Druid-ConnectionPool-Create-1018618094][DruidDataSource.java:2840] - create connection SQLException, url: jdbc:mysql://192.168.101.65:3306/xc402_content148?serverTimezone=UTC&userUnicode=true&useSSL=false&, errorCode 1049, state 42000
java.sql.SQLSyntaxErrorException: Unknown database 'xc402_content148'
	at com.mysql.cj.jdbc.exceptions.SQLError.createSQLException(SQLError.java:120)
	at com.mysql.cj.jdbc.exceptions.SQLExceptionsMapping.translateException(SQLExceptionsMapping.java:122)
	at com.mysql.cj.jdbc.ConnectionImpl.createNewIO(ConnectionImpl.java:828)
	at com.mysql.cj.jdbc.ConnectionImpl.<init>(ConnectionImpl.java:448)
	at com.mysql.cj.jdbc.ConnectionImpl.getInstance(ConnectionImpl.java:241)
	at com.mysql.cj.jdbc.NonRegisteringDriver.connect(NonRegisteringDriver.java:198)
	at com.alibaba.druid.pool.DruidAbstractDataSource.createPhysicalConnection(DruidAbstractDataSource.java:1657)
	at com.alibaba.druid.pool.DruidAbstractDataSource.createPhysicalConnection(DruidAbstractDataSource.java:1723)
	at com.alibaba.druid.pool.DruidDataSource$CreateConnectionThread.run(DruidDataSource.java:2838)
2024-11-11 22:37:23,531 ERROR [Druid-ConnectionPool-Create-1018618094][DruidDataSource.java:2840] - create connection SQLException, url: jdbc:mysql://192.168.101.65:3306/xc402_content148?serverTimezone=UTC&userUnicode=true&useSSL=false&, errorCode 1049, state 42000
java.sql.SQLSyntaxErrorException: Unknown database 'xc402_content148'
	at com.mysql.cj.jdbc.exceptions.SQLError.createSQLException(SQLError.java:120)
	at com.mysql.cj.jdbc.exceptions.SQLExceptionsMapping.translateException(SQLExceptionsMapping.java:122)
	at com.mysql.cj.jdbc.ConnectionImpl.createNewIO(ConnectionImpl.java:828)
	at com.mysql.cj.jdbc.ConnectionImpl.<init>(ConnectionImpl.java:448)
	at com.mysql.cj.jdbc.ConnectionImpl.getInstance(ConnectionImpl.java:241)
	at com.mysql.cj.jdbc.NonRegisteringDriver.connect(NonRegisteringDriver.java:198)
	at com.alibaba.druid.pool.DruidAbstractDataSource.createPhysicalConnection(DruidAbstractDataSource.java:1657)
	at com.alibaba.druid.pool.DruidAbstractDataSource.createPhysicalConnection(DruidAbstractDataSource.java:1723)
	at com.alibaba.druid.pool.DruidDataSource$CreateConnectionThread.run(DruidDataSource.java:2838)
2024-11-11 22:37:24,062 ERROR [Druid-ConnectionPool-Create-1018618094][DruidDataSource.java:2840] - create connection SQLException, url: jdbc:mysql://192.168.101.65:3306/xc402_content148?serverTimezone=UTC&userUnicode=true&useSSL=false&, errorCode 1049, state 42000
java.sql.SQLSyntaxErrorException: Unknown database 'xc402_content148'
	at com.mysql.cj.jdbc.exceptions.SQLError.createSQLException(SQLError.java:120)
	at com.mysql.cj.jdbc.exceptions.SQLExceptionsMapping.translateException(SQLExceptionsMapping.java:122)
	at com.mysql.cj.jdbc.ConnectionImpl.createNewIO(ConnectionImpl.java:828)
	at com.mysql.cj.jdbc.ConnectionImpl.<init>(ConnectionImpl.java:448)
	at com.mysql.cj.jdbc.ConnectionImpl.getInstance(ConnectionImpl.java:241)
	at com.mysql.cj.jdbc.NonRegisteringDriver.connect(NonRegisteringDriver.java:198)
	at com.alibaba.druid.pool.DruidAbstractDataSource.createPhysicalConnection(DruidAbstractDataSource.java:1657)
	at com.alibaba.druid.pool.DruidAbstractDataSource.createPhysicalConnection(DruidAbstractDataSource.java:1723)
	at com.alibaba.druid.pool.DruidDataSource$CreateConnectionThread.run(DruidDataSource.java:2838)
2024-11-11 22:37:24,584 ERROR [Druid-ConnectionPool-Create-1018618094][DruidDataSource.java:2840] - create connection SQLException, url: jdbc:mysql://192.168.101.65:3306/xc402_content148?serverTimezone=UTC&userUnicode=true&useSSL=false&, errorCode 1049, state 42000
java.sql.SQLSyntaxErrorException: Unknown database 'xc402_content148'
	at com.mysql.cj.jdbc.exceptions.SQLError.createSQLException(SQLError.java:120)
	at com.mysql.cj.jdbc.exceptions.SQLExceptionsMapping.translateException(SQLExceptionsMapping.java:122)
	at com.mysql.cj.jdbc.ConnectionImpl.createNewIO(ConnectionImpl.java:828)
	at com.mysql.cj.jdbc.ConnectionImpl.<init>(ConnectionImpl.java:448)
	at com.mysql.cj.jdbc.ConnectionImpl.getInstance(ConnectionImpl.java:241)
	at com.mysql.cj.jdbc.NonRegisteringDriver.connect(NonRegisteringDriver.java:198)
	at com.alibaba.druid.pool.DruidAbstractDataSource.createPhysicalConnection(DruidAbstractDataSource.java:1657)
	at com.alibaba.druid.pool.DruidAbstractDataSource.createPhysicalConnection(DruidAbstractDataSource.java:1723)
	at com.alibaba.druid.pool.DruidDataSource$CreateConnectionThread.run(DruidDataSource.java:2838)
2024-11-11 22:37:25,100 ERROR [Druid-ConnectionPool-Create-1018618094][DruidDataSource.java:2840] - create connection SQLException, url: jdbc:mysql://192.168.101.65:3306/xc402_content148?serverTimezone=UTC&userUnicode=true&useSSL=false&, errorCode 1049, state 42000
java.sql.SQLSyntaxErrorException: Unknown database 'xc402_content148'
	at com.mysql.cj.jdbc.exceptions.SQLError.createSQLException(SQLError.java:120)
	at com.mysql.cj.jdbc.exceptions.SQLExceptionsMapping.translateException(SQLExceptionsMapping.java:122)
	at com.mysql.cj.jdbc.ConnectionImpl.createNewIO(ConnectionImpl.java:828)
	at com.mysql.cj.jdbc.ConnectionImpl.<init>(ConnectionImpl.java:448)
	at com.mysql.cj.jdbc.ConnectionImpl.getInstance(ConnectionImpl.java:241)
	at com.mysql.cj.jdbc.NonRegisteringDriver.connect(NonRegisteringDriver.java:198)
	at com.alibaba.druid.pool.DruidAbstractDataSource.createPhysicalConnection(DruidAbstractDataSource.java:1657)
	at com.alibaba.druid.pool.DruidAbstractDataSource.createPhysicalConnection(DruidAbstractDataSource.java:1723)
	at com.alibaba.druid.pool.DruidDataSource$CreateConnectionThread.run(DruidDataSource.java:2838)
2024-11-11 22:37:25,612 ERROR [Druid-ConnectionPool-Create-1018618094][DruidDataSource.java:2840] - create connection SQLException, url: jdbc:mysql://192.168.101.65:3306/xc402_content148?serverTimezone=UTC&userUnicode=true&useSSL=false&, errorCode 1049, state 42000
java.sql.SQLSyntaxErrorException: Unknown database 'xc402_content148'
	at com.mysql.cj.jdbc.exceptions.SQLError.createSQLException(SQLError.java:120)
	at com.mysql.cj.jdbc.exceptions.SQLExceptionsMapping.translateException(SQLExceptionsMapping.java:122)
	at com.mysql.cj.jdbc.ConnectionImpl.createNewIO(ConnectionImpl.java:828)
	at com.mysql.cj.jdbc.ConnectionImpl.<init>(ConnectionImpl.java:448)
	at com.mysql.cj.jdbc.ConnectionImpl.getInstance(ConnectionImpl.java:241)
	at com.mysql.cj.jdbc.NonRegisteringDriver.connect(NonRegisteringDriver.java:198)
	at com.alibaba.druid.pool.DruidAbstractDataSource.createPhysicalConnection(DruidAbstractDataSource.java:1657)
	at com.alibaba.druid.pool.DruidAbstractDataSource.createPhysicalConnection(DruidAbstractDataSource.java:1723)
	at com.alibaba.druid.pool.DruidDataSource$CreateConnectionThread.run(DruidDataSource.java:2838)
2024-11-11 22:37:26,136 ERROR [Druid-ConnectionPool-Create-1018618094][DruidDataSource.java:2840] - create connection SQLException, url: jdbc:mysql://192.168.101.65:3306/xc402_content148?serverTimezone=UTC&userUnicode=true&useSSL=false&, errorCode 1049, state 42000
java.sql.SQLSyntaxErrorException: Unknown database 'xc402_content148'
	at com.mysql.cj.jdbc.exceptions.SQLError.createSQLException(SQLError.java:120)
	at com.mysql.cj.jdbc.exceptions.SQLExceptionsMapping.translateException(SQLExceptionsMapping.java:122)
	at com.mysql.cj.jdbc.ConnectionImpl.createNewIO(ConnectionImpl.java:828)
	at com.mysql.cj.jdbc.ConnectionImpl.<init>(ConnectionImpl.java:448)
	at com.mysql.cj.jdbc.ConnectionImpl.getInstance(ConnectionImpl.java:241)
	at com.mysql.cj.jdbc.NonRegisteringDriver.connect(NonRegisteringDriver.java:198)
	at com.alibaba.druid.pool.DruidAbstractDataSource.createPhysicalConnection(DruidAbstractDataSource.java:1657)
	at com.alibaba.druid.pool.DruidAbstractDataSource.createPhysicalConnection(DruidAbstractDataSource.java:1723)
	at com.alibaba.druid.pool.DruidDataSource$CreateConnectionThread.run(DruidDataSource.java:2838)
2024-11-11 22:37:26,652 ERROR [Druid-ConnectionPool-Create-1018618094][DruidDataSource.java:2840] - create connection SQLException, url: jdbc:mysql://192.168.101.65:3306/xc402_content148?serverTimezone=UTC&userUnicode=true&useSSL=false&, errorCode 1049, state 42000
java.sql.SQLSyntaxErrorException: Unknown database 'xc402_content148'
	at com.mysql.cj.jdbc.exceptions.SQLError.createSQLException(SQLError.java:120)
	at com.mysql.cj.jdbc.exceptions.SQLExceptionsMapping.translateException(SQLExceptionsMapping.java:122)
	at com.mysql.cj.jdbc.ConnectionImpl.createNewIO(ConnectionImpl.java:828)
	at com.mysql.cj.jdbc.ConnectionImpl.<init>(ConnectionImpl.java:448)
	at com.mysql.cj.jdbc.ConnectionImpl.getInstance(ConnectionImpl.java:241)
	at com.mysql.cj.jdbc.NonRegisteringDriver.connect(NonRegisteringDriver.java:198)
	at com.alibaba.druid.pool.DruidAbstractDataSource.createPhysicalConnection(DruidAbstractDataSource.java:1657)
	at com.alibaba.druid.pool.DruidAbstractDataSource.createPhysicalConnection(DruidAbstractDataSource.java:1723)
	at com.alibaba.druid.pool.DruidDataSource$CreateConnectionThread.run(DruidDataSource.java:2838)
2024-11-11 22:37:27,163 ERROR [Druid-ConnectionPool-Create-1018618094][DruidDataSource.java:2840] - create connection SQLException, url: jdbc:mysql://192.168.101.65:3306/xc402_content148?serverTimezone=UTC&userUnicode=true&useSSL=false&, errorCode 1049, state 42000
java.sql.SQLSyntaxErrorException: Unknown database 'xc402_content148'
	at com.mysql.cj.jdbc.exceptions.SQLError.createSQLException(SQLError.java:120)
	at com.mysql.cj.jdbc.exceptions.SQLExceptionsMapping.translateException(SQLExceptionsMapping.java:122)
	at com.mysql.cj.jdbc.ConnectionImpl.createNewIO(ConnectionImpl.java:828)
	at com.mysql.cj.jdbc.ConnectionImpl.<init>(ConnectionImpl.java:448)
	at com.mysql.cj.jdbc.ConnectionImpl.getInstance(ConnectionImpl.java:241)
	at com.mysql.cj.jdbc.NonRegisteringDriver.connect(NonRegisteringDriver.java:198)
	at com.alibaba.druid.pool.DruidAbstractDataSource.createPhysicalConnection(DruidAbstractDataSource.java:1657)
	at com.alibaba.druid.pool.DruidAbstractDataSource.createPhysicalConnection(DruidAbstractDataSource.java:1723)
	at com.alibaba.druid.pool.DruidDataSource$CreateConnectionThread.run(DruidDataSource.java:2838)
2024-11-11 22:37:27,678 ERROR [Druid-ConnectionPool-Create-1018618094][DruidDataSource.java:2840] - create connection SQLException, url: jdbc:mysql://192.168.101.65:3306/xc402_content148?serverTimezone=UTC&userUnicode=true&useSSL=false&, errorCode 1049, state 42000
java.sql.SQLSyntaxErrorException: Unknown database 'xc402_content148'
	at com.mysql.cj.jdbc.exceptions.SQLError.createSQLException(SQLError.java:120)
	at com.mysql.cj.jdbc.exceptions.SQLExceptionsMapping.translateException(SQLExceptionsMapping.java:122)
	at com.mysql.cj.jdbc.ConnectionImpl.createNewIO(ConnectionImpl.java:828)
	at com.mysql.cj.jdbc.ConnectionImpl.<init>(ConnectionImpl.java:448)
	at com.mysql.cj.jdbc.ConnectionImpl.getInstance(ConnectionImpl.java:241)
	at com.mysql.cj.jdbc.NonRegisteringDriver.connect(NonRegisteringDriver.java:198)
	at com.alibaba.druid.pool.DruidAbstractDataSource.createPhysicalConnection(DruidAbstractDataSource.java:1657)
	at com.alibaba.druid.pool.DruidAbstractDataSource.createPhysicalConnection(DruidAbstractDataSource.java:1723)
	at com.alibaba.druid.pool.DruidDataSource$CreateConnectionThread.run(DruidDataSource.java:2838)
2024-11-11 22:37:28,200 ERROR [Druid-ConnectionPool-Create-1018618094][DruidDataSource.java:2840] - create connection SQLException, url: jdbc:mysql://192.168.101.65:3306/xc402_content148?serverTimezone=UTC&userUnicode=true&useSSL=false&, errorCode 1049, state 42000
java.sql.SQLSyntaxErrorException: Unknown database 'xc402_content148'
	at com.mysql.cj.jdbc.exceptions.SQLError.createSQLException(SQLError.java:120)
	at com.mysql.cj.jdbc.exceptions.SQLExceptionsMapping.translateException(SQLExceptionsMapping.java:122)
	at com.mysql.cj.jdbc.ConnectionImpl.createNewIO(ConnectionImpl.java:828)
	at com.mysql.cj.jdbc.ConnectionImpl.<init>(ConnectionImpl.java:448)
	at com.mysql.cj.jdbc.ConnectionImpl.getInstance(ConnectionImpl.java:241)
	at com.mysql.cj.jdbc.NonRegisteringDriver.connect(NonRegisteringDriver.java:198)
	at com.alibaba.druid.pool.DruidAbstractDataSource.createPhysicalConnection(DruidAbstractDataSource.java:1657)
	at com.alibaba.druid.pool.DruidAbstractDataSource.createPhysicalConnection(DruidAbstractDataSource.java:1723)
	at com.alibaba.druid.pool.DruidDataSource$CreateConnectionThread.run(DruidDataSource.java:2838)
2024-11-11 22:37:28,723 ERROR [Druid-ConnectionPool-Create-1018618094][DruidDataSource.java:2840] - create connection SQLException, url: jdbc:mysql://192.168.101.65:3306/xc402_content148?serverTimezone=UTC&userUnicode=true&useSSL=false&, errorCode 1049, state 42000
java.sql.SQLSyntaxErrorException: Unknown database 'xc402_content148'
	at com.mysql.cj.jdbc.exceptions.SQLError.createSQLException(SQLError.java:120)
	at com.mysql.cj.jdbc.exceptions.SQLExceptionsMapping.translateException(SQLExceptionsMapping.java:122)
	at com.mysql.cj.jdbc.ConnectionImpl.createNewIO(ConnectionImpl.java:828)
	at com.mysql.cj.jdbc.ConnectionImpl.<init>(ConnectionImpl.java:448)
	at com.mysql.cj.jdbc.ConnectionImpl.getInstance(ConnectionImpl.java:241)
	at com.mysql.cj.jdbc.NonRegisteringDriver.connect(NonRegisteringDriver.java:198)
	at com.alibaba.druid.pool.DruidAbstractDataSource.createPhysicalConnection(DruidAbstractDataSource.java:1657)
	at com.alibaba.druid.pool.DruidAbstractDataSource.createPhysicalConnection(DruidAbstractDataSource.java:1723)
	at com.alibaba.druid.pool.DruidDataSource$CreateConnectionThread.run(DruidDataSource.java:2838)
2024-11-11 22:37:29,243 ERROR [Druid-ConnectionPool-Create-1018618094][DruidDataSource.java:2840] - create connection SQLException, url: jdbc:mysql://192.168.101.65:3306/xc402_content148?serverTimezone=UTC&userUnicode=true&useSSL=false&, errorCode 1049, state 42000
java.sql.SQLSyntaxErrorException: Unknown database 'xc402_content148'
	at com.mysql.cj.jdbc.exceptions.SQLError.createSQLException(SQLError.java:120)
	at com.mysql.cj.jdbc.exceptions.SQLExceptionsMapping.translateException(SQLExceptionsMapping.java:122)
	at com.mysql.cj.jdbc.ConnectionImpl.createNewIO(ConnectionImpl.java:828)
	at com.mysql.cj.jdbc.ConnectionImpl.<init>(ConnectionImpl.java:448)
	at com.mysql.cj.jdbc.ConnectionImpl.getInstance(ConnectionImpl.java:241)
	at com.mysql.cj.jdbc.NonRegisteringDriver.connect(NonRegisteringDriver.java:198)
	at com.alibaba.druid.pool.DruidAbstractDataSource.createPhysicalConnection(DruidAbstractDataSource.java:1657)
	at com.alibaba.druid.pool.DruidAbstractDataSource.createPhysicalConnection(DruidAbstractDataSource.java:1723)
	at com.alibaba.druid.pool.DruidDataSource$CreateConnectionThread.run(DruidDataSource.java:2838)
2024-11-11 22:37:29,760 ERROR [Druid-ConnectionPool-Create-1018618094][DruidDataSource.java:2840] - create connection SQLException, url: jdbc:mysql://192.168.101.65:3306/xc402_content148?serverTimezone=UTC&userUnicode=true&useSSL=false&, errorCode 1049, state 42000
java.sql.SQLSyntaxErrorException: Unknown database 'xc402_content148'
	at com.mysql.cj.jdbc.exceptions.SQLError.createSQLException(SQLError.java:120)
	at com.mysql.cj.jdbc.exceptions.SQLExceptionsMapping.translateException(SQLExceptionsMapping.java:122)
	at com.mysql.cj.jdbc.ConnectionImpl.createNewIO(ConnectionImpl.java:828)
	at com.mysql.cj.jdbc.ConnectionImpl.<init>(ConnectionImpl.java:448)
	at com.mysql.cj.jdbc.ConnectionImpl.getInstance(ConnectionImpl.java:241)
	at com.mysql.cj.jdbc.NonRegisteringDriver.connect(NonRegisteringDriver.java:198)
	at com.alibaba.druid.pool.DruidAbstractDataSource.createPhysicalConnection(DruidAbstractDataSource.java:1657)
	at com.alibaba.druid.pool.DruidAbstractDataSource.createPhysicalConnection(DruidAbstractDataSource.java:1723)
	at com.alibaba.druid.pool.DruidDataSource$CreateConnectionThread.run(DruidDataSource.java:2838)
2024-11-11 22:37:30,269 ERROR [Druid-ConnectionPool-Create-1018618094][DruidDataSource.java:2840] - create connection SQLException, url: jdbc:mysql://192.168.101.65:3306/xc402_content148?serverTimezone=UTC&userUnicode=true&useSSL=false&, errorCode 1049, state 42000
java.sql.SQLSyntaxErrorException: Unknown database 'xc402_content148'
	at com.mysql.cj.jdbc.exceptions.SQLError.createSQLException(SQLError.java:120)
	at com.mysql.cj.jdbc.exceptions.SQLExceptionsMapping.translateException(SQLExceptionsMapping.java:122)
	at com.mysql.cj.jdbc.ConnectionImpl.createNewIO(ConnectionImpl.java:828)
	at com.mysql.cj.jdbc.ConnectionImpl.<init>(ConnectionImpl.java:448)
	at com.mysql.cj.jdbc.ConnectionImpl.getInstance(ConnectionImpl.java:241)
	at com.mysql.cj.jdbc.NonRegisteringDriver.connect(NonRegisteringDriver.java:198)
	at com.alibaba.druid.pool.DruidAbstractDataSource.createPhysicalConnection(DruidAbstractDataSource.java:1657)
	at com.alibaba.druid.pool.DruidAbstractDataSource.createPhysicalConnection(DruidAbstractDataSource.java:1723)
	at com.alibaba.druid.pool.DruidDataSource$CreateConnectionThread.run(DruidDataSource.java:2838)
2024-11-11 22:37:30,782 ERROR [Druid-ConnectionPool-Create-1018618094][DruidDataSource.java:2840] - create connection SQLException, url: jdbc:mysql://192.168.101.65:3306/xc402_content148?serverTimezone=UTC&userUnicode=true&useSSL=false&, errorCode 1049, state 42000
java.sql.SQLSyntaxErrorException: Unknown database 'xc402_content148'
	at com.mysql.cj.jdbc.exceptions.SQLError.createSQLException(SQLError.java:120)
	at com.mysql.cj.jdbc.exceptions.SQLExceptionsMapping.translateException(SQLExceptionsMapping.java:122)
	at com.mysql.cj.jdbc.ConnectionImpl.createNewIO(ConnectionImpl.java:828)
	at com.mysql.cj.jdbc.ConnectionImpl.<init>(ConnectionImpl.java:448)
	at com.mysql.cj.jdbc.ConnectionImpl.getInstance(ConnectionImpl.java:241)
	at com.mysql.cj.jdbc.NonRegisteringDriver.connect(NonRegisteringDriver.java:198)
	at com.alibaba.druid.pool.DruidAbstractDataSource.createPhysicalConnection(DruidAbstractDataSource.java:1657)
	at com.alibaba.druid.pool.DruidAbstractDataSource.createPhysicalConnection(DruidAbstractDataSource.java:1723)
	at com.alibaba.druid.pool.DruidDataSource$CreateConnectionThread.run(DruidDataSource.java:2838)
2024-11-11 22:37:31,317 ERROR [Druid-ConnectionPool-Create-1018618094][DruidDataSource.java:2840] - create connection SQLException, url: jdbc:mysql://192.168.101.65:3306/xc402_content148?serverTimezone=UTC&userUnicode=true&useSSL=false&, errorCode 1049, state 42000
java.sql.SQLSyntaxErrorException: Unknown database 'xc402_content148'
	at com.mysql.cj.jdbc.exceptions.SQLError.createSQLException(SQLError.java:120)
	at com.mysql.cj.jdbc.exceptions.SQLExceptionsMapping.translateException(SQLExceptionsMapping.java:122)
	at com.mysql.cj.jdbc.ConnectionImpl.createNewIO(ConnectionImpl.java:828)
	at com.mysql.cj.jdbc.ConnectionImpl.<init>(ConnectionImpl.java:448)
	at com.mysql.cj.jdbc.ConnectionImpl.getInstance(ConnectionImpl.java:241)
	at com.mysql.cj.jdbc.NonRegisteringDriver.connect(NonRegisteringDriver.java:198)
	at com.alibaba.druid.pool.DruidAbstractDataSource.createPhysicalConnection(DruidAbstractDataSource.java:1657)
	at com.alibaba.druid.pool.DruidAbstractDataSource.createPhysicalConnection(DruidAbstractDataSource.java:1723)
	at com.alibaba.druid.pool.DruidDataSource$CreateConnectionThread.run(DruidDataSource.java:2838)
2024-11-11 22:37:31,833 ERROR [Druid-ConnectionPool-Create-1018618094][DruidDataSource.java:2840] - create connection SQLException, url: jdbc:mysql://192.168.101.65:3306/xc402_content148?serverTimezone=UTC&userUnicode=true&useSSL=false&, errorCode 1049, state 42000
java.sql.SQLSyntaxErrorException: Unknown database 'xc402_content148'
	at com.mysql.cj.jdbc.exceptions.SQLError.createSQLException(SQLError.java:120)
	at com.mysql.cj.jdbc.exceptions.SQLExceptionsMapping.translateException(SQLExceptionsMapping.java:122)
	at com.mysql.cj.jdbc.ConnectionImpl.createNewIO(ConnectionImpl.java:828)
	at com.mysql.cj.jdbc.ConnectionImpl.<init>(ConnectionImpl.java:448)
	at com.mysql.cj.jdbc.ConnectionImpl.getInstance(ConnectionImpl.java:241)
	at com.mysql.cj.jdbc.NonRegisteringDriver.connect(NonRegisteringDriver.java:198)
	at com.alibaba.druid.pool.DruidAbstractDataSource.createPhysicalConnection(DruidAbstractDataSource.java:1657)
	at com.alibaba.druid.pool.DruidAbstractDataSource.createPhysicalConnection(DruidAbstractDataSource.java:1723)
	at com.alibaba.druid.pool.DruidDataSource$CreateConnectionThread.run(DruidDataSource.java:2838)
2024-11-11 22:37:32,361 ERROR [Druid-ConnectionPool-Create-1018618094][DruidDataSource.java:2840] - create connection SQLException, url: jdbc:mysql://192.168.101.65:3306/xc402_content148?serverTimezone=UTC&userUnicode=true&useSSL=false&, errorCode 1049, state 42000
java.sql.SQLSyntaxErrorException: Unknown database 'xc402_content148'
	at com.mysql.cj.jdbc.exceptions.SQLError.createSQLException(SQLError.java:120)
	at com.mysql.cj.jdbc.exceptions.SQLExceptionsMapping.translateException(SQLExceptionsMapping.java:122)
	at com.mysql.cj.jdbc.ConnectionImpl.createNewIO(ConnectionImpl.java:828)
	at com.mysql.cj.jdbc.ConnectionImpl.<init>(ConnectionImpl.java:448)
	at com.mysql.cj.jdbc.ConnectionImpl.getInstance(ConnectionImpl.java:241)
	at com.mysql.cj.jdbc.NonRegisteringDriver.connect(NonRegisteringDriver.java:198)
	at com.alibaba.druid.pool.DruidAbstractDataSource.createPhysicalConnection(DruidAbstractDataSource.java:1657)
	at com.alibaba.druid.pool.DruidAbstractDataSource.createPhysicalConnection(DruidAbstractDataSource.java:1723)
	at com.alibaba.druid.pool.DruidDataSource$CreateConnectionThread.run(DruidDataSource.java:2838)
2024-11-11 22:37:32,885 ERROR [Druid-ConnectionPool-Create-1018618094][DruidDataSource.java:2840] - create connection SQLException, url: jdbc:mysql://192.168.101.65:3306/xc402_content148?serverTimezone=UTC&userUnicode=true&useSSL=false&, errorCode 1049, state 42000
java.sql.SQLSyntaxErrorException: Unknown database 'xc402_content148'
	at com.mysql.cj.jdbc.exceptions.SQLError.createSQLException(SQLError.java:120)
	at com.mysql.cj.jdbc.exceptions.SQLExceptionsMapping.translateException(SQLExceptionsMapping.java:122)
	at com.mysql.cj.jdbc.ConnectionImpl.createNewIO(ConnectionImpl.java:828)
	at com.mysql.cj.jdbc.ConnectionImpl.<init>(ConnectionImpl.java:448)
	at com.mysql.cj.jdbc.ConnectionImpl.getInstance(ConnectionImpl.java:241)
	at com.mysql.cj.jdbc.NonRegisteringDriver.connect(NonRegisteringDriver.java:198)
	at com.alibaba.druid.pool.DruidAbstractDataSource.createPhysicalConnection(DruidAbstractDataSource.java:1657)
	at com.alibaba.druid.pool.DruidAbstractDataSource.createPhysicalConnection(DruidAbstractDataSource.java:1723)
	at com.alibaba.druid.pool.DruidDataSource$CreateConnectionThread.run(DruidDataSource.java:2838)
2024-11-11 22:37:33,404 ERROR [Druid-ConnectionPool-Create-1018618094][DruidDataSource.java:2840] - create connection SQLException, url: jdbc:mysql://192.168.101.65:3306/xc402_content148?serverTimezone=UTC&userUnicode=true&useSSL=false&, errorCode 1049, state 42000
java.sql.SQLSyntaxErrorException: Unknown database 'xc402_content148'
	at com.mysql.cj.jdbc.exceptions.SQLError.createSQLException(SQLError.java:120)
	at com.mysql.cj.jdbc.exceptions.SQLExceptionsMapping.translateException(SQLExceptionsMapping.java:122)
	at com.mysql.cj.jdbc.ConnectionImpl.createNewIO(ConnectionImpl.java:828)
	at com.mysql.cj.jdbc.ConnectionImpl.<init>(ConnectionImpl.java:448)
	at com.mysql.cj.jdbc.ConnectionImpl.getInstance(ConnectionImpl.java:241)
	at com.mysql.cj.jdbc.NonRegisteringDriver.connect(NonRegisteringDriver.java:198)
	at com.alibaba.druid.pool.DruidAbstractDataSource.createPhysicalConnection(DruidAbstractDataSource.java:1657)
	at com.alibaba.druid.pool.DruidAbstractDataSource.createPhysicalConnection(DruidAbstractDataSource.java:1723)
	at com.alibaba.druid.pool.DruidDataSource$CreateConnectionThread.run(DruidDataSource.java:2838)
2024-11-11 22:37:33,915 ERROR [Druid-ConnectionPool-Create-1018618094][DruidDataSource.java:2840] - create connection SQLException, url: jdbc:mysql://192.168.101.65:3306/xc402_content148?serverTimezone=UTC&userUnicode=true&useSSL=false&, errorCode 1049, state 42000
java.sql.SQLSyntaxErrorException: Unknown database 'xc402_content148'
	at com.mysql.cj.jdbc.exceptions.SQLError.createSQLException(SQLError.java:120)
	at com.mysql.cj.jdbc.exceptions.SQLExceptionsMapping.translateException(SQLExceptionsMapping.java:122)
	at com.mysql.cj.jdbc.ConnectionImpl.createNewIO(ConnectionImpl.java:828)
	at com.mysql.cj.jdbc.ConnectionImpl.<init>(ConnectionImpl.java:448)
	at com.mysql.cj.jdbc.ConnectionImpl.getInstance(ConnectionImpl.java:241)
	at com.mysql.cj.jdbc.NonRegisteringDriver.connect(NonRegisteringDriver.java:198)
	at com.alibaba.druid.pool.DruidAbstractDataSource.createPhysicalConnection(DruidAbstractDataSource.java:1657)
	at com.alibaba.druid.pool.DruidAbstractDataSource.createPhysicalConnection(DruidAbstractDataSource.java:1723)
	at com.alibaba.druid.pool.DruidDataSource$CreateConnectionThread.run(DruidDataSource.java:2838)
2024-11-11 22:37:34,430 ERROR [Druid-ConnectionPool-Create-1018618094][DruidDataSource.java:2840] - create connection SQLException, url: jdbc:mysql://192.168.101.65:3306/xc402_content148?serverTimezone=UTC&userUnicode=true&useSSL=false&, errorCode 1049, state 42000
java.sql.SQLSyntaxErrorException: Unknown database 'xc402_content148'
	at com.mysql.cj.jdbc.exceptions.SQLError.createSQLException(SQLError.java:120)
	at com.mysql.cj.jdbc.exceptions.SQLExceptionsMapping.translateException(SQLExceptionsMapping.java:122)
	at com.mysql.cj.jdbc.ConnectionImpl.createNewIO(ConnectionImpl.java:828)
	at com.mysql.cj.jdbc.ConnectionImpl.<init>(ConnectionImpl.java:448)
	at com.mysql.cj.jdbc.ConnectionImpl.getInstance(ConnectionImpl.java:241)
	at com.mysql.cj.jdbc.NonRegisteringDriver.connect(NonRegisteringDriver.java:198)
	at com.alibaba.druid.pool.DruidAbstractDataSource.createPhysicalConnection(DruidAbstractDataSource.java:1657)
	at com.alibaba.druid.pool.DruidAbstractDataSource.createPhysicalConnection(DruidAbstractDataSource.java:1723)
	at com.alibaba.druid.pool.DruidDataSource$CreateConnectionThread.run(DruidDataSource.java:2838)
2024-11-11 22:37:34,950 ERROR [Druid-ConnectionPool-Create-1018618094][DruidDataSource.java:2840] - create connection SQLException, url: jdbc:mysql://192.168.101.65:3306/xc402_content148?serverTimezone=UTC&userUnicode=true&useSSL=false&, errorCode 1049, state 42000
java.sql.SQLSyntaxErrorException: Unknown database 'xc402_content148'
	at com.mysql.cj.jdbc.exceptions.SQLError.createSQLException(SQLError.java:120)
	at com.mysql.cj.jdbc.exceptions.SQLExceptionsMapping.translateException(SQLExceptionsMapping.java:122)
	at com.mysql.cj.jdbc.ConnectionImpl.createNewIO(ConnectionImpl.java:828)
	at com.mysql.cj.jdbc.ConnectionImpl.<init>(ConnectionImpl.java:448)
	at com.mysql.cj.jdbc.ConnectionImpl.getInstance(ConnectionImpl.java:241)
	at com.mysql.cj.jdbc.NonRegisteringDriver.connect(NonRegisteringDriver.java:198)
	at com.alibaba.druid.pool.DruidAbstractDataSource.createPhysicalConnection(DruidAbstractDataSource.java:1657)
	at com.alibaba.druid.pool.DruidAbstractDataSource.createPhysicalConnection(DruidAbstractDataSource.java:1723)
	at com.alibaba.druid.pool.DruidDataSource$CreateConnectionThread.run(DruidDataSource.java:2838)
2024-11-11 22:37:35,472 ERROR [Druid-ConnectionPool-Create-1018618094][DruidDataSource.java:2840] - create connection SQLException, url: jdbc:mysql://192.168.101.65:3306/xc402_content148?serverTimezone=UTC&userUnicode=true&useSSL=false&, errorCode 1049, state 42000
java.sql.SQLSyntaxErrorException: Unknown database 'xc402_content148'
	at com.mysql.cj.jdbc.exceptions.SQLError.createSQLException(SQLError.java:120)
	at com.mysql.cj.jdbc.exceptions.SQLExceptionsMapping.translateException(SQLExceptionsMapping.java:122)
	at com.mysql.cj.jdbc.ConnectionImpl.createNewIO(ConnectionImpl.java:828)
	at com.mysql.cj.jdbc.ConnectionImpl.<init>(ConnectionImpl.java:448)
	at com.mysql.cj.jdbc.ConnectionImpl.getInstance(ConnectionImpl.java:241)
	at com.mysql.cj.jdbc.NonRegisteringDriver.connect(NonRegisteringDriver.java:198)
	at com.alibaba.druid.pool.DruidAbstractDataSource.createPhysicalConnection(DruidAbstractDataSource.java:1657)
	at com.alibaba.druid.pool.DruidAbstractDataSource.createPhysicalConnection(DruidAbstractDataSource.java:1723)
	at com.alibaba.druid.pool.DruidDataSource$CreateConnectionThread.run(DruidDataSource.java:2838)
2024-11-11 22:37:35,986 ERROR [Druid-ConnectionPool-Create-1018618094][DruidDataSource.java:2840] - create connection SQLException, url: jdbc:mysql://192.168.101.65:3306/xc402_content148?serverTimezone=UTC&userUnicode=true&useSSL=false&, errorCode 1049, state 42000
java.sql.SQLSyntaxErrorException: Unknown database 'xc402_content148'
	at com.mysql.cj.jdbc.exceptions.SQLError.createSQLException(SQLError.java:120)
	at com.mysql.cj.jdbc.exceptions.SQLExceptionsMapping.translateException(SQLExceptionsMapping.java:122)
	at com.mysql.cj.jdbc.ConnectionImpl.createNewIO(ConnectionImpl.java:828)
	at com.mysql.cj.jdbc.ConnectionImpl.<init>(ConnectionImpl.java:448)
	at com.mysql.cj.jdbc.ConnectionImpl.getInstance(ConnectionImpl.java:241)
	at com.mysql.cj.jdbc.NonRegisteringDriver.connect(NonRegisteringDriver.java:198)
	at com.alibaba.druid.pool.DruidAbstractDataSource.createPhysicalConnection(DruidAbstractDataSource.java:1657)
	at com.alibaba.druid.pool.DruidAbstractDataSource.createPhysicalConnection(DruidAbstractDataSource.java:1723)
	at com.alibaba.druid.pool.DruidDataSource$CreateConnectionThread.run(DruidDataSource.java:2838)
2024-11-11 22:37:36,499 ERROR [Druid-ConnectionPool-Create-1018618094][DruidDataSource.java:2840] - create connection SQLException, url: jdbc:mysql://192.168.101.65:3306/xc402_content148?serverTimezone=UTC&userUnicode=true&useSSL=false&, errorCode 1049, state 42000
java.sql.SQLSyntaxErrorException: Unknown database 'xc402_content148'
	at com.mysql.cj.jdbc.exceptions.SQLError.createSQLException(SQLError.java:120)
	at com.mysql.cj.jdbc.exceptions.SQLExceptionsMapping.translateException(SQLExceptionsMapping.java:122)
	at com.mysql.cj.jdbc.ConnectionImpl.createNewIO(ConnectionImpl.java:828)
	at com.mysql.cj.jdbc.ConnectionImpl.<init>(ConnectionImpl.java:448)
	at com.mysql.cj.jdbc.ConnectionImpl.getInstance(ConnectionImpl.java:241)
	at com.mysql.cj.jdbc.NonRegisteringDriver.connect(NonRegisteringDriver.java:198)
	at com.alibaba.druid.pool.DruidAbstractDataSource.createPhysicalConnection(DruidAbstractDataSource.java:1657)
	at com.alibaba.druid.pool.DruidAbstractDataSource.createPhysicalConnection(DruidAbstractDataSource.java:1723)
	at com.alibaba.druid.pool.DruidDataSource$CreateConnectionThread.run(DruidDataSource.java:2838)
2024-11-11 22:37:37,023 ERROR [Druid-ConnectionPool-Create-1018618094][DruidDataSource.java:2840] - create connection SQLException, url: jdbc:mysql://192.168.101.65:3306/xc402_content148?serverTimezone=UTC&userUnicode=true&useSSL=false&, errorCode 1049, state 42000
java.sql.SQLSyntaxErrorException: Unknown database 'xc402_content148'
	at com.mysql.cj.jdbc.exceptions.SQLError.createSQLException(SQLError.java:120)
	at com.mysql.cj.jdbc.exceptions.SQLExceptionsMapping.translateException(SQLExceptionsMapping.java:122)
	at com.mysql.cj.jdbc.ConnectionImpl.createNewIO(ConnectionImpl.java:828)
	at com.mysql.cj.jdbc.ConnectionImpl.<init>(ConnectionImpl.java:448)
	at com.mysql.cj.jdbc.ConnectionImpl.getInstance(ConnectionImpl.java:241)
	at com.mysql.cj.jdbc.NonRegisteringDriver.connect(NonRegisteringDriver.java:198)
	at com.alibaba.druid.pool.DruidAbstractDataSource.createPhysicalConnection(DruidAbstractDataSource.java:1657)
	at com.alibaba.druid.pool.DruidAbstractDataSource.createPhysicalConnection(DruidAbstractDataSource.java:1723)
	at com.alibaba.druid.pool.DruidDataSource$CreateConnectionThread.run(DruidDataSource.java:2838)
2024-11-11 22:37:37,546 ERROR [Druid-ConnectionPool-Create-1018618094][DruidDataSource.java:2840] - create connection SQLException, url: jdbc:mysql://192.168.101.65:3306/xc402_content148?serverTimezone=UTC&userUnicode=true&useSSL=false&, errorCode 1049, state 42000
java.sql.SQLSyntaxErrorException: Unknown database 'xc402_content148'
	at com.mysql.cj.jdbc.exceptions.SQLError.createSQLException(SQLError.java:120)
	at com.mysql.cj.jdbc.exceptions.SQLExceptionsMapping.translateException(SQLExceptionsMapping.java:122)
	at com.mysql.cj.jdbc.ConnectionImpl.createNewIO(ConnectionImpl.java:828)
	at com.mysql.cj.jdbc.ConnectionImpl.<init>(ConnectionImpl.java:448)
	at com.mysql.cj.jdbc.ConnectionImpl.getInstance(ConnectionImpl.java:241)
	at com.mysql.cj.jdbc.NonRegisteringDriver.connect(NonRegisteringDriver.java:198)
	at com.alibaba.druid.pool.DruidAbstractDataSource.createPhysicalConnection(DruidAbstractDataSource.java:1657)
	at com.alibaba.druid.pool.DruidAbstractDataSource.createPhysicalConnection(DruidAbstractDataSource.java:1723)
	at com.alibaba.druid.pool.DruidDataSource$CreateConnectionThread.run(DruidDataSource.java:2838)
2024-11-11 22:37:38,063 ERROR [Druid-ConnectionPool-Create-1018618094][DruidDataSource.java:2840] - create connection SQLException, url: jdbc:mysql://192.168.101.65:3306/xc402_content148?serverTimezone=UTC&userUnicode=true&useSSL=false&, errorCode 1049, state 42000
java.sql.SQLSyntaxErrorException: Unknown database 'xc402_content148'
	at com.mysql.cj.jdbc.exceptions.SQLError.createSQLException(SQLError.java:120)
	at com.mysql.cj.jdbc.exceptions.SQLExceptionsMapping.translateException(SQLExceptionsMapping.java:122)
	at com.mysql.cj.jdbc.ConnectionImpl.createNewIO(ConnectionImpl.java:828)
	at com.mysql.cj.jdbc.ConnectionImpl.<init>(ConnectionImpl.java:448)
	at com.mysql.cj.jdbc.ConnectionImpl.getInstance(ConnectionImpl.java:241)
	at com.mysql.cj.jdbc.NonRegisteringDriver.connect(NonRegisteringDriver.java:198)
	at com.alibaba.druid.pool.DruidAbstractDataSource.createPhysicalConnection(DruidAbstractDataSource.java:1657)
	at com.alibaba.druid.pool.DruidAbstractDataSource.createPhysicalConnection(DruidAbstractDataSource.java:1723)
	at com.alibaba.druid.pool.DruidDataSource$CreateConnectionThread.run(DruidDataSource.java:2838)
2024-11-11 22:37:38,574 ERROR [Druid-ConnectionPool-Create-1018618094][DruidDataSource.java:2840] - create connection SQLException, url: jdbc:mysql://192.168.101.65:3306/xc402_content148?serverTimezone=UTC&userUnicode=true&useSSL=false&, errorCode 1049, state 42000
java.sql.SQLSyntaxErrorException: Unknown database 'xc402_content148'
	at com.mysql.cj.jdbc.exceptions.SQLError.createSQLException(SQLError.java:120)
	at com.mysql.cj.jdbc.exceptions.SQLExceptionsMapping.translateException(SQLExceptionsMapping.java:122)
	at com.mysql.cj.jdbc.ConnectionImpl.createNewIO(ConnectionImpl.java:828)
	at com.mysql.cj.jdbc.ConnectionImpl.<init>(ConnectionImpl.java:448)
	at com.mysql.cj.jdbc.ConnectionImpl.getInstance(ConnectionImpl.java:241)
	at com.mysql.cj.jdbc.NonRegisteringDriver.connect(NonRegisteringDriver.java:198)
	at com.alibaba.druid.pool.DruidAbstractDataSource.createPhysicalConnection(DruidAbstractDataSource.java:1657)
	at com.alibaba.druid.pool.DruidAbstractDataSource.createPhysicalConnection(DruidAbstractDataSource.java:1723)
	at com.alibaba.druid.pool.DruidDataSource$CreateConnectionThread.run(DruidDataSource.java:2838)
2024-11-11 22:37:39,091 ERROR [Druid-ConnectionPool-Create-1018618094][DruidDataSource.java:2840] - create connection SQLException, url: jdbc:mysql://192.168.101.65:3306/xc402_content148?serverTimezone=UTC&userUnicode=true&useSSL=false&, errorCode 1049, state 42000
java.sql.SQLSyntaxErrorException: Unknown database 'xc402_content148'
	at com.mysql.cj.jdbc.exceptions.SQLError.createSQLException(SQLError.java:120)
	at com.mysql.cj.jdbc.exceptions.SQLExceptionsMapping.translateException(SQLExceptionsMapping.java:122)
	at com.mysql.cj.jdbc.ConnectionImpl.createNewIO(ConnectionImpl.java:828)
	at com.mysql.cj.jdbc.ConnectionImpl.<init>(ConnectionImpl.java:448)
	at com.mysql.cj.jdbc.ConnectionImpl.getInstance(ConnectionImpl.java:241)
	at com.mysql.cj.jdbc.NonRegisteringDriver.connect(NonRegisteringDriver.java:198)
	at com.alibaba.druid.pool.DruidAbstractDataSource.createPhysicalConnection(DruidAbstractDataSource.java:1657)
	at com.alibaba.druid.pool.DruidAbstractDataSource.createPhysicalConnection(DruidAbstractDataSource.java:1723)
	at com.alibaba.druid.pool.DruidDataSource$CreateConnectionThread.run(DruidDataSource.java:2838)
2024-11-11 22:37:39,608 ERROR [Druid-ConnectionPool-Create-1018618094][DruidDataSource.java:2840] - create connection SQLException, url: jdbc:mysql://192.168.101.65:3306/xc402_content148?serverTimezone=UTC&userUnicode=true&useSSL=false&, errorCode 1049, state 42000
java.sql.SQLSyntaxErrorException: Unknown database 'xc402_content148'
	at com.mysql.cj.jdbc.exceptions.SQLError.createSQLException(SQLError.java:120)
	at com.mysql.cj.jdbc.exceptions.SQLExceptionsMapping.translateException(SQLExceptionsMapping.java:122)
	at com.mysql.cj.jdbc.ConnectionImpl.createNewIO(ConnectionImpl.java:828)
	at com.mysql.cj.jdbc.ConnectionImpl.<init>(ConnectionImpl.java:448)
	at com.mysql.cj.jdbc.ConnectionImpl.getInstance(ConnectionImpl.java:241)
	at com.mysql.cj.jdbc.NonRegisteringDriver.connect(NonRegisteringDriver.java:198)
	at com.alibaba.druid.pool.DruidAbstractDataSource.createPhysicalConnection(DruidAbstractDataSource.java:1657)
	at com.alibaba.druid.pool.DruidAbstractDataSource.createPhysicalConnection(DruidAbstractDataSource.java:1723)
	at com.alibaba.druid.pool.DruidDataSource$CreateConnectionThread.run(DruidDataSource.java:2838)
2024-11-11 22:37:40,120 ERROR [Druid-ConnectionPool-Create-1018618094][DruidDataSource.java:2840] - create connection SQLException, url: jdbc:mysql://192.168.101.65:3306/xc402_content148?serverTimezone=UTC&userUnicode=true&useSSL=false&, errorCode 1049, state 42000
java.sql.SQLSyntaxErrorException: Unknown database 'xc402_content148'
	at com.mysql.cj.jdbc.exceptions.SQLError.createSQLException(SQLError.java:120)
	at com.mysql.cj.jdbc.exceptions.SQLExceptionsMapping.translateException(SQLExceptionsMapping.java:122)
	at com.mysql.cj.jdbc.ConnectionImpl.createNewIO(ConnectionImpl.java:828)
	at com.mysql.cj.jdbc.ConnectionImpl.<init>(ConnectionImpl.java:448)
	at com.mysql.cj.jdbc.ConnectionImpl.getInstance(ConnectionImpl.java:241)
	at com.mysql.cj.jdbc.NonRegisteringDriver.connect(NonRegisteringDriver.java:198)
	at com.alibaba.druid.pool.DruidAbstractDataSource.createPhysicalConnection(DruidAbstractDataSource.java:1657)
	at com.alibaba.druid.pool.DruidAbstractDataSource.createPhysicalConnection(DruidAbstractDataSource.java:1723)
	at com.alibaba.druid.pool.DruidDataSource$CreateConnectionThread.run(DruidDataSource.java:2838)
2024-11-11 22:37:40,639 ERROR [Druid-ConnectionPool-Create-1018618094][DruidDataSource.java:2840] - create connection SQLException, url: jdbc:mysql://192.168.101.65:3306/xc402_content148?serverTimezone=UTC&userUnicode=true&useSSL=false&, errorCode 1049, state 42000
java.sql.SQLSyntaxErrorException: Unknown database 'xc402_content148'
	at com.mysql.cj.jdbc.exceptions.SQLError.createSQLException(SQLError.java:120)
	at com.mysql.cj.jdbc.exceptions.SQLExceptionsMapping.translateException(SQLExceptionsMapping.java:122)
	at com.mysql.cj.jdbc.ConnectionImpl.createNewIO(ConnectionImpl.java:828)
	at com.mysql.cj.jdbc.ConnectionImpl.<init>(ConnectionImpl.java:448)
	at com.mysql.cj.jdbc.ConnectionImpl.getInstance(ConnectionImpl.java:241)
	at com.mysql.cj.jdbc.NonRegisteringDriver.connect(NonRegisteringDriver.java:198)
	at com.alibaba.druid.pool.DruidAbstractDataSource.createPhysicalConnection(DruidAbstractDataSource.java:1657)
	at com.alibaba.druid.pool.DruidAbstractDataSource.createPhysicalConnection(DruidAbstractDataSource.java:1723)
	at com.alibaba.druid.pool.DruidDataSource$CreateConnectionThread.run(DruidDataSource.java:2838)
2024-11-11 22:37:41,151 ERROR [Druid-ConnectionPool-Create-1018618094][DruidDataSource.java:2840] - create connection SQLException, url: jdbc:mysql://192.168.101.65:3306/xc402_content148?serverTimezone=UTC&userUnicode=true&useSSL=false&, errorCode 1049, state 42000
java.sql.SQLSyntaxErrorException: Unknown database 'xc402_content148'
	at com.mysql.cj.jdbc.exceptions.SQLError.createSQLException(SQLError.java:120)
	at com.mysql.cj.jdbc.exceptions.SQLExceptionsMapping.translateException(SQLExceptionsMapping.java:122)
	at com.mysql.cj.jdbc.ConnectionImpl.createNewIO(ConnectionImpl.java:828)
	at com.mysql.cj.jdbc.ConnectionImpl.<init>(ConnectionImpl.java:448)
	at com.mysql.cj.jdbc.ConnectionImpl.getInstance(ConnectionImpl.java:241)
	at com.mysql.cj.jdbc.NonRegisteringDriver.connect(NonRegisteringDriver.java:198)
	at com.alibaba.druid.pool.DruidAbstractDataSource.createPhysicalConnection(DruidAbstractDataSource.java:1657)
	at com.alibaba.druid.pool.DruidAbstractDataSource.createPhysicalConnection(DruidAbstractDataSource.java:1723)
	at com.alibaba.druid.pool.DruidDataSource$CreateConnectionThread.run(DruidDataSource.java:2838)
2024-11-11 22:37:41,671 ERROR [Druid-ConnectionPool-Create-1018618094][DruidDataSource.java:2840] - create connection SQLException, url: jdbc:mysql://192.168.101.65:3306/xc402_content148?serverTimezone=UTC&userUnicode=true&useSSL=false&, errorCode 1049, state 42000
java.sql.SQLSyntaxErrorException: Unknown database 'xc402_content148'
	at com.mysql.cj.jdbc.exceptions.SQLError.createSQLException(SQLError.java:120)
	at com.mysql.cj.jdbc.exceptions.SQLExceptionsMapping.translateException(SQLExceptionsMapping.java:122)
	at com.mysql.cj.jdbc.ConnectionImpl.createNewIO(ConnectionImpl.java:828)
	at com.mysql.cj.jdbc.ConnectionImpl.<init>(ConnectionImpl.java:448)
	at com.mysql.cj.jdbc.ConnectionImpl.getInstance(ConnectionImpl.java:241)
	at com.mysql.cj.jdbc.NonRegisteringDriver.connect(NonRegisteringDriver.java:198)
	at com.alibaba.druid.pool.DruidAbstractDataSource.createPhysicalConnection(DruidAbstractDataSource.java:1657)
	at com.alibaba.druid.pool.DruidAbstractDataSource.createPhysicalConnection(DruidAbstractDataSource.java:1723)
	at com.alibaba.druid.pool.DruidDataSource$CreateConnectionThread.run(DruidDataSource.java:2838)
2024-11-11 22:37:42,184 ERROR [Druid-ConnectionPool-Create-1018618094][DruidDataSource.java:2840] - create connection SQLException, url: jdbc:mysql://192.168.101.65:3306/xc402_content148?serverTimezone=UTC&userUnicode=true&useSSL=false&, errorCode 1049, state 42000
java.sql.SQLSyntaxErrorException: Unknown database 'xc402_content148'
	at com.mysql.cj.jdbc.exceptions.SQLError.createSQLException(SQLError.java:120)
	at com.mysql.cj.jdbc.exceptions.SQLExceptionsMapping.translateException(SQLExceptionsMapping.java:122)
	at com.mysql.cj.jdbc.ConnectionImpl.createNewIO(ConnectionImpl.java:828)
	at com.mysql.cj.jdbc.ConnectionImpl.<init>(ConnectionImpl.java:448)
	at com.mysql.cj.jdbc.ConnectionImpl.getInstance(ConnectionImpl.java:241)
	at com.mysql.cj.jdbc.NonRegisteringDriver.connect(NonRegisteringDriver.java:198)
	at com.alibaba.druid.pool.DruidAbstractDataSource.createPhysicalConnection(DruidAbstractDataSource.java:1657)
	at com.alibaba.druid.pool.DruidAbstractDataSource.createPhysicalConnection(DruidAbstractDataSource.java:1723)
	at com.alibaba.druid.pool.DruidDataSource$CreateConnectionThread.run(DruidDataSource.java:2838)
2024-11-11 22:37:42,689 ERROR [Druid-ConnectionPool-Create-1018618094][DruidDataSource.java:2840] - create connection SQLException, url: jdbc:mysql://192.168.101.65:3306/xc402_content148?serverTimezone=UTC&userUnicode=true&useSSL=false&, errorCode 1049, state 42000
java.sql.SQLSyntaxErrorException: Unknown database 'xc402_content148'
	at com.mysql.cj.jdbc.exceptions.SQLError.createSQLException(SQLError.java:120)
	at com.mysql.cj.jdbc.exceptions.SQLExceptionsMapping.translateException(SQLExceptionsMapping.java:122)
	at com.mysql.cj.jdbc.ConnectionImpl.createNewIO(ConnectionImpl.java:828)
	at com.mysql.cj.jdbc.ConnectionImpl.<init>(ConnectionImpl.java:448)
	at com.mysql.cj.jdbc.ConnectionImpl.getInstance(ConnectionImpl.java:241)
	at com.mysql.cj.jdbc.NonRegisteringDriver.connect(NonRegisteringDriver.java:198)
	at com.alibaba.druid.pool.DruidAbstractDataSource.createPhysicalConnection(DruidAbstractDataSource.java:1657)
	at com.alibaba.druid.pool.DruidAbstractDataSource.createPhysicalConnection(DruidAbstractDataSource.java:1723)
	at com.alibaba.druid.pool.DruidDataSource$CreateConnectionThread.run(DruidDataSource.java:2838)
2024-11-11 22:37:43,207 ERROR [Druid-ConnectionPool-Create-1018618094][DruidDataSource.java:2840] - create connection SQLException, url: jdbc:mysql://192.168.101.65:3306/xc402_content148?serverTimezone=UTC&userUnicode=true&useSSL=false&, errorCode 1049, state 42000
java.sql.SQLSyntaxErrorException: Unknown database 'xc402_content148'
	at com.mysql.cj.jdbc.exceptions.SQLError.createSQLException(SQLError.java:120)
	at com.mysql.cj.jdbc.exceptions.SQLExceptionsMapping.translateException(SQLExceptionsMapping.java:122)
	at com.mysql.cj.jdbc.ConnectionImpl.createNewIO(ConnectionImpl.java:828)
	at com.mysql.cj.jdbc.ConnectionImpl.<init>(ConnectionImpl.java:448)
	at com.mysql.cj.jdbc.ConnectionImpl.getInstance(ConnectionImpl.java:241)
	at com.mysql.cj.jdbc.NonRegisteringDriver.connect(NonRegisteringDriver.java:198)
	at com.alibaba.druid.pool.DruidAbstractDataSource.createPhysicalConnection(DruidAbstractDataSource.java:1657)
	at com.alibaba.druid.pool.DruidAbstractDataSource.createPhysicalConnection(DruidAbstractDataSource.java:1723)
	at com.alibaba.druid.pool.DruidDataSource$CreateConnectionThread.run(DruidDataSource.java:2838)
2024-11-11 22:37:43,723 ERROR [Druid-ConnectionPool-Create-1018618094][DruidDataSource.java:2840] - create connection SQLException, url: jdbc:mysql://192.168.101.65:3306/xc402_content148?serverTimezone=UTC&userUnicode=true&useSSL=false&, errorCode 1049, state 42000
java.sql.SQLSyntaxErrorException: Unknown database 'xc402_content148'
	at com.mysql.cj.jdbc.exceptions.SQLError.createSQLException(SQLError.java:120)
	at com.mysql.cj.jdbc.exceptions.SQLExceptionsMapping.translateException(SQLExceptionsMapping.java:122)
	at com.mysql.cj.jdbc.ConnectionImpl.createNewIO(ConnectionImpl.java:828)
	at com.mysql.cj.jdbc.ConnectionImpl.<init>(ConnectionImpl.java:448)
	at com.mysql.cj.jdbc.ConnectionImpl.getInstance(ConnectionImpl.java:241)
	at com.mysql.cj.jdbc.NonRegisteringDriver.connect(NonRegisteringDriver.java:198)
	at com.alibaba.druid.pool.DruidAbstractDataSource.createPhysicalConnection(DruidAbstractDataSource.java:1657)
	at com.alibaba.druid.pool.DruidAbstractDataSource.createPhysicalConnection(DruidAbstractDataSource.java:1723)
	at com.alibaba.druid.pool.DruidDataSource$CreateConnectionThread.run(DruidDataSource.java:2838)
2024-11-11 22:37:44,238 ERROR [Druid-ConnectionPool-Create-1018618094][DruidDataSource.java:2840] - create connection SQLException, url: jdbc:mysql://192.168.101.65:3306/xc402_content148?serverTimezone=UTC&userUnicode=true&useSSL=false&, errorCode 1049, state 42000
java.sql.SQLSyntaxErrorException: Unknown database 'xc402_content148'
	at com.mysql.cj.jdbc.exceptions.SQLError.createSQLException(SQLError.java:120)
	at com.mysql.cj.jdbc.exceptions.SQLExceptionsMapping.translateException(SQLExceptionsMapping.java:122)
	at com.mysql.cj.jdbc.ConnectionImpl.createNewIO(ConnectionImpl.java:828)
	at com.mysql.cj.jdbc.ConnectionImpl.<init>(ConnectionImpl.java:448)
	at com.mysql.cj.jdbc.ConnectionImpl.getInstance(ConnectionImpl.java:241)
	at com.mysql.cj.jdbc.NonRegisteringDriver.connect(NonRegisteringDriver.java:198)
	at com.alibaba.druid.pool.DruidAbstractDataSource.createPhysicalConnection(DruidAbstractDataSource.java:1657)
	at com.alibaba.druid.pool.DruidAbstractDataSource.createPhysicalConnection(DruidAbstractDataSource.java:1723)
	at com.alibaba.druid.pool.DruidDataSource$CreateConnectionThread.run(DruidDataSource.java:2838)
2024-11-11 22:37:44,748 ERROR [Druid-ConnectionPool-Create-1018618094][DruidDataSource.java:2840] - create connection SQLException, url: jdbc:mysql://192.168.101.65:3306/xc402_content148?serverTimezone=UTC&userUnicode=true&useSSL=false&, errorCode 1049, state 42000
java.sql.SQLSyntaxErrorException: Unknown database 'xc402_content148'
	at com.mysql.cj.jdbc.exceptions.SQLError.createSQLException(SQLError.java:120)
	at com.mysql.cj.jdbc.exceptions.SQLExceptionsMapping.translateException(SQLExceptionsMapping.java:122)
	at com.mysql.cj.jdbc.ConnectionImpl.createNewIO(ConnectionImpl.java:828)
	at com.mysql.cj.jdbc.ConnectionImpl.<init>(ConnectionImpl.java:448)
	at com.mysql.cj.jdbc.ConnectionImpl.getInstance(ConnectionImpl.java:241)
	at com.mysql.cj.jdbc.NonRegisteringDriver.connect(NonRegisteringDriver.java:198)
	at com.alibaba.druid.pool.DruidAbstractDataSource.createPhysicalConnection(DruidAbstractDataSource.java:1657)
	at com.alibaba.druid.pool.DruidAbstractDataSource.createPhysicalConnection(DruidAbstractDataSource.java:1723)
	at com.alibaba.druid.pool.DruidDataSource$CreateConnectionThread.run(DruidDataSource.java:2838)
2024-11-11 22:37:45,266 ERROR [Druid-ConnectionPool-Create-1018618094][DruidDataSource.java:2840] - create connection SQLException, url: jdbc:mysql://192.168.101.65:3306/xc402_content148?serverTimezone=UTC&userUnicode=true&useSSL=false&, errorCode 1049, state 42000
java.sql.SQLSyntaxErrorException: Unknown database 'xc402_content148'
	at com.mysql.cj.jdbc.exceptions.SQLError.createSQLException(SQLError.java:120)
	at com.mysql.cj.jdbc.exceptions.SQLExceptionsMapping.translateException(SQLExceptionsMapping.java:122)
	at com.mysql.cj.jdbc.ConnectionImpl.createNewIO(ConnectionImpl.java:828)
	at com.mysql.cj.jdbc.ConnectionImpl.<init>(ConnectionImpl.java:448)
	at com.mysql.cj.jdbc.ConnectionImpl.getInstance(ConnectionImpl.java:241)
	at com.mysql.cj.jdbc.NonRegisteringDriver.connect(NonRegisteringDriver.java:198)
	at com.alibaba.druid.pool.DruidAbstractDataSource.createPhysicalConnection(DruidAbstractDataSource.java:1657)
	at com.alibaba.druid.pool.DruidAbstractDataSource.createPhysicalConnection(DruidAbstractDataSource.java:1723)
	at com.alibaba.druid.pool.DruidDataSource$CreateConnectionThread.run(DruidDataSource.java:2838)
2024-11-11 22:37:45,790 ERROR [Druid-ConnectionPool-Create-1018618094][DruidDataSource.java:2840] - create connection SQLException, url: jdbc:mysql://192.168.101.65:3306/xc402_content148?serverTimezone=UTC&userUnicode=true&useSSL=false&, errorCode 1049, state 42000
java.sql.SQLSyntaxErrorException: Unknown database 'xc402_content148'
	at com.mysql.cj.jdbc.exceptions.SQLError.createSQLException(SQLError.java:120)
	at com.mysql.cj.jdbc.exceptions.SQLExceptionsMapping.translateException(SQLExceptionsMapping.java:122)
	at com.mysql.cj.jdbc.ConnectionImpl.createNewIO(ConnectionImpl.java:828)
	at com.mysql.cj.jdbc.ConnectionImpl.<init>(ConnectionImpl.java:448)
	at com.mysql.cj.jdbc.ConnectionImpl.getInstance(ConnectionImpl.java:241)
	at com.mysql.cj.jdbc.NonRegisteringDriver.connect(NonRegisteringDriver.java:198)
	at com.alibaba.druid.pool.DruidAbstractDataSource.createPhysicalConnection(DruidAbstractDataSource.java:1657)
	at com.alibaba.druid.pool.DruidAbstractDataSource.createPhysicalConnection(DruidAbstractDataSource.java:1723)
	at com.alibaba.druid.pool.DruidDataSource$CreateConnectionThread.run(DruidDataSource.java:2838)
2024-11-11 22:37:46,306 ERROR [Druid-ConnectionPool-Create-1018618094][DruidDataSource.java:2840] - create connection SQLException, url: jdbc:mysql://192.168.101.65:3306/xc402_content148?serverTimezone=UTC&userUnicode=true&useSSL=false&, errorCode 1049, state 42000
java.sql.SQLSyntaxErrorException: Unknown database 'xc402_content148'
	at com.mysql.cj.jdbc.exceptions.SQLError.createSQLException(SQLError.java:120)
	at com.mysql.cj.jdbc.exceptions.SQLExceptionsMapping.translateException(SQLExceptionsMapping.java:122)
	at com.mysql.cj.jdbc.ConnectionImpl.createNewIO(ConnectionImpl.java:828)
	at com.mysql.cj.jdbc.ConnectionImpl.<init>(ConnectionImpl.java:448)
	at com.mysql.cj.jdbc.ConnectionImpl.getInstance(ConnectionImpl.java:241)
	at com.mysql.cj.jdbc.NonRegisteringDriver.connect(NonRegisteringDriver.java:198)
	at com.alibaba.druid.pool.DruidAbstractDataSource.createPhysicalConnection(DruidAbstractDataSource.java:1657)
	at com.alibaba.druid.pool.DruidAbstractDataSource.createPhysicalConnection(DruidAbstractDataSource.java:1723)
	at com.alibaba.druid.pool.DruidDataSource$CreateConnectionThread.run(DruidDataSource.java:2838)
2024-11-11 22:37:46,819 ERROR [Druid-ConnectionPool-Create-1018618094][DruidDataSource.java:2840] - create connection SQLException, url: jdbc:mysql://192.168.101.65:3306/xc402_content148?serverTimezone=UTC&userUnicode=true&useSSL=false&, errorCode 1049, state 42000
java.sql.SQLSyntaxErrorException: Unknown database 'xc402_content148'
	at com.mysql.cj.jdbc.exceptions.SQLError.createSQLException(SQLError.java:120)
	at com.mysql.cj.jdbc.exceptions.SQLExceptionsMapping.translateException(SQLExceptionsMapping.java:122)
	at com.mysql.cj.jdbc.ConnectionImpl.createNewIO(ConnectionImpl.java:828)
	at com.mysql.cj.jdbc.ConnectionImpl.<init>(ConnectionImpl.java:448)
	at com.mysql.cj.jdbc.ConnectionImpl.getInstance(ConnectionImpl.java:241)
	at com.mysql.cj.jdbc.NonRegisteringDriver.connect(NonRegisteringDriver.java:198)
	at com.alibaba.druid.pool.DruidAbstractDataSource.createPhysicalConnection(DruidAbstractDataSource.java:1657)
	at com.alibaba.druid.pool.DruidAbstractDataSource.createPhysicalConnection(DruidAbstractDataSource.java:1723)
	at com.alibaba.druid.pool.DruidDataSource$CreateConnectionThread.run(DruidDataSource.java:2838)
2024-11-11 22:37:47,329 ERROR [Druid-ConnectionPool-Create-1018618094][DruidDataSource.java:2840] - create connection SQLException, url: jdbc:mysql://192.168.101.65:3306/xc402_content148?serverTimezone=UTC&userUnicode=true&useSSL=false&, errorCode 1049, state 42000
java.sql.SQLSyntaxErrorException: Unknown database 'xc402_content148'
	at com.mysql.cj.jdbc.exceptions.SQLError.createSQLException(SQLError.java:120)
	at com.mysql.cj.jdbc.exceptions.SQLExceptionsMapping.translateException(SQLExceptionsMapping.java:122)
	at com.mysql.cj.jdbc.ConnectionImpl.createNewIO(ConnectionImpl.java:828)
	at com.mysql.cj.jdbc.ConnectionImpl.<init>(ConnectionImpl.java:448)
	at com.mysql.cj.jdbc.ConnectionImpl.getInstance(ConnectionImpl.java:241)
	at com.mysql.cj.jdbc.NonRegisteringDriver.connect(NonRegisteringDriver.java:198)
	at com.alibaba.druid.pool.DruidAbstractDataSource.createPhysicalConnection(DruidAbstractDataSource.java:1657)
	at com.alibaba.druid.pool.DruidAbstractDataSource.createPhysicalConnection(DruidAbstractDataSource.java:1723)
	at com.alibaba.druid.pool.DruidDataSource$CreateConnectionThread.run(DruidDataSource.java:2838)
2024-11-11 22:37:47,855 ERROR [Druid-ConnectionPool-Create-1018618094][DruidDataSource.java:2840] - create connection SQLException, url: jdbc:mysql://192.168.101.65:3306/xc402_content148?serverTimezone=UTC&userUnicode=true&useSSL=false&, errorCode 1049, state 42000
java.sql.SQLSyntaxErrorException: Unknown database 'xc402_content148'
	at com.mysql.cj.jdbc.exceptions.SQLError.createSQLException(SQLError.java:120)
	at com.mysql.cj.jdbc.exceptions.SQLExceptionsMapping.translateException(SQLExceptionsMapping.java:122)
	at com.mysql.cj.jdbc.ConnectionImpl.createNewIO(ConnectionImpl.java:828)
	at com.mysql.cj.jdbc.ConnectionImpl.<init>(ConnectionImpl.java:448)
	at com.mysql.cj.jdbc.ConnectionImpl.getInstance(ConnectionImpl.java:241)
	at com.mysql.cj.jdbc.NonRegisteringDriver.connect(NonRegisteringDriver.java:198)
	at com.alibaba.druid.pool.DruidAbstractDataSource.createPhysicalConnection(DruidAbstractDataSource.java:1657)
	at com.alibaba.druid.pool.DruidAbstractDataSource.createPhysicalConnection(DruidAbstractDataSource.java:1723)
	at com.alibaba.druid.pool.DruidDataSource$CreateConnectionThread.run(DruidDataSource.java:2838)
2024-11-11 22:37:48,374 ERROR [Druid-ConnectionPool-Create-1018618094][DruidDataSource.java:2840] - create connection SQLException, url: jdbc:mysql://192.168.101.65:3306/xc402_content148?serverTimezone=UTC&userUnicode=true&useSSL=false&, errorCode 1049, state 42000
java.sql.SQLSyntaxErrorException: Unknown database 'xc402_content148'
	at com.mysql.cj.jdbc.exceptions.SQLError.createSQLException(SQLError.java:120)
	at com.mysql.cj.jdbc.exceptions.SQLExceptionsMapping.translateException(SQLExceptionsMapping.java:122)
	at com.mysql.cj.jdbc.ConnectionImpl.createNewIO(ConnectionImpl.java:828)
	at com.mysql.cj.jdbc.ConnectionImpl.<init>(ConnectionImpl.java:448)
	at com.mysql.cj.jdbc.ConnectionImpl.getInstance(ConnectionImpl.java:241)
	at com.mysql.cj.jdbc.NonRegisteringDriver.connect(NonRegisteringDriver.java:198)
	at com.alibaba.druid.pool.DruidAbstractDataSource.createPhysicalConnection(DruidAbstractDataSource.java:1657)
	at com.alibaba.druid.pool.DruidAbstractDataSource.createPhysicalConnection(DruidAbstractDataSource.java:1723)
	at com.alibaba.druid.pool.DruidDataSource$CreateConnectionThread.run(DruidDataSource.java:2838)
2024-11-11 22:37:48,891 ERROR [Druid-ConnectionPool-Create-1018618094][DruidDataSource.java:2840] - create connection SQLException, url: jdbc:mysql://192.168.101.65:3306/xc402_content148?serverTimezone=UTC&userUnicode=true&useSSL=false&, errorCode 1049, state 42000
java.sql.SQLSyntaxErrorException: Unknown database 'xc402_content148'
	at com.mysql.cj.jdbc.exceptions.SQLError.createSQLException(SQLError.java:120)
	at com.mysql.cj.jdbc.exceptions.SQLExceptionsMapping.translateException(SQLExceptionsMapping.java:122)
	at com.mysql.cj.jdbc.ConnectionImpl.createNewIO(ConnectionImpl.java:828)
	at com.mysql.cj.jdbc.ConnectionImpl.<init>(ConnectionImpl.java:448)
	at com.mysql.cj.jdbc.ConnectionImpl.getInstance(ConnectionImpl.java:241)
	at com.mysql.cj.jdbc.NonRegisteringDriver.connect(NonRegisteringDriver.java:198)
	at com.alibaba.druid.pool.DruidAbstractDataSource.createPhysicalConnection(DruidAbstractDataSource.java:1657)
	at com.alibaba.druid.pool.DruidAbstractDataSource.createPhysicalConnection(DruidAbstractDataSource.java:1723)
	at com.alibaba.druid.pool.DruidDataSource$CreateConnectionThread.run(DruidDataSource.java:2838)
2024-11-11 22:37:49,409 ERROR [Druid-ConnectionPool-Create-1018618094][DruidDataSource.java:2840] - create connection SQLException, url: jdbc:mysql://192.168.101.65:3306/xc402_content148?serverTimezone=UTC&userUnicode=true&useSSL=false&, errorCode 1049, state 42000
java.sql.SQLSyntaxErrorException: Unknown database 'xc402_content148'
	at com.mysql.cj.jdbc.exceptions.SQLError.createSQLException(SQLError.java:120)
	at com.mysql.cj.jdbc.exceptions.SQLExceptionsMapping.translateException(SQLExceptionsMapping.java:122)
	at com.mysql.cj.jdbc.ConnectionImpl.createNewIO(ConnectionImpl.java:828)
	at com.mysql.cj.jdbc.ConnectionImpl.<init>(ConnectionImpl.java:448)
	at com.mysql.cj.jdbc.ConnectionImpl.getInstance(ConnectionImpl.java:241)
	at com.mysql.cj.jdbc.NonRegisteringDriver.connect(NonRegisteringDriver.java:198)
	at com.alibaba.druid.pool.DruidAbstractDataSource.createPhysicalConnection(DruidAbstractDataSource.java:1657)
	at com.alibaba.druid.pool.DruidAbstractDataSource.createPhysicalConnection(DruidAbstractDataSource.java:1723)
	at com.alibaba.druid.pool.DruidDataSource$CreateConnectionThread.run(DruidDataSource.java:2838)
2024-11-11 22:37:49,933 ERROR [Druid-ConnectionPool-Create-1018618094][DruidDataSource.java:2840] - create connection SQLException, url: jdbc:mysql://192.168.101.65:3306/xc402_content148?serverTimezone=UTC&userUnicode=true&useSSL=false&, errorCode 1049, state 42000
java.sql.SQLSyntaxErrorException: Unknown database 'xc402_content148'
	at com.mysql.cj.jdbc.exceptions.SQLError.createSQLException(SQLError.java:120)
	at com.mysql.cj.jdbc.exceptions.SQLExceptionsMapping.translateException(SQLExceptionsMapping.java:122)
	at com.mysql.cj.jdbc.ConnectionImpl.createNewIO(ConnectionImpl.java:828)
	at com.mysql.cj.jdbc.ConnectionImpl.<init>(ConnectionImpl.java:448)
	at com.mysql.cj.jdbc.ConnectionImpl.getInstance(ConnectionImpl.java:241)
	at com.mysql.cj.jdbc.NonRegisteringDriver.connect(NonRegisteringDriver.java:198)
	at com.alibaba.druid.pool.DruidAbstractDataSource.createPhysicalConnection(DruidAbstractDataSource.java:1657)
	at com.alibaba.druid.pool.DruidAbstractDataSource.createPhysicalConnection(DruidAbstractDataSource.java:1723)
	at com.alibaba.druid.pool.DruidDataSource$CreateConnectionThread.run(DruidDataSource.java:2838)
2024-11-11 22:37:50,448 ERROR [Druid-ConnectionPool-Create-1018618094][DruidDataSource.java:2840] - create connection SQLException, url: jdbc:mysql://192.168.101.65:3306/xc402_content148?serverTimezone=UTC&userUnicode=true&useSSL=false&, errorCode 1049, state 42000
java.sql.SQLSyntaxErrorException: Unknown database 'xc402_content148'
	at com.mysql.cj.jdbc.exceptions.SQLError.createSQLException(SQLError.java:120)
	at com.mysql.cj.jdbc.exceptions.SQLExceptionsMapping.translateException(SQLExceptionsMapping.java:122)
	at com.mysql.cj.jdbc.ConnectionImpl.createNewIO(ConnectionImpl.java:828)
	at com.mysql.cj.jdbc.ConnectionImpl.<init>(ConnectionImpl.java:448)
	at com.mysql.cj.jdbc.ConnectionImpl.getInstance(ConnectionImpl.java:241)
	at com.mysql.cj.jdbc.NonRegisteringDriver.connect(NonRegisteringDriver.java:198)
	at com.alibaba.druid.pool.DruidAbstractDataSource.createPhysicalConnection(DruidAbstractDataSource.java:1657)
	at com.alibaba.druid.pool.DruidAbstractDataSource.createPhysicalConnection(DruidAbstractDataSource.java:1723)
	at com.alibaba.druid.pool.DruidDataSource$CreateConnectionThread.run(DruidDataSource.java:2838)
2024-11-11 22:37:50,962 ERROR [Druid-ConnectionPool-Create-1018618094][DruidDataSource.java:2840] - create connection SQLException, url: jdbc:mysql://192.168.101.65:3306/xc402_content148?serverTimezone=UTC&userUnicode=true&useSSL=false&, errorCode 1049, state 42000
java.sql.SQLSyntaxErrorException: Unknown database 'xc402_content148'
	at com.mysql.cj.jdbc.exceptions.SQLError.createSQLException(SQLError.java:120)
	at com.mysql.cj.jdbc.exceptions.SQLExceptionsMapping.translateException(SQLExceptionsMapping.java:122)
	at com.mysql.cj.jdbc.ConnectionImpl.createNewIO(ConnectionImpl.java:828)
	at com.mysql.cj.jdbc.ConnectionImpl.<init>(ConnectionImpl.java:448)
	at com.mysql.cj.jdbc.ConnectionImpl.getInstance(ConnectionImpl.java:241)
	at com.mysql.cj.jdbc.NonRegisteringDriver.connect(NonRegisteringDriver.java:198)
	at com.alibaba.druid.pool.DruidAbstractDataSource.createPhysicalConnection(DruidAbstractDataSource.java:1657)
	at com.alibaba.druid.pool.DruidAbstractDataSource.createPhysicalConnection(DruidAbstractDataSource.java:1723)
	at com.alibaba.druid.pool.DruidDataSource$CreateConnectionThread.run(DruidDataSource.java:2838)
2024-11-11 22:37:51,484 ERROR [Druid-ConnectionPool-Create-1018618094][DruidDataSource.java:2840] - create connection SQLException, url: jdbc:mysql://192.168.101.65:3306/xc402_content148?serverTimezone=UTC&userUnicode=true&useSSL=false&, errorCode 1049, state 42000
java.sql.SQLSyntaxErrorException: Unknown database 'xc402_content148'
	at com.mysql.cj.jdbc.exceptions.SQLError.createSQLException(SQLError.java:120)
	at com.mysql.cj.jdbc.exceptions.SQLExceptionsMapping.translateException(SQLExceptionsMapping.java:122)
	at com.mysql.cj.jdbc.ConnectionImpl.createNewIO(ConnectionImpl.java:828)
	at com.mysql.cj.jdbc.ConnectionImpl.<init>(ConnectionImpl.java:448)
	at com.mysql.cj.jdbc.ConnectionImpl.getInstance(ConnectionImpl.java:241)
	at com.mysql.cj.jdbc.NonRegisteringDriver.connect(NonRegisteringDriver.java:198)
	at com.alibaba.druid.pool.DruidAbstractDataSource.createPhysicalConnection(DruidAbstractDataSource.java:1657)
	at com.alibaba.druid.pool.DruidAbstractDataSource.createPhysicalConnection(DruidAbstractDataSource.java:1723)
	at com.alibaba.druid.pool.DruidDataSource$CreateConnectionThread.run(DruidDataSource.java:2838)
2024-11-11 22:37:51,995 ERROR [Druid-ConnectionPool-Create-1018618094][DruidDataSource.java:2840] - create connection SQLException, url: jdbc:mysql://192.168.101.65:3306/xc402_content148?serverTimezone=UTC&userUnicode=true&useSSL=false&, errorCode 1049, state 42000
java.sql.SQLSyntaxErrorException: Unknown database 'xc402_content148'
	at com.mysql.cj.jdbc.exceptions.SQLError.createSQLException(SQLError.java:120)
	at com.mysql.cj.jdbc.exceptions.SQLExceptionsMapping.translateException(SQLExceptionsMapping.java:122)
	at com.mysql.cj.jdbc.ConnectionImpl.createNewIO(ConnectionImpl.java:828)
	at com.mysql.cj.jdbc.ConnectionImpl.<init>(ConnectionImpl.java:448)
	at com.mysql.cj.jdbc.ConnectionImpl.getInstance(ConnectionImpl.java:241)
	at com.mysql.cj.jdbc.NonRegisteringDriver.connect(NonRegisteringDriver.java:198)
	at com.alibaba.druid.pool.DruidAbstractDataSource.createPhysicalConnection(DruidAbstractDataSource.java:1657)
	at com.alibaba.druid.pool.DruidAbstractDataSource.createPhysicalConnection(DruidAbstractDataSource.java:1723)
	at com.alibaba.druid.pool.DruidDataSource$CreateConnectionThread.run(DruidDataSource.java:2838)
2024-11-11 22:37:52,517 ERROR [Druid-ConnectionPool-Create-1018618094][DruidDataSource.java:2840] - create connection SQLException, url: jdbc:mysql://192.168.101.65:3306/xc402_content148?serverTimezone=UTC&userUnicode=true&useSSL=false&, errorCode 1049, state 42000
java.sql.SQLSyntaxErrorException: Unknown database 'xc402_content148'
	at com.mysql.cj.jdbc.exceptions.SQLError.createSQLException(SQLError.java:120)
	at com.mysql.cj.jdbc.exceptions.SQLExceptionsMapping.translateException(SQLExceptionsMapping.java:122)
	at com.mysql.cj.jdbc.ConnectionImpl.createNewIO(ConnectionImpl.java:828)
	at com.mysql.cj.jdbc.ConnectionImpl.<init>(ConnectionImpl.java:448)
	at com.mysql.cj.jdbc.ConnectionImpl.getInstance(ConnectionImpl.java:241)
	at com.mysql.cj.jdbc.NonRegisteringDriver.connect(NonRegisteringDriver.java:198)
	at com.alibaba.druid.pool.DruidAbstractDataSource.createPhysicalConnection(DruidAbstractDataSource.java:1657)
	at com.alibaba.druid.pool.DruidAbstractDataSource.createPhysicalConnection(DruidAbstractDataSource.java:1723)
	at com.alibaba.druid.pool.DruidDataSource$CreateConnectionThread.run(DruidDataSource.java:2838)
2024-11-11 22:37:53,043 ERROR [Druid-ConnectionPool-Create-1018618094][DruidDataSource.java:2840] - create connection SQLException, url: jdbc:mysql://192.168.101.65:3306/xc402_content148?serverTimezone=UTC&userUnicode=true&useSSL=false&, errorCode 1049, state 42000
java.sql.SQLSyntaxErrorException: Unknown database 'xc402_content148'
	at com.mysql.cj.jdbc.exceptions.SQLError.createSQLException(SQLError.java:120)
	at com.mysql.cj.jdbc.exceptions.SQLExceptionsMapping.translateException(SQLExceptionsMapping.java:122)
	at com.mysql.cj.jdbc.ConnectionImpl.createNewIO(ConnectionImpl.java:828)
	at com.mysql.cj.jdbc.ConnectionImpl.<init>(ConnectionImpl.java:448)
	at com.mysql.cj.jdbc.ConnectionImpl.getInstance(ConnectionImpl.java:241)
	at com.mysql.cj.jdbc.NonRegisteringDriver.connect(NonRegisteringDriver.java:198)
	at com.alibaba.druid.pool.DruidAbstractDataSource.createPhysicalConnection(DruidAbstractDataSource.java:1657)
	at com.alibaba.druid.pool.DruidAbstractDataSource.createPhysicalConnection(DruidAbstractDataSource.java:1723)
	at com.alibaba.druid.pool.DruidDataSource$CreateConnectionThread.run(DruidDataSource.java:2838)
2024-11-11 22:37:53,558 ERROR [Druid-ConnectionPool-Create-1018618094][DruidDataSource.java:2840] - create connection SQLException, url: jdbc:mysql://192.168.101.65:3306/xc402_content148?serverTimezone=UTC&userUnicode=true&useSSL=false&, errorCode 1049, state 42000
java.sql.SQLSyntaxErrorException: Unknown database 'xc402_content148'
	at com.mysql.cj.jdbc.exceptions.SQLError.createSQLException(SQLError.java:120)
	at com.mysql.cj.jdbc.exceptions.SQLExceptionsMapping.translateException(SQLExceptionsMapping.java:122)
	at com.mysql.cj.jdbc.ConnectionImpl.createNewIO(ConnectionImpl.java:828)
	at com.mysql.cj.jdbc.ConnectionImpl.<init>(ConnectionImpl.java:448)
	at com.mysql.cj.jdbc.ConnectionImpl.getInstance(ConnectionImpl.java:241)
	at com.mysql.cj.jdbc.NonRegisteringDriver.connect(NonRegisteringDriver.java:198)
	at com.alibaba.druid.pool.DruidAbstractDataSource.createPhysicalConnection(DruidAbstractDataSource.java:1657)
	at com.alibaba.druid.pool.DruidAbstractDataSource.createPhysicalConnection(DruidAbstractDataSource.java:1723)
	at com.alibaba.druid.pool.DruidDataSource$CreateConnectionThread.run(DruidDataSource.java:2838)
2024-11-11 22:37:54,076 ERROR [Druid-ConnectionPool-Create-1018618094][DruidDataSource.java:2840] - create connection SQLException, url: jdbc:mysql://192.168.101.65:3306/xc402_content148?serverTimezone=UTC&userUnicode=true&useSSL=false&, errorCode 1049, state 42000
java.sql.SQLSyntaxErrorException: Unknown database 'xc402_content148'
	at com.mysql.cj.jdbc.exceptions.SQLError.createSQLException(SQLError.java:120)
	at com.mysql.cj.jdbc.exceptions.SQLExceptionsMapping.translateException(SQLExceptionsMapping.java:122)
	at com.mysql.cj.jdbc.ConnectionImpl.createNewIO(ConnectionImpl.java:828)
	at com.mysql.cj.jdbc.ConnectionImpl.<init>(ConnectionImpl.java:448)
	at com.mysql.cj.jdbc.ConnectionImpl.getInstance(ConnectionImpl.java:241)
	at com.mysql.cj.jdbc.NonRegisteringDriver.connect(NonRegisteringDriver.java:198)
	at com.alibaba.druid.pool.DruidAbstractDataSource.createPhysicalConnection(DruidAbstractDataSource.java:1657)
	at com.alibaba.druid.pool.DruidAbstractDataSource.createPhysicalConnection(DruidAbstractDataSource.java:1723)
	at com.alibaba.druid.pool.DruidDataSource$CreateConnectionThread.run(DruidDataSource.java:2838)
2024-11-11 22:37:54,594 ERROR [Druid-ConnectionPool-Create-1018618094][DruidDataSource.java:2840] - create connection SQLException, url: jdbc:mysql://192.168.101.65:3306/xc402_content148?serverTimezone=UTC&userUnicode=true&useSSL=false&, errorCode 1049, state 42000
java.sql.SQLSyntaxErrorException: Unknown database 'xc402_content148'
	at com.mysql.cj.jdbc.exceptions.SQLError.createSQLException(SQLError.java:120)
	at com.mysql.cj.jdbc.exceptions.SQLExceptionsMapping.translateException(SQLExceptionsMapping.java:122)
	at com.mysql.cj.jdbc.ConnectionImpl.createNewIO(ConnectionImpl.java:828)
	at com.mysql.cj.jdbc.ConnectionImpl.<init>(ConnectionImpl.java:448)
	at com.mysql.cj.jdbc.ConnectionImpl.getInstance(ConnectionImpl.java:241)
	at com.mysql.cj.jdbc.NonRegisteringDriver.connect(NonRegisteringDriver.java:198)
	at com.alibaba.druid.pool.DruidAbstractDataSource.createPhysicalConnection(DruidAbstractDataSource.java:1657)
	at com.alibaba.druid.pool.DruidAbstractDataSource.createPhysicalConnection(DruidAbstractDataSource.java:1723)
	at com.alibaba.druid.pool.DruidDataSource$CreateConnectionThread.run(DruidDataSource.java:2838)
2024-11-11 22:37:55,126 ERROR [Druid-ConnectionPool-Create-1018618094][DruidDataSource.java:2840] - create connection SQLException, url: jdbc:mysql://192.168.101.65:3306/xc402_content148?serverTimezone=UTC&userUnicode=true&useSSL=false&, errorCode 1049, state 42000
java.sql.SQLSyntaxErrorException: Unknown database 'xc402_content148'
	at com.mysql.cj.jdbc.exceptions.SQLError.createSQLException(SQLError.java:120)
	at com.mysql.cj.jdbc.exceptions.SQLExceptionsMapping.translateException(SQLExceptionsMapping.java:122)
	at com.mysql.cj.jdbc.ConnectionImpl.createNewIO(ConnectionImpl.java:828)
	at com.mysql.cj.jdbc.ConnectionImpl.<init>(ConnectionImpl.java:448)
	at com.mysql.cj.jdbc.ConnectionImpl.getInstance(ConnectionImpl.java:241)
	at com.mysql.cj.jdbc.NonRegisteringDriver.connect(NonRegisteringDriver.java:198)
	at com.alibaba.druid.pool.DruidAbstractDataSource.createPhysicalConnection(DruidAbstractDataSource.java:1657)
	at com.alibaba.druid.pool.DruidAbstractDataSource.createPhysicalConnection(DruidAbstractDataSource.java:1723)
	at com.alibaba.druid.pool.DruidDataSource$CreateConnectionThread.run(DruidDataSource.java:2838)
2024-11-11 22:37:55,652 ERROR [Druid-ConnectionPool-Create-1018618094][DruidDataSource.java:2840] - create connection SQLException, url: jdbc:mysql://192.168.101.65:3306/xc402_content148?serverTimezone=UTC&userUnicode=true&useSSL=false&, errorCode 1049, state 42000
java.sql.SQLSyntaxErrorException: Unknown database 'xc402_content148'
	at com.mysql.cj.jdbc.exceptions.SQLError.createSQLException(SQLError.java:120)
	at com.mysql.cj.jdbc.exceptions.SQLExceptionsMapping.translateException(SQLExceptionsMapping.java:122)
	at com.mysql.cj.jdbc.ConnectionImpl.createNewIO(ConnectionImpl.java:828)
	at com.mysql.cj.jdbc.ConnectionImpl.<init>(ConnectionImpl.java:448)
	at com.mysql.cj.jdbc.ConnectionImpl.getInstance(ConnectionImpl.java:241)
	at com.mysql.cj.jdbc.NonRegisteringDriver.connect(NonRegisteringDriver.java:198)
	at com.alibaba.druid.pool.DruidAbstractDataSource.createPhysicalConnection(DruidAbstractDataSource.java:1657)
	at com.alibaba.druid.pool.DruidAbstractDataSource.createPhysicalConnection(DruidAbstractDataSource.java:1723)
	at com.alibaba.druid.pool.DruidDataSource$CreateConnectionThread.run(DruidDataSource.java:2838)
2024-11-11 22:37:56,167 ERROR [Druid-ConnectionPool-Create-1018618094][DruidDataSource.java:2840] - create connection SQLException, url: jdbc:mysql://192.168.101.65:3306/xc402_content148?serverTimezone=UTC&userUnicode=true&useSSL=false&, errorCode 1049, state 42000
java.sql.SQLSyntaxErrorException: Unknown database 'xc402_content148'
	at com.mysql.cj.jdbc.exceptions.SQLError.createSQLException(SQLError.java:120)
	at com.mysql.cj.jdbc.exceptions.SQLExceptionsMapping.translateException(SQLExceptionsMapping.java:122)
	at com.mysql.cj.jdbc.ConnectionImpl.createNewIO(ConnectionImpl.java:828)
	at com.mysql.cj.jdbc.ConnectionImpl.<init>(ConnectionImpl.java:448)
	at com.mysql.cj.jdbc.ConnectionImpl.getInstance(ConnectionImpl.java:241)
	at com.mysql.cj.jdbc.NonRegisteringDriver.connect(NonRegisteringDriver.java:198)
	at com.alibaba.druid.pool.DruidAbstractDataSource.createPhysicalConnection(DruidAbstractDataSource.java:1657)
	at com.alibaba.druid.pool.DruidAbstractDataSource.createPhysicalConnection(DruidAbstractDataSource.java:1723)
	at com.alibaba.druid.pool.DruidDataSource$CreateConnectionThread.run(DruidDataSource.java:2838)
2024-11-11 22:37:56,691 ERROR [Druid-ConnectionPool-Create-1018618094][DruidDataSource.java:2840] - create connection SQLException, url: jdbc:mysql://192.168.101.65:3306/xc402_content148?serverTimezone=UTC&userUnicode=true&useSSL=false&, errorCode 1049, state 42000
java.sql.SQLSyntaxErrorException: Unknown database 'xc402_content148'
	at com.mysql.cj.jdbc.exceptions.SQLError.createSQLException(SQLError.java:120)
	at com.mysql.cj.jdbc.exceptions.SQLExceptionsMapping.translateException(SQLExceptionsMapping.java:122)
	at com.mysql.cj.jdbc.ConnectionImpl.createNewIO(ConnectionImpl.java:828)
	at com.mysql.cj.jdbc.ConnectionImpl.<init>(ConnectionImpl.java:448)
	at com.mysql.cj.jdbc.ConnectionImpl.getInstance(ConnectionImpl.java:241)
	at com.mysql.cj.jdbc.NonRegisteringDriver.connect(NonRegisteringDriver.java:198)
	at com.alibaba.druid.pool.DruidAbstractDataSource.createPhysicalConnection(DruidAbstractDataSource.java:1657)
	at com.alibaba.druid.pool.DruidAbstractDataSource.createPhysicalConnection(DruidAbstractDataSource.java:1723)
	at com.alibaba.druid.pool.DruidDataSource$CreateConnectionThread.run(DruidDataSource.java:2838)
2024-11-11 22:37:57,208 ERROR [Druid-ConnectionPool-Create-1018618094][DruidDataSource.java:2840] - create connection SQLException, url: jdbc:mysql://192.168.101.65:3306/xc402_content148?serverTimezone=UTC&userUnicode=true&useSSL=false&, errorCode 1049, state 42000
java.sql.SQLSyntaxErrorException: Unknown database 'xc402_content148'
	at com.mysql.cj.jdbc.exceptions.SQLError.createSQLException(SQLError.java:120)
	at com.mysql.cj.jdbc.exceptions.SQLExceptionsMapping.translateException(SQLExceptionsMapping.java:122)
	at com.mysql.cj.jdbc.ConnectionImpl.createNewIO(ConnectionImpl.java:828)
	at com.mysql.cj.jdbc.ConnectionImpl.<init>(ConnectionImpl.java:448)
	at com.mysql.cj.jdbc.ConnectionImpl.getInstance(ConnectionImpl.java:241)
	at com.mysql.cj.jdbc.NonRegisteringDriver.connect(NonRegisteringDriver.java:198)
	at com.alibaba.druid.pool.DruidAbstractDataSource.createPhysicalConnection(DruidAbstractDataSource.java:1657)
	at com.alibaba.druid.pool.DruidAbstractDataSource.createPhysicalConnection(DruidAbstractDataSource.java:1723)
	at com.alibaba.druid.pool.DruidDataSource$CreateConnectionThread.run(DruidDataSource.java:2838)
2024-11-11 22:37:57,722 ERROR [Druid-ConnectionPool-Create-1018618094][DruidDataSource.java:2840] - create connection SQLException, url: jdbc:mysql://192.168.101.65:3306/xc402_content148?serverTimezone=UTC&userUnicode=true&useSSL=false&, errorCode 1049, state 42000
java.sql.SQLSyntaxErrorException: Unknown database 'xc402_content148'
	at com.mysql.cj.jdbc.exceptions.SQLError.createSQLException(SQLError.java:120)
	at com.mysql.cj.jdbc.exceptions.SQLExceptionsMapping.translateException(SQLExceptionsMapping.java:122)
	at com.mysql.cj.jdbc.ConnectionImpl.createNewIO(ConnectionImpl.java:828)
	at com.mysql.cj.jdbc.ConnectionImpl.<init>(ConnectionImpl.java:448)
	at com.mysql.cj.jdbc.ConnectionImpl.getInstance(ConnectionImpl.java:241)
	at com.mysql.cj.jdbc.NonRegisteringDriver.connect(NonRegisteringDriver.java:198)
	at com.alibaba.druid.pool.DruidAbstractDataSource.createPhysicalConnection(DruidAbstractDataSource.java:1657)
	at com.alibaba.druid.pool.DruidAbstractDataSource.createPhysicalConnection(DruidAbstractDataSource.java:1723)
	at com.alibaba.druid.pool.DruidDataSource$CreateConnectionThread.run(DruidDataSource.java:2838)
2024-11-11 22:37:58,236 ERROR [Druid-ConnectionPool-Create-1018618094][DruidDataSource.java:2840] - create connection SQLException, url: jdbc:mysql://192.168.101.65:3306/xc402_content148?serverTimezone=UTC&userUnicode=true&useSSL=false&, errorCode 1049, state 42000
java.sql.SQLSyntaxErrorException: Unknown database 'xc402_content148'
	at com.mysql.cj.jdbc.exceptions.SQLError.createSQLException(SQLError.java:120)
	at com.mysql.cj.jdbc.exceptions.SQLExceptionsMapping.translateException(SQLExceptionsMapping.java:122)
	at com.mysql.cj.jdbc.ConnectionImpl.createNewIO(ConnectionImpl.java:828)
	at com.mysql.cj.jdbc.ConnectionImpl.<init>(ConnectionImpl.java:448)
	at com.mysql.cj.jdbc.ConnectionImpl.getInstance(ConnectionImpl.java:241)
	at com.mysql.cj.jdbc.NonRegisteringDriver.connect(NonRegisteringDriver.java:198)
	at com.alibaba.druid.pool.DruidAbstractDataSource.createPhysicalConnection(DruidAbstractDataSource.java:1657)
	at com.alibaba.druid.pool.DruidAbstractDataSource.createPhysicalConnection(DruidAbstractDataSource.java:1723)
	at com.alibaba.druid.pool.DruidDataSource$CreateConnectionThread.run(DruidDataSource.java:2838)
2024-11-11 22:37:58,784 ERROR [Druid-ConnectionPool-Create-1018618094][DruidDataSource.java:2840] - create connection SQLException, url: jdbc:mysql://192.168.101.65:3306/xc402_content148?serverTimezone=UTC&userUnicode=true&useSSL=false&, errorCode 1049, state 42000
java.sql.SQLSyntaxErrorException: Unknown database 'xc402_content148'
	at com.mysql.cj.jdbc.exceptions.SQLError.createSQLException(SQLError.java:120)
	at com.mysql.cj.jdbc.exceptions.SQLExceptionsMapping.translateException(SQLExceptionsMapping.java:122)
	at com.mysql.cj.jdbc.ConnectionImpl.createNewIO(ConnectionImpl.java:828)
	at com.mysql.cj.jdbc.ConnectionImpl.<init>(ConnectionImpl.java:448)
	at com.mysql.cj.jdbc.ConnectionImpl.getInstance(ConnectionImpl.java:241)
	at com.mysql.cj.jdbc.NonRegisteringDriver.connect(NonRegisteringDriver.java:198)
	at com.alibaba.druid.pool.DruidAbstractDataSource.createPhysicalConnection(DruidAbstractDataSource.java:1657)
	at com.alibaba.druid.pool.DruidAbstractDataSource.createPhysicalConnection(DruidAbstractDataSource.java:1723)
	at com.alibaba.druid.pool.DruidDataSource$CreateConnectionThread.run(DruidDataSource.java:2838)
2024-11-11 22:37:59,298 ERROR [Druid-ConnectionPool-Create-1018618094][DruidDataSource.java:2840] - create connection SQLException, url: jdbc:mysql://192.168.101.65:3306/xc402_content148?serverTimezone=UTC&userUnicode=true&useSSL=false&, errorCode 1049, state 42000
java.sql.SQLSyntaxErrorException: Unknown database 'xc402_content148'
	at com.mysql.cj.jdbc.exceptions.SQLError.createSQLException(SQLError.java:120)
	at com.mysql.cj.jdbc.exceptions.SQLExceptionsMapping.translateException(SQLExceptionsMapping.java:122)
	at com.mysql.cj.jdbc.ConnectionImpl.createNewIO(ConnectionImpl.java:828)
	at com.mysql.cj.jdbc.ConnectionImpl.<init>(ConnectionImpl.java:448)
	at com.mysql.cj.jdbc.ConnectionImpl.getInstance(ConnectionImpl.java:241)
	at com.mysql.cj.jdbc.NonRegisteringDriver.connect(NonRegisteringDriver.java:198)
	at com.alibaba.druid.pool.DruidAbstractDataSource.createPhysicalConnection(DruidAbstractDataSource.java:1657)
	at com.alibaba.druid.pool.DruidAbstractDataSource.createPhysicalConnection(DruidAbstractDataSource.java:1723)
	at com.alibaba.druid.pool.DruidDataSource$CreateConnectionThread.run(DruidDataSource.java:2838)
2024-11-11 22:37:59,812 ERROR [Druid-ConnectionPool-Create-1018618094][DruidDataSource.java:2840] - create connection SQLException, url: jdbc:mysql://192.168.101.65:3306/xc402_content148?serverTimezone=UTC&userUnicode=true&useSSL=false&, errorCode 1049, state 42000
java.sql.SQLSyntaxErrorException: Unknown database 'xc402_content148'
	at com.mysql.cj.jdbc.exceptions.SQLError.createSQLException(SQLError.java:120)
	at com.mysql.cj.jdbc.exceptions.SQLExceptionsMapping.translateException(SQLExceptionsMapping.java:122)
	at com.mysql.cj.jdbc.ConnectionImpl.createNewIO(ConnectionImpl.java:828)
	at com.mysql.cj.jdbc.ConnectionImpl.<init>(ConnectionImpl.java:448)
	at com.mysql.cj.jdbc.ConnectionImpl.getInstance(ConnectionImpl.java:241)
	at com.mysql.cj.jdbc.NonRegisteringDriver.connect(NonRegisteringDriver.java:198)
	at com.alibaba.druid.pool.DruidAbstractDataSource.createPhysicalConnection(DruidAbstractDataSource.java:1657)
	at com.alibaba.druid.pool.DruidAbstractDataSource.createPhysicalConnection(DruidAbstractDataSource.java:1723)
	at com.alibaba.druid.pool.DruidDataSource$CreateConnectionThread.run(DruidDataSource.java:2838)
2024-11-11 22:38:00,329 ERROR [Druid-ConnectionPool-Create-1018618094][DruidDataSource.java:2840] - create connection SQLException, url: jdbc:mysql://192.168.101.65:3306/xc402_content148?serverTimezone=UTC&userUnicode=true&useSSL=false&, errorCode 1049, state 42000
java.sql.SQLSyntaxErrorException: Unknown database 'xc402_content148'
	at com.mysql.cj.jdbc.exceptions.SQLError.createSQLException(SQLError.java:120)
	at com.mysql.cj.jdbc.exceptions.SQLExceptionsMapping.translateException(SQLExceptionsMapping.java:122)
	at com.mysql.cj.jdbc.ConnectionImpl.createNewIO(ConnectionImpl.java:828)
	at com.mysql.cj.jdbc.ConnectionImpl.<init>(ConnectionImpl.java:448)
	at com.mysql.cj.jdbc.ConnectionImpl.getInstance(ConnectionImpl.java:241)
	at com.mysql.cj.jdbc.NonRegisteringDriver.connect(NonRegisteringDriver.java:198)
	at com.alibaba.druid.pool.DruidAbstractDataSource.createPhysicalConnection(DruidAbstractDataSource.java:1657)
	at com.alibaba.druid.pool.DruidAbstractDataSource.createPhysicalConnection(DruidAbstractDataSource.java:1723)
	at com.alibaba.druid.pool.DruidDataSource$CreateConnectionThread.run(DruidDataSource.java:2838)
2024-11-11 22:38:00,845 ERROR [Druid-ConnectionPool-Create-1018618094][DruidDataSource.java:2840] - create connection SQLException, url: jdbc:mysql://192.168.101.65:3306/xc402_content148?serverTimezone=UTC&userUnicode=true&useSSL=false&, errorCode 1049, state 42000
java.sql.SQLSyntaxErrorException: Unknown database 'xc402_content148'
	at com.mysql.cj.jdbc.exceptions.SQLError.createSQLException(SQLError.java:120)
	at com.mysql.cj.jdbc.exceptions.SQLExceptionsMapping.translateException(SQLExceptionsMapping.java:122)
	at com.mysql.cj.jdbc.ConnectionImpl.createNewIO(ConnectionImpl.java:828)
	at com.mysql.cj.jdbc.ConnectionImpl.<init>(ConnectionImpl.java:448)
	at com.mysql.cj.jdbc.ConnectionImpl.getInstance(ConnectionImpl.java:241)
	at com.mysql.cj.jdbc.NonRegisteringDriver.connect(NonRegisteringDriver.java:198)
	at com.alibaba.druid.pool.DruidAbstractDataSource.createPhysicalConnection(DruidAbstractDataSource.java:1657)
	at com.alibaba.druid.pool.DruidAbstractDataSource.createPhysicalConnection(DruidAbstractDataSource.java:1723)
	at com.alibaba.druid.pool.DruidDataSource$CreateConnectionThread.run(DruidDataSource.java:2838)
2024-11-11 22:38:01,361 ERROR [Druid-ConnectionPool-Create-1018618094][DruidDataSource.java:2840] - create connection SQLException, url: jdbc:mysql://192.168.101.65:3306/xc402_content148?serverTimezone=UTC&userUnicode=true&useSSL=false&, errorCode 1049, state 42000
java.sql.SQLSyntaxErrorException: Unknown database 'xc402_content148'
	at com.mysql.cj.jdbc.exceptions.SQLError.createSQLException(SQLError.java:120)
	at com.mysql.cj.jdbc.exceptions.SQLExceptionsMapping.translateException(SQLExceptionsMapping.java:122)
	at com.mysql.cj.jdbc.ConnectionImpl.createNewIO(ConnectionImpl.java:828)
	at com.mysql.cj.jdbc.ConnectionImpl.<init>(ConnectionImpl.java:448)
	at com.mysql.cj.jdbc.ConnectionImpl.getInstance(ConnectionImpl.java:241)
	at com.mysql.cj.jdbc.NonRegisteringDriver.connect(NonRegisteringDriver.java:198)
	at com.alibaba.druid.pool.DruidAbstractDataSource.createPhysicalConnection(DruidAbstractDataSource.java:1657)
	at com.alibaba.druid.pool.DruidAbstractDataSource.createPhysicalConnection(DruidAbstractDataSource.java:1723)
	at com.alibaba.druid.pool.DruidDataSource$CreateConnectionThread.run(DruidDataSource.java:2838)
2024-11-11 22:38:01,872 ERROR [Druid-ConnectionPool-Create-1018618094][DruidDataSource.java:2840] - create connection SQLException, url: jdbc:mysql://192.168.101.65:3306/xc402_content148?serverTimezone=UTC&userUnicode=true&useSSL=false&, errorCode 1049, state 42000
java.sql.SQLSyntaxErrorException: Unknown database 'xc402_content148'
	at com.mysql.cj.jdbc.exceptions.SQLError.createSQLException(SQLError.java:120)
	at com.mysql.cj.jdbc.exceptions.SQLExceptionsMapping.translateException(SQLExceptionsMapping.java:122)
	at com.mysql.cj.jdbc.ConnectionImpl.createNewIO(ConnectionImpl.java:828)
	at com.mysql.cj.jdbc.ConnectionImpl.<init>(ConnectionImpl.java:448)
	at com.mysql.cj.jdbc.ConnectionImpl.getInstance(ConnectionImpl.java:241)
	at com.mysql.cj.jdbc.NonRegisteringDriver.connect(NonRegisteringDriver.java:198)
	at com.alibaba.druid.pool.DruidAbstractDataSource.createPhysicalConnection(DruidAbstractDataSource.java:1657)
	at com.alibaba.druid.pool.DruidAbstractDataSource.createPhysicalConnection(DruidAbstractDataSource.java:1723)
	at com.alibaba.druid.pool.DruidDataSource$CreateConnectionThread.run(DruidDataSource.java:2838)
2024-11-11 22:38:02,389 ERROR [Druid-ConnectionPool-Create-1018618094][DruidDataSource.java:2840] - create connection SQLException, url: jdbc:mysql://192.168.101.65:3306/xc402_content148?serverTimezone=UTC&userUnicode=true&useSSL=false&, errorCode 1049, state 42000
java.sql.SQLSyntaxErrorException: Unknown database 'xc402_content148'
	at com.mysql.cj.jdbc.exceptions.SQLError.createSQLException(SQLError.java:120)
	at com.mysql.cj.jdbc.exceptions.SQLExceptionsMapping.translateException(SQLExceptionsMapping.java:122)
	at com.mysql.cj.jdbc.ConnectionImpl.createNewIO(ConnectionImpl.java:828)
	at com.mysql.cj.jdbc.ConnectionImpl.<init>(ConnectionImpl.java:448)
	at com.mysql.cj.jdbc.ConnectionImpl.getInstance(ConnectionImpl.java:241)
	at com.mysql.cj.jdbc.NonRegisteringDriver.connect(NonRegisteringDriver.java:198)
	at com.alibaba.druid.pool.DruidAbstractDataSource.createPhysicalConnection(DruidAbstractDataSource.java:1657)
	at com.alibaba.druid.pool.DruidAbstractDataSource.createPhysicalConnection(DruidAbstractDataSource.java:1723)
	at com.alibaba.druid.pool.DruidDataSource$CreateConnectionThread.run(DruidDataSource.java:2838)
2024-11-11 22:38:02,901 ERROR [Druid-ConnectionPool-Create-1018618094][DruidDataSource.java:2840] - create connection SQLException, url: jdbc:mysql://192.168.101.65:3306/xc402_content148?serverTimezone=UTC&userUnicode=true&useSSL=false&, errorCode 1049, state 42000
java.sql.SQLSyntaxErrorException: Unknown database 'xc402_content148'
	at com.mysql.cj.jdbc.exceptions.SQLError.createSQLException(SQLError.java:120)
	at com.mysql.cj.jdbc.exceptions.SQLExceptionsMapping.translateException(SQLExceptionsMapping.java:122)
	at com.mysql.cj.jdbc.ConnectionImpl.createNewIO(ConnectionImpl.java:828)
	at com.mysql.cj.jdbc.ConnectionImpl.<init>(ConnectionImpl.java:448)
	at com.mysql.cj.jdbc.ConnectionImpl.getInstance(ConnectionImpl.java:241)
	at com.mysql.cj.jdbc.NonRegisteringDriver.connect(NonRegisteringDriver.java:198)
	at com.alibaba.druid.pool.DruidAbstractDataSource.createPhysicalConnection(DruidAbstractDataSource.java:1657)
	at com.alibaba.druid.pool.DruidAbstractDataSource.createPhysicalConnection(DruidAbstractDataSource.java:1723)
	at com.alibaba.druid.pool.DruidDataSource$CreateConnectionThread.run(DruidDataSource.java:2838)
2024-11-11 22:38:03,410 ERROR [Druid-ConnectionPool-Create-1018618094][DruidDataSource.java:2840] - create connection SQLException, url: jdbc:mysql://192.168.101.65:3306/xc402_content148?serverTimezone=UTC&userUnicode=true&useSSL=false&, errorCode 1049, state 42000
java.sql.SQLSyntaxErrorException: Unknown database 'xc402_content148'
	at com.mysql.cj.jdbc.exceptions.SQLError.createSQLException(SQLError.java:120)
	at com.mysql.cj.jdbc.exceptions.SQLExceptionsMapping.translateException(SQLExceptionsMapping.java:122)
	at com.mysql.cj.jdbc.ConnectionImpl.createNewIO(ConnectionImpl.java:828)
	at com.mysql.cj.jdbc.ConnectionImpl.<init>(ConnectionImpl.java:448)
	at com.mysql.cj.jdbc.ConnectionImpl.getInstance(ConnectionImpl.java:241)
	at com.mysql.cj.jdbc.NonRegisteringDriver.connect(NonRegisteringDriver.java:198)
	at com.alibaba.druid.pool.DruidAbstractDataSource.createPhysicalConnection(DruidAbstractDataSource.java:1657)
	at com.alibaba.druid.pool.DruidAbstractDataSource.createPhysicalConnection(DruidAbstractDataSource.java:1723)
	at com.alibaba.druid.pool.DruidDataSource$CreateConnectionThread.run(DruidDataSource.java:2838)
2024-11-11 22:38:03,927 ERROR [Druid-ConnectionPool-Create-1018618094][DruidDataSource.java:2840] - create connection SQLException, url: jdbc:mysql://192.168.101.65:3306/xc402_content148?serverTimezone=UTC&userUnicode=true&useSSL=false&, errorCode 1049, state 42000
java.sql.SQLSyntaxErrorException: Unknown database 'xc402_content148'
	at com.mysql.cj.jdbc.exceptions.SQLError.createSQLException(SQLError.java:120)
	at com.mysql.cj.jdbc.exceptions.SQLExceptionsMapping.translateException(SQLExceptionsMapping.java:122)
	at com.mysql.cj.jdbc.ConnectionImpl.createNewIO(ConnectionImpl.java:828)
	at com.mysql.cj.jdbc.ConnectionImpl.<init>(ConnectionImpl.java:448)
	at com.mysql.cj.jdbc.ConnectionImpl.getInstance(ConnectionImpl.java:241)
	at com.mysql.cj.jdbc.NonRegisteringDriver.connect(NonRegisteringDriver.java:198)
	at com.alibaba.druid.pool.DruidAbstractDataSource.createPhysicalConnection(DruidAbstractDataSource.java:1657)
	at com.alibaba.druid.pool.DruidAbstractDataSource.createPhysicalConnection(DruidAbstractDataSource.java:1723)
	at com.alibaba.druid.pool.DruidDataSource$CreateConnectionThread.run(DruidDataSource.java:2838)
2024-11-11 22:38:04,444 ERROR [Druid-ConnectionPool-Create-1018618094][DruidDataSource.java:2840] - create connection SQLException, url: jdbc:mysql://192.168.101.65:3306/xc402_content148?serverTimezone=UTC&userUnicode=true&useSSL=false&, errorCode 1049, state 42000
java.sql.SQLSyntaxErrorException: Unknown database 'xc402_content148'
	at com.mysql.cj.jdbc.exceptions.SQLError.createSQLException(SQLError.java:120)
	at com.mysql.cj.jdbc.exceptions.SQLExceptionsMapping.translateException(SQLExceptionsMapping.java:122)
	at com.mysql.cj.jdbc.ConnectionImpl.createNewIO(ConnectionImpl.java:828)
	at com.mysql.cj.jdbc.ConnectionImpl.<init>(ConnectionImpl.java:448)
	at com.mysql.cj.jdbc.ConnectionImpl.getInstance(ConnectionImpl.java:241)
	at com.mysql.cj.jdbc.NonRegisteringDriver.connect(NonRegisteringDriver.java:198)
	at com.alibaba.druid.pool.DruidAbstractDataSource.createPhysicalConnection(DruidAbstractDataSource.java:1657)
	at com.alibaba.druid.pool.DruidAbstractDataSource.createPhysicalConnection(DruidAbstractDataSource.java:1723)
	at com.alibaba.druid.pool.DruidDataSource$CreateConnectionThread.run(DruidDataSource.java:2838)
2024-11-11 22:38:04,961 ERROR [Druid-ConnectionPool-Create-1018618094][DruidDataSource.java:2840] - create connection SQLException, url: jdbc:mysql://192.168.101.65:3306/xc402_content148?serverTimezone=UTC&userUnicode=true&useSSL=false&, errorCode 1049, state 42000
java.sql.SQLSyntaxErrorException: Unknown database 'xc402_content148'
	at com.mysql.cj.jdbc.exceptions.SQLError.createSQLException(SQLError.java:120)
	at com.mysql.cj.jdbc.exceptions.SQLExceptionsMapping.translateException(SQLExceptionsMapping.java:122)
	at com.mysql.cj.jdbc.ConnectionImpl.createNewIO(ConnectionImpl.java:828)
	at com.mysql.cj.jdbc.ConnectionImpl.<init>(ConnectionImpl.java:448)
	at com.mysql.cj.jdbc.ConnectionImpl.getInstance(ConnectionImpl.java:241)
	at com.mysql.cj.jdbc.NonRegisteringDriver.connect(NonRegisteringDriver.java:198)
	at com.alibaba.druid.pool.DruidAbstractDataSource.createPhysicalConnection(DruidAbstractDataSource.java:1657)
	at com.alibaba.druid.pool.DruidAbstractDataSource.createPhysicalConnection(DruidAbstractDataSource.java:1723)
	at com.alibaba.druid.pool.DruidDataSource$CreateConnectionThread.run(DruidDataSource.java:2838)
2024-11-11 22:38:05,477 ERROR [Druid-ConnectionPool-Create-1018618094][DruidDataSource.java:2840] - create connection SQLException, url: jdbc:mysql://192.168.101.65:3306/xc402_content148?serverTimezone=UTC&userUnicode=true&useSSL=false&, errorCode 1049, state 42000
java.sql.SQLSyntaxErrorException: Unknown database 'xc402_content148'
	at com.mysql.cj.jdbc.exceptions.SQLError.createSQLException(SQLError.java:120)
	at com.mysql.cj.jdbc.exceptions.SQLExceptionsMapping.translateException(SQLExceptionsMapping.java:122)
	at com.mysql.cj.jdbc.ConnectionImpl.createNewIO(ConnectionImpl.java:828)
	at com.mysql.cj.jdbc.ConnectionImpl.<init>(ConnectionImpl.java:448)
	at com.mysql.cj.jdbc.ConnectionImpl.getInstance(ConnectionImpl.java:241)
	at com.mysql.cj.jdbc.NonRegisteringDriver.connect(NonRegisteringDriver.java:198)
	at com.alibaba.druid.pool.DruidAbstractDataSource.createPhysicalConnection(DruidAbstractDataSource.java:1657)
	at com.alibaba.druid.pool.DruidAbstractDataSource.createPhysicalConnection(DruidAbstractDataSource.java:1723)
	at com.alibaba.druid.pool.DruidDataSource$CreateConnectionThread.run(DruidDataSource.java:2838)
2024-11-11 22:38:05,994 ERROR [Druid-ConnectionPool-Create-1018618094][DruidDataSource.java:2840] - create connection SQLException, url: jdbc:mysql://192.168.101.65:3306/xc402_content148?serverTimezone=UTC&userUnicode=true&useSSL=false&, errorCode 1049, state 42000
java.sql.SQLSyntaxErrorException: Unknown database 'xc402_content148'
	at com.mysql.cj.jdbc.exceptions.SQLError.createSQLException(SQLError.java:120)
	at com.mysql.cj.jdbc.exceptions.SQLExceptionsMapping.translateException(SQLExceptionsMapping.java:122)
	at com.mysql.cj.jdbc.ConnectionImpl.createNewIO(ConnectionImpl.java:828)
	at com.mysql.cj.jdbc.ConnectionImpl.<init>(ConnectionImpl.java:448)
	at com.mysql.cj.jdbc.ConnectionImpl.getInstance(ConnectionImpl.java:241)
	at com.mysql.cj.jdbc.NonRegisteringDriver.connect(NonRegisteringDriver.java:198)
	at com.alibaba.druid.pool.DruidAbstractDataSource.createPhysicalConnection(DruidAbstractDataSource.java:1657)
	at com.alibaba.druid.pool.DruidAbstractDataSource.createPhysicalConnection(DruidAbstractDataSource.java:1723)
	at com.alibaba.druid.pool.DruidDataSource$CreateConnectionThread.run(DruidDataSource.java:2838)
2024-11-11 22:38:06,517 ERROR [Druid-ConnectionPool-Create-1018618094][DruidDataSource.java:2840] - create connection SQLException, url: jdbc:mysql://192.168.101.65:3306/xc402_content148?serverTimezone=UTC&userUnicode=true&useSSL=false&, errorCode 1049, state 42000
java.sql.SQLSyntaxErrorException: Unknown database 'xc402_content148'
	at com.mysql.cj.jdbc.exceptions.SQLError.createSQLException(SQLError.java:120)
	at com.mysql.cj.jdbc.exceptions.SQLExceptionsMapping.translateException(SQLExceptionsMapping.java:122)
	at com.mysql.cj.jdbc.ConnectionImpl.createNewIO(ConnectionImpl.java:828)
	at com.mysql.cj.jdbc.ConnectionImpl.<init>(ConnectionImpl.java:448)
	at com.mysql.cj.jdbc.ConnectionImpl.getInstance(ConnectionImpl.java:241)
	at com.mysql.cj.jdbc.NonRegisteringDriver.connect(NonRegisteringDriver.java:198)
	at com.alibaba.druid.pool.DruidAbstractDataSource.createPhysicalConnection(DruidAbstractDataSource.java:1657)
	at com.alibaba.druid.pool.DruidAbstractDataSource.createPhysicalConnection(DruidAbstractDataSource.java:1723)
	at com.alibaba.druid.pool.DruidDataSource$CreateConnectionThread.run(DruidDataSource.java:2838)
2024-11-11 22:38:07,041 ERROR [Druid-ConnectionPool-Create-1018618094][DruidDataSource.java:2840] - create connection SQLException, url: jdbc:mysql://192.168.101.65:3306/xc402_content148?serverTimezone=UTC&userUnicode=true&useSSL=false&, errorCode 1049, state 42000
java.sql.SQLSyntaxErrorException: Unknown database 'xc402_content148'
	at com.mysql.cj.jdbc.exceptions.SQLError.createSQLException(SQLError.java:120)
	at com.mysql.cj.jdbc.exceptions.SQLExceptionsMapping.translateException(SQLExceptionsMapping.java:122)
	at com.mysql.cj.jdbc.ConnectionImpl.createNewIO(ConnectionImpl.java:828)
	at com.mysql.cj.jdbc.ConnectionImpl.<init>(ConnectionImpl.java:448)
	at com.mysql.cj.jdbc.ConnectionImpl.getInstance(ConnectionImpl.java:241)
	at com.mysql.cj.jdbc.NonRegisteringDriver.connect(NonRegisteringDriver.java:198)
	at com.alibaba.druid.pool.DruidAbstractDataSource.createPhysicalConnection(DruidAbstractDataSource.java:1657)
	at com.alibaba.druid.pool.DruidAbstractDataSource.createPhysicalConnection(DruidAbstractDataSource.java:1723)
	at com.alibaba.druid.pool.DruidDataSource$CreateConnectionThread.run(DruidDataSource.java:2838)
2024-11-11 22:38:07,570 ERROR [Druid-ConnectionPool-Create-1018618094][DruidDataSource.java:2840] - create connection SQLException, url: jdbc:mysql://192.168.101.65:3306/xc402_content148?serverTimezone=UTC&userUnicode=true&useSSL=false&, errorCode 1049, state 42000
java.sql.SQLSyntaxErrorException: Unknown database 'xc402_content148'
	at com.mysql.cj.jdbc.exceptions.SQLError.createSQLException(SQLError.java:120)
	at com.mysql.cj.jdbc.exceptions.SQLExceptionsMapping.translateException(SQLExceptionsMapping.java:122)
	at com.mysql.cj.jdbc.ConnectionImpl.createNewIO(ConnectionImpl.java:828)
	at com.mysql.cj.jdbc.ConnectionImpl.<init>(ConnectionImpl.java:448)
	at com.mysql.cj.jdbc.ConnectionImpl.getInstance(ConnectionImpl.java:241)
	at com.mysql.cj.jdbc.NonRegisteringDriver.connect(NonRegisteringDriver.java:198)
	at com.alibaba.druid.pool.DruidAbstractDataSource.createPhysicalConnection(DruidAbstractDataSource.java:1657)
	at com.alibaba.druid.pool.DruidAbstractDataSource.createPhysicalConnection(DruidAbstractDataSource.java:1723)
	at com.alibaba.druid.pool.DruidDataSource$CreateConnectionThread.run(DruidDataSource.java:2838)
2024-11-11 22:38:08,085 ERROR [Druid-ConnectionPool-Create-1018618094][DruidDataSource.java:2840] - create connection SQLException, url: jdbc:mysql://192.168.101.65:3306/xc402_content148?serverTimezone=UTC&userUnicode=true&useSSL=false&, errorCode 1049, state 42000
java.sql.SQLSyntaxErrorException: Unknown database 'xc402_content148'
	at com.mysql.cj.jdbc.exceptions.SQLError.createSQLException(SQLError.java:120)
	at com.mysql.cj.jdbc.exceptions.SQLExceptionsMapping.translateException(SQLExceptionsMapping.java:122)
	at com.mysql.cj.jdbc.ConnectionImpl.createNewIO(ConnectionImpl.java:828)
	at com.mysql.cj.jdbc.ConnectionImpl.<init>(ConnectionImpl.java:448)
	at com.mysql.cj.jdbc.ConnectionImpl.getInstance(ConnectionImpl.java:241)
	at com.mysql.cj.jdbc.NonRegisteringDriver.connect(NonRegisteringDriver.java:198)
	at com.alibaba.druid.pool.DruidAbstractDataSource.createPhysicalConnection(DruidAbstractDataSource.java:1657)
	at com.alibaba.druid.pool.DruidAbstractDataSource.createPhysicalConnection(DruidAbstractDataSource.java:1723)
	at com.alibaba.druid.pool.DruidDataSource$CreateConnectionThread.run(DruidDataSource.java:2838)
2024-11-11 22:38:08,597 ERROR [Druid-ConnectionPool-Create-1018618094][DruidDataSource.java:2840] - create connection SQLException, url: jdbc:mysql://192.168.101.65:3306/xc402_content148?serverTimezone=UTC&userUnicode=true&useSSL=false&, errorCode 1049, state 42000
java.sql.SQLSyntaxErrorException: Unknown database 'xc402_content148'
	at com.mysql.cj.jdbc.exceptions.SQLError.createSQLException(SQLError.java:120)
	at com.mysql.cj.jdbc.exceptions.SQLExceptionsMapping.translateException(SQLExceptionsMapping.java:122)
	at com.mysql.cj.jdbc.ConnectionImpl.createNewIO(ConnectionImpl.java:828)
	at com.mysql.cj.jdbc.ConnectionImpl.<init>(ConnectionImpl.java:448)
	at com.mysql.cj.jdbc.ConnectionImpl.getInstance(ConnectionImpl.java:241)
	at com.mysql.cj.jdbc.NonRegisteringDriver.connect(NonRegisteringDriver.java:198)
	at com.alibaba.druid.pool.DruidAbstractDataSource.createPhysicalConnection(DruidAbstractDataSource.java:1657)
	at com.alibaba.druid.pool.DruidAbstractDataSource.createPhysicalConnection(DruidAbstractDataSource.java:1723)
	at com.alibaba.druid.pool.DruidDataSource$CreateConnectionThread.run(DruidDataSource.java:2838)
2024-11-11 22:38:09,111 ERROR [Druid-ConnectionPool-Create-1018618094][DruidDataSource.java:2840] - create connection SQLException, url: jdbc:mysql://192.168.101.65:3306/xc402_content148?serverTimezone=UTC&userUnicode=true&useSSL=false&, errorCode 1049, state 42000
java.sql.SQLSyntaxErrorException: Unknown database 'xc402_content148'
	at com.mysql.cj.jdbc.exceptions.SQLError.createSQLException(SQLError.java:120)
	at com.mysql.cj.jdbc.exceptions.SQLExceptionsMapping.translateException(SQLExceptionsMapping.java:122)
	at com.mysql.cj.jdbc.ConnectionImpl.createNewIO(ConnectionImpl.java:828)
	at com.mysql.cj.jdbc.ConnectionImpl.<init>(ConnectionImpl.java:448)
	at com.mysql.cj.jdbc.ConnectionImpl.getInstance(ConnectionImpl.java:241)
	at com.mysql.cj.jdbc.NonRegisteringDriver.connect(NonRegisteringDriver.java:198)
	at com.alibaba.druid.pool.DruidAbstractDataSource.createPhysicalConnection(DruidAbstractDataSource.java:1657)
	at com.alibaba.druid.pool.DruidAbstractDataSource.createPhysicalConnection(DruidAbstractDataSource.java:1723)
	at com.alibaba.druid.pool.DruidDataSource$CreateConnectionThread.run(DruidDataSource.java:2838)
2024-11-11 22:50:28,596 ERROR [Druid-ConnectionPool-Create-302687243][DruidDataSource.java:2840] - create connection SQLException, url: jdbc:mysql://192.168.101.65:3306/xc402_content148?serverTimezone=UTC&userUnicode=true&useSSL=false&, errorCode 1049, state 42000
java.sql.SQLSyntaxErrorException: Unknown database 'xc402_content148'
	at com.mysql.cj.jdbc.exceptions.SQLError.createSQLException(SQLError.java:120)
	at com.mysql.cj.jdbc.exceptions.SQLExceptionsMapping.translateException(SQLExceptionsMapping.java:122)
	at com.mysql.cj.jdbc.ConnectionImpl.createNewIO(ConnectionImpl.java:828)
	at com.mysql.cj.jdbc.ConnectionImpl.<init>(ConnectionImpl.java:448)
	at com.mysql.cj.jdbc.ConnectionImpl.getInstance(ConnectionImpl.java:241)
	at com.mysql.cj.jdbc.NonRegisteringDriver.connect(NonRegisteringDriver.java:198)
	at com.alibaba.druid.pool.DruidAbstractDataSource.createPhysicalConnection(DruidAbstractDataSource.java:1657)
	at com.alibaba.druid.pool.DruidAbstractDataSource.createPhysicalConnection(DruidAbstractDataSource.java:1723)
	at com.alibaba.druid.pool.DruidDataSource$CreateConnectionThread.run(DruidDataSource.java:2838)
2024-11-11 22:50:28,605 ERROR [Druid-ConnectionPool-Create-302687243][DruidDataSource.java:2840] - create connection SQLException, url: jdbc:mysql://192.168.101.65:3306/xc402_content148?serverTimezone=UTC&userUnicode=true&useSSL=false&, errorCode 1049, state 42000
java.sql.SQLSyntaxErrorException: Unknown database 'xc402_content148'
	at com.mysql.cj.jdbc.exceptions.SQLError.createSQLException(SQLError.java:120)
	at com.mysql.cj.jdbc.exceptions.SQLExceptionsMapping.translateException(SQLExceptionsMapping.java:122)
	at com.mysql.cj.jdbc.ConnectionImpl.createNewIO(ConnectionImpl.java:828)
	at com.mysql.cj.jdbc.ConnectionImpl.<init>(ConnectionImpl.java:448)
	at com.mysql.cj.jdbc.ConnectionImpl.getInstance(ConnectionImpl.java:241)
	at com.mysql.cj.jdbc.NonRegisteringDriver.connect(NonRegisteringDriver.java:198)
	at com.alibaba.druid.pool.DruidAbstractDataSource.createPhysicalConnection(DruidAbstractDataSource.java:1657)
	at com.alibaba.druid.pool.DruidAbstractDataSource.createPhysicalConnection(DruidAbstractDataSource.java:1723)
	at com.alibaba.druid.pool.DruidDataSource$CreateConnectionThread.run(DruidDataSource.java:2838)
2024-11-11 22:50:29,117 ERROR [Druid-ConnectionPool-Create-302687243][DruidDataSource.java:2840] - create connection SQLException, url: jdbc:mysql://192.168.101.65:3306/xc402_content148?serverTimezone=UTC&userUnicode=true&useSSL=false&, errorCode 1049, state 42000
java.sql.SQLSyntaxErrorException: Unknown database 'xc402_content148'
	at com.mysql.cj.jdbc.exceptions.SQLError.createSQLException(SQLError.java:120)
	at com.mysql.cj.jdbc.exceptions.SQLExceptionsMapping.translateException(SQLExceptionsMapping.java:122)
	at com.mysql.cj.jdbc.ConnectionImpl.createNewIO(ConnectionImpl.java:828)
	at com.mysql.cj.jdbc.ConnectionImpl.<init>(ConnectionImpl.java:448)
	at com.mysql.cj.jdbc.ConnectionImpl.getInstance(ConnectionImpl.java:241)
	at com.mysql.cj.jdbc.NonRegisteringDriver.connect(NonRegisteringDriver.java:198)
	at com.alibaba.druid.pool.DruidAbstractDataSource.createPhysicalConnection(DruidAbstractDataSource.java:1657)
	at com.alibaba.druid.pool.DruidAbstractDataSource.createPhysicalConnection(DruidAbstractDataSource.java:1723)
	at com.alibaba.druid.pool.DruidDataSource$CreateConnectionThread.run(DruidDataSource.java:2838)
2024-11-11 22:50:29,634 ERROR [Druid-ConnectionPool-Create-302687243][DruidDataSource.java:2840] - create connection SQLException, url: jdbc:mysql://192.168.101.65:3306/xc402_content148?serverTimezone=UTC&userUnicode=true&useSSL=false&, errorCode 1049, state 42000
java.sql.SQLSyntaxErrorException: Unknown database 'xc402_content148'
	at com.mysql.cj.jdbc.exceptions.SQLError.createSQLException(SQLError.java:120)
	at com.mysql.cj.jdbc.exceptions.SQLExceptionsMapping.translateException(SQLExceptionsMapping.java:122)
	at com.mysql.cj.jdbc.ConnectionImpl.createNewIO(ConnectionImpl.java:828)
	at com.mysql.cj.jdbc.ConnectionImpl.<init>(ConnectionImpl.java:448)
	at com.mysql.cj.jdbc.ConnectionImpl.getInstance(ConnectionImpl.java:241)
	at com.mysql.cj.jdbc.NonRegisteringDriver.connect(NonRegisteringDriver.java:198)
	at com.alibaba.druid.pool.DruidAbstractDataSource.createPhysicalConnection(DruidAbstractDataSource.java:1657)
	at com.alibaba.druid.pool.DruidAbstractDataSource.createPhysicalConnection(DruidAbstractDataSource.java:1723)
	at com.alibaba.druid.pool.DruidDataSource$CreateConnectionThread.run(DruidDataSource.java:2838)
2024-11-11 22:50:30,149 ERROR [Druid-ConnectionPool-Create-302687243][DruidDataSource.java:2840] - create connection SQLException, url: jdbc:mysql://192.168.101.65:3306/xc402_content148?serverTimezone=UTC&userUnicode=true&useSSL=false&, errorCode 1049, state 42000
java.sql.SQLSyntaxErrorException: Unknown database 'xc402_content148'
	at com.mysql.cj.jdbc.exceptions.SQLError.createSQLException(SQLError.java:120)
	at com.mysql.cj.jdbc.exceptions.SQLExceptionsMapping.translateException(SQLExceptionsMapping.java:122)
	at com.mysql.cj.jdbc.ConnectionImpl.createNewIO(ConnectionImpl.java:828)
	at com.mysql.cj.jdbc.ConnectionImpl.<init>(ConnectionImpl.java:448)
	at com.mysql.cj.jdbc.ConnectionImpl.getInstance(ConnectionImpl.java:241)
	at com.mysql.cj.jdbc.NonRegisteringDriver.connect(NonRegisteringDriver.java:198)
	at com.alibaba.druid.pool.DruidAbstractDataSource.createPhysicalConnection(DruidAbstractDataSource.java:1657)
	at com.alibaba.druid.pool.DruidAbstractDataSource.createPhysicalConnection(DruidAbstractDataSource.java:1723)
	at com.alibaba.druid.pool.DruidDataSource$CreateConnectionThread.run(DruidDataSource.java:2838)
2024-11-11 22:50:30,659 ERROR [Druid-ConnectionPool-Create-302687243][DruidDataSource.java:2840] - create connection SQLException, url: jdbc:mysql://192.168.101.65:3306/xc402_content148?serverTimezone=UTC&userUnicode=true&useSSL=false&, errorCode 1049, state 42000
java.sql.SQLSyntaxErrorException: Unknown database 'xc402_content148'
	at com.mysql.cj.jdbc.exceptions.SQLError.createSQLException(SQLError.java:120)
	at com.mysql.cj.jdbc.exceptions.SQLExceptionsMapping.translateException(SQLExceptionsMapping.java:122)
	at com.mysql.cj.jdbc.ConnectionImpl.createNewIO(ConnectionImpl.java:828)
	at com.mysql.cj.jdbc.ConnectionImpl.<init>(ConnectionImpl.java:448)
	at com.mysql.cj.jdbc.ConnectionImpl.getInstance(ConnectionImpl.java:241)
	at com.mysql.cj.jdbc.NonRegisteringDriver.connect(NonRegisteringDriver.java:198)
	at com.alibaba.druid.pool.DruidAbstractDataSource.createPhysicalConnection(DruidAbstractDataSource.java:1657)
	at com.alibaba.druid.pool.DruidAbstractDataSource.createPhysicalConnection(DruidAbstractDataSource.java:1723)
	at com.alibaba.druid.pool.DruidDataSource$CreateConnectionThread.run(DruidDataSource.java:2838)
2024-11-11 22:50:31,182 ERROR [Druid-ConnectionPool-Create-302687243][DruidDataSource.java:2840] - create connection SQLException, url: jdbc:mysql://192.168.101.65:3306/xc402_content148?serverTimezone=UTC&userUnicode=true&useSSL=false&, errorCode 1049, state 42000
java.sql.SQLSyntaxErrorException: Unknown database 'xc402_content148'
	at com.mysql.cj.jdbc.exceptions.SQLError.createSQLException(SQLError.java:120)
	at com.mysql.cj.jdbc.exceptions.SQLExceptionsMapping.translateException(SQLExceptionsMapping.java:122)
	at com.mysql.cj.jdbc.ConnectionImpl.createNewIO(ConnectionImpl.java:828)
	at com.mysql.cj.jdbc.ConnectionImpl.<init>(ConnectionImpl.java:448)
	at com.mysql.cj.jdbc.ConnectionImpl.getInstance(ConnectionImpl.java:241)
	at com.mysql.cj.jdbc.NonRegisteringDriver.connect(NonRegisteringDriver.java:198)
	at com.alibaba.druid.pool.DruidAbstractDataSource.createPhysicalConnection(DruidAbstractDataSource.java:1657)
	at com.alibaba.druid.pool.DruidAbstractDataSource.createPhysicalConnection(DruidAbstractDataSource.java:1723)
	at com.alibaba.druid.pool.DruidDataSource$CreateConnectionThread.run(DruidDataSource.java:2838)
2024-11-11 22:50:31,693 ERROR [Druid-ConnectionPool-Create-302687243][DruidDataSource.java:2840] - create connection SQLException, url: jdbc:mysql://192.168.101.65:3306/xc402_content148?serverTimezone=UTC&userUnicode=true&useSSL=false&, errorCode 1049, state 42000
java.sql.SQLSyntaxErrorException: Unknown database 'xc402_content148'
	at com.mysql.cj.jdbc.exceptions.SQLError.createSQLException(SQLError.java:120)
	at com.mysql.cj.jdbc.exceptions.SQLExceptionsMapping.translateException(SQLExceptionsMapping.java:122)
	at com.mysql.cj.jdbc.ConnectionImpl.createNewIO(ConnectionImpl.java:828)
	at com.mysql.cj.jdbc.ConnectionImpl.<init>(ConnectionImpl.java:448)
	at com.mysql.cj.jdbc.ConnectionImpl.getInstance(ConnectionImpl.java:241)
	at com.mysql.cj.jdbc.NonRegisteringDriver.connect(NonRegisteringDriver.java:198)
	at com.alibaba.druid.pool.DruidAbstractDataSource.createPhysicalConnection(DruidAbstractDataSource.java:1657)
	at com.alibaba.druid.pool.DruidAbstractDataSource.createPhysicalConnection(DruidAbstractDataSource.java:1723)
	at com.alibaba.druid.pool.DruidDataSource$CreateConnectionThread.run(DruidDataSource.java:2838)
2024-11-11 22:50:32,210 ERROR [Druid-ConnectionPool-Create-302687243][DruidDataSource.java:2840] - create connection SQLException, url: jdbc:mysql://192.168.101.65:3306/xc402_content148?serverTimezone=UTC&userUnicode=true&useSSL=false&, errorCode 1049, state 42000
java.sql.SQLSyntaxErrorException: Unknown database 'xc402_content148'
	at com.mysql.cj.jdbc.exceptions.SQLError.createSQLException(SQLError.java:120)
	at com.mysql.cj.jdbc.exceptions.SQLExceptionsMapping.translateException(SQLExceptionsMapping.java:122)
	at com.mysql.cj.jdbc.ConnectionImpl.createNewIO(ConnectionImpl.java:828)
	at com.mysql.cj.jdbc.ConnectionImpl.<init>(ConnectionImpl.java:448)
	at com.mysql.cj.jdbc.ConnectionImpl.getInstance(ConnectionImpl.java:241)
	at com.mysql.cj.jdbc.NonRegisteringDriver.connect(NonRegisteringDriver.java:198)
	at com.alibaba.druid.pool.DruidAbstractDataSource.createPhysicalConnection(DruidAbstractDataSource.java:1657)
	at com.alibaba.druid.pool.DruidAbstractDataSource.createPhysicalConnection(DruidAbstractDataSource.java:1723)
	at com.alibaba.druid.pool.DruidDataSource$CreateConnectionThread.run(DruidDataSource.java:2838)
2024-11-11 22:50:32,728 ERROR [Druid-ConnectionPool-Create-302687243][DruidDataSource.java:2840] - create connection SQLException, url: jdbc:mysql://192.168.101.65:3306/xc402_content148?serverTimezone=UTC&userUnicode=true&useSSL=false&, errorCode 1049, state 42000
java.sql.SQLSyntaxErrorException: Unknown database 'xc402_content148'
	at com.mysql.cj.jdbc.exceptions.SQLError.createSQLException(SQLError.java:120)
	at com.mysql.cj.jdbc.exceptions.SQLExceptionsMapping.translateException(SQLExceptionsMapping.java:122)
	at com.mysql.cj.jdbc.ConnectionImpl.createNewIO(ConnectionImpl.java:828)
	at com.mysql.cj.jdbc.ConnectionImpl.<init>(ConnectionImpl.java:448)
	at com.mysql.cj.jdbc.ConnectionImpl.getInstance(ConnectionImpl.java:241)
	at com.mysql.cj.jdbc.NonRegisteringDriver.connect(NonRegisteringDriver.java:198)
	at com.alibaba.druid.pool.DruidAbstractDataSource.createPhysicalConnection(DruidAbstractDataSource.java:1657)
	at com.alibaba.druid.pool.DruidAbstractDataSource.createPhysicalConnection(DruidAbstractDataSource.java:1723)
	at com.alibaba.druid.pool.DruidDataSource$CreateConnectionThread.run(DruidDataSource.java:2838)
2024-11-11 22:50:33,255 ERROR [Druid-ConnectionPool-Create-302687243][DruidDataSource.java:2840] - create connection SQLException, url: jdbc:mysql://192.168.101.65:3306/xc402_content148?serverTimezone=UTC&userUnicode=true&useSSL=false&, errorCode 1049, state 42000
java.sql.SQLSyntaxErrorException: Unknown database 'xc402_content148'
	at com.mysql.cj.jdbc.exceptions.SQLError.createSQLException(SQLError.java:120)
	at com.mysql.cj.jdbc.exceptions.SQLExceptionsMapping.translateException(SQLExceptionsMapping.java:122)
	at com.mysql.cj.jdbc.ConnectionImpl.createNewIO(ConnectionImpl.java:828)
	at com.mysql.cj.jdbc.ConnectionImpl.<init>(ConnectionImpl.java:448)
	at com.mysql.cj.jdbc.ConnectionImpl.getInstance(ConnectionImpl.java:241)
	at com.mysql.cj.jdbc.NonRegisteringDriver.connect(NonRegisteringDriver.java:198)
	at com.alibaba.druid.pool.DruidAbstractDataSource.createPhysicalConnection(DruidAbstractDataSource.java:1657)
	at com.alibaba.druid.pool.DruidAbstractDataSource.createPhysicalConnection(DruidAbstractDataSource.java:1723)
	at com.alibaba.druid.pool.DruidDataSource$CreateConnectionThread.run(DruidDataSource.java:2838)
2024-11-11 22:50:33,780 ERROR [Druid-ConnectionPool-Create-302687243][DruidDataSource.java:2840] - create connection SQLException, url: jdbc:mysql://192.168.101.65:3306/xc402_content148?serverTimezone=UTC&userUnicode=true&useSSL=false&, errorCode 1049, state 42000
java.sql.SQLSyntaxErrorException: Unknown database 'xc402_content148'
	at com.mysql.cj.jdbc.exceptions.SQLError.createSQLException(SQLError.java:120)
	at com.mysql.cj.jdbc.exceptions.SQLExceptionsMapping.translateException(SQLExceptionsMapping.java:122)
	at com.mysql.cj.jdbc.ConnectionImpl.createNewIO(ConnectionImpl.java:828)
	at com.mysql.cj.jdbc.ConnectionImpl.<init>(ConnectionImpl.java:448)
	at com.mysql.cj.jdbc.ConnectionImpl.getInstance(ConnectionImpl.java:241)
	at com.mysql.cj.jdbc.NonRegisteringDriver.connect(NonRegisteringDriver.java:198)
	at com.alibaba.druid.pool.DruidAbstractDataSource.createPhysicalConnection(DruidAbstractDataSource.java:1657)
	at com.alibaba.druid.pool.DruidAbstractDataSource.createPhysicalConnection(DruidAbstractDataSource.java:1723)
	at com.alibaba.druid.pool.DruidDataSource$CreateConnectionThread.run(DruidDataSource.java:2838)
2024-11-11 22:50:34,292 ERROR [Druid-ConnectionPool-Create-302687243][DruidDataSource.java:2840] - create connection SQLException, url: jdbc:mysql://192.168.101.65:3306/xc402_content148?serverTimezone=UTC&userUnicode=true&useSSL=false&, errorCode 1049, state 42000
java.sql.SQLSyntaxErrorException: Unknown database 'xc402_content148'
	at com.mysql.cj.jdbc.exceptions.SQLError.createSQLException(SQLError.java:120)
	at com.mysql.cj.jdbc.exceptions.SQLExceptionsMapping.translateException(SQLExceptionsMapping.java:122)
	at com.mysql.cj.jdbc.ConnectionImpl.createNewIO(ConnectionImpl.java:828)
	at com.mysql.cj.jdbc.ConnectionImpl.<init>(ConnectionImpl.java:448)
	at com.mysql.cj.jdbc.ConnectionImpl.getInstance(ConnectionImpl.java:241)
	at com.mysql.cj.jdbc.NonRegisteringDriver.connect(NonRegisteringDriver.java:198)
	at com.alibaba.druid.pool.DruidAbstractDataSource.createPhysicalConnection(DruidAbstractDataSource.java:1657)
	at com.alibaba.druid.pool.DruidAbstractDataSource.createPhysicalConnection(DruidAbstractDataSource.java:1723)
	at com.alibaba.druid.pool.DruidDataSource$CreateConnectionThread.run(DruidDataSource.java:2838)
2024-11-11 22:50:34,809 ERROR [Druid-ConnectionPool-Create-302687243][DruidDataSource.java:2840] - create connection SQLException, url: jdbc:mysql://192.168.101.65:3306/xc402_content148?serverTimezone=UTC&userUnicode=true&useSSL=false&, errorCode 1049, state 42000
java.sql.SQLSyntaxErrorException: Unknown database 'xc402_content148'
	at com.mysql.cj.jdbc.exceptions.SQLError.createSQLException(SQLError.java:120)
	at com.mysql.cj.jdbc.exceptions.SQLExceptionsMapping.translateException(SQLExceptionsMapping.java:122)
	at com.mysql.cj.jdbc.ConnectionImpl.createNewIO(ConnectionImpl.java:828)
	at com.mysql.cj.jdbc.ConnectionImpl.<init>(ConnectionImpl.java:448)
	at com.mysql.cj.jdbc.ConnectionImpl.getInstance(ConnectionImpl.java:241)
	at com.mysql.cj.jdbc.NonRegisteringDriver.connect(NonRegisteringDriver.java:198)
	at com.alibaba.druid.pool.DruidAbstractDataSource.createPhysicalConnection(DruidAbstractDataSource.java:1657)
	at com.alibaba.druid.pool.DruidAbstractDataSource.createPhysicalConnection(DruidAbstractDataSource.java:1723)
	at com.alibaba.druid.pool.DruidDataSource$CreateConnectionThread.run(DruidDataSource.java:2838)
2024-11-11 22:50:35,329 ERROR [Druid-ConnectionPool-Create-302687243][DruidDataSource.java:2840] - create connection SQLException, url: jdbc:mysql://192.168.101.65:3306/xc402_content148?serverTimezone=UTC&userUnicode=true&useSSL=false&, errorCode 1049, state 42000
java.sql.SQLSyntaxErrorException: Unknown database 'xc402_content148'
	at com.mysql.cj.jdbc.exceptions.SQLError.createSQLException(SQLError.java:120)
	at com.mysql.cj.jdbc.exceptions.SQLExceptionsMapping.translateException(SQLExceptionsMapping.java:122)
	at com.mysql.cj.jdbc.ConnectionImpl.createNewIO(ConnectionImpl.java:828)
	at com.mysql.cj.jdbc.ConnectionImpl.<init>(ConnectionImpl.java:448)
	at com.mysql.cj.jdbc.ConnectionImpl.getInstance(ConnectionImpl.java:241)
	at com.mysql.cj.jdbc.NonRegisteringDriver.connect(NonRegisteringDriver.java:198)
	at com.alibaba.druid.pool.DruidAbstractDataSource.createPhysicalConnection(DruidAbstractDataSource.java:1657)
	at com.alibaba.druid.pool.DruidAbstractDataSource.createPhysicalConnection(DruidAbstractDataSource.java:1723)
	at com.alibaba.druid.pool.DruidDataSource$CreateConnectionThread.run(DruidDataSource.java:2838)
2024-11-11 22:50:35,847 ERROR [Druid-ConnectionPool-Create-302687243][DruidDataSource.java:2840] - create connection SQLException, url: jdbc:mysql://192.168.101.65:3306/xc402_content148?serverTimezone=UTC&userUnicode=true&useSSL=false&, errorCode 1049, state 42000
java.sql.SQLSyntaxErrorException: Unknown database 'xc402_content148'
	at com.mysql.cj.jdbc.exceptions.SQLError.createSQLException(SQLError.java:120)
	at com.mysql.cj.jdbc.exceptions.SQLExceptionsMapping.translateException(SQLExceptionsMapping.java:122)
	at com.mysql.cj.jdbc.ConnectionImpl.createNewIO(ConnectionImpl.java:828)
	at com.mysql.cj.jdbc.ConnectionImpl.<init>(ConnectionImpl.java:448)
	at com.mysql.cj.jdbc.ConnectionImpl.getInstance(ConnectionImpl.java:241)
	at com.mysql.cj.jdbc.NonRegisteringDriver.connect(NonRegisteringDriver.java:198)
	at com.alibaba.druid.pool.DruidAbstractDataSource.createPhysicalConnection(DruidAbstractDataSource.java:1657)
	at com.alibaba.druid.pool.DruidAbstractDataSource.createPhysicalConnection(DruidAbstractDataSource.java:1723)
	at com.alibaba.druid.pool.DruidDataSource$CreateConnectionThread.run(DruidDataSource.java:2838)
2024-11-11 22:50:36,362 ERROR [Druid-ConnectionPool-Create-302687243][DruidDataSource.java:2840] - create connection SQLException, url: jdbc:mysql://192.168.101.65:3306/xc402_content148?serverTimezone=UTC&userUnicode=true&useSSL=false&, errorCode 1049, state 42000
java.sql.SQLSyntaxErrorException: Unknown database 'xc402_content148'
	at com.mysql.cj.jdbc.exceptions.SQLError.createSQLException(SQLError.java:120)
	at com.mysql.cj.jdbc.exceptions.SQLExceptionsMapping.translateException(SQLExceptionsMapping.java:122)
	at com.mysql.cj.jdbc.ConnectionImpl.createNewIO(ConnectionImpl.java:828)
	at com.mysql.cj.jdbc.ConnectionImpl.<init>(ConnectionImpl.java:448)
	at com.mysql.cj.jdbc.ConnectionImpl.getInstance(ConnectionImpl.java:241)
	at com.mysql.cj.jdbc.NonRegisteringDriver.connect(NonRegisteringDriver.java:198)
	at com.alibaba.druid.pool.DruidAbstractDataSource.createPhysicalConnection(DruidAbstractDataSource.java:1657)
	at com.alibaba.druid.pool.DruidAbstractDataSource.createPhysicalConnection(DruidAbstractDataSource.java:1723)
	at com.alibaba.druid.pool.DruidDataSource$CreateConnectionThread.run(DruidDataSource.java:2838)
2024-11-11 22:50:36,880 ERROR [Druid-ConnectionPool-Create-302687243][DruidDataSource.java:2840] - create connection SQLException, url: jdbc:mysql://192.168.101.65:3306/xc402_content148?serverTimezone=UTC&userUnicode=true&useSSL=false&, errorCode 1049, state 42000
java.sql.SQLSyntaxErrorException: Unknown database 'xc402_content148'
	at com.mysql.cj.jdbc.exceptions.SQLError.createSQLException(SQLError.java:120)
	at com.mysql.cj.jdbc.exceptions.SQLExceptionsMapping.translateException(SQLExceptionsMapping.java:122)
	at com.mysql.cj.jdbc.ConnectionImpl.createNewIO(ConnectionImpl.java:828)
	at com.mysql.cj.jdbc.ConnectionImpl.<init>(ConnectionImpl.java:448)
	at com.mysql.cj.jdbc.ConnectionImpl.getInstance(ConnectionImpl.java:241)
	at com.mysql.cj.jdbc.NonRegisteringDriver.connect(NonRegisteringDriver.java:198)
	at com.alibaba.druid.pool.DruidAbstractDataSource.createPhysicalConnection(DruidAbstractDataSource.java:1657)
	at com.alibaba.druid.pool.DruidAbstractDataSource.createPhysicalConnection(DruidAbstractDataSource.java:1723)
	at com.alibaba.druid.pool.DruidDataSource$CreateConnectionThread.run(DruidDataSource.java:2838)
2024-11-11 22:50:37,404 ERROR [Druid-ConnectionPool-Create-302687243][DruidDataSource.java:2840] - create connection SQLException, url: jdbc:mysql://192.168.101.65:3306/xc402_content148?serverTimezone=UTC&userUnicode=true&useSSL=false&, errorCode 1049, state 42000
java.sql.SQLSyntaxErrorException: Unknown database 'xc402_content148'
	at com.mysql.cj.jdbc.exceptions.SQLError.createSQLException(SQLError.java:120)
	at com.mysql.cj.jdbc.exceptions.SQLExceptionsMapping.translateException(SQLExceptionsMapping.java:122)
	at com.mysql.cj.jdbc.ConnectionImpl.createNewIO(ConnectionImpl.java:828)
	at com.mysql.cj.jdbc.ConnectionImpl.<init>(ConnectionImpl.java:448)
	at com.mysql.cj.jdbc.ConnectionImpl.getInstance(ConnectionImpl.java:241)
	at com.mysql.cj.jdbc.NonRegisteringDriver.connect(NonRegisteringDriver.java:198)
	at com.alibaba.druid.pool.DruidAbstractDataSource.createPhysicalConnection(DruidAbstractDataSource.java:1657)
	at com.alibaba.druid.pool.DruidAbstractDataSource.createPhysicalConnection(DruidAbstractDataSource.java:1723)
	at com.alibaba.druid.pool.DruidDataSource$CreateConnectionThread.run(DruidDataSource.java:2838)
2024-11-11 22:50:37,917 ERROR [Druid-ConnectionPool-Create-302687243][DruidDataSource.java:2840] - create connection SQLException, url: jdbc:mysql://192.168.101.65:3306/xc402_content148?serverTimezone=UTC&userUnicode=true&useSSL=false&, errorCode 1049, state 42000
java.sql.SQLSyntaxErrorException: Unknown database 'xc402_content148'
	at com.mysql.cj.jdbc.exceptions.SQLError.createSQLException(SQLError.java:120)
	at com.mysql.cj.jdbc.exceptions.SQLExceptionsMapping.translateException(SQLExceptionsMapping.java:122)
	at com.mysql.cj.jdbc.ConnectionImpl.createNewIO(ConnectionImpl.java:828)
	at com.mysql.cj.jdbc.ConnectionImpl.<init>(ConnectionImpl.java:448)
	at com.mysql.cj.jdbc.ConnectionImpl.getInstance(ConnectionImpl.java:241)
	at com.mysql.cj.jdbc.NonRegisteringDriver.connect(NonRegisteringDriver.java:198)
	at com.alibaba.druid.pool.DruidAbstractDataSource.createPhysicalConnection(DruidAbstractDataSource.java:1657)
	at com.alibaba.druid.pool.DruidAbstractDataSource.createPhysicalConnection(DruidAbstractDataSource.java:1723)
	at com.alibaba.druid.pool.DruidDataSource$CreateConnectionThread.run(DruidDataSource.java:2838)
2024-11-11 22:50:38,428 ERROR [Druid-ConnectionPool-Create-302687243][DruidDataSource.java:2840] - create connection SQLException, url: jdbc:mysql://192.168.101.65:3306/xc402_content148?serverTimezone=UTC&userUnicode=true&useSSL=false&, errorCode 1049, state 42000
java.sql.SQLSyntaxErrorException: Unknown database 'xc402_content148'
	at com.mysql.cj.jdbc.exceptions.SQLError.createSQLException(SQLError.java:120)
	at com.mysql.cj.jdbc.exceptions.SQLExceptionsMapping.translateException(SQLExceptionsMapping.java:122)
	at com.mysql.cj.jdbc.ConnectionImpl.createNewIO(ConnectionImpl.java:828)
	at com.mysql.cj.jdbc.ConnectionImpl.<init>(ConnectionImpl.java:448)
	at com.mysql.cj.jdbc.ConnectionImpl.getInstance(ConnectionImpl.java:241)
	at com.mysql.cj.jdbc.NonRegisteringDriver.connect(NonRegisteringDriver.java:198)
	at com.alibaba.druid.pool.DruidAbstractDataSource.createPhysicalConnection(DruidAbstractDataSource.java:1657)
	at com.alibaba.druid.pool.DruidAbstractDataSource.createPhysicalConnection(DruidAbstractDataSource.java:1723)
	at com.alibaba.druid.pool.DruidDataSource$CreateConnectionThread.run(DruidDataSource.java:2838)
2024-11-11 22:50:38,946 ERROR [Druid-ConnectionPool-Create-302687243][DruidDataSource.java:2840] - create connection SQLException, url: jdbc:mysql://192.168.101.65:3306/xc402_content148?serverTimezone=UTC&userUnicode=true&useSSL=false&, errorCode 1049, state 42000
java.sql.SQLSyntaxErrorException: Unknown database 'xc402_content148'
	at com.mysql.cj.jdbc.exceptions.SQLError.createSQLException(SQLError.java:120)
	at com.mysql.cj.jdbc.exceptions.SQLExceptionsMapping.translateException(SQLExceptionsMapping.java:122)
	at com.mysql.cj.jdbc.ConnectionImpl.createNewIO(ConnectionImpl.java:828)
	at com.mysql.cj.jdbc.ConnectionImpl.<init>(ConnectionImpl.java:448)
	at com.mysql.cj.jdbc.ConnectionImpl.getInstance(ConnectionImpl.java:241)
	at com.mysql.cj.jdbc.NonRegisteringDriver.connect(NonRegisteringDriver.java:198)
	at com.alibaba.druid.pool.DruidAbstractDataSource.createPhysicalConnection(DruidAbstractDataSource.java:1657)
	at com.alibaba.druid.pool.DruidAbstractDataSource.createPhysicalConnection(DruidAbstractDataSource.java:1723)
	at com.alibaba.druid.pool.DruidDataSource$CreateConnectionThread.run(DruidDataSource.java:2838)
2024-11-11 22:50:39,460 ERROR [Druid-ConnectionPool-Create-302687243][DruidDataSource.java:2840] - create connection SQLException, url: jdbc:mysql://192.168.101.65:3306/xc402_content148?serverTimezone=UTC&userUnicode=true&useSSL=false&, errorCode 1049, state 42000
java.sql.SQLSyntaxErrorException: Unknown database 'xc402_content148'
	at com.mysql.cj.jdbc.exceptions.SQLError.createSQLException(SQLError.java:120)
	at com.mysql.cj.jdbc.exceptions.SQLExceptionsMapping.translateException(SQLExceptionsMapping.java:122)
	at com.mysql.cj.jdbc.ConnectionImpl.createNewIO(ConnectionImpl.java:828)
	at com.mysql.cj.jdbc.ConnectionImpl.<init>(ConnectionImpl.java:448)
	at com.mysql.cj.jdbc.ConnectionImpl.getInstance(ConnectionImpl.java:241)
	at com.mysql.cj.jdbc.NonRegisteringDriver.connect(NonRegisteringDriver.java:198)
	at com.alibaba.druid.pool.DruidAbstractDataSource.createPhysicalConnection(DruidAbstractDataSource.java:1657)
	at com.alibaba.druid.pool.DruidAbstractDataSource.createPhysicalConnection(DruidAbstractDataSource.java:1723)
	at com.alibaba.druid.pool.DruidDataSource$CreateConnectionThread.run(DruidDataSource.java:2838)
2024-11-11 22:50:39,983 ERROR [Druid-ConnectionPool-Create-302687243][DruidDataSource.java:2840] - create connection SQLException, url: jdbc:mysql://192.168.101.65:3306/xc402_content148?serverTimezone=UTC&userUnicode=true&useSSL=false&, errorCode 1049, state 42000
java.sql.SQLSyntaxErrorException: Unknown database 'xc402_content148'
	at com.mysql.cj.jdbc.exceptions.SQLError.createSQLException(SQLError.java:120)
	at com.mysql.cj.jdbc.exceptions.SQLExceptionsMapping.translateException(SQLExceptionsMapping.java:122)
	at com.mysql.cj.jdbc.ConnectionImpl.createNewIO(ConnectionImpl.java:828)
	at com.mysql.cj.jdbc.ConnectionImpl.<init>(ConnectionImpl.java:448)
	at com.mysql.cj.jdbc.ConnectionImpl.getInstance(ConnectionImpl.java:241)
	at com.mysql.cj.jdbc.NonRegisteringDriver.connect(NonRegisteringDriver.java:198)
	at com.alibaba.druid.pool.DruidAbstractDataSource.createPhysicalConnection(DruidAbstractDataSource.java:1657)
	at com.alibaba.druid.pool.DruidAbstractDataSource.createPhysicalConnection(DruidAbstractDataSource.java:1723)
	at com.alibaba.druid.pool.DruidDataSource$CreateConnectionThread.run(DruidDataSource.java:2838)
2024-11-11 22:50:40,498 ERROR [Druid-ConnectionPool-Create-302687243][DruidDataSource.java:2840] - create connection SQLException, url: jdbc:mysql://192.168.101.65:3306/xc402_content148?serverTimezone=UTC&userUnicode=true&useSSL=false&, errorCode 1049, state 42000
java.sql.SQLSyntaxErrorException: Unknown database 'xc402_content148'
	at com.mysql.cj.jdbc.exceptions.SQLError.createSQLException(SQLError.java:120)
	at com.mysql.cj.jdbc.exceptions.SQLExceptionsMapping.translateException(SQLExceptionsMapping.java:122)
	at com.mysql.cj.jdbc.ConnectionImpl.createNewIO(ConnectionImpl.java:828)
	at com.mysql.cj.jdbc.ConnectionImpl.<init>(ConnectionImpl.java:448)
	at com.mysql.cj.jdbc.ConnectionImpl.getInstance(ConnectionImpl.java:241)
	at com.mysql.cj.jdbc.NonRegisteringDriver.connect(NonRegisteringDriver.java:198)
	at com.alibaba.druid.pool.DruidAbstractDataSource.createPhysicalConnection(DruidAbstractDataSource.java:1657)
	at com.alibaba.druid.pool.DruidAbstractDataSource.createPhysicalConnection(DruidAbstractDataSource.java:1723)
	at com.alibaba.druid.pool.DruidDataSource$CreateConnectionThread.run(DruidDataSource.java:2838)
2024-11-11 22:50:41,011 ERROR [Druid-ConnectionPool-Create-302687243][DruidDataSource.java:2840] - create connection SQLException, url: jdbc:mysql://192.168.101.65:3306/xc402_content148?serverTimezone=UTC&userUnicode=true&useSSL=false&, errorCode 1049, state 42000
java.sql.SQLSyntaxErrorException: Unknown database 'xc402_content148'
	at com.mysql.cj.jdbc.exceptions.SQLError.createSQLException(SQLError.java:120)
	at com.mysql.cj.jdbc.exceptions.SQLExceptionsMapping.translateException(SQLExceptionsMapping.java:122)
	at com.mysql.cj.jdbc.ConnectionImpl.createNewIO(ConnectionImpl.java:828)
	at com.mysql.cj.jdbc.ConnectionImpl.<init>(ConnectionImpl.java:448)
	at com.mysql.cj.jdbc.ConnectionImpl.getInstance(ConnectionImpl.java:241)
	at com.mysql.cj.jdbc.NonRegisteringDriver.connect(NonRegisteringDriver.java:198)
	at com.alibaba.druid.pool.DruidAbstractDataSource.createPhysicalConnection(DruidAbstractDataSource.java:1657)
	at com.alibaba.druid.pool.DruidAbstractDataSource.createPhysicalConnection(DruidAbstractDataSource.java:1723)
	at com.alibaba.druid.pool.DruidDataSource$CreateConnectionThread.run(DruidDataSource.java:2838)
2024-11-11 22:50:41,526 ERROR [Druid-ConnectionPool-Create-302687243][DruidDataSource.java:2840] - create connection SQLException, url: jdbc:mysql://192.168.101.65:3306/xc402_content148?serverTimezone=UTC&userUnicode=true&useSSL=false&, errorCode 1049, state 42000
java.sql.SQLSyntaxErrorException: Unknown database 'xc402_content148'
	at com.mysql.cj.jdbc.exceptions.SQLError.createSQLException(SQLError.java:120)
	at com.mysql.cj.jdbc.exceptions.SQLExceptionsMapping.translateException(SQLExceptionsMapping.java:122)
	at com.mysql.cj.jdbc.ConnectionImpl.createNewIO(ConnectionImpl.java:828)
	at com.mysql.cj.jdbc.ConnectionImpl.<init>(ConnectionImpl.java:448)
	at com.mysql.cj.jdbc.ConnectionImpl.getInstance(ConnectionImpl.java:241)
	at com.mysql.cj.jdbc.NonRegisteringDriver.connect(NonRegisteringDriver.java:198)
	at com.alibaba.druid.pool.DruidAbstractDataSource.createPhysicalConnection(DruidAbstractDataSource.java:1657)
	at com.alibaba.druid.pool.DruidAbstractDataSource.createPhysicalConnection(DruidAbstractDataSource.java:1723)
	at com.alibaba.druid.pool.DruidDataSource$CreateConnectionThread.run(DruidDataSource.java:2838)
2024-11-11 22:50:42,052 ERROR [Druid-ConnectionPool-Create-302687243][DruidDataSource.java:2840] - create connection SQLException, url: jdbc:mysql://192.168.101.65:3306/xc402_content148?serverTimezone=UTC&userUnicode=true&useSSL=false&, errorCode 1049, state 42000
java.sql.SQLSyntaxErrorException: Unknown database 'xc402_content148'
	at com.mysql.cj.jdbc.exceptions.SQLError.createSQLException(SQLError.java:120)
	at com.mysql.cj.jdbc.exceptions.SQLExceptionsMapping.translateException(SQLExceptionsMapping.java:122)
	at com.mysql.cj.jdbc.ConnectionImpl.createNewIO(ConnectionImpl.java:828)
	at com.mysql.cj.jdbc.ConnectionImpl.<init>(ConnectionImpl.java:448)
	at com.mysql.cj.jdbc.ConnectionImpl.getInstance(ConnectionImpl.java:241)
	at com.mysql.cj.jdbc.NonRegisteringDriver.connect(NonRegisteringDriver.java:198)
	at com.alibaba.druid.pool.DruidAbstractDataSource.createPhysicalConnection(DruidAbstractDataSource.java:1657)
	at com.alibaba.druid.pool.DruidAbstractDataSource.createPhysicalConnection(DruidAbstractDataSource.java:1723)
	at com.alibaba.druid.pool.DruidDataSource$CreateConnectionThread.run(DruidDataSource.java:2838)
2024-11-11 22:50:42,564 ERROR [Druid-ConnectionPool-Create-302687243][DruidDataSource.java:2840] - create connection SQLException, url: jdbc:mysql://192.168.101.65:3306/xc402_content148?serverTimezone=UTC&userUnicode=true&useSSL=false&, errorCode 1049, state 42000
java.sql.SQLSyntaxErrorException: Unknown database 'xc402_content148'
	at com.mysql.cj.jdbc.exceptions.SQLError.createSQLException(SQLError.java:120)
	at com.mysql.cj.jdbc.exceptions.SQLExceptionsMapping.translateException(SQLExceptionsMapping.java:122)
	at com.mysql.cj.jdbc.ConnectionImpl.createNewIO(ConnectionImpl.java:828)
	at com.mysql.cj.jdbc.ConnectionImpl.<init>(ConnectionImpl.java:448)
	at com.mysql.cj.jdbc.ConnectionImpl.getInstance(ConnectionImpl.java:241)
	at com.mysql.cj.jdbc.NonRegisteringDriver.connect(NonRegisteringDriver.java:198)
	at com.alibaba.druid.pool.DruidAbstractDataSource.createPhysicalConnection(DruidAbstractDataSource.java:1657)
	at com.alibaba.druid.pool.DruidAbstractDataSource.createPhysicalConnection(DruidAbstractDataSource.java:1723)
	at com.alibaba.druid.pool.DruidDataSource$CreateConnectionThread.run(DruidDataSource.java:2838)
2024-11-11 22:50:43,075 ERROR [Druid-ConnectionPool-Create-302687243][DruidDataSource.java:2840] - create connection SQLException, url: jdbc:mysql://192.168.101.65:3306/xc402_content148?serverTimezone=UTC&userUnicode=true&useSSL=false&, errorCode 1049, state 42000
java.sql.SQLSyntaxErrorException: Unknown database 'xc402_content148'
	at com.mysql.cj.jdbc.exceptions.SQLError.createSQLException(SQLError.java:120)
	at com.mysql.cj.jdbc.exceptions.SQLExceptionsMapping.translateException(SQLExceptionsMapping.java:122)
	at com.mysql.cj.jdbc.ConnectionImpl.createNewIO(ConnectionImpl.java:828)
	at com.mysql.cj.jdbc.ConnectionImpl.<init>(ConnectionImpl.java:448)
	at com.mysql.cj.jdbc.ConnectionImpl.getInstance(ConnectionImpl.java:241)
	at com.mysql.cj.jdbc.NonRegisteringDriver.connect(NonRegisteringDriver.java:198)
	at com.alibaba.druid.pool.DruidAbstractDataSource.createPhysicalConnection(DruidAbstractDataSource.java:1657)
	at com.alibaba.druid.pool.DruidAbstractDataSource.createPhysicalConnection(DruidAbstractDataSource.java:1723)
	at com.alibaba.druid.pool.DruidDataSource$CreateConnectionThread.run(DruidDataSource.java:2838)
2024-11-11 22:50:43,590 ERROR [Druid-ConnectionPool-Create-302687243][DruidDataSource.java:2840] - create connection SQLException, url: jdbc:mysql://192.168.101.65:3306/xc402_content148?serverTimezone=UTC&userUnicode=true&useSSL=false&, errorCode 1049, state 42000
java.sql.SQLSyntaxErrorException: Unknown database 'xc402_content148'
	at com.mysql.cj.jdbc.exceptions.SQLError.createSQLException(SQLError.java:120)
	at com.mysql.cj.jdbc.exceptions.SQLExceptionsMapping.translateException(SQLExceptionsMapping.java:122)
	at com.mysql.cj.jdbc.ConnectionImpl.createNewIO(ConnectionImpl.java:828)
	at com.mysql.cj.jdbc.ConnectionImpl.<init>(ConnectionImpl.java:448)
	at com.mysql.cj.jdbc.ConnectionImpl.getInstance(ConnectionImpl.java:241)
	at com.mysql.cj.jdbc.NonRegisteringDriver.connect(NonRegisteringDriver.java:198)
	at com.alibaba.druid.pool.DruidAbstractDataSource.createPhysicalConnection(DruidAbstractDataSource.java:1657)
	at com.alibaba.druid.pool.DruidAbstractDataSource.createPhysicalConnection(DruidAbstractDataSource.java:1723)
	at com.alibaba.druid.pool.DruidDataSource$CreateConnectionThread.run(DruidDataSource.java:2838)
2024-11-11 22:50:44,110 ERROR [Druid-ConnectionPool-Create-302687243][DruidDataSource.java:2840] - create connection SQLException, url: jdbc:mysql://192.168.101.65:3306/xc402_content148?serverTimezone=UTC&userUnicode=true&useSSL=false&, errorCode 1049, state 42000
java.sql.SQLSyntaxErrorException: Unknown database 'xc402_content148'
	at com.mysql.cj.jdbc.exceptions.SQLError.createSQLException(SQLError.java:120)
	at com.mysql.cj.jdbc.exceptions.SQLExceptionsMapping.translateException(SQLExceptionsMapping.java:122)
	at com.mysql.cj.jdbc.ConnectionImpl.createNewIO(ConnectionImpl.java:828)
	at com.mysql.cj.jdbc.ConnectionImpl.<init>(ConnectionImpl.java:448)
	at com.mysql.cj.jdbc.ConnectionImpl.getInstance(ConnectionImpl.java:241)
	at com.mysql.cj.jdbc.NonRegisteringDriver.connect(NonRegisteringDriver.java:198)
	at com.alibaba.druid.pool.DruidAbstractDataSource.createPhysicalConnection(DruidAbstractDataSource.java:1657)
	at com.alibaba.druid.pool.DruidAbstractDataSource.createPhysicalConnection(DruidAbstractDataSource.java:1723)
	at com.alibaba.druid.pool.DruidDataSource$CreateConnectionThread.run(DruidDataSource.java:2838)
2024-11-11 22:50:44,624 ERROR [Druid-ConnectionPool-Create-302687243][DruidDataSource.java:2840] - create connection SQLException, url: jdbc:mysql://192.168.101.65:3306/xc402_content148?serverTimezone=UTC&userUnicode=true&useSSL=false&, errorCode 1049, state 42000
java.sql.SQLSyntaxErrorException: Unknown database 'xc402_content148'
	at com.mysql.cj.jdbc.exceptions.SQLError.createSQLException(SQLError.java:120)
	at com.mysql.cj.jdbc.exceptions.SQLExceptionsMapping.translateException(SQLExceptionsMapping.java:122)
	at com.mysql.cj.jdbc.ConnectionImpl.createNewIO(ConnectionImpl.java:828)
	at com.mysql.cj.jdbc.ConnectionImpl.<init>(ConnectionImpl.java:448)
	at com.mysql.cj.jdbc.ConnectionImpl.getInstance(ConnectionImpl.java:241)
	at com.mysql.cj.jdbc.NonRegisteringDriver.connect(NonRegisteringDriver.java:198)
	at com.alibaba.druid.pool.DruidAbstractDataSource.createPhysicalConnection(DruidAbstractDataSource.java:1657)
	at com.alibaba.druid.pool.DruidAbstractDataSource.createPhysicalConnection(DruidAbstractDataSource.java:1723)
	at com.alibaba.druid.pool.DruidDataSource$CreateConnectionThread.run(DruidDataSource.java:2838)
2024-11-11 22:50:45,145 ERROR [Druid-ConnectionPool-Create-302687243][DruidDataSource.java:2840] - create connection SQLException, url: jdbc:mysql://192.168.101.65:3306/xc402_content148?serverTimezone=UTC&userUnicode=true&useSSL=false&, errorCode 1049, state 42000
java.sql.SQLSyntaxErrorException: Unknown database 'xc402_content148'
	at com.mysql.cj.jdbc.exceptions.SQLError.createSQLException(SQLError.java:120)
	at com.mysql.cj.jdbc.exceptions.SQLExceptionsMapping.translateException(SQLExceptionsMapping.java:122)
	at com.mysql.cj.jdbc.ConnectionImpl.createNewIO(ConnectionImpl.java:828)
	at com.mysql.cj.jdbc.ConnectionImpl.<init>(ConnectionImpl.java:448)
	at com.mysql.cj.jdbc.ConnectionImpl.getInstance(ConnectionImpl.java:241)
	at com.mysql.cj.jdbc.NonRegisteringDriver.connect(NonRegisteringDriver.java:198)
	at com.alibaba.druid.pool.DruidAbstractDataSource.createPhysicalConnection(DruidAbstractDataSource.java:1657)
	at com.alibaba.druid.pool.DruidAbstractDataSource.createPhysicalConnection(DruidAbstractDataSource.java:1723)
	at com.alibaba.druid.pool.DruidDataSource$CreateConnectionThread.run(DruidDataSource.java:2838)
2024-11-11 22:50:45,661 ERROR [Druid-ConnectionPool-Create-302687243][DruidDataSource.java:2840] - create connection SQLException, url: jdbc:mysql://192.168.101.65:3306/xc402_content148?serverTimezone=UTC&userUnicode=true&useSSL=false&, errorCode 1049, state 42000
java.sql.SQLSyntaxErrorException: Unknown database 'xc402_content148'
	at com.mysql.cj.jdbc.exceptions.SQLError.createSQLException(SQLError.java:120)
	at com.mysql.cj.jdbc.exceptions.SQLExceptionsMapping.translateException(SQLExceptionsMapping.java:122)
	at com.mysql.cj.jdbc.ConnectionImpl.createNewIO(ConnectionImpl.java:828)
	at com.mysql.cj.jdbc.ConnectionImpl.<init>(ConnectionImpl.java:448)
	at com.mysql.cj.jdbc.ConnectionImpl.getInstance(ConnectionImpl.java:241)
	at com.mysql.cj.jdbc.NonRegisteringDriver.connect(NonRegisteringDriver.java:198)
	at com.alibaba.druid.pool.DruidAbstractDataSource.createPhysicalConnection(DruidAbstractDataSource.java:1657)
	at com.alibaba.druid.pool.DruidAbstractDataSource.createPhysicalConnection(DruidAbstractDataSource.java:1723)
	at com.alibaba.druid.pool.DruidDataSource$CreateConnectionThread.run(DruidDataSource.java:2838)
2024-11-11 22:50:46,180 ERROR [Druid-ConnectionPool-Create-302687243][DruidDataSource.java:2840] - create connection SQLException, url: jdbc:mysql://192.168.101.65:3306/xc402_content148?serverTimezone=UTC&userUnicode=true&useSSL=false&, errorCode 1049, state 42000
java.sql.SQLSyntaxErrorException: Unknown database 'xc402_content148'
	at com.mysql.cj.jdbc.exceptions.SQLError.createSQLException(SQLError.java:120)
	at com.mysql.cj.jdbc.exceptions.SQLExceptionsMapping.translateException(SQLExceptionsMapping.java:122)
	at com.mysql.cj.jdbc.ConnectionImpl.createNewIO(ConnectionImpl.java:828)
	at com.mysql.cj.jdbc.ConnectionImpl.<init>(ConnectionImpl.java:448)
	at com.mysql.cj.jdbc.ConnectionImpl.getInstance(ConnectionImpl.java:241)
	at com.mysql.cj.jdbc.NonRegisteringDriver.connect(NonRegisteringDriver.java:198)
	at com.alibaba.druid.pool.DruidAbstractDataSource.createPhysicalConnection(DruidAbstractDataSource.java:1657)
	at com.alibaba.druid.pool.DruidAbstractDataSource.createPhysicalConnection(DruidAbstractDataSource.java:1723)
	at com.alibaba.druid.pool.DruidDataSource$CreateConnectionThread.run(DruidDataSource.java:2838)
2024-11-11 22:50:46,699 ERROR [Druid-ConnectionPool-Create-302687243][DruidDataSource.java:2840] - create connection SQLException, url: jdbc:mysql://192.168.101.65:3306/xc402_content148?serverTimezone=UTC&userUnicode=true&useSSL=false&, errorCode 1049, state 42000
java.sql.SQLSyntaxErrorException: Unknown database 'xc402_content148'
	at com.mysql.cj.jdbc.exceptions.SQLError.createSQLException(SQLError.java:120)
	at com.mysql.cj.jdbc.exceptions.SQLExceptionsMapping.translateException(SQLExceptionsMapping.java:122)
	at com.mysql.cj.jdbc.ConnectionImpl.createNewIO(ConnectionImpl.java:828)
	at com.mysql.cj.jdbc.ConnectionImpl.<init>(ConnectionImpl.java:448)
	at com.mysql.cj.jdbc.ConnectionImpl.getInstance(ConnectionImpl.java:241)
	at com.mysql.cj.jdbc.NonRegisteringDriver.connect(NonRegisteringDriver.java:198)
	at com.alibaba.druid.pool.DruidAbstractDataSource.createPhysicalConnection(DruidAbstractDataSource.java:1657)
	at com.alibaba.druid.pool.DruidAbstractDataSource.createPhysicalConnection(DruidAbstractDataSource.java:1723)
	at com.alibaba.druid.pool.DruidDataSource$CreateConnectionThread.run(DruidDataSource.java:2838)
2024-11-11 22:50:47,224 ERROR [Druid-ConnectionPool-Create-302687243][DruidDataSource.java:2840] - create connection SQLException, url: jdbc:mysql://192.168.101.65:3306/xc402_content148?serverTimezone=UTC&userUnicode=true&useSSL=false&, errorCode 1049, state 42000
java.sql.SQLSyntaxErrorException: Unknown database 'xc402_content148'
	at com.mysql.cj.jdbc.exceptions.SQLError.createSQLException(SQLError.java:120)
	at com.mysql.cj.jdbc.exceptions.SQLExceptionsMapping.translateException(SQLExceptionsMapping.java:122)
	at com.mysql.cj.jdbc.ConnectionImpl.createNewIO(ConnectionImpl.java:828)
	at com.mysql.cj.jdbc.ConnectionImpl.<init>(ConnectionImpl.java:448)
	at com.mysql.cj.jdbc.ConnectionImpl.getInstance(ConnectionImpl.java:241)
	at com.mysql.cj.jdbc.NonRegisteringDriver.connect(NonRegisteringDriver.java:198)
	at com.alibaba.druid.pool.DruidAbstractDataSource.createPhysicalConnection(DruidAbstractDataSource.java:1657)
	at com.alibaba.druid.pool.DruidAbstractDataSource.createPhysicalConnection(DruidAbstractDataSource.java:1723)
	at com.alibaba.druid.pool.DruidDataSource$CreateConnectionThread.run(DruidDataSource.java:2838)
2024-11-11 22:50:47,733 ERROR [Druid-ConnectionPool-Create-302687243][DruidDataSource.java:2840] - create connection SQLException, url: jdbc:mysql://192.168.101.65:3306/xc402_content148?serverTimezone=UTC&userUnicode=true&useSSL=false&, errorCode 1049, state 42000
java.sql.SQLSyntaxErrorException: Unknown database 'xc402_content148'
	at com.mysql.cj.jdbc.exceptions.SQLError.createSQLException(SQLError.java:120)
	at com.mysql.cj.jdbc.exceptions.SQLExceptionsMapping.translateException(SQLExceptionsMapping.java:122)
	at com.mysql.cj.jdbc.ConnectionImpl.createNewIO(ConnectionImpl.java:828)
	at com.mysql.cj.jdbc.ConnectionImpl.<init>(ConnectionImpl.java:448)
	at com.mysql.cj.jdbc.ConnectionImpl.getInstance(ConnectionImpl.java:241)
	at com.mysql.cj.jdbc.NonRegisteringDriver.connect(NonRegisteringDriver.java:198)
	at com.alibaba.druid.pool.DruidAbstractDataSource.createPhysicalConnection(DruidAbstractDataSource.java:1657)
	at com.alibaba.druid.pool.DruidAbstractDataSource.createPhysicalConnection(DruidAbstractDataSource.java:1723)
	at com.alibaba.druid.pool.DruidDataSource$CreateConnectionThread.run(DruidDataSource.java:2838)
2024-11-11 22:50:48,246 ERROR [Druid-ConnectionPool-Create-302687243][DruidDataSource.java:2840] - create connection SQLException, url: jdbc:mysql://192.168.101.65:3306/xc402_content148?serverTimezone=UTC&userUnicode=true&useSSL=false&, errorCode 1049, state 42000
java.sql.SQLSyntaxErrorException: Unknown database 'xc402_content148'
	at com.mysql.cj.jdbc.exceptions.SQLError.createSQLException(SQLError.java:120)
	at com.mysql.cj.jdbc.exceptions.SQLExceptionsMapping.translateException(SQLExceptionsMapping.java:122)
	at com.mysql.cj.jdbc.ConnectionImpl.createNewIO(ConnectionImpl.java:828)
	at com.mysql.cj.jdbc.ConnectionImpl.<init>(ConnectionImpl.java:448)
	at com.mysql.cj.jdbc.ConnectionImpl.getInstance(ConnectionImpl.java:241)
	at com.mysql.cj.jdbc.NonRegisteringDriver.connect(NonRegisteringDriver.java:198)
	at com.alibaba.druid.pool.DruidAbstractDataSource.createPhysicalConnection(DruidAbstractDataSource.java:1657)
	at com.alibaba.druid.pool.DruidAbstractDataSource.createPhysicalConnection(DruidAbstractDataSource.java:1723)
	at com.alibaba.druid.pool.DruidDataSource$CreateConnectionThread.run(DruidDataSource.java:2838)
2024-11-11 22:50:48,759 ERROR [Druid-ConnectionPool-Create-302687243][DruidDataSource.java:2840] - create connection SQLException, url: jdbc:mysql://192.168.101.65:3306/xc402_content148?serverTimezone=UTC&userUnicode=true&useSSL=false&, errorCode 1049, state 42000
java.sql.SQLSyntaxErrorException: Unknown database 'xc402_content148'
	at com.mysql.cj.jdbc.exceptions.SQLError.createSQLException(SQLError.java:120)
	at com.mysql.cj.jdbc.exceptions.SQLExceptionsMapping.translateException(SQLExceptionsMapping.java:122)
	at com.mysql.cj.jdbc.ConnectionImpl.createNewIO(ConnectionImpl.java:828)
	at com.mysql.cj.jdbc.ConnectionImpl.<init>(ConnectionImpl.java:448)
	at com.mysql.cj.jdbc.ConnectionImpl.getInstance(ConnectionImpl.java:241)
	at com.mysql.cj.jdbc.NonRegisteringDriver.connect(NonRegisteringDriver.java:198)
	at com.alibaba.druid.pool.DruidAbstractDataSource.createPhysicalConnection(DruidAbstractDataSource.java:1657)
	at com.alibaba.druid.pool.DruidAbstractDataSource.createPhysicalConnection(DruidAbstractDataSource.java:1723)
	at com.alibaba.druid.pool.DruidDataSource$CreateConnectionThread.run(DruidDataSource.java:2838)
2024-11-11 22:50:49,279 ERROR [Druid-ConnectionPool-Create-302687243][DruidDataSource.java:2840] - create connection SQLException, url: jdbc:mysql://192.168.101.65:3306/xc402_content148?serverTimezone=UTC&userUnicode=true&useSSL=false&, errorCode 1049, state 42000
java.sql.SQLSyntaxErrorException: Unknown database 'xc402_content148'
	at com.mysql.cj.jdbc.exceptions.SQLError.createSQLException(SQLError.java:120)
	at com.mysql.cj.jdbc.exceptions.SQLExceptionsMapping.translateException(SQLExceptionsMapping.java:122)
	at com.mysql.cj.jdbc.ConnectionImpl.createNewIO(ConnectionImpl.java:828)
	at com.mysql.cj.jdbc.ConnectionImpl.<init>(ConnectionImpl.java:448)
	at com.mysql.cj.jdbc.ConnectionImpl.getInstance(ConnectionImpl.java:241)
	at com.mysql.cj.jdbc.NonRegisteringDriver.connect(NonRegisteringDriver.java:198)
	at com.alibaba.druid.pool.DruidAbstractDataSource.createPhysicalConnection(DruidAbstractDataSource.java:1657)
	at com.alibaba.druid.pool.DruidAbstractDataSource.createPhysicalConnection(DruidAbstractDataSource.java:1723)
	at com.alibaba.druid.pool.DruidDataSource$CreateConnectionThread.run(DruidDataSource.java:2838)
2024-11-11 22:50:49,801 ERROR [Druid-ConnectionPool-Create-302687243][DruidDataSource.java:2840] - create connection SQLException, url: jdbc:mysql://192.168.101.65:3306/xc402_content148?serverTimezone=UTC&userUnicode=true&useSSL=false&, errorCode 1049, state 42000
java.sql.SQLSyntaxErrorException: Unknown database 'xc402_content148'
	at com.mysql.cj.jdbc.exceptions.SQLError.createSQLException(SQLError.java:120)
	at com.mysql.cj.jdbc.exceptions.SQLExceptionsMapping.translateException(SQLExceptionsMapping.java:122)
	at com.mysql.cj.jdbc.ConnectionImpl.createNewIO(ConnectionImpl.java:828)
	at com.mysql.cj.jdbc.ConnectionImpl.<init>(ConnectionImpl.java:448)
	at com.mysql.cj.jdbc.ConnectionImpl.getInstance(ConnectionImpl.java:241)
	at com.mysql.cj.jdbc.NonRegisteringDriver.connect(NonRegisteringDriver.java:198)
	at com.alibaba.druid.pool.DruidAbstractDataSource.createPhysicalConnection(DruidAbstractDataSource.java:1657)
	at com.alibaba.druid.pool.DruidAbstractDataSource.createPhysicalConnection(DruidAbstractDataSource.java:1723)
	at com.alibaba.druid.pool.DruidDataSource$CreateConnectionThread.run(DruidDataSource.java:2838)
2024-11-11 22:50:50,313 ERROR [Druid-ConnectionPool-Create-302687243][DruidDataSource.java:2840] - create connection SQLException, url: jdbc:mysql://192.168.101.65:3306/xc402_content148?serverTimezone=UTC&userUnicode=true&useSSL=false&, errorCode 1049, state 42000
java.sql.SQLSyntaxErrorException: Unknown database 'xc402_content148'
	at com.mysql.cj.jdbc.exceptions.SQLError.createSQLException(SQLError.java:120)
	at com.mysql.cj.jdbc.exceptions.SQLExceptionsMapping.translateException(SQLExceptionsMapping.java:122)
	at com.mysql.cj.jdbc.ConnectionImpl.createNewIO(ConnectionImpl.java:828)
	at com.mysql.cj.jdbc.ConnectionImpl.<init>(ConnectionImpl.java:448)
	at com.mysql.cj.jdbc.ConnectionImpl.getInstance(ConnectionImpl.java:241)
	at com.mysql.cj.jdbc.NonRegisteringDriver.connect(NonRegisteringDriver.java:198)
	at com.alibaba.druid.pool.DruidAbstractDataSource.createPhysicalConnection(DruidAbstractDataSource.java:1657)
	at com.alibaba.druid.pool.DruidAbstractDataSource.createPhysicalConnection(DruidAbstractDataSource.java:1723)
	at com.alibaba.druid.pool.DruidDataSource$CreateConnectionThread.run(DruidDataSource.java:2838)
2024-11-11 22:50:50,827 ERROR [Druid-ConnectionPool-Create-302687243][DruidDataSource.java:2840] - create connection SQLException, url: jdbc:mysql://192.168.101.65:3306/xc402_content148?serverTimezone=UTC&userUnicode=true&useSSL=false&, errorCode 1049, state 42000
java.sql.SQLSyntaxErrorException: Unknown database 'xc402_content148'
	at com.mysql.cj.jdbc.exceptions.SQLError.createSQLException(SQLError.java:120)
	at com.mysql.cj.jdbc.exceptions.SQLExceptionsMapping.translateException(SQLExceptionsMapping.java:122)
	at com.mysql.cj.jdbc.ConnectionImpl.createNewIO(ConnectionImpl.java:828)
	at com.mysql.cj.jdbc.ConnectionImpl.<init>(ConnectionImpl.java:448)
	at com.mysql.cj.jdbc.ConnectionImpl.getInstance(ConnectionImpl.java:241)
	at com.mysql.cj.jdbc.NonRegisteringDriver.connect(NonRegisteringDriver.java:198)
	at com.alibaba.druid.pool.DruidAbstractDataSource.createPhysicalConnection(DruidAbstractDataSource.java:1657)
	at com.alibaba.druid.pool.DruidAbstractDataSource.createPhysicalConnection(DruidAbstractDataSource.java:1723)
	at com.alibaba.druid.pool.DruidDataSource$CreateConnectionThread.run(DruidDataSource.java:2838)
2024-11-11 22:50:51,338 ERROR [Druid-ConnectionPool-Create-302687243][DruidDataSource.java:2840] - create connection SQLException, url: jdbc:mysql://192.168.101.65:3306/xc402_content148?serverTimezone=UTC&userUnicode=true&useSSL=false&, errorCode 1049, state 42000
java.sql.SQLSyntaxErrorException: Unknown database 'xc402_content148'
	at com.mysql.cj.jdbc.exceptions.SQLError.createSQLException(SQLError.java:120)
	at com.mysql.cj.jdbc.exceptions.SQLExceptionsMapping.translateException(SQLExceptionsMapping.java:122)
	at com.mysql.cj.jdbc.ConnectionImpl.createNewIO(ConnectionImpl.java:828)
	at com.mysql.cj.jdbc.ConnectionImpl.<init>(ConnectionImpl.java:448)
	at com.mysql.cj.jdbc.ConnectionImpl.getInstance(ConnectionImpl.java:241)
	at com.mysql.cj.jdbc.NonRegisteringDriver.connect(NonRegisteringDriver.java:198)
	at com.alibaba.druid.pool.DruidAbstractDataSource.createPhysicalConnection(DruidAbstractDataSource.java:1657)
	at com.alibaba.druid.pool.DruidAbstractDataSource.createPhysicalConnection(DruidAbstractDataSource.java:1723)
	at com.alibaba.druid.pool.DruidDataSource$CreateConnectionThread.run(DruidDataSource.java:2838)
2024-11-11 22:50:51,850 ERROR [Druid-ConnectionPool-Create-302687243][DruidDataSource.java:2840] - create connection SQLException, url: jdbc:mysql://192.168.101.65:3306/xc402_content148?serverTimezone=UTC&userUnicode=true&useSSL=false&, errorCode 1049, state 42000
java.sql.SQLSyntaxErrorException: Unknown database 'xc402_content148'
	at com.mysql.cj.jdbc.exceptions.SQLError.createSQLException(SQLError.java:120)
	at com.mysql.cj.jdbc.exceptions.SQLExceptionsMapping.translateException(SQLExceptionsMapping.java:122)
	at com.mysql.cj.jdbc.ConnectionImpl.createNewIO(ConnectionImpl.java:828)
	at com.mysql.cj.jdbc.ConnectionImpl.<init>(ConnectionImpl.java:448)
	at com.mysql.cj.jdbc.ConnectionImpl.getInstance(ConnectionImpl.java:241)
	at com.mysql.cj.jdbc.NonRegisteringDriver.connect(NonRegisteringDriver.java:198)
	at com.alibaba.druid.pool.DruidAbstractDataSource.createPhysicalConnection(DruidAbstractDataSource.java:1657)
	at com.alibaba.druid.pool.DruidAbstractDataSource.createPhysicalConnection(DruidAbstractDataSource.java:1723)
	at com.alibaba.druid.pool.DruidDataSource$CreateConnectionThread.run(DruidDataSource.java:2838)
2024-11-11 22:50:52,366 ERROR [Druid-ConnectionPool-Create-302687243][DruidDataSource.java:2840] - create connection SQLException, url: jdbc:mysql://192.168.101.65:3306/xc402_content148?serverTimezone=UTC&userUnicode=true&useSSL=false&, errorCode 1049, state 42000
java.sql.SQLSyntaxErrorException: Unknown database 'xc402_content148'
	at com.mysql.cj.jdbc.exceptions.SQLError.createSQLException(SQLError.java:120)
	at com.mysql.cj.jdbc.exceptions.SQLExceptionsMapping.translateException(SQLExceptionsMapping.java:122)
	at com.mysql.cj.jdbc.ConnectionImpl.createNewIO(ConnectionImpl.java:828)
	at com.mysql.cj.jdbc.ConnectionImpl.<init>(ConnectionImpl.java:448)
	at com.mysql.cj.jdbc.ConnectionImpl.getInstance(ConnectionImpl.java:241)
	at com.mysql.cj.jdbc.NonRegisteringDriver.connect(NonRegisteringDriver.java:198)
	at com.alibaba.druid.pool.DruidAbstractDataSource.createPhysicalConnection(DruidAbstractDataSource.java:1657)
	at com.alibaba.druid.pool.DruidAbstractDataSource.createPhysicalConnection(DruidAbstractDataSource.java:1723)
	at com.alibaba.druid.pool.DruidDataSource$CreateConnectionThread.run(DruidDataSource.java:2838)
2024-11-11 22:50:52,879 ERROR [Druid-ConnectionPool-Create-302687243][DruidDataSource.java:2840] - create connection SQLException, url: jdbc:mysql://192.168.101.65:3306/xc402_content148?serverTimezone=UTC&userUnicode=true&useSSL=false&, errorCode 1049, state 42000
java.sql.SQLSyntaxErrorException: Unknown database 'xc402_content148'
	at com.mysql.cj.jdbc.exceptions.SQLError.createSQLException(SQLError.java:120)
	at com.mysql.cj.jdbc.exceptions.SQLExceptionsMapping.translateException(SQLExceptionsMapping.java:122)
	at com.mysql.cj.jdbc.ConnectionImpl.createNewIO(ConnectionImpl.java:828)
	at com.mysql.cj.jdbc.ConnectionImpl.<init>(ConnectionImpl.java:448)
	at com.mysql.cj.jdbc.ConnectionImpl.getInstance(ConnectionImpl.java:241)
	at com.mysql.cj.jdbc.NonRegisteringDriver.connect(NonRegisteringDriver.java:198)
	at com.alibaba.druid.pool.DruidAbstractDataSource.createPhysicalConnection(DruidAbstractDataSource.java:1657)
	at com.alibaba.druid.pool.DruidAbstractDataSource.createPhysicalConnection(DruidAbstractDataSource.java:1723)
	at com.alibaba.druid.pool.DruidDataSource$CreateConnectionThread.run(DruidDataSource.java:2838)
2024-11-11 22:50:53,398 ERROR [Druid-ConnectionPool-Create-302687243][DruidDataSource.java:2840] - create connection SQLException, url: jdbc:mysql://192.168.101.65:3306/xc402_content148?serverTimezone=UTC&userUnicode=true&useSSL=false&, errorCode 1049, state 42000
java.sql.SQLSyntaxErrorException: Unknown database 'xc402_content148'
	at com.mysql.cj.jdbc.exceptions.SQLError.createSQLException(SQLError.java:120)
	at com.mysql.cj.jdbc.exceptions.SQLExceptionsMapping.translateException(SQLExceptionsMapping.java:122)
	at com.mysql.cj.jdbc.ConnectionImpl.createNewIO(ConnectionImpl.java:828)
	at com.mysql.cj.jdbc.ConnectionImpl.<init>(ConnectionImpl.java:448)
	at com.mysql.cj.jdbc.ConnectionImpl.getInstance(ConnectionImpl.java:241)
	at com.mysql.cj.jdbc.NonRegisteringDriver.connect(NonRegisteringDriver.java:198)
	at com.alibaba.druid.pool.DruidAbstractDataSource.createPhysicalConnection(DruidAbstractDataSource.java:1657)
	at com.alibaba.druid.pool.DruidAbstractDataSource.createPhysicalConnection(DruidAbstractDataSource.java:1723)
	at com.alibaba.druid.pool.DruidDataSource$CreateConnectionThread.run(DruidDataSource.java:2838)
2024-11-11 22:50:53,917 ERROR [Druid-ConnectionPool-Create-302687243][DruidDataSource.java:2840] - create connection SQLException, url: jdbc:mysql://192.168.101.65:3306/xc402_content148?serverTimezone=UTC&userUnicode=true&useSSL=false&, errorCode 1049, state 42000
java.sql.SQLSyntaxErrorException: Unknown database 'xc402_content148'
	at com.mysql.cj.jdbc.exceptions.SQLError.createSQLException(SQLError.java:120)
	at com.mysql.cj.jdbc.exceptions.SQLExceptionsMapping.translateException(SQLExceptionsMapping.java:122)
	at com.mysql.cj.jdbc.ConnectionImpl.createNewIO(ConnectionImpl.java:828)
	at com.mysql.cj.jdbc.ConnectionImpl.<init>(ConnectionImpl.java:448)
	at com.mysql.cj.jdbc.ConnectionImpl.getInstance(ConnectionImpl.java:241)
	at com.mysql.cj.jdbc.NonRegisteringDriver.connect(NonRegisteringDriver.java:198)
	at com.alibaba.druid.pool.DruidAbstractDataSource.createPhysicalConnection(DruidAbstractDataSource.java:1657)
	at com.alibaba.druid.pool.DruidAbstractDataSource.createPhysicalConnection(DruidAbstractDataSource.java:1723)
	at com.alibaba.druid.pool.DruidDataSource$CreateConnectionThread.run(DruidDataSource.java:2838)
2024-11-11 22:50:54,441 ERROR [Druid-ConnectionPool-Create-302687243][DruidDataSource.java:2840] - create connection SQLException, url: jdbc:mysql://192.168.101.65:3306/xc402_content148?serverTimezone=UTC&userUnicode=true&useSSL=false&, errorCode 1049, state 42000
java.sql.SQLSyntaxErrorException: Unknown database 'xc402_content148'
	at com.mysql.cj.jdbc.exceptions.SQLError.createSQLException(SQLError.java:120)
	at com.mysql.cj.jdbc.exceptions.SQLExceptionsMapping.translateException(SQLExceptionsMapping.java:122)
	at com.mysql.cj.jdbc.ConnectionImpl.createNewIO(ConnectionImpl.java:828)
	at com.mysql.cj.jdbc.ConnectionImpl.<init>(ConnectionImpl.java:448)
	at com.mysql.cj.jdbc.ConnectionImpl.getInstance(ConnectionImpl.java:241)
	at com.mysql.cj.jdbc.NonRegisteringDriver.connect(NonRegisteringDriver.java:198)
	at com.alibaba.druid.pool.DruidAbstractDataSource.createPhysicalConnection(DruidAbstractDataSource.java:1657)
	at com.alibaba.druid.pool.DruidAbstractDataSource.createPhysicalConnection(DruidAbstractDataSource.java:1723)
	at com.alibaba.druid.pool.DruidDataSource$CreateConnectionThread.run(DruidDataSource.java:2838)
2024-11-11 22:50:54,958 ERROR [Druid-ConnectionPool-Create-302687243][DruidDataSource.java:2840] - create connection SQLException, url: jdbc:mysql://192.168.101.65:3306/xc402_content148?serverTimezone=UTC&userUnicode=true&useSSL=false&, errorCode 1049, state 42000
java.sql.SQLSyntaxErrorException: Unknown database 'xc402_content148'
	at com.mysql.cj.jdbc.exceptions.SQLError.createSQLException(SQLError.java:120)
	at com.mysql.cj.jdbc.exceptions.SQLExceptionsMapping.translateException(SQLExceptionsMapping.java:122)
	at com.mysql.cj.jdbc.ConnectionImpl.createNewIO(ConnectionImpl.java:828)
	at com.mysql.cj.jdbc.ConnectionImpl.<init>(ConnectionImpl.java:448)
	at com.mysql.cj.jdbc.ConnectionImpl.getInstance(ConnectionImpl.java:241)
	at com.mysql.cj.jdbc.NonRegisteringDriver.connect(NonRegisteringDriver.java:198)
	at com.alibaba.druid.pool.DruidAbstractDataSource.createPhysicalConnection(DruidAbstractDataSource.java:1657)
	at com.alibaba.druid.pool.DruidAbstractDataSource.createPhysicalConnection(DruidAbstractDataSource.java:1723)
	at com.alibaba.druid.pool.DruidDataSource$CreateConnectionThread.run(DruidDataSource.java:2838)
2024-11-11 22:50:55,476 ERROR [Druid-ConnectionPool-Create-302687243][DruidDataSource.java:2840] - create connection SQLException, url: jdbc:mysql://192.168.101.65:3306/xc402_content148?serverTimezone=UTC&userUnicode=true&useSSL=false&, errorCode 1049, state 42000
java.sql.SQLSyntaxErrorException: Unknown database 'xc402_content148'
	at com.mysql.cj.jdbc.exceptions.SQLError.createSQLException(SQLError.java:120)
	at com.mysql.cj.jdbc.exceptions.SQLExceptionsMapping.translateException(SQLExceptionsMapping.java:122)
	at com.mysql.cj.jdbc.ConnectionImpl.createNewIO(ConnectionImpl.java:828)
	at com.mysql.cj.jdbc.ConnectionImpl.<init>(ConnectionImpl.java:448)
	at com.mysql.cj.jdbc.ConnectionImpl.getInstance(ConnectionImpl.java:241)
	at com.mysql.cj.jdbc.NonRegisteringDriver.connect(NonRegisteringDriver.java:198)
	at com.alibaba.druid.pool.DruidAbstractDataSource.createPhysicalConnection(DruidAbstractDataSource.java:1657)
	at com.alibaba.druid.pool.DruidAbstractDataSource.createPhysicalConnection(DruidAbstractDataSource.java:1723)
	at com.alibaba.druid.pool.DruidDataSource$CreateConnectionThread.run(DruidDataSource.java:2838)
2024-11-11 22:50:55,993 ERROR [Druid-ConnectionPool-Create-302687243][DruidDataSource.java:2840] - create connection SQLException, url: jdbc:mysql://192.168.101.65:3306/xc402_content148?serverTimezone=UTC&userUnicode=true&useSSL=false&, errorCode 1049, state 42000
java.sql.SQLSyntaxErrorException: Unknown database 'xc402_content148'
	at com.mysql.cj.jdbc.exceptions.SQLError.createSQLException(SQLError.java:120)
	at com.mysql.cj.jdbc.exceptions.SQLExceptionsMapping.translateException(SQLExceptionsMapping.java:122)
	at com.mysql.cj.jdbc.ConnectionImpl.createNewIO(ConnectionImpl.java:828)
	at com.mysql.cj.jdbc.ConnectionImpl.<init>(ConnectionImpl.java:448)
	at com.mysql.cj.jdbc.ConnectionImpl.getInstance(ConnectionImpl.java:241)
	at com.mysql.cj.jdbc.NonRegisteringDriver.connect(NonRegisteringDriver.java:198)
	at com.alibaba.druid.pool.DruidAbstractDataSource.createPhysicalConnection(DruidAbstractDataSource.java:1657)
	at com.alibaba.druid.pool.DruidAbstractDataSource.createPhysicalConnection(DruidAbstractDataSource.java:1723)
	at com.alibaba.druid.pool.DruidDataSource$CreateConnectionThread.run(DruidDataSource.java:2838)
2024-11-11 22:50:56,501 ERROR [Druid-ConnectionPool-Create-302687243][DruidDataSource.java:2840] - create connection SQLException, url: jdbc:mysql://192.168.101.65:3306/xc402_content148?serverTimezone=UTC&userUnicode=true&useSSL=false&, errorCode 1049, state 42000
java.sql.SQLSyntaxErrorException: Unknown database 'xc402_content148'
	at com.mysql.cj.jdbc.exceptions.SQLError.createSQLException(SQLError.java:120)
	at com.mysql.cj.jdbc.exceptions.SQLExceptionsMapping.translateException(SQLExceptionsMapping.java:122)
	at com.mysql.cj.jdbc.ConnectionImpl.createNewIO(ConnectionImpl.java:828)
	at com.mysql.cj.jdbc.ConnectionImpl.<init>(ConnectionImpl.java:448)
	at com.mysql.cj.jdbc.ConnectionImpl.getInstance(ConnectionImpl.java:241)
	at com.mysql.cj.jdbc.NonRegisteringDriver.connect(NonRegisteringDriver.java:198)
	at com.alibaba.druid.pool.DruidAbstractDataSource.createPhysicalConnection(DruidAbstractDataSource.java:1657)
	at com.alibaba.druid.pool.DruidAbstractDataSource.createPhysicalConnection(DruidAbstractDataSource.java:1723)
	at com.alibaba.druid.pool.DruidDataSource$CreateConnectionThread.run(DruidDataSource.java:2838)
2024-11-11 22:50:57,014 ERROR [Druid-ConnectionPool-Create-302687243][DruidDataSource.java:2840] - create connection SQLException, url: jdbc:mysql://192.168.101.65:3306/xc402_content148?serverTimezone=UTC&userUnicode=true&useSSL=false&, errorCode 1049, state 42000
java.sql.SQLSyntaxErrorException: Unknown database 'xc402_content148'
	at com.mysql.cj.jdbc.exceptions.SQLError.createSQLException(SQLError.java:120)
	at com.mysql.cj.jdbc.exceptions.SQLExceptionsMapping.translateException(SQLExceptionsMapping.java:122)
	at com.mysql.cj.jdbc.ConnectionImpl.createNewIO(ConnectionImpl.java:828)
	at com.mysql.cj.jdbc.ConnectionImpl.<init>(ConnectionImpl.java:448)
	at com.mysql.cj.jdbc.ConnectionImpl.getInstance(ConnectionImpl.java:241)
	at com.mysql.cj.jdbc.NonRegisteringDriver.connect(NonRegisteringDriver.java:198)
	at com.alibaba.druid.pool.DruidAbstractDataSource.createPhysicalConnection(DruidAbstractDataSource.java:1657)
	at com.alibaba.druid.pool.DruidAbstractDataSource.createPhysicalConnection(DruidAbstractDataSource.java:1723)
	at com.alibaba.druid.pool.DruidDataSource$CreateConnectionThread.run(DruidDataSource.java:2838)
2024-11-11 22:50:57,536 ERROR [Druid-ConnectionPool-Create-302687243][DruidDataSource.java:2840] - create connection SQLException, url: jdbc:mysql://192.168.101.65:3306/xc402_content148?serverTimezone=UTC&userUnicode=true&useSSL=false&, errorCode 1049, state 42000
java.sql.SQLSyntaxErrorException: Unknown database 'xc402_content148'
	at com.mysql.cj.jdbc.exceptions.SQLError.createSQLException(SQLError.java:120)
	at com.mysql.cj.jdbc.exceptions.SQLExceptionsMapping.translateException(SQLExceptionsMapping.java:122)
	at com.mysql.cj.jdbc.ConnectionImpl.createNewIO(ConnectionImpl.java:828)
	at com.mysql.cj.jdbc.ConnectionImpl.<init>(ConnectionImpl.java:448)
	at com.mysql.cj.jdbc.ConnectionImpl.getInstance(ConnectionImpl.java:241)
	at com.mysql.cj.jdbc.NonRegisteringDriver.connect(NonRegisteringDriver.java:198)
	at com.alibaba.druid.pool.DruidAbstractDataSource.createPhysicalConnection(DruidAbstractDataSource.java:1657)
	at com.alibaba.druid.pool.DruidAbstractDataSource.createPhysicalConnection(DruidAbstractDataSource.java:1723)
	at com.alibaba.druid.pool.DruidDataSource$CreateConnectionThread.run(DruidDataSource.java:2838)
2024-11-11 22:50:58,059 ERROR [Druid-ConnectionPool-Create-302687243][DruidDataSource.java:2840] - create connection SQLException, url: jdbc:mysql://192.168.101.65:3306/xc402_content148?serverTimezone=UTC&userUnicode=true&useSSL=false&, errorCode 1049, state 42000
java.sql.SQLSyntaxErrorException: Unknown database 'xc402_content148'
	at com.mysql.cj.jdbc.exceptions.SQLError.createSQLException(SQLError.java:120)
	at com.mysql.cj.jdbc.exceptions.SQLExceptionsMapping.translateException(SQLExceptionsMapping.java:122)
	at com.mysql.cj.jdbc.ConnectionImpl.createNewIO(ConnectionImpl.java:828)
	at com.mysql.cj.jdbc.ConnectionImpl.<init>(ConnectionImpl.java:448)
	at com.mysql.cj.jdbc.ConnectionImpl.getInstance(ConnectionImpl.java:241)
	at com.mysql.cj.jdbc.NonRegisteringDriver.connect(NonRegisteringDriver.java:198)
	at com.alibaba.druid.pool.DruidAbstractDataSource.createPhysicalConnection(DruidAbstractDataSource.java:1657)
	at com.alibaba.druid.pool.DruidAbstractDataSource.createPhysicalConnection(DruidAbstractDataSource.java:1723)
	at com.alibaba.druid.pool.DruidDataSource$CreateConnectionThread.run(DruidDataSource.java:2838)
2024-11-11 22:50:58,571 ERROR [Druid-ConnectionPool-Create-302687243][DruidDataSource.java:2840] - create connection SQLException, url: jdbc:mysql://192.168.101.65:3306/xc402_content148?serverTimezone=UTC&userUnicode=true&useSSL=false&, errorCode 1049, state 42000
java.sql.SQLSyntaxErrorException: Unknown database 'xc402_content148'
	at com.mysql.cj.jdbc.exceptions.SQLError.createSQLException(SQLError.java:120)
	at com.mysql.cj.jdbc.exceptions.SQLExceptionsMapping.translateException(SQLExceptionsMapping.java:122)
	at com.mysql.cj.jdbc.ConnectionImpl.createNewIO(ConnectionImpl.java:828)
	at com.mysql.cj.jdbc.ConnectionImpl.<init>(ConnectionImpl.java:448)
	at com.mysql.cj.jdbc.ConnectionImpl.getInstance(ConnectionImpl.java:241)
	at com.mysql.cj.jdbc.NonRegisteringDriver.connect(NonRegisteringDriver.java:198)
	at com.alibaba.druid.pool.DruidAbstractDataSource.createPhysicalConnection(DruidAbstractDataSource.java:1657)
	at com.alibaba.druid.pool.DruidAbstractDataSource.createPhysicalConnection(DruidAbstractDataSource.java:1723)
	at com.alibaba.druid.pool.DruidDataSource$CreateConnectionThread.run(DruidDataSource.java:2838)
2024-11-11 22:50:59,088 ERROR [Druid-ConnectionPool-Create-302687243][DruidDataSource.java:2840] - create connection SQLException, url: jdbc:mysql://192.168.101.65:3306/xc402_content148?serverTimezone=UTC&userUnicode=true&useSSL=false&, errorCode 1049, state 42000
java.sql.SQLSyntaxErrorException: Unknown database 'xc402_content148'
	at com.mysql.cj.jdbc.exceptions.SQLError.createSQLException(SQLError.java:120)
	at com.mysql.cj.jdbc.exceptions.SQLExceptionsMapping.translateException(SQLExceptionsMapping.java:122)
	at com.mysql.cj.jdbc.ConnectionImpl.createNewIO(ConnectionImpl.java:828)
	at com.mysql.cj.jdbc.ConnectionImpl.<init>(ConnectionImpl.java:448)
	at com.mysql.cj.jdbc.ConnectionImpl.getInstance(ConnectionImpl.java:241)
	at com.mysql.cj.jdbc.NonRegisteringDriver.connect(NonRegisteringDriver.java:198)
	at com.alibaba.druid.pool.DruidAbstractDataSource.createPhysicalConnection(DruidAbstractDataSource.java:1657)
	at com.alibaba.druid.pool.DruidAbstractDataSource.createPhysicalConnection(DruidAbstractDataSource.java:1723)
	at com.alibaba.druid.pool.DruidDataSource$CreateConnectionThread.run(DruidDataSource.java:2838)
2024-11-11 22:50:59,604 ERROR [Druid-ConnectionPool-Create-302687243][DruidDataSource.java:2840] - create connection SQLException, url: jdbc:mysql://192.168.101.65:3306/xc402_content148?serverTimezone=UTC&userUnicode=true&useSSL=false&, errorCode 1049, state 42000
java.sql.SQLSyntaxErrorException: Unknown database 'xc402_content148'
	at com.mysql.cj.jdbc.exceptions.SQLError.createSQLException(SQLError.java:120)
	at com.mysql.cj.jdbc.exceptions.SQLExceptionsMapping.translateException(SQLExceptionsMapping.java:122)
	at com.mysql.cj.jdbc.ConnectionImpl.createNewIO(ConnectionImpl.java:828)
	at com.mysql.cj.jdbc.ConnectionImpl.<init>(ConnectionImpl.java:448)
	at com.mysql.cj.jdbc.ConnectionImpl.getInstance(ConnectionImpl.java:241)
	at com.mysql.cj.jdbc.NonRegisteringDriver.connect(NonRegisteringDriver.java:198)
	at com.alibaba.druid.pool.DruidAbstractDataSource.createPhysicalConnection(DruidAbstractDataSource.java:1657)
	at com.alibaba.druid.pool.DruidAbstractDataSource.createPhysicalConnection(DruidAbstractDataSource.java:1723)
	at com.alibaba.druid.pool.DruidDataSource$CreateConnectionThread.run(DruidDataSource.java:2838)
2024-11-11 22:51:00,118 ERROR [Druid-ConnectionPool-Create-302687243][DruidDataSource.java:2840] - create connection SQLException, url: jdbc:mysql://192.168.101.65:3306/xc402_content148?serverTimezone=UTC&userUnicode=true&useSSL=false&, errorCode 1049, state 42000
java.sql.SQLSyntaxErrorException: Unknown database 'xc402_content148'
	at com.mysql.cj.jdbc.exceptions.SQLError.createSQLException(SQLError.java:120)
	at com.mysql.cj.jdbc.exceptions.SQLExceptionsMapping.translateException(SQLExceptionsMapping.java:122)
	at com.mysql.cj.jdbc.ConnectionImpl.createNewIO(ConnectionImpl.java:828)
	at com.mysql.cj.jdbc.ConnectionImpl.<init>(ConnectionImpl.java:448)
	at com.mysql.cj.jdbc.ConnectionImpl.getInstance(ConnectionImpl.java:241)
	at com.mysql.cj.jdbc.NonRegisteringDriver.connect(NonRegisteringDriver.java:198)
	at com.alibaba.druid.pool.DruidAbstractDataSource.createPhysicalConnection(DruidAbstractDataSource.java:1657)
	at com.alibaba.druid.pool.DruidAbstractDataSource.createPhysicalConnection(DruidAbstractDataSource.java:1723)
	at com.alibaba.druid.pool.DruidDataSource$CreateConnectionThread.run(DruidDataSource.java:2838)
2024-11-11 22:51:00,635 ERROR [Druid-ConnectionPool-Create-302687243][DruidDataSource.java:2840] - create connection SQLException, url: jdbc:mysql://192.168.101.65:3306/xc402_content148?serverTimezone=UTC&userUnicode=true&useSSL=false&, errorCode 1049, state 42000
java.sql.SQLSyntaxErrorException: Unknown database 'xc402_content148'
	at com.mysql.cj.jdbc.exceptions.SQLError.createSQLException(SQLError.java:120)
	at com.mysql.cj.jdbc.exceptions.SQLExceptionsMapping.translateException(SQLExceptionsMapping.java:122)
	at com.mysql.cj.jdbc.ConnectionImpl.createNewIO(ConnectionImpl.java:828)
	at com.mysql.cj.jdbc.ConnectionImpl.<init>(ConnectionImpl.java:448)
	at com.mysql.cj.jdbc.ConnectionImpl.getInstance(ConnectionImpl.java:241)
	at com.mysql.cj.jdbc.NonRegisteringDriver.connect(NonRegisteringDriver.java:198)
	at com.alibaba.druid.pool.DruidAbstractDataSource.createPhysicalConnection(DruidAbstractDataSource.java:1657)
	at com.alibaba.druid.pool.DruidAbstractDataSource.createPhysicalConnection(DruidAbstractDataSource.java:1723)
	at com.alibaba.druid.pool.DruidDataSource$CreateConnectionThread.run(DruidDataSource.java:2838)
2024-11-11 22:51:01,163 ERROR [Druid-ConnectionPool-Create-302687243][DruidDataSource.java:2840] - create connection SQLException, url: jdbc:mysql://192.168.101.65:3306/xc402_content148?serverTimezone=UTC&userUnicode=true&useSSL=false&, errorCode 1049, state 42000
java.sql.SQLSyntaxErrorException: Unknown database 'xc402_content148'
	at com.mysql.cj.jdbc.exceptions.SQLError.createSQLException(SQLError.java:120)
	at com.mysql.cj.jdbc.exceptions.SQLExceptionsMapping.translateException(SQLExceptionsMapping.java:122)
	at com.mysql.cj.jdbc.ConnectionImpl.createNewIO(ConnectionImpl.java:828)
	at com.mysql.cj.jdbc.ConnectionImpl.<init>(ConnectionImpl.java:448)
	at com.mysql.cj.jdbc.ConnectionImpl.getInstance(ConnectionImpl.java:241)
	at com.mysql.cj.jdbc.NonRegisteringDriver.connect(NonRegisteringDriver.java:198)
	at com.alibaba.druid.pool.DruidAbstractDataSource.createPhysicalConnection(DruidAbstractDataSource.java:1657)
	at com.alibaba.druid.pool.DruidAbstractDataSource.createPhysicalConnection(DruidAbstractDataSource.java:1723)
	at com.alibaba.druid.pool.DruidDataSource$CreateConnectionThread.run(DruidDataSource.java:2838)
2024-11-11 22:51:01,673 ERROR [Druid-ConnectionPool-Create-302687243][DruidDataSource.java:2840] - create connection SQLException, url: jdbc:mysql://192.168.101.65:3306/xc402_content148?serverTimezone=UTC&userUnicode=true&useSSL=false&, errorCode 1049, state 42000
java.sql.SQLSyntaxErrorException: Unknown database 'xc402_content148'
	at com.mysql.cj.jdbc.exceptions.SQLError.createSQLException(SQLError.java:120)
	at com.mysql.cj.jdbc.exceptions.SQLExceptionsMapping.translateException(SQLExceptionsMapping.java:122)
	at com.mysql.cj.jdbc.ConnectionImpl.createNewIO(ConnectionImpl.java:828)
	at com.mysql.cj.jdbc.ConnectionImpl.<init>(ConnectionImpl.java:448)
	at com.mysql.cj.jdbc.ConnectionImpl.getInstance(ConnectionImpl.java:241)
	at com.mysql.cj.jdbc.NonRegisteringDriver.connect(NonRegisteringDriver.java:198)
	at com.alibaba.druid.pool.DruidAbstractDataSource.createPhysicalConnection(DruidAbstractDataSource.java:1657)
	at com.alibaba.druid.pool.DruidAbstractDataSource.createPhysicalConnection(DruidAbstractDataSource.java:1723)
	at com.alibaba.druid.pool.DruidDataSource$CreateConnectionThread.run(DruidDataSource.java:2838)
2024-11-11 22:51:02,198 ERROR [Druid-ConnectionPool-Create-302687243][DruidDataSource.java:2840] - create connection SQLException, url: jdbc:mysql://192.168.101.65:3306/xc402_content148?serverTimezone=UTC&userUnicode=true&useSSL=false&, errorCode 1049, state 42000
java.sql.SQLSyntaxErrorException: Unknown database 'xc402_content148'
	at com.mysql.cj.jdbc.exceptions.SQLError.createSQLException(SQLError.java:120)
	at com.mysql.cj.jdbc.exceptions.SQLExceptionsMapping.translateException(SQLExceptionsMapping.java:122)
	at com.mysql.cj.jdbc.ConnectionImpl.createNewIO(ConnectionImpl.java:828)
	at com.mysql.cj.jdbc.ConnectionImpl.<init>(ConnectionImpl.java:448)
	at com.mysql.cj.jdbc.ConnectionImpl.getInstance(ConnectionImpl.java:241)
	at com.mysql.cj.jdbc.NonRegisteringDriver.connect(NonRegisteringDriver.java:198)
	at com.alibaba.druid.pool.DruidAbstractDataSource.createPhysicalConnection(DruidAbstractDataSource.java:1657)
	at com.alibaba.druid.pool.DruidAbstractDataSource.createPhysicalConnection(DruidAbstractDataSource.java:1723)
	at com.alibaba.druid.pool.DruidDataSource$CreateConnectionThread.run(DruidDataSource.java:2838)
2024-11-11 22:51:02,715 ERROR [Druid-ConnectionPool-Create-302687243][DruidDataSource.java:2840] - create connection SQLException, url: jdbc:mysql://192.168.101.65:3306/xc402_content148?serverTimezone=UTC&userUnicode=true&useSSL=false&, errorCode 1049, state 42000
java.sql.SQLSyntaxErrorException: Unknown database 'xc402_content148'
	at com.mysql.cj.jdbc.exceptions.SQLError.createSQLException(SQLError.java:120)
	at com.mysql.cj.jdbc.exceptions.SQLExceptionsMapping.translateException(SQLExceptionsMapping.java:122)
	at com.mysql.cj.jdbc.ConnectionImpl.createNewIO(ConnectionImpl.java:828)
	at com.mysql.cj.jdbc.ConnectionImpl.<init>(ConnectionImpl.java:448)
	at com.mysql.cj.jdbc.ConnectionImpl.getInstance(ConnectionImpl.java:241)
	at com.mysql.cj.jdbc.NonRegisteringDriver.connect(NonRegisteringDriver.java:198)
	at com.alibaba.druid.pool.DruidAbstractDataSource.createPhysicalConnection(DruidAbstractDataSource.java:1657)
	at com.alibaba.druid.pool.DruidAbstractDataSource.createPhysicalConnection(DruidAbstractDataSource.java:1723)
	at com.alibaba.druid.pool.DruidDataSource$CreateConnectionThread.run(DruidDataSource.java:2838)
2024-11-11 22:51:03,238 ERROR [Druid-ConnectionPool-Create-302687243][DruidDataSource.java:2840] - create connection SQLException, url: jdbc:mysql://192.168.101.65:3306/xc402_content148?serverTimezone=UTC&userUnicode=true&useSSL=false&, errorCode 1049, state 42000
java.sql.SQLSyntaxErrorException: Unknown database 'xc402_content148'
	at com.mysql.cj.jdbc.exceptions.SQLError.createSQLException(SQLError.java:120)
	at com.mysql.cj.jdbc.exceptions.SQLExceptionsMapping.translateException(SQLExceptionsMapping.java:122)
	at com.mysql.cj.jdbc.ConnectionImpl.createNewIO(ConnectionImpl.java:828)
	at com.mysql.cj.jdbc.ConnectionImpl.<init>(ConnectionImpl.java:448)
	at com.mysql.cj.jdbc.ConnectionImpl.getInstance(ConnectionImpl.java:241)
	at com.mysql.cj.jdbc.NonRegisteringDriver.connect(NonRegisteringDriver.java:198)
	at com.alibaba.druid.pool.DruidAbstractDataSource.createPhysicalConnection(DruidAbstractDataSource.java:1657)
	at com.alibaba.druid.pool.DruidAbstractDataSource.createPhysicalConnection(DruidAbstractDataSource.java:1723)
	at com.alibaba.druid.pool.DruidDataSource$CreateConnectionThread.run(DruidDataSource.java:2838)
2024-11-11 22:51:03,766 ERROR [Druid-ConnectionPool-Create-302687243][DruidDataSource.java:2840] - create connection SQLException, url: jdbc:mysql://192.168.101.65:3306/xc402_content148?serverTimezone=UTC&userUnicode=true&useSSL=false&, errorCode 1049, state 42000
java.sql.SQLSyntaxErrorException: Unknown database 'xc402_content148'
	at com.mysql.cj.jdbc.exceptions.SQLError.createSQLException(SQLError.java:120)
	at com.mysql.cj.jdbc.exceptions.SQLExceptionsMapping.translateException(SQLExceptionsMapping.java:122)
	at com.mysql.cj.jdbc.ConnectionImpl.createNewIO(ConnectionImpl.java:828)
	at com.mysql.cj.jdbc.ConnectionImpl.<init>(ConnectionImpl.java:448)
	at com.mysql.cj.jdbc.ConnectionImpl.getInstance(ConnectionImpl.java:241)
	at com.mysql.cj.jdbc.NonRegisteringDriver.connect(NonRegisteringDriver.java:198)
	at com.alibaba.druid.pool.DruidAbstractDataSource.createPhysicalConnection(DruidAbstractDataSource.java:1657)
	at com.alibaba.druid.pool.DruidAbstractDataSource.createPhysicalConnection(DruidAbstractDataSource.java:1723)
	at com.alibaba.druid.pool.DruidDataSource$CreateConnectionThread.run(DruidDataSource.java:2838)
2024-11-11 22:51:04,288 ERROR [Druid-ConnectionPool-Create-302687243][DruidDataSource.java:2840] - create connection SQLException, url: jdbc:mysql://192.168.101.65:3306/xc402_content148?serverTimezone=UTC&userUnicode=true&useSSL=false&, errorCode 1049, state 42000
java.sql.SQLSyntaxErrorException: Unknown database 'xc402_content148'
	at com.mysql.cj.jdbc.exceptions.SQLError.createSQLException(SQLError.java:120)
	at com.mysql.cj.jdbc.exceptions.SQLExceptionsMapping.translateException(SQLExceptionsMapping.java:122)
	at com.mysql.cj.jdbc.ConnectionImpl.createNewIO(ConnectionImpl.java:828)
	at com.mysql.cj.jdbc.ConnectionImpl.<init>(ConnectionImpl.java:448)
	at com.mysql.cj.jdbc.ConnectionImpl.getInstance(ConnectionImpl.java:241)
	at com.mysql.cj.jdbc.NonRegisteringDriver.connect(NonRegisteringDriver.java:198)
	at com.alibaba.druid.pool.DruidAbstractDataSource.createPhysicalConnection(DruidAbstractDataSource.java:1657)
	at com.alibaba.druid.pool.DruidAbstractDataSource.createPhysicalConnection(DruidAbstractDataSource.java:1723)
	at com.alibaba.druid.pool.DruidDataSource$CreateConnectionThread.run(DruidDataSource.java:2838)
2024-11-11 22:51:04,805 ERROR [Druid-ConnectionPool-Create-302687243][DruidDataSource.java:2840] - create connection SQLException, url: jdbc:mysql://192.168.101.65:3306/xc402_content148?serverTimezone=UTC&userUnicode=true&useSSL=false&, errorCode 1049, state 42000
java.sql.SQLSyntaxErrorException: Unknown database 'xc402_content148'
	at com.mysql.cj.jdbc.exceptions.SQLError.createSQLException(SQLError.java:120)
	at com.mysql.cj.jdbc.exceptions.SQLExceptionsMapping.translateException(SQLExceptionsMapping.java:122)
	at com.mysql.cj.jdbc.ConnectionImpl.createNewIO(ConnectionImpl.java:828)
	at com.mysql.cj.jdbc.ConnectionImpl.<init>(ConnectionImpl.java:448)
	at com.mysql.cj.jdbc.ConnectionImpl.getInstance(ConnectionImpl.java:241)
	at com.mysql.cj.jdbc.NonRegisteringDriver.connect(NonRegisteringDriver.java:198)
	at com.alibaba.druid.pool.DruidAbstractDataSource.createPhysicalConnection(DruidAbstractDataSource.java:1657)
	at com.alibaba.druid.pool.DruidAbstractDataSource.createPhysicalConnection(DruidAbstractDataSource.java:1723)
	at com.alibaba.druid.pool.DruidDataSource$CreateConnectionThread.run(DruidDataSource.java:2838)
2024-11-11 22:51:05,314 ERROR [Druid-ConnectionPool-Create-302687243][DruidDataSource.java:2840] - create connection SQLException, url: jdbc:mysql://192.168.101.65:3306/xc402_content148?serverTimezone=UTC&userUnicode=true&useSSL=false&, errorCode 1049, state 42000
java.sql.SQLSyntaxErrorException: Unknown database 'xc402_content148'
	at com.mysql.cj.jdbc.exceptions.SQLError.createSQLException(SQLError.java:120)
	at com.mysql.cj.jdbc.exceptions.SQLExceptionsMapping.translateException(SQLExceptionsMapping.java:122)
	at com.mysql.cj.jdbc.ConnectionImpl.createNewIO(ConnectionImpl.java:828)
	at com.mysql.cj.jdbc.ConnectionImpl.<init>(ConnectionImpl.java:448)
	at com.mysql.cj.jdbc.ConnectionImpl.getInstance(ConnectionImpl.java:241)
	at com.mysql.cj.jdbc.NonRegisteringDriver.connect(NonRegisteringDriver.java:198)
	at com.alibaba.druid.pool.DruidAbstractDataSource.createPhysicalConnection(DruidAbstractDataSource.java:1657)
	at com.alibaba.druid.pool.DruidAbstractDataSource.createPhysicalConnection(DruidAbstractDataSource.java:1723)
	at com.alibaba.druid.pool.DruidDataSource$CreateConnectionThread.run(DruidDataSource.java:2838)
2024-11-11 22:51:05,831 ERROR [Druid-ConnectionPool-Create-302687243][DruidDataSource.java:2840] - create connection SQLException, url: jdbc:mysql://192.168.101.65:3306/xc402_content148?serverTimezone=UTC&userUnicode=true&useSSL=false&, errorCode 1049, state 42000
java.sql.SQLSyntaxErrorException: Unknown database 'xc402_content148'
	at com.mysql.cj.jdbc.exceptions.SQLError.createSQLException(SQLError.java:120)
	at com.mysql.cj.jdbc.exceptions.SQLExceptionsMapping.translateException(SQLExceptionsMapping.java:122)
	at com.mysql.cj.jdbc.ConnectionImpl.createNewIO(ConnectionImpl.java:828)
	at com.mysql.cj.jdbc.ConnectionImpl.<init>(ConnectionImpl.java:448)
	at com.mysql.cj.jdbc.ConnectionImpl.getInstance(ConnectionImpl.java:241)
	at com.mysql.cj.jdbc.NonRegisteringDriver.connect(NonRegisteringDriver.java:198)
	at com.alibaba.druid.pool.DruidAbstractDataSource.createPhysicalConnection(DruidAbstractDataSource.java:1657)
	at com.alibaba.druid.pool.DruidAbstractDataSource.createPhysicalConnection(DruidAbstractDataSource.java:1723)
	at com.alibaba.druid.pool.DruidDataSource$CreateConnectionThread.run(DruidDataSource.java:2838)
2024-11-11 22:51:06,341 ERROR [Druid-ConnectionPool-Create-302687243][DruidDataSource.java:2840] - create connection SQLException, url: jdbc:mysql://192.168.101.65:3306/xc402_content148?serverTimezone=UTC&userUnicode=true&useSSL=false&, errorCode 1049, state 42000
java.sql.SQLSyntaxErrorException: Unknown database 'xc402_content148'
	at com.mysql.cj.jdbc.exceptions.SQLError.createSQLException(SQLError.java:120)
	at com.mysql.cj.jdbc.exceptions.SQLExceptionsMapping.translateException(SQLExceptionsMapping.java:122)
	at com.mysql.cj.jdbc.ConnectionImpl.createNewIO(ConnectionImpl.java:828)
	at com.mysql.cj.jdbc.ConnectionImpl.<init>(ConnectionImpl.java:448)
	at com.mysql.cj.jdbc.ConnectionImpl.getInstance(ConnectionImpl.java:241)
	at com.mysql.cj.jdbc.NonRegisteringDriver.connect(NonRegisteringDriver.java:198)
	at com.alibaba.druid.pool.DruidAbstractDataSource.createPhysicalConnection(DruidAbstractDataSource.java:1657)
	at com.alibaba.druid.pool.DruidAbstractDataSource.createPhysicalConnection(DruidAbstractDataSource.java:1723)
	at com.alibaba.druid.pool.DruidDataSource$CreateConnectionThread.run(DruidDataSource.java:2838)
2024-11-11 22:51:06,853 ERROR [Druid-ConnectionPool-Create-302687243][DruidDataSource.java:2840] - create connection SQLException, url: jdbc:mysql://192.168.101.65:3306/xc402_content148?serverTimezone=UTC&userUnicode=true&useSSL=false&, errorCode 1049, state 42000
java.sql.SQLSyntaxErrorException: Unknown database 'xc402_content148'
	at com.mysql.cj.jdbc.exceptions.SQLError.createSQLException(SQLError.java:120)
	at com.mysql.cj.jdbc.exceptions.SQLExceptionsMapping.translateException(SQLExceptionsMapping.java:122)
	at com.mysql.cj.jdbc.ConnectionImpl.createNewIO(ConnectionImpl.java:828)
	at com.mysql.cj.jdbc.ConnectionImpl.<init>(ConnectionImpl.java:448)
	at com.mysql.cj.jdbc.ConnectionImpl.getInstance(ConnectionImpl.java:241)
	at com.mysql.cj.jdbc.NonRegisteringDriver.connect(NonRegisteringDriver.java:198)
	at com.alibaba.druid.pool.DruidAbstractDataSource.createPhysicalConnection(DruidAbstractDataSource.java:1657)
	at com.alibaba.druid.pool.DruidAbstractDataSource.createPhysicalConnection(DruidAbstractDataSource.java:1723)
	at com.alibaba.druid.pool.DruidDataSource$CreateConnectionThread.run(DruidDataSource.java:2838)
2024-11-11 22:51:07,369 ERROR [Druid-ConnectionPool-Create-302687243][DruidDataSource.java:2840] - create connection SQLException, url: jdbc:mysql://192.168.101.65:3306/xc402_content148?serverTimezone=UTC&userUnicode=true&useSSL=false&, errorCode 1049, state 42000
java.sql.SQLSyntaxErrorException: Unknown database 'xc402_content148'
	at com.mysql.cj.jdbc.exceptions.SQLError.createSQLException(SQLError.java:120)
	at com.mysql.cj.jdbc.exceptions.SQLExceptionsMapping.translateException(SQLExceptionsMapping.java:122)
	at com.mysql.cj.jdbc.ConnectionImpl.createNewIO(ConnectionImpl.java:828)
	at com.mysql.cj.jdbc.ConnectionImpl.<init>(ConnectionImpl.java:448)
	at com.mysql.cj.jdbc.ConnectionImpl.getInstance(ConnectionImpl.java:241)
	at com.mysql.cj.jdbc.NonRegisteringDriver.connect(NonRegisteringDriver.java:198)
	at com.alibaba.druid.pool.DruidAbstractDataSource.createPhysicalConnection(DruidAbstractDataSource.java:1657)
	at com.alibaba.druid.pool.DruidAbstractDataSource.createPhysicalConnection(DruidAbstractDataSource.java:1723)
	at com.alibaba.druid.pool.DruidDataSource$CreateConnectionThread.run(DruidDataSource.java:2838)
2024-11-11 22:51:07,891 ERROR [Druid-ConnectionPool-Create-302687243][DruidDataSource.java:2840] - create connection SQLException, url: jdbc:mysql://192.168.101.65:3306/xc402_content148?serverTimezone=UTC&userUnicode=true&useSSL=false&, errorCode 1049, state 42000
java.sql.SQLSyntaxErrorException: Unknown database 'xc402_content148'
	at com.mysql.cj.jdbc.exceptions.SQLError.createSQLException(SQLError.java:120)
	at com.mysql.cj.jdbc.exceptions.SQLExceptionsMapping.translateException(SQLExceptionsMapping.java:122)
	at com.mysql.cj.jdbc.ConnectionImpl.createNewIO(ConnectionImpl.java:828)
	at com.mysql.cj.jdbc.ConnectionImpl.<init>(ConnectionImpl.java:448)
	at com.mysql.cj.jdbc.ConnectionImpl.getInstance(ConnectionImpl.java:241)
	at com.mysql.cj.jdbc.NonRegisteringDriver.connect(NonRegisteringDriver.java:198)
	at com.alibaba.druid.pool.DruidAbstractDataSource.createPhysicalConnection(DruidAbstractDataSource.java:1657)
	at com.alibaba.druid.pool.DruidAbstractDataSource.createPhysicalConnection(DruidAbstractDataSource.java:1723)
	at com.alibaba.druid.pool.DruidDataSource$CreateConnectionThread.run(DruidDataSource.java:2838)
2024-11-11 22:51:08,409 ERROR [Druid-ConnectionPool-Create-302687243][DruidDataSource.java:2840] - create connection SQLException, url: jdbc:mysql://192.168.101.65:3306/xc402_content148?serverTimezone=UTC&userUnicode=true&useSSL=false&, errorCode 1049, state 42000
java.sql.SQLSyntaxErrorException: Unknown database 'xc402_content148'
	at com.mysql.cj.jdbc.exceptions.SQLError.createSQLException(SQLError.java:120)
	at com.mysql.cj.jdbc.exceptions.SQLExceptionsMapping.translateException(SQLExceptionsMapping.java:122)
	at com.mysql.cj.jdbc.ConnectionImpl.createNewIO(ConnectionImpl.java:828)
	at com.mysql.cj.jdbc.ConnectionImpl.<init>(ConnectionImpl.java:448)
	at com.mysql.cj.jdbc.ConnectionImpl.getInstance(ConnectionImpl.java:241)
	at com.mysql.cj.jdbc.NonRegisteringDriver.connect(NonRegisteringDriver.java:198)
	at com.alibaba.druid.pool.DruidAbstractDataSource.createPhysicalConnection(DruidAbstractDataSource.java:1657)
	at com.alibaba.druid.pool.DruidAbstractDataSource.createPhysicalConnection(DruidAbstractDataSource.java:1723)
	at com.alibaba.druid.pool.DruidDataSource$CreateConnectionThread.run(DruidDataSource.java:2838)
2024-11-11 22:51:08,933 ERROR [Druid-ConnectionPool-Create-302687243][DruidDataSource.java:2840] - create connection SQLException, url: jdbc:mysql://192.168.101.65:3306/xc402_content148?serverTimezone=UTC&userUnicode=true&useSSL=false&, errorCode 1049, state 42000
java.sql.SQLSyntaxErrorException: Unknown database 'xc402_content148'
	at com.mysql.cj.jdbc.exceptions.SQLError.createSQLException(SQLError.java:120)
	at com.mysql.cj.jdbc.exceptions.SQLExceptionsMapping.translateException(SQLExceptionsMapping.java:122)
	at com.mysql.cj.jdbc.ConnectionImpl.createNewIO(ConnectionImpl.java:828)
	at com.mysql.cj.jdbc.ConnectionImpl.<init>(ConnectionImpl.java:448)
	at com.mysql.cj.jdbc.ConnectionImpl.getInstance(ConnectionImpl.java:241)
	at com.mysql.cj.jdbc.NonRegisteringDriver.connect(NonRegisteringDriver.java:198)
	at com.alibaba.druid.pool.DruidAbstractDataSource.createPhysicalConnection(DruidAbstractDataSource.java:1657)
	at com.alibaba.druid.pool.DruidAbstractDataSource.createPhysicalConnection(DruidAbstractDataSource.java:1723)
	at com.alibaba.druid.pool.DruidDataSource$CreateConnectionThread.run(DruidDataSource.java:2838)
2024-11-11 22:51:09,442 ERROR [Druid-ConnectionPool-Create-302687243][DruidDataSource.java:2840] - create connection SQLException, url: jdbc:mysql://192.168.101.65:3306/xc402_content148?serverTimezone=UTC&userUnicode=true&useSSL=false&, errorCode 1049, state 42000
java.sql.SQLSyntaxErrorException: Unknown database 'xc402_content148'
	at com.mysql.cj.jdbc.exceptions.SQLError.createSQLException(SQLError.java:120)
	at com.mysql.cj.jdbc.exceptions.SQLExceptionsMapping.translateException(SQLExceptionsMapping.java:122)
	at com.mysql.cj.jdbc.ConnectionImpl.createNewIO(ConnectionImpl.java:828)
	at com.mysql.cj.jdbc.ConnectionImpl.<init>(ConnectionImpl.java:448)
	at com.mysql.cj.jdbc.ConnectionImpl.getInstance(ConnectionImpl.java:241)
	at com.mysql.cj.jdbc.NonRegisteringDriver.connect(NonRegisteringDriver.java:198)
	at com.alibaba.druid.pool.DruidAbstractDataSource.createPhysicalConnection(DruidAbstractDataSource.java:1657)
	at com.alibaba.druid.pool.DruidAbstractDataSource.createPhysicalConnection(DruidAbstractDataSource.java:1723)
	at com.alibaba.druid.pool.DruidDataSource$CreateConnectionThread.run(DruidDataSource.java:2838)
2024-11-11 22:51:09,952 ERROR [Druid-ConnectionPool-Create-302687243][DruidDataSource.java:2840] - create connection SQLException, url: jdbc:mysql://192.168.101.65:3306/xc402_content148?serverTimezone=UTC&userUnicode=true&useSSL=false&, errorCode 1049, state 42000
java.sql.SQLSyntaxErrorException: Unknown database 'xc402_content148'
	at com.mysql.cj.jdbc.exceptions.SQLError.createSQLException(SQLError.java:120)
	at com.mysql.cj.jdbc.exceptions.SQLExceptionsMapping.translateException(SQLExceptionsMapping.java:122)
	at com.mysql.cj.jdbc.ConnectionImpl.createNewIO(ConnectionImpl.java:828)
	at com.mysql.cj.jdbc.ConnectionImpl.<init>(ConnectionImpl.java:448)
	at com.mysql.cj.jdbc.ConnectionImpl.getInstance(ConnectionImpl.java:241)
	at com.mysql.cj.jdbc.NonRegisteringDriver.connect(NonRegisteringDriver.java:198)
	at com.alibaba.druid.pool.DruidAbstractDataSource.createPhysicalConnection(DruidAbstractDataSource.java:1657)
	at com.alibaba.druid.pool.DruidAbstractDataSource.createPhysicalConnection(DruidAbstractDataSource.java:1723)
	at com.alibaba.druid.pool.DruidDataSource$CreateConnectionThread.run(DruidDataSource.java:2838)
2024-11-11 22:51:10,468 ERROR [Druid-ConnectionPool-Create-302687243][DruidDataSource.java:2840] - create connection SQLException, url: jdbc:mysql://192.168.101.65:3306/xc402_content148?serverTimezone=UTC&userUnicode=true&useSSL=false&, errorCode 1049, state 42000
java.sql.SQLSyntaxErrorException: Unknown database 'xc402_content148'
	at com.mysql.cj.jdbc.exceptions.SQLError.createSQLException(SQLError.java:120)
	at com.mysql.cj.jdbc.exceptions.SQLExceptionsMapping.translateException(SQLExceptionsMapping.java:122)
	at com.mysql.cj.jdbc.ConnectionImpl.createNewIO(ConnectionImpl.java:828)
	at com.mysql.cj.jdbc.ConnectionImpl.<init>(ConnectionImpl.java:448)
	at com.mysql.cj.jdbc.ConnectionImpl.getInstance(ConnectionImpl.java:241)
	at com.mysql.cj.jdbc.NonRegisteringDriver.connect(NonRegisteringDriver.java:198)
	at com.alibaba.druid.pool.DruidAbstractDataSource.createPhysicalConnection(DruidAbstractDataSource.java:1657)
	at com.alibaba.druid.pool.DruidAbstractDataSource.createPhysicalConnection(DruidAbstractDataSource.java:1723)
	at com.alibaba.druid.pool.DruidDataSource$CreateConnectionThread.run(DruidDataSource.java:2838)
2024-11-11 22:51:10,993 ERROR [Druid-ConnectionPool-Create-302687243][DruidDataSource.java:2840] - create connection SQLException, url: jdbc:mysql://192.168.101.65:3306/xc402_content148?serverTimezone=UTC&userUnicode=true&useSSL=false&, errorCode 1049, state 42000
java.sql.SQLSyntaxErrorException: Unknown database 'xc402_content148'
	at com.mysql.cj.jdbc.exceptions.SQLError.createSQLException(SQLError.java:120)
	at com.mysql.cj.jdbc.exceptions.SQLExceptionsMapping.translateException(SQLExceptionsMapping.java:122)
	at com.mysql.cj.jdbc.ConnectionImpl.createNewIO(ConnectionImpl.java:828)
	at com.mysql.cj.jdbc.ConnectionImpl.<init>(ConnectionImpl.java:448)
	at com.mysql.cj.jdbc.ConnectionImpl.getInstance(ConnectionImpl.java:241)
	at com.mysql.cj.jdbc.NonRegisteringDriver.connect(NonRegisteringDriver.java:198)
	at com.alibaba.druid.pool.DruidAbstractDataSource.createPhysicalConnection(DruidAbstractDataSource.java:1657)
	at com.alibaba.druid.pool.DruidAbstractDataSource.createPhysicalConnection(DruidAbstractDataSource.java:1723)
	at com.alibaba.druid.pool.DruidDataSource$CreateConnectionThread.run(DruidDataSource.java:2838)
2024-11-11 22:51:11,512 ERROR [Druid-ConnectionPool-Create-302687243][DruidDataSource.java:2840] - create connection SQLException, url: jdbc:mysql://192.168.101.65:3306/xc402_content148?serverTimezone=UTC&userUnicode=true&useSSL=false&, errorCode 1049, state 42000
java.sql.SQLSyntaxErrorException: Unknown database 'xc402_content148'
	at com.mysql.cj.jdbc.exceptions.SQLError.createSQLException(SQLError.java:120)
	at com.mysql.cj.jdbc.exceptions.SQLExceptionsMapping.translateException(SQLExceptionsMapping.java:122)
	at com.mysql.cj.jdbc.ConnectionImpl.createNewIO(ConnectionImpl.java:828)
	at com.mysql.cj.jdbc.ConnectionImpl.<init>(ConnectionImpl.java:448)
	at com.mysql.cj.jdbc.ConnectionImpl.getInstance(ConnectionImpl.java:241)
	at com.mysql.cj.jdbc.NonRegisteringDriver.connect(NonRegisteringDriver.java:198)
	at com.alibaba.druid.pool.DruidAbstractDataSource.createPhysicalConnection(DruidAbstractDataSource.java:1657)
	at com.alibaba.druid.pool.DruidAbstractDataSource.createPhysicalConnection(DruidAbstractDataSource.java:1723)
	at com.alibaba.druid.pool.DruidDataSource$CreateConnectionThread.run(DruidDataSource.java:2838)
2024-11-11 22:51:12,030 ERROR [Druid-ConnectionPool-Create-302687243][DruidDataSource.java:2840] - create connection SQLException, url: jdbc:mysql://192.168.101.65:3306/xc402_content148?serverTimezone=UTC&userUnicode=true&useSSL=false&, errorCode 1049, state 42000
java.sql.SQLSyntaxErrorException: Unknown database 'xc402_content148'
	at com.mysql.cj.jdbc.exceptions.SQLError.createSQLException(SQLError.java:120)
	at com.mysql.cj.jdbc.exceptions.SQLExceptionsMapping.translateException(SQLExceptionsMapping.java:122)
	at com.mysql.cj.jdbc.ConnectionImpl.createNewIO(ConnectionImpl.java:828)
	at com.mysql.cj.jdbc.ConnectionImpl.<init>(ConnectionImpl.java:448)
	at com.mysql.cj.jdbc.ConnectionImpl.getInstance(ConnectionImpl.java:241)
	at com.mysql.cj.jdbc.NonRegisteringDriver.connect(NonRegisteringDriver.java:198)
	at com.alibaba.druid.pool.DruidAbstractDataSource.createPhysicalConnection(DruidAbstractDataSource.java:1657)
	at com.alibaba.druid.pool.DruidAbstractDataSource.createPhysicalConnection(DruidAbstractDataSource.java:1723)
	at com.alibaba.druid.pool.DruidDataSource$CreateConnectionThread.run(DruidDataSource.java:2838)
2024-11-11 22:51:12,546 ERROR [Druid-ConnectionPool-Create-302687243][DruidDataSource.java:2840] - create connection SQLException, url: jdbc:mysql://192.168.101.65:3306/xc402_content148?serverTimezone=UTC&userUnicode=true&useSSL=false&, errorCode 1049, state 42000
java.sql.SQLSyntaxErrorException: Unknown database 'xc402_content148'
	at com.mysql.cj.jdbc.exceptions.SQLError.createSQLException(SQLError.java:120)
	at com.mysql.cj.jdbc.exceptions.SQLExceptionsMapping.translateException(SQLExceptionsMapping.java:122)
	at com.mysql.cj.jdbc.ConnectionImpl.createNewIO(ConnectionImpl.java:828)
	at com.mysql.cj.jdbc.ConnectionImpl.<init>(ConnectionImpl.java:448)
	at com.mysql.cj.jdbc.ConnectionImpl.getInstance(ConnectionImpl.java:241)
	at com.mysql.cj.jdbc.NonRegisteringDriver.connect(NonRegisteringDriver.java:198)
	at com.alibaba.druid.pool.DruidAbstractDataSource.createPhysicalConnection(DruidAbstractDataSource.java:1657)
	at com.alibaba.druid.pool.DruidAbstractDataSource.createPhysicalConnection(DruidAbstractDataSource.java:1723)
	at com.alibaba.druid.pool.DruidDataSource$CreateConnectionThread.run(DruidDataSource.java:2838)
2024-11-11 22:51:13,059 ERROR [Druid-ConnectionPool-Create-302687243][DruidDataSource.java:2840] - create connection SQLException, url: jdbc:mysql://192.168.101.65:3306/xc402_content148?serverTimezone=UTC&userUnicode=true&useSSL=false&, errorCode 1049, state 42000
java.sql.SQLSyntaxErrorException: Unknown database 'xc402_content148'
	at com.mysql.cj.jdbc.exceptions.SQLError.createSQLException(SQLError.java:120)
	at com.mysql.cj.jdbc.exceptions.SQLExceptionsMapping.translateException(SQLExceptionsMapping.java:122)
	at com.mysql.cj.jdbc.ConnectionImpl.createNewIO(ConnectionImpl.java:828)
	at com.mysql.cj.jdbc.ConnectionImpl.<init>(ConnectionImpl.java:448)
	at com.mysql.cj.jdbc.ConnectionImpl.getInstance(ConnectionImpl.java:241)
	at com.mysql.cj.jdbc.NonRegisteringDriver.connect(NonRegisteringDriver.java:198)
	at com.alibaba.druid.pool.DruidAbstractDataSource.createPhysicalConnection(DruidAbstractDataSource.java:1657)
	at com.alibaba.druid.pool.DruidAbstractDataSource.createPhysicalConnection(DruidAbstractDataSource.java:1723)
	at com.alibaba.druid.pool.DruidDataSource$CreateConnectionThread.run(DruidDataSource.java:2838)
2024-11-11 22:51:13,582 ERROR [Druid-ConnectionPool-Create-302687243][DruidDataSource.java:2840] - create connection SQLException, url: jdbc:mysql://192.168.101.65:3306/xc402_content148?serverTimezone=UTC&userUnicode=true&useSSL=false&, errorCode 1049, state 42000
java.sql.SQLSyntaxErrorException: Unknown database 'xc402_content148'
	at com.mysql.cj.jdbc.exceptions.SQLError.createSQLException(SQLError.java:120)
	at com.mysql.cj.jdbc.exceptions.SQLExceptionsMapping.translateException(SQLExceptionsMapping.java:122)
	at com.mysql.cj.jdbc.ConnectionImpl.createNewIO(ConnectionImpl.java:828)
	at com.mysql.cj.jdbc.ConnectionImpl.<init>(ConnectionImpl.java:448)
	at com.mysql.cj.jdbc.ConnectionImpl.getInstance(ConnectionImpl.java:241)
	at com.mysql.cj.jdbc.NonRegisteringDriver.connect(NonRegisteringDriver.java:198)
	at com.alibaba.druid.pool.DruidAbstractDataSource.createPhysicalConnection(DruidAbstractDataSource.java:1657)
	at com.alibaba.druid.pool.DruidAbstractDataSource.createPhysicalConnection(DruidAbstractDataSource.java:1723)
	at com.alibaba.druid.pool.DruidDataSource$CreateConnectionThread.run(DruidDataSource.java:2838)
2024-11-11 22:51:14,108 ERROR [Druid-ConnectionPool-Create-302687243][DruidDataSource.java:2840] - create connection SQLException, url: jdbc:mysql://192.168.101.65:3306/xc402_content148?serverTimezone=UTC&userUnicode=true&useSSL=false&, errorCode 1049, state 42000
java.sql.SQLSyntaxErrorException: Unknown database 'xc402_content148'
	at com.mysql.cj.jdbc.exceptions.SQLError.createSQLException(SQLError.java:120)
	at com.mysql.cj.jdbc.exceptions.SQLExceptionsMapping.translateException(SQLExceptionsMapping.java:122)
	at com.mysql.cj.jdbc.ConnectionImpl.createNewIO(ConnectionImpl.java:828)
	at com.mysql.cj.jdbc.ConnectionImpl.<init>(ConnectionImpl.java:448)
	at com.mysql.cj.jdbc.ConnectionImpl.getInstance(ConnectionImpl.java:241)
	at com.mysql.cj.jdbc.NonRegisteringDriver.connect(NonRegisteringDriver.java:198)
	at com.alibaba.druid.pool.DruidAbstractDataSource.createPhysicalConnection(DruidAbstractDataSource.java:1657)
	at com.alibaba.druid.pool.DruidAbstractDataSource.createPhysicalConnection(DruidAbstractDataSource.java:1723)
	at com.alibaba.druid.pool.DruidDataSource$CreateConnectionThread.run(DruidDataSource.java:2838)
2024-11-11 22:51:14,619 ERROR [Druid-ConnectionPool-Create-302687243][DruidDataSource.java:2840] - create connection SQLException, url: jdbc:mysql://192.168.101.65:3306/xc402_content148?serverTimezone=UTC&userUnicode=true&useSSL=false&, errorCode 1049, state 42000
java.sql.SQLSyntaxErrorException: Unknown database 'xc402_content148'
	at com.mysql.cj.jdbc.exceptions.SQLError.createSQLException(SQLError.java:120)
	at com.mysql.cj.jdbc.exceptions.SQLExceptionsMapping.translateException(SQLExceptionsMapping.java:122)
	at com.mysql.cj.jdbc.ConnectionImpl.createNewIO(ConnectionImpl.java:828)
	at com.mysql.cj.jdbc.ConnectionImpl.<init>(ConnectionImpl.java:448)
	at com.mysql.cj.jdbc.ConnectionImpl.getInstance(ConnectionImpl.java:241)
	at com.mysql.cj.jdbc.NonRegisteringDriver.connect(NonRegisteringDriver.java:198)
	at com.alibaba.druid.pool.DruidAbstractDataSource.createPhysicalConnection(DruidAbstractDataSource.java:1657)
	at com.alibaba.druid.pool.DruidAbstractDataSource.createPhysicalConnection(DruidAbstractDataSource.java:1723)
	at com.alibaba.druid.pool.DruidDataSource$CreateConnectionThread.run(DruidDataSource.java:2838)
2024-11-11 22:51:15,125 ERROR [Druid-ConnectionPool-Create-302687243][DruidDataSource.java:2840] - create connection SQLException, url: jdbc:mysql://192.168.101.65:3306/xc402_content148?serverTimezone=UTC&userUnicode=true&useSSL=false&, errorCode 1049, state 42000
java.sql.SQLSyntaxErrorException: Unknown database 'xc402_content148'
	at com.mysql.cj.jdbc.exceptions.SQLError.createSQLException(SQLError.java:120)
	at com.mysql.cj.jdbc.exceptions.SQLExceptionsMapping.translateException(SQLExceptionsMapping.java:122)
	at com.mysql.cj.jdbc.ConnectionImpl.createNewIO(ConnectionImpl.java:828)
	at com.mysql.cj.jdbc.ConnectionImpl.<init>(ConnectionImpl.java:448)
	at com.mysql.cj.jdbc.ConnectionImpl.getInstance(ConnectionImpl.java:241)
	at com.mysql.cj.jdbc.NonRegisteringDriver.connect(NonRegisteringDriver.java:198)
	at com.alibaba.druid.pool.DruidAbstractDataSource.createPhysicalConnection(DruidAbstractDataSource.java:1657)
	at com.alibaba.druid.pool.DruidAbstractDataSource.createPhysicalConnection(DruidAbstractDataSource.java:1723)
	at com.alibaba.druid.pool.DruidDataSource$CreateConnectionThread.run(DruidDataSource.java:2838)
2024-11-11 22:51:15,648 ERROR [Druid-ConnectionPool-Create-302687243][DruidDataSource.java:2840] - create connection SQLException, url: jdbc:mysql://192.168.101.65:3306/xc402_content148?serverTimezone=UTC&userUnicode=true&useSSL=false&, errorCode 1049, state 42000
java.sql.SQLSyntaxErrorException: Unknown database 'xc402_content148'
	at com.mysql.cj.jdbc.exceptions.SQLError.createSQLException(SQLError.java:120)
	at com.mysql.cj.jdbc.exceptions.SQLExceptionsMapping.translateException(SQLExceptionsMapping.java:122)
	at com.mysql.cj.jdbc.ConnectionImpl.createNewIO(ConnectionImpl.java:828)
	at com.mysql.cj.jdbc.ConnectionImpl.<init>(ConnectionImpl.java:448)
	at com.mysql.cj.jdbc.ConnectionImpl.getInstance(ConnectionImpl.java:241)
	at com.mysql.cj.jdbc.NonRegisteringDriver.connect(NonRegisteringDriver.java:198)
	at com.alibaba.druid.pool.DruidAbstractDataSource.createPhysicalConnection(DruidAbstractDataSource.java:1657)
	at com.alibaba.druid.pool.DruidAbstractDataSource.createPhysicalConnection(DruidAbstractDataSource.java:1723)
	at com.alibaba.druid.pool.DruidDataSource$CreateConnectionThread.run(DruidDataSource.java:2838)
2024-11-11 22:51:16,174 ERROR [Druid-ConnectionPool-Create-302687243][DruidDataSource.java:2840] - create connection SQLException, url: jdbc:mysql://192.168.101.65:3306/xc402_content148?serverTimezone=UTC&userUnicode=true&useSSL=false&, errorCode 1049, state 42000
java.sql.SQLSyntaxErrorException: Unknown database 'xc402_content148'
	at com.mysql.cj.jdbc.exceptions.SQLError.createSQLException(SQLError.java:120)
	at com.mysql.cj.jdbc.exceptions.SQLExceptionsMapping.translateException(SQLExceptionsMapping.java:122)
	at com.mysql.cj.jdbc.ConnectionImpl.createNewIO(ConnectionImpl.java:828)
	at com.mysql.cj.jdbc.ConnectionImpl.<init>(ConnectionImpl.java:448)
	at com.mysql.cj.jdbc.ConnectionImpl.getInstance(ConnectionImpl.java:241)
	at com.mysql.cj.jdbc.NonRegisteringDriver.connect(NonRegisteringDriver.java:198)
	at com.alibaba.druid.pool.DruidAbstractDataSource.createPhysicalConnection(DruidAbstractDataSource.java:1657)
	at com.alibaba.druid.pool.DruidAbstractDataSource.createPhysicalConnection(DruidAbstractDataSource.java:1723)
	at com.alibaba.druid.pool.DruidDataSource$CreateConnectionThread.run(DruidDataSource.java:2838)
2024-11-11 22:51:16,685 ERROR [Druid-ConnectionPool-Create-302687243][DruidDataSource.java:2840] - create connection SQLException, url: jdbc:mysql://192.168.101.65:3306/xc402_content148?serverTimezone=UTC&userUnicode=true&useSSL=false&, errorCode 1049, state 42000
java.sql.SQLSyntaxErrorException: Unknown database 'xc402_content148'
	at com.mysql.cj.jdbc.exceptions.SQLError.createSQLException(SQLError.java:120)
	at com.mysql.cj.jdbc.exceptions.SQLExceptionsMapping.translateException(SQLExceptionsMapping.java:122)
	at com.mysql.cj.jdbc.ConnectionImpl.createNewIO(ConnectionImpl.java:828)
	at com.mysql.cj.jdbc.ConnectionImpl.<init>(ConnectionImpl.java:448)
	at com.mysql.cj.jdbc.ConnectionImpl.getInstance(ConnectionImpl.java:241)
	at com.mysql.cj.jdbc.NonRegisteringDriver.connect(NonRegisteringDriver.java:198)
	at com.alibaba.druid.pool.DruidAbstractDataSource.createPhysicalConnection(DruidAbstractDataSource.java:1657)
	at com.alibaba.druid.pool.DruidAbstractDataSource.createPhysicalConnection(DruidAbstractDataSource.java:1723)
	at com.alibaba.druid.pool.DruidDataSource$CreateConnectionThread.run(DruidDataSource.java:2838)
2024-11-11 22:51:17,200 ERROR [Druid-ConnectionPool-Create-302687243][DruidDataSource.java:2840] - create connection SQLException, url: jdbc:mysql://192.168.101.65:3306/xc402_content148?serverTimezone=UTC&userUnicode=true&useSSL=false&, errorCode 1049, state 42000
java.sql.SQLSyntaxErrorException: Unknown database 'xc402_content148'
	at com.mysql.cj.jdbc.exceptions.SQLError.createSQLException(SQLError.java:120)
	at com.mysql.cj.jdbc.exceptions.SQLExceptionsMapping.translateException(SQLExceptionsMapping.java:122)
	at com.mysql.cj.jdbc.ConnectionImpl.createNewIO(ConnectionImpl.java:828)
	at com.mysql.cj.jdbc.ConnectionImpl.<init>(ConnectionImpl.java:448)
	at com.mysql.cj.jdbc.ConnectionImpl.getInstance(ConnectionImpl.java:241)
	at com.mysql.cj.jdbc.NonRegisteringDriver.connect(NonRegisteringDriver.java:198)
	at com.alibaba.druid.pool.DruidAbstractDataSource.createPhysicalConnection(DruidAbstractDataSource.java:1657)
	at com.alibaba.druid.pool.DruidAbstractDataSource.createPhysicalConnection(DruidAbstractDataSource.java:1723)
	at com.alibaba.druid.pool.DruidDataSource$CreateConnectionThread.run(DruidDataSource.java:2838)
2024-11-11 22:51:17,709 ERROR [Druid-ConnectionPool-Create-302687243][DruidDataSource.java:2840] - create connection SQLException, url: jdbc:mysql://192.168.101.65:3306/xc402_content148?serverTimezone=UTC&userUnicode=true&useSSL=false&, errorCode 1049, state 42000
java.sql.SQLSyntaxErrorException: Unknown database 'xc402_content148'
	at com.mysql.cj.jdbc.exceptions.SQLError.createSQLException(SQLError.java:120)
	at com.mysql.cj.jdbc.exceptions.SQLExceptionsMapping.translateException(SQLExceptionsMapping.java:122)
	at com.mysql.cj.jdbc.ConnectionImpl.createNewIO(ConnectionImpl.java:828)
	at com.mysql.cj.jdbc.ConnectionImpl.<init>(ConnectionImpl.java:448)
	at com.mysql.cj.jdbc.ConnectionImpl.getInstance(ConnectionImpl.java:241)
	at com.mysql.cj.jdbc.NonRegisteringDriver.connect(NonRegisteringDriver.java:198)
	at com.alibaba.druid.pool.DruidAbstractDataSource.createPhysicalConnection(DruidAbstractDataSource.java:1657)
	at com.alibaba.druid.pool.DruidAbstractDataSource.createPhysicalConnection(DruidAbstractDataSource.java:1723)
	at com.alibaba.druid.pool.DruidDataSource$CreateConnectionThread.run(DruidDataSource.java:2838)
2024-11-11 22:51:18,228 ERROR [Druid-ConnectionPool-Create-302687243][DruidDataSource.java:2840] - create connection SQLException, url: jdbc:mysql://192.168.101.65:3306/xc402_content148?serverTimezone=UTC&userUnicode=true&useSSL=false&, errorCode 1049, state 42000
java.sql.SQLSyntaxErrorException: Unknown database 'xc402_content148'
	at com.mysql.cj.jdbc.exceptions.SQLError.createSQLException(SQLError.java:120)
	at com.mysql.cj.jdbc.exceptions.SQLExceptionsMapping.translateException(SQLExceptionsMapping.java:122)
	at com.mysql.cj.jdbc.ConnectionImpl.createNewIO(ConnectionImpl.java:828)
	at com.mysql.cj.jdbc.ConnectionImpl.<init>(ConnectionImpl.java:448)
	at com.mysql.cj.jdbc.ConnectionImpl.getInstance(ConnectionImpl.java:241)
	at com.mysql.cj.jdbc.NonRegisteringDriver.connect(NonRegisteringDriver.java:198)
	at com.alibaba.druid.pool.DruidAbstractDataSource.createPhysicalConnection(DruidAbstractDataSource.java:1657)
	at com.alibaba.druid.pool.DruidAbstractDataSource.createPhysicalConnection(DruidAbstractDataSource.java:1723)
	at com.alibaba.druid.pool.DruidDataSource$CreateConnectionThread.run(DruidDataSource.java:2838)
2024-11-11 22:51:18,738 ERROR [Druid-ConnectionPool-Create-302687243][DruidDataSource.java:2840] - create connection SQLException, url: jdbc:mysql://192.168.101.65:3306/xc402_content148?serverTimezone=UTC&userUnicode=true&useSSL=false&, errorCode 1049, state 42000
java.sql.SQLSyntaxErrorException: Unknown database 'xc402_content148'
	at com.mysql.cj.jdbc.exceptions.SQLError.createSQLException(SQLError.java:120)
	at com.mysql.cj.jdbc.exceptions.SQLExceptionsMapping.translateException(SQLExceptionsMapping.java:122)
	at com.mysql.cj.jdbc.ConnectionImpl.createNewIO(ConnectionImpl.java:828)
	at com.mysql.cj.jdbc.ConnectionImpl.<init>(ConnectionImpl.java:448)
	at com.mysql.cj.jdbc.ConnectionImpl.getInstance(ConnectionImpl.java:241)
	at com.mysql.cj.jdbc.NonRegisteringDriver.connect(NonRegisteringDriver.java:198)
	at com.alibaba.druid.pool.DruidAbstractDataSource.createPhysicalConnection(DruidAbstractDataSource.java:1657)
	at com.alibaba.druid.pool.DruidAbstractDataSource.createPhysicalConnection(DruidAbstractDataSource.java:1723)
	at com.alibaba.druid.pool.DruidDataSource$CreateConnectionThread.run(DruidDataSource.java:2838)
2024-11-11 22:51:19,253 ERROR [Druid-ConnectionPool-Create-302687243][DruidDataSource.java:2840] - create connection SQLException, url: jdbc:mysql://192.168.101.65:3306/xc402_content148?serverTimezone=UTC&userUnicode=true&useSSL=false&, errorCode 1049, state 42000
java.sql.SQLSyntaxErrorException: Unknown database 'xc402_content148'
	at com.mysql.cj.jdbc.exceptions.SQLError.createSQLException(SQLError.java:120)
	at com.mysql.cj.jdbc.exceptions.SQLExceptionsMapping.translateException(SQLExceptionsMapping.java:122)
	at com.mysql.cj.jdbc.ConnectionImpl.createNewIO(ConnectionImpl.java:828)
	at com.mysql.cj.jdbc.ConnectionImpl.<init>(ConnectionImpl.java:448)
	at com.mysql.cj.jdbc.ConnectionImpl.getInstance(ConnectionImpl.java:241)
	at com.mysql.cj.jdbc.NonRegisteringDriver.connect(NonRegisteringDriver.java:198)
	at com.alibaba.druid.pool.DruidAbstractDataSource.createPhysicalConnection(DruidAbstractDataSource.java:1657)
	at com.alibaba.druid.pool.DruidAbstractDataSource.createPhysicalConnection(DruidAbstractDataSource.java:1723)
	at com.alibaba.druid.pool.DruidDataSource$CreateConnectionThread.run(DruidDataSource.java:2838)
2024-11-11 22:51:19,769 ERROR [Druid-ConnectionPool-Create-302687243][DruidDataSource.java:2840] - create connection SQLException, url: jdbc:mysql://192.168.101.65:3306/xc402_content148?serverTimezone=UTC&userUnicode=true&useSSL=false&, errorCode 1049, state 42000
java.sql.SQLSyntaxErrorException: Unknown database 'xc402_content148'
	at com.mysql.cj.jdbc.exceptions.SQLError.createSQLException(SQLError.java:120)
	at com.mysql.cj.jdbc.exceptions.SQLExceptionsMapping.translateException(SQLExceptionsMapping.java:122)
	at com.mysql.cj.jdbc.ConnectionImpl.createNewIO(ConnectionImpl.java:828)
	at com.mysql.cj.jdbc.ConnectionImpl.<init>(ConnectionImpl.java:448)
	at com.mysql.cj.jdbc.ConnectionImpl.getInstance(ConnectionImpl.java:241)
	at com.mysql.cj.jdbc.NonRegisteringDriver.connect(NonRegisteringDriver.java:198)
	at com.alibaba.druid.pool.DruidAbstractDataSource.createPhysicalConnection(DruidAbstractDataSource.java:1657)
	at com.alibaba.druid.pool.DruidAbstractDataSource.createPhysicalConnection(DruidAbstractDataSource.java:1723)
	at com.alibaba.druid.pool.DruidDataSource$CreateConnectionThread.run(DruidDataSource.java:2838)
2024-11-11 22:51:20,306 ERROR [Druid-ConnectionPool-Create-302687243][DruidDataSource.java:2840] - create connection SQLException, url: jdbc:mysql://192.168.101.65:3306/xc402_content148?serverTimezone=UTC&userUnicode=true&useSSL=false&, errorCode 1049, state 42000
java.sql.SQLSyntaxErrorException: Unknown database 'xc402_content148'
	at com.mysql.cj.jdbc.exceptions.SQLError.createSQLException(SQLError.java:120)
	at com.mysql.cj.jdbc.exceptions.SQLExceptionsMapping.translateException(SQLExceptionsMapping.java:122)
	at com.mysql.cj.jdbc.ConnectionImpl.createNewIO(ConnectionImpl.java:828)
	at com.mysql.cj.jdbc.ConnectionImpl.<init>(ConnectionImpl.java:448)
	at com.mysql.cj.jdbc.ConnectionImpl.getInstance(ConnectionImpl.java:241)
	at com.mysql.cj.jdbc.NonRegisteringDriver.connect(NonRegisteringDriver.java:198)
	at com.alibaba.druid.pool.DruidAbstractDataSource.createPhysicalConnection(DruidAbstractDataSource.java:1657)
	at com.alibaba.druid.pool.DruidAbstractDataSource.createPhysicalConnection(DruidAbstractDataSource.java:1723)
	at com.alibaba.druid.pool.DruidDataSource$CreateConnectionThread.run(DruidDataSource.java:2838)
2024-11-11 22:51:20,820 ERROR [Druid-ConnectionPool-Create-302687243][DruidDataSource.java:2840] - create connection SQLException, url: jdbc:mysql://192.168.101.65:3306/xc402_content148?serverTimezone=UTC&userUnicode=true&useSSL=false&, errorCode 1049, state 42000
java.sql.SQLSyntaxErrorException: Unknown database 'xc402_content148'
	at com.mysql.cj.jdbc.exceptions.SQLError.createSQLException(SQLError.java:120)
	at com.mysql.cj.jdbc.exceptions.SQLExceptionsMapping.translateException(SQLExceptionsMapping.java:122)
	at com.mysql.cj.jdbc.ConnectionImpl.createNewIO(ConnectionImpl.java:828)
	at com.mysql.cj.jdbc.ConnectionImpl.<init>(ConnectionImpl.java:448)
	at com.mysql.cj.jdbc.ConnectionImpl.getInstance(ConnectionImpl.java:241)
	at com.mysql.cj.jdbc.NonRegisteringDriver.connect(NonRegisteringDriver.java:198)
	at com.alibaba.druid.pool.DruidAbstractDataSource.createPhysicalConnection(DruidAbstractDataSource.java:1657)
	at com.alibaba.druid.pool.DruidAbstractDataSource.createPhysicalConnection(DruidAbstractDataSource.java:1723)
	at com.alibaba.druid.pool.DruidDataSource$CreateConnectionThread.run(DruidDataSource.java:2838)
2024-11-11 22:51:21,342 ERROR [Druid-ConnectionPool-Create-302687243][DruidDataSource.java:2840] - create connection SQLException, url: jdbc:mysql://192.168.101.65:3306/xc402_content148?serverTimezone=UTC&userUnicode=true&useSSL=false&, errorCode 1049, state 42000
java.sql.SQLSyntaxErrorException: Unknown database 'xc402_content148'
	at com.mysql.cj.jdbc.exceptions.SQLError.createSQLException(SQLError.java:120)
	at com.mysql.cj.jdbc.exceptions.SQLExceptionsMapping.translateException(SQLExceptionsMapping.java:122)
	at com.mysql.cj.jdbc.ConnectionImpl.createNewIO(ConnectionImpl.java:828)
	at com.mysql.cj.jdbc.ConnectionImpl.<init>(ConnectionImpl.java:448)
	at com.mysql.cj.jdbc.ConnectionImpl.getInstance(ConnectionImpl.java:241)
	at com.mysql.cj.jdbc.NonRegisteringDriver.connect(NonRegisteringDriver.java:198)
	at com.alibaba.druid.pool.DruidAbstractDataSource.createPhysicalConnection(DruidAbstractDataSource.java:1657)
	at com.alibaba.druid.pool.DruidAbstractDataSource.createPhysicalConnection(DruidAbstractDataSource.java:1723)
	at com.alibaba.druid.pool.DruidDataSource$CreateConnectionThread.run(DruidDataSource.java:2838)
2024-11-11 22:51:21,851 ERROR [Druid-ConnectionPool-Create-302687243][DruidDataSource.java:2840] - create connection SQLException, url: jdbc:mysql://192.168.101.65:3306/xc402_content148?serverTimezone=UTC&userUnicode=true&useSSL=false&, errorCode 1049, state 42000
java.sql.SQLSyntaxErrorException: Unknown database 'xc402_content148'
	at com.mysql.cj.jdbc.exceptions.SQLError.createSQLException(SQLError.java:120)
	at com.mysql.cj.jdbc.exceptions.SQLExceptionsMapping.translateException(SQLExceptionsMapping.java:122)
	at com.mysql.cj.jdbc.ConnectionImpl.createNewIO(ConnectionImpl.java:828)
	at com.mysql.cj.jdbc.ConnectionImpl.<init>(ConnectionImpl.java:448)
	at com.mysql.cj.jdbc.ConnectionImpl.getInstance(ConnectionImpl.java:241)
	at com.mysql.cj.jdbc.NonRegisteringDriver.connect(NonRegisteringDriver.java:198)
	at com.alibaba.druid.pool.DruidAbstractDataSource.createPhysicalConnection(DruidAbstractDataSource.java:1657)
	at com.alibaba.druid.pool.DruidAbstractDataSource.createPhysicalConnection(DruidAbstractDataSource.java:1723)
	at com.alibaba.druid.pool.DruidDataSource$CreateConnectionThread.run(DruidDataSource.java:2838)
2024-11-11 22:51:22,362 ERROR [Druid-ConnectionPool-Create-302687243][DruidDataSource.java:2840] - create connection SQLException, url: jdbc:mysql://192.168.101.65:3306/xc402_content148?serverTimezone=UTC&userUnicode=true&useSSL=false&, errorCode 1049, state 42000
java.sql.SQLSyntaxErrorException: Unknown database 'xc402_content148'
	at com.mysql.cj.jdbc.exceptions.SQLError.createSQLException(SQLError.java:120)
	at com.mysql.cj.jdbc.exceptions.SQLExceptionsMapping.translateException(SQLExceptionsMapping.java:122)
	at com.mysql.cj.jdbc.ConnectionImpl.createNewIO(ConnectionImpl.java:828)
	at com.mysql.cj.jdbc.ConnectionImpl.<init>(ConnectionImpl.java:448)
	at com.mysql.cj.jdbc.ConnectionImpl.getInstance(ConnectionImpl.java:241)
	at com.mysql.cj.jdbc.NonRegisteringDriver.connect(NonRegisteringDriver.java:198)
	at com.alibaba.druid.pool.DruidAbstractDataSource.createPhysicalConnection(DruidAbstractDataSource.java:1657)
	at com.alibaba.druid.pool.DruidAbstractDataSource.createPhysicalConnection(DruidAbstractDataSource.java:1723)
	at com.alibaba.druid.pool.DruidDataSource$CreateConnectionThread.run(DruidDataSource.java:2838)
2024-11-11 22:51:22,877 ERROR [Druid-ConnectionPool-Create-302687243][DruidDataSource.java:2840] - create connection SQLException, url: jdbc:mysql://192.168.101.65:3306/xc402_content148?serverTimezone=UTC&userUnicode=true&useSSL=false&, errorCode 1049, state 42000
java.sql.SQLSyntaxErrorException: Unknown database 'xc402_content148'
	at com.mysql.cj.jdbc.exceptions.SQLError.createSQLException(SQLError.java:120)
	at com.mysql.cj.jdbc.exceptions.SQLExceptionsMapping.translateException(SQLExceptionsMapping.java:122)
	at com.mysql.cj.jdbc.ConnectionImpl.createNewIO(ConnectionImpl.java:828)
	at com.mysql.cj.jdbc.ConnectionImpl.<init>(ConnectionImpl.java:448)
	at com.mysql.cj.jdbc.ConnectionImpl.getInstance(ConnectionImpl.java:241)
	at com.mysql.cj.jdbc.NonRegisteringDriver.connect(NonRegisteringDriver.java:198)
	at com.alibaba.druid.pool.DruidAbstractDataSource.createPhysicalConnection(DruidAbstractDataSource.java:1657)
	at com.alibaba.druid.pool.DruidAbstractDataSource.createPhysicalConnection(DruidAbstractDataSource.java:1723)
	at com.alibaba.druid.pool.DruidDataSource$CreateConnectionThread.run(DruidDataSource.java:2838)
2024-11-11 22:51:23,392 ERROR [Druid-ConnectionPool-Create-302687243][DruidDataSource.java:2840] - create connection SQLException, url: jdbc:mysql://192.168.101.65:3306/xc402_content148?serverTimezone=UTC&userUnicode=true&useSSL=false&, errorCode 1049, state 42000
java.sql.SQLSyntaxErrorException: Unknown database 'xc402_content148'
	at com.mysql.cj.jdbc.exceptions.SQLError.createSQLException(SQLError.java:120)
	at com.mysql.cj.jdbc.exceptions.SQLExceptionsMapping.translateException(SQLExceptionsMapping.java:122)
	at com.mysql.cj.jdbc.ConnectionImpl.createNewIO(ConnectionImpl.java:828)
	at com.mysql.cj.jdbc.ConnectionImpl.<init>(ConnectionImpl.java:448)
	at com.mysql.cj.jdbc.ConnectionImpl.getInstance(ConnectionImpl.java:241)
	at com.mysql.cj.jdbc.NonRegisteringDriver.connect(NonRegisteringDriver.java:198)
	at com.alibaba.druid.pool.DruidAbstractDataSource.createPhysicalConnection(DruidAbstractDataSource.java:1657)
	at com.alibaba.druid.pool.DruidAbstractDataSource.createPhysicalConnection(DruidAbstractDataSource.java:1723)
	at com.alibaba.druid.pool.DruidDataSource$CreateConnectionThread.run(DruidDataSource.java:2838)
2024-11-11 22:51:23,910 ERROR [Druid-ConnectionPool-Create-302687243][DruidDataSource.java:2840] - create connection SQLException, url: jdbc:mysql://192.168.101.65:3306/xc402_content148?serverTimezone=UTC&userUnicode=true&useSSL=false&, errorCode 1049, state 42000
java.sql.SQLSyntaxErrorException: Unknown database 'xc402_content148'
	at com.mysql.cj.jdbc.exceptions.SQLError.createSQLException(SQLError.java:120)
	at com.mysql.cj.jdbc.exceptions.SQLExceptionsMapping.translateException(SQLExceptionsMapping.java:122)
	at com.mysql.cj.jdbc.ConnectionImpl.createNewIO(ConnectionImpl.java:828)
	at com.mysql.cj.jdbc.ConnectionImpl.<init>(ConnectionImpl.java:448)
	at com.mysql.cj.jdbc.ConnectionImpl.getInstance(ConnectionImpl.java:241)
	at com.mysql.cj.jdbc.NonRegisteringDriver.connect(NonRegisteringDriver.java:198)
	at com.alibaba.druid.pool.DruidAbstractDataSource.createPhysicalConnection(DruidAbstractDataSource.java:1657)
	at com.alibaba.druid.pool.DruidAbstractDataSource.createPhysicalConnection(DruidAbstractDataSource.java:1723)
	at com.alibaba.druid.pool.DruidDataSource$CreateConnectionThread.run(DruidDataSource.java:2838)
2024-11-11 22:51:24,430 ERROR [Druid-ConnectionPool-Create-302687243][DruidDataSource.java:2840] - create connection SQLException, url: jdbc:mysql://192.168.101.65:3306/xc402_content148?serverTimezone=UTC&userUnicode=true&useSSL=false&, errorCode 1049, state 42000
java.sql.SQLSyntaxErrorException: Unknown database 'xc402_content148'
	at com.mysql.cj.jdbc.exceptions.SQLError.createSQLException(SQLError.java:120)
	at com.mysql.cj.jdbc.exceptions.SQLExceptionsMapping.translateException(SQLExceptionsMapping.java:122)
	at com.mysql.cj.jdbc.ConnectionImpl.createNewIO(ConnectionImpl.java:828)
	at com.mysql.cj.jdbc.ConnectionImpl.<init>(ConnectionImpl.java:448)
	at com.mysql.cj.jdbc.ConnectionImpl.getInstance(ConnectionImpl.java:241)
	at com.mysql.cj.jdbc.NonRegisteringDriver.connect(NonRegisteringDriver.java:198)
	at com.alibaba.druid.pool.DruidAbstractDataSource.createPhysicalConnection(DruidAbstractDataSource.java:1657)
	at com.alibaba.druid.pool.DruidAbstractDataSource.createPhysicalConnection(DruidAbstractDataSource.java:1723)
	at com.alibaba.druid.pool.DruidDataSource$CreateConnectionThread.run(DruidDataSource.java:2838)
2024-11-11 22:51:24,942 ERROR [Druid-ConnectionPool-Create-302687243][DruidDataSource.java:2840] - create connection SQLException, url: jdbc:mysql://192.168.101.65:3306/xc402_content148?serverTimezone=UTC&userUnicode=true&useSSL=false&, errorCode 1049, state 42000
java.sql.SQLSyntaxErrorException: Unknown database 'xc402_content148'
	at com.mysql.cj.jdbc.exceptions.SQLError.createSQLException(SQLError.java:120)
	at com.mysql.cj.jdbc.exceptions.SQLExceptionsMapping.translateException(SQLExceptionsMapping.java:122)
	at com.mysql.cj.jdbc.ConnectionImpl.createNewIO(ConnectionImpl.java:828)
	at com.mysql.cj.jdbc.ConnectionImpl.<init>(ConnectionImpl.java:448)
	at com.mysql.cj.jdbc.ConnectionImpl.getInstance(ConnectionImpl.java:241)
	at com.mysql.cj.jdbc.NonRegisteringDriver.connect(NonRegisteringDriver.java:198)
	at com.alibaba.druid.pool.DruidAbstractDataSource.createPhysicalConnection(DruidAbstractDataSource.java:1657)
	at com.alibaba.druid.pool.DruidAbstractDataSource.createPhysicalConnection(DruidAbstractDataSource.java:1723)
	at com.alibaba.druid.pool.DruidDataSource$CreateConnectionThread.run(DruidDataSource.java:2838)
2024-11-11 22:51:25,458 ERROR [Druid-ConnectionPool-Create-302687243][DruidDataSource.java:2840] - create connection SQLException, url: jdbc:mysql://192.168.101.65:3306/xc402_content148?serverTimezone=UTC&userUnicode=true&useSSL=false&, errorCode 1049, state 42000
java.sql.SQLSyntaxErrorException: Unknown database 'xc402_content148'
	at com.mysql.cj.jdbc.exceptions.SQLError.createSQLException(SQLError.java:120)
	at com.mysql.cj.jdbc.exceptions.SQLExceptionsMapping.translateException(SQLExceptionsMapping.java:122)
	at com.mysql.cj.jdbc.ConnectionImpl.createNewIO(ConnectionImpl.java:828)
	at com.mysql.cj.jdbc.ConnectionImpl.<init>(ConnectionImpl.java:448)
	at com.mysql.cj.jdbc.ConnectionImpl.getInstance(ConnectionImpl.java:241)
	at com.mysql.cj.jdbc.NonRegisteringDriver.connect(NonRegisteringDriver.java:198)
	at com.alibaba.druid.pool.DruidAbstractDataSource.createPhysicalConnection(DruidAbstractDataSource.java:1657)
	at com.alibaba.druid.pool.DruidAbstractDataSource.createPhysicalConnection(DruidAbstractDataSource.java:1723)
	at com.alibaba.druid.pool.DruidDataSource$CreateConnectionThread.run(DruidDataSource.java:2838)
2024-11-11 22:51:25,979 ERROR [Druid-ConnectionPool-Create-302687243][DruidDataSource.java:2840] - create connection SQLException, url: jdbc:mysql://192.168.101.65:3306/xc402_content148?serverTimezone=UTC&userUnicode=true&useSSL=false&, errorCode 1049, state 42000
java.sql.SQLSyntaxErrorException: Unknown database 'xc402_content148'
	at com.mysql.cj.jdbc.exceptions.SQLError.createSQLException(SQLError.java:120)
	at com.mysql.cj.jdbc.exceptions.SQLExceptionsMapping.translateException(SQLExceptionsMapping.java:122)
	at com.mysql.cj.jdbc.ConnectionImpl.createNewIO(ConnectionImpl.java:828)
	at com.mysql.cj.jdbc.ConnectionImpl.<init>(ConnectionImpl.java:448)
	at com.mysql.cj.jdbc.ConnectionImpl.getInstance(ConnectionImpl.java:241)
	at com.mysql.cj.jdbc.NonRegisteringDriver.connect(NonRegisteringDriver.java:198)
	at com.alibaba.druid.pool.DruidAbstractDataSource.createPhysicalConnection(DruidAbstractDataSource.java:1657)
	at com.alibaba.druid.pool.DruidAbstractDataSource.createPhysicalConnection(DruidAbstractDataSource.java:1723)
	at com.alibaba.druid.pool.DruidDataSource$CreateConnectionThread.run(DruidDataSource.java:2838)
2024-11-11 22:51:26,494 ERROR [Druid-ConnectionPool-Create-302687243][DruidDataSource.java:2840] - create connection SQLException, url: jdbc:mysql://192.168.101.65:3306/xc402_content148?serverTimezone=UTC&userUnicode=true&useSSL=false&, errorCode 1049, state 42000
java.sql.SQLSyntaxErrorException: Unknown database 'xc402_content148'
	at com.mysql.cj.jdbc.exceptions.SQLError.createSQLException(SQLError.java:120)
	at com.mysql.cj.jdbc.exceptions.SQLExceptionsMapping.translateException(SQLExceptionsMapping.java:122)
	at com.mysql.cj.jdbc.ConnectionImpl.createNewIO(ConnectionImpl.java:828)
	at com.mysql.cj.jdbc.ConnectionImpl.<init>(ConnectionImpl.java:448)
	at com.mysql.cj.jdbc.ConnectionImpl.getInstance(ConnectionImpl.java:241)
	at com.mysql.cj.jdbc.NonRegisteringDriver.connect(NonRegisteringDriver.java:198)
	at com.alibaba.druid.pool.DruidAbstractDataSource.createPhysicalConnection(DruidAbstractDataSource.java:1657)
	at com.alibaba.druid.pool.DruidAbstractDataSource.createPhysicalConnection(DruidAbstractDataSource.java:1723)
	at com.alibaba.druid.pool.DruidDataSource$CreateConnectionThread.run(DruidDataSource.java:2838)
2024-11-11 22:51:27,012 ERROR [Druid-ConnectionPool-Create-302687243][DruidDataSource.java:2840] - create connection SQLException, url: jdbc:mysql://192.168.101.65:3306/xc402_content148?serverTimezone=UTC&userUnicode=true&useSSL=false&, errorCode 1049, state 42000
java.sql.SQLSyntaxErrorException: Unknown database 'xc402_content148'
	at com.mysql.cj.jdbc.exceptions.SQLError.createSQLException(SQLError.java:120)
	at com.mysql.cj.jdbc.exceptions.SQLExceptionsMapping.translateException(SQLExceptionsMapping.java:122)
	at com.mysql.cj.jdbc.ConnectionImpl.createNewIO(ConnectionImpl.java:828)
	at com.mysql.cj.jdbc.ConnectionImpl.<init>(ConnectionImpl.java:448)
	at com.mysql.cj.jdbc.ConnectionImpl.getInstance(ConnectionImpl.java:241)
	at com.mysql.cj.jdbc.NonRegisteringDriver.connect(NonRegisteringDriver.java:198)
	at com.alibaba.druid.pool.DruidAbstractDataSource.createPhysicalConnection(DruidAbstractDataSource.java:1657)
	at com.alibaba.druid.pool.DruidAbstractDataSource.createPhysicalConnection(DruidAbstractDataSource.java:1723)
	at com.alibaba.druid.pool.DruidDataSource$CreateConnectionThread.run(DruidDataSource.java:2838)
2024-11-11 22:51:27,524 ERROR [Druid-ConnectionPool-Create-302687243][DruidDataSource.java:2840] - create connection SQLException, url: jdbc:mysql://192.168.101.65:3306/xc402_content148?serverTimezone=UTC&userUnicode=true&useSSL=false&, errorCode 1049, state 42000
java.sql.SQLSyntaxErrorException: Unknown database 'xc402_content148'
	at com.mysql.cj.jdbc.exceptions.SQLError.createSQLException(SQLError.java:120)
	at com.mysql.cj.jdbc.exceptions.SQLExceptionsMapping.translateException(SQLExceptionsMapping.java:122)
	at com.mysql.cj.jdbc.ConnectionImpl.createNewIO(ConnectionImpl.java:828)
	at com.mysql.cj.jdbc.ConnectionImpl.<init>(ConnectionImpl.java:448)
	at com.mysql.cj.jdbc.ConnectionImpl.getInstance(ConnectionImpl.java:241)
	at com.mysql.cj.jdbc.NonRegisteringDriver.connect(NonRegisteringDriver.java:198)
	at com.alibaba.druid.pool.DruidAbstractDataSource.createPhysicalConnection(DruidAbstractDataSource.java:1657)
	at com.alibaba.druid.pool.DruidAbstractDataSource.createPhysicalConnection(DruidAbstractDataSource.java:1723)
	at com.alibaba.druid.pool.DruidDataSource$CreateConnectionThread.run(DruidDataSource.java:2838)
2024-11-11 22:51:28,036 ERROR [Druid-ConnectionPool-Create-302687243][DruidDataSource.java:2840] - create connection SQLException, url: jdbc:mysql://192.168.101.65:3306/xc402_content148?serverTimezone=UTC&userUnicode=true&useSSL=false&, errorCode 1049, state 42000
java.sql.SQLSyntaxErrorException: Unknown database 'xc402_content148'
	at com.mysql.cj.jdbc.exceptions.SQLError.createSQLException(SQLError.java:120)
	at com.mysql.cj.jdbc.exceptions.SQLExceptionsMapping.translateException(SQLExceptionsMapping.java:122)
	at com.mysql.cj.jdbc.ConnectionImpl.createNewIO(ConnectionImpl.java:828)
	at com.mysql.cj.jdbc.ConnectionImpl.<init>(ConnectionImpl.java:448)
	at com.mysql.cj.jdbc.ConnectionImpl.getInstance(ConnectionImpl.java:241)
	at com.mysql.cj.jdbc.NonRegisteringDriver.connect(NonRegisteringDriver.java:198)
	at com.alibaba.druid.pool.DruidAbstractDataSource.createPhysicalConnection(DruidAbstractDataSource.java:1657)
	at com.alibaba.druid.pool.DruidAbstractDataSource.createPhysicalConnection(DruidAbstractDataSource.java:1723)
	at com.alibaba.druid.pool.DruidDataSource$CreateConnectionThread.run(DruidDataSource.java:2838)
2024-11-11 22:51:28,549 ERROR [Druid-ConnectionPool-Create-302687243][DruidDataSource.java:2840] - create connection SQLException, url: jdbc:mysql://192.168.101.65:3306/xc402_content148?serverTimezone=UTC&userUnicode=true&useSSL=false&, errorCode 1049, state 42000
java.sql.SQLSyntaxErrorException: Unknown database 'xc402_content148'
	at com.mysql.cj.jdbc.exceptions.SQLError.createSQLException(SQLError.java:120)
	at com.mysql.cj.jdbc.exceptions.SQLExceptionsMapping.translateException(SQLExceptionsMapping.java:122)
	at com.mysql.cj.jdbc.ConnectionImpl.createNewIO(ConnectionImpl.java:828)
	at com.mysql.cj.jdbc.ConnectionImpl.<init>(ConnectionImpl.java:448)
	at com.mysql.cj.jdbc.ConnectionImpl.getInstance(ConnectionImpl.java:241)
	at com.mysql.cj.jdbc.NonRegisteringDriver.connect(NonRegisteringDriver.java:198)
	at com.alibaba.druid.pool.DruidAbstractDataSource.createPhysicalConnection(DruidAbstractDataSource.java:1657)
	at com.alibaba.druid.pool.DruidAbstractDataSource.createPhysicalConnection(DruidAbstractDataSource.java:1723)
	at com.alibaba.druid.pool.DruidDataSource$CreateConnectionThread.run(DruidDataSource.java:2838)
2024-11-11 22:51:29,079 ERROR [Druid-ConnectionPool-Create-302687243][DruidDataSource.java:2840] - create connection SQLException, url: jdbc:mysql://192.168.101.65:3306/xc402_content148?serverTimezone=UTC&userUnicode=true&useSSL=false&, errorCode 1049, state 42000
java.sql.SQLSyntaxErrorException: Unknown database 'xc402_content148'
	at com.mysql.cj.jdbc.exceptions.SQLError.createSQLException(SQLError.java:120)
	at com.mysql.cj.jdbc.exceptions.SQLExceptionsMapping.translateException(SQLExceptionsMapping.java:122)
	at com.mysql.cj.jdbc.ConnectionImpl.createNewIO(ConnectionImpl.java:828)
	at com.mysql.cj.jdbc.ConnectionImpl.<init>(ConnectionImpl.java:448)
	at com.mysql.cj.jdbc.ConnectionImpl.getInstance(ConnectionImpl.java:241)
	at com.mysql.cj.jdbc.NonRegisteringDriver.connect(NonRegisteringDriver.java:198)
	at com.alibaba.druid.pool.DruidAbstractDataSource.createPhysicalConnection(DruidAbstractDataSource.java:1657)
	at com.alibaba.druid.pool.DruidAbstractDataSource.createPhysicalConnection(DruidAbstractDataSource.java:1723)
	at com.alibaba.druid.pool.DruidDataSource$CreateConnectionThread.run(DruidDataSource.java:2838)
2024-11-11 22:51:29,602 ERROR [Druid-ConnectionPool-Create-302687243][DruidDataSource.java:2840] - create connection SQLException, url: jdbc:mysql://192.168.101.65:3306/xc402_content148?serverTimezone=UTC&userUnicode=true&useSSL=false&, errorCode 1049, state 42000
java.sql.SQLSyntaxErrorException: Unknown database 'xc402_content148'
	at com.mysql.cj.jdbc.exceptions.SQLError.createSQLException(SQLError.java:120)
	at com.mysql.cj.jdbc.exceptions.SQLExceptionsMapping.translateException(SQLExceptionsMapping.java:122)
	at com.mysql.cj.jdbc.ConnectionImpl.createNewIO(ConnectionImpl.java:828)
	at com.mysql.cj.jdbc.ConnectionImpl.<init>(ConnectionImpl.java:448)
	at com.mysql.cj.jdbc.ConnectionImpl.getInstance(ConnectionImpl.java:241)
	at com.mysql.cj.jdbc.NonRegisteringDriver.connect(NonRegisteringDriver.java:198)
	at com.alibaba.druid.pool.DruidAbstractDataSource.createPhysicalConnection(DruidAbstractDataSource.java:1657)
	at com.alibaba.druid.pool.DruidAbstractDataSource.createPhysicalConnection(DruidAbstractDataSource.java:1723)
	at com.alibaba.druid.pool.DruidDataSource$CreateConnectionThread.run(DruidDataSource.java:2838)
2024-11-11 22:51:30,118 ERROR [Druid-ConnectionPool-Create-302687243][DruidDataSource.java:2840] - create connection SQLException, url: jdbc:mysql://192.168.101.65:3306/xc402_content148?serverTimezone=UTC&userUnicode=true&useSSL=false&, errorCode 1049, state 42000
java.sql.SQLSyntaxErrorException: Unknown database 'xc402_content148'
	at com.mysql.cj.jdbc.exceptions.SQLError.createSQLException(SQLError.java:120)
	at com.mysql.cj.jdbc.exceptions.SQLExceptionsMapping.translateException(SQLExceptionsMapping.java:122)
	at com.mysql.cj.jdbc.ConnectionImpl.createNewIO(ConnectionImpl.java:828)
	at com.mysql.cj.jdbc.ConnectionImpl.<init>(ConnectionImpl.java:448)
	at com.mysql.cj.jdbc.ConnectionImpl.getInstance(ConnectionImpl.java:241)
	at com.mysql.cj.jdbc.NonRegisteringDriver.connect(NonRegisteringDriver.java:198)
	at com.alibaba.druid.pool.DruidAbstractDataSource.createPhysicalConnection(DruidAbstractDataSource.java:1657)
	at com.alibaba.druid.pool.DruidAbstractDataSource.createPhysicalConnection(DruidAbstractDataSource.java:1723)
	at com.alibaba.druid.pool.DruidDataSource$CreateConnectionThread.run(DruidDataSource.java:2838)
2024-11-11 22:51:30,629 ERROR [Druid-ConnectionPool-Create-302687243][DruidDataSource.java:2840] - create connection SQLException, url: jdbc:mysql://192.168.101.65:3306/xc402_content148?serverTimezone=UTC&userUnicode=true&useSSL=false&, errorCode 1049, state 42000
java.sql.SQLSyntaxErrorException: Unknown database 'xc402_content148'
	at com.mysql.cj.jdbc.exceptions.SQLError.createSQLException(SQLError.java:120)
	at com.mysql.cj.jdbc.exceptions.SQLExceptionsMapping.translateException(SQLExceptionsMapping.java:122)
	at com.mysql.cj.jdbc.ConnectionImpl.createNewIO(ConnectionImpl.java:828)
	at com.mysql.cj.jdbc.ConnectionImpl.<init>(ConnectionImpl.java:448)
	at com.mysql.cj.jdbc.ConnectionImpl.getInstance(ConnectionImpl.java:241)
	at com.mysql.cj.jdbc.NonRegisteringDriver.connect(NonRegisteringDriver.java:198)
	at com.alibaba.druid.pool.DruidAbstractDataSource.createPhysicalConnection(DruidAbstractDataSource.java:1657)
	at com.alibaba.druid.pool.DruidAbstractDataSource.createPhysicalConnection(DruidAbstractDataSource.java:1723)
	at com.alibaba.druid.pool.DruidDataSource$CreateConnectionThread.run(DruidDataSource.java:2838)
2024-11-11 22:51:31,143 ERROR [Druid-ConnectionPool-Create-302687243][DruidDataSource.java:2840] - create connection SQLException, url: jdbc:mysql://192.168.101.65:3306/xc402_content148?serverTimezone=UTC&userUnicode=true&useSSL=false&, errorCode 1049, state 42000
java.sql.SQLSyntaxErrorException: Unknown database 'xc402_content148'
	at com.mysql.cj.jdbc.exceptions.SQLError.createSQLException(SQLError.java:120)
	at com.mysql.cj.jdbc.exceptions.SQLExceptionsMapping.translateException(SQLExceptionsMapping.java:122)
	at com.mysql.cj.jdbc.ConnectionImpl.createNewIO(ConnectionImpl.java:828)
	at com.mysql.cj.jdbc.ConnectionImpl.<init>(ConnectionImpl.java:448)
	at com.mysql.cj.jdbc.ConnectionImpl.getInstance(ConnectionImpl.java:241)
	at com.mysql.cj.jdbc.NonRegisteringDriver.connect(NonRegisteringDriver.java:198)
	at com.alibaba.druid.pool.DruidAbstractDataSource.createPhysicalConnection(DruidAbstractDataSource.java:1657)
	at com.alibaba.druid.pool.DruidAbstractDataSource.createPhysicalConnection(DruidAbstractDataSource.java:1723)
	at com.alibaba.druid.pool.DruidDataSource$CreateConnectionThread.run(DruidDataSource.java:2838)
2024-11-11 22:51:31,659 ERROR [Druid-ConnectionPool-Create-302687243][DruidDataSource.java:2840] - create connection SQLException, url: jdbc:mysql://192.168.101.65:3306/xc402_content148?serverTimezone=UTC&userUnicode=true&useSSL=false&, errorCode 1049, state 42000
java.sql.SQLSyntaxErrorException: Unknown database 'xc402_content148'
	at com.mysql.cj.jdbc.exceptions.SQLError.createSQLException(SQLError.java:120)
	at com.mysql.cj.jdbc.exceptions.SQLExceptionsMapping.translateException(SQLExceptionsMapping.java:122)
	at com.mysql.cj.jdbc.ConnectionImpl.createNewIO(ConnectionImpl.java:828)
	at com.mysql.cj.jdbc.ConnectionImpl.<init>(ConnectionImpl.java:448)
	at com.mysql.cj.jdbc.ConnectionImpl.getInstance(ConnectionImpl.java:241)
	at com.mysql.cj.jdbc.NonRegisteringDriver.connect(NonRegisteringDriver.java:198)
	at com.alibaba.druid.pool.DruidAbstractDataSource.createPhysicalConnection(DruidAbstractDataSource.java:1657)
	at com.alibaba.druid.pool.DruidAbstractDataSource.createPhysicalConnection(DruidAbstractDataSource.java:1723)
	at com.alibaba.druid.pool.DruidDataSource$CreateConnectionThread.run(DruidDataSource.java:2838)
2024-11-11 22:51:32,169 ERROR [Druid-ConnectionPool-Create-302687243][DruidDataSource.java:2840] - create connection SQLException, url: jdbc:mysql://192.168.101.65:3306/xc402_content148?serverTimezone=UTC&userUnicode=true&useSSL=false&, errorCode 1049, state 42000
java.sql.SQLSyntaxErrorException: Unknown database 'xc402_content148'
	at com.mysql.cj.jdbc.exceptions.SQLError.createSQLException(SQLError.java:120)
	at com.mysql.cj.jdbc.exceptions.SQLExceptionsMapping.translateException(SQLExceptionsMapping.java:122)
	at com.mysql.cj.jdbc.ConnectionImpl.createNewIO(ConnectionImpl.java:828)
	at com.mysql.cj.jdbc.ConnectionImpl.<init>(ConnectionImpl.java:448)
	at com.mysql.cj.jdbc.ConnectionImpl.getInstance(ConnectionImpl.java:241)
	at com.mysql.cj.jdbc.NonRegisteringDriver.connect(NonRegisteringDriver.java:198)
	at com.alibaba.druid.pool.DruidAbstractDataSource.createPhysicalConnection(DruidAbstractDataSource.java:1657)
	at com.alibaba.druid.pool.DruidAbstractDataSource.createPhysicalConnection(DruidAbstractDataSource.java:1723)
	at com.alibaba.druid.pool.DruidDataSource$CreateConnectionThread.run(DruidDataSource.java:2838)
2024-11-11 22:51:32,688 ERROR [Druid-ConnectionPool-Create-302687243][DruidDataSource.java:2840] - create connection SQLException, url: jdbc:mysql://192.168.101.65:3306/xc402_content148?serverTimezone=UTC&userUnicode=true&useSSL=false&, errorCode 1049, state 42000
java.sql.SQLSyntaxErrorException: Unknown database 'xc402_content148'
	at com.mysql.cj.jdbc.exceptions.SQLError.createSQLException(SQLError.java:120)
	at com.mysql.cj.jdbc.exceptions.SQLExceptionsMapping.translateException(SQLExceptionsMapping.java:122)
	at com.mysql.cj.jdbc.ConnectionImpl.createNewIO(ConnectionImpl.java:828)
	at com.mysql.cj.jdbc.ConnectionImpl.<init>(ConnectionImpl.java:448)
	at com.mysql.cj.jdbc.ConnectionImpl.getInstance(ConnectionImpl.java:241)
	at com.mysql.cj.jdbc.NonRegisteringDriver.connect(NonRegisteringDriver.java:198)
	at com.alibaba.druid.pool.DruidAbstractDataSource.createPhysicalConnection(DruidAbstractDataSource.java:1657)
	at com.alibaba.druid.pool.DruidAbstractDataSource.createPhysicalConnection(DruidAbstractDataSource.java:1723)
	at com.alibaba.druid.pool.DruidDataSource$CreateConnectionThread.run(DruidDataSource.java:2838)
2024-11-11 22:51:33,210 ERROR [Druid-ConnectionPool-Create-302687243][DruidDataSource.java:2840] - create connection SQLException, url: jdbc:mysql://192.168.101.65:3306/xc402_content148?serverTimezone=UTC&userUnicode=true&useSSL=false&, errorCode 1049, state 42000
java.sql.SQLSyntaxErrorException: Unknown database 'xc402_content148'
	at com.mysql.cj.jdbc.exceptions.SQLError.createSQLException(SQLError.java:120)
	at com.mysql.cj.jdbc.exceptions.SQLExceptionsMapping.translateException(SQLExceptionsMapping.java:122)
	at com.mysql.cj.jdbc.ConnectionImpl.createNewIO(ConnectionImpl.java:828)
	at com.mysql.cj.jdbc.ConnectionImpl.<init>(ConnectionImpl.java:448)
	at com.mysql.cj.jdbc.ConnectionImpl.getInstance(ConnectionImpl.java:241)
	at com.mysql.cj.jdbc.NonRegisteringDriver.connect(NonRegisteringDriver.java:198)
	at com.alibaba.druid.pool.DruidAbstractDataSource.createPhysicalConnection(DruidAbstractDataSource.java:1657)
	at com.alibaba.druid.pool.DruidAbstractDataSource.createPhysicalConnection(DruidAbstractDataSource.java:1723)
	at com.alibaba.druid.pool.DruidDataSource$CreateConnectionThread.run(DruidDataSource.java:2838)
2024-11-11 22:51:33,729 ERROR [Druid-ConnectionPool-Create-302687243][DruidDataSource.java:2840] - create connection SQLException, url: jdbc:mysql://192.168.101.65:3306/xc402_content148?serverTimezone=UTC&userUnicode=true&useSSL=false&, errorCode 1049, state 42000
java.sql.SQLSyntaxErrorException: Unknown database 'xc402_content148'
	at com.mysql.cj.jdbc.exceptions.SQLError.createSQLException(SQLError.java:120)
	at com.mysql.cj.jdbc.exceptions.SQLExceptionsMapping.translateException(SQLExceptionsMapping.java:122)
	at com.mysql.cj.jdbc.ConnectionImpl.createNewIO(ConnectionImpl.java:828)
	at com.mysql.cj.jdbc.ConnectionImpl.<init>(ConnectionImpl.java:448)
	at com.mysql.cj.jdbc.ConnectionImpl.getInstance(ConnectionImpl.java:241)
	at com.mysql.cj.jdbc.NonRegisteringDriver.connect(NonRegisteringDriver.java:198)
	at com.alibaba.druid.pool.DruidAbstractDataSource.createPhysicalConnection(DruidAbstractDataSource.java:1657)
	at com.alibaba.druid.pool.DruidAbstractDataSource.createPhysicalConnection(DruidAbstractDataSource.java:1723)
	at com.alibaba.druid.pool.DruidDataSource$CreateConnectionThread.run(DruidDataSource.java:2838)
2024-11-11 22:51:34,241 ERROR [Druid-ConnectionPool-Create-302687243][DruidDataSource.java:2840] - create connection SQLException, url: jdbc:mysql://192.168.101.65:3306/xc402_content148?serverTimezone=UTC&userUnicode=true&useSSL=false&, errorCode 1049, state 42000
java.sql.SQLSyntaxErrorException: Unknown database 'xc402_content148'
	at com.mysql.cj.jdbc.exceptions.SQLError.createSQLException(SQLError.java:120)
	at com.mysql.cj.jdbc.exceptions.SQLExceptionsMapping.translateException(SQLExceptionsMapping.java:122)
	at com.mysql.cj.jdbc.ConnectionImpl.createNewIO(ConnectionImpl.java:828)
	at com.mysql.cj.jdbc.ConnectionImpl.<init>(ConnectionImpl.java:448)
	at com.mysql.cj.jdbc.ConnectionImpl.getInstance(ConnectionImpl.java:241)
	at com.mysql.cj.jdbc.NonRegisteringDriver.connect(NonRegisteringDriver.java:198)
	at com.alibaba.druid.pool.DruidAbstractDataSource.createPhysicalConnection(DruidAbstractDataSource.java:1657)
	at com.alibaba.druid.pool.DruidAbstractDataSource.createPhysicalConnection(DruidAbstractDataSource.java:1723)
	at com.alibaba.druid.pool.DruidDataSource$CreateConnectionThread.run(DruidDataSource.java:2838)
2024-11-11 22:51:34,750 ERROR [Druid-ConnectionPool-Create-302687243][DruidDataSource.java:2840] - create connection SQLException, url: jdbc:mysql://192.168.101.65:3306/xc402_content148?serverTimezone=UTC&userUnicode=true&useSSL=false&, errorCode 1049, state 42000
java.sql.SQLSyntaxErrorException: Unknown database 'xc402_content148'
	at com.mysql.cj.jdbc.exceptions.SQLError.createSQLException(SQLError.java:120)
	at com.mysql.cj.jdbc.exceptions.SQLExceptionsMapping.translateException(SQLExceptionsMapping.java:122)
	at com.mysql.cj.jdbc.ConnectionImpl.createNewIO(ConnectionImpl.java:828)
	at com.mysql.cj.jdbc.ConnectionImpl.<init>(ConnectionImpl.java:448)
	at com.mysql.cj.jdbc.ConnectionImpl.getInstance(ConnectionImpl.java:241)
	at com.mysql.cj.jdbc.NonRegisteringDriver.connect(NonRegisteringDriver.java:198)
	at com.alibaba.druid.pool.DruidAbstractDataSource.createPhysicalConnection(DruidAbstractDataSource.java:1657)
	at com.alibaba.druid.pool.DruidAbstractDataSource.createPhysicalConnection(DruidAbstractDataSource.java:1723)
	at com.alibaba.druid.pool.DruidDataSource$CreateConnectionThread.run(DruidDataSource.java:2838)
2024-11-11 22:51:35,273 ERROR [Druid-ConnectionPool-Create-302687243][DruidDataSource.java:2840] - create connection SQLException, url: jdbc:mysql://192.168.101.65:3306/xc402_content148?serverTimezone=UTC&userUnicode=true&useSSL=false&, errorCode 1049, state 42000
java.sql.SQLSyntaxErrorException: Unknown database 'xc402_content148'
	at com.mysql.cj.jdbc.exceptions.SQLError.createSQLException(SQLError.java:120)
	at com.mysql.cj.jdbc.exceptions.SQLExceptionsMapping.translateException(SQLExceptionsMapping.java:122)
	at com.mysql.cj.jdbc.ConnectionImpl.createNewIO(ConnectionImpl.java:828)
	at com.mysql.cj.jdbc.ConnectionImpl.<init>(ConnectionImpl.java:448)
	at com.mysql.cj.jdbc.ConnectionImpl.getInstance(ConnectionImpl.java:241)
	at com.mysql.cj.jdbc.NonRegisteringDriver.connect(NonRegisteringDriver.java:198)
	at com.alibaba.druid.pool.DruidAbstractDataSource.createPhysicalConnection(DruidAbstractDataSource.java:1657)
	at com.alibaba.druid.pool.DruidAbstractDataSource.createPhysicalConnection(DruidAbstractDataSource.java:1723)
	at com.alibaba.druid.pool.DruidDataSource$CreateConnectionThread.run(DruidDataSource.java:2838)
2024-11-11 22:51:35,782 ERROR [Druid-ConnectionPool-Create-302687243][DruidDataSource.java:2840] - create connection SQLException, url: jdbc:mysql://192.168.101.65:3306/xc402_content148?serverTimezone=UTC&userUnicode=true&useSSL=false&, errorCode 1049, state 42000
java.sql.SQLSyntaxErrorException: Unknown database 'xc402_content148'
	at com.mysql.cj.jdbc.exceptions.SQLError.createSQLException(SQLError.java:120)
	at com.mysql.cj.jdbc.exceptions.SQLExceptionsMapping.translateException(SQLExceptionsMapping.java:122)
	at com.mysql.cj.jdbc.ConnectionImpl.createNewIO(ConnectionImpl.java:828)
	at com.mysql.cj.jdbc.ConnectionImpl.<init>(ConnectionImpl.java:448)
	at com.mysql.cj.jdbc.ConnectionImpl.getInstance(ConnectionImpl.java:241)
	at com.mysql.cj.jdbc.NonRegisteringDriver.connect(NonRegisteringDriver.java:198)
	at com.alibaba.druid.pool.DruidAbstractDataSource.createPhysicalConnection(DruidAbstractDataSource.java:1657)
	at com.alibaba.druid.pool.DruidAbstractDataSource.createPhysicalConnection(DruidAbstractDataSource.java:1723)
	at com.alibaba.druid.pool.DruidDataSource$CreateConnectionThread.run(DruidDataSource.java:2838)
2024-11-11 22:51:36,295 ERROR [Druid-ConnectionPool-Create-302687243][DruidDataSource.java:2840] - create connection SQLException, url: jdbc:mysql://192.168.101.65:3306/xc402_content148?serverTimezone=UTC&userUnicode=true&useSSL=false&, errorCode 1049, state 42000
java.sql.SQLSyntaxErrorException: Unknown database 'xc402_content148'
	at com.mysql.cj.jdbc.exceptions.SQLError.createSQLException(SQLError.java:120)
	at com.mysql.cj.jdbc.exceptions.SQLExceptionsMapping.translateException(SQLExceptionsMapping.java:122)
	at com.mysql.cj.jdbc.ConnectionImpl.createNewIO(ConnectionImpl.java:828)
	at com.mysql.cj.jdbc.ConnectionImpl.<init>(ConnectionImpl.java:448)
	at com.mysql.cj.jdbc.ConnectionImpl.getInstance(ConnectionImpl.java:241)
	at com.mysql.cj.jdbc.NonRegisteringDriver.connect(NonRegisteringDriver.java:198)
	at com.alibaba.druid.pool.DruidAbstractDataSource.createPhysicalConnection(DruidAbstractDataSource.java:1657)
	at com.alibaba.druid.pool.DruidAbstractDataSource.createPhysicalConnection(DruidAbstractDataSource.java:1723)
	at com.alibaba.druid.pool.DruidDataSource$CreateConnectionThread.run(DruidDataSource.java:2838)
2024-11-11 22:51:36,810 ERROR [Druid-ConnectionPool-Create-302687243][DruidDataSource.java:2840] - create connection SQLException, url: jdbc:mysql://192.168.101.65:3306/xc402_content148?serverTimezone=UTC&userUnicode=true&useSSL=false&, errorCode 1049, state 42000
java.sql.SQLSyntaxErrorException: Unknown database 'xc402_content148'
	at com.mysql.cj.jdbc.exceptions.SQLError.createSQLException(SQLError.java:120)
	at com.mysql.cj.jdbc.exceptions.SQLExceptionsMapping.translateException(SQLExceptionsMapping.java:122)
	at com.mysql.cj.jdbc.ConnectionImpl.createNewIO(ConnectionImpl.java:828)
	at com.mysql.cj.jdbc.ConnectionImpl.<init>(ConnectionImpl.java:448)
	at com.mysql.cj.jdbc.ConnectionImpl.getInstance(ConnectionImpl.java:241)
	at com.mysql.cj.jdbc.NonRegisteringDriver.connect(NonRegisteringDriver.java:198)
	at com.alibaba.druid.pool.DruidAbstractDataSource.createPhysicalConnection(DruidAbstractDataSource.java:1657)
	at com.alibaba.druid.pool.DruidAbstractDataSource.createPhysicalConnection(DruidAbstractDataSource.java:1723)
	at com.alibaba.druid.pool.DruidDataSource$CreateConnectionThread.run(DruidDataSource.java:2838)
2024-11-11 22:51:37,333 ERROR [Druid-ConnectionPool-Create-302687243][DruidDataSource.java:2840] - create connection SQLException, url: jdbc:mysql://192.168.101.65:3306/xc402_content148?serverTimezone=UTC&userUnicode=true&useSSL=false&, errorCode 1049, state 42000
java.sql.SQLSyntaxErrorException: Unknown database 'xc402_content148'
	at com.mysql.cj.jdbc.exceptions.SQLError.createSQLException(SQLError.java:120)
	at com.mysql.cj.jdbc.exceptions.SQLExceptionsMapping.translateException(SQLExceptionsMapping.java:122)
	at com.mysql.cj.jdbc.ConnectionImpl.createNewIO(ConnectionImpl.java:828)
	at com.mysql.cj.jdbc.ConnectionImpl.<init>(ConnectionImpl.java:448)
	at com.mysql.cj.jdbc.ConnectionImpl.getInstance(ConnectionImpl.java:241)
	at com.mysql.cj.jdbc.NonRegisteringDriver.connect(NonRegisteringDriver.java:198)
	at com.alibaba.druid.pool.DruidAbstractDataSource.createPhysicalConnection(DruidAbstractDataSource.java:1657)
	at com.alibaba.druid.pool.DruidAbstractDataSource.createPhysicalConnection(DruidAbstractDataSource.java:1723)
	at com.alibaba.druid.pool.DruidDataSource$CreateConnectionThread.run(DruidDataSource.java:2838)
2024-11-11 22:51:37,846 ERROR [Druid-ConnectionPool-Create-302687243][DruidDataSource.java:2840] - create connection SQLException, url: jdbc:mysql://192.168.101.65:3306/xc402_content148?serverTimezone=UTC&userUnicode=true&useSSL=false&, errorCode 1049, state 42000
java.sql.SQLSyntaxErrorException: Unknown database 'xc402_content148'
	at com.mysql.cj.jdbc.exceptions.SQLError.createSQLException(SQLError.java:120)
	at com.mysql.cj.jdbc.exceptions.SQLExceptionsMapping.translateException(SQLExceptionsMapping.java:122)
	at com.mysql.cj.jdbc.ConnectionImpl.createNewIO(ConnectionImpl.java:828)
	at com.mysql.cj.jdbc.ConnectionImpl.<init>(ConnectionImpl.java:448)
	at com.mysql.cj.jdbc.ConnectionImpl.getInstance(ConnectionImpl.java:241)
	at com.mysql.cj.jdbc.NonRegisteringDriver.connect(NonRegisteringDriver.java:198)
	at com.alibaba.druid.pool.DruidAbstractDataSource.createPhysicalConnection(DruidAbstractDataSource.java:1657)
	at com.alibaba.druid.pool.DruidAbstractDataSource.createPhysicalConnection(DruidAbstractDataSource.java:1723)
	at com.alibaba.druid.pool.DruidDataSource$CreateConnectionThread.run(DruidDataSource.java:2838)
2024-11-11 22:51:38,356 ERROR [Druid-ConnectionPool-Create-302687243][DruidDataSource.java:2840] - create connection SQLException, url: jdbc:mysql://192.168.101.65:3306/xc402_content148?serverTimezone=UTC&userUnicode=true&useSSL=false&, errorCode 1049, state 42000
java.sql.SQLSyntaxErrorException: Unknown database 'xc402_content148'
	at com.mysql.cj.jdbc.exceptions.SQLError.createSQLException(SQLError.java:120)
	at com.mysql.cj.jdbc.exceptions.SQLExceptionsMapping.translateException(SQLExceptionsMapping.java:122)
	at com.mysql.cj.jdbc.ConnectionImpl.createNewIO(ConnectionImpl.java:828)
	at com.mysql.cj.jdbc.ConnectionImpl.<init>(ConnectionImpl.java:448)
	at com.mysql.cj.jdbc.ConnectionImpl.getInstance(ConnectionImpl.java:241)
	at com.mysql.cj.jdbc.NonRegisteringDriver.connect(NonRegisteringDriver.java:198)
	at com.alibaba.druid.pool.DruidAbstractDataSource.createPhysicalConnection(DruidAbstractDataSource.java:1657)
	at com.alibaba.druid.pool.DruidAbstractDataSource.createPhysicalConnection(DruidAbstractDataSource.java:1723)
	at com.alibaba.druid.pool.DruidDataSource$CreateConnectionThread.run(DruidDataSource.java:2838)
2024-11-11 22:51:38,879 ERROR [Druid-ConnectionPool-Create-302687243][DruidDataSource.java:2840] - create connection SQLException, url: jdbc:mysql://192.168.101.65:3306/xc402_content148?serverTimezone=UTC&userUnicode=true&useSSL=false&, errorCode 1049, state 42000
java.sql.SQLSyntaxErrorException: Unknown database 'xc402_content148'
	at com.mysql.cj.jdbc.exceptions.SQLError.createSQLException(SQLError.java:120)
	at com.mysql.cj.jdbc.exceptions.SQLExceptionsMapping.translateException(SQLExceptionsMapping.java:122)
	at com.mysql.cj.jdbc.ConnectionImpl.createNewIO(ConnectionImpl.java:828)
	at com.mysql.cj.jdbc.ConnectionImpl.<init>(ConnectionImpl.java:448)
	at com.mysql.cj.jdbc.ConnectionImpl.getInstance(ConnectionImpl.java:241)
	at com.mysql.cj.jdbc.NonRegisteringDriver.connect(NonRegisteringDriver.java:198)
	at com.alibaba.druid.pool.DruidAbstractDataSource.createPhysicalConnection(DruidAbstractDataSource.java:1657)
	at com.alibaba.druid.pool.DruidAbstractDataSource.createPhysicalConnection(DruidAbstractDataSource.java:1723)
	at com.alibaba.druid.pool.DruidDataSource$CreateConnectionThread.run(DruidDataSource.java:2838)
2024-11-11 22:51:39,392 ERROR [Druid-ConnectionPool-Create-302687243][DruidDataSource.java:2840] - create connection SQLException, url: jdbc:mysql://192.168.101.65:3306/xc402_content148?serverTimezone=UTC&userUnicode=true&useSSL=false&, errorCode 1049, state 42000
java.sql.SQLSyntaxErrorException: Unknown database 'xc402_content148'
	at com.mysql.cj.jdbc.exceptions.SQLError.createSQLException(SQLError.java:120)
	at com.mysql.cj.jdbc.exceptions.SQLExceptionsMapping.translateException(SQLExceptionsMapping.java:122)
	at com.mysql.cj.jdbc.ConnectionImpl.createNewIO(ConnectionImpl.java:828)
	at com.mysql.cj.jdbc.ConnectionImpl.<init>(ConnectionImpl.java:448)
	at com.mysql.cj.jdbc.ConnectionImpl.getInstance(ConnectionImpl.java:241)
	at com.mysql.cj.jdbc.NonRegisteringDriver.connect(NonRegisteringDriver.java:198)
	at com.alibaba.druid.pool.DruidAbstractDataSource.createPhysicalConnection(DruidAbstractDataSource.java:1657)
	at com.alibaba.druid.pool.DruidAbstractDataSource.createPhysicalConnection(DruidAbstractDataSource.java:1723)
	at com.alibaba.druid.pool.DruidDataSource$CreateConnectionThread.run(DruidDataSource.java:2838)
2024-11-11 22:51:39,907 ERROR [Druid-ConnectionPool-Create-302687243][DruidDataSource.java:2840] - create connection SQLException, url: jdbc:mysql://192.168.101.65:3306/xc402_content148?serverTimezone=UTC&userUnicode=true&useSSL=false&, errorCode 1049, state 42000
java.sql.SQLSyntaxErrorException: Unknown database 'xc402_content148'
	at com.mysql.cj.jdbc.exceptions.SQLError.createSQLException(SQLError.java:120)
	at com.mysql.cj.jdbc.exceptions.SQLExceptionsMapping.translateException(SQLExceptionsMapping.java:122)
	at com.mysql.cj.jdbc.ConnectionImpl.createNewIO(ConnectionImpl.java:828)
	at com.mysql.cj.jdbc.ConnectionImpl.<init>(ConnectionImpl.java:448)
	at com.mysql.cj.jdbc.ConnectionImpl.getInstance(ConnectionImpl.java:241)
	at com.mysql.cj.jdbc.NonRegisteringDriver.connect(NonRegisteringDriver.java:198)
	at com.alibaba.druid.pool.DruidAbstractDataSource.createPhysicalConnection(DruidAbstractDataSource.java:1657)
	at com.alibaba.druid.pool.DruidAbstractDataSource.createPhysicalConnection(DruidAbstractDataSource.java:1723)
	at com.alibaba.druid.pool.DruidDataSource$CreateConnectionThread.run(DruidDataSource.java:2838)
2024-11-11 22:51:40,427 ERROR [Druid-ConnectionPool-Create-302687243][DruidDataSource.java:2840] - create connection SQLException, url: jdbc:mysql://192.168.101.65:3306/xc402_content148?serverTimezone=UTC&userUnicode=true&useSSL=false&, errorCode 1049, state 42000
java.sql.SQLSyntaxErrorException: Unknown database 'xc402_content148'
	at com.mysql.cj.jdbc.exceptions.SQLError.createSQLException(SQLError.java:120)
	at com.mysql.cj.jdbc.exceptions.SQLExceptionsMapping.translateException(SQLExceptionsMapping.java:122)
	at com.mysql.cj.jdbc.ConnectionImpl.createNewIO(ConnectionImpl.java:828)
	at com.mysql.cj.jdbc.ConnectionImpl.<init>(ConnectionImpl.java:448)
	at com.mysql.cj.jdbc.ConnectionImpl.getInstance(ConnectionImpl.java:241)
	at com.mysql.cj.jdbc.NonRegisteringDriver.connect(NonRegisteringDriver.java:198)
	at com.alibaba.druid.pool.DruidAbstractDataSource.createPhysicalConnection(DruidAbstractDataSource.java:1657)
	at com.alibaba.druid.pool.DruidAbstractDataSource.createPhysicalConnection(DruidAbstractDataSource.java:1723)
	at com.alibaba.druid.pool.DruidDataSource$CreateConnectionThread.run(DruidDataSource.java:2838)
2024-11-11 22:51:40,948 ERROR [Druid-ConnectionPool-Create-302687243][DruidDataSource.java:2840] - create connection SQLException, url: jdbc:mysql://192.168.101.65:3306/xc402_content148?serverTimezone=UTC&userUnicode=true&useSSL=false&, errorCode 1049, state 42000
java.sql.SQLSyntaxErrorException: Unknown database 'xc402_content148'
	at com.mysql.cj.jdbc.exceptions.SQLError.createSQLException(SQLError.java:120)
	at com.mysql.cj.jdbc.exceptions.SQLExceptionsMapping.translateException(SQLExceptionsMapping.java:122)
	at com.mysql.cj.jdbc.ConnectionImpl.createNewIO(ConnectionImpl.java:828)
	at com.mysql.cj.jdbc.ConnectionImpl.<init>(ConnectionImpl.java:448)
	at com.mysql.cj.jdbc.ConnectionImpl.getInstance(ConnectionImpl.java:241)
	at com.mysql.cj.jdbc.NonRegisteringDriver.connect(NonRegisteringDriver.java:198)
	at com.alibaba.druid.pool.DruidAbstractDataSource.createPhysicalConnection(DruidAbstractDataSource.java:1657)
	at com.alibaba.druid.pool.DruidAbstractDataSource.createPhysicalConnection(DruidAbstractDataSource.java:1723)
	at com.alibaba.druid.pool.DruidDataSource$CreateConnectionThread.run(DruidDataSource.java:2838)
2024-11-11 22:51:41,470 ERROR [Druid-ConnectionPool-Create-302687243][DruidDataSource.java:2840] - create connection SQLException, url: jdbc:mysql://192.168.101.65:3306/xc402_content148?serverTimezone=UTC&userUnicode=true&useSSL=false&, errorCode 1049, state 42000
java.sql.SQLSyntaxErrorException: Unknown database 'xc402_content148'
	at com.mysql.cj.jdbc.exceptions.SQLError.createSQLException(SQLError.java:120)
	at com.mysql.cj.jdbc.exceptions.SQLExceptionsMapping.translateException(SQLExceptionsMapping.java:122)
	at com.mysql.cj.jdbc.ConnectionImpl.createNewIO(ConnectionImpl.java:828)
	at com.mysql.cj.jdbc.ConnectionImpl.<init>(ConnectionImpl.java:448)
	at com.mysql.cj.jdbc.ConnectionImpl.getInstance(ConnectionImpl.java:241)
	at com.mysql.cj.jdbc.NonRegisteringDriver.connect(NonRegisteringDriver.java:198)
	at com.alibaba.druid.pool.DruidAbstractDataSource.createPhysicalConnection(DruidAbstractDataSource.java:1657)
	at com.alibaba.druid.pool.DruidAbstractDataSource.createPhysicalConnection(DruidAbstractDataSource.java:1723)
	at com.alibaba.druid.pool.DruidDataSource$CreateConnectionThread.run(DruidDataSource.java:2838)
2024-11-11 22:51:41,979 ERROR [Druid-ConnectionPool-Create-302687243][DruidDataSource.java:2840] - create connection SQLException, url: jdbc:mysql://192.168.101.65:3306/xc402_content148?serverTimezone=UTC&userUnicode=true&useSSL=false&, errorCode 1049, state 42000
java.sql.SQLSyntaxErrorException: Unknown database 'xc402_content148'
	at com.mysql.cj.jdbc.exceptions.SQLError.createSQLException(SQLError.java:120)
	at com.mysql.cj.jdbc.exceptions.SQLExceptionsMapping.translateException(SQLExceptionsMapping.java:122)
	at com.mysql.cj.jdbc.ConnectionImpl.createNewIO(ConnectionImpl.java:828)
	at com.mysql.cj.jdbc.ConnectionImpl.<init>(ConnectionImpl.java:448)
	at com.mysql.cj.jdbc.ConnectionImpl.getInstance(ConnectionImpl.java:241)
	at com.mysql.cj.jdbc.NonRegisteringDriver.connect(NonRegisteringDriver.java:198)
	at com.alibaba.druid.pool.DruidAbstractDataSource.createPhysicalConnection(DruidAbstractDataSource.java:1657)
	at com.alibaba.druid.pool.DruidAbstractDataSource.createPhysicalConnection(DruidAbstractDataSource.java:1723)
	at com.alibaba.druid.pool.DruidDataSource$CreateConnectionThread.run(DruidDataSource.java:2838)
2024-11-11 22:51:42,501 ERROR [Druid-ConnectionPool-Create-302687243][DruidDataSource.java:2840] - create connection SQLException, url: jdbc:mysql://192.168.101.65:3306/xc402_content148?serverTimezone=UTC&userUnicode=true&useSSL=false&, errorCode 1049, state 42000
java.sql.SQLSyntaxErrorException: Unknown database 'xc402_content148'
	at com.mysql.cj.jdbc.exceptions.SQLError.createSQLException(SQLError.java:120)
	at com.mysql.cj.jdbc.exceptions.SQLExceptionsMapping.translateException(SQLExceptionsMapping.java:122)
	at com.mysql.cj.jdbc.ConnectionImpl.createNewIO(ConnectionImpl.java:828)
	at com.mysql.cj.jdbc.ConnectionImpl.<init>(ConnectionImpl.java:448)
	at com.mysql.cj.jdbc.ConnectionImpl.getInstance(ConnectionImpl.java:241)
	at com.mysql.cj.jdbc.NonRegisteringDriver.connect(NonRegisteringDriver.java:198)
	at com.alibaba.druid.pool.DruidAbstractDataSource.createPhysicalConnection(DruidAbstractDataSource.java:1657)
	at com.alibaba.druid.pool.DruidAbstractDataSource.createPhysicalConnection(DruidAbstractDataSource.java:1723)
	at com.alibaba.druid.pool.DruidDataSource$CreateConnectionThread.run(DruidDataSource.java:2838)
2024-11-11 22:51:43,015 ERROR [Druid-ConnectionPool-Create-302687243][DruidDataSource.java:2840] - create connection SQLException, url: jdbc:mysql://192.168.101.65:3306/xc402_content148?serverTimezone=UTC&userUnicode=true&useSSL=false&, errorCode 1049, state 42000
java.sql.SQLSyntaxErrorException: Unknown database 'xc402_content148'
	at com.mysql.cj.jdbc.exceptions.SQLError.createSQLException(SQLError.java:120)
	at com.mysql.cj.jdbc.exceptions.SQLExceptionsMapping.translateException(SQLExceptionsMapping.java:122)
	at com.mysql.cj.jdbc.ConnectionImpl.createNewIO(ConnectionImpl.java:828)
	at com.mysql.cj.jdbc.ConnectionImpl.<init>(ConnectionImpl.java:448)
	at com.mysql.cj.jdbc.ConnectionImpl.getInstance(ConnectionImpl.java:241)
	at com.mysql.cj.jdbc.NonRegisteringDriver.connect(NonRegisteringDriver.java:198)
	at com.alibaba.druid.pool.DruidAbstractDataSource.createPhysicalConnection(DruidAbstractDataSource.java:1657)
	at com.alibaba.druid.pool.DruidAbstractDataSource.createPhysicalConnection(DruidAbstractDataSource.java:1723)
	at com.alibaba.druid.pool.DruidDataSource$CreateConnectionThread.run(DruidDataSource.java:2838)
2024-11-11 22:51:43,543 ERROR [Druid-ConnectionPool-Create-302687243][DruidDataSource.java:2840] - create connection SQLException, url: jdbc:mysql://192.168.101.65:3306/xc402_content148?serverTimezone=UTC&userUnicode=true&useSSL=false&, errorCode 1049, state 42000
java.sql.SQLSyntaxErrorException: Unknown database 'xc402_content148'
	at com.mysql.cj.jdbc.exceptions.SQLError.createSQLException(SQLError.java:120)
	at com.mysql.cj.jdbc.exceptions.SQLExceptionsMapping.translateException(SQLExceptionsMapping.java:122)
	at com.mysql.cj.jdbc.ConnectionImpl.createNewIO(ConnectionImpl.java:828)
	at com.mysql.cj.jdbc.ConnectionImpl.<init>(ConnectionImpl.java:448)
	at com.mysql.cj.jdbc.ConnectionImpl.getInstance(ConnectionImpl.java:241)
	at com.mysql.cj.jdbc.NonRegisteringDriver.connect(NonRegisteringDriver.java:198)
	at com.alibaba.druid.pool.DruidAbstractDataSource.createPhysicalConnection(DruidAbstractDataSource.java:1657)
	at com.alibaba.druid.pool.DruidAbstractDataSource.createPhysicalConnection(DruidAbstractDataSource.java:1723)
	at com.alibaba.druid.pool.DruidDataSource$CreateConnectionThread.run(DruidDataSource.java:2838)
2024-11-11 22:51:44,064 ERROR [Druid-ConnectionPool-Create-302687243][DruidDataSource.java:2840] - create connection SQLException, url: jdbc:mysql://192.168.101.65:3306/xc402_content148?serverTimezone=UTC&userUnicode=true&useSSL=false&, errorCode 1049, state 42000
java.sql.SQLSyntaxErrorException: Unknown database 'xc402_content148'
	at com.mysql.cj.jdbc.exceptions.SQLError.createSQLException(SQLError.java:120)
	at com.mysql.cj.jdbc.exceptions.SQLExceptionsMapping.translateException(SQLExceptionsMapping.java:122)
	at com.mysql.cj.jdbc.ConnectionImpl.createNewIO(ConnectionImpl.java:828)
	at com.mysql.cj.jdbc.ConnectionImpl.<init>(ConnectionImpl.java:448)
	at com.mysql.cj.jdbc.ConnectionImpl.getInstance(ConnectionImpl.java:241)
	at com.mysql.cj.jdbc.NonRegisteringDriver.connect(NonRegisteringDriver.java:198)
	at com.alibaba.druid.pool.DruidAbstractDataSource.createPhysicalConnection(DruidAbstractDataSource.java:1657)
	at com.alibaba.druid.pool.DruidAbstractDataSource.createPhysicalConnection(DruidAbstractDataSource.java:1723)
	at com.alibaba.druid.pool.DruidDataSource$CreateConnectionThread.run(DruidDataSource.java:2838)
2024-11-11 22:51:44,585 ERROR [Druid-ConnectionPool-Create-302687243][DruidDataSource.java:2840] - create connection SQLException, url: jdbc:mysql://192.168.101.65:3306/xc402_content148?serverTimezone=UTC&userUnicode=true&useSSL=false&, errorCode 1049, state 42000
java.sql.SQLSyntaxErrorException: Unknown database 'xc402_content148'
	at com.mysql.cj.jdbc.exceptions.SQLError.createSQLException(SQLError.java:120)
	at com.mysql.cj.jdbc.exceptions.SQLExceptionsMapping.translateException(SQLExceptionsMapping.java:122)
	at com.mysql.cj.jdbc.ConnectionImpl.createNewIO(ConnectionImpl.java:828)
	at com.mysql.cj.jdbc.ConnectionImpl.<init>(ConnectionImpl.java:448)
	at com.mysql.cj.jdbc.ConnectionImpl.getInstance(ConnectionImpl.java:241)
	at com.mysql.cj.jdbc.NonRegisteringDriver.connect(NonRegisteringDriver.java:198)
	at com.alibaba.druid.pool.DruidAbstractDataSource.createPhysicalConnection(DruidAbstractDataSource.java:1657)
	at com.alibaba.druid.pool.DruidAbstractDataSource.createPhysicalConnection(DruidAbstractDataSource.java:1723)
	at com.alibaba.druid.pool.DruidDataSource$CreateConnectionThread.run(DruidDataSource.java:2838)
2024-11-11 22:51:45,097 ERROR [Druid-ConnectionPool-Create-302687243][DruidDataSource.java:2840] - create connection SQLException, url: jdbc:mysql://192.168.101.65:3306/xc402_content148?serverTimezone=UTC&userUnicode=true&useSSL=false&, errorCode 1049, state 42000
java.sql.SQLSyntaxErrorException: Unknown database 'xc402_content148'
	at com.mysql.cj.jdbc.exceptions.SQLError.createSQLException(SQLError.java:120)
	at com.mysql.cj.jdbc.exceptions.SQLExceptionsMapping.translateException(SQLExceptionsMapping.java:122)
	at com.mysql.cj.jdbc.ConnectionImpl.createNewIO(ConnectionImpl.java:828)
	at com.mysql.cj.jdbc.ConnectionImpl.<init>(ConnectionImpl.java:448)
	at com.mysql.cj.jdbc.ConnectionImpl.getInstance(ConnectionImpl.java:241)
	at com.mysql.cj.jdbc.NonRegisteringDriver.connect(NonRegisteringDriver.java:198)
	at com.alibaba.druid.pool.DruidAbstractDataSource.createPhysicalConnection(DruidAbstractDataSource.java:1657)
	at com.alibaba.druid.pool.DruidAbstractDataSource.createPhysicalConnection(DruidAbstractDataSource.java:1723)
	at com.alibaba.druid.pool.DruidDataSource$CreateConnectionThread.run(DruidDataSource.java:2838)
2024-11-11 22:51:45,614 ERROR [Druid-ConnectionPool-Create-302687243][DruidDataSource.java:2840] - create connection SQLException, url: jdbc:mysql://192.168.101.65:3306/xc402_content148?serverTimezone=UTC&userUnicode=true&useSSL=false&, errorCode 1049, state 42000
java.sql.SQLSyntaxErrorException: Unknown database 'xc402_content148'
	at com.mysql.cj.jdbc.exceptions.SQLError.createSQLException(SQLError.java:120)
	at com.mysql.cj.jdbc.exceptions.SQLExceptionsMapping.translateException(SQLExceptionsMapping.java:122)
	at com.mysql.cj.jdbc.ConnectionImpl.createNewIO(ConnectionImpl.java:828)
	at com.mysql.cj.jdbc.ConnectionImpl.<init>(ConnectionImpl.java:448)
	at com.mysql.cj.jdbc.ConnectionImpl.getInstance(ConnectionImpl.java:241)
	at com.mysql.cj.jdbc.NonRegisteringDriver.connect(NonRegisteringDriver.java:198)
	at com.alibaba.druid.pool.DruidAbstractDataSource.createPhysicalConnection(DruidAbstractDataSource.java:1657)
	at com.alibaba.druid.pool.DruidAbstractDataSource.createPhysicalConnection(DruidAbstractDataSource.java:1723)
	at com.alibaba.druid.pool.DruidDataSource$CreateConnectionThread.run(DruidDataSource.java:2838)
2024-11-11 22:51:46,124 ERROR [Druid-ConnectionPool-Create-302687243][DruidDataSource.java:2840] - create connection SQLException, url: jdbc:mysql://192.168.101.65:3306/xc402_content148?serverTimezone=UTC&userUnicode=true&useSSL=false&, errorCode 1049, state 42000
java.sql.SQLSyntaxErrorException: Unknown database 'xc402_content148'
	at com.mysql.cj.jdbc.exceptions.SQLError.createSQLException(SQLError.java:120)
	at com.mysql.cj.jdbc.exceptions.SQLExceptionsMapping.translateException(SQLExceptionsMapping.java:122)
	at com.mysql.cj.jdbc.ConnectionImpl.createNewIO(ConnectionImpl.java:828)
	at com.mysql.cj.jdbc.ConnectionImpl.<init>(ConnectionImpl.java:448)
	at com.mysql.cj.jdbc.ConnectionImpl.getInstance(ConnectionImpl.java:241)
	at com.mysql.cj.jdbc.NonRegisteringDriver.connect(NonRegisteringDriver.java:198)
	at com.alibaba.druid.pool.DruidAbstractDataSource.createPhysicalConnection(DruidAbstractDataSource.java:1657)
	at com.alibaba.druid.pool.DruidAbstractDataSource.createPhysicalConnection(DruidAbstractDataSource.java:1723)
	at com.alibaba.druid.pool.DruidDataSource$CreateConnectionThread.run(DruidDataSource.java:2838)
2024-11-11 22:51:46,635 ERROR [Druid-ConnectionPool-Create-302687243][DruidDataSource.java:2840] - create connection SQLException, url: jdbc:mysql://192.168.101.65:3306/xc402_content148?serverTimezone=UTC&userUnicode=true&useSSL=false&, errorCode 1049, state 42000
java.sql.SQLSyntaxErrorException: Unknown database 'xc402_content148'
	at com.mysql.cj.jdbc.exceptions.SQLError.createSQLException(SQLError.java:120)
	at com.mysql.cj.jdbc.exceptions.SQLExceptionsMapping.translateException(SQLExceptionsMapping.java:122)
	at com.mysql.cj.jdbc.ConnectionImpl.createNewIO(ConnectionImpl.java:828)
	at com.mysql.cj.jdbc.ConnectionImpl.<init>(ConnectionImpl.java:448)
	at com.mysql.cj.jdbc.ConnectionImpl.getInstance(ConnectionImpl.java:241)
	at com.mysql.cj.jdbc.NonRegisteringDriver.connect(NonRegisteringDriver.java:198)
	at com.alibaba.druid.pool.DruidAbstractDataSource.createPhysicalConnection(DruidAbstractDataSource.java:1657)
	at com.alibaba.druid.pool.DruidAbstractDataSource.createPhysicalConnection(DruidAbstractDataSource.java:1723)
	at com.alibaba.druid.pool.DruidDataSource$CreateConnectionThread.run(DruidDataSource.java:2838)
2024-11-11 22:51:47,158 ERROR [Druid-ConnectionPool-Create-302687243][DruidDataSource.java:2840] - create connection SQLException, url: jdbc:mysql://192.168.101.65:3306/xc402_content148?serverTimezone=UTC&userUnicode=true&useSSL=false&, errorCode 1049, state 42000
java.sql.SQLSyntaxErrorException: Unknown database 'xc402_content148'
	at com.mysql.cj.jdbc.exceptions.SQLError.createSQLException(SQLError.java:120)
	at com.mysql.cj.jdbc.exceptions.SQLExceptionsMapping.translateException(SQLExceptionsMapping.java:122)
	at com.mysql.cj.jdbc.ConnectionImpl.createNewIO(ConnectionImpl.java:828)
	at com.mysql.cj.jdbc.ConnectionImpl.<init>(ConnectionImpl.java:448)
	at com.mysql.cj.jdbc.ConnectionImpl.getInstance(ConnectionImpl.java:241)
	at com.mysql.cj.jdbc.NonRegisteringDriver.connect(NonRegisteringDriver.java:198)
	at com.alibaba.druid.pool.DruidAbstractDataSource.createPhysicalConnection(DruidAbstractDataSource.java:1657)
	at com.alibaba.druid.pool.DruidAbstractDataSource.createPhysicalConnection(DruidAbstractDataSource.java:1723)
	at com.alibaba.druid.pool.DruidDataSource$CreateConnectionThread.run(DruidDataSource.java:2838)
2024-11-11 22:51:47,669 ERROR [Druid-ConnectionPool-Create-302687243][DruidDataSource.java:2840] - create connection SQLException, url: jdbc:mysql://192.168.101.65:3306/xc402_content148?serverTimezone=UTC&userUnicode=true&useSSL=false&, errorCode 1049, state 42000
java.sql.SQLSyntaxErrorException: Unknown database 'xc402_content148'
	at com.mysql.cj.jdbc.exceptions.SQLError.createSQLException(SQLError.java:120)
	at com.mysql.cj.jdbc.exceptions.SQLExceptionsMapping.translateException(SQLExceptionsMapping.java:122)
	at com.mysql.cj.jdbc.ConnectionImpl.createNewIO(ConnectionImpl.java:828)
	at com.mysql.cj.jdbc.ConnectionImpl.<init>(ConnectionImpl.java:448)
	at com.mysql.cj.jdbc.ConnectionImpl.getInstance(ConnectionImpl.java:241)
	at com.mysql.cj.jdbc.NonRegisteringDriver.connect(NonRegisteringDriver.java:198)
	at com.alibaba.druid.pool.DruidAbstractDataSource.createPhysicalConnection(DruidAbstractDataSource.java:1657)
	at com.alibaba.druid.pool.DruidAbstractDataSource.createPhysicalConnection(DruidAbstractDataSource.java:1723)
	at com.alibaba.druid.pool.DruidDataSource$CreateConnectionThread.run(DruidDataSource.java:2838)
2024-11-11 22:51:48,189 ERROR [Druid-ConnectionPool-Create-302687243][DruidDataSource.java:2840] - create connection SQLException, url: jdbc:mysql://192.168.101.65:3306/xc402_content148?serverTimezone=UTC&userUnicode=true&useSSL=false&, errorCode 1049, state 42000
java.sql.SQLSyntaxErrorException: Unknown database 'xc402_content148'
	at com.mysql.cj.jdbc.exceptions.SQLError.createSQLException(SQLError.java:120)
	at com.mysql.cj.jdbc.exceptions.SQLExceptionsMapping.translateException(SQLExceptionsMapping.java:122)
	at com.mysql.cj.jdbc.ConnectionImpl.createNewIO(ConnectionImpl.java:828)
	at com.mysql.cj.jdbc.ConnectionImpl.<init>(ConnectionImpl.java:448)
	at com.mysql.cj.jdbc.ConnectionImpl.getInstance(ConnectionImpl.java:241)
	at com.mysql.cj.jdbc.NonRegisteringDriver.connect(NonRegisteringDriver.java:198)
	at com.alibaba.druid.pool.DruidAbstractDataSource.createPhysicalConnection(DruidAbstractDataSource.java:1657)
	at com.alibaba.druid.pool.DruidAbstractDataSource.createPhysicalConnection(DruidAbstractDataSource.java:1723)
	at com.alibaba.druid.pool.DruidDataSource$CreateConnectionThread.run(DruidDataSource.java:2838)
2024-11-11 22:51:48,712 ERROR [Druid-ConnectionPool-Create-302687243][DruidDataSource.java:2840] - create connection SQLException, url: jdbc:mysql://192.168.101.65:3306/xc402_content148?serverTimezone=UTC&userUnicode=true&useSSL=false&, errorCode 1049, state 42000
java.sql.SQLSyntaxErrorException: Unknown database 'xc402_content148'
	at com.mysql.cj.jdbc.exceptions.SQLError.createSQLException(SQLError.java:120)
	at com.mysql.cj.jdbc.exceptions.SQLExceptionsMapping.translateException(SQLExceptionsMapping.java:122)
	at com.mysql.cj.jdbc.ConnectionImpl.createNewIO(ConnectionImpl.java:828)
	at com.mysql.cj.jdbc.ConnectionImpl.<init>(ConnectionImpl.java:448)
	at com.mysql.cj.jdbc.ConnectionImpl.getInstance(ConnectionImpl.java:241)
	at com.mysql.cj.jdbc.NonRegisteringDriver.connect(NonRegisteringDriver.java:198)
	at com.alibaba.druid.pool.DruidAbstractDataSource.createPhysicalConnection(DruidAbstractDataSource.java:1657)
	at com.alibaba.druid.pool.DruidAbstractDataSource.createPhysicalConnection(DruidAbstractDataSource.java:1723)
	at com.alibaba.druid.pool.DruidDataSource$CreateConnectionThread.run(DruidDataSource.java:2838)
2024-11-11 22:51:49,236 ERROR [Druid-ConnectionPool-Create-302687243][DruidDataSource.java:2840] - create connection SQLException, url: jdbc:mysql://192.168.101.65:3306/xc402_content148?serverTimezone=UTC&userUnicode=true&useSSL=false&, errorCode 1049, state 42000
java.sql.SQLSyntaxErrorException: Unknown database 'xc402_content148'
	at com.mysql.cj.jdbc.exceptions.SQLError.createSQLException(SQLError.java:120)
	at com.mysql.cj.jdbc.exceptions.SQLExceptionsMapping.translateException(SQLExceptionsMapping.java:122)
	at com.mysql.cj.jdbc.ConnectionImpl.createNewIO(ConnectionImpl.java:828)
	at com.mysql.cj.jdbc.ConnectionImpl.<init>(ConnectionImpl.java:448)
	at com.mysql.cj.jdbc.ConnectionImpl.getInstance(ConnectionImpl.java:241)
	at com.mysql.cj.jdbc.NonRegisteringDriver.connect(NonRegisteringDriver.java:198)
	at com.alibaba.druid.pool.DruidAbstractDataSource.createPhysicalConnection(DruidAbstractDataSource.java:1657)
	at com.alibaba.druid.pool.DruidAbstractDataSource.createPhysicalConnection(DruidAbstractDataSource.java:1723)
	at com.alibaba.druid.pool.DruidDataSource$CreateConnectionThread.run(DruidDataSource.java:2838)
2024-11-11 22:51:49,744 ERROR [Druid-ConnectionPool-Create-302687243][DruidDataSource.java:2840] - create connection SQLException, url: jdbc:mysql://192.168.101.65:3306/xc402_content148?serverTimezone=UTC&userUnicode=true&useSSL=false&, errorCode 1049, state 42000
java.sql.SQLSyntaxErrorException: Unknown database 'xc402_content148'
	at com.mysql.cj.jdbc.exceptions.SQLError.createSQLException(SQLError.java:120)
	at com.mysql.cj.jdbc.exceptions.SQLExceptionsMapping.translateException(SQLExceptionsMapping.java:122)
	at com.mysql.cj.jdbc.ConnectionImpl.createNewIO(ConnectionImpl.java:828)
	at com.mysql.cj.jdbc.ConnectionImpl.<init>(ConnectionImpl.java:448)
	at com.mysql.cj.jdbc.ConnectionImpl.getInstance(ConnectionImpl.java:241)
	at com.mysql.cj.jdbc.NonRegisteringDriver.connect(NonRegisteringDriver.java:198)
	at com.alibaba.druid.pool.DruidAbstractDataSource.createPhysicalConnection(DruidAbstractDataSource.java:1657)
	at com.alibaba.druid.pool.DruidAbstractDataSource.createPhysicalConnection(DruidAbstractDataSource.java:1723)
	at com.alibaba.druid.pool.DruidDataSource$CreateConnectionThread.run(DruidDataSource.java:2838)
2024-11-11 22:51:50,258 ERROR [Druid-ConnectionPool-Create-302687243][DruidDataSource.java:2840] - create connection SQLException, url: jdbc:mysql://192.168.101.65:3306/xc402_content148?serverTimezone=UTC&userUnicode=true&useSSL=false&, errorCode 1049, state 42000
java.sql.SQLSyntaxErrorException: Unknown database 'xc402_content148'
	at com.mysql.cj.jdbc.exceptions.SQLError.createSQLException(SQLError.java:120)
	at com.mysql.cj.jdbc.exceptions.SQLExceptionsMapping.translateException(SQLExceptionsMapping.java:122)
	at com.mysql.cj.jdbc.ConnectionImpl.createNewIO(ConnectionImpl.java:828)
	at com.mysql.cj.jdbc.ConnectionImpl.<init>(ConnectionImpl.java:448)
	at com.mysql.cj.jdbc.ConnectionImpl.getInstance(ConnectionImpl.java:241)
	at com.mysql.cj.jdbc.NonRegisteringDriver.connect(NonRegisteringDriver.java:198)
	at com.alibaba.druid.pool.DruidAbstractDataSource.createPhysicalConnection(DruidAbstractDataSource.java:1657)
	at com.alibaba.druid.pool.DruidAbstractDataSource.createPhysicalConnection(DruidAbstractDataSource.java:1723)
	at com.alibaba.druid.pool.DruidDataSource$CreateConnectionThread.run(DruidDataSource.java:2838)
2024-11-11 22:51:50,772 ERROR [Druid-ConnectionPool-Create-302687243][DruidDataSource.java:2840] - create connection SQLException, url: jdbc:mysql://192.168.101.65:3306/xc402_content148?serverTimezone=UTC&userUnicode=true&useSSL=false&, errorCode 1049, state 42000
java.sql.SQLSyntaxErrorException: Unknown database 'xc402_content148'
	at com.mysql.cj.jdbc.exceptions.SQLError.createSQLException(SQLError.java:120)
	at com.mysql.cj.jdbc.exceptions.SQLExceptionsMapping.translateException(SQLExceptionsMapping.java:122)
	at com.mysql.cj.jdbc.ConnectionImpl.createNewIO(ConnectionImpl.java:828)
	at com.mysql.cj.jdbc.ConnectionImpl.<init>(ConnectionImpl.java:448)
	at com.mysql.cj.jdbc.ConnectionImpl.getInstance(ConnectionImpl.java:241)
	at com.mysql.cj.jdbc.NonRegisteringDriver.connect(NonRegisteringDriver.java:198)
	at com.alibaba.druid.pool.DruidAbstractDataSource.createPhysicalConnection(DruidAbstractDataSource.java:1657)
	at com.alibaba.druid.pool.DruidAbstractDataSource.createPhysicalConnection(DruidAbstractDataSource.java:1723)
	at com.alibaba.druid.pool.DruidDataSource$CreateConnectionThread.run(DruidDataSource.java:2838)
2024-11-11 22:51:51,297 ERROR [Druid-ConnectionPool-Create-302687243][DruidDataSource.java:2840] - create connection SQLException, url: jdbc:mysql://192.168.101.65:3306/xc402_content148?serverTimezone=UTC&userUnicode=true&useSSL=false&, errorCode 1049, state 42000
java.sql.SQLSyntaxErrorException: Unknown database 'xc402_content148'
	at com.mysql.cj.jdbc.exceptions.SQLError.createSQLException(SQLError.java:120)
	at com.mysql.cj.jdbc.exceptions.SQLExceptionsMapping.translateException(SQLExceptionsMapping.java:122)
	at com.mysql.cj.jdbc.ConnectionImpl.createNewIO(ConnectionImpl.java:828)
	at com.mysql.cj.jdbc.ConnectionImpl.<init>(ConnectionImpl.java:448)
	at com.mysql.cj.jdbc.ConnectionImpl.getInstance(ConnectionImpl.java:241)
	at com.mysql.cj.jdbc.NonRegisteringDriver.connect(NonRegisteringDriver.java:198)
	at com.alibaba.druid.pool.DruidAbstractDataSource.createPhysicalConnection(DruidAbstractDataSource.java:1657)
	at com.alibaba.druid.pool.DruidAbstractDataSource.createPhysicalConnection(DruidAbstractDataSource.java:1723)
	at com.alibaba.druid.pool.DruidDataSource$CreateConnectionThread.run(DruidDataSource.java:2838)
2024-11-11 22:51:51,809 ERROR [Druid-ConnectionPool-Create-302687243][DruidDataSource.java:2840] - create connection SQLException, url: jdbc:mysql://192.168.101.65:3306/xc402_content148?serverTimezone=UTC&userUnicode=true&useSSL=false&, errorCode 1049, state 42000
java.sql.SQLSyntaxErrorException: Unknown database 'xc402_content148'
	at com.mysql.cj.jdbc.exceptions.SQLError.createSQLException(SQLError.java:120)
	at com.mysql.cj.jdbc.exceptions.SQLExceptionsMapping.translateException(SQLExceptionsMapping.java:122)
	at com.mysql.cj.jdbc.ConnectionImpl.createNewIO(ConnectionImpl.java:828)
	at com.mysql.cj.jdbc.ConnectionImpl.<init>(ConnectionImpl.java:448)
	at com.mysql.cj.jdbc.ConnectionImpl.getInstance(ConnectionImpl.java:241)
	at com.mysql.cj.jdbc.NonRegisteringDriver.connect(NonRegisteringDriver.java:198)
	at com.alibaba.druid.pool.DruidAbstractDataSource.createPhysicalConnection(DruidAbstractDataSource.java:1657)
	at com.alibaba.druid.pool.DruidAbstractDataSource.createPhysicalConnection(DruidAbstractDataSource.java:1723)
	at com.alibaba.druid.pool.DruidDataSource$CreateConnectionThread.run(DruidDataSource.java:2838)
2024-11-11 22:51:52,339 ERROR [Druid-ConnectionPool-Create-302687243][DruidDataSource.java:2840] - create connection SQLException, url: jdbc:mysql://192.168.101.65:3306/xc402_content148?serverTimezone=UTC&userUnicode=true&useSSL=false&, errorCode 1049, state 42000
java.sql.SQLSyntaxErrorException: Unknown database 'xc402_content148'
	at com.mysql.cj.jdbc.exceptions.SQLError.createSQLException(SQLError.java:120)
	at com.mysql.cj.jdbc.exceptions.SQLExceptionsMapping.translateException(SQLExceptionsMapping.java:122)
	at com.mysql.cj.jdbc.ConnectionImpl.createNewIO(ConnectionImpl.java:828)
	at com.mysql.cj.jdbc.ConnectionImpl.<init>(ConnectionImpl.java:448)
	at com.mysql.cj.jdbc.ConnectionImpl.getInstance(ConnectionImpl.java:241)
	at com.mysql.cj.jdbc.NonRegisteringDriver.connect(NonRegisteringDriver.java:198)
	at com.alibaba.druid.pool.DruidAbstractDataSource.createPhysicalConnection(DruidAbstractDataSource.java:1657)
	at com.alibaba.druid.pool.DruidAbstractDataSource.createPhysicalConnection(DruidAbstractDataSource.java:1723)
	at com.alibaba.druid.pool.DruidDataSource$CreateConnectionThread.run(DruidDataSource.java:2838)
2024-11-11 22:51:52,862 ERROR [Druid-ConnectionPool-Create-302687243][DruidDataSource.java:2840] - create connection SQLException, url: jdbc:mysql://192.168.101.65:3306/xc402_content148?serverTimezone=UTC&userUnicode=true&useSSL=false&, errorCode 1049, state 42000
java.sql.SQLSyntaxErrorException: Unknown database 'xc402_content148'
	at com.mysql.cj.jdbc.exceptions.SQLError.createSQLException(SQLError.java:120)
	at com.mysql.cj.jdbc.exceptions.SQLExceptionsMapping.translateException(SQLExceptionsMapping.java:122)
	at com.mysql.cj.jdbc.ConnectionImpl.createNewIO(ConnectionImpl.java:828)
	at com.mysql.cj.jdbc.ConnectionImpl.<init>(ConnectionImpl.java:448)
	at com.mysql.cj.jdbc.ConnectionImpl.getInstance(ConnectionImpl.java:241)
	at com.mysql.cj.jdbc.NonRegisteringDriver.connect(NonRegisteringDriver.java:198)
	at com.alibaba.druid.pool.DruidAbstractDataSource.createPhysicalConnection(DruidAbstractDataSource.java:1657)
	at com.alibaba.druid.pool.DruidAbstractDataSource.createPhysicalConnection(DruidAbstractDataSource.java:1723)
	at com.alibaba.druid.pool.DruidDataSource$CreateConnectionThread.run(DruidDataSource.java:2838)
2024-11-11 22:51:53,385 ERROR [Druid-ConnectionPool-Create-302687243][DruidDataSource.java:2840] - create connection SQLException, url: jdbc:mysql://192.168.101.65:3306/xc402_content148?serverTimezone=UTC&userUnicode=true&useSSL=false&, errorCode 1049, state 42000
java.sql.SQLSyntaxErrorException: Unknown database 'xc402_content148'
	at com.mysql.cj.jdbc.exceptions.SQLError.createSQLException(SQLError.java:120)
	at com.mysql.cj.jdbc.exceptions.SQLExceptionsMapping.translateException(SQLExceptionsMapping.java:122)
	at com.mysql.cj.jdbc.ConnectionImpl.createNewIO(ConnectionImpl.java:828)
	at com.mysql.cj.jdbc.ConnectionImpl.<init>(ConnectionImpl.java:448)
	at com.mysql.cj.jdbc.ConnectionImpl.getInstance(ConnectionImpl.java:241)
	at com.mysql.cj.jdbc.NonRegisteringDriver.connect(NonRegisteringDriver.java:198)
	at com.alibaba.druid.pool.DruidAbstractDataSource.createPhysicalConnection(DruidAbstractDataSource.java:1657)
	at com.alibaba.druid.pool.DruidAbstractDataSource.createPhysicalConnection(DruidAbstractDataSource.java:1723)
	at com.alibaba.druid.pool.DruidDataSource$CreateConnectionThread.run(DruidDataSource.java:2838)
2024-11-11 22:51:53,899 ERROR [Druid-ConnectionPool-Create-302687243][DruidDataSource.java:2840] - create connection SQLException, url: jdbc:mysql://192.168.101.65:3306/xc402_content148?serverTimezone=UTC&userUnicode=true&useSSL=false&, errorCode 1049, state 42000
java.sql.SQLSyntaxErrorException: Unknown database 'xc402_content148'
	at com.mysql.cj.jdbc.exceptions.SQLError.createSQLException(SQLError.java:120)
	at com.mysql.cj.jdbc.exceptions.SQLExceptionsMapping.translateException(SQLExceptionsMapping.java:122)
	at com.mysql.cj.jdbc.ConnectionImpl.createNewIO(ConnectionImpl.java:828)
	at com.mysql.cj.jdbc.ConnectionImpl.<init>(ConnectionImpl.java:448)
	at com.mysql.cj.jdbc.ConnectionImpl.getInstance(ConnectionImpl.java:241)
	at com.mysql.cj.jdbc.NonRegisteringDriver.connect(NonRegisteringDriver.java:198)
	at com.alibaba.druid.pool.DruidAbstractDataSource.createPhysicalConnection(DruidAbstractDataSource.java:1657)
	at com.alibaba.druid.pool.DruidAbstractDataSource.createPhysicalConnection(DruidAbstractDataSource.java:1723)
	at com.alibaba.druid.pool.DruidDataSource$CreateConnectionThread.run(DruidDataSource.java:2838)
2024-11-11 22:51:54,412 ERROR [Druid-ConnectionPool-Create-302687243][DruidDataSource.java:2840] - create connection SQLException, url: jdbc:mysql://192.168.101.65:3306/xc402_content148?serverTimezone=UTC&userUnicode=true&useSSL=false&, errorCode 1049, state 42000
java.sql.SQLSyntaxErrorException: Unknown database 'xc402_content148'
	at com.mysql.cj.jdbc.exceptions.SQLError.createSQLException(SQLError.java:120)
	at com.mysql.cj.jdbc.exceptions.SQLExceptionsMapping.translateException(SQLExceptionsMapping.java:122)
	at com.mysql.cj.jdbc.ConnectionImpl.createNewIO(ConnectionImpl.java:828)
	at com.mysql.cj.jdbc.ConnectionImpl.<init>(ConnectionImpl.java:448)
	at com.mysql.cj.jdbc.ConnectionImpl.getInstance(ConnectionImpl.java:241)
	at com.mysql.cj.jdbc.NonRegisteringDriver.connect(NonRegisteringDriver.java:198)
	at com.alibaba.druid.pool.DruidAbstractDataSource.createPhysicalConnection(DruidAbstractDataSource.java:1657)
	at com.alibaba.druid.pool.DruidAbstractDataSource.createPhysicalConnection(DruidAbstractDataSource.java:1723)
	at com.alibaba.druid.pool.DruidDataSource$CreateConnectionThread.run(DruidDataSource.java:2838)
2024-11-11 22:51:54,946 ERROR [Druid-ConnectionPool-Create-302687243][DruidDataSource.java:2840] - create connection SQLException, url: jdbc:mysql://192.168.101.65:3306/xc402_content148?serverTimezone=UTC&userUnicode=true&useSSL=false&, errorCode 1049, state 42000
java.sql.SQLSyntaxErrorException: Unknown database 'xc402_content148'
	at com.mysql.cj.jdbc.exceptions.SQLError.createSQLException(SQLError.java:120)
	at com.mysql.cj.jdbc.exceptions.SQLExceptionsMapping.translateException(SQLExceptionsMapping.java:122)
	at com.mysql.cj.jdbc.ConnectionImpl.createNewIO(ConnectionImpl.java:828)
	at com.mysql.cj.jdbc.ConnectionImpl.<init>(ConnectionImpl.java:448)
	at com.mysql.cj.jdbc.ConnectionImpl.getInstance(ConnectionImpl.java:241)
	at com.mysql.cj.jdbc.NonRegisteringDriver.connect(NonRegisteringDriver.java:198)
	at com.alibaba.druid.pool.DruidAbstractDataSource.createPhysicalConnection(DruidAbstractDataSource.java:1657)
	at com.alibaba.druid.pool.DruidAbstractDataSource.createPhysicalConnection(DruidAbstractDataSource.java:1723)
	at com.alibaba.druid.pool.DruidDataSource$CreateConnectionThread.run(DruidDataSource.java:2838)
2024-11-11 22:51:55,472 ERROR [Druid-ConnectionPool-Create-302687243][DruidDataSource.java:2840] - create connection SQLException, url: jdbc:mysql://192.168.101.65:3306/xc402_content148?serverTimezone=UTC&userUnicode=true&useSSL=false&, errorCode 1049, state 42000
java.sql.SQLSyntaxErrorException: Unknown database 'xc402_content148'
	at com.mysql.cj.jdbc.exceptions.SQLError.createSQLException(SQLError.java:120)
	at com.mysql.cj.jdbc.exceptions.SQLExceptionsMapping.translateException(SQLExceptionsMapping.java:122)
	at com.mysql.cj.jdbc.ConnectionImpl.createNewIO(ConnectionImpl.java:828)
	at com.mysql.cj.jdbc.ConnectionImpl.<init>(ConnectionImpl.java:448)
	at com.mysql.cj.jdbc.ConnectionImpl.getInstance(ConnectionImpl.java:241)
	at com.mysql.cj.jdbc.NonRegisteringDriver.connect(NonRegisteringDriver.java:198)
	at com.alibaba.druid.pool.DruidAbstractDataSource.createPhysicalConnection(DruidAbstractDataSource.java:1657)
	at com.alibaba.druid.pool.DruidAbstractDataSource.createPhysicalConnection(DruidAbstractDataSource.java:1723)
	at com.alibaba.druid.pool.DruidDataSource$CreateConnectionThread.run(DruidDataSource.java:2838)
2024-11-11 22:51:55,987 ERROR [Druid-ConnectionPool-Create-302687243][DruidDataSource.java:2840] - create connection SQLException, url: jdbc:mysql://192.168.101.65:3306/xc402_content148?serverTimezone=UTC&userUnicode=true&useSSL=false&, errorCode 1049, state 42000
java.sql.SQLSyntaxErrorException: Unknown database 'xc402_content148'
	at com.mysql.cj.jdbc.exceptions.SQLError.createSQLException(SQLError.java:120)
	at com.mysql.cj.jdbc.exceptions.SQLExceptionsMapping.translateException(SQLExceptionsMapping.java:122)
	at com.mysql.cj.jdbc.ConnectionImpl.createNewIO(ConnectionImpl.java:828)
	at com.mysql.cj.jdbc.ConnectionImpl.<init>(ConnectionImpl.java:448)
	at com.mysql.cj.jdbc.ConnectionImpl.getInstance(ConnectionImpl.java:241)
	at com.mysql.cj.jdbc.NonRegisteringDriver.connect(NonRegisteringDriver.java:198)
	at com.alibaba.druid.pool.DruidAbstractDataSource.createPhysicalConnection(DruidAbstractDataSource.java:1657)
	at com.alibaba.druid.pool.DruidAbstractDataSource.createPhysicalConnection(DruidAbstractDataSource.java:1723)
	at com.alibaba.druid.pool.DruidDataSource$CreateConnectionThread.run(DruidDataSource.java:2838)
2024-11-11 22:51:56,511 ERROR [Druid-ConnectionPool-Create-302687243][DruidDataSource.java:2840] - create connection SQLException, url: jdbc:mysql://192.168.101.65:3306/xc402_content148?serverTimezone=UTC&userUnicode=true&useSSL=false&, errorCode 1049, state 42000
java.sql.SQLSyntaxErrorException: Unknown database 'xc402_content148'
	at com.mysql.cj.jdbc.exceptions.SQLError.createSQLException(SQLError.java:120)
	at com.mysql.cj.jdbc.exceptions.SQLExceptionsMapping.translateException(SQLExceptionsMapping.java:122)
	at com.mysql.cj.jdbc.ConnectionImpl.createNewIO(ConnectionImpl.java:828)
	at com.mysql.cj.jdbc.ConnectionImpl.<init>(ConnectionImpl.java:448)
	at com.mysql.cj.jdbc.ConnectionImpl.getInstance(ConnectionImpl.java:241)
	at com.mysql.cj.jdbc.NonRegisteringDriver.connect(NonRegisteringDriver.java:198)
	at com.alibaba.druid.pool.DruidAbstractDataSource.createPhysicalConnection(DruidAbstractDataSource.java:1657)
	at com.alibaba.druid.pool.DruidAbstractDataSource.createPhysicalConnection(DruidAbstractDataSource.java:1723)
	at com.alibaba.druid.pool.DruidDataSource$CreateConnectionThread.run(DruidDataSource.java:2838)
2024-11-11 22:51:57,023 ERROR [Druid-ConnectionPool-Create-302687243][DruidDataSource.java:2840] - create connection SQLException, url: jdbc:mysql://192.168.101.65:3306/xc402_content148?serverTimezone=UTC&userUnicode=true&useSSL=false&, errorCode 1049, state 42000
java.sql.SQLSyntaxErrorException: Unknown database 'xc402_content148'
	at com.mysql.cj.jdbc.exceptions.SQLError.createSQLException(SQLError.java:120)
	at com.mysql.cj.jdbc.exceptions.SQLExceptionsMapping.translateException(SQLExceptionsMapping.java:122)
	at com.mysql.cj.jdbc.ConnectionImpl.createNewIO(ConnectionImpl.java:828)
	at com.mysql.cj.jdbc.ConnectionImpl.<init>(ConnectionImpl.java:448)
	at com.mysql.cj.jdbc.ConnectionImpl.getInstance(ConnectionImpl.java:241)
	at com.mysql.cj.jdbc.NonRegisteringDriver.connect(NonRegisteringDriver.java:198)
	at com.alibaba.druid.pool.DruidAbstractDataSource.createPhysicalConnection(DruidAbstractDataSource.java:1657)
	at com.alibaba.druid.pool.DruidAbstractDataSource.createPhysicalConnection(DruidAbstractDataSource.java:1723)
	at com.alibaba.druid.pool.DruidDataSource$CreateConnectionThread.run(DruidDataSource.java:2838)
2024-11-11 22:51:57,544 ERROR [Druid-ConnectionPool-Create-302687243][DruidDataSource.java:2840] - create connection SQLException, url: jdbc:mysql://192.168.101.65:3306/xc402_content148?serverTimezone=UTC&userUnicode=true&useSSL=false&, errorCode 1049, state 42000
java.sql.SQLSyntaxErrorException: Unknown database 'xc402_content148'
	at com.mysql.cj.jdbc.exceptions.SQLError.createSQLException(SQLError.java:120)
	at com.mysql.cj.jdbc.exceptions.SQLExceptionsMapping.translateException(SQLExceptionsMapping.java:122)
	at com.mysql.cj.jdbc.ConnectionImpl.createNewIO(ConnectionImpl.java:828)
	at com.mysql.cj.jdbc.ConnectionImpl.<init>(ConnectionImpl.java:448)
	at com.mysql.cj.jdbc.ConnectionImpl.getInstance(ConnectionImpl.java:241)
	at com.mysql.cj.jdbc.NonRegisteringDriver.connect(NonRegisteringDriver.java:198)
	at com.alibaba.druid.pool.DruidAbstractDataSource.createPhysicalConnection(DruidAbstractDataSource.java:1657)
	at com.alibaba.druid.pool.DruidAbstractDataSource.createPhysicalConnection(DruidAbstractDataSource.java:1723)
	at com.alibaba.druid.pool.DruidDataSource$CreateConnectionThread.run(DruidDataSource.java:2838)
2024-11-11 22:51:58,067 ERROR [Druid-ConnectionPool-Create-302687243][DruidDataSource.java:2840] - create connection SQLException, url: jdbc:mysql://192.168.101.65:3306/xc402_content148?serverTimezone=UTC&userUnicode=true&useSSL=false&, errorCode 1049, state 42000
java.sql.SQLSyntaxErrorException: Unknown database 'xc402_content148'
	at com.mysql.cj.jdbc.exceptions.SQLError.createSQLException(SQLError.java:120)
	at com.mysql.cj.jdbc.exceptions.SQLExceptionsMapping.translateException(SQLExceptionsMapping.java:122)
	at com.mysql.cj.jdbc.ConnectionImpl.createNewIO(ConnectionImpl.java:828)
	at com.mysql.cj.jdbc.ConnectionImpl.<init>(ConnectionImpl.java:448)
	at com.mysql.cj.jdbc.ConnectionImpl.getInstance(ConnectionImpl.java:241)
	at com.mysql.cj.jdbc.NonRegisteringDriver.connect(NonRegisteringDriver.java:198)
	at com.alibaba.druid.pool.DruidAbstractDataSource.createPhysicalConnection(DruidAbstractDataSource.java:1657)
	at com.alibaba.druid.pool.DruidAbstractDataSource.createPhysicalConnection(DruidAbstractDataSource.java:1723)
	at com.alibaba.druid.pool.DruidDataSource$CreateConnectionThread.run(DruidDataSource.java:2838)
2024-11-11 22:51:58,588 ERROR [Druid-ConnectionPool-Create-302687243][DruidDataSource.java:2840] - create connection SQLException, url: jdbc:mysql://192.168.101.65:3306/xc402_content148?serverTimezone=UTC&userUnicode=true&useSSL=false&, errorCode 1049, state 42000
java.sql.SQLSyntaxErrorException: Unknown database 'xc402_content148'
	at com.mysql.cj.jdbc.exceptions.SQLError.createSQLException(SQLError.java:120)
	at com.mysql.cj.jdbc.exceptions.SQLExceptionsMapping.translateException(SQLExceptionsMapping.java:122)
	at com.mysql.cj.jdbc.ConnectionImpl.createNewIO(ConnectionImpl.java:828)
	at com.mysql.cj.jdbc.ConnectionImpl.<init>(ConnectionImpl.java:448)
	at com.mysql.cj.jdbc.ConnectionImpl.getInstance(ConnectionImpl.java:241)
	at com.mysql.cj.jdbc.NonRegisteringDriver.connect(NonRegisteringDriver.java:198)
	at com.alibaba.druid.pool.DruidAbstractDataSource.createPhysicalConnection(DruidAbstractDataSource.java:1657)
	at com.alibaba.druid.pool.DruidAbstractDataSource.createPhysicalConnection(DruidAbstractDataSource.java:1723)
	at com.alibaba.druid.pool.DruidDataSource$CreateConnectionThread.run(DruidDataSource.java:2838)
2024-11-11 22:51:59,107 ERROR [Druid-ConnectionPool-Create-302687243][DruidDataSource.java:2840] - create connection SQLException, url: jdbc:mysql://192.168.101.65:3306/xc402_content148?serverTimezone=UTC&userUnicode=true&useSSL=false&, errorCode 1049, state 42000
java.sql.SQLSyntaxErrorException: Unknown database 'xc402_content148'
	at com.mysql.cj.jdbc.exceptions.SQLError.createSQLException(SQLError.java:120)
	at com.mysql.cj.jdbc.exceptions.SQLExceptionsMapping.translateException(SQLExceptionsMapping.java:122)
	at com.mysql.cj.jdbc.ConnectionImpl.createNewIO(ConnectionImpl.java:828)
	at com.mysql.cj.jdbc.ConnectionImpl.<init>(ConnectionImpl.java:448)
	at com.mysql.cj.jdbc.ConnectionImpl.getInstance(ConnectionImpl.java:241)
	at com.mysql.cj.jdbc.NonRegisteringDriver.connect(NonRegisteringDriver.java:198)
	at com.alibaba.druid.pool.DruidAbstractDataSource.createPhysicalConnection(DruidAbstractDataSource.java:1657)
	at com.alibaba.druid.pool.DruidAbstractDataSource.createPhysicalConnection(DruidAbstractDataSource.java:1723)
	at com.alibaba.druid.pool.DruidDataSource$CreateConnectionThread.run(DruidDataSource.java:2838)
2024-11-11 22:51:59,624 ERROR [Druid-ConnectionPool-Create-302687243][DruidDataSource.java:2840] - create connection SQLException, url: jdbc:mysql://192.168.101.65:3306/xc402_content148?serverTimezone=UTC&userUnicode=true&useSSL=false&, errorCode 1049, state 42000
java.sql.SQLSyntaxErrorException: Unknown database 'xc402_content148'
	at com.mysql.cj.jdbc.exceptions.SQLError.createSQLException(SQLError.java:120)
	at com.mysql.cj.jdbc.exceptions.SQLExceptionsMapping.translateException(SQLExceptionsMapping.java:122)
	at com.mysql.cj.jdbc.ConnectionImpl.createNewIO(ConnectionImpl.java:828)
	at com.mysql.cj.jdbc.ConnectionImpl.<init>(ConnectionImpl.java:448)
	at com.mysql.cj.jdbc.ConnectionImpl.getInstance(ConnectionImpl.java:241)
	at com.mysql.cj.jdbc.NonRegisteringDriver.connect(NonRegisteringDriver.java:198)
	at com.alibaba.druid.pool.DruidAbstractDataSource.createPhysicalConnection(DruidAbstractDataSource.java:1657)
	at com.alibaba.druid.pool.DruidAbstractDataSource.createPhysicalConnection(DruidAbstractDataSource.java:1723)
	at com.alibaba.druid.pool.DruidDataSource$CreateConnectionThread.run(DruidDataSource.java:2838)
2024-11-11 22:52:00,142 ERROR [Druid-ConnectionPool-Create-302687243][DruidDataSource.java:2840] - create connection SQLException, url: jdbc:mysql://192.168.101.65:3306/xc402_content148?serverTimezone=UTC&userUnicode=true&useSSL=false&, errorCode 1049, state 42000
java.sql.SQLSyntaxErrorException: Unknown database 'xc402_content148'
	at com.mysql.cj.jdbc.exceptions.SQLError.createSQLException(SQLError.java:120)
	at com.mysql.cj.jdbc.exceptions.SQLExceptionsMapping.translateException(SQLExceptionsMapping.java:122)
	at com.mysql.cj.jdbc.ConnectionImpl.createNewIO(ConnectionImpl.java:828)
	at com.mysql.cj.jdbc.ConnectionImpl.<init>(ConnectionImpl.java:448)
	at com.mysql.cj.jdbc.ConnectionImpl.getInstance(ConnectionImpl.java:241)
	at com.mysql.cj.jdbc.NonRegisteringDriver.connect(NonRegisteringDriver.java:198)
	at com.alibaba.druid.pool.DruidAbstractDataSource.createPhysicalConnection(DruidAbstractDataSource.java:1657)
	at com.alibaba.druid.pool.DruidAbstractDataSource.createPhysicalConnection(DruidAbstractDataSource.java:1723)
	at com.alibaba.druid.pool.DruidDataSource$CreateConnectionThread.run(DruidDataSource.java:2838)
2024-11-11 22:52:00,665 ERROR [Druid-ConnectionPool-Create-302687243][DruidDataSource.java:2840] - create connection SQLException, url: jdbc:mysql://192.168.101.65:3306/xc402_content148?serverTimezone=UTC&userUnicode=true&useSSL=false&, errorCode 1049, state 42000
java.sql.SQLSyntaxErrorException: Unknown database 'xc402_content148'
	at com.mysql.cj.jdbc.exceptions.SQLError.createSQLException(SQLError.java:120)
	at com.mysql.cj.jdbc.exceptions.SQLExceptionsMapping.translateException(SQLExceptionsMapping.java:122)
	at com.mysql.cj.jdbc.ConnectionImpl.createNewIO(ConnectionImpl.java:828)
	at com.mysql.cj.jdbc.ConnectionImpl.<init>(ConnectionImpl.java:448)
	at com.mysql.cj.jdbc.ConnectionImpl.getInstance(ConnectionImpl.java:241)
	at com.mysql.cj.jdbc.NonRegisteringDriver.connect(NonRegisteringDriver.java:198)
	at com.alibaba.druid.pool.DruidAbstractDataSource.createPhysicalConnection(DruidAbstractDataSource.java:1657)
	at com.alibaba.druid.pool.DruidAbstractDataSource.createPhysicalConnection(DruidAbstractDataSource.java:1723)
	at com.alibaba.druid.pool.DruidDataSource$CreateConnectionThread.run(DruidDataSource.java:2838)
2024-11-11 22:52:01,181 ERROR [Druid-ConnectionPool-Create-302687243][DruidDataSource.java:2840] - create connection SQLException, url: jdbc:mysql://192.168.101.65:3306/xc402_content148?serverTimezone=UTC&userUnicode=true&useSSL=false&, errorCode 1049, state 42000
java.sql.SQLSyntaxErrorException: Unknown database 'xc402_content148'
	at com.mysql.cj.jdbc.exceptions.SQLError.createSQLException(SQLError.java:120)
	at com.mysql.cj.jdbc.exceptions.SQLExceptionsMapping.translateException(SQLExceptionsMapping.java:122)
	at com.mysql.cj.jdbc.ConnectionImpl.createNewIO(ConnectionImpl.java:828)
	at com.mysql.cj.jdbc.ConnectionImpl.<init>(ConnectionImpl.java:448)
	at com.mysql.cj.jdbc.ConnectionImpl.getInstance(ConnectionImpl.java:241)
	at com.mysql.cj.jdbc.NonRegisteringDriver.connect(NonRegisteringDriver.java:198)
	at com.alibaba.druid.pool.DruidAbstractDataSource.createPhysicalConnection(DruidAbstractDataSource.java:1657)
	at com.alibaba.druid.pool.DruidAbstractDataSource.createPhysicalConnection(DruidAbstractDataSource.java:1723)
	at com.alibaba.druid.pool.DruidDataSource$CreateConnectionThread.run(DruidDataSource.java:2838)
2024-11-11 22:52:01,703 ERROR [Druid-ConnectionPool-Create-302687243][DruidDataSource.java:2840] - create connection SQLException, url: jdbc:mysql://192.168.101.65:3306/xc402_content148?serverTimezone=UTC&userUnicode=true&useSSL=false&, errorCode 1049, state 42000
java.sql.SQLSyntaxErrorException: Unknown database 'xc402_content148'
	at com.mysql.cj.jdbc.exceptions.SQLError.createSQLException(SQLError.java:120)
	at com.mysql.cj.jdbc.exceptions.SQLExceptionsMapping.translateException(SQLExceptionsMapping.java:122)
	at com.mysql.cj.jdbc.ConnectionImpl.createNewIO(ConnectionImpl.java:828)
	at com.mysql.cj.jdbc.ConnectionImpl.<init>(ConnectionImpl.java:448)
	at com.mysql.cj.jdbc.ConnectionImpl.getInstance(ConnectionImpl.java:241)
	at com.mysql.cj.jdbc.NonRegisteringDriver.connect(NonRegisteringDriver.java:198)
	at com.alibaba.druid.pool.DruidAbstractDataSource.createPhysicalConnection(DruidAbstractDataSource.java:1657)
	at com.alibaba.druid.pool.DruidAbstractDataSource.createPhysicalConnection(DruidAbstractDataSource.java:1723)
	at com.alibaba.druid.pool.DruidDataSource$CreateConnectionThread.run(DruidDataSource.java:2838)
2024-11-11 22:52:02,223 ERROR [Druid-ConnectionPool-Create-302687243][DruidDataSource.java:2840] - create connection SQLException, url: jdbc:mysql://192.168.101.65:3306/xc402_content148?serverTimezone=UTC&userUnicode=true&useSSL=false&, errorCode 1049, state 42000
java.sql.SQLSyntaxErrorException: Unknown database 'xc402_content148'
	at com.mysql.cj.jdbc.exceptions.SQLError.createSQLException(SQLError.java:120)
	at com.mysql.cj.jdbc.exceptions.SQLExceptionsMapping.translateException(SQLExceptionsMapping.java:122)
	at com.mysql.cj.jdbc.ConnectionImpl.createNewIO(ConnectionImpl.java:828)
	at com.mysql.cj.jdbc.ConnectionImpl.<init>(ConnectionImpl.java:448)
	at com.mysql.cj.jdbc.ConnectionImpl.getInstance(ConnectionImpl.java:241)
	at com.mysql.cj.jdbc.NonRegisteringDriver.connect(NonRegisteringDriver.java:198)
	at com.alibaba.druid.pool.DruidAbstractDataSource.createPhysicalConnection(DruidAbstractDataSource.java:1657)
	at com.alibaba.druid.pool.DruidAbstractDataSource.createPhysicalConnection(DruidAbstractDataSource.java:1723)
	at com.alibaba.druid.pool.DruidDataSource$CreateConnectionThread.run(DruidDataSource.java:2838)
2024-11-11 22:52:02,751 ERROR [Druid-ConnectionPool-Create-302687243][DruidDataSource.java:2840] - create connection SQLException, url: jdbc:mysql://192.168.101.65:3306/xc402_content148?serverTimezone=UTC&userUnicode=true&useSSL=false&, errorCode 1049, state 42000
java.sql.SQLSyntaxErrorException: Unknown database 'xc402_content148'
	at com.mysql.cj.jdbc.exceptions.SQLError.createSQLException(SQLError.java:120)
	at com.mysql.cj.jdbc.exceptions.SQLExceptionsMapping.translateException(SQLExceptionsMapping.java:122)
	at com.mysql.cj.jdbc.ConnectionImpl.createNewIO(ConnectionImpl.java:828)
	at com.mysql.cj.jdbc.ConnectionImpl.<init>(ConnectionImpl.java:448)
	at com.mysql.cj.jdbc.ConnectionImpl.getInstance(ConnectionImpl.java:241)
	at com.mysql.cj.jdbc.NonRegisteringDriver.connect(NonRegisteringDriver.java:198)
	at com.alibaba.druid.pool.DruidAbstractDataSource.createPhysicalConnection(DruidAbstractDataSource.java:1657)
	at com.alibaba.druid.pool.DruidAbstractDataSource.createPhysicalConnection(DruidAbstractDataSource.java:1723)
	at com.alibaba.druid.pool.DruidDataSource$CreateConnectionThread.run(DruidDataSource.java:2838)
2024-11-11 22:52:03,273 ERROR [Druid-ConnectionPool-Create-302687243][DruidDataSource.java:2840] - create connection SQLException, url: jdbc:mysql://192.168.101.65:3306/xc402_content148?serverTimezone=UTC&userUnicode=true&useSSL=false&, errorCode 1049, state 42000
java.sql.SQLSyntaxErrorException: Unknown database 'xc402_content148'
	at com.mysql.cj.jdbc.exceptions.SQLError.createSQLException(SQLError.java:120)
	at com.mysql.cj.jdbc.exceptions.SQLExceptionsMapping.translateException(SQLExceptionsMapping.java:122)
	at com.mysql.cj.jdbc.ConnectionImpl.createNewIO(ConnectionImpl.java:828)
	at com.mysql.cj.jdbc.ConnectionImpl.<init>(ConnectionImpl.java:448)
	at com.mysql.cj.jdbc.ConnectionImpl.getInstance(ConnectionImpl.java:241)
	at com.mysql.cj.jdbc.NonRegisteringDriver.connect(NonRegisteringDriver.java:198)
	at com.alibaba.druid.pool.DruidAbstractDataSource.createPhysicalConnection(DruidAbstractDataSource.java:1657)
	at com.alibaba.druid.pool.DruidAbstractDataSource.createPhysicalConnection(DruidAbstractDataSource.java:1723)
	at com.alibaba.druid.pool.DruidDataSource$CreateConnectionThread.run(DruidDataSource.java:2838)
2024-11-11 22:52:03,783 ERROR [Druid-ConnectionPool-Create-302687243][DruidDataSource.java:2840] - create connection SQLException, url: jdbc:mysql://192.168.101.65:3306/xc402_content148?serverTimezone=UTC&userUnicode=true&useSSL=false&, errorCode 1049, state 42000
java.sql.SQLSyntaxErrorException: Unknown database 'xc402_content148'
	at com.mysql.cj.jdbc.exceptions.SQLError.createSQLException(SQLError.java:120)
	at com.mysql.cj.jdbc.exceptions.SQLExceptionsMapping.translateException(SQLExceptionsMapping.java:122)
	at com.mysql.cj.jdbc.ConnectionImpl.createNewIO(ConnectionImpl.java:828)
	at com.mysql.cj.jdbc.ConnectionImpl.<init>(ConnectionImpl.java:448)
	at com.mysql.cj.jdbc.ConnectionImpl.getInstance(ConnectionImpl.java:241)
	at com.mysql.cj.jdbc.NonRegisteringDriver.connect(NonRegisteringDriver.java:198)
	at com.alibaba.druid.pool.DruidAbstractDataSource.createPhysicalConnection(DruidAbstractDataSource.java:1657)
	at com.alibaba.druid.pool.DruidAbstractDataSource.createPhysicalConnection(DruidAbstractDataSource.java:1723)
	at com.alibaba.druid.pool.DruidDataSource$CreateConnectionThread.run(DruidDataSource.java:2838)
2024-11-11 22:52:04,297 ERROR [Druid-ConnectionPool-Create-302687243][DruidDataSource.java:2840] - create connection SQLException, url: jdbc:mysql://192.168.101.65:3306/xc402_content148?serverTimezone=UTC&userUnicode=true&useSSL=false&, errorCode 1049, state 42000
java.sql.SQLSyntaxErrorException: Unknown database 'xc402_content148'
	at com.mysql.cj.jdbc.exceptions.SQLError.createSQLException(SQLError.java:120)
	at com.mysql.cj.jdbc.exceptions.SQLExceptionsMapping.translateException(SQLExceptionsMapping.java:122)
	at com.mysql.cj.jdbc.ConnectionImpl.createNewIO(ConnectionImpl.java:828)
	at com.mysql.cj.jdbc.ConnectionImpl.<init>(ConnectionImpl.java:448)
	at com.mysql.cj.jdbc.ConnectionImpl.getInstance(ConnectionImpl.java:241)
	at com.mysql.cj.jdbc.NonRegisteringDriver.connect(NonRegisteringDriver.java:198)
	at com.alibaba.druid.pool.DruidAbstractDataSource.createPhysicalConnection(DruidAbstractDataSource.java:1657)
	at com.alibaba.druid.pool.DruidAbstractDataSource.createPhysicalConnection(DruidAbstractDataSource.java:1723)
	at com.alibaba.druid.pool.DruidDataSource$CreateConnectionThread.run(DruidDataSource.java:2838)
2024-11-11 22:52:04,817 ERROR [Druid-ConnectionPool-Create-302687243][DruidDataSource.java:2840] - create connection SQLException, url: jdbc:mysql://192.168.101.65:3306/xc402_content148?serverTimezone=UTC&userUnicode=true&useSSL=false&, errorCode 1049, state 42000
java.sql.SQLSyntaxErrorException: Unknown database 'xc402_content148'
	at com.mysql.cj.jdbc.exceptions.SQLError.createSQLException(SQLError.java:120)
	at com.mysql.cj.jdbc.exceptions.SQLExceptionsMapping.translateException(SQLExceptionsMapping.java:122)
	at com.mysql.cj.jdbc.ConnectionImpl.createNewIO(ConnectionImpl.java:828)
	at com.mysql.cj.jdbc.ConnectionImpl.<init>(ConnectionImpl.java:448)
	at com.mysql.cj.jdbc.ConnectionImpl.getInstance(ConnectionImpl.java:241)
	at com.mysql.cj.jdbc.NonRegisteringDriver.connect(NonRegisteringDriver.java:198)
	at com.alibaba.druid.pool.DruidAbstractDataSource.createPhysicalConnection(DruidAbstractDataSource.java:1657)
	at com.alibaba.druid.pool.DruidAbstractDataSource.createPhysicalConnection(DruidAbstractDataSource.java:1723)
	at com.alibaba.druid.pool.DruidDataSource$CreateConnectionThread.run(DruidDataSource.java:2838)
2024-11-11 22:52:05,329 ERROR [Druid-ConnectionPool-Create-302687243][DruidDataSource.java:2840] - create connection SQLException, url: jdbc:mysql://192.168.101.65:3306/xc402_content148?serverTimezone=UTC&userUnicode=true&useSSL=false&, errorCode 1049, state 42000
java.sql.SQLSyntaxErrorException: Unknown database 'xc402_content148'
	at com.mysql.cj.jdbc.exceptions.SQLError.createSQLException(SQLError.java:120)
	at com.mysql.cj.jdbc.exceptions.SQLExceptionsMapping.translateException(SQLExceptionsMapping.java:122)
	at com.mysql.cj.jdbc.ConnectionImpl.createNewIO(ConnectionImpl.java:828)
	at com.mysql.cj.jdbc.ConnectionImpl.<init>(ConnectionImpl.java:448)
	at com.mysql.cj.jdbc.ConnectionImpl.getInstance(ConnectionImpl.java:241)
	at com.mysql.cj.jdbc.NonRegisteringDriver.connect(NonRegisteringDriver.java:198)
	at com.alibaba.druid.pool.DruidAbstractDataSource.createPhysicalConnection(DruidAbstractDataSource.java:1657)
	at com.alibaba.druid.pool.DruidAbstractDataSource.createPhysicalConnection(DruidAbstractDataSource.java:1723)
	at com.alibaba.druid.pool.DruidDataSource$CreateConnectionThread.run(DruidDataSource.java:2838)
2024-11-11 22:52:05,850 ERROR [Druid-ConnectionPool-Create-302687243][DruidDataSource.java:2840] - create connection SQLException, url: jdbc:mysql://192.168.101.65:3306/xc402_content148?serverTimezone=UTC&userUnicode=true&useSSL=false&, errorCode 1049, state 42000
java.sql.SQLSyntaxErrorException: Unknown database 'xc402_content148'
	at com.mysql.cj.jdbc.exceptions.SQLError.createSQLException(SQLError.java:120)
	at com.mysql.cj.jdbc.exceptions.SQLExceptionsMapping.translateException(SQLExceptionsMapping.java:122)
	at com.mysql.cj.jdbc.ConnectionImpl.createNewIO(ConnectionImpl.java:828)
	at com.mysql.cj.jdbc.ConnectionImpl.<init>(ConnectionImpl.java:448)
	at com.mysql.cj.jdbc.ConnectionImpl.getInstance(ConnectionImpl.java:241)
	at com.mysql.cj.jdbc.NonRegisteringDriver.connect(NonRegisteringDriver.java:198)
	at com.alibaba.druid.pool.DruidAbstractDataSource.createPhysicalConnection(DruidAbstractDataSource.java:1657)
	at com.alibaba.druid.pool.DruidAbstractDataSource.createPhysicalConnection(DruidAbstractDataSource.java:1723)
	at com.alibaba.druid.pool.DruidDataSource$CreateConnectionThread.run(DruidDataSource.java:2838)
2024-11-11 22:52:06,360 ERROR [Druid-ConnectionPool-Create-302687243][DruidDataSource.java:2840] - create connection SQLException, url: jdbc:mysql://192.168.101.65:3306/xc402_content148?serverTimezone=UTC&userUnicode=true&useSSL=false&, errorCode 1049, state 42000
java.sql.SQLSyntaxErrorException: Unknown database 'xc402_content148'
	at com.mysql.cj.jdbc.exceptions.SQLError.createSQLException(SQLError.java:120)
	at com.mysql.cj.jdbc.exceptions.SQLExceptionsMapping.translateException(SQLExceptionsMapping.java:122)
	at com.mysql.cj.jdbc.ConnectionImpl.createNewIO(ConnectionImpl.java:828)
	at com.mysql.cj.jdbc.ConnectionImpl.<init>(ConnectionImpl.java:448)
	at com.mysql.cj.jdbc.ConnectionImpl.getInstance(ConnectionImpl.java:241)
	at com.mysql.cj.jdbc.NonRegisteringDriver.connect(NonRegisteringDriver.java:198)
	at com.alibaba.druid.pool.DruidAbstractDataSource.createPhysicalConnection(DruidAbstractDataSource.java:1657)
	at com.alibaba.druid.pool.DruidAbstractDataSource.createPhysicalConnection(DruidAbstractDataSource.java:1723)
	at com.alibaba.druid.pool.DruidDataSource$CreateConnectionThread.run(DruidDataSource.java:2838)
2024-11-11 22:52:06,876 ERROR [Druid-ConnectionPool-Create-302687243][DruidDataSource.java:2840] - create connection SQLException, url: jdbc:mysql://192.168.101.65:3306/xc402_content148?serverTimezone=UTC&userUnicode=true&useSSL=false&, errorCode 1049, state 42000
java.sql.SQLSyntaxErrorException: Unknown database 'xc402_content148'
	at com.mysql.cj.jdbc.exceptions.SQLError.createSQLException(SQLError.java:120)
	at com.mysql.cj.jdbc.exceptions.SQLExceptionsMapping.translateException(SQLExceptionsMapping.java:122)
	at com.mysql.cj.jdbc.ConnectionImpl.createNewIO(ConnectionImpl.java:828)
	at com.mysql.cj.jdbc.ConnectionImpl.<init>(ConnectionImpl.java:448)
	at com.mysql.cj.jdbc.ConnectionImpl.getInstance(ConnectionImpl.java:241)
	at com.mysql.cj.jdbc.NonRegisteringDriver.connect(NonRegisteringDriver.java:198)
	at com.alibaba.druid.pool.DruidAbstractDataSource.createPhysicalConnection(DruidAbstractDataSource.java:1657)
	at com.alibaba.druid.pool.DruidAbstractDataSource.createPhysicalConnection(DruidAbstractDataSource.java:1723)
	at com.alibaba.druid.pool.DruidDataSource$CreateConnectionThread.run(DruidDataSource.java:2838)
2024-11-11 22:52:07,389 ERROR [Druid-ConnectionPool-Create-302687243][DruidDataSource.java:2840] - create connection SQLException, url: jdbc:mysql://192.168.101.65:3306/xc402_content148?serverTimezone=UTC&userUnicode=true&useSSL=false&, errorCode 1049, state 42000
java.sql.SQLSyntaxErrorException: Unknown database 'xc402_content148'
	at com.mysql.cj.jdbc.exceptions.SQLError.createSQLException(SQLError.java:120)
	at com.mysql.cj.jdbc.exceptions.SQLExceptionsMapping.translateException(SQLExceptionsMapping.java:122)
	at com.mysql.cj.jdbc.ConnectionImpl.createNewIO(ConnectionImpl.java:828)
	at com.mysql.cj.jdbc.ConnectionImpl.<init>(ConnectionImpl.java:448)
	at com.mysql.cj.jdbc.ConnectionImpl.getInstance(ConnectionImpl.java:241)
	at com.mysql.cj.jdbc.NonRegisteringDriver.connect(NonRegisteringDriver.java:198)
	at com.alibaba.druid.pool.DruidAbstractDataSource.createPhysicalConnection(DruidAbstractDataSource.java:1657)
	at com.alibaba.druid.pool.DruidAbstractDataSource.createPhysicalConnection(DruidAbstractDataSource.java:1723)
	at com.alibaba.druid.pool.DruidDataSource$CreateConnectionThread.run(DruidDataSource.java:2838)
2024-11-11 22:52:07,916 ERROR [Druid-ConnectionPool-Create-302687243][DruidDataSource.java:2840] - create connection SQLException, url: jdbc:mysql://192.168.101.65:3306/xc402_content148?serverTimezone=UTC&userUnicode=true&useSSL=false&, errorCode 1049, state 42000
java.sql.SQLSyntaxErrorException: Unknown database 'xc402_content148'
	at com.mysql.cj.jdbc.exceptions.SQLError.createSQLException(SQLError.java:120)
	at com.mysql.cj.jdbc.exceptions.SQLExceptionsMapping.translateException(SQLExceptionsMapping.java:122)
	at com.mysql.cj.jdbc.ConnectionImpl.createNewIO(ConnectionImpl.java:828)
	at com.mysql.cj.jdbc.ConnectionImpl.<init>(ConnectionImpl.java:448)
	at com.mysql.cj.jdbc.ConnectionImpl.getInstance(ConnectionImpl.java:241)
	at com.mysql.cj.jdbc.NonRegisteringDriver.connect(NonRegisteringDriver.java:198)
	at com.alibaba.druid.pool.DruidAbstractDataSource.createPhysicalConnection(DruidAbstractDataSource.java:1657)
	at com.alibaba.druid.pool.DruidAbstractDataSource.createPhysicalConnection(DruidAbstractDataSource.java:1723)
	at com.alibaba.druid.pool.DruidDataSource$CreateConnectionThread.run(DruidDataSource.java:2838)
2024-11-11 22:52:08,446 ERROR [Druid-ConnectionPool-Create-302687243][DruidDataSource.java:2840] - create connection SQLException, url: jdbc:mysql://192.168.101.65:3306/xc402_content148?serverTimezone=UTC&userUnicode=true&useSSL=false&, errorCode 1049, state 42000
java.sql.SQLSyntaxErrorException: Unknown database 'xc402_content148'
	at com.mysql.cj.jdbc.exceptions.SQLError.createSQLException(SQLError.java:120)
	at com.mysql.cj.jdbc.exceptions.SQLExceptionsMapping.translateException(SQLExceptionsMapping.java:122)
	at com.mysql.cj.jdbc.ConnectionImpl.createNewIO(ConnectionImpl.java:828)
	at com.mysql.cj.jdbc.ConnectionImpl.<init>(ConnectionImpl.java:448)
	at com.mysql.cj.jdbc.ConnectionImpl.getInstance(ConnectionImpl.java:241)
	at com.mysql.cj.jdbc.NonRegisteringDriver.connect(NonRegisteringDriver.java:198)
	at com.alibaba.druid.pool.DruidAbstractDataSource.createPhysicalConnection(DruidAbstractDataSource.java:1657)
	at com.alibaba.druid.pool.DruidAbstractDataSource.createPhysicalConnection(DruidAbstractDataSource.java:1723)
	at com.alibaba.druid.pool.DruidDataSource$CreateConnectionThread.run(DruidDataSource.java:2838)
2024-11-11 22:52:08,964 ERROR [Druid-ConnectionPool-Create-302687243][DruidDataSource.java:2840] - create connection SQLException, url: jdbc:mysql://192.168.101.65:3306/xc402_content148?serverTimezone=UTC&userUnicode=true&useSSL=false&, errorCode 1049, state 42000
java.sql.SQLSyntaxErrorException: Unknown database 'xc402_content148'
	at com.mysql.cj.jdbc.exceptions.SQLError.createSQLException(SQLError.java:120)
	at com.mysql.cj.jdbc.exceptions.SQLExceptionsMapping.translateException(SQLExceptionsMapping.java:122)
	at com.mysql.cj.jdbc.ConnectionImpl.createNewIO(ConnectionImpl.java:828)
	at com.mysql.cj.jdbc.ConnectionImpl.<init>(ConnectionImpl.java:448)
	at com.mysql.cj.jdbc.ConnectionImpl.getInstance(ConnectionImpl.java:241)
	at com.mysql.cj.jdbc.NonRegisteringDriver.connect(NonRegisteringDriver.java:198)
	at com.alibaba.druid.pool.DruidAbstractDataSource.createPhysicalConnection(DruidAbstractDataSource.java:1657)
	at com.alibaba.druid.pool.DruidAbstractDataSource.createPhysicalConnection(DruidAbstractDataSource.java:1723)
	at com.alibaba.druid.pool.DruidDataSource$CreateConnectionThread.run(DruidDataSource.java:2838)
2024-11-11 22:52:09,474 ERROR [Druid-ConnectionPool-Create-302687243][DruidDataSource.java:2840] - create connection SQLException, url: jdbc:mysql://192.168.101.65:3306/xc402_content148?serverTimezone=UTC&userUnicode=true&useSSL=false&, errorCode 1049, state 42000
java.sql.SQLSyntaxErrorException: Unknown database 'xc402_content148'
	at com.mysql.cj.jdbc.exceptions.SQLError.createSQLException(SQLError.java:120)
	at com.mysql.cj.jdbc.exceptions.SQLExceptionsMapping.translateException(SQLExceptionsMapping.java:122)
	at com.mysql.cj.jdbc.ConnectionImpl.createNewIO(ConnectionImpl.java:828)
	at com.mysql.cj.jdbc.ConnectionImpl.<init>(ConnectionImpl.java:448)
	at com.mysql.cj.jdbc.ConnectionImpl.getInstance(ConnectionImpl.java:241)
	at com.mysql.cj.jdbc.NonRegisteringDriver.connect(NonRegisteringDriver.java:198)
	at com.alibaba.druid.pool.DruidAbstractDataSource.createPhysicalConnection(DruidAbstractDataSource.java:1657)
	at com.alibaba.druid.pool.DruidAbstractDataSource.createPhysicalConnection(DruidAbstractDataSource.java:1723)
	at com.alibaba.druid.pool.DruidDataSource$CreateConnectionThread.run(DruidDataSource.java:2838)
2024-11-11 22:52:10,011 ERROR [Druid-ConnectionPool-Create-302687243][DruidDataSource.java:2840] - create connection SQLException, url: jdbc:mysql://192.168.101.65:3306/xc402_content148?serverTimezone=UTC&userUnicode=true&useSSL=false&, errorCode 1049, state 42000
java.sql.SQLSyntaxErrorException: Unknown database 'xc402_content148'
	at com.mysql.cj.jdbc.exceptions.SQLError.createSQLException(SQLError.java:120)
	at com.mysql.cj.jdbc.exceptions.SQLExceptionsMapping.translateException(SQLExceptionsMapping.java:122)
	at com.mysql.cj.jdbc.ConnectionImpl.createNewIO(ConnectionImpl.java:828)
	at com.mysql.cj.jdbc.ConnectionImpl.<init>(ConnectionImpl.java:448)
	at com.mysql.cj.jdbc.ConnectionImpl.getInstance(ConnectionImpl.java:241)
	at com.mysql.cj.jdbc.NonRegisteringDriver.connect(NonRegisteringDriver.java:198)
	at com.alibaba.druid.pool.DruidAbstractDataSource.createPhysicalConnection(DruidAbstractDataSource.java:1657)
	at com.alibaba.druid.pool.DruidAbstractDataSource.createPhysicalConnection(DruidAbstractDataSource.java:1723)
	at com.alibaba.druid.pool.DruidDataSource$CreateConnectionThread.run(DruidDataSource.java:2838)
2024-11-11 22:52:10,533 ERROR [Druid-ConnectionPool-Create-302687243][DruidDataSource.java:2840] - create connection SQLException, url: jdbc:mysql://192.168.101.65:3306/xc402_content148?serverTimezone=UTC&userUnicode=true&useSSL=false&, errorCode 1049, state 42000
java.sql.SQLSyntaxErrorException: Unknown database 'xc402_content148'
	at com.mysql.cj.jdbc.exceptions.SQLError.createSQLException(SQLError.java:120)
	at com.mysql.cj.jdbc.exceptions.SQLExceptionsMapping.translateException(SQLExceptionsMapping.java:122)
	at com.mysql.cj.jdbc.ConnectionImpl.createNewIO(ConnectionImpl.java:828)
	at com.mysql.cj.jdbc.ConnectionImpl.<init>(ConnectionImpl.java:448)
	at com.mysql.cj.jdbc.ConnectionImpl.getInstance(ConnectionImpl.java:241)
	at com.mysql.cj.jdbc.NonRegisteringDriver.connect(NonRegisteringDriver.java:198)
	at com.alibaba.druid.pool.DruidAbstractDataSource.createPhysicalConnection(DruidAbstractDataSource.java:1657)
	at com.alibaba.druid.pool.DruidAbstractDataSource.createPhysicalConnection(DruidAbstractDataSource.java:1723)
	at com.alibaba.druid.pool.DruidDataSource$CreateConnectionThread.run(DruidDataSource.java:2838)
2024-11-11 22:52:11,048 ERROR [Druid-ConnectionPool-Create-302687243][DruidDataSource.java:2840] - create connection SQLException, url: jdbc:mysql://192.168.101.65:3306/xc402_content148?serverTimezone=UTC&userUnicode=true&useSSL=false&, errorCode 1049, state 42000
java.sql.SQLSyntaxErrorException: Unknown database 'xc402_content148'
	at com.mysql.cj.jdbc.exceptions.SQLError.createSQLException(SQLError.java:120)
	at com.mysql.cj.jdbc.exceptions.SQLExceptionsMapping.translateException(SQLExceptionsMapping.java:122)
	at com.mysql.cj.jdbc.ConnectionImpl.createNewIO(ConnectionImpl.java:828)
	at com.mysql.cj.jdbc.ConnectionImpl.<init>(ConnectionImpl.java:448)
	at com.mysql.cj.jdbc.ConnectionImpl.getInstance(ConnectionImpl.java:241)
	at com.mysql.cj.jdbc.NonRegisteringDriver.connect(NonRegisteringDriver.java:198)
	at com.alibaba.druid.pool.DruidAbstractDataSource.createPhysicalConnection(DruidAbstractDataSource.java:1657)
	at com.alibaba.druid.pool.DruidAbstractDataSource.createPhysicalConnection(DruidAbstractDataSource.java:1723)
	at com.alibaba.druid.pool.DruidDataSource$CreateConnectionThread.run(DruidDataSource.java:2838)
2024-11-11 22:52:11,560 ERROR [Druid-ConnectionPool-Create-302687243][DruidDataSource.java:2840] - create connection SQLException, url: jdbc:mysql://192.168.101.65:3306/xc402_content148?serverTimezone=UTC&userUnicode=true&useSSL=false&, errorCode 1049, state 42000
java.sql.SQLSyntaxErrorException: Unknown database 'xc402_content148'
	at com.mysql.cj.jdbc.exceptions.SQLError.createSQLException(SQLError.java:120)
	at com.mysql.cj.jdbc.exceptions.SQLExceptionsMapping.translateException(SQLExceptionsMapping.java:122)
	at com.mysql.cj.jdbc.ConnectionImpl.createNewIO(ConnectionImpl.java:828)
	at com.mysql.cj.jdbc.ConnectionImpl.<init>(ConnectionImpl.java:448)
	at com.mysql.cj.jdbc.ConnectionImpl.getInstance(ConnectionImpl.java:241)
	at com.mysql.cj.jdbc.NonRegisteringDriver.connect(NonRegisteringDriver.java:198)
	at com.alibaba.druid.pool.DruidAbstractDataSource.createPhysicalConnection(DruidAbstractDataSource.java:1657)
	at com.alibaba.druid.pool.DruidAbstractDataSource.createPhysicalConnection(DruidAbstractDataSource.java:1723)
	at com.alibaba.druid.pool.DruidDataSource$CreateConnectionThread.run(DruidDataSource.java:2838)
2024-11-11 22:52:12,071 ERROR [Druid-ConnectionPool-Create-302687243][DruidDataSource.java:2840] - create connection SQLException, url: jdbc:mysql://192.168.101.65:3306/xc402_content148?serverTimezone=UTC&userUnicode=true&useSSL=false&, errorCode 1049, state 42000
java.sql.SQLSyntaxErrorException: Unknown database 'xc402_content148'
	at com.mysql.cj.jdbc.exceptions.SQLError.createSQLException(SQLError.java:120)
	at com.mysql.cj.jdbc.exceptions.SQLExceptionsMapping.translateException(SQLExceptionsMapping.java:122)
	at com.mysql.cj.jdbc.ConnectionImpl.createNewIO(ConnectionImpl.java:828)
	at com.mysql.cj.jdbc.ConnectionImpl.<init>(ConnectionImpl.java:448)
	at com.mysql.cj.jdbc.ConnectionImpl.getInstance(ConnectionImpl.java:241)
	at com.mysql.cj.jdbc.NonRegisteringDriver.connect(NonRegisteringDriver.java:198)
	at com.alibaba.druid.pool.DruidAbstractDataSource.createPhysicalConnection(DruidAbstractDataSource.java:1657)
	at com.alibaba.druid.pool.DruidAbstractDataSource.createPhysicalConnection(DruidAbstractDataSource.java:1723)
	at com.alibaba.druid.pool.DruidDataSource$CreateConnectionThread.run(DruidDataSource.java:2838)
2024-11-11 22:52:12,595 ERROR [Druid-ConnectionPool-Create-302687243][DruidDataSource.java:2840] - create connection SQLException, url: jdbc:mysql://192.168.101.65:3306/xc402_content148?serverTimezone=UTC&userUnicode=true&useSSL=false&, errorCode 1049, state 42000
java.sql.SQLSyntaxErrorException: Unknown database 'xc402_content148'
	at com.mysql.cj.jdbc.exceptions.SQLError.createSQLException(SQLError.java:120)
	at com.mysql.cj.jdbc.exceptions.SQLExceptionsMapping.translateException(SQLExceptionsMapping.java:122)
	at com.mysql.cj.jdbc.ConnectionImpl.createNewIO(ConnectionImpl.java:828)
	at com.mysql.cj.jdbc.ConnectionImpl.<init>(ConnectionImpl.java:448)
	at com.mysql.cj.jdbc.ConnectionImpl.getInstance(ConnectionImpl.java:241)
	at com.mysql.cj.jdbc.NonRegisteringDriver.connect(NonRegisteringDriver.java:198)
	at com.alibaba.druid.pool.DruidAbstractDataSource.createPhysicalConnection(DruidAbstractDataSource.java:1657)
	at com.alibaba.druid.pool.DruidAbstractDataSource.createPhysicalConnection(DruidAbstractDataSource.java:1723)
	at com.alibaba.druid.pool.DruidDataSource$CreateConnectionThread.run(DruidDataSource.java:2838)
2024-11-11 22:52:13,121 ERROR [Druid-ConnectionPool-Create-302687243][DruidDataSource.java:2840] - create connection SQLException, url: jdbc:mysql://192.168.101.65:3306/xc402_content148?serverTimezone=UTC&userUnicode=true&useSSL=false&, errorCode 1049, state 42000
java.sql.SQLSyntaxErrorException: Unknown database 'xc402_content148'
	at com.mysql.cj.jdbc.exceptions.SQLError.createSQLException(SQLError.java:120)
	at com.mysql.cj.jdbc.exceptions.SQLExceptionsMapping.translateException(SQLExceptionsMapping.java:122)
	at com.mysql.cj.jdbc.ConnectionImpl.createNewIO(ConnectionImpl.java:828)
	at com.mysql.cj.jdbc.ConnectionImpl.<init>(ConnectionImpl.java:448)
	at com.mysql.cj.jdbc.ConnectionImpl.getInstance(ConnectionImpl.java:241)
	at com.mysql.cj.jdbc.NonRegisteringDriver.connect(NonRegisteringDriver.java:198)
	at com.alibaba.druid.pool.DruidAbstractDataSource.createPhysicalConnection(DruidAbstractDataSource.java:1657)
	at com.alibaba.druid.pool.DruidAbstractDataSource.createPhysicalConnection(DruidAbstractDataSource.java:1723)
	at com.alibaba.druid.pool.DruidDataSource$CreateConnectionThread.run(DruidDataSource.java:2838)
2024-11-11 22:52:13,650 ERROR [Druid-ConnectionPool-Create-302687243][DruidDataSource.java:2840] - create connection SQLException, url: jdbc:mysql://192.168.101.65:3306/xc402_content148?serverTimezone=UTC&userUnicode=true&useSSL=false&, errorCode 1049, state 42000
java.sql.SQLSyntaxErrorException: Unknown database 'xc402_content148'
	at com.mysql.cj.jdbc.exceptions.SQLError.createSQLException(SQLError.java:120)
	at com.mysql.cj.jdbc.exceptions.SQLExceptionsMapping.translateException(SQLExceptionsMapping.java:122)
	at com.mysql.cj.jdbc.ConnectionImpl.createNewIO(ConnectionImpl.java:828)
	at com.mysql.cj.jdbc.ConnectionImpl.<init>(ConnectionImpl.java:448)
	at com.mysql.cj.jdbc.ConnectionImpl.getInstance(ConnectionImpl.java:241)
	at com.mysql.cj.jdbc.NonRegisteringDriver.connect(NonRegisteringDriver.java:198)
	at com.alibaba.druid.pool.DruidAbstractDataSource.createPhysicalConnection(DruidAbstractDataSource.java:1657)
	at com.alibaba.druid.pool.DruidAbstractDataSource.createPhysicalConnection(DruidAbstractDataSource.java:1723)
	at com.alibaba.druid.pool.DruidDataSource$CreateConnectionThread.run(DruidDataSource.java:2838)
2024-11-11 22:52:14,175 ERROR [Druid-ConnectionPool-Create-302687243][DruidDataSource.java:2840] - create connection SQLException, url: jdbc:mysql://192.168.101.65:3306/xc402_content148?serverTimezone=UTC&userUnicode=true&useSSL=false&, errorCode 1049, state 42000
java.sql.SQLSyntaxErrorException: Unknown database 'xc402_content148'
	at com.mysql.cj.jdbc.exceptions.SQLError.createSQLException(SQLError.java:120)
	at com.mysql.cj.jdbc.exceptions.SQLExceptionsMapping.translateException(SQLExceptionsMapping.java:122)
	at com.mysql.cj.jdbc.ConnectionImpl.createNewIO(ConnectionImpl.java:828)
	at com.mysql.cj.jdbc.ConnectionImpl.<init>(ConnectionImpl.java:448)
	at com.mysql.cj.jdbc.ConnectionImpl.getInstance(ConnectionImpl.java:241)
	at com.mysql.cj.jdbc.NonRegisteringDriver.connect(NonRegisteringDriver.java:198)
	at com.alibaba.druid.pool.DruidAbstractDataSource.createPhysicalConnection(DruidAbstractDataSource.java:1657)
	at com.alibaba.druid.pool.DruidAbstractDataSource.createPhysicalConnection(DruidAbstractDataSource.java:1723)
	at com.alibaba.druid.pool.DruidDataSource$CreateConnectionThread.run(DruidDataSource.java:2838)
2024-11-11 22:52:14,687 ERROR [Druid-ConnectionPool-Create-302687243][DruidDataSource.java:2840] - create connection SQLException, url: jdbc:mysql://192.168.101.65:3306/xc402_content148?serverTimezone=UTC&userUnicode=true&useSSL=false&, errorCode 1049, state 42000
java.sql.SQLSyntaxErrorException: Unknown database 'xc402_content148'
	at com.mysql.cj.jdbc.exceptions.SQLError.createSQLException(SQLError.java:120)
	at com.mysql.cj.jdbc.exceptions.SQLExceptionsMapping.translateException(SQLExceptionsMapping.java:122)
	at com.mysql.cj.jdbc.ConnectionImpl.createNewIO(ConnectionImpl.java:828)
	at com.mysql.cj.jdbc.ConnectionImpl.<init>(ConnectionImpl.java:448)
	at com.mysql.cj.jdbc.ConnectionImpl.getInstance(ConnectionImpl.java:241)
	at com.mysql.cj.jdbc.NonRegisteringDriver.connect(NonRegisteringDriver.java:198)
	at com.alibaba.druid.pool.DruidAbstractDataSource.createPhysicalConnection(DruidAbstractDataSource.java:1657)
	at com.alibaba.druid.pool.DruidAbstractDataSource.createPhysicalConnection(DruidAbstractDataSource.java:1723)
	at com.alibaba.druid.pool.DruidDataSource$CreateConnectionThread.run(DruidDataSource.java:2838)
2024-11-11 22:52:15,215 ERROR [Druid-ConnectionPool-Create-302687243][DruidDataSource.java:2840] - create connection SQLException, url: jdbc:mysql://192.168.101.65:3306/xc402_content148?serverTimezone=UTC&userUnicode=true&useSSL=false&, errorCode 1049, state 42000
java.sql.SQLSyntaxErrorException: Unknown database 'xc402_content148'
	at com.mysql.cj.jdbc.exceptions.SQLError.createSQLException(SQLError.java:120)
	at com.mysql.cj.jdbc.exceptions.SQLExceptionsMapping.translateException(SQLExceptionsMapping.java:122)
	at com.mysql.cj.jdbc.ConnectionImpl.createNewIO(ConnectionImpl.java:828)
	at com.mysql.cj.jdbc.ConnectionImpl.<init>(ConnectionImpl.java:448)
	at com.mysql.cj.jdbc.ConnectionImpl.getInstance(ConnectionImpl.java:241)
	at com.mysql.cj.jdbc.NonRegisteringDriver.connect(NonRegisteringDriver.java:198)
	at com.alibaba.druid.pool.DruidAbstractDataSource.createPhysicalConnection(DruidAbstractDataSource.java:1657)
	at com.alibaba.druid.pool.DruidAbstractDataSource.createPhysicalConnection(DruidAbstractDataSource.java:1723)
	at com.alibaba.druid.pool.DruidDataSource$CreateConnectionThread.run(DruidDataSource.java:2838)
2024-11-11 22:52:15,739 ERROR [Druid-ConnectionPool-Create-302687243][DruidDataSource.java:2840] - create connection SQLException, url: jdbc:mysql://192.168.101.65:3306/xc402_content148?serverTimezone=UTC&userUnicode=true&useSSL=false&, errorCode 1049, state 42000
java.sql.SQLSyntaxErrorException: Unknown database 'xc402_content148'
	at com.mysql.cj.jdbc.exceptions.SQLError.createSQLException(SQLError.java:120)
	at com.mysql.cj.jdbc.exceptions.SQLExceptionsMapping.translateException(SQLExceptionsMapping.java:122)
	at com.mysql.cj.jdbc.ConnectionImpl.createNewIO(ConnectionImpl.java:828)
	at com.mysql.cj.jdbc.ConnectionImpl.<init>(ConnectionImpl.java:448)
	at com.mysql.cj.jdbc.ConnectionImpl.getInstance(ConnectionImpl.java:241)
	at com.mysql.cj.jdbc.NonRegisteringDriver.connect(NonRegisteringDriver.java:198)
	at com.alibaba.druid.pool.DruidAbstractDataSource.createPhysicalConnection(DruidAbstractDataSource.java:1657)
	at com.alibaba.druid.pool.DruidAbstractDataSource.createPhysicalConnection(DruidAbstractDataSource.java:1723)
	at com.alibaba.druid.pool.DruidDataSource$CreateConnectionThread.run(DruidDataSource.java:2838)
2024-11-11 22:52:16,254 ERROR [Druid-ConnectionPool-Create-302687243][DruidDataSource.java:2840] - create connection SQLException, url: jdbc:mysql://192.168.101.65:3306/xc402_content148?serverTimezone=UTC&userUnicode=true&useSSL=false&, errorCode 1049, state 42000
java.sql.SQLSyntaxErrorException: Unknown database 'xc402_content148'
	at com.mysql.cj.jdbc.exceptions.SQLError.createSQLException(SQLError.java:120)
	at com.mysql.cj.jdbc.exceptions.SQLExceptionsMapping.translateException(SQLExceptionsMapping.java:122)
	at com.mysql.cj.jdbc.ConnectionImpl.createNewIO(ConnectionImpl.java:828)
	at com.mysql.cj.jdbc.ConnectionImpl.<init>(ConnectionImpl.java:448)
	at com.mysql.cj.jdbc.ConnectionImpl.getInstance(ConnectionImpl.java:241)
	at com.mysql.cj.jdbc.NonRegisteringDriver.connect(NonRegisteringDriver.java:198)
	at com.alibaba.druid.pool.DruidAbstractDataSource.createPhysicalConnection(DruidAbstractDataSource.java:1657)
	at com.alibaba.druid.pool.DruidAbstractDataSource.createPhysicalConnection(DruidAbstractDataSource.java:1723)
	at com.alibaba.druid.pool.DruidDataSource$CreateConnectionThread.run(DruidDataSource.java:2838)
2024-11-11 22:52:16,767 ERROR [Druid-ConnectionPool-Create-302687243][DruidDataSource.java:2840] - create connection SQLException, url: jdbc:mysql://192.168.101.65:3306/xc402_content148?serverTimezone=UTC&userUnicode=true&useSSL=false&, errorCode 1049, state 42000
java.sql.SQLSyntaxErrorException: Unknown database 'xc402_content148'
	at com.mysql.cj.jdbc.exceptions.SQLError.createSQLException(SQLError.java:120)
	at com.mysql.cj.jdbc.exceptions.SQLExceptionsMapping.translateException(SQLExceptionsMapping.java:122)
	at com.mysql.cj.jdbc.ConnectionImpl.createNewIO(ConnectionImpl.java:828)
	at com.mysql.cj.jdbc.ConnectionImpl.<init>(ConnectionImpl.java:448)
	at com.mysql.cj.jdbc.ConnectionImpl.getInstance(ConnectionImpl.java:241)
	at com.mysql.cj.jdbc.NonRegisteringDriver.connect(NonRegisteringDriver.java:198)
	at com.alibaba.druid.pool.DruidAbstractDataSource.createPhysicalConnection(DruidAbstractDataSource.java:1657)
	at com.alibaba.druid.pool.DruidAbstractDataSource.createPhysicalConnection(DruidAbstractDataSource.java:1723)
	at com.alibaba.druid.pool.DruidDataSource$CreateConnectionThread.run(DruidDataSource.java:2838)
2024-11-11 22:52:17,278 ERROR [Druid-ConnectionPool-Create-302687243][DruidDataSource.java:2840] - create connection SQLException, url: jdbc:mysql://192.168.101.65:3306/xc402_content148?serverTimezone=UTC&userUnicode=true&useSSL=false&, errorCode 1049, state 42000
java.sql.SQLSyntaxErrorException: Unknown database 'xc402_content148'
	at com.mysql.cj.jdbc.exceptions.SQLError.createSQLException(SQLError.java:120)
	at com.mysql.cj.jdbc.exceptions.SQLExceptionsMapping.translateException(SQLExceptionsMapping.java:122)
	at com.mysql.cj.jdbc.ConnectionImpl.createNewIO(ConnectionImpl.java:828)
	at com.mysql.cj.jdbc.ConnectionImpl.<init>(ConnectionImpl.java:448)
	at com.mysql.cj.jdbc.ConnectionImpl.getInstance(ConnectionImpl.java:241)
	at com.mysql.cj.jdbc.NonRegisteringDriver.connect(NonRegisteringDriver.java:198)
	at com.alibaba.druid.pool.DruidAbstractDataSource.createPhysicalConnection(DruidAbstractDataSource.java:1657)
	at com.alibaba.druid.pool.DruidAbstractDataSource.createPhysicalConnection(DruidAbstractDataSource.java:1723)
	at com.alibaba.druid.pool.DruidDataSource$CreateConnectionThread.run(DruidDataSource.java:2838)
2024-11-11 22:52:17,797 ERROR [Druid-ConnectionPool-Create-302687243][DruidDataSource.java:2840] - create connection SQLException, url: jdbc:mysql://192.168.101.65:3306/xc402_content148?serverTimezone=UTC&userUnicode=true&useSSL=false&, errorCode 1049, state 42000
java.sql.SQLSyntaxErrorException: Unknown database 'xc402_content148'
	at com.mysql.cj.jdbc.exceptions.SQLError.createSQLException(SQLError.java:120)
	at com.mysql.cj.jdbc.exceptions.SQLExceptionsMapping.translateException(SQLExceptionsMapping.java:122)
	at com.mysql.cj.jdbc.ConnectionImpl.createNewIO(ConnectionImpl.java:828)
	at com.mysql.cj.jdbc.ConnectionImpl.<init>(ConnectionImpl.java:448)
	at com.mysql.cj.jdbc.ConnectionImpl.getInstance(ConnectionImpl.java:241)
	at com.mysql.cj.jdbc.NonRegisteringDriver.connect(NonRegisteringDriver.java:198)
	at com.alibaba.druid.pool.DruidAbstractDataSource.createPhysicalConnection(DruidAbstractDataSource.java:1657)
	at com.alibaba.druid.pool.DruidAbstractDataSource.createPhysicalConnection(DruidAbstractDataSource.java:1723)
	at com.alibaba.druid.pool.DruidDataSource$CreateConnectionThread.run(DruidDataSource.java:2838)
2024-11-11 22:52:18,322 ERROR [Druid-ConnectionPool-Create-302687243][DruidDataSource.java:2840] - create connection SQLException, url: jdbc:mysql://192.168.101.65:3306/xc402_content148?serverTimezone=UTC&userUnicode=true&useSSL=false&, errorCode 1049, state 42000
java.sql.SQLSyntaxErrorException: Unknown database 'xc402_content148'
	at com.mysql.cj.jdbc.exceptions.SQLError.createSQLException(SQLError.java:120)
	at com.mysql.cj.jdbc.exceptions.SQLExceptionsMapping.translateException(SQLExceptionsMapping.java:122)
	at com.mysql.cj.jdbc.ConnectionImpl.createNewIO(ConnectionImpl.java:828)
	at com.mysql.cj.jdbc.ConnectionImpl.<init>(ConnectionImpl.java:448)
	at com.mysql.cj.jdbc.ConnectionImpl.getInstance(ConnectionImpl.java:241)
	at com.mysql.cj.jdbc.NonRegisteringDriver.connect(NonRegisteringDriver.java:198)
	at com.alibaba.druid.pool.DruidAbstractDataSource.createPhysicalConnection(DruidAbstractDataSource.java:1657)
	at com.alibaba.druid.pool.DruidAbstractDataSource.createPhysicalConnection(DruidAbstractDataSource.java:1723)
	at com.alibaba.druid.pool.DruidDataSource$CreateConnectionThread.run(DruidDataSource.java:2838)
2024-11-11 22:52:18,845 ERROR [Druid-ConnectionPool-Create-302687243][DruidDataSource.java:2840] - create connection SQLException, url: jdbc:mysql://192.168.101.65:3306/xc402_content148?serverTimezone=UTC&userUnicode=true&useSSL=false&, errorCode 1049, state 42000
java.sql.SQLSyntaxErrorException: Unknown database 'xc402_content148'
	at com.mysql.cj.jdbc.exceptions.SQLError.createSQLException(SQLError.java:120)
	at com.mysql.cj.jdbc.exceptions.SQLExceptionsMapping.translateException(SQLExceptionsMapping.java:122)
	at com.mysql.cj.jdbc.ConnectionImpl.createNewIO(ConnectionImpl.java:828)
	at com.mysql.cj.jdbc.ConnectionImpl.<init>(ConnectionImpl.java:448)
	at com.mysql.cj.jdbc.ConnectionImpl.getInstance(ConnectionImpl.java:241)
	at com.mysql.cj.jdbc.NonRegisteringDriver.connect(NonRegisteringDriver.java:198)
	at com.alibaba.druid.pool.DruidAbstractDataSource.createPhysicalConnection(DruidAbstractDataSource.java:1657)
	at com.alibaba.druid.pool.DruidAbstractDataSource.createPhysicalConnection(DruidAbstractDataSource.java:1723)
	at com.alibaba.druid.pool.DruidDataSource$CreateConnectionThread.run(DruidDataSource.java:2838)
2024-11-11 22:52:19,356 ERROR [Druid-ConnectionPool-Create-302687243][DruidDataSource.java:2840] - create connection SQLException, url: jdbc:mysql://192.168.101.65:3306/xc402_content148?serverTimezone=UTC&userUnicode=true&useSSL=false&, errorCode 1049, state 42000
java.sql.SQLSyntaxErrorException: Unknown database 'xc402_content148'
	at com.mysql.cj.jdbc.exceptions.SQLError.createSQLException(SQLError.java:120)
	at com.mysql.cj.jdbc.exceptions.SQLExceptionsMapping.translateException(SQLExceptionsMapping.java:122)
	at com.mysql.cj.jdbc.ConnectionImpl.createNewIO(ConnectionImpl.java:828)
	at com.mysql.cj.jdbc.ConnectionImpl.<init>(ConnectionImpl.java:448)
	at com.mysql.cj.jdbc.ConnectionImpl.getInstance(ConnectionImpl.java:241)
	at com.mysql.cj.jdbc.NonRegisteringDriver.connect(NonRegisteringDriver.java:198)
	at com.alibaba.druid.pool.DruidAbstractDataSource.createPhysicalConnection(DruidAbstractDataSource.java:1657)
	at com.alibaba.druid.pool.DruidAbstractDataSource.createPhysicalConnection(DruidAbstractDataSource.java:1723)
	at com.alibaba.druid.pool.DruidDataSource$CreateConnectionThread.run(DruidDataSource.java:2838)
2024-11-11 22:52:19,865 ERROR [Druid-ConnectionPool-Create-302687243][DruidDataSource.java:2840] - create connection SQLException, url: jdbc:mysql://192.168.101.65:3306/xc402_content148?serverTimezone=UTC&userUnicode=true&useSSL=false&, errorCode 1049, state 42000
java.sql.SQLSyntaxErrorException: Unknown database 'xc402_content148'
	at com.mysql.cj.jdbc.exceptions.SQLError.createSQLException(SQLError.java:120)
	at com.mysql.cj.jdbc.exceptions.SQLExceptionsMapping.translateException(SQLExceptionsMapping.java:122)
	at com.mysql.cj.jdbc.ConnectionImpl.createNewIO(ConnectionImpl.java:828)
	at com.mysql.cj.jdbc.ConnectionImpl.<init>(ConnectionImpl.java:448)
	at com.mysql.cj.jdbc.ConnectionImpl.getInstance(ConnectionImpl.java:241)
	at com.mysql.cj.jdbc.NonRegisteringDriver.connect(NonRegisteringDriver.java:198)
	at com.alibaba.druid.pool.DruidAbstractDataSource.createPhysicalConnection(DruidAbstractDataSource.java:1657)
	at com.alibaba.druid.pool.DruidAbstractDataSource.createPhysicalConnection(DruidAbstractDataSource.java:1723)
	at com.alibaba.druid.pool.DruidDataSource$CreateConnectionThread.run(DruidDataSource.java:2838)
2024-11-11 22:52:20,381 ERROR [Druid-ConnectionPool-Create-302687243][DruidDataSource.java:2840] - create connection SQLException, url: jdbc:mysql://192.168.101.65:3306/xc402_content148?serverTimezone=UTC&userUnicode=true&useSSL=false&, errorCode 1049, state 42000
java.sql.SQLSyntaxErrorException: Unknown database 'xc402_content148'
	at com.mysql.cj.jdbc.exceptions.SQLError.createSQLException(SQLError.java:120)
	at com.mysql.cj.jdbc.exceptions.SQLExceptionsMapping.translateException(SQLExceptionsMapping.java:122)
	at com.mysql.cj.jdbc.ConnectionImpl.createNewIO(ConnectionImpl.java:828)
	at com.mysql.cj.jdbc.ConnectionImpl.<init>(ConnectionImpl.java:448)
	at com.mysql.cj.jdbc.ConnectionImpl.getInstance(ConnectionImpl.java:241)
	at com.mysql.cj.jdbc.NonRegisteringDriver.connect(NonRegisteringDriver.java:198)
	at com.alibaba.druid.pool.DruidAbstractDataSource.createPhysicalConnection(DruidAbstractDataSource.java:1657)
	at com.alibaba.druid.pool.DruidAbstractDataSource.createPhysicalConnection(DruidAbstractDataSource.java:1723)
	at com.alibaba.druid.pool.DruidDataSource$CreateConnectionThread.run(DruidDataSource.java:2838)
2024-11-11 22:52:20,897 ERROR [Druid-ConnectionPool-Create-302687243][DruidDataSource.java:2840] - create connection SQLException, url: jdbc:mysql://192.168.101.65:3306/xc402_content148?serverTimezone=UTC&userUnicode=true&useSSL=false&, errorCode 1049, state 42000
java.sql.SQLSyntaxErrorException: Unknown database 'xc402_content148'
	at com.mysql.cj.jdbc.exceptions.SQLError.createSQLException(SQLError.java:120)
	at com.mysql.cj.jdbc.exceptions.SQLExceptionsMapping.translateException(SQLExceptionsMapping.java:122)
	at com.mysql.cj.jdbc.ConnectionImpl.createNewIO(ConnectionImpl.java:828)
	at com.mysql.cj.jdbc.ConnectionImpl.<init>(ConnectionImpl.java:448)
	at com.mysql.cj.jdbc.ConnectionImpl.getInstance(ConnectionImpl.java:241)
	at com.mysql.cj.jdbc.NonRegisteringDriver.connect(NonRegisteringDriver.java:198)
	at com.alibaba.druid.pool.DruidAbstractDataSource.createPhysicalConnection(DruidAbstractDataSource.java:1657)
	at com.alibaba.druid.pool.DruidAbstractDataSource.createPhysicalConnection(DruidAbstractDataSource.java:1723)
	at com.alibaba.druid.pool.DruidDataSource$CreateConnectionThread.run(DruidDataSource.java:2838)
2024-11-11 22:52:21,406 ERROR [Druid-ConnectionPool-Create-302687243][DruidDataSource.java:2840] - create connection SQLException, url: jdbc:mysql://192.168.101.65:3306/xc402_content148?serverTimezone=UTC&userUnicode=true&useSSL=false&, errorCode 1049, state 42000
java.sql.SQLSyntaxErrorException: Unknown database 'xc402_content148'
	at com.mysql.cj.jdbc.exceptions.SQLError.createSQLException(SQLError.java:120)
	at com.mysql.cj.jdbc.exceptions.SQLExceptionsMapping.translateException(SQLExceptionsMapping.java:122)
	at com.mysql.cj.jdbc.ConnectionImpl.createNewIO(ConnectionImpl.java:828)
	at com.mysql.cj.jdbc.ConnectionImpl.<init>(ConnectionImpl.java:448)
	at com.mysql.cj.jdbc.ConnectionImpl.getInstance(ConnectionImpl.java:241)
	at com.mysql.cj.jdbc.NonRegisteringDriver.connect(NonRegisteringDriver.java:198)
	at com.alibaba.druid.pool.DruidAbstractDataSource.createPhysicalConnection(DruidAbstractDataSource.java:1657)
	at com.alibaba.druid.pool.DruidAbstractDataSource.createPhysicalConnection(DruidAbstractDataSource.java:1723)
	at com.alibaba.druid.pool.DruidDataSource$CreateConnectionThread.run(DruidDataSource.java:2838)
2024-11-11 22:52:21,933 ERROR [Druid-ConnectionPool-Create-302687243][DruidDataSource.java:2840] - create connection SQLException, url: jdbc:mysql://192.168.101.65:3306/xc402_content148?serverTimezone=UTC&userUnicode=true&useSSL=false&, errorCode 1049, state 42000
java.sql.SQLSyntaxErrorException: Unknown database 'xc402_content148'
	at com.mysql.cj.jdbc.exceptions.SQLError.createSQLException(SQLError.java:120)
	at com.mysql.cj.jdbc.exceptions.SQLExceptionsMapping.translateException(SQLExceptionsMapping.java:122)
	at com.mysql.cj.jdbc.ConnectionImpl.createNewIO(ConnectionImpl.java:828)
	at com.mysql.cj.jdbc.ConnectionImpl.<init>(ConnectionImpl.java:448)
	at com.mysql.cj.jdbc.ConnectionImpl.getInstance(ConnectionImpl.java:241)
	at com.mysql.cj.jdbc.NonRegisteringDriver.connect(NonRegisteringDriver.java:198)
	at com.alibaba.druid.pool.DruidAbstractDataSource.createPhysicalConnection(DruidAbstractDataSource.java:1657)
	at com.alibaba.druid.pool.DruidAbstractDataSource.createPhysicalConnection(DruidAbstractDataSource.java:1723)
	at com.alibaba.druid.pool.DruidDataSource$CreateConnectionThread.run(DruidDataSource.java:2838)
2024-11-11 22:52:22,446 ERROR [Druid-ConnectionPool-Create-302687243][DruidDataSource.java:2840] - create connection SQLException, url: jdbc:mysql://192.168.101.65:3306/xc402_content148?serverTimezone=UTC&userUnicode=true&useSSL=false&, errorCode 1049, state 42000
java.sql.SQLSyntaxErrorException: Unknown database 'xc402_content148'
	at com.mysql.cj.jdbc.exceptions.SQLError.createSQLException(SQLError.java:120)
	at com.mysql.cj.jdbc.exceptions.SQLExceptionsMapping.translateException(SQLExceptionsMapping.java:122)
	at com.mysql.cj.jdbc.ConnectionImpl.createNewIO(ConnectionImpl.java:828)
	at com.mysql.cj.jdbc.ConnectionImpl.<init>(ConnectionImpl.java:448)
	at com.mysql.cj.jdbc.ConnectionImpl.getInstance(ConnectionImpl.java:241)
	at com.mysql.cj.jdbc.NonRegisteringDriver.connect(NonRegisteringDriver.java:198)
	at com.alibaba.druid.pool.DruidAbstractDataSource.createPhysicalConnection(DruidAbstractDataSource.java:1657)
	at com.alibaba.druid.pool.DruidAbstractDataSource.createPhysicalConnection(DruidAbstractDataSource.java:1723)
	at com.alibaba.druid.pool.DruidDataSource$CreateConnectionThread.run(DruidDataSource.java:2838)
2024-11-11 22:52:22,959 ERROR [Druid-ConnectionPool-Create-302687243][DruidDataSource.java:2840] - create connection SQLException, url: jdbc:mysql://192.168.101.65:3306/xc402_content148?serverTimezone=UTC&userUnicode=true&useSSL=false&, errorCode 1049, state 42000
java.sql.SQLSyntaxErrorException: Unknown database 'xc402_content148'
	at com.mysql.cj.jdbc.exceptions.SQLError.createSQLException(SQLError.java:120)
	at com.mysql.cj.jdbc.exceptions.SQLExceptionsMapping.translateException(SQLExceptionsMapping.java:122)
	at com.mysql.cj.jdbc.ConnectionImpl.createNewIO(ConnectionImpl.java:828)
	at com.mysql.cj.jdbc.ConnectionImpl.<init>(ConnectionImpl.java:448)
	at com.mysql.cj.jdbc.ConnectionImpl.getInstance(ConnectionImpl.java:241)
	at com.mysql.cj.jdbc.NonRegisteringDriver.connect(NonRegisteringDriver.java:198)
	at com.alibaba.druid.pool.DruidAbstractDataSource.createPhysicalConnection(DruidAbstractDataSource.java:1657)
	at com.alibaba.druid.pool.DruidAbstractDataSource.createPhysicalConnection(DruidAbstractDataSource.java:1723)
	at com.alibaba.druid.pool.DruidDataSource$CreateConnectionThread.run(DruidDataSource.java:2838)
2024-11-11 22:52:23,481 ERROR [Druid-ConnectionPool-Create-302687243][DruidDataSource.java:2840] - create connection SQLException, url: jdbc:mysql://192.168.101.65:3306/xc402_content148?serverTimezone=UTC&userUnicode=true&useSSL=false&, errorCode 1049, state 42000
java.sql.SQLSyntaxErrorException: Unknown database 'xc402_content148'
	at com.mysql.cj.jdbc.exceptions.SQLError.createSQLException(SQLError.java:120)
	at com.mysql.cj.jdbc.exceptions.SQLExceptionsMapping.translateException(SQLExceptionsMapping.java:122)
	at com.mysql.cj.jdbc.ConnectionImpl.createNewIO(ConnectionImpl.java:828)
	at com.mysql.cj.jdbc.ConnectionImpl.<init>(ConnectionImpl.java:448)
	at com.mysql.cj.jdbc.ConnectionImpl.getInstance(ConnectionImpl.java:241)
	at com.mysql.cj.jdbc.NonRegisteringDriver.connect(NonRegisteringDriver.java:198)
	at com.alibaba.druid.pool.DruidAbstractDataSource.createPhysicalConnection(DruidAbstractDataSource.java:1657)
	at com.alibaba.druid.pool.DruidAbstractDataSource.createPhysicalConnection(DruidAbstractDataSource.java:1723)
	at com.alibaba.druid.pool.DruidDataSource$CreateConnectionThread.run(DruidDataSource.java:2838)
2024-11-11 22:52:23,994 ERROR [Druid-ConnectionPool-Create-302687243][DruidDataSource.java:2840] - create connection SQLException, url: jdbc:mysql://192.168.101.65:3306/xc402_content148?serverTimezone=UTC&userUnicode=true&useSSL=false&, errorCode 1049, state 42000
java.sql.SQLSyntaxErrorException: Unknown database 'xc402_content148'
	at com.mysql.cj.jdbc.exceptions.SQLError.createSQLException(SQLError.java:120)
	at com.mysql.cj.jdbc.exceptions.SQLExceptionsMapping.translateException(SQLExceptionsMapping.java:122)
	at com.mysql.cj.jdbc.ConnectionImpl.createNewIO(ConnectionImpl.java:828)
	at com.mysql.cj.jdbc.ConnectionImpl.<init>(ConnectionImpl.java:448)
	at com.mysql.cj.jdbc.ConnectionImpl.getInstance(ConnectionImpl.java:241)
	at com.mysql.cj.jdbc.NonRegisteringDriver.connect(NonRegisteringDriver.java:198)
	at com.alibaba.druid.pool.DruidAbstractDataSource.createPhysicalConnection(DruidAbstractDataSource.java:1657)
	at com.alibaba.druid.pool.DruidAbstractDataSource.createPhysicalConnection(DruidAbstractDataSource.java:1723)
	at com.alibaba.druid.pool.DruidDataSource$CreateConnectionThread.run(DruidDataSource.java:2838)
2024-11-11 22:52:24,506 ERROR [Druid-ConnectionPool-Create-302687243][DruidDataSource.java:2840] - create connection SQLException, url: jdbc:mysql://192.168.101.65:3306/xc402_content148?serverTimezone=UTC&userUnicode=true&useSSL=false&, errorCode 1049, state 42000
java.sql.SQLSyntaxErrorException: Unknown database 'xc402_content148'
	at com.mysql.cj.jdbc.exceptions.SQLError.createSQLException(SQLError.java:120)
	at com.mysql.cj.jdbc.exceptions.SQLExceptionsMapping.translateException(SQLExceptionsMapping.java:122)
	at com.mysql.cj.jdbc.ConnectionImpl.createNewIO(ConnectionImpl.java:828)
	at com.mysql.cj.jdbc.ConnectionImpl.<init>(ConnectionImpl.java:448)
	at com.mysql.cj.jdbc.ConnectionImpl.getInstance(ConnectionImpl.java:241)
	at com.mysql.cj.jdbc.NonRegisteringDriver.connect(NonRegisteringDriver.java:198)
	at com.alibaba.druid.pool.DruidAbstractDataSource.createPhysicalConnection(DruidAbstractDataSource.java:1657)
	at com.alibaba.druid.pool.DruidAbstractDataSource.createPhysicalConnection(DruidAbstractDataSource.java:1723)
	at com.alibaba.druid.pool.DruidDataSource$CreateConnectionThread.run(DruidDataSource.java:2838)
2024-11-11 22:52:25,016 ERROR [Druid-ConnectionPool-Create-302687243][DruidDataSource.java:2840] - create connection SQLException, url: jdbc:mysql://192.168.101.65:3306/xc402_content148?serverTimezone=UTC&userUnicode=true&useSSL=false&, errorCode 1049, state 42000
java.sql.SQLSyntaxErrorException: Unknown database 'xc402_content148'
	at com.mysql.cj.jdbc.exceptions.SQLError.createSQLException(SQLError.java:120)
	at com.mysql.cj.jdbc.exceptions.SQLExceptionsMapping.translateException(SQLExceptionsMapping.java:122)
	at com.mysql.cj.jdbc.ConnectionImpl.createNewIO(ConnectionImpl.java:828)
	at com.mysql.cj.jdbc.ConnectionImpl.<init>(ConnectionImpl.java:448)
	at com.mysql.cj.jdbc.ConnectionImpl.getInstance(ConnectionImpl.java:241)
	at com.mysql.cj.jdbc.NonRegisteringDriver.connect(NonRegisteringDriver.java:198)
	at com.alibaba.druid.pool.DruidAbstractDataSource.createPhysicalConnection(DruidAbstractDataSource.java:1657)
	at com.alibaba.druid.pool.DruidAbstractDataSource.createPhysicalConnection(DruidAbstractDataSource.java:1723)
	at com.alibaba.druid.pool.DruidDataSource$CreateConnectionThread.run(DruidDataSource.java:2838)
2024-11-11 22:52:25,542 ERROR [Druid-ConnectionPool-Create-302687243][DruidDataSource.java:2840] - create connection SQLException, url: jdbc:mysql://192.168.101.65:3306/xc402_content148?serverTimezone=UTC&userUnicode=true&useSSL=false&, errorCode 1049, state 42000
java.sql.SQLSyntaxErrorException: Unknown database 'xc402_content148'
	at com.mysql.cj.jdbc.exceptions.SQLError.createSQLException(SQLError.java:120)
	at com.mysql.cj.jdbc.exceptions.SQLExceptionsMapping.translateException(SQLExceptionsMapping.java:122)
	at com.mysql.cj.jdbc.ConnectionImpl.createNewIO(ConnectionImpl.java:828)
	at com.mysql.cj.jdbc.ConnectionImpl.<init>(ConnectionImpl.java:448)
	at com.mysql.cj.jdbc.ConnectionImpl.getInstance(ConnectionImpl.java:241)
	at com.mysql.cj.jdbc.NonRegisteringDriver.connect(NonRegisteringDriver.java:198)
	at com.alibaba.druid.pool.DruidAbstractDataSource.createPhysicalConnection(DruidAbstractDataSource.java:1657)
	at com.alibaba.druid.pool.DruidAbstractDataSource.createPhysicalConnection(DruidAbstractDataSource.java:1723)
	at com.alibaba.druid.pool.DruidDataSource$CreateConnectionThread.run(DruidDataSource.java:2838)
2024-11-11 22:52:26,057 ERROR [Druid-ConnectionPool-Create-302687243][DruidDataSource.java:2840] - create connection SQLException, url: jdbc:mysql://192.168.101.65:3306/xc402_content148?serverTimezone=UTC&userUnicode=true&useSSL=false&, errorCode 1049, state 42000
java.sql.SQLSyntaxErrorException: Unknown database 'xc402_content148'
	at com.mysql.cj.jdbc.exceptions.SQLError.createSQLException(SQLError.java:120)
	at com.mysql.cj.jdbc.exceptions.SQLExceptionsMapping.translateException(SQLExceptionsMapping.java:122)
	at com.mysql.cj.jdbc.ConnectionImpl.createNewIO(ConnectionImpl.java:828)
	at com.mysql.cj.jdbc.ConnectionImpl.<init>(ConnectionImpl.java:448)
	at com.mysql.cj.jdbc.ConnectionImpl.getInstance(ConnectionImpl.java:241)
	at com.mysql.cj.jdbc.NonRegisteringDriver.connect(NonRegisteringDriver.java:198)
	at com.alibaba.druid.pool.DruidAbstractDataSource.createPhysicalConnection(DruidAbstractDataSource.java:1657)
	at com.alibaba.druid.pool.DruidAbstractDataSource.createPhysicalConnection(DruidAbstractDataSource.java:1723)
	at com.alibaba.druid.pool.DruidDataSource$CreateConnectionThread.run(DruidDataSource.java:2838)
2024-11-11 22:52:26,585 ERROR [Druid-ConnectionPool-Create-302687243][DruidDataSource.java:2840] - create connection SQLException, url: jdbc:mysql://192.168.101.65:3306/xc402_content148?serverTimezone=UTC&userUnicode=true&useSSL=false&, errorCode 1049, state 42000
java.sql.SQLSyntaxErrorException: Unknown database 'xc402_content148'
	at com.mysql.cj.jdbc.exceptions.SQLError.createSQLException(SQLError.java:120)
	at com.mysql.cj.jdbc.exceptions.SQLExceptionsMapping.translateException(SQLExceptionsMapping.java:122)
	at com.mysql.cj.jdbc.ConnectionImpl.createNewIO(ConnectionImpl.java:828)
	at com.mysql.cj.jdbc.ConnectionImpl.<init>(ConnectionImpl.java:448)
	at com.mysql.cj.jdbc.ConnectionImpl.getInstance(ConnectionImpl.java:241)
	at com.mysql.cj.jdbc.NonRegisteringDriver.connect(NonRegisteringDriver.java:198)
	at com.alibaba.druid.pool.DruidAbstractDataSource.createPhysicalConnection(DruidAbstractDataSource.java:1657)
	at com.alibaba.druid.pool.DruidAbstractDataSource.createPhysicalConnection(DruidAbstractDataSource.java:1723)
	at com.alibaba.druid.pool.DruidDataSource$CreateConnectionThread.run(DruidDataSource.java:2838)
2024-11-11 22:52:27,096 ERROR [Druid-ConnectionPool-Create-302687243][DruidDataSource.java:2840] - create connection SQLException, url: jdbc:mysql://192.168.101.65:3306/xc402_content148?serverTimezone=UTC&userUnicode=true&useSSL=false&, errorCode 1049, state 42000
java.sql.SQLSyntaxErrorException: Unknown database 'xc402_content148'
	at com.mysql.cj.jdbc.exceptions.SQLError.createSQLException(SQLError.java:120)
	at com.mysql.cj.jdbc.exceptions.SQLExceptionsMapping.translateException(SQLExceptionsMapping.java:122)
	at com.mysql.cj.jdbc.ConnectionImpl.createNewIO(ConnectionImpl.java:828)
	at com.mysql.cj.jdbc.ConnectionImpl.<init>(ConnectionImpl.java:448)
	at com.mysql.cj.jdbc.ConnectionImpl.getInstance(ConnectionImpl.java:241)
	at com.mysql.cj.jdbc.NonRegisteringDriver.connect(NonRegisteringDriver.java:198)
	at com.alibaba.druid.pool.DruidAbstractDataSource.createPhysicalConnection(DruidAbstractDataSource.java:1657)
	at com.alibaba.druid.pool.DruidAbstractDataSource.createPhysicalConnection(DruidAbstractDataSource.java:1723)
	at com.alibaba.druid.pool.DruidDataSource$CreateConnectionThread.run(DruidDataSource.java:2838)
2024-11-11 22:52:27,610 ERROR [Druid-ConnectionPool-Create-302687243][DruidDataSource.java:2840] - create connection SQLException, url: jdbc:mysql://192.168.101.65:3306/xc402_content148?serverTimezone=UTC&userUnicode=true&useSSL=false&, errorCode 1049, state 42000
java.sql.SQLSyntaxErrorException: Unknown database 'xc402_content148'
	at com.mysql.cj.jdbc.exceptions.SQLError.createSQLException(SQLError.java:120)
	at com.mysql.cj.jdbc.exceptions.SQLExceptionsMapping.translateException(SQLExceptionsMapping.java:122)
	at com.mysql.cj.jdbc.ConnectionImpl.createNewIO(ConnectionImpl.java:828)
	at com.mysql.cj.jdbc.ConnectionImpl.<init>(ConnectionImpl.java:448)
	at com.mysql.cj.jdbc.ConnectionImpl.getInstance(ConnectionImpl.java:241)
	at com.mysql.cj.jdbc.NonRegisteringDriver.connect(NonRegisteringDriver.java:198)
	at com.alibaba.druid.pool.DruidAbstractDataSource.createPhysicalConnection(DruidAbstractDataSource.java:1657)
	at com.alibaba.druid.pool.DruidAbstractDataSource.createPhysicalConnection(DruidAbstractDataSource.java:1723)
	at com.alibaba.druid.pool.DruidDataSource$CreateConnectionThread.run(DruidDataSource.java:2838)
2024-11-11 22:52:28,125 ERROR [Druid-ConnectionPool-Create-302687243][DruidDataSource.java:2840] - create connection SQLException, url: jdbc:mysql://192.168.101.65:3306/xc402_content148?serverTimezone=UTC&userUnicode=true&useSSL=false&, errorCode 1049, state 42000
java.sql.SQLSyntaxErrorException: Unknown database 'xc402_content148'
	at com.mysql.cj.jdbc.exceptions.SQLError.createSQLException(SQLError.java:120)
	at com.mysql.cj.jdbc.exceptions.SQLExceptionsMapping.translateException(SQLExceptionsMapping.java:122)
	at com.mysql.cj.jdbc.ConnectionImpl.createNewIO(ConnectionImpl.java:828)
	at com.mysql.cj.jdbc.ConnectionImpl.<init>(ConnectionImpl.java:448)
	at com.mysql.cj.jdbc.ConnectionImpl.getInstance(ConnectionImpl.java:241)
	at com.mysql.cj.jdbc.NonRegisteringDriver.connect(NonRegisteringDriver.java:198)
	at com.alibaba.druid.pool.DruidAbstractDataSource.createPhysicalConnection(DruidAbstractDataSource.java:1657)
	at com.alibaba.druid.pool.DruidAbstractDataSource.createPhysicalConnection(DruidAbstractDataSource.java:1723)
	at com.alibaba.druid.pool.DruidDataSource$CreateConnectionThread.run(DruidDataSource.java:2838)
2024-11-11 22:52:28,652 ERROR [Druid-ConnectionPool-Create-302687243][DruidDataSource.java:2840] - create connection SQLException, url: jdbc:mysql://192.168.101.65:3306/xc402_content148?serverTimezone=UTC&userUnicode=true&useSSL=false&, errorCode 1049, state 42000
java.sql.SQLSyntaxErrorException: Unknown database 'xc402_content148'
	at com.mysql.cj.jdbc.exceptions.SQLError.createSQLException(SQLError.java:120)
	at com.mysql.cj.jdbc.exceptions.SQLExceptionsMapping.translateException(SQLExceptionsMapping.java:122)
	at com.mysql.cj.jdbc.ConnectionImpl.createNewIO(ConnectionImpl.java:828)
	at com.mysql.cj.jdbc.ConnectionImpl.<init>(ConnectionImpl.java:448)
	at com.mysql.cj.jdbc.ConnectionImpl.getInstance(ConnectionImpl.java:241)
	at com.mysql.cj.jdbc.NonRegisteringDriver.connect(NonRegisteringDriver.java:198)
	at com.alibaba.druid.pool.DruidAbstractDataSource.createPhysicalConnection(DruidAbstractDataSource.java:1657)
	at com.alibaba.druid.pool.DruidAbstractDataSource.createPhysicalConnection(DruidAbstractDataSource.java:1723)
	at com.alibaba.druid.pool.DruidDataSource$CreateConnectionThread.run(DruidDataSource.java:2838)
2024-11-11 22:52:29,173 ERROR [Druid-ConnectionPool-Create-302687243][DruidDataSource.java:2840] - create connection SQLException, url: jdbc:mysql://192.168.101.65:3306/xc402_content148?serverTimezone=UTC&userUnicode=true&useSSL=false&, errorCode 1049, state 42000
java.sql.SQLSyntaxErrorException: Unknown database 'xc402_content148'
	at com.mysql.cj.jdbc.exceptions.SQLError.createSQLException(SQLError.java:120)
	at com.mysql.cj.jdbc.exceptions.SQLExceptionsMapping.translateException(SQLExceptionsMapping.java:122)
	at com.mysql.cj.jdbc.ConnectionImpl.createNewIO(ConnectionImpl.java:828)
	at com.mysql.cj.jdbc.ConnectionImpl.<init>(ConnectionImpl.java:448)
	at com.mysql.cj.jdbc.ConnectionImpl.getInstance(ConnectionImpl.java:241)
	at com.mysql.cj.jdbc.NonRegisteringDriver.connect(NonRegisteringDriver.java:198)
	at com.alibaba.druid.pool.DruidAbstractDataSource.createPhysicalConnection(DruidAbstractDataSource.java:1657)
	at com.alibaba.druid.pool.DruidAbstractDataSource.createPhysicalConnection(DruidAbstractDataSource.java:1723)
	at com.alibaba.druid.pool.DruidDataSource$CreateConnectionThread.run(DruidDataSource.java:2838)
2024-11-11 22:52:29,685 ERROR [Druid-ConnectionPool-Create-302687243][DruidDataSource.java:2840] - create connection SQLException, url: jdbc:mysql://192.168.101.65:3306/xc402_content148?serverTimezone=UTC&userUnicode=true&useSSL=false&, errorCode 1049, state 42000
java.sql.SQLSyntaxErrorException: Unknown database 'xc402_content148'
	at com.mysql.cj.jdbc.exceptions.SQLError.createSQLException(SQLError.java:120)
	at com.mysql.cj.jdbc.exceptions.SQLExceptionsMapping.translateException(SQLExceptionsMapping.java:122)
	at com.mysql.cj.jdbc.ConnectionImpl.createNewIO(ConnectionImpl.java:828)
	at com.mysql.cj.jdbc.ConnectionImpl.<init>(ConnectionImpl.java:448)
	at com.mysql.cj.jdbc.ConnectionImpl.getInstance(ConnectionImpl.java:241)
	at com.mysql.cj.jdbc.NonRegisteringDriver.connect(NonRegisteringDriver.java:198)
	at com.alibaba.druid.pool.DruidAbstractDataSource.createPhysicalConnection(DruidAbstractDataSource.java:1657)
	at com.alibaba.druid.pool.DruidAbstractDataSource.createPhysicalConnection(DruidAbstractDataSource.java:1723)
	at com.alibaba.druid.pool.DruidDataSource$CreateConnectionThread.run(DruidDataSource.java:2838)
2024-11-11 22:52:30,207 ERROR [Druid-ConnectionPool-Create-302687243][DruidDataSource.java:2840] - create connection SQLException, url: jdbc:mysql://192.168.101.65:3306/xc402_content148?serverTimezone=UTC&userUnicode=true&useSSL=false&, errorCode 1049, state 42000
java.sql.SQLSyntaxErrorException: Unknown database 'xc402_content148'
	at com.mysql.cj.jdbc.exceptions.SQLError.createSQLException(SQLError.java:120)
	at com.mysql.cj.jdbc.exceptions.SQLExceptionsMapping.translateException(SQLExceptionsMapping.java:122)
	at com.mysql.cj.jdbc.ConnectionImpl.createNewIO(ConnectionImpl.java:828)
	at com.mysql.cj.jdbc.ConnectionImpl.<init>(ConnectionImpl.java:448)
	at com.mysql.cj.jdbc.ConnectionImpl.getInstance(ConnectionImpl.java:241)
	at com.mysql.cj.jdbc.NonRegisteringDriver.connect(NonRegisteringDriver.java:198)
	at com.alibaba.druid.pool.DruidAbstractDataSource.createPhysicalConnection(DruidAbstractDataSource.java:1657)
	at com.alibaba.druid.pool.DruidAbstractDataSource.createPhysicalConnection(DruidAbstractDataSource.java:1723)
	at com.alibaba.druid.pool.DruidDataSource$CreateConnectionThread.run(DruidDataSource.java:2838)
2024-11-11 22:52:30,721 ERROR [Druid-ConnectionPool-Create-302687243][DruidDataSource.java:2840] - create connection SQLException, url: jdbc:mysql://192.168.101.65:3306/xc402_content148?serverTimezone=UTC&userUnicode=true&useSSL=false&, errorCode 1049, state 42000
java.sql.SQLSyntaxErrorException: Unknown database 'xc402_content148'
	at com.mysql.cj.jdbc.exceptions.SQLError.createSQLException(SQLError.java:120)
	at com.mysql.cj.jdbc.exceptions.SQLExceptionsMapping.translateException(SQLExceptionsMapping.java:122)
	at com.mysql.cj.jdbc.ConnectionImpl.createNewIO(ConnectionImpl.java:828)
	at com.mysql.cj.jdbc.ConnectionImpl.<init>(ConnectionImpl.java:448)
	at com.mysql.cj.jdbc.ConnectionImpl.getInstance(ConnectionImpl.java:241)
	at com.mysql.cj.jdbc.NonRegisteringDriver.connect(NonRegisteringDriver.java:198)
	at com.alibaba.druid.pool.DruidAbstractDataSource.createPhysicalConnection(DruidAbstractDataSource.java:1657)
	at com.alibaba.druid.pool.DruidAbstractDataSource.createPhysicalConnection(DruidAbstractDataSource.java:1723)
	at com.alibaba.druid.pool.DruidDataSource$CreateConnectionThread.run(DruidDataSource.java:2838)
2024-11-11 22:52:31,235 ERROR [Druid-ConnectionPool-Create-302687243][DruidDataSource.java:2840] - create connection SQLException, url: jdbc:mysql://192.168.101.65:3306/xc402_content148?serverTimezone=UTC&userUnicode=true&useSSL=false&, errorCode 1049, state 42000
java.sql.SQLSyntaxErrorException: Unknown database 'xc402_content148'
	at com.mysql.cj.jdbc.exceptions.SQLError.createSQLException(SQLError.java:120)
	at com.mysql.cj.jdbc.exceptions.SQLExceptionsMapping.translateException(SQLExceptionsMapping.java:122)
	at com.mysql.cj.jdbc.ConnectionImpl.createNewIO(ConnectionImpl.java:828)
	at com.mysql.cj.jdbc.ConnectionImpl.<init>(ConnectionImpl.java:448)
	at com.mysql.cj.jdbc.ConnectionImpl.getInstance(ConnectionImpl.java:241)
	at com.mysql.cj.jdbc.NonRegisteringDriver.connect(NonRegisteringDriver.java:198)
	at com.alibaba.druid.pool.DruidAbstractDataSource.createPhysicalConnection(DruidAbstractDataSource.java:1657)
	at com.alibaba.druid.pool.DruidAbstractDataSource.createPhysicalConnection(DruidAbstractDataSource.java:1723)
	at com.alibaba.druid.pool.DruidDataSource$CreateConnectionThread.run(DruidDataSource.java:2838)
2024-11-11 22:52:31,758 ERROR [Druid-ConnectionPool-Create-302687243][DruidDataSource.java:2840] - create connection SQLException, url: jdbc:mysql://192.168.101.65:3306/xc402_content148?serverTimezone=UTC&userUnicode=true&useSSL=false&, errorCode 1049, state 42000
java.sql.SQLSyntaxErrorException: Unknown database 'xc402_content148'
	at com.mysql.cj.jdbc.exceptions.SQLError.createSQLException(SQLError.java:120)
	at com.mysql.cj.jdbc.exceptions.SQLExceptionsMapping.translateException(SQLExceptionsMapping.java:122)
	at com.mysql.cj.jdbc.ConnectionImpl.createNewIO(ConnectionImpl.java:828)
	at com.mysql.cj.jdbc.ConnectionImpl.<init>(ConnectionImpl.java:448)
	at com.mysql.cj.jdbc.ConnectionImpl.getInstance(ConnectionImpl.java:241)
	at com.mysql.cj.jdbc.NonRegisteringDriver.connect(NonRegisteringDriver.java:198)
	at com.alibaba.druid.pool.DruidAbstractDataSource.createPhysicalConnection(DruidAbstractDataSource.java:1657)
	at com.alibaba.druid.pool.DruidAbstractDataSource.createPhysicalConnection(DruidAbstractDataSource.java:1723)
	at com.alibaba.druid.pool.DruidDataSource$CreateConnectionThread.run(DruidDataSource.java:2838)
2024-11-11 22:52:32,283 ERROR [Druid-ConnectionPool-Create-302687243][DruidDataSource.java:2840] - create connection SQLException, url: jdbc:mysql://192.168.101.65:3306/xc402_content148?serverTimezone=UTC&userUnicode=true&useSSL=false&, errorCode 1049, state 42000
java.sql.SQLSyntaxErrorException: Unknown database 'xc402_content148'
	at com.mysql.cj.jdbc.exceptions.SQLError.createSQLException(SQLError.java:120)
	at com.mysql.cj.jdbc.exceptions.SQLExceptionsMapping.translateException(SQLExceptionsMapping.java:122)
	at com.mysql.cj.jdbc.ConnectionImpl.createNewIO(ConnectionImpl.java:828)
	at com.mysql.cj.jdbc.ConnectionImpl.<init>(ConnectionImpl.java:448)
	at com.mysql.cj.jdbc.ConnectionImpl.getInstance(ConnectionImpl.java:241)
	at com.mysql.cj.jdbc.NonRegisteringDriver.connect(NonRegisteringDriver.java:198)
	at com.alibaba.druid.pool.DruidAbstractDataSource.createPhysicalConnection(DruidAbstractDataSource.java:1657)
	at com.alibaba.druid.pool.DruidAbstractDataSource.createPhysicalConnection(DruidAbstractDataSource.java:1723)
	at com.alibaba.druid.pool.DruidDataSource$CreateConnectionThread.run(DruidDataSource.java:2838)
2024-11-11 22:52:32,830 ERROR [Druid-ConnectionPool-Create-302687243][DruidDataSource.java:2840] - create connection SQLException, url: jdbc:mysql://192.168.101.65:3306/xc402_content148?serverTimezone=UTC&userUnicode=true&useSSL=false&, errorCode 1049, state 42000
java.sql.SQLSyntaxErrorException: Unknown database 'xc402_content148'
	at com.mysql.cj.jdbc.exceptions.SQLError.createSQLException(SQLError.java:120)
	at com.mysql.cj.jdbc.exceptions.SQLExceptionsMapping.translateException(SQLExceptionsMapping.java:122)
	at com.mysql.cj.jdbc.ConnectionImpl.createNewIO(ConnectionImpl.java:828)
	at com.mysql.cj.jdbc.ConnectionImpl.<init>(ConnectionImpl.java:448)
	at com.mysql.cj.jdbc.ConnectionImpl.getInstance(ConnectionImpl.java:241)
	at com.mysql.cj.jdbc.NonRegisteringDriver.connect(NonRegisteringDriver.java:198)
	at com.alibaba.druid.pool.DruidAbstractDataSource.createPhysicalConnection(DruidAbstractDataSource.java:1657)
	at com.alibaba.druid.pool.DruidAbstractDataSource.createPhysicalConnection(DruidAbstractDataSource.java:1723)
	at com.alibaba.druid.pool.DruidDataSource$CreateConnectionThread.run(DruidDataSource.java:2838)
2024-11-11 22:52:33,351 ERROR [Druid-ConnectionPool-Create-302687243][DruidDataSource.java:2840] - create connection SQLException, url: jdbc:mysql://192.168.101.65:3306/xc402_content148?serverTimezone=UTC&userUnicode=true&useSSL=false&, errorCode 1049, state 42000
java.sql.SQLSyntaxErrorException: Unknown database 'xc402_content148'
	at com.mysql.cj.jdbc.exceptions.SQLError.createSQLException(SQLError.java:120)
	at com.mysql.cj.jdbc.exceptions.SQLExceptionsMapping.translateException(SQLExceptionsMapping.java:122)
	at com.mysql.cj.jdbc.ConnectionImpl.createNewIO(ConnectionImpl.java:828)
	at com.mysql.cj.jdbc.ConnectionImpl.<init>(ConnectionImpl.java:448)
	at com.mysql.cj.jdbc.ConnectionImpl.getInstance(ConnectionImpl.java:241)
	at com.mysql.cj.jdbc.NonRegisteringDriver.connect(NonRegisteringDriver.java:198)
	at com.alibaba.druid.pool.DruidAbstractDataSource.createPhysicalConnection(DruidAbstractDataSource.java:1657)
	at com.alibaba.druid.pool.DruidAbstractDataSource.createPhysicalConnection(DruidAbstractDataSource.java:1723)
	at com.alibaba.druid.pool.DruidDataSource$CreateConnectionThread.run(DruidDataSource.java:2838)
2024-11-11 22:52:33,867 ERROR [Druid-ConnectionPool-Create-302687243][DruidDataSource.java:2840] - create connection SQLException, url: jdbc:mysql://192.168.101.65:3306/xc402_content148?serverTimezone=UTC&userUnicode=true&useSSL=false&, errorCode 1049, state 42000
java.sql.SQLSyntaxErrorException: Unknown database 'xc402_content148'
	at com.mysql.cj.jdbc.exceptions.SQLError.createSQLException(SQLError.java:120)
	at com.mysql.cj.jdbc.exceptions.SQLExceptionsMapping.translateException(SQLExceptionsMapping.java:122)
	at com.mysql.cj.jdbc.ConnectionImpl.createNewIO(ConnectionImpl.java:828)
	at com.mysql.cj.jdbc.ConnectionImpl.<init>(ConnectionImpl.java:448)
	at com.mysql.cj.jdbc.ConnectionImpl.getInstance(ConnectionImpl.java:241)
	at com.mysql.cj.jdbc.NonRegisteringDriver.connect(NonRegisteringDriver.java:198)
	at com.alibaba.druid.pool.DruidAbstractDataSource.createPhysicalConnection(DruidAbstractDataSource.java:1657)
	at com.alibaba.druid.pool.DruidAbstractDataSource.createPhysicalConnection(DruidAbstractDataSource.java:1723)
	at com.alibaba.druid.pool.DruidDataSource$CreateConnectionThread.run(DruidDataSource.java:2838)
2024-11-11 22:52:34,378 ERROR [Druid-ConnectionPool-Create-302687243][DruidDataSource.java:2840] - create connection SQLException, url: jdbc:mysql://192.168.101.65:3306/xc402_content148?serverTimezone=UTC&userUnicode=true&useSSL=false&, errorCode 1049, state 42000
java.sql.SQLSyntaxErrorException: Unknown database 'xc402_content148'
	at com.mysql.cj.jdbc.exceptions.SQLError.createSQLException(SQLError.java:120)
	at com.mysql.cj.jdbc.exceptions.SQLExceptionsMapping.translateException(SQLExceptionsMapping.java:122)
	at com.mysql.cj.jdbc.ConnectionImpl.createNewIO(ConnectionImpl.java:828)
	at com.mysql.cj.jdbc.ConnectionImpl.<init>(ConnectionImpl.java:448)
	at com.mysql.cj.jdbc.ConnectionImpl.getInstance(ConnectionImpl.java:241)
	at com.mysql.cj.jdbc.NonRegisteringDriver.connect(NonRegisteringDriver.java:198)
	at com.alibaba.druid.pool.DruidAbstractDataSource.createPhysicalConnection(DruidAbstractDataSource.java:1657)
	at com.alibaba.druid.pool.DruidAbstractDataSource.createPhysicalConnection(DruidAbstractDataSource.java:1723)
	at com.alibaba.druid.pool.DruidDataSource$CreateConnectionThread.run(DruidDataSource.java:2838)
2024-11-11 22:52:34,885 ERROR [Druid-ConnectionPool-Create-302687243][DruidDataSource.java:2840] - create connection SQLException, url: jdbc:mysql://192.168.101.65:3306/xc402_content148?serverTimezone=UTC&userUnicode=true&useSSL=false&, errorCode 1049, state 42000
java.sql.SQLSyntaxErrorException: Unknown database 'xc402_content148'
	at com.mysql.cj.jdbc.exceptions.SQLError.createSQLException(SQLError.java:120)
	at com.mysql.cj.jdbc.exceptions.SQLExceptionsMapping.translateException(SQLExceptionsMapping.java:122)
	at com.mysql.cj.jdbc.ConnectionImpl.createNewIO(ConnectionImpl.java:828)
	at com.mysql.cj.jdbc.ConnectionImpl.<init>(ConnectionImpl.java:448)
	at com.mysql.cj.jdbc.ConnectionImpl.getInstance(ConnectionImpl.java:241)
	at com.mysql.cj.jdbc.NonRegisteringDriver.connect(NonRegisteringDriver.java:198)
	at com.alibaba.druid.pool.DruidAbstractDataSource.createPhysicalConnection(DruidAbstractDataSource.java:1657)
	at com.alibaba.druid.pool.DruidAbstractDataSource.createPhysicalConnection(DruidAbstractDataSource.java:1723)
	at com.alibaba.druid.pool.DruidDataSource$CreateConnectionThread.run(DruidDataSource.java:2838)
2024-11-11 22:52:35,402 ERROR [Druid-ConnectionPool-Create-302687243][DruidDataSource.java:2840] - create connection SQLException, url: jdbc:mysql://192.168.101.65:3306/xc402_content148?serverTimezone=UTC&userUnicode=true&useSSL=false&, errorCode 1049, state 42000
java.sql.SQLSyntaxErrorException: Unknown database 'xc402_content148'
	at com.mysql.cj.jdbc.exceptions.SQLError.createSQLException(SQLError.java:120)
	at com.mysql.cj.jdbc.exceptions.SQLExceptionsMapping.translateException(SQLExceptionsMapping.java:122)
	at com.mysql.cj.jdbc.ConnectionImpl.createNewIO(ConnectionImpl.java:828)
	at com.mysql.cj.jdbc.ConnectionImpl.<init>(ConnectionImpl.java:448)
	at com.mysql.cj.jdbc.ConnectionImpl.getInstance(ConnectionImpl.java:241)
	at com.mysql.cj.jdbc.NonRegisteringDriver.connect(NonRegisteringDriver.java:198)
	at com.alibaba.druid.pool.DruidAbstractDataSource.createPhysicalConnection(DruidAbstractDataSource.java:1657)
	at com.alibaba.druid.pool.DruidAbstractDataSource.createPhysicalConnection(DruidAbstractDataSource.java:1723)
	at com.alibaba.druid.pool.DruidDataSource$CreateConnectionThread.run(DruidDataSource.java:2838)
2024-11-11 22:52:35,933 ERROR [Druid-ConnectionPool-Create-302687243][DruidDataSource.java:2840] - create connection SQLException, url: jdbc:mysql://192.168.101.65:3306/xc402_content148?serverTimezone=UTC&userUnicode=true&useSSL=false&, errorCode 1049, state 42000
java.sql.SQLSyntaxErrorException: Unknown database 'xc402_content148'
	at com.mysql.cj.jdbc.exceptions.SQLError.createSQLException(SQLError.java:120)
	at com.mysql.cj.jdbc.exceptions.SQLExceptionsMapping.translateException(SQLExceptionsMapping.java:122)
	at com.mysql.cj.jdbc.ConnectionImpl.createNewIO(ConnectionImpl.java:828)
	at com.mysql.cj.jdbc.ConnectionImpl.<init>(ConnectionImpl.java:448)
	at com.mysql.cj.jdbc.ConnectionImpl.getInstance(ConnectionImpl.java:241)
	at com.mysql.cj.jdbc.NonRegisteringDriver.connect(NonRegisteringDriver.java:198)
	at com.alibaba.druid.pool.DruidAbstractDataSource.createPhysicalConnection(DruidAbstractDataSource.java:1657)
	at com.alibaba.druid.pool.DruidAbstractDataSource.createPhysicalConnection(DruidAbstractDataSource.java:1723)
	at com.alibaba.druid.pool.DruidDataSource$CreateConnectionThread.run(DruidDataSource.java:2838)
2024-11-11 22:52:36,452 ERROR [Druid-ConnectionPool-Create-302687243][DruidDataSource.java:2840] - create connection SQLException, url: jdbc:mysql://192.168.101.65:3306/xc402_content148?serverTimezone=UTC&userUnicode=true&useSSL=false&, errorCode 1049, state 42000
java.sql.SQLSyntaxErrorException: Unknown database 'xc402_content148'
	at com.mysql.cj.jdbc.exceptions.SQLError.createSQLException(SQLError.java:120)
	at com.mysql.cj.jdbc.exceptions.SQLExceptionsMapping.translateException(SQLExceptionsMapping.java:122)
	at com.mysql.cj.jdbc.ConnectionImpl.createNewIO(ConnectionImpl.java:828)
	at com.mysql.cj.jdbc.ConnectionImpl.<init>(ConnectionImpl.java:448)
	at com.mysql.cj.jdbc.ConnectionImpl.getInstance(ConnectionImpl.java:241)
	at com.mysql.cj.jdbc.NonRegisteringDriver.connect(NonRegisteringDriver.java:198)
	at com.alibaba.druid.pool.DruidAbstractDataSource.createPhysicalConnection(DruidAbstractDataSource.java:1657)
	at com.alibaba.druid.pool.DruidAbstractDataSource.createPhysicalConnection(DruidAbstractDataSource.java:1723)
	at com.alibaba.druid.pool.DruidDataSource$CreateConnectionThread.run(DruidDataSource.java:2838)
2024-11-11 22:52:36,965 ERROR [Druid-ConnectionPool-Create-302687243][DruidDataSource.java:2840] - create connection SQLException, url: jdbc:mysql://192.168.101.65:3306/xc402_content148?serverTimezone=UTC&userUnicode=true&useSSL=false&, errorCode 1049, state 42000
java.sql.SQLSyntaxErrorException: Unknown database 'xc402_content148'
	at com.mysql.cj.jdbc.exceptions.SQLError.createSQLException(SQLError.java:120)
	at com.mysql.cj.jdbc.exceptions.SQLExceptionsMapping.translateException(SQLExceptionsMapping.java:122)
	at com.mysql.cj.jdbc.ConnectionImpl.createNewIO(ConnectionImpl.java:828)
	at com.mysql.cj.jdbc.ConnectionImpl.<init>(ConnectionImpl.java:448)
	at com.mysql.cj.jdbc.ConnectionImpl.getInstance(ConnectionImpl.java:241)
	at com.mysql.cj.jdbc.NonRegisteringDriver.connect(NonRegisteringDriver.java:198)
	at com.alibaba.druid.pool.DruidAbstractDataSource.createPhysicalConnection(DruidAbstractDataSource.java:1657)
	at com.alibaba.druid.pool.DruidAbstractDataSource.createPhysicalConnection(DruidAbstractDataSource.java:1723)
	at com.alibaba.druid.pool.DruidDataSource$CreateConnectionThread.run(DruidDataSource.java:2838)
2024-11-11 22:52:37,479 ERROR [Druid-ConnectionPool-Create-302687243][DruidDataSource.java:2840] - create connection SQLException, url: jdbc:mysql://192.168.101.65:3306/xc402_content148?serverTimezone=UTC&userUnicode=true&useSSL=false&, errorCode 1049, state 42000
java.sql.SQLSyntaxErrorException: Unknown database 'xc402_content148'
	at com.mysql.cj.jdbc.exceptions.SQLError.createSQLException(SQLError.java:120)
	at com.mysql.cj.jdbc.exceptions.SQLExceptionsMapping.translateException(SQLExceptionsMapping.java:122)
	at com.mysql.cj.jdbc.ConnectionImpl.createNewIO(ConnectionImpl.java:828)
	at com.mysql.cj.jdbc.ConnectionImpl.<init>(ConnectionImpl.java:448)
	at com.mysql.cj.jdbc.ConnectionImpl.getInstance(ConnectionImpl.java:241)
	at com.mysql.cj.jdbc.NonRegisteringDriver.connect(NonRegisteringDriver.java:198)
	at com.alibaba.druid.pool.DruidAbstractDataSource.createPhysicalConnection(DruidAbstractDataSource.java:1657)
	at com.alibaba.druid.pool.DruidAbstractDataSource.createPhysicalConnection(DruidAbstractDataSource.java:1723)
	at com.alibaba.druid.pool.DruidDataSource$CreateConnectionThread.run(DruidDataSource.java:2838)
2024-11-11 22:52:37,994 ERROR [Druid-ConnectionPool-Create-302687243][DruidDataSource.java:2840] - create connection SQLException, url: jdbc:mysql://192.168.101.65:3306/xc402_content148?serverTimezone=UTC&userUnicode=true&useSSL=false&, errorCode 1049, state 42000
java.sql.SQLSyntaxErrorException: Unknown database 'xc402_content148'
	at com.mysql.cj.jdbc.exceptions.SQLError.createSQLException(SQLError.java:120)
	at com.mysql.cj.jdbc.exceptions.SQLExceptionsMapping.translateException(SQLExceptionsMapping.java:122)
	at com.mysql.cj.jdbc.ConnectionImpl.createNewIO(ConnectionImpl.java:828)
	at com.mysql.cj.jdbc.ConnectionImpl.<init>(ConnectionImpl.java:448)
	at com.mysql.cj.jdbc.ConnectionImpl.getInstance(ConnectionImpl.java:241)
	at com.mysql.cj.jdbc.NonRegisteringDriver.connect(NonRegisteringDriver.java:198)
	at com.alibaba.druid.pool.DruidAbstractDataSource.createPhysicalConnection(DruidAbstractDataSource.java:1657)
	at com.alibaba.druid.pool.DruidAbstractDataSource.createPhysicalConnection(DruidAbstractDataSource.java:1723)
	at com.alibaba.druid.pool.DruidDataSource$CreateConnectionThread.run(DruidDataSource.java:2838)
2024-11-11 22:52:38,510 ERROR [Druid-ConnectionPool-Create-302687243][DruidDataSource.java:2840] - create connection SQLException, url: jdbc:mysql://192.168.101.65:3306/xc402_content148?serverTimezone=UTC&userUnicode=true&useSSL=false&, errorCode 1049, state 42000
java.sql.SQLSyntaxErrorException: Unknown database 'xc402_content148'
	at com.mysql.cj.jdbc.exceptions.SQLError.createSQLException(SQLError.java:120)
	at com.mysql.cj.jdbc.exceptions.SQLExceptionsMapping.translateException(SQLExceptionsMapping.java:122)
	at com.mysql.cj.jdbc.ConnectionImpl.createNewIO(ConnectionImpl.java:828)
	at com.mysql.cj.jdbc.ConnectionImpl.<init>(ConnectionImpl.java:448)
	at com.mysql.cj.jdbc.ConnectionImpl.getInstance(ConnectionImpl.java:241)
	at com.mysql.cj.jdbc.NonRegisteringDriver.connect(NonRegisteringDriver.java:198)
	at com.alibaba.druid.pool.DruidAbstractDataSource.createPhysicalConnection(DruidAbstractDataSource.java:1657)
	at com.alibaba.druid.pool.DruidAbstractDataSource.createPhysicalConnection(DruidAbstractDataSource.java:1723)
	at com.alibaba.druid.pool.DruidDataSource$CreateConnectionThread.run(DruidDataSource.java:2838)
2024-11-11 22:52:39,024 ERROR [Druid-ConnectionPool-Create-302687243][DruidDataSource.java:2840] - create connection SQLException, url: jdbc:mysql://192.168.101.65:3306/xc402_content148?serverTimezone=UTC&userUnicode=true&useSSL=false&, errorCode 1049, state 42000
java.sql.SQLSyntaxErrorException: Unknown database 'xc402_content148'
	at com.mysql.cj.jdbc.exceptions.SQLError.createSQLException(SQLError.java:120)
	at com.mysql.cj.jdbc.exceptions.SQLExceptionsMapping.translateException(SQLExceptionsMapping.java:122)
	at com.mysql.cj.jdbc.ConnectionImpl.createNewIO(ConnectionImpl.java:828)
	at com.mysql.cj.jdbc.ConnectionImpl.<init>(ConnectionImpl.java:448)
	at com.mysql.cj.jdbc.ConnectionImpl.getInstance(ConnectionImpl.java:241)
	at com.mysql.cj.jdbc.NonRegisteringDriver.connect(NonRegisteringDriver.java:198)
	at com.alibaba.druid.pool.DruidAbstractDataSource.createPhysicalConnection(DruidAbstractDataSource.java:1657)
	at com.alibaba.druid.pool.DruidAbstractDataSource.createPhysicalConnection(DruidAbstractDataSource.java:1723)
	at com.alibaba.druid.pool.DruidDataSource$CreateConnectionThread.run(DruidDataSource.java:2838)
2024-11-11 22:52:39,548 ERROR [Druid-ConnectionPool-Create-302687243][DruidDataSource.java:2840] - create connection SQLException, url: jdbc:mysql://192.168.101.65:3306/xc402_content148?serverTimezone=UTC&userUnicode=true&useSSL=false&, errorCode 1049, state 42000
java.sql.SQLSyntaxErrorException: Unknown database 'xc402_content148'
	at com.mysql.cj.jdbc.exceptions.SQLError.createSQLException(SQLError.java:120)
	at com.mysql.cj.jdbc.exceptions.SQLExceptionsMapping.translateException(SQLExceptionsMapping.java:122)
	at com.mysql.cj.jdbc.ConnectionImpl.createNewIO(ConnectionImpl.java:828)
	at com.mysql.cj.jdbc.ConnectionImpl.<init>(ConnectionImpl.java:448)
	at com.mysql.cj.jdbc.ConnectionImpl.getInstance(ConnectionImpl.java:241)
	at com.mysql.cj.jdbc.NonRegisteringDriver.connect(NonRegisteringDriver.java:198)
	at com.alibaba.druid.pool.DruidAbstractDataSource.createPhysicalConnection(DruidAbstractDataSource.java:1657)
	at com.alibaba.druid.pool.DruidAbstractDataSource.createPhysicalConnection(DruidAbstractDataSource.java:1723)
	at com.alibaba.druid.pool.DruidDataSource$CreateConnectionThread.run(DruidDataSource.java:2838)
2024-11-11 22:52:40,061 ERROR [Druid-ConnectionPool-Create-302687243][DruidDataSource.java:2840] - create connection SQLException, url: jdbc:mysql://192.168.101.65:3306/xc402_content148?serverTimezone=UTC&userUnicode=true&useSSL=false&, errorCode 1049, state 42000
java.sql.SQLSyntaxErrorException: Unknown database 'xc402_content148'
	at com.mysql.cj.jdbc.exceptions.SQLError.createSQLException(SQLError.java:120)
	at com.mysql.cj.jdbc.exceptions.SQLExceptionsMapping.translateException(SQLExceptionsMapping.java:122)
	at com.mysql.cj.jdbc.ConnectionImpl.createNewIO(ConnectionImpl.java:828)
	at com.mysql.cj.jdbc.ConnectionImpl.<init>(ConnectionImpl.java:448)
	at com.mysql.cj.jdbc.ConnectionImpl.getInstance(ConnectionImpl.java:241)
	at com.mysql.cj.jdbc.NonRegisteringDriver.connect(NonRegisteringDriver.java:198)
	at com.alibaba.druid.pool.DruidAbstractDataSource.createPhysicalConnection(DruidAbstractDataSource.java:1657)
	at com.alibaba.druid.pool.DruidAbstractDataSource.createPhysicalConnection(DruidAbstractDataSource.java:1723)
	at com.alibaba.druid.pool.DruidDataSource$CreateConnectionThread.run(DruidDataSource.java:2838)
2024-11-11 22:52:40,573 ERROR [Druid-ConnectionPool-Create-302687243][DruidDataSource.java:2840] - create connection SQLException, url: jdbc:mysql://192.168.101.65:3306/xc402_content148?serverTimezone=UTC&userUnicode=true&useSSL=false&, errorCode 1049, state 42000
java.sql.SQLSyntaxErrorException: Unknown database 'xc402_content148'
	at com.mysql.cj.jdbc.exceptions.SQLError.createSQLException(SQLError.java:120)
	at com.mysql.cj.jdbc.exceptions.SQLExceptionsMapping.translateException(SQLExceptionsMapping.java:122)
	at com.mysql.cj.jdbc.ConnectionImpl.createNewIO(ConnectionImpl.java:828)
	at com.mysql.cj.jdbc.ConnectionImpl.<init>(ConnectionImpl.java:448)
	at com.mysql.cj.jdbc.ConnectionImpl.getInstance(ConnectionImpl.java:241)
	at com.mysql.cj.jdbc.NonRegisteringDriver.connect(NonRegisteringDriver.java:198)
	at com.alibaba.druid.pool.DruidAbstractDataSource.createPhysicalConnection(DruidAbstractDataSource.java:1657)
	at com.alibaba.druid.pool.DruidAbstractDataSource.createPhysicalConnection(DruidAbstractDataSource.java:1723)
	at com.alibaba.druid.pool.DruidDataSource$CreateConnectionThread.run(DruidDataSource.java:2838)
2024-11-11 22:52:41,087 ERROR [Druid-ConnectionPool-Create-302687243][DruidDataSource.java:2840] - create connection SQLException, url: jdbc:mysql://192.168.101.65:3306/xc402_content148?serverTimezone=UTC&userUnicode=true&useSSL=false&, errorCode 1049, state 42000
java.sql.SQLSyntaxErrorException: Unknown database 'xc402_content148'
	at com.mysql.cj.jdbc.exceptions.SQLError.createSQLException(SQLError.java:120)
	at com.mysql.cj.jdbc.exceptions.SQLExceptionsMapping.translateException(SQLExceptionsMapping.java:122)
	at com.mysql.cj.jdbc.ConnectionImpl.createNewIO(ConnectionImpl.java:828)
	at com.mysql.cj.jdbc.ConnectionImpl.<init>(ConnectionImpl.java:448)
	at com.mysql.cj.jdbc.ConnectionImpl.getInstance(ConnectionImpl.java:241)
	at com.mysql.cj.jdbc.NonRegisteringDriver.connect(NonRegisteringDriver.java:198)
	at com.alibaba.druid.pool.DruidAbstractDataSource.createPhysicalConnection(DruidAbstractDataSource.java:1657)
	at com.alibaba.druid.pool.DruidAbstractDataSource.createPhysicalConnection(DruidAbstractDataSource.java:1723)
	at com.alibaba.druid.pool.DruidDataSource$CreateConnectionThread.run(DruidDataSource.java:2838)
2024-11-11 22:52:41,606 ERROR [Druid-ConnectionPool-Create-302687243][DruidDataSource.java:2840] - create connection SQLException, url: jdbc:mysql://192.168.101.65:3306/xc402_content148?serverTimezone=UTC&userUnicode=true&useSSL=false&, errorCode 1049, state 42000
java.sql.SQLSyntaxErrorException: Unknown database 'xc402_content148'
	at com.mysql.cj.jdbc.exceptions.SQLError.createSQLException(SQLError.java:120)
	at com.mysql.cj.jdbc.exceptions.SQLExceptionsMapping.translateException(SQLExceptionsMapping.java:122)
	at com.mysql.cj.jdbc.ConnectionImpl.createNewIO(ConnectionImpl.java:828)
	at com.mysql.cj.jdbc.ConnectionImpl.<init>(ConnectionImpl.java:448)
	at com.mysql.cj.jdbc.ConnectionImpl.getInstance(ConnectionImpl.java:241)
	at com.mysql.cj.jdbc.NonRegisteringDriver.connect(NonRegisteringDriver.java:198)
	at com.alibaba.druid.pool.DruidAbstractDataSource.createPhysicalConnection(DruidAbstractDataSource.java:1657)
	at com.alibaba.druid.pool.DruidAbstractDataSource.createPhysicalConnection(DruidAbstractDataSource.java:1723)
	at com.alibaba.druid.pool.DruidDataSource$CreateConnectionThread.run(DruidDataSource.java:2838)
2024-11-11 22:52:42,116 ERROR [Druid-ConnectionPool-Create-302687243][DruidDataSource.java:2840] - create connection SQLException, url: jdbc:mysql://192.168.101.65:3306/xc402_content148?serverTimezone=UTC&userUnicode=true&useSSL=false&, errorCode 1049, state 42000
java.sql.SQLSyntaxErrorException: Unknown database 'xc402_content148'
	at com.mysql.cj.jdbc.exceptions.SQLError.createSQLException(SQLError.java:120)
	at com.mysql.cj.jdbc.exceptions.SQLExceptionsMapping.translateException(SQLExceptionsMapping.java:122)
	at com.mysql.cj.jdbc.ConnectionImpl.createNewIO(ConnectionImpl.java:828)
	at com.mysql.cj.jdbc.ConnectionImpl.<init>(ConnectionImpl.java:448)
	at com.mysql.cj.jdbc.ConnectionImpl.getInstance(ConnectionImpl.java:241)
	at com.mysql.cj.jdbc.NonRegisteringDriver.connect(NonRegisteringDriver.java:198)
	at com.alibaba.druid.pool.DruidAbstractDataSource.createPhysicalConnection(DruidAbstractDataSource.java:1657)
	at com.alibaba.druid.pool.DruidAbstractDataSource.createPhysicalConnection(DruidAbstractDataSource.java:1723)
	at com.alibaba.druid.pool.DruidDataSource$CreateConnectionThread.run(DruidDataSource.java:2838)
2024-11-11 22:52:42,627 ERROR [Druid-ConnectionPool-Create-302687243][DruidDataSource.java:2840] - create connection SQLException, url: jdbc:mysql://192.168.101.65:3306/xc402_content148?serverTimezone=UTC&userUnicode=true&useSSL=false&, errorCode 1049, state 42000
java.sql.SQLSyntaxErrorException: Unknown database 'xc402_content148'
	at com.mysql.cj.jdbc.exceptions.SQLError.createSQLException(SQLError.java:120)
	at com.mysql.cj.jdbc.exceptions.SQLExceptionsMapping.translateException(SQLExceptionsMapping.java:122)
	at com.mysql.cj.jdbc.ConnectionImpl.createNewIO(ConnectionImpl.java:828)
	at com.mysql.cj.jdbc.ConnectionImpl.<init>(ConnectionImpl.java:448)
	at com.mysql.cj.jdbc.ConnectionImpl.getInstance(ConnectionImpl.java:241)
	at com.mysql.cj.jdbc.NonRegisteringDriver.connect(NonRegisteringDriver.java:198)
	at com.alibaba.druid.pool.DruidAbstractDataSource.createPhysicalConnection(DruidAbstractDataSource.java:1657)
	at com.alibaba.druid.pool.DruidAbstractDataSource.createPhysicalConnection(DruidAbstractDataSource.java:1723)
	at com.alibaba.druid.pool.DruidDataSource$CreateConnectionThread.run(DruidDataSource.java:2838)
2024-11-11 22:52:43,137 ERROR [Druid-ConnectionPool-Create-302687243][DruidDataSource.java:2840] - create connection SQLException, url: jdbc:mysql://192.168.101.65:3306/xc402_content148?serverTimezone=UTC&userUnicode=true&useSSL=false&, errorCode 1049, state 42000
java.sql.SQLSyntaxErrorException: Unknown database 'xc402_content148'
	at com.mysql.cj.jdbc.exceptions.SQLError.createSQLException(SQLError.java:120)
	at com.mysql.cj.jdbc.exceptions.SQLExceptionsMapping.translateException(SQLExceptionsMapping.java:122)
	at com.mysql.cj.jdbc.ConnectionImpl.createNewIO(ConnectionImpl.java:828)
	at com.mysql.cj.jdbc.ConnectionImpl.<init>(ConnectionImpl.java:448)
	at com.mysql.cj.jdbc.ConnectionImpl.getInstance(ConnectionImpl.java:241)
	at com.mysql.cj.jdbc.NonRegisteringDriver.connect(NonRegisteringDriver.java:198)
	at com.alibaba.druid.pool.DruidAbstractDataSource.createPhysicalConnection(DruidAbstractDataSource.java:1657)
	at com.alibaba.druid.pool.DruidAbstractDataSource.createPhysicalConnection(DruidAbstractDataSource.java:1723)
	at com.alibaba.druid.pool.DruidDataSource$CreateConnectionThread.run(DruidDataSource.java:2838)
2024-11-11 22:52:43,648 ERROR [Druid-ConnectionPool-Create-302687243][DruidDataSource.java:2840] - create connection SQLException, url: jdbc:mysql://192.168.101.65:3306/xc402_content148?serverTimezone=UTC&userUnicode=true&useSSL=false&, errorCode 1049, state 42000
java.sql.SQLSyntaxErrorException: Unknown database 'xc402_content148'
	at com.mysql.cj.jdbc.exceptions.SQLError.createSQLException(SQLError.java:120)
	at com.mysql.cj.jdbc.exceptions.SQLExceptionsMapping.translateException(SQLExceptionsMapping.java:122)
	at com.mysql.cj.jdbc.ConnectionImpl.createNewIO(ConnectionImpl.java:828)
	at com.mysql.cj.jdbc.ConnectionImpl.<init>(ConnectionImpl.java:448)
	at com.mysql.cj.jdbc.ConnectionImpl.getInstance(ConnectionImpl.java:241)
	at com.mysql.cj.jdbc.NonRegisteringDriver.connect(NonRegisteringDriver.java:198)
	at com.alibaba.druid.pool.DruidAbstractDataSource.createPhysicalConnection(DruidAbstractDataSource.java:1657)
	at com.alibaba.druid.pool.DruidAbstractDataSource.createPhysicalConnection(DruidAbstractDataSource.java:1723)
	at com.alibaba.druid.pool.DruidDataSource$CreateConnectionThread.run(DruidDataSource.java:2838)
2024-11-11 22:52:44,174 ERROR [Druid-ConnectionPool-Create-302687243][DruidDataSource.java:2840] - create connection SQLException, url: jdbc:mysql://192.168.101.65:3306/xc402_content148?serverTimezone=UTC&userUnicode=true&useSSL=false&, errorCode 1049, state 42000
java.sql.SQLSyntaxErrorException: Unknown database 'xc402_content148'
	at com.mysql.cj.jdbc.exceptions.SQLError.createSQLException(SQLError.java:120)
	at com.mysql.cj.jdbc.exceptions.SQLExceptionsMapping.translateException(SQLExceptionsMapping.java:122)
	at com.mysql.cj.jdbc.ConnectionImpl.createNewIO(ConnectionImpl.java:828)
	at com.mysql.cj.jdbc.ConnectionImpl.<init>(ConnectionImpl.java:448)
	at com.mysql.cj.jdbc.ConnectionImpl.getInstance(ConnectionImpl.java:241)
	at com.mysql.cj.jdbc.NonRegisteringDriver.connect(NonRegisteringDriver.java:198)
	at com.alibaba.druid.pool.DruidAbstractDataSource.createPhysicalConnection(DruidAbstractDataSource.java:1657)
	at com.alibaba.druid.pool.DruidAbstractDataSource.createPhysicalConnection(DruidAbstractDataSource.java:1723)
	at com.alibaba.druid.pool.DruidDataSource$CreateConnectionThread.run(DruidDataSource.java:2838)
2024-11-11 22:52:44,690 ERROR [Druid-ConnectionPool-Create-302687243][DruidDataSource.java:2840] - create connection SQLException, url: jdbc:mysql://192.168.101.65:3306/xc402_content148?serverTimezone=UTC&userUnicode=true&useSSL=false&, errorCode 1049, state 42000
java.sql.SQLSyntaxErrorException: Unknown database 'xc402_content148'
	at com.mysql.cj.jdbc.exceptions.SQLError.createSQLException(SQLError.java:120)
	at com.mysql.cj.jdbc.exceptions.SQLExceptionsMapping.translateException(SQLExceptionsMapping.java:122)
	at com.mysql.cj.jdbc.ConnectionImpl.createNewIO(ConnectionImpl.java:828)
	at com.mysql.cj.jdbc.ConnectionImpl.<init>(ConnectionImpl.java:448)
	at com.mysql.cj.jdbc.ConnectionImpl.getInstance(ConnectionImpl.java:241)
	at com.mysql.cj.jdbc.NonRegisteringDriver.connect(NonRegisteringDriver.java:198)
	at com.alibaba.druid.pool.DruidAbstractDataSource.createPhysicalConnection(DruidAbstractDataSource.java:1657)
	at com.alibaba.druid.pool.DruidAbstractDataSource.createPhysicalConnection(DruidAbstractDataSource.java:1723)
	at com.alibaba.druid.pool.DruidDataSource$CreateConnectionThread.run(DruidDataSource.java:2838)
2024-11-11 22:52:45,200 ERROR [Druid-ConnectionPool-Create-302687243][DruidDataSource.java:2840] - create connection SQLException, url: jdbc:mysql://192.168.101.65:3306/xc402_content148?serverTimezone=UTC&userUnicode=true&useSSL=false&, errorCode 1049, state 42000
java.sql.SQLSyntaxErrorException: Unknown database 'xc402_content148'
	at com.mysql.cj.jdbc.exceptions.SQLError.createSQLException(SQLError.java:120)
	at com.mysql.cj.jdbc.exceptions.SQLExceptionsMapping.translateException(SQLExceptionsMapping.java:122)
	at com.mysql.cj.jdbc.ConnectionImpl.createNewIO(ConnectionImpl.java:828)
	at com.mysql.cj.jdbc.ConnectionImpl.<init>(ConnectionImpl.java:448)
	at com.mysql.cj.jdbc.ConnectionImpl.getInstance(ConnectionImpl.java:241)
	at com.mysql.cj.jdbc.NonRegisteringDriver.connect(NonRegisteringDriver.java:198)
	at com.alibaba.druid.pool.DruidAbstractDataSource.createPhysicalConnection(DruidAbstractDataSource.java:1657)
	at com.alibaba.druid.pool.DruidAbstractDataSource.createPhysicalConnection(DruidAbstractDataSource.java:1723)
	at com.alibaba.druid.pool.DruidDataSource$CreateConnectionThread.run(DruidDataSource.java:2838)
2024-11-11 22:52:45,729 ERROR [Druid-ConnectionPool-Create-302687243][DruidDataSource.java:2840] - create connection SQLException, url: jdbc:mysql://192.168.101.65:3306/xc402_content148?serverTimezone=UTC&userUnicode=true&useSSL=false&, errorCode 1049, state 42000
java.sql.SQLSyntaxErrorException: Unknown database 'xc402_content148'
	at com.mysql.cj.jdbc.exceptions.SQLError.createSQLException(SQLError.java:120)
	at com.mysql.cj.jdbc.exceptions.SQLExceptionsMapping.translateException(SQLExceptionsMapping.java:122)
	at com.mysql.cj.jdbc.ConnectionImpl.createNewIO(ConnectionImpl.java:828)
	at com.mysql.cj.jdbc.ConnectionImpl.<init>(ConnectionImpl.java:448)
	at com.mysql.cj.jdbc.ConnectionImpl.getInstance(ConnectionImpl.java:241)
	at com.mysql.cj.jdbc.NonRegisteringDriver.connect(NonRegisteringDriver.java:198)
	at com.alibaba.druid.pool.DruidAbstractDataSource.createPhysicalConnection(DruidAbstractDataSource.java:1657)
	at com.alibaba.druid.pool.DruidAbstractDataSource.createPhysicalConnection(DruidAbstractDataSource.java:1723)
	at com.alibaba.druid.pool.DruidDataSource$CreateConnectionThread.run(DruidDataSource.java:2838)
2024-11-11 22:52:46,249 ERROR [Druid-ConnectionPool-Create-302687243][DruidDataSource.java:2840] - create connection SQLException, url: jdbc:mysql://192.168.101.65:3306/xc402_content148?serverTimezone=UTC&userUnicode=true&useSSL=false&, errorCode 1049, state 42000
java.sql.SQLSyntaxErrorException: Unknown database 'xc402_content148'
	at com.mysql.cj.jdbc.exceptions.SQLError.createSQLException(SQLError.java:120)
	at com.mysql.cj.jdbc.exceptions.SQLExceptionsMapping.translateException(SQLExceptionsMapping.java:122)
	at com.mysql.cj.jdbc.ConnectionImpl.createNewIO(ConnectionImpl.java:828)
	at com.mysql.cj.jdbc.ConnectionImpl.<init>(ConnectionImpl.java:448)
	at com.mysql.cj.jdbc.ConnectionImpl.getInstance(ConnectionImpl.java:241)
	at com.mysql.cj.jdbc.NonRegisteringDriver.connect(NonRegisteringDriver.java:198)
	at com.alibaba.druid.pool.DruidAbstractDataSource.createPhysicalConnection(DruidAbstractDataSource.java:1657)
	at com.alibaba.druid.pool.DruidAbstractDataSource.createPhysicalConnection(DruidAbstractDataSource.java:1723)
	at com.alibaba.druid.pool.DruidDataSource$CreateConnectionThread.run(DruidDataSource.java:2838)
2024-11-11 22:52:46,767 ERROR [Druid-ConnectionPool-Create-302687243][DruidDataSource.java:2840] - create connection SQLException, url: jdbc:mysql://192.168.101.65:3306/xc402_content148?serverTimezone=UTC&userUnicode=true&useSSL=false&, errorCode 1049, state 42000
java.sql.SQLSyntaxErrorException: Unknown database 'xc402_content148'
	at com.mysql.cj.jdbc.exceptions.SQLError.createSQLException(SQLError.java:120)
	at com.mysql.cj.jdbc.exceptions.SQLExceptionsMapping.translateException(SQLExceptionsMapping.java:122)
	at com.mysql.cj.jdbc.ConnectionImpl.createNewIO(ConnectionImpl.java:828)
	at com.mysql.cj.jdbc.ConnectionImpl.<init>(ConnectionImpl.java:448)
	at com.mysql.cj.jdbc.ConnectionImpl.getInstance(ConnectionImpl.java:241)
	at com.mysql.cj.jdbc.NonRegisteringDriver.connect(NonRegisteringDriver.java:198)
	at com.alibaba.druid.pool.DruidAbstractDataSource.createPhysicalConnection(DruidAbstractDataSource.java:1657)
	at com.alibaba.druid.pool.DruidAbstractDataSource.createPhysicalConnection(DruidAbstractDataSource.java:1723)
	at com.alibaba.druid.pool.DruidDataSource$CreateConnectionThread.run(DruidDataSource.java:2838)
2024-11-11 22:52:47,291 ERROR [Druid-ConnectionPool-Create-302687243][DruidDataSource.java:2840] - create connection SQLException, url: jdbc:mysql://192.168.101.65:3306/xc402_content148?serverTimezone=UTC&userUnicode=true&useSSL=false&, errorCode 1049, state 42000
java.sql.SQLSyntaxErrorException: Unknown database 'xc402_content148'
	at com.mysql.cj.jdbc.exceptions.SQLError.createSQLException(SQLError.java:120)
	at com.mysql.cj.jdbc.exceptions.SQLExceptionsMapping.translateException(SQLExceptionsMapping.java:122)
	at com.mysql.cj.jdbc.ConnectionImpl.createNewIO(ConnectionImpl.java:828)
	at com.mysql.cj.jdbc.ConnectionImpl.<init>(ConnectionImpl.java:448)
	at com.mysql.cj.jdbc.ConnectionImpl.getInstance(ConnectionImpl.java:241)
	at com.mysql.cj.jdbc.NonRegisteringDriver.connect(NonRegisteringDriver.java:198)
	at com.alibaba.druid.pool.DruidAbstractDataSource.createPhysicalConnection(DruidAbstractDataSource.java:1657)
	at com.alibaba.druid.pool.DruidAbstractDataSource.createPhysicalConnection(DruidAbstractDataSource.java:1723)
	at com.alibaba.druid.pool.DruidDataSource$CreateConnectionThread.run(DruidDataSource.java:2838)
2024-11-11 22:52:47,813 ERROR [Druid-ConnectionPool-Create-302687243][DruidDataSource.java:2840] - create connection SQLException, url: jdbc:mysql://192.168.101.65:3306/xc402_content148?serverTimezone=UTC&userUnicode=true&useSSL=false&, errorCode 1049, state 42000
java.sql.SQLSyntaxErrorException: Unknown database 'xc402_content148'
	at com.mysql.cj.jdbc.exceptions.SQLError.createSQLException(SQLError.java:120)
	at com.mysql.cj.jdbc.exceptions.SQLExceptionsMapping.translateException(SQLExceptionsMapping.java:122)
	at com.mysql.cj.jdbc.ConnectionImpl.createNewIO(ConnectionImpl.java:828)
	at com.mysql.cj.jdbc.ConnectionImpl.<init>(ConnectionImpl.java:448)
	at com.mysql.cj.jdbc.ConnectionImpl.getInstance(ConnectionImpl.java:241)
	at com.mysql.cj.jdbc.NonRegisteringDriver.connect(NonRegisteringDriver.java:198)
	at com.alibaba.druid.pool.DruidAbstractDataSource.createPhysicalConnection(DruidAbstractDataSource.java:1657)
	at com.alibaba.druid.pool.DruidAbstractDataSource.createPhysicalConnection(DruidAbstractDataSource.java:1723)
	at com.alibaba.druid.pool.DruidDataSource$CreateConnectionThread.run(DruidDataSource.java:2838)
2024-11-11 22:52:48,335 ERROR [Druid-ConnectionPool-Create-302687243][DruidDataSource.java:2840] - create connection SQLException, url: jdbc:mysql://192.168.101.65:3306/xc402_content148?serverTimezone=UTC&userUnicode=true&useSSL=false&, errorCode 1049, state 42000
java.sql.SQLSyntaxErrorException: Unknown database 'xc402_content148'
	at com.mysql.cj.jdbc.exceptions.SQLError.createSQLException(SQLError.java:120)
	at com.mysql.cj.jdbc.exceptions.SQLExceptionsMapping.translateException(SQLExceptionsMapping.java:122)
	at com.mysql.cj.jdbc.ConnectionImpl.createNewIO(ConnectionImpl.java:828)
	at com.mysql.cj.jdbc.ConnectionImpl.<init>(ConnectionImpl.java:448)
	at com.mysql.cj.jdbc.ConnectionImpl.getInstance(ConnectionImpl.java:241)
	at com.mysql.cj.jdbc.NonRegisteringDriver.connect(NonRegisteringDriver.java:198)
	at com.alibaba.druid.pool.DruidAbstractDataSource.createPhysicalConnection(DruidAbstractDataSource.java:1657)
	at com.alibaba.druid.pool.DruidAbstractDataSource.createPhysicalConnection(DruidAbstractDataSource.java:1723)
	at com.alibaba.druid.pool.DruidDataSource$CreateConnectionThread.run(DruidDataSource.java:2838)
2024-11-11 22:52:48,851 ERROR [Druid-ConnectionPool-Create-302687243][DruidDataSource.java:2840] - create connection SQLException, url: jdbc:mysql://192.168.101.65:3306/xc402_content148?serverTimezone=UTC&userUnicode=true&useSSL=false&, errorCode 1049, state 42000
java.sql.SQLSyntaxErrorException: Unknown database 'xc402_content148'
	at com.mysql.cj.jdbc.exceptions.SQLError.createSQLException(SQLError.java:120)
	at com.mysql.cj.jdbc.exceptions.SQLExceptionsMapping.translateException(SQLExceptionsMapping.java:122)
	at com.mysql.cj.jdbc.ConnectionImpl.createNewIO(ConnectionImpl.java:828)
	at com.mysql.cj.jdbc.ConnectionImpl.<init>(ConnectionImpl.java:448)
	at com.mysql.cj.jdbc.ConnectionImpl.getInstance(ConnectionImpl.java:241)
	at com.mysql.cj.jdbc.NonRegisteringDriver.connect(NonRegisteringDriver.java:198)
	at com.alibaba.druid.pool.DruidAbstractDataSource.createPhysicalConnection(DruidAbstractDataSource.java:1657)
	at com.alibaba.druid.pool.DruidAbstractDataSource.createPhysicalConnection(DruidAbstractDataSource.java:1723)
	at com.alibaba.druid.pool.DruidDataSource$CreateConnectionThread.run(DruidDataSource.java:2838)
2024-11-11 22:52:49,363 ERROR [Druid-ConnectionPool-Create-302687243][DruidDataSource.java:2840] - create connection SQLException, url: jdbc:mysql://192.168.101.65:3306/xc402_content148?serverTimezone=UTC&userUnicode=true&useSSL=false&, errorCode 1049, state 42000
java.sql.SQLSyntaxErrorException: Unknown database 'xc402_content148'
	at com.mysql.cj.jdbc.exceptions.SQLError.createSQLException(SQLError.java:120)
	at com.mysql.cj.jdbc.exceptions.SQLExceptionsMapping.translateException(SQLExceptionsMapping.java:122)
	at com.mysql.cj.jdbc.ConnectionImpl.createNewIO(ConnectionImpl.java:828)
	at com.mysql.cj.jdbc.ConnectionImpl.<init>(ConnectionImpl.java:448)
	at com.mysql.cj.jdbc.ConnectionImpl.getInstance(ConnectionImpl.java:241)
	at com.mysql.cj.jdbc.NonRegisteringDriver.connect(NonRegisteringDriver.java:198)
	at com.alibaba.druid.pool.DruidAbstractDataSource.createPhysicalConnection(DruidAbstractDataSource.java:1657)
	at com.alibaba.druid.pool.DruidAbstractDataSource.createPhysicalConnection(DruidAbstractDataSource.java:1723)
	at com.alibaba.druid.pool.DruidDataSource$CreateConnectionThread.run(DruidDataSource.java:2838)
2024-11-11 22:52:49,893 ERROR [Druid-ConnectionPool-Create-302687243][DruidDataSource.java:2840] - create connection SQLException, url: jdbc:mysql://192.168.101.65:3306/xc402_content148?serverTimezone=UTC&userUnicode=true&useSSL=false&, errorCode 1049, state 42000
java.sql.SQLSyntaxErrorException: Unknown database 'xc402_content148'
	at com.mysql.cj.jdbc.exceptions.SQLError.createSQLException(SQLError.java:120)
	at com.mysql.cj.jdbc.exceptions.SQLExceptionsMapping.translateException(SQLExceptionsMapping.java:122)
	at com.mysql.cj.jdbc.ConnectionImpl.createNewIO(ConnectionImpl.java:828)
	at com.mysql.cj.jdbc.ConnectionImpl.<init>(ConnectionImpl.java:448)
	at com.mysql.cj.jdbc.ConnectionImpl.getInstance(ConnectionImpl.java:241)
	at com.mysql.cj.jdbc.NonRegisteringDriver.connect(NonRegisteringDriver.java:198)
	at com.alibaba.druid.pool.DruidAbstractDataSource.createPhysicalConnection(DruidAbstractDataSource.java:1657)
	at com.alibaba.druid.pool.DruidAbstractDataSource.createPhysicalConnection(DruidAbstractDataSource.java:1723)
	at com.alibaba.druid.pool.DruidDataSource$CreateConnectionThread.run(DruidDataSource.java:2838)
2024-11-11 22:52:50,412 ERROR [Druid-ConnectionPool-Create-302687243][DruidDataSource.java:2840] - create connection SQLException, url: jdbc:mysql://192.168.101.65:3306/xc402_content148?serverTimezone=UTC&userUnicode=true&useSSL=false&, errorCode 1049, state 42000
java.sql.SQLSyntaxErrorException: Unknown database 'xc402_content148'
	at com.mysql.cj.jdbc.exceptions.SQLError.createSQLException(SQLError.java:120)
	at com.mysql.cj.jdbc.exceptions.SQLExceptionsMapping.translateException(SQLExceptionsMapping.java:122)
	at com.mysql.cj.jdbc.ConnectionImpl.createNewIO(ConnectionImpl.java:828)
	at com.mysql.cj.jdbc.ConnectionImpl.<init>(ConnectionImpl.java:448)
	at com.mysql.cj.jdbc.ConnectionImpl.getInstance(ConnectionImpl.java:241)
	at com.mysql.cj.jdbc.NonRegisteringDriver.connect(NonRegisteringDriver.java:198)
	at com.alibaba.druid.pool.DruidAbstractDataSource.createPhysicalConnection(DruidAbstractDataSource.java:1657)
	at com.alibaba.druid.pool.DruidAbstractDataSource.createPhysicalConnection(DruidAbstractDataSource.java:1723)
	at com.alibaba.druid.pool.DruidDataSource$CreateConnectionThread.run(DruidDataSource.java:2838)
2024-11-11 22:52:50,930 ERROR [Druid-ConnectionPool-Create-302687243][DruidDataSource.java:2840] - create connection SQLException, url: jdbc:mysql://192.168.101.65:3306/xc402_content148?serverTimezone=UTC&userUnicode=true&useSSL=false&, errorCode 1049, state 42000
java.sql.SQLSyntaxErrorException: Unknown database 'xc402_content148'
	at com.mysql.cj.jdbc.exceptions.SQLError.createSQLException(SQLError.java:120)
	at com.mysql.cj.jdbc.exceptions.SQLExceptionsMapping.translateException(SQLExceptionsMapping.java:122)
	at com.mysql.cj.jdbc.ConnectionImpl.createNewIO(ConnectionImpl.java:828)
	at com.mysql.cj.jdbc.ConnectionImpl.<init>(ConnectionImpl.java:448)
	at com.mysql.cj.jdbc.ConnectionImpl.getInstance(ConnectionImpl.java:241)
	at com.mysql.cj.jdbc.NonRegisteringDriver.connect(NonRegisteringDriver.java:198)
	at com.alibaba.druid.pool.DruidAbstractDataSource.createPhysicalConnection(DruidAbstractDataSource.java:1657)
	at com.alibaba.druid.pool.DruidAbstractDataSource.createPhysicalConnection(DruidAbstractDataSource.java:1723)
	at com.alibaba.druid.pool.DruidDataSource$CreateConnectionThread.run(DruidDataSource.java:2838)
2024-11-11 22:52:51,458 ERROR [Druid-ConnectionPool-Create-302687243][DruidDataSource.java:2840] - create connection SQLException, url: jdbc:mysql://192.168.101.65:3306/xc402_content148?serverTimezone=UTC&userUnicode=true&useSSL=false&, errorCode 1049, state 42000
java.sql.SQLSyntaxErrorException: Unknown database 'xc402_content148'
	at com.mysql.cj.jdbc.exceptions.SQLError.createSQLException(SQLError.java:120)
	at com.mysql.cj.jdbc.exceptions.SQLExceptionsMapping.translateException(SQLExceptionsMapping.java:122)
	at com.mysql.cj.jdbc.ConnectionImpl.createNewIO(ConnectionImpl.java:828)
	at com.mysql.cj.jdbc.ConnectionImpl.<init>(ConnectionImpl.java:448)
	at com.mysql.cj.jdbc.ConnectionImpl.getInstance(ConnectionImpl.java:241)
	at com.mysql.cj.jdbc.NonRegisteringDriver.connect(NonRegisteringDriver.java:198)
	at com.alibaba.druid.pool.DruidAbstractDataSource.createPhysicalConnection(DruidAbstractDataSource.java:1657)
	at com.alibaba.druid.pool.DruidAbstractDataSource.createPhysicalConnection(DruidAbstractDataSource.java:1723)
	at com.alibaba.druid.pool.DruidDataSource$CreateConnectionThread.run(DruidDataSource.java:2838)
2024-11-11 22:52:51,973 ERROR [Druid-ConnectionPool-Create-302687243][DruidDataSource.java:2840] - create connection SQLException, url: jdbc:mysql://192.168.101.65:3306/xc402_content148?serverTimezone=UTC&userUnicode=true&useSSL=false&, errorCode 1049, state 42000
java.sql.SQLSyntaxErrorException: Unknown database 'xc402_content148'
	at com.mysql.cj.jdbc.exceptions.SQLError.createSQLException(SQLError.java:120)
	at com.mysql.cj.jdbc.exceptions.SQLExceptionsMapping.translateException(SQLExceptionsMapping.java:122)
	at com.mysql.cj.jdbc.ConnectionImpl.createNewIO(ConnectionImpl.java:828)
	at com.mysql.cj.jdbc.ConnectionImpl.<init>(ConnectionImpl.java:448)
	at com.mysql.cj.jdbc.ConnectionImpl.getInstance(ConnectionImpl.java:241)
	at com.mysql.cj.jdbc.NonRegisteringDriver.connect(NonRegisteringDriver.java:198)
	at com.alibaba.druid.pool.DruidAbstractDataSource.createPhysicalConnection(DruidAbstractDataSource.java:1657)
	at com.alibaba.druid.pool.DruidAbstractDataSource.createPhysicalConnection(DruidAbstractDataSource.java:1723)
	at com.alibaba.druid.pool.DruidDataSource$CreateConnectionThread.run(DruidDataSource.java:2838)
2024-11-11 22:52:52,479 ERROR [Druid-ConnectionPool-Create-302687243][DruidDataSource.java:2840] - create connection SQLException, url: jdbc:mysql://192.168.101.65:3306/xc402_content148?serverTimezone=UTC&userUnicode=true&useSSL=false&, errorCode 1049, state 42000
java.sql.SQLSyntaxErrorException: Unknown database 'xc402_content148'
	at com.mysql.cj.jdbc.exceptions.SQLError.createSQLException(SQLError.java:120)
	at com.mysql.cj.jdbc.exceptions.SQLExceptionsMapping.translateException(SQLExceptionsMapping.java:122)
	at com.mysql.cj.jdbc.ConnectionImpl.createNewIO(ConnectionImpl.java:828)
	at com.mysql.cj.jdbc.ConnectionImpl.<init>(ConnectionImpl.java:448)
	at com.mysql.cj.jdbc.ConnectionImpl.getInstance(ConnectionImpl.java:241)
	at com.mysql.cj.jdbc.NonRegisteringDriver.connect(NonRegisteringDriver.java:198)
	at com.alibaba.druid.pool.DruidAbstractDataSource.createPhysicalConnection(DruidAbstractDataSource.java:1657)
	at com.alibaba.druid.pool.DruidAbstractDataSource.createPhysicalConnection(DruidAbstractDataSource.java:1723)
	at com.alibaba.druid.pool.DruidDataSource$CreateConnectionThread.run(DruidDataSource.java:2838)
2024-11-11 22:52:53,001 ERROR [Druid-ConnectionPool-Create-302687243][DruidDataSource.java:2840] - create connection SQLException, url: jdbc:mysql://192.168.101.65:3306/xc402_content148?serverTimezone=UTC&userUnicode=true&useSSL=false&, errorCode 1049, state 42000
java.sql.SQLSyntaxErrorException: Unknown database 'xc402_content148'
	at com.mysql.cj.jdbc.exceptions.SQLError.createSQLException(SQLError.java:120)
	at com.mysql.cj.jdbc.exceptions.SQLExceptionsMapping.translateException(SQLExceptionsMapping.java:122)
	at com.mysql.cj.jdbc.ConnectionImpl.createNewIO(ConnectionImpl.java:828)
	at com.mysql.cj.jdbc.ConnectionImpl.<init>(ConnectionImpl.java:448)
	at com.mysql.cj.jdbc.ConnectionImpl.getInstance(ConnectionImpl.java:241)
	at com.mysql.cj.jdbc.NonRegisteringDriver.connect(NonRegisteringDriver.java:198)
	at com.alibaba.druid.pool.DruidAbstractDataSource.createPhysicalConnection(DruidAbstractDataSource.java:1657)
	at com.alibaba.druid.pool.DruidAbstractDataSource.createPhysicalConnection(DruidAbstractDataSource.java:1723)
	at com.alibaba.druid.pool.DruidDataSource$CreateConnectionThread.run(DruidDataSource.java:2838)
2024-11-11 22:52:53,512 ERROR [Druid-ConnectionPool-Create-302687243][DruidDataSource.java:2840] - create connection SQLException, url: jdbc:mysql://192.168.101.65:3306/xc402_content148?serverTimezone=UTC&userUnicode=true&useSSL=false&, errorCode 1049, state 42000
java.sql.SQLSyntaxErrorException: Unknown database 'xc402_content148'
	at com.mysql.cj.jdbc.exceptions.SQLError.createSQLException(SQLError.java:120)
	at com.mysql.cj.jdbc.exceptions.SQLExceptionsMapping.translateException(SQLExceptionsMapping.java:122)
	at com.mysql.cj.jdbc.ConnectionImpl.createNewIO(ConnectionImpl.java:828)
	at com.mysql.cj.jdbc.ConnectionImpl.<init>(ConnectionImpl.java:448)
	at com.mysql.cj.jdbc.ConnectionImpl.getInstance(ConnectionImpl.java:241)
	at com.mysql.cj.jdbc.NonRegisteringDriver.connect(NonRegisteringDriver.java:198)
	at com.alibaba.druid.pool.DruidAbstractDataSource.createPhysicalConnection(DruidAbstractDataSource.java:1657)
	at com.alibaba.druid.pool.DruidAbstractDataSource.createPhysicalConnection(DruidAbstractDataSource.java:1723)
	at com.alibaba.druid.pool.DruidDataSource$CreateConnectionThread.run(DruidDataSource.java:2838)
2024-11-11 22:52:54,028 ERROR [Druid-ConnectionPool-Create-302687243][DruidDataSource.java:2840] - create connection SQLException, url: jdbc:mysql://192.168.101.65:3306/xc402_content148?serverTimezone=UTC&userUnicode=true&useSSL=false&, errorCode 1049, state 42000
java.sql.SQLSyntaxErrorException: Unknown database 'xc402_content148'
	at com.mysql.cj.jdbc.exceptions.SQLError.createSQLException(SQLError.java:120)
	at com.mysql.cj.jdbc.exceptions.SQLExceptionsMapping.translateException(SQLExceptionsMapping.java:122)
	at com.mysql.cj.jdbc.ConnectionImpl.createNewIO(ConnectionImpl.java:828)
	at com.mysql.cj.jdbc.ConnectionImpl.<init>(ConnectionImpl.java:448)
	at com.mysql.cj.jdbc.ConnectionImpl.getInstance(ConnectionImpl.java:241)
	at com.mysql.cj.jdbc.NonRegisteringDriver.connect(NonRegisteringDriver.java:198)
	at com.alibaba.druid.pool.DruidAbstractDataSource.createPhysicalConnection(DruidAbstractDataSource.java:1657)
	at com.alibaba.druid.pool.DruidAbstractDataSource.createPhysicalConnection(DruidAbstractDataSource.java:1723)
	at com.alibaba.druid.pool.DruidDataSource$CreateConnectionThread.run(DruidDataSource.java:2838)
2024-11-11 22:52:54,538 ERROR [Druid-ConnectionPool-Create-302687243][DruidDataSource.java:2840] - create connection SQLException, url: jdbc:mysql://192.168.101.65:3306/xc402_content148?serverTimezone=UTC&userUnicode=true&useSSL=false&, errorCode 1049, state 42000
java.sql.SQLSyntaxErrorException: Unknown database 'xc402_content148'
	at com.mysql.cj.jdbc.exceptions.SQLError.createSQLException(SQLError.java:120)
	at com.mysql.cj.jdbc.exceptions.SQLExceptionsMapping.translateException(SQLExceptionsMapping.java:122)
	at com.mysql.cj.jdbc.ConnectionImpl.createNewIO(ConnectionImpl.java:828)
	at com.mysql.cj.jdbc.ConnectionImpl.<init>(ConnectionImpl.java:448)
	at com.mysql.cj.jdbc.ConnectionImpl.getInstance(ConnectionImpl.java:241)
	at com.mysql.cj.jdbc.NonRegisteringDriver.connect(NonRegisteringDriver.java:198)
	at com.alibaba.druid.pool.DruidAbstractDataSource.createPhysicalConnection(DruidAbstractDataSource.java:1657)
	at com.alibaba.druid.pool.DruidAbstractDataSource.createPhysicalConnection(DruidAbstractDataSource.java:1723)
	at com.alibaba.druid.pool.DruidDataSource$CreateConnectionThread.run(DruidDataSource.java:2838)
2024-11-11 22:52:55,056 ERROR [Druid-ConnectionPool-Create-302687243][DruidDataSource.java:2840] - create connection SQLException, url: jdbc:mysql://192.168.101.65:3306/xc402_content148?serverTimezone=UTC&userUnicode=true&useSSL=false&, errorCode 1049, state 42000
java.sql.SQLSyntaxErrorException: Unknown database 'xc402_content148'
	at com.mysql.cj.jdbc.exceptions.SQLError.createSQLException(SQLError.java:120)
	at com.mysql.cj.jdbc.exceptions.SQLExceptionsMapping.translateException(SQLExceptionsMapping.java:122)
	at com.mysql.cj.jdbc.ConnectionImpl.createNewIO(ConnectionImpl.java:828)
	at com.mysql.cj.jdbc.ConnectionImpl.<init>(ConnectionImpl.java:448)
	at com.mysql.cj.jdbc.ConnectionImpl.getInstance(ConnectionImpl.java:241)
	at com.mysql.cj.jdbc.NonRegisteringDriver.connect(NonRegisteringDriver.java:198)
	at com.alibaba.druid.pool.DruidAbstractDataSource.createPhysicalConnection(DruidAbstractDataSource.java:1657)
	at com.alibaba.druid.pool.DruidAbstractDataSource.createPhysicalConnection(DruidAbstractDataSource.java:1723)
	at com.alibaba.druid.pool.DruidDataSource$CreateConnectionThread.run(DruidDataSource.java:2838)
2024-11-11 22:52:55,569 ERROR [Druid-ConnectionPool-Create-302687243][DruidDataSource.java:2840] - create connection SQLException, url: jdbc:mysql://192.168.101.65:3306/xc402_content148?serverTimezone=UTC&userUnicode=true&useSSL=false&, errorCode 1049, state 42000
java.sql.SQLSyntaxErrorException: Unknown database 'xc402_content148'
	at com.mysql.cj.jdbc.exceptions.SQLError.createSQLException(SQLError.java:120)
	at com.mysql.cj.jdbc.exceptions.SQLExceptionsMapping.translateException(SQLExceptionsMapping.java:122)
	at com.mysql.cj.jdbc.ConnectionImpl.createNewIO(ConnectionImpl.java:828)
	at com.mysql.cj.jdbc.ConnectionImpl.<init>(ConnectionImpl.java:448)
	at com.mysql.cj.jdbc.ConnectionImpl.getInstance(ConnectionImpl.java:241)
	at com.mysql.cj.jdbc.NonRegisteringDriver.connect(NonRegisteringDriver.java:198)
	at com.alibaba.druid.pool.DruidAbstractDataSource.createPhysicalConnection(DruidAbstractDataSource.java:1657)
	at com.alibaba.druid.pool.DruidAbstractDataSource.createPhysicalConnection(DruidAbstractDataSource.java:1723)
	at com.alibaba.druid.pool.DruidDataSource$CreateConnectionThread.run(DruidDataSource.java:2838)
2024-11-11 22:52:56,078 ERROR [Druid-ConnectionPool-Create-302687243][DruidDataSource.java:2840] - create connection SQLException, url: jdbc:mysql://192.168.101.65:3306/xc402_content148?serverTimezone=UTC&userUnicode=true&useSSL=false&, errorCode 1049, state 42000
java.sql.SQLSyntaxErrorException: Unknown database 'xc402_content148'
	at com.mysql.cj.jdbc.exceptions.SQLError.createSQLException(SQLError.java:120)
	at com.mysql.cj.jdbc.exceptions.SQLExceptionsMapping.translateException(SQLExceptionsMapping.java:122)
	at com.mysql.cj.jdbc.ConnectionImpl.createNewIO(ConnectionImpl.java:828)
	at com.mysql.cj.jdbc.ConnectionImpl.<init>(ConnectionImpl.java:448)
	at com.mysql.cj.jdbc.ConnectionImpl.getInstance(ConnectionImpl.java:241)
	at com.mysql.cj.jdbc.NonRegisteringDriver.connect(NonRegisteringDriver.java:198)
	at com.alibaba.druid.pool.DruidAbstractDataSource.createPhysicalConnection(DruidAbstractDataSource.java:1657)
	at com.alibaba.druid.pool.DruidAbstractDataSource.createPhysicalConnection(DruidAbstractDataSource.java:1723)
	at com.alibaba.druid.pool.DruidDataSource$CreateConnectionThread.run(DruidDataSource.java:2838)
2024-11-11 22:52:56,595 ERROR [Druid-ConnectionPool-Create-302687243][DruidDataSource.java:2840] - create connection SQLException, url: jdbc:mysql://192.168.101.65:3306/xc402_content148?serverTimezone=UTC&userUnicode=true&useSSL=false&, errorCode 1049, state 42000
java.sql.SQLSyntaxErrorException: Unknown database 'xc402_content148'
	at com.mysql.cj.jdbc.exceptions.SQLError.createSQLException(SQLError.java:120)
	at com.mysql.cj.jdbc.exceptions.SQLExceptionsMapping.translateException(SQLExceptionsMapping.java:122)
	at com.mysql.cj.jdbc.ConnectionImpl.createNewIO(ConnectionImpl.java:828)
	at com.mysql.cj.jdbc.ConnectionImpl.<init>(ConnectionImpl.java:448)
	at com.mysql.cj.jdbc.ConnectionImpl.getInstance(ConnectionImpl.java:241)
	at com.mysql.cj.jdbc.NonRegisteringDriver.connect(NonRegisteringDriver.java:198)
	at com.alibaba.druid.pool.DruidAbstractDataSource.createPhysicalConnection(DruidAbstractDataSource.java:1657)
	at com.alibaba.druid.pool.DruidAbstractDataSource.createPhysicalConnection(DruidAbstractDataSource.java:1723)
	at com.alibaba.druid.pool.DruidDataSource$CreateConnectionThread.run(DruidDataSource.java:2838)
2024-11-11 22:52:57,123 ERROR [Druid-ConnectionPool-Create-302687243][DruidDataSource.java:2840] - create connection SQLException, url: jdbc:mysql://192.168.101.65:3306/xc402_content148?serverTimezone=UTC&userUnicode=true&useSSL=false&, errorCode 1049, state 42000
java.sql.SQLSyntaxErrorException: Unknown database 'xc402_content148'
	at com.mysql.cj.jdbc.exceptions.SQLError.createSQLException(SQLError.java:120)
	at com.mysql.cj.jdbc.exceptions.SQLExceptionsMapping.translateException(SQLExceptionsMapping.java:122)
	at com.mysql.cj.jdbc.ConnectionImpl.createNewIO(ConnectionImpl.java:828)
	at com.mysql.cj.jdbc.ConnectionImpl.<init>(ConnectionImpl.java:448)
	at com.mysql.cj.jdbc.ConnectionImpl.getInstance(ConnectionImpl.java:241)
	at com.mysql.cj.jdbc.NonRegisteringDriver.connect(NonRegisteringDriver.java:198)
	at com.alibaba.druid.pool.DruidAbstractDataSource.createPhysicalConnection(DruidAbstractDataSource.java:1657)
	at com.alibaba.druid.pool.DruidAbstractDataSource.createPhysicalConnection(DruidAbstractDataSource.java:1723)
	at com.alibaba.druid.pool.DruidDataSource$CreateConnectionThread.run(DruidDataSource.java:2838)
